strategy,state_h1,trial_index,scenario_seed,seed_phase,seed_namespace,max_gateway_evidence,transmissions,gateway_threshold
RR,0,0,2055634816589690416,gateway_calibration,demo_baseline,783.6218830480684,135,819.5647448623124
RR,0,1,3607334779117963574,gateway_calibration,demo_baseline,695.0006423993827,122,819.5647448623124
RR,0,2,7713833625493305910,gateway_calibration,demo_baseline,748.7543797257118,134,819.5647448623124
RR,0,3,8338552192095686689,gateway_calibration,demo_baseline,634.7191717855387,114,819.5647448623124
RR,0,4,4923492914914852347,gateway_calibration,demo_baseline,702.1108679587896,130,819.5647448623124
RR,0,5,1893498813190594080,gateway_calibration,demo_baseline,717.7651790753819,133,819.5647448623124
RR,0,6,6404060021183691568,gateway_calibration,demo_baseline,616.5083103332762,140,819.5647448623124
RR,0,7,5349478700762397140,gateway_calibration,demo_baseline,714.3632696560321,132,819.5647448623124
RR,0,8,5765672330154898139,gateway_calibration,demo_baseline,637.6265083812041,118,819.5647448623124
RR,0,9,2262228374204098782,gateway_calibration,demo_baseline,600.7417540577701,134,819.5647448623124
RR,0,10,1609015955672361394,gateway_calibration,demo_baseline,559.65898841957,128,819.5647448623124
RR,0,11,6046653463684554290,gateway_calibration,demo_baseline,619.2144695098897,125,819.5647448623124
RR,0,12,7019128679698407996,gateway_calibration,demo_baseline,613.8388425105454,120,819.5647448623124
RR,0,13,1351912150168160670,gateway_calibration,demo_baseline,797.3109155286616,141,819.5647448623124
RR,0,14,2464294332412869589,gateway_calibration,demo_baseline,670.08902714535,114,819.5647448623124
RR,0,15,4342503753276446998,gateway_calibration,demo_baseline,555.7278592153723,118,819.5647448623124
RR,0,16,379158869084986000,gateway_calibration,demo_baseline,580.1982513133921,121,819.5647448623124
RR,0,17,5935981303350768235,gateway_calibration,demo_baseline,630.980160080638,134,819.5647448623124
RR,0,18,2185318680674689855,gateway_calibration,demo_baseline,737.6466196485085,139,819.5647448623124
RR,0,19,1634346937880042482,gateway_calibration,demo_baseline,769.1425719491759,129,819.5647448623124
RR,0,20,729014226661637283,gateway_calibration,demo_baseline,590.2687989942882,120,819.5647448623124
RR,0,21,6358873989595331212,gateway_calibration,demo_baseline,786.2753811194109,144,819.5647448623124
RR,0,22,2905610439615263424,gateway_calibration,demo_baseline,666.9455841468226,115,819.5647448623124
RR,0,23,6902804286631547059,gateway_calibration,demo_baseline,728.8678724664597,136,819.5647448623124
RR,0,24,5431587564302492615,gateway_calibration,demo_baseline,617.7251920113846,118,819.5647448623124
RR,0,25,4083192384850685005,gateway_calibration,demo_baseline,660.4411087563931,109,819.5647448623124
RR,0,26,5086211361343947784,gateway_calibration,demo_baseline,679.3979916050628,124,819.5647448623124
RR,0,27,6896501219313402691,gateway_calibration,demo_baseline,680.369418910372,123,819.5647448623124
RR,0,28,3957408395431913120,gateway_calibration,demo_baseline,586.4303395345569,118,819.5647448623124
RR,0,29,7750233326108153077,gateway_calibration,demo_baseline,742.9829278997563,133,819.5647448623124
RR,0,30,8185361916730343285,gateway_calibration,demo_baseline,688.0100093891517,119,819.5647448623124
RR,0,31,5442812466408549800,gateway_calibration,demo_baseline,695.4827693565809,121,819.5647448623124
RR,0,32,4977283637791910415,gateway_calibration,demo_baseline,587.6052192119979,126,819.5647448623124
RR,0,33,1261465645661323068,gateway_calibration,demo_baseline,638.2927991941468,121,819.5647448623124
RR,0,34,4555499763468647930,gateway_calibration,demo_baseline,471.4860591189557,97,819.5647448623124
RR,0,35,6641695048537596020,gateway_calibration,demo_baseline,702.9663365410581,128,819.5647448623124
RR,0,36,3520448100382193289,gateway_calibration,demo_baseline,650.6894243036248,120,819.5647448623124
RR,0,37,2987321745147489496,gateway_calibration,demo_baseline,824.0046823573466,136,819.5647448623124
RR,0,38,6001347809615517479,gateway_calibration,demo_baseline,675.2655465615483,137,819.5647448623124
RR,0,39,895885703386562204,gateway_calibration,demo_baseline,720.0578306479168,125,819.5647448623124
RR,0,40,8973438067388939631,gateway_calibration,demo_baseline,808.3911959388719,137,819.5647448623124
RR,0,41,4458368402218890528,gateway_calibration,demo_baseline,547.8754466892105,113,819.5647448623124
RR,0,42,4256516061322505388,gateway_calibration,demo_baseline,727.0033936127993,142,819.5647448623124
RR,0,43,3896890304874576648,gateway_calibration,demo_baseline,746.1863211628614,144,819.5647448623124
RR,0,44,7856708594626545741,gateway_calibration,demo_baseline,581.1482453365509,116,819.5647448623124
RR,0,45,2470487795067230357,gateway_calibration,demo_baseline,704.4032266034735,127,819.5647448623124
RR,0,46,2601806134178062465,gateway_calibration,demo_baseline,621.6633265533925,129,819.5647448623124
RR,0,47,5521078623317142848,gateway_calibration,demo_baseline,818.383826719967,136,819.5647448623124
RR,0,48,8368179629319158186,gateway_calibration,demo_baseline,698.8678688035967,137,819.5647448623124
RR,0,49,2909956294739017831,gateway_calibration,demo_baseline,760.0213720721175,127,819.5647448623124
RR,0,50,7751748217264705117,gateway_calibration,demo_baseline,623.608731150084,119,819.5647448623124
RR,0,51,9033532820884844621,gateway_calibration,demo_baseline,746.245981142371,136,819.5647448623124
RR,0,52,89120659051370842,gateway_calibration,demo_baseline,569.1057468267892,112,819.5647448623124
RR,0,53,7294825250692847244,gateway_calibration,demo_baseline,667.0542514563463,123,819.5647448623124
RR,0,54,8684730232900716085,gateway_calibration,demo_baseline,823.6082489016549,149,819.5647448623124
RR,0,55,2962688369437022743,gateway_calibration,demo_baseline,691.0689657015796,135,819.5647448623124
RR,0,56,4538973949652720332,gateway_calibration,demo_baseline,661.5156280237355,128,819.5647448623124
RR,0,57,8106679384915803515,gateway_calibration,demo_baseline,642.3262091397959,125,819.5647448623124
RR,0,58,6576487265480906681,gateway_calibration,demo_baseline,712.0824507198992,132,819.5647448623124
RR,0,59,8100421280672124744,gateway_calibration,demo_baseline,670.6444620811266,126,819.5647448623124
RR,0,60,998418713027101646,gateway_calibration,demo_baseline,603.9631799236603,112,819.5647448623124
RR,0,61,1865170860762633435,gateway_calibration,demo_baseline,706.6604992860417,139,819.5647448623124
RR,0,62,3724074446202338062,gateway_calibration,demo_baseline,683.686571472542,114,819.5647448623124
RR,0,63,5936565249395638080,gateway_calibration,demo_baseline,546.6113945901719,116,819.5647448623124
RR,0,64,2023554821999348843,gateway_calibration,demo_baseline,633.1236139533194,124,819.5647448623124
RR,0,65,7836599240388865210,gateway_calibration,demo_baseline,629.185072150839,118,819.5647448623124
RR,0,66,3615960465539769228,gateway_calibration,demo_baseline,640.2825307452814,127,819.5647448623124
RR,0,67,4217980209893039974,gateway_calibration,demo_baseline,739.7089678547019,128,819.5647448623124
RR,0,68,33032887258286693,gateway_calibration,demo_baseline,779.262410240418,144,819.5647448623124
RR,0,69,3732031440977918468,gateway_calibration,demo_baseline,755.7560852213578,121,819.5647448623124
RR,0,70,9093574443760549252,gateway_calibration,demo_baseline,754.5474214336919,129,819.5647448623124
RR,0,71,1501834115190109766,gateway_calibration,demo_baseline,649.4635339082527,113,819.5647448623124
RR,0,72,3719184208185497104,gateway_calibration,demo_baseline,727.8685710670223,130,819.5647448623124
RR,0,73,9172405772083986303,gateway_calibration,demo_baseline,594.390010604318,121,819.5647448623124
RR,0,74,5767632611189641182,gateway_calibration,demo_baseline,660.5749726885025,114,819.5647448623124
RR,0,75,5449030005287621295,gateway_calibration,demo_baseline,718.9876024731263,148,819.5647448623124
RR,0,76,3834202292530903616,gateway_calibration,demo_baseline,764.7714122014235,123,819.5647448623124
RR,0,77,8964097948973555346,gateway_calibration,demo_baseline,674.5659912939586,145,819.5647448623124
RR,0,78,7408294841758174392,gateway_calibration,demo_baseline,822.3769521592278,128,819.5647448623124
RR,0,79,928188061955059386,gateway_calibration,demo_baseline,591.4683729127885,128,819.5647448623124
RR,0,80,7485212599939073890,gateway_calibration,demo_baseline,707.6499508745699,133,819.5647448623124
RR,0,81,1716219131265037271,gateway_calibration,demo_baseline,742.4281650525048,123,819.5647448623124
RR,0,82,5531817019963298171,gateway_calibration,demo_baseline,620.0628187648489,122,819.5647448623124
RR,0,83,970208312528742400,gateway_calibration,demo_baseline,792.7965423441862,125,819.5647448623124
RR,0,84,252084858420651504,gateway_calibration,demo_baseline,614.0808084777245,121,819.5647448623124
RR,0,85,7415770412928426715,gateway_calibration,demo_baseline,546.2931695170253,121,819.5647448623124
RR,0,86,4282122932496699064,gateway_calibration,demo_baseline,586.0650528232692,116,819.5647448623124
RR,0,87,6810184368225994318,gateway_calibration,demo_baseline,667.6330754904241,136,819.5647448623124
RR,0,88,5130081572617086193,gateway_calibration,demo_baseline,725.0348957750831,125,819.5647448623124
RR,0,89,5625195383651239532,gateway_calibration,demo_baseline,658.680518451826,129,819.5647448623124
RR,0,90,1641503838487039102,gateway_calibration,demo_baseline,657.2388611726965,128,819.5647448623124
RR,0,91,5184547923624300161,gateway_calibration,demo_baseline,863.6447482092091,139,819.5647448623124
RR,0,92,4837920668210923402,gateway_calibration,demo_baseline,627.7738225903313,125,819.5647448623124
RR,0,93,7906686899072105176,gateway_calibration,demo_baseline,741.5968499964367,139,819.5647448623124
RR,0,94,8718264264291227157,gateway_calibration,demo_baseline,639.0498334858642,133,819.5647448623124
RR,0,95,2909867375378463490,gateway_calibration,demo_baseline,823.696838960297,155,819.5647448623124
RR,0,96,2352688926926992155,gateway_calibration,demo_baseline,619.9381431459351,116,819.5647448623124
RR,0,97,6290723785325713704,gateway_calibration,demo_baseline,648.3966054367355,125,819.5647448623124
RR,0,98,5566075279150096935,gateway_calibration,demo_baseline,722.3567432877226,130,819.5647448623124
RR,0,99,4716847380824538733,gateway_calibration,demo_baseline,676.2808569740561,123,819.5647448623124
RR,0,100,8470074670548149841,gateway_calibration,demo_baseline,743.3284629957624,122,819.5647448623124
RR,0,101,1503955136689001935,gateway_calibration,demo_baseline,724.3809541876747,136,819.5647448623124
RR,0,102,8794138056725432496,gateway_calibration,demo_baseline,626.9056815749077,128,819.5647448623124
RR,0,103,5632517189101638310,gateway_calibration,demo_baseline,650.9701683794373,126,819.5647448623124
RR,0,104,3602558368321647793,gateway_calibration,demo_baseline,671.0255536720176,125,819.5647448623124
RR,0,105,5698962862292753754,gateway_calibration,demo_baseline,682.2642211304732,131,819.5647448623124
RR,0,106,1791671003323245850,gateway_calibration,demo_baseline,750.2194264391414,125,819.5647448623124
RR,0,107,6722266094866388049,gateway_calibration,demo_baseline,723.4142033013142,133,819.5647448623124
RR,0,108,5587583978467980530,gateway_calibration,demo_baseline,756.7381017597033,136,819.5647448623124
RR,0,109,7887143927717219946,gateway_calibration,demo_baseline,807.4311587984498,143,819.5647448623124
RR,0,110,2896341303762984938,gateway_calibration,demo_baseline,794.701306454383,138,819.5647448623124
RR,0,111,267730272171403164,gateway_calibration,demo_baseline,818.1783711536308,140,819.5647448623124
RR,0,112,1154468146207280085,gateway_calibration,demo_baseline,822.3557855356992,143,819.5647448623124
RR,0,113,8713220142872797955,gateway_calibration,demo_baseline,948.4537524654609,139,819.5647448623124
RR,0,114,6035769166093233014,gateway_calibration,demo_baseline,713.9262897999064,125,819.5647448623124
RR,0,115,8088477600081614224,gateway_calibration,demo_baseline,622.5649007534859,127,819.5647448623124
RR,0,116,3580974877093780128,gateway_calibration,demo_baseline,645.8681347794802,123,819.5647448623124
RR,0,117,1948064735578018652,gateway_calibration,demo_baseline,663.8097436429856,142,819.5647448623124
RR,0,118,6338730338391468375,gateway_calibration,demo_baseline,621.4047468677827,108,819.5647448623124
RR,0,119,2504394808202294198,gateway_calibration,demo_baseline,640.6152858625929,112,819.5647448623124
RR,0,120,9094870760802143790,gateway_calibration,demo_baseline,753.5770711781673,129,819.5647448623124
RR,0,121,2165453835788187979,gateway_calibration,demo_baseline,731.4081891252213,156,819.5647448623124
RR,0,122,7697386509027993504,gateway_calibration,demo_baseline,677.9145042377687,131,819.5647448623124
RR,0,123,7321729774985577774,gateway_calibration,demo_baseline,641.6268757401441,128,819.5647448623124
RR,0,124,2922523129537045487,gateway_calibration,demo_baseline,702.9766371468925,133,819.5647448623124
RR,0,125,6489010471142708432,gateway_calibration,demo_baseline,732.5587002234159,129,819.5647448623124
RR,0,126,9195654259660616346,gateway_calibration,demo_baseline,607.2294900826067,123,819.5647448623124
RR,0,127,8611724581891789531,gateway_calibration,demo_baseline,689.7769365813787,121,819.5647448623124
RR,0,128,1448834313706516344,gateway_calibration,demo_baseline,833.3197860002699,148,819.5647448623124
RR,0,129,5056729092451526651,gateway_calibration,demo_baseline,657.0862643596956,104,819.5647448623124
RR,0,130,4877125099406042108,gateway_calibration,demo_baseline,816.6669844708391,129,819.5647448623124
RR,0,131,1090434710618343596,gateway_calibration,demo_baseline,747.8109020042086,145,819.5647448623124
RR,0,132,8116284168066022423,gateway_calibration,demo_baseline,620.2965610072272,113,819.5647448623124
RR,0,133,930449391265319411,gateway_calibration,demo_baseline,629.3999659231507,112,819.5647448623124
RR,0,134,2141217228029559386,gateway_calibration,demo_baseline,737.095202089052,120,819.5647448623124
RR,0,135,2937269650150477546,gateway_calibration,demo_baseline,742.1987708973553,119,819.5647448623124
RR,0,136,780340490290687418,gateway_calibration,demo_baseline,717.959038678653,139,819.5647448623124
RR,0,137,1296719366090248351,gateway_calibration,demo_baseline,925.2980878769293,149,819.5647448623124
RR,0,138,666882052239213364,gateway_calibration,demo_baseline,701.7966445409442,132,819.5647448623124
RR,0,139,5212564412431858176,gateway_calibration,demo_baseline,698.5532178461381,128,819.5647448623124
RR,0,140,7117431033678158629,gateway_calibration,demo_baseline,613.9415295479537,122,819.5647448623124
RR,0,141,8505491173785920447,gateway_calibration,demo_baseline,601.3475355001374,109,819.5647448623124
RR,0,142,3395547557400499059,gateway_calibration,demo_baseline,600.7982097116737,122,819.5647448623124
RR,0,143,8418165304890074859,gateway_calibration,demo_baseline,676.9677791336028,135,819.5647448623124
RR,0,144,2007837261655952152,gateway_calibration,demo_baseline,768.1392861686915,129,819.5647448623124
RR,0,145,8814101385134408321,gateway_calibration,demo_baseline,577.4390978501963,109,819.5647448623124
RR,0,146,5648217101265013994,gateway_calibration,demo_baseline,657.3513421381631,128,819.5647448623124
RR,0,147,1896537746564576338,gateway_calibration,demo_baseline,616.6358275532365,136,819.5647448623124
RR,0,148,9130006887677472520,gateway_calibration,demo_baseline,639.4115967096794,127,819.5647448623124
RR,0,149,1264758758955248959,gateway_calibration,demo_baseline,751.6297600042888,147,819.5647448623124
RR,0,150,4533783061701479137,gateway_calibration,demo_baseline,866.6638718228842,145,819.5647448623124
RR,0,151,1562458057317970861,gateway_calibration,demo_baseline,651.2032003243141,130,819.5647448623124
RR,0,152,8513702258583277317,gateway_calibration,demo_baseline,785.729356334389,126,819.5647448623124
RR,0,153,1853648010272200369,gateway_calibration,demo_baseline,715.5279127537223,131,819.5647448623124
RR,0,154,9007675703549560491,gateway_calibration,demo_baseline,695.8673064570614,135,819.5647448623124
RR,0,155,8356641493771588619,gateway_calibration,demo_baseline,674.6024753917739,125,819.5647448623124
RR,0,156,7171174175869190283,gateway_calibration,demo_baseline,622.3172645019047,123,819.5647448623124
RR,0,157,2467071995669151569,gateway_calibration,demo_baseline,734.6132526610633,130,819.5647448623124
RR,0,158,5235623418950632203,gateway_calibration,demo_baseline,658.2326825209957,131,819.5647448623124
RR,0,159,3752620272243293824,gateway_calibration,demo_baseline,754.2740095002085,133,819.5647448623124
RR,0,160,1031370124548554591,gateway_calibration,demo_baseline,731.5626388761532,126,819.5647448623124
RR,0,161,5230015202787046529,gateway_calibration,demo_baseline,597.2066640557969,111,819.5647448623124
RR,0,162,6845505429077249400,gateway_calibration,demo_baseline,612.1937215322571,117,819.5647448623124
RR,0,163,9149471198719621336,gateway_calibration,demo_baseline,556.4691390170276,115,819.5647448623124
RR,0,164,3077120758853083343,gateway_calibration,demo_baseline,624.9717562728459,126,819.5647448623124
RR,0,165,8283374855743112791,gateway_calibration,demo_baseline,609.4792763563928,128,819.5647448623124
RR,0,166,7749950453860740234,gateway_calibration,demo_baseline,773.0021952032798,152,819.5647448623124
RR,0,167,5983785313524945451,gateway_calibration,demo_baseline,790.6686389296603,133,819.5647448623124
RR,0,168,4791796319233176623,gateway_calibration,demo_baseline,861.628352026065,135,819.5647448623124
RR,0,169,3462974819450747024,gateway_calibration,demo_baseline,599.8065700307291,127,819.5647448623124
RR,0,170,901493326958798652,gateway_calibration,demo_baseline,697.3781776282651,126,819.5647448623124
RR,0,171,5357176178784045459,gateway_calibration,demo_baseline,660.0593157934101,125,819.5647448623124
RR,0,172,5153595201328502726,gateway_calibration,demo_baseline,674.3376371995619,129,819.5647448623124
RR,0,173,1979835884641107495,gateway_calibration,demo_baseline,591.1576410732268,126,819.5647448623124
RR,0,174,8262167455252274255,gateway_calibration,demo_baseline,640.133001021471,123,819.5647448623124
RR,0,175,4285948052699240134,gateway_calibration,demo_baseline,562.7719664657031,108,819.5647448623124
RR,0,176,6109496220389364882,gateway_calibration,demo_baseline,591.664405255481,111,819.5647448623124
RR,0,177,7552224374279538943,gateway_calibration,demo_baseline,654.0404266620061,125,819.5647448623124
RR,0,178,1728173964939092735,gateway_calibration,demo_baseline,723.1846877039952,122,819.5647448623124
RR,0,179,2650469313685312442,gateway_calibration,demo_baseline,872.9993011920658,145,819.5647448623124
RR,0,180,5718449713044953512,gateway_calibration,demo_baseline,749.3172989602854,129,819.5647448623124
RR,0,181,1492659016603241205,gateway_calibration,demo_baseline,805.6436954974292,134,819.5647448623124
RR,0,182,535247246422614058,gateway_calibration,demo_baseline,628.3837145778411,126,819.5647448623124
RR,0,183,3197788044157398014,gateway_calibration,demo_baseline,794.343330387446,141,819.5647448623124
RR,0,184,5763562862450748098,gateway_calibration,demo_baseline,582.9458502213552,105,819.5647448623124
RR,0,185,2208041371230569871,gateway_calibration,demo_baseline,594.5007118965116,127,819.5647448623124
RR,0,186,2390072761593403123,gateway_calibration,demo_baseline,638.4643122844438,115,819.5647448623124
RR,0,187,2914466717151289796,gateway_calibration,demo_baseline,651.22718599517,118,819.5647448623124
RR,0,188,6403786249146497722,gateway_calibration,demo_baseline,744.0975604122541,133,819.5647448623124
RR,0,189,4581939639143176091,gateway_calibration,demo_baseline,684.8532107398387,126,819.5647448623124
RR,0,190,5910550828980559089,gateway_calibration,demo_baseline,731.7291320134262,127,819.5647448623124
RR,0,191,7180216591584333200,gateway_calibration,demo_baseline,653.5166201607027,136,819.5647448623124
RR,0,192,7688326597820127309,gateway_calibration,demo_baseline,773.87086753576,135,819.5647448623124
RR,0,193,4031383409100757122,gateway_calibration,demo_baseline,729.1869972573237,125,819.5647448623124
RR,0,194,5501453566784150561,gateway_calibration,demo_baseline,572.1501215150406,122,819.5647448623124
RR,0,195,6680919148170186388,gateway_calibration,demo_baseline,656.6083264329985,128,819.5647448623124
RR,0,196,1580444820580270162,gateway_calibration,demo_baseline,642.5363911746183,112,819.5647448623124
RR,0,197,5092093306559848124,gateway_calibration,demo_baseline,671.5156515761822,120,819.5647448623124
RR,0,198,6548828657319071689,gateway_calibration,demo_baseline,639.0819945561793,134,819.5647448623124
RR,0,199,3782994564758821540,gateway_calibration,demo_baseline,638.2254898116295,117,819.5647448623124
RR,0,200,3316059072327410470,gateway_calibration,demo_baseline,740.7836668657308,122,819.5647448623124
RR,0,201,1344757814436651228,gateway_calibration,demo_baseline,690.3211093811057,125,819.5647448623124
RR,0,202,2321077815717790574,gateway_calibration,demo_baseline,788.1557277167054,127,819.5647448623124
RR,0,203,8460831654017076036,gateway_calibration,demo_baseline,563.5910256969411,113,819.5647448623124
RR,0,204,8486485984607597769,gateway_calibration,demo_baseline,696.3230642558362,129,819.5647448623124
RR,0,205,4695607381425377249,gateway_calibration,demo_baseline,738.6100337687,134,819.5647448623124
RR,0,206,5428342095475652627,gateway_calibration,demo_baseline,729.9768449315951,126,819.5647448623124
RR,0,207,7172690414485997889,gateway_calibration,demo_baseline,536.4661565821256,113,819.5647448623124
RR,0,208,3691891637570093883,gateway_calibration,demo_baseline,590.9960542616884,114,819.5647448623124
RR,0,209,4436702724101764042,gateway_calibration,demo_baseline,669.719659154094,125,819.5647448623124
RR,0,210,3222560079461064725,gateway_calibration,demo_baseline,707.4245573261163,121,819.5647448623124
RR,0,211,2319119475146473973,gateway_calibration,demo_baseline,778.7682352847456,135,819.5647448623124
RR,0,212,6995240845176013740,gateway_calibration,demo_baseline,610.2214768655496,127,819.5647448623124
RR,0,213,2789118765205676823,gateway_calibration,demo_baseline,591.4611688876903,121,819.5647448623124
RR,0,214,697247785311207458,gateway_calibration,demo_baseline,694.1920161472979,121,819.5647448623124
RR,0,215,5675595149331503692,gateway_calibration,demo_baseline,589.8980488804664,119,819.5647448623124
RR,0,216,6698372954764486221,gateway_calibration,demo_baseline,733.8957718633001,139,819.5647448623124
RR,0,217,6413317880313004516,gateway_calibration,demo_baseline,759.5354888336957,141,819.5647448623124
RR,0,218,4549789470635874342,gateway_calibration,demo_baseline,609.8777242975484,125,819.5647448623124
RR,0,219,3441968344298423513,gateway_calibration,demo_baseline,819.3683674336912,146,819.5647448623124
RR,0,220,5272754647303660162,gateway_calibration,demo_baseline,679.2643277969795,122,819.5647448623124
RR,0,221,7212903701010774046,gateway_calibration,demo_baseline,769.7099856806785,136,819.5647448623124
RR,0,222,4550999697970546720,gateway_calibration,demo_baseline,753.3902309627406,134,819.5647448623124
RR,0,223,1354733439140740597,gateway_calibration,demo_baseline,619.8920749313339,110,819.5647448623124
RR,0,224,6791149299697333199,gateway_calibration,demo_baseline,713.9355630268711,129,819.5647448623124
RR,0,225,880879331657749780,gateway_calibration,demo_baseline,732.900861911119,148,819.5647448623124
RR,0,226,3660022459553874876,gateway_calibration,demo_baseline,695.2969044064514,133,819.5647448623124
RR,0,227,3900288407078497057,gateway_calibration,demo_baseline,596.7912951476087,121,819.5647448623124
RR,0,228,6067471802447798553,gateway_calibration,demo_baseline,594.711028600108,111,819.5647448623124
RR,0,229,2784160761170821184,gateway_calibration,demo_baseline,687.5032651118885,138,819.5647448623124
RR,0,230,5757712658378318815,gateway_calibration,demo_baseline,577.4696795342307,117,819.5647448623124
RR,0,231,3074695837552141410,gateway_calibration,demo_baseline,701.3474703085593,129,819.5647448623124
RR,0,232,4138826186763683038,gateway_calibration,demo_baseline,581.1212255310993,121,819.5647448623124
RR,0,233,6886196601187195401,gateway_calibration,demo_baseline,647.6676097409363,133,819.5647448623124
RR,0,234,4884081372703464122,gateway_calibration,demo_baseline,836.3315564666586,144,819.5647448623124
RR,0,235,719024153553429344,gateway_calibration,demo_baseline,583.8932116648151,117,819.5647448623124
RR,0,236,252602296188566110,gateway_calibration,demo_baseline,666.8332283145065,124,819.5647448623124
RR,0,237,6788018122256288538,gateway_calibration,demo_baseline,530.9809965724562,118,819.5647448623124
RR,0,238,4291179444116555943,gateway_calibration,demo_baseline,631.4801095270053,119,819.5647448623124
RR,0,239,4970162538721022992,gateway_calibration,demo_baseline,728.867086127243,119,819.5647448623124
RR,0,240,5328828485663844829,gateway_calibration,demo_baseline,685.5887469391424,137,819.5647448623124
RR,0,241,1542934860762731847,gateway_calibration,demo_baseline,640.5363209870692,116,819.5647448623124
RR,0,242,3634154983020135166,gateway_calibration,demo_baseline,648.9933154166063,129,819.5647448623124
RR,0,243,5524906513777752305,gateway_calibration,demo_baseline,601.9808182438986,127,819.5647448623124
RR,0,244,5842857672746688499,gateway_calibration,demo_baseline,535.7961264752063,110,819.5647448623124
RR,0,245,305805400753337967,gateway_calibration,demo_baseline,640.4534259407733,118,819.5647448623124
RR,0,246,7018134088344316960,gateway_calibration,demo_baseline,715.4808943951317,125,819.5647448623124
RR,0,247,2869086283120500654,gateway_calibration,demo_baseline,900.5921372944847,149,819.5647448623124
RR,0,248,4680055240870616502,gateway_calibration,demo_baseline,868.3863137948387,146,819.5647448623124
RR,0,249,6098378821519789747,gateway_calibration,demo_baseline,644.4911983904208,137,819.5647448623124
RR,0,250,4972601797246565644,gateway_calibration,demo_baseline,575.1387458712713,117,819.5647448623124
RR,0,251,6391780147397098913,gateway_calibration,demo_baseline,576.4403261176967,126,819.5647448623124
RR,0,252,7578964232144426240,gateway_calibration,demo_baseline,697.9452993679027,133,819.5647448623124
RR,0,253,6018914585757077245,gateway_calibration,demo_baseline,562.9125236230469,118,819.5647448623124
RR,0,254,3845587679852497570,gateway_calibration,demo_baseline,679.6886636208037,122,819.5647448623124
RR,0,255,2602475194366437553,gateway_calibration,demo_baseline,610.6501890390582,135,819.5647448623124
RR,0,256,2275264091302005333,gateway_calibration,demo_baseline,732.3205332029153,123,819.5647448623124
RR,0,257,3640779419959058048,gateway_calibration,demo_baseline,654.8175757618435,114,819.5647448623124
RR,0,258,2902044101123999621,gateway_calibration,demo_baseline,690.6726534552347,122,819.5647448623124
RR,0,259,5257429146033637013,gateway_calibration,demo_baseline,630.8791173887448,126,819.5647448623124
RR,0,260,8973829787450241323,gateway_calibration,demo_baseline,741.4311426148038,137,819.5647448623124
RR,0,261,7129268194653962191,gateway_calibration,demo_baseline,880.9660236004177,132,819.5647448623124
RR,0,262,428514408067028326,gateway_calibration,demo_baseline,646.9148550761189,127,819.5647448623124
RR,0,263,450391734225179511,gateway_calibration,demo_baseline,644.6587605870928,129,819.5647448623124
RR,0,264,350498705530704675,gateway_calibration,demo_baseline,620.5252041930606,139,819.5647448623124
RR,0,265,4378452547418604548,gateway_calibration,demo_baseline,615.6421223455297,134,819.5647448623124
RR,0,266,5988273772784979859,gateway_calibration,demo_baseline,685.1015752166828,130,819.5647448623124
RR,0,267,5544912495736158303,gateway_calibration,demo_baseline,639.4172200617471,116,819.5647448623124
RR,0,268,5098983340188231714,gateway_calibration,demo_baseline,704.614434887531,137,819.5647448623124
RR,0,269,6867806209562392102,gateway_calibration,demo_baseline,702.0071099740061,127,819.5647448623124
RR,0,270,4157858621481595890,gateway_calibration,demo_baseline,746.7897717973563,130,819.5647448623124
RR,0,271,7345984190921269327,gateway_calibration,demo_baseline,690.4547639960947,134,819.5647448623124
RR,0,272,5013036556916261516,gateway_calibration,demo_baseline,618.8650083683067,124,819.5647448623124
RR,0,273,561440655495539705,gateway_calibration,demo_baseline,666.9783612916768,132,819.5647448623124
RR,0,274,6779705026307672384,gateway_calibration,demo_baseline,645.1607344652629,118,819.5647448623124
RR,0,275,779178054385578192,gateway_calibration,demo_baseline,572.8481713063649,117,819.5647448623124
RR,0,276,6114476395763125383,gateway_calibration,demo_baseline,645.713296716443,113,819.5647448623124
RR,0,277,460083724416504224,gateway_calibration,demo_baseline,651.0192857097782,129,819.5647448623124
RR,0,278,6205406773791553667,gateway_calibration,demo_baseline,599.2480798597445,128,819.5647448623124
RR,0,279,1836505491902505730,gateway_calibration,demo_baseline,655.5172522799637,125,819.5647448623124
RR,0,280,8454988613192551411,gateway_calibration,demo_baseline,545.8793858269628,109,819.5647448623124
RR,0,281,8504606176565967006,gateway_calibration,demo_baseline,723.6254345206021,118,819.5647448623124
RR,0,282,4821643787131606462,gateway_calibration,demo_baseline,612.9394716783347,124,819.5647448623124
RR,0,283,9085083802316209906,gateway_calibration,demo_baseline,669.3428583640565,128,819.5647448623124
RR,0,284,8872492030795481288,gateway_calibration,demo_baseline,686.5891816498092,117,819.5647448623124
RR,0,285,2739018806302587920,gateway_calibration,demo_baseline,796.6264682150244,119,819.5647448623124
RR,0,286,3540807549326518159,gateway_calibration,demo_baseline,586.9847403364598,116,819.5647448623124
RR,0,287,7983042736948422457,gateway_calibration,demo_baseline,569.7706821907663,120,819.5647448623124
RR,0,288,5670882936725039033,gateway_calibration,demo_baseline,626.4524460650866,132,819.5647448623124
RR,0,289,6096481600158611253,gateway_calibration,demo_baseline,749.1034158758868,126,819.5647448623124
RR,0,290,5071213621213276124,gateway_calibration,demo_baseline,689.9685880039876,133,819.5647448623124
RR,0,291,8520148192215515609,gateway_calibration,demo_baseline,582.9718946061782,123,819.5647448623124
RR,0,292,2181909951561122201,gateway_calibration,demo_baseline,591.2289573461312,131,819.5647448623124
RR,0,293,4940352122218269506,gateway_calibration,demo_baseline,553.7024774312969,117,819.5647448623124
RR,0,294,3900267518904945756,gateway_calibration,demo_baseline,642.1509830729299,117,819.5647448623124
RR,0,295,4945420140145470658,gateway_calibration,demo_baseline,574.0262689267317,125,819.5647448623124
RR,0,296,6180800711208425053,gateway_calibration,demo_baseline,709.2038596136277,124,819.5647448623124
RR,0,297,3354414107971633176,gateway_calibration,demo_baseline,777.888940259745,141,819.5647448623124
RR,0,298,3953975775739114465,gateway_calibration,demo_baseline,792.7900916835666,137,819.5647448623124
RR,0,299,2908575211460700387,gateway_calibration,demo_baseline,670.3892785341942,121,819.5647448623124
RR,0,300,4903836877864497610,gateway_calibration,demo_baseline,562.4530535481492,115,819.5647448623124
RR,0,301,7386532159595912488,gateway_calibration,demo_baseline,675.7157694812058,147,819.5647448623124
RR,0,302,8388782213872284398,gateway_calibration,demo_baseline,852.5230897166297,129,819.5647448623124
RR,0,303,1393144012727543054,gateway_calibration,demo_baseline,819.5045075413823,143,819.5647448623124
RR,0,304,4082012189141427233,gateway_calibration,demo_baseline,785.145089633125,123,819.5647448623124
RR,0,305,4459480656772073610,gateway_calibration,demo_baseline,631.669367503015,134,819.5647448623124
RR,0,306,609008095321826344,gateway_calibration,demo_baseline,593.944363776729,110,819.5647448623124
RR,0,307,1297164830418504831,gateway_calibration,demo_baseline,627.0758041420619,118,819.5647448623124
RR,0,308,4196072016588728129,gateway_calibration,demo_baseline,549.141859459196,123,819.5647448623124
RR,0,309,6700343629402215996,gateway_calibration,demo_baseline,829.3299965486855,119,819.5647448623124
RR,0,310,5107923137872779465,gateway_calibration,demo_baseline,678.2423283026386,131,819.5647448623124
RR,0,311,1448018169069134656,gateway_calibration,demo_baseline,688.6849686415981,131,819.5647448623124
RR,0,312,7175041462103168150,gateway_calibration,demo_baseline,711.1129858877033,117,819.5647448623124
RR,0,313,7644539591089005185,gateway_calibration,demo_baseline,621.259681108739,106,819.5647448623124
RR,0,314,917104345426733412,gateway_calibration,demo_baseline,743.7049503264913,128,819.5647448623124
RR,0,315,3315832376715362197,gateway_calibration,demo_baseline,706.084890840464,123,819.5647448623124
RR,0,316,4771888824917196380,gateway_calibration,demo_baseline,712.2718543834501,138,819.5647448623124
RR,0,317,2904422162266789077,gateway_calibration,demo_baseline,682.7812230890847,133,819.5647448623124
RR,0,318,4875377637415319469,gateway_calibration,demo_baseline,587.7042880906115,116,819.5647448623124
RR,0,319,1896034548771775694,gateway_calibration,demo_baseline,735.157955653266,124,819.5647448623124
RR,0,320,9153008683854582890,gateway_calibration,demo_baseline,700.0980966244608,137,819.5647448623124
RR,0,321,7252447629751555030,gateway_calibration,demo_baseline,663.185482315818,112,819.5647448623124
RR,0,322,4896834891793189394,gateway_calibration,demo_baseline,679.2890534277694,128,819.5647448623124
RR,0,323,2563376768114063369,gateway_calibration,demo_baseline,556.7880330681214,121,819.5647448623124
RR,0,324,5779284534882356502,gateway_calibration,demo_baseline,579.1317155418504,119,819.5647448623124
RR,0,325,2334793133521143723,gateway_calibration,demo_baseline,726.0921736275052,133,819.5647448623124
RR,0,326,6619181468482370868,gateway_calibration,demo_baseline,669.6603247656417,122,819.5647448623124
RR,0,327,395168661834813690,gateway_calibration,demo_baseline,702.8313033256935,132,819.5647448623124
RR,0,328,991261643617793863,gateway_calibration,demo_baseline,703.8254652222583,119,819.5647448623124
RR,0,329,6267830003410274534,gateway_calibration,demo_baseline,646.8718628411034,120,819.5647448623124
RR,0,330,956203288752655240,gateway_calibration,demo_baseline,830.7380829641656,142,819.5647448623124
RR,0,331,8138790618057904739,gateway_calibration,demo_baseline,662.225361367406,121,819.5647448623124
RR,0,332,5725046464854504231,gateway_calibration,demo_baseline,675.9095510964552,135,819.5647448623124
RR,0,333,748030304180828546,gateway_calibration,demo_baseline,599.2491067823653,126,819.5647448623124
RR,0,334,1330382898056134379,gateway_calibration,demo_baseline,649.4750344562564,127,819.5647448623124
RR,0,335,922434892680131968,gateway_calibration,demo_baseline,606.3044843359419,118,819.5647448623124
RR,0,336,435989896948632755,gateway_calibration,demo_baseline,589.6853415131998,120,819.5647448623124
RR,0,337,732747586885455818,gateway_calibration,demo_baseline,702.9501251824058,126,819.5647448623124
RR,0,338,970222675320468132,gateway_calibration,demo_baseline,666.8524260059504,130,819.5647448623124
RR,0,339,2946774876452087043,gateway_calibration,demo_baseline,745.9825556210446,126,819.5647448623124
RR,0,340,5221103150038829266,gateway_calibration,demo_baseline,626.9024280179624,129,819.5647448623124
RR,0,341,5287879766628392898,gateway_calibration,demo_baseline,577.4734963835732,124,819.5647448623124
RR,0,342,8841166382583490764,gateway_calibration,demo_baseline,679.5902259474001,134,819.5647448623124
RR,0,343,2807605648125254114,gateway_calibration,demo_baseline,772.9458003177367,131,819.5647448623124
RR,0,344,724669813920044435,gateway_calibration,demo_baseline,593.9114272946842,135,819.5647448623124
RR,0,345,9193719868289399879,gateway_calibration,demo_baseline,590.3394335384246,118,819.5647448623124
RR,0,346,2168380945468024933,gateway_calibration,demo_baseline,680.5061887638664,133,819.5647448623124
RR,0,347,5644094711441532724,gateway_calibration,demo_baseline,688.1133737933873,117,819.5647448623124
RR,0,348,1527533214736082302,gateway_calibration,demo_baseline,656.3959751353368,122,819.5647448623124
RR,0,349,6808820829508605033,gateway_calibration,demo_baseline,574.1012681987448,117,819.5647448623124
RR,0,350,4630569217714926362,gateway_calibration,demo_baseline,656.6523447014283,117,819.5647448623124
RR,0,351,7362933335203040786,gateway_calibration,demo_baseline,640.8458076133757,116,819.5647448623124
RR,0,352,4509939136455276937,gateway_calibration,demo_baseline,844.9483938137698,121,819.5647448623124
RR,0,353,7539434944588084881,gateway_calibration,demo_baseline,656.6382823628081,115,819.5647448623124
RR,0,354,7220436068502809269,gateway_calibration,demo_baseline,681.2878983762408,123,819.5647448623124
RR,0,355,4961484306601340854,gateway_calibration,demo_baseline,719.2512167692371,130,819.5647448623124
RR,0,356,5598817859350072359,gateway_calibration,demo_baseline,627.5592357691235,123,819.5647448623124
RR,0,357,4635734721926039829,gateway_calibration,demo_baseline,756.6668361341891,144,819.5647448623124
RR,0,358,5503454618308885033,gateway_calibration,demo_baseline,672.460230368224,131,819.5647448623124
RR,0,359,2070120615290398061,gateway_calibration,demo_baseline,757.305239500025,127,819.5647448623124
RR,0,360,6790344497697508775,gateway_calibration,demo_baseline,564.2577696076296,110,819.5647448623124
RR,0,361,6133402451080802469,gateway_calibration,demo_baseline,681.1511750654146,134,819.5647448623124
RR,0,362,5483969997155994674,gateway_calibration,demo_baseline,589.787127710608,113,819.5647448623124
RR,0,363,7744797564353800551,gateway_calibration,demo_baseline,750.1645705042376,137,819.5647448623124
RR,0,364,9207804563799566767,gateway_calibration,demo_baseline,672.8371431101398,134,819.5647448623124
RR,0,365,8403725493006344235,gateway_calibration,demo_baseline,814.1129732013351,141,819.5647448623124
RR,0,366,2299962493237537829,gateway_calibration,demo_baseline,538.0607712682488,116,819.5647448623124
RR,0,367,7898974677071222241,gateway_calibration,demo_baseline,658.0635295425739,118,819.5647448623124
RR,0,368,920256185645332992,gateway_calibration,demo_baseline,578.7712921359521,123,819.5647448623124
RR,0,369,5652211910218317312,gateway_calibration,demo_baseline,688.7800234188167,118,819.5647448623124
RR,0,370,557983661327952205,gateway_calibration,demo_baseline,739.8384617181724,130,819.5647448623124
RR,0,371,180584038616361606,gateway_calibration,demo_baseline,693.8632884698761,134,819.5647448623124
RR,0,372,2118672259348573123,gateway_calibration,demo_baseline,556.7393498767948,121,819.5647448623124
RR,0,373,946633376190957525,gateway_calibration,demo_baseline,667.3517521706947,142,819.5647448623124
RR,0,374,7776809035172248507,gateway_calibration,demo_baseline,577.3777044159244,126,819.5647448623124
RR,0,375,5057011340481149981,gateway_calibration,demo_baseline,679.5344130164813,151,819.5647448623124
RR,0,376,902434670177957540,gateway_calibration,demo_baseline,586.0483114261733,122,819.5647448623124
RR,0,377,4687519138820340824,gateway_calibration,demo_baseline,715.2481747042408,134,819.5647448623124
RR,0,378,7918182370573786192,gateway_calibration,demo_baseline,722.6340427678905,145,819.5647448623124
RR,0,379,8516539765133230055,gateway_calibration,demo_baseline,597.4798115079353,117,819.5647448623124
RR,0,380,4035639091346989370,gateway_calibration,demo_baseline,613.9236294170639,115,819.5647448623124
RR,0,381,2957568317347461173,gateway_calibration,demo_baseline,528.8507933130089,101,819.5647448623124
RR,0,382,5831424299688710136,gateway_calibration,demo_baseline,598.6470045334661,113,819.5647448623124
RR,0,383,4235982032803122987,gateway_calibration,demo_baseline,606.8950668383179,125,819.5647448623124
RR,0,384,5242466503248424189,gateway_calibration,demo_baseline,584.0541857020438,127,819.5647448623124
RR,0,385,3042607602535236789,gateway_calibration,demo_baseline,733.6372609525973,127,819.5647448623124
RR,0,386,6424264480576259736,gateway_calibration,demo_baseline,735.2407375488023,146,819.5647448623124
RR,0,387,7139525916892896697,gateway_calibration,demo_baseline,650.883363505312,137,819.5647448623124
RR,0,388,2871018290243345934,gateway_calibration,demo_baseline,724.101502626294,133,819.5647448623124
RR,0,389,5080549358270517873,gateway_calibration,demo_baseline,759.649403194104,127,819.5647448623124
RR,0,390,7730788428094880734,gateway_calibration,demo_baseline,623.3886967879153,130,819.5647448623124
RR,0,391,8706338493536665682,gateway_calibration,demo_baseline,656.8308711700165,113,819.5647448623124
RR,0,392,3437775412588874482,gateway_calibration,demo_baseline,771.0500290995188,141,819.5647448623124
RR,0,393,4369312152269912725,gateway_calibration,demo_baseline,728.5419485831617,118,819.5647448623124
RR,0,394,5566569744910271595,gateway_calibration,demo_baseline,706.5011323909009,109,819.5647448623124
RR,0,395,4972619668235336560,gateway_calibration,demo_baseline,760.190233120057,152,819.5647448623124
RR,0,396,6595541786026754683,gateway_calibration,demo_baseline,625.924611826572,107,819.5647448623124
RR,0,397,5201339619156383885,gateway_calibration,demo_baseline,770.8364486711578,131,819.5647448623124
RR,0,398,3244040589457057022,gateway_calibration,demo_baseline,816.9682788823397,123,819.5647448623124
RR,0,399,4644508086910420523,gateway_calibration,demo_baseline,702.2738157221347,134,819.5647448623124
RR,0,400,7841031463629179394,gateway_calibration,demo_baseline,658.8922594781753,107,819.5647448623124
RR,0,401,8232982785784579773,gateway_calibration,demo_baseline,609.8669046372418,122,819.5647448623124
RR,0,402,7907632682065280681,gateway_calibration,demo_baseline,576.7961031816949,102,819.5647448623124
RR,0,403,5531104558922077189,gateway_calibration,demo_baseline,825.146571854198,128,819.5647448623124
RR,0,404,7072327432529441300,gateway_calibration,demo_baseline,660.8993901749666,103,819.5647448623124
RR,0,405,353413172966867111,gateway_calibration,demo_baseline,698.5831681691234,125,819.5647448623124
RR,0,406,8511684322371021722,gateway_calibration,demo_baseline,683.3076543714876,123,819.5647448623124
RR,0,407,7411813376519884947,gateway_calibration,demo_baseline,543.5514059688292,113,819.5647448623124
RR,0,408,8201897029142939318,gateway_calibration,demo_baseline,754.146157324485,138,819.5647448623124
RR,0,409,447532563830983735,gateway_calibration,demo_baseline,604.5452136054405,120,819.5647448623124
RR,0,410,41705391021795322,gateway_calibration,demo_baseline,613.155529873438,126,819.5647448623124
RR,0,411,3904513214821619643,gateway_calibration,demo_baseline,570.6002111954308,111,819.5647448623124
RR,0,412,6671949155609610360,gateway_calibration,demo_baseline,741.9614938267645,120,819.5647448623124
RR,0,413,8075490353849575194,gateway_calibration,demo_baseline,716.6436482574622,132,819.5647448623124
RR,0,414,8218828291617039034,gateway_calibration,demo_baseline,707.0626687852769,129,819.5647448623124
RR,0,415,599174778557199927,gateway_calibration,demo_baseline,728.1454962507697,135,819.5647448623124
RR,0,416,5843918754888924036,gateway_calibration,demo_baseline,674.8005239496204,135,819.5647448623124
RR,0,417,5240082086452834136,gateway_calibration,demo_baseline,679.0326176566593,134,819.5647448623124
RR,0,418,6084862542806147362,gateway_calibration,demo_baseline,639.0162322136641,116,819.5647448623124
RR,0,419,8697155797407714169,gateway_calibration,demo_baseline,688.1729119280882,126,819.5647448623124
RR,0,420,2146258153113331986,gateway_calibration,demo_baseline,548.7695143879403,113,819.5647448623124
RR,0,421,851636477210941311,gateway_calibration,demo_baseline,610.9320293576739,109,819.5647448623124
RR,0,422,8463155567722574954,gateway_calibration,demo_baseline,688.3591358534245,140,819.5647448623124
RR,0,423,60998527403926093,gateway_calibration,demo_baseline,753.6262325693382,123,819.5647448623124
RR,0,424,6560111182898924621,gateway_calibration,demo_baseline,719.1084328185283,124,819.5647448623124
RR,0,425,7548447290821208737,gateway_calibration,demo_baseline,578.6570778962932,127,819.5647448623124
RR,0,426,6972812532810471335,gateway_calibration,demo_baseline,634.7672413885516,131,819.5647448623124
RR,0,427,2456172798974502375,gateway_calibration,demo_baseline,719.7692530902043,143,819.5647448623124
RR,0,428,2764345702009170261,gateway_calibration,demo_baseline,798.7116854405893,124,819.5647448623124
RR,0,429,7824580649061692102,gateway_calibration,demo_baseline,597.7696617833262,122,819.5647448623124
RR,0,430,8204465112937938465,gateway_calibration,demo_baseline,725.5892669127933,137,819.5647448623124
RR,0,431,3272814857496890456,gateway_calibration,demo_baseline,826.1541727793215,140,819.5647448623124
RR,0,432,6108293578492825917,gateway_calibration,demo_baseline,650.3882174283015,128,819.5647448623124
RR,0,433,6044441302596166590,gateway_calibration,demo_baseline,651.7090207087111,125,819.5647448623124
RR,0,434,8033833667278283228,gateway_calibration,demo_baseline,463.0424278333346,106,819.5647448623124
RR,0,435,2298543305245125093,gateway_calibration,demo_baseline,829.3936633157198,139,819.5647448623124
RR,0,436,8372065226837947331,gateway_calibration,demo_baseline,724.2537904429566,129,819.5647448623124
RR,0,437,2851940333479933933,gateway_calibration,demo_baseline,711.4709970122065,138,819.5647448623124
RR,0,438,4783449089297395009,gateway_calibration,demo_baseline,817.0610844542487,145,819.5647448623124
RR,0,439,147866360773237474,gateway_calibration,demo_baseline,632.6506938523637,121,819.5647448623124
RR,0,440,8901439967527660346,gateway_calibration,demo_baseline,917.7134948916668,157,819.5647448623124
RR,0,441,2792232151273404527,gateway_calibration,demo_baseline,647.6800972554511,123,819.5647448623124
RR,0,442,382613022610398154,gateway_calibration,demo_baseline,643.1133343249296,109,819.5647448623124
RR,0,443,171228715638799319,gateway_calibration,demo_baseline,604.5450105794197,116,819.5647448623124
RR,0,444,8571593497970036836,gateway_calibration,demo_baseline,707.9761032419688,132,819.5647448623124
RR,0,445,4366849703295644533,gateway_calibration,demo_baseline,680.4372226021392,126,819.5647448623124
RR,0,446,6782997397502995722,gateway_calibration,demo_baseline,637.2467140503771,108,819.5647448623124
RR,0,447,7917843585078365999,gateway_calibration,demo_baseline,635.3379841035277,124,819.5647448623124
RR,0,448,2812367788688793005,gateway_calibration,demo_baseline,690.8132287782717,125,819.5647448623124
RR,0,449,7493121710195197254,gateway_calibration,demo_baseline,693.8670162791984,138,819.5647448623124
RR,0,450,6030005951941056987,gateway_calibration,demo_baseline,702.81890643923,131,819.5647448623124
RR,0,451,8664064992866167798,gateway_calibration,demo_baseline,705.9088032473792,110,819.5647448623124
RR,0,452,6153711295301895373,gateway_calibration,demo_baseline,726.5915015787473,130,819.5647448623124
RR,0,453,6140452652400077667,gateway_calibration,demo_baseline,559.0332825013762,118,819.5647448623124
RR,0,454,2362028261146403341,gateway_calibration,demo_baseline,612.6945003574933,126,819.5647448623124
RR,0,455,1527659212651131902,gateway_calibration,demo_baseline,647.6931634165924,118,819.5647448623124
RR,0,456,6965586418758067723,gateway_calibration,demo_baseline,714.8381987762978,130,819.5647448623124
RR,0,457,2328705157365786058,gateway_calibration,demo_baseline,730.4877922520739,133,819.5647448623124
RR,0,458,8627453351209006728,gateway_calibration,demo_baseline,540.8327805326076,131,819.5647448623124
RR,0,459,6762091561199013355,gateway_calibration,demo_baseline,667.0278787211321,137,819.5647448623124
RR,0,460,35797407215450159,gateway_calibration,demo_baseline,597.1868780707644,133,819.5647448623124
RR,0,461,8996018168165991940,gateway_calibration,demo_baseline,584.4593174358428,119,819.5647448623124
RR,0,462,4161649660130098159,gateway_calibration,demo_baseline,662.3796875816548,123,819.5647448623124
RR,0,463,3125315802730219311,gateway_calibration,demo_baseline,672.3021429663611,123,819.5647448623124
RR,0,464,4730919350998797823,gateway_calibration,demo_baseline,814.0758920233843,142,819.5647448623124
RR,0,465,5887417048678105037,gateway_calibration,demo_baseline,717.3942713953592,132,819.5647448623124
RR,0,466,8006249585052249909,gateway_calibration,demo_baseline,732.788006902323,137,819.5647448623124
RR,0,467,4262993223147639821,gateway_calibration,demo_baseline,720.6846468404241,121,819.5647448623124
RR,0,468,8569733994700730179,gateway_calibration,demo_baseline,740.7216059220918,151,819.5647448623124
RR,0,469,7621568008776433648,gateway_calibration,demo_baseline,656.5153581942265,132,819.5647448623124
RR,0,470,3590273536499534933,gateway_calibration,demo_baseline,739.1687769206983,136,819.5647448623124
RR,0,471,8470413163135638497,gateway_calibration,demo_baseline,768.71896372915,141,819.5647448623124
RR,0,472,5206952050406431112,gateway_calibration,demo_baseline,782.4918833151829,128,819.5647448623124
RR,0,473,3773574963963210045,gateway_calibration,demo_baseline,790.4155097485078,145,819.5647448623124
RR,0,474,4982811183350980889,gateway_calibration,demo_baseline,581.3347736053421,123,819.5647448623124
RR,0,475,6581002148410550314,gateway_calibration,demo_baseline,726.6855954472255,117,819.5647448623124
RR,0,476,8597790491737484183,gateway_calibration,demo_baseline,797.7973803751811,135,819.5647448623124
RR,0,477,7534454940188095949,gateway_calibration,demo_baseline,755.1237056058835,148,819.5647448623124
RR,0,478,6416668087006220254,gateway_calibration,demo_baseline,686.8269741606239,124,819.5647448623124
RR,0,479,4940910680809164190,gateway_calibration,demo_baseline,681.8213643922014,139,819.5647448623124
RR,0,480,1806148972349122469,gateway_calibration,demo_baseline,604.1712430859889,128,819.5647448623124
RR,0,481,7776131003424588158,gateway_calibration,demo_baseline,595.5803634160594,118,819.5647448623124
RR,0,482,2055160029094189052,gateway_calibration,demo_baseline,725.1071194297053,126,819.5647448623124
RR,0,483,3298190011564141354,gateway_calibration,demo_baseline,728.605883356716,126,819.5647448623124
RR,0,484,29695539571563089,gateway_calibration,demo_baseline,777.5016184858392,127,819.5647448623124
RR,0,485,5042743844161026951,gateway_calibration,demo_baseline,617.6658273221313,129,819.5647448623124
RR,0,486,2795319694385841020,gateway_calibration,demo_baseline,702.8400711291059,133,819.5647448623124
RR,0,487,8816817220155134833,gateway_calibration,demo_baseline,681.295755166451,133,819.5647448623124
RR,0,488,5981385468962749063,gateway_calibration,demo_baseline,629.1857414609839,113,819.5647448623124
RR,0,489,7408978145346011316,gateway_calibration,demo_baseline,635.2518676089373,129,819.5647448623124
RR,0,490,2833281994398575940,gateway_calibration,demo_baseline,720.8568134702269,127,819.5647448623124
RR,0,491,6210581441769880254,gateway_calibration,demo_baseline,698.9741569997684,125,819.5647448623124
RR,0,492,6615887561044460182,gateway_calibration,demo_baseline,676.0718488375145,109,819.5647448623124
RR,0,493,6008584654636874900,gateway_calibration,demo_baseline,593.8044556088885,111,819.5647448623124
RR,0,494,3094690860868853496,gateway_calibration,demo_baseline,698.9691566760605,136,819.5647448623124
RR,0,495,7572989369574107161,gateway_calibration,demo_baseline,731.0477575702691,117,819.5647448623124
RR,0,496,7572123636788302563,gateway_calibration,demo_baseline,566.6756000362243,121,819.5647448623124
RR,0,497,4189259063814042139,gateway_calibration,demo_baseline,670.279388099727,123,819.5647448623124
RR,0,498,6064742676076659068,gateway_calibration,demo_baseline,614.0366336277814,93,819.5647448623124
RR,0,499,9106443140527364840,gateway_calibration,demo_baseline,759.8081706560868,124,819.5647448623124
RR,0,500,7192130802264006437,gateway_calibration,demo_baseline,661.0037409283447,122,819.5647448623124
RR,0,501,7906067921485088106,gateway_calibration,demo_baseline,539.9832683102659,119,819.5647448623124
RR,0,502,6324115075406578096,gateway_calibration,demo_baseline,672.487590758215,132,819.5647448623124
RR,0,503,9199354083108179081,gateway_calibration,demo_baseline,672.5728240136937,114,819.5647448623124
RR,0,504,7653205185923944873,gateway_calibration,demo_baseline,681.8534806092223,112,819.5647448623124
RR,0,505,4751973178245369784,gateway_calibration,demo_baseline,928.2047054344786,130,819.5647448623124
RR,0,506,8065901430543508112,gateway_calibration,demo_baseline,709.9011057884871,115,819.5647448623124
RR,0,507,4390491947076221661,gateway_calibration,demo_baseline,856.0418434549083,138,819.5647448623124
RR,0,508,1179744425269559203,gateway_calibration,demo_baseline,763.9629081539117,133,819.5647448623124
RR,0,509,6463443496566560909,gateway_calibration,demo_baseline,767.0389056745195,152,819.5647448623124
RR,0,510,4489109858506601012,gateway_calibration,demo_baseline,705.3182327493209,130,819.5647448623124
RR,0,511,4712045036922454101,gateway_calibration,demo_baseline,762.308776273393,134,819.5647448623124
RR,0,512,1463589755863370359,gateway_calibration,demo_baseline,609.9812452427166,122,819.5647448623124
RR,0,513,1248266359456671663,gateway_calibration,demo_baseline,837.2464966791351,133,819.5647448623124
RR,0,514,8233591727716235125,gateway_calibration,demo_baseline,686.6943300851029,134,819.5647448623124
RR,0,515,5259196999686604042,gateway_calibration,demo_baseline,647.243412302872,121,819.5647448623124
RR,0,516,7601904480688995645,gateway_calibration,demo_baseline,686.021392648127,131,819.5647448623124
RR,0,517,4600939623023196783,gateway_calibration,demo_baseline,778.1347464882087,131,819.5647448623124
RR,0,518,2448925168223878728,gateway_calibration,demo_baseline,608.1141388081263,127,819.5647448623124
RR,0,519,7299976319061914519,gateway_calibration,demo_baseline,626.7139434471313,115,819.5647448623124
RR,0,520,6639245151683131536,gateway_calibration,demo_baseline,723.3741257862622,121,819.5647448623124
RR,0,521,2232325706145358649,gateway_calibration,demo_baseline,610.5656965545006,118,819.5647448623124
RR,0,522,5125992570090116897,gateway_calibration,demo_baseline,631.2632068326631,125,819.5647448623124
RR,0,523,5539683304786605427,gateway_calibration,demo_baseline,578.5584005650157,112,819.5647448623124
RR,0,524,3197689640958405456,gateway_calibration,demo_baseline,670.1247270013744,146,819.5647448623124
RR,0,525,8654827231394119713,gateway_calibration,demo_baseline,589.1150177224578,131,819.5647448623124
RR,0,526,864314526961113728,gateway_calibration,demo_baseline,626.8061290588994,130,819.5647448623124
RR,0,527,4472936188462302672,gateway_calibration,demo_baseline,649.2605136465198,127,819.5647448623124
RR,0,528,7800678365891270390,gateway_calibration,demo_baseline,637.6226115961575,139,819.5647448623124
RR,0,529,5259342878465507969,gateway_calibration,demo_baseline,710.3498912191749,135,819.5647448623124
RR,0,530,748123360635627137,gateway_calibration,demo_baseline,679.6028316382271,146,819.5647448623124
RR,0,531,306740691958866285,gateway_calibration,demo_baseline,822.3691887520793,141,819.5647448623124
RR,0,532,6992667392093415208,gateway_calibration,demo_baseline,547.2843670885006,111,819.5647448623124
RR,0,533,263304468826651882,gateway_calibration,demo_baseline,738.9593067931639,130,819.5647448623124
RR,0,534,985792788729623295,gateway_calibration,demo_baseline,878.5464442265555,141,819.5647448623124
RR,0,535,1564878499909062207,gateway_calibration,demo_baseline,842.0325946214772,136,819.5647448623124
RR,0,536,4561088536541918276,gateway_calibration,demo_baseline,707.6133250596456,149,819.5647448623124
RR,0,537,6356466364262305547,gateway_calibration,demo_baseline,679.6453461287348,124,819.5647448623124
RR,0,538,370546559869579982,gateway_calibration,demo_baseline,858.667810392232,124,819.5647448623124
RR,0,539,6369608651350352302,gateway_calibration,demo_baseline,702.6640332047625,131,819.5647448623124
RR,0,540,699744622844854070,gateway_calibration,demo_baseline,624.8388285863853,126,819.5647448623124
RR,0,541,3036134708187091858,gateway_calibration,demo_baseline,775.069630082101,137,819.5647448623124
RR,0,542,1909649522894979331,gateway_calibration,demo_baseline,596.2279580490755,117,819.5647448623124
RR,0,543,145756241710540502,gateway_calibration,demo_baseline,576.4190522346237,115,819.5647448623124
RR,0,544,6912533793343443143,gateway_calibration,demo_baseline,577.1820242098883,109,819.5647448623124
RR,0,545,3008357349614872046,gateway_calibration,demo_baseline,636.603109028779,114,819.5647448623124
RR,0,546,218842538947990085,gateway_calibration,demo_baseline,728.025741530534,129,819.5647448623124
RR,0,547,1838907534049701299,gateway_calibration,demo_baseline,770.760942506698,138,819.5647448623124
RR,0,548,6208104473054468875,gateway_calibration,demo_baseline,641.6369018586232,109,819.5647448623124
RR,0,549,420470534539047797,gateway_calibration,demo_baseline,663.5400603383948,130,819.5647448623124
RR,0,550,8670605028019118986,gateway_calibration,demo_baseline,617.546716822659,111,819.5647448623124
RR,0,551,8016369706440213235,gateway_calibration,demo_baseline,713.395196743274,140,819.5647448623124
RR,0,552,3869173137741904368,gateway_calibration,demo_baseline,585.4581474993837,110,819.5647448623124
RR,0,553,8471169506832060891,gateway_calibration,demo_baseline,687.0036158035166,119,819.5647448623124
RR,0,554,7359999990408029549,gateway_calibration,demo_baseline,685.1783883355126,129,819.5647448623124
RR,0,555,1270941997801414777,gateway_calibration,demo_baseline,728.229030519117,152,819.5647448623124
RR,0,556,2383984921856361724,gateway_calibration,demo_baseline,637.6688111719237,123,819.5647448623124
RR,0,557,8756795139792287802,gateway_calibration,demo_baseline,630.3229681885206,120,819.5647448623124
RR,0,558,9112300291488982306,gateway_calibration,demo_baseline,797.3894398946153,142,819.5647448623124
RR,0,559,4902637202460358133,gateway_calibration,demo_baseline,703.5905199357477,125,819.5647448623124
RR,0,560,2977530797414928868,gateway_calibration,demo_baseline,697.3480205712488,139,819.5647448623124
RR,0,561,4332002598573006948,gateway_calibration,demo_baseline,596.6955700284142,119,819.5647448623124
RR,0,562,7097258984763576476,gateway_calibration,demo_baseline,549.756633102398,101,819.5647448623124
RR,0,563,5276821758919762519,gateway_calibration,demo_baseline,752.8659469865373,128,819.5647448623124
RR,0,564,1314861126560299641,gateway_calibration,demo_baseline,601.9477469282709,132,819.5647448623124
RR,0,565,7704586901152592267,gateway_calibration,demo_baseline,705.1402430738556,134,819.5647448623124
RR,0,566,1751559317247738340,gateway_calibration,demo_baseline,715.2731551554406,122,819.5647448623124
RR,0,567,6684786183629429154,gateway_calibration,demo_baseline,796.984492362876,134,819.5647448623124
RR,0,568,213585452057901647,gateway_calibration,demo_baseline,631.8617175348686,119,819.5647448623124
RR,0,569,4448820282277422371,gateway_calibration,demo_baseline,817.5671019498114,135,819.5647448623124
RR,0,570,1581145154481063793,gateway_calibration,demo_baseline,787.5487456445449,135,819.5647448623124
RR,0,571,7003285067998750523,gateway_calibration,demo_baseline,580.6724963647393,119,819.5647448623124
RR,0,572,4180746241776630455,gateway_calibration,demo_baseline,712.4849494035007,123,819.5647448623124
RR,0,573,7773909632959900553,gateway_calibration,demo_baseline,513.4639563709907,112,819.5647448623124
RR,0,574,5166267264879724132,gateway_calibration,demo_baseline,660.8494610706889,124,819.5647448623124
RR,0,575,5255943416170230583,gateway_calibration,demo_baseline,509.2302190389096,105,819.5647448623124
RR,0,576,3575067156766554486,gateway_calibration,demo_baseline,754.8494036458036,129,819.5647448623124
RR,0,577,5261698388692250361,gateway_calibration,demo_baseline,707.2000763704272,133,819.5647448623124
RR,0,578,319583219457712684,gateway_calibration,demo_baseline,611.4811384291876,136,819.5647448623124
RR,0,579,6663717549137343764,gateway_calibration,demo_baseline,693.2402553451586,118,819.5647448623124
RR,0,580,3680879849463176604,gateway_calibration,demo_baseline,527.9336451796628,118,819.5647448623124
RR,0,581,6420520216861896344,gateway_calibration,demo_baseline,760.5797041369274,129,819.5647448623124
RR,0,582,4805778317028047683,gateway_calibration,demo_baseline,672.0245243030002,124,819.5647448623124
RR,0,583,3375131239131666064,gateway_calibration,demo_baseline,684.6561705615435,119,819.5647448623124
RR,0,584,2251250918442219784,gateway_calibration,demo_baseline,649.8625469642775,113,819.5647448623124
RR,0,585,847229888643690583,gateway_calibration,demo_baseline,709.7095418635801,123,819.5647448623124
RR,0,586,1485301113550263591,gateway_calibration,demo_baseline,741.0417616678739,108,819.5647448623124
RR,0,587,5260876840388037747,gateway_calibration,demo_baseline,624.3761729981328,119,819.5647448623124
RR,0,588,6380696495191770501,gateway_calibration,demo_baseline,753.3768215413149,125,819.5647448623124
RR,0,589,9197474921325531492,gateway_calibration,demo_baseline,537.3713197341876,106,819.5647448623124
RR,0,590,3363038949110645630,gateway_calibration,demo_baseline,706.1629061305238,146,819.5647448623124
RR,0,591,8675598768387484474,gateway_calibration,demo_baseline,664.2954308752408,114,819.5647448623124
RR,0,592,1290680309565061823,gateway_calibration,demo_baseline,607.2219257611451,124,819.5647448623124
RR,0,593,6979625999523743803,gateway_calibration,demo_baseline,753.0111074280907,129,819.5647448623124
RR,0,594,5500081662567773158,gateway_calibration,demo_baseline,628.4782283097921,123,819.5647448623124
RR,0,595,6203281594624640483,gateway_calibration,demo_baseline,790.3798932252373,139,819.5647448623124
RR,0,596,1431315788787842212,gateway_calibration,demo_baseline,559.0216804156347,121,819.5647448623124
RR,0,597,1493454375918676475,gateway_calibration,demo_baseline,687.5886449588608,133,819.5647448623124
RR,0,598,5260656571537959110,gateway_calibration,demo_baseline,725.5465074373537,126,819.5647448623124
RR,0,599,1629717025784225027,gateway_calibration,demo_baseline,687.7760504712253,134,819.5647448623124
RR,0,600,3774273094045952182,gateway_calibration,demo_baseline,705.5384319895826,141,819.5647448623124
RR,0,601,8940014586925742666,gateway_calibration,demo_baseline,637.6636218609807,106,819.5647448623124
RR,0,602,4330400893447737563,gateway_calibration,demo_baseline,604.6055258194457,109,819.5647448623124
RR,0,603,5292622813987257090,gateway_calibration,demo_baseline,611.0452935120336,116,819.5647448623124
RR,0,604,5088049447622162346,gateway_calibration,demo_baseline,626.9870478370531,129,819.5647448623124
RR,0,605,1542463598396861707,gateway_calibration,demo_baseline,670.1280604012563,113,819.5647448623124
RR,0,606,8150725822089080441,gateway_calibration,demo_baseline,517.8756102999467,116,819.5647448623124
RR,0,607,7840969530141037846,gateway_calibration,demo_baseline,720.6051306149416,137,819.5647448623124
RR,0,608,4994006052829766620,gateway_calibration,demo_baseline,540.4841919890698,116,819.5647448623124
RR,0,609,5200936607718025072,gateway_calibration,demo_baseline,686.4151734755338,131,819.5647448623124
RR,0,610,8807764498387892869,gateway_calibration,demo_baseline,624.1934212404361,106,819.5647448623124
RR,0,611,6238039525681481712,gateway_calibration,demo_baseline,679.2093255275115,135,819.5647448623124
RR,0,612,4690434584412518417,gateway_calibration,demo_baseline,903.0914371033555,140,819.5647448623124
RR,0,613,4821279666386335785,gateway_calibration,demo_baseline,602.62260577639,129,819.5647448623124
RR,0,614,7020398365659814359,gateway_calibration,demo_baseline,824.3761964819153,129,819.5647448623124
RR,0,615,4186491246917581360,gateway_calibration,demo_baseline,740.8609163179653,133,819.5647448623124
RR,0,616,7079844534887384478,gateway_calibration,demo_baseline,600.2082623838334,110,819.5647448623124
RR,0,617,1317272877754271441,gateway_calibration,demo_baseline,708.6246062945328,119,819.5647448623124
RR,0,618,4544621753470270458,gateway_calibration,demo_baseline,656.4472390033519,123,819.5647448623124
RR,0,619,1969322289128447762,gateway_calibration,demo_baseline,630.7144753252918,118,819.5647448623124
RR,0,620,8936202682701367282,gateway_calibration,demo_baseline,821.3362088619477,129,819.5647448623124
RR,0,621,8285273341156455432,gateway_calibration,demo_baseline,611.2527593330514,114,819.5647448623124
RR,0,622,5912074940902203805,gateway_calibration,demo_baseline,664.0889493701874,124,819.5647448623124
RR,0,623,8268317982405834873,gateway_calibration,demo_baseline,680.701017322477,121,819.5647448623124
RR,0,624,8430150978204080217,gateway_calibration,demo_baseline,648.5867225145208,124,819.5647448623124
RR,0,625,330357919669542466,gateway_calibration,demo_baseline,737.2147556568317,132,819.5647448623124
RR,0,626,6591592739153486575,gateway_calibration,demo_baseline,611.2157318814906,124,819.5647448623124
RR,0,627,3622551157328249031,gateway_calibration,demo_baseline,733.6070929532375,117,819.5647448623124
RR,0,628,6348767278017335957,gateway_calibration,demo_baseline,637.0796165485569,137,819.5647448623124
RR,0,629,7718754249537503201,gateway_calibration,demo_baseline,557.590796925152,123,819.5647448623124
RR,0,630,7208624080476628508,gateway_calibration,demo_baseline,664.6486632027177,121,819.5647448623124
RR,0,631,2498577244002828049,gateway_calibration,demo_baseline,619.5511253893743,122,819.5647448623124
RR,0,632,6051626529176395696,gateway_calibration,demo_baseline,736.4233301109915,136,819.5647448623124
RR,0,633,2874265552441152071,gateway_calibration,demo_baseline,628.0280373761688,112,819.5647448623124
RR,0,634,8090728557846077439,gateway_calibration,demo_baseline,782.1204996500793,155,819.5647448623124
RR,0,635,3122960258911831009,gateway_calibration,demo_baseline,583.4922323337654,108,819.5647448623124
RR,0,636,8384557754892517997,gateway_calibration,demo_baseline,748.3636953837679,139,819.5647448623124
RR,0,637,292364823410986489,gateway_calibration,demo_baseline,712.6473934551127,137,819.5647448623124
RR,0,638,3741997014255969707,gateway_calibration,demo_baseline,563.4246769272447,120,819.5647448623124
RR,0,639,420940279075577134,gateway_calibration,demo_baseline,486.4974548634808,103,819.5647448623124
RR,0,640,1690602099097685893,gateway_calibration,demo_baseline,556.9756927608443,117,819.5647448623124
RR,0,641,3629366523444614839,gateway_calibration,demo_baseline,517.6324095850501,111,819.5647448623124
RR,0,642,1514126079439393787,gateway_calibration,demo_baseline,664.8835869518683,113,819.5647448623124
RR,0,643,3647125993049541349,gateway_calibration,demo_baseline,536.470945611825,104,819.5647448623124
RR,0,644,3907154332922862922,gateway_calibration,demo_baseline,682.9760404136683,124,819.5647448623124
RR,0,645,2946238970781781412,gateway_calibration,demo_baseline,526.1488723508332,112,819.5647448623124
RR,0,646,2586608932357756207,gateway_calibration,demo_baseline,695.8723848844496,125,819.5647448623124
RR,0,647,8424492176738371698,gateway_calibration,demo_baseline,683.109345251098,133,819.5647448623124
RR,0,648,8329371020030379579,gateway_calibration,demo_baseline,763.1611895655599,146,819.5647448623124
RR,0,649,4517422012125347152,gateway_calibration,demo_baseline,552.9429493641723,104,819.5647448623124
RR,0,650,1455700387416366543,gateway_calibration,demo_baseline,747.3480847805289,140,819.5647448623124
RR,0,651,8612036849107634310,gateway_calibration,demo_baseline,512.1527358543058,113,819.5647448623124
RR,0,652,7029125898552171530,gateway_calibration,demo_baseline,595.5151230158093,112,819.5647448623124
RR,0,653,3786300521251875931,gateway_calibration,demo_baseline,573.9514869343561,117,819.5647448623124
RR,0,654,6785890586831945299,gateway_calibration,demo_baseline,856.9745645753159,134,819.5647448623124
RR,0,655,6310665757703926653,gateway_calibration,demo_baseline,856.8836648325708,139,819.5647448623124
RR,0,656,6043705788280297652,gateway_calibration,demo_baseline,693.3736365787094,123,819.5647448623124
RR,0,657,6692933025141821298,gateway_calibration,demo_baseline,779.0692815560371,133,819.5647448623124
RR,0,658,7140275608408929701,gateway_calibration,demo_baseline,601.6384638291676,117,819.5647448623124
RR,0,659,1944520194658803798,gateway_calibration,demo_baseline,684.8407448743297,127,819.5647448623124
RR,0,660,372228924414150292,gateway_calibration,demo_baseline,639.4546023629282,117,819.5647448623124
RR,0,661,3277156981952862607,gateway_calibration,demo_baseline,737.4095868232332,128,819.5647448623124
RR,0,662,7616273897577689734,gateway_calibration,demo_baseline,666.8072353654838,113,819.5647448623124
RR,0,663,7202684485745228056,gateway_calibration,demo_baseline,522.2906020948366,114,819.5647448623124
RR,0,664,3064348667759844837,gateway_calibration,demo_baseline,645.5366350973276,127,819.5647448623124
RR,0,665,3706961652930468801,gateway_calibration,demo_baseline,581.441209570005,113,819.5647448623124
RR,0,666,4545960651512964501,gateway_calibration,demo_baseline,695.5140804905044,134,819.5647448623124
RR,0,667,6412310850795142871,gateway_calibration,demo_baseline,493.2551366125334,115,819.5647448623124
RR,0,668,6687251594250339541,gateway_calibration,demo_baseline,549.7619905182318,124,819.5647448623124
RR,0,669,6252193542222241523,gateway_calibration,demo_baseline,732.5627690529984,141,819.5647448623124
RR,0,670,5520997420802462756,gateway_calibration,demo_baseline,887.5266899849844,126,819.5647448623124
RR,0,671,5329563221421855154,gateway_calibration,demo_baseline,732.5300085876312,127,819.5647448623124
RR,0,672,3338146397081453326,gateway_calibration,demo_baseline,572.07678328549,117,819.5647448623124
RR,0,673,750399388955794570,gateway_calibration,demo_baseline,618.0477567660389,135,819.5647448623124
RR,0,674,3003292310137568301,gateway_calibration,demo_baseline,817.1022543713725,136,819.5647448623124
RR,0,675,7012828756295210444,gateway_calibration,demo_baseline,707.2826640124499,139,819.5647448623124
RR,0,676,3521078059313423426,gateway_calibration,demo_baseline,640.1145021608904,120,819.5647448623124
RR,0,677,7651040130688361207,gateway_calibration,demo_baseline,736.2172747108262,136,819.5647448623124
RR,0,678,7534052873604981770,gateway_calibration,demo_baseline,582.1443964342059,116,819.5647448623124
RR,0,679,3979009465803058619,gateway_calibration,demo_baseline,537.0811302959344,105,819.5647448623124
RR,0,680,6555139593643699722,gateway_calibration,demo_baseline,805.9363886700072,148,819.5647448623124
RR,0,681,782375212562128469,gateway_calibration,demo_baseline,649.2474322128282,128,819.5647448623124
RR,0,682,247096121802878063,gateway_calibration,demo_baseline,732.0686404564016,122,819.5647448623124
RR,0,683,986934244398266843,gateway_calibration,demo_baseline,642.9929128638418,117,819.5647448623124
RR,0,684,1635678054393480998,gateway_calibration,demo_baseline,687.4248156508539,127,819.5647448623124
RR,0,685,7698130007304651251,gateway_calibration,demo_baseline,593.3211808067592,134,819.5647448623124
RR,0,686,6250757648844520282,gateway_calibration,demo_baseline,789.2131478458722,131,819.5647448623124
RR,0,687,3905548741317612602,gateway_calibration,demo_baseline,707.8092316934313,117,819.5647448623124
RR,0,688,8314467339380028053,gateway_calibration,demo_baseline,750.418206308362,132,819.5647448623124
RR,0,689,5148912065348104644,gateway_calibration,demo_baseline,642.9182410748238,107,819.5647448623124
RR,0,690,4942469499424932130,gateway_calibration,demo_baseline,869.9710862934305,145,819.5647448623124
RR,0,691,2998156891078791054,gateway_calibration,demo_baseline,719.8303468313632,131,819.5647448623124
RR,0,692,5403558104040938093,gateway_calibration,demo_baseline,790.2575754505575,129,819.5647448623124
RR,0,693,6422119833344125278,gateway_calibration,demo_baseline,686.2959492088428,130,819.5647448623124
RR,0,694,9148205703341948928,gateway_calibration,demo_baseline,809.8429474929917,148,819.5647448623124
RR,0,695,6389817840354242037,gateway_calibration,demo_baseline,625.2836555929628,111,819.5647448623124
RR,0,696,4122615353123041303,gateway_calibration,demo_baseline,659.733997925269,119,819.5647448623124
RR,0,697,3214547200454958343,gateway_calibration,demo_baseline,606.5649889541639,138,819.5647448623124
RR,0,698,5007478582713758933,gateway_calibration,demo_baseline,721.6994850447882,127,819.5647448623124
RR,0,699,2396476832852403421,gateway_calibration,demo_baseline,673.1256658242914,133,819.5647448623124
RR,0,700,6436205615226827617,gateway_calibration,demo_baseline,666.3023597120456,129,819.5647448623124
RR,0,701,990514759215826812,gateway_calibration,demo_baseline,593.1763056801148,124,819.5647448623124
RR,0,702,8293593916529521179,gateway_calibration,demo_baseline,725.6039828393981,141,819.5647448623124
RR,0,703,8777465842532205315,gateway_calibration,demo_baseline,815.421224749261,133,819.5647448623124
RR,0,704,4317869879466938323,gateway_calibration,demo_baseline,637.0037637101169,124,819.5647448623124
RR,0,705,2700988927503583363,gateway_calibration,demo_baseline,687.1038893745492,126,819.5647448623124
RR,0,706,6604886670783517006,gateway_calibration,demo_baseline,627.4415792586232,119,819.5647448623124
RR,0,707,5286762937356361365,gateway_calibration,demo_baseline,656.8387647557815,130,819.5647448623124
RR,0,708,7381286310459401005,gateway_calibration,demo_baseline,952.6979893223706,156,819.5647448623124
RR,0,709,4674491188701512536,gateway_calibration,demo_baseline,530.3486513316461,110,819.5647448623124
RR,0,710,7644249412816155618,gateway_calibration,demo_baseline,604.8421415562542,127,819.5647448623124
RR,0,711,7750140132540302625,gateway_calibration,demo_baseline,710.2730476041269,136,819.5647448623124
RR,0,712,8052189447594856703,gateway_calibration,demo_baseline,682.3435599608314,131,819.5647448623124
RR,0,713,4743938616124866484,gateway_calibration,demo_baseline,678.3627231487985,128,819.5647448623124
RR,0,714,1927828443454917742,gateway_calibration,demo_baseline,677.8859017556451,124,819.5647448623124
RR,0,715,4795162330642765344,gateway_calibration,demo_baseline,674.2234286058452,124,819.5647448623124
RR,0,716,2609151475241345265,gateway_calibration,demo_baseline,648.0231544391734,132,819.5647448623124
RR,0,717,4572675069798956278,gateway_calibration,demo_baseline,632.607619736022,127,819.5647448623124
RR,0,718,5999303441213014871,gateway_calibration,demo_baseline,612.3809690754146,117,819.5647448623124
RR,0,719,7421982667780422279,gateway_calibration,demo_baseline,646.2483844800735,125,819.5647448623124
RR,0,720,6305656528591407454,gateway_calibration,demo_baseline,658.3229801656814,120,819.5647448623124
RR,0,721,3480953232815287086,gateway_calibration,demo_baseline,636.4112693763985,132,819.5647448623124
RR,0,722,2096450722521036199,gateway_calibration,demo_baseline,745.2991079339394,125,819.5647448623124
RR,0,723,2679518549619182666,gateway_calibration,demo_baseline,568.3067283845864,109,819.5647448623124
RR,0,724,2474287042180573694,gateway_calibration,demo_baseline,639.2437634557631,134,819.5647448623124
RR,0,725,833484321051273387,gateway_calibration,demo_baseline,642.5658731885945,132,819.5647448623124
RR,0,726,3898425116081182940,gateway_calibration,demo_baseline,740.8099614972284,133,819.5647448623124
RR,0,727,4611248154066146426,gateway_calibration,demo_baseline,631.9190873075911,106,819.5647448623124
RR,0,728,5060533668200559702,gateway_calibration,demo_baseline,687.4368654833261,114,819.5647448623124
RR,0,729,6924488667481511967,gateway_calibration,demo_baseline,678.3997760286076,133,819.5647448623124
RR,0,730,6187528920152378915,gateway_calibration,demo_baseline,629.5712749380637,107,819.5647448623124
RR,0,731,4213756270040048076,gateway_calibration,demo_baseline,593.3043239623371,120,819.5647448623124
RR,0,732,5199530905996949592,gateway_calibration,demo_baseline,622.419057161361,130,819.5647448623124
RR,0,733,6712254975170450736,gateway_calibration,demo_baseline,739.7422230692982,127,819.5647448623124
RR,0,734,6492766365131935807,gateway_calibration,demo_baseline,727.4538739727639,131,819.5647448623124
RR,0,735,3723517020950624825,gateway_calibration,demo_baseline,769.446625998292,135,819.5647448623124
RR,0,736,538590445521861661,gateway_calibration,demo_baseline,812.6398341001383,125,819.5647448623124
RR,0,737,6524514968060550390,gateway_calibration,demo_baseline,729.2764270935471,136,819.5647448623124
RR,0,738,3436911450718997289,gateway_calibration,demo_baseline,657.3655534696435,122,819.5647448623124
RR,0,739,1711621574994548895,gateway_calibration,demo_baseline,634.7900789305428,123,819.5647448623124
RR,0,740,6445214501556118364,gateway_calibration,demo_baseline,696.5023987448769,134,819.5647448623124
RR,0,741,1511551317155348088,gateway_calibration,demo_baseline,729.7081030679526,142,819.5647448623124
RR,0,742,8081247927281791179,gateway_calibration,demo_baseline,736.37089411873,129,819.5647448623124
RR,0,743,5358831100244471192,gateway_calibration,demo_baseline,678.9664613260491,148,819.5647448623124
RR,0,744,160849337180385482,gateway_calibration,demo_baseline,775.5214736968412,137,819.5647448623124
RR,0,745,5730276056581763696,gateway_calibration,demo_baseline,752.7483398276319,124,819.5647448623124
RR,0,746,7721091060007618946,gateway_calibration,demo_baseline,787.5661373686917,135,819.5647448623124
RR,0,747,6383379953610996764,gateway_calibration,demo_baseline,687.7589652611623,133,819.5647448623124
RR,0,748,1513973657253475486,gateway_calibration,demo_baseline,654.6864865628639,130,819.5647448623124
RR,0,749,3057813441922994058,gateway_calibration,demo_baseline,601.441926709037,107,819.5647448623124
RR,0,750,4161324938677777220,gateway_calibration,demo_baseline,797.4234111173499,138,819.5647448623124
RR,0,751,1525436485751015309,gateway_calibration,demo_baseline,539.0727933949922,121,819.5647448623124
RR,0,752,1878915029260450953,gateway_calibration,demo_baseline,740.1887837744237,114,819.5647448623124
RR,0,753,6097353858706080395,gateway_calibration,demo_baseline,691.4345293554371,145,819.5647448623124
RR,0,754,2112538845098292817,gateway_calibration,demo_baseline,796.384138420508,124,819.5647448623124
RR,0,755,7108594164367743262,gateway_calibration,demo_baseline,652.5817945887455,136,819.5647448623124
RR,0,756,1935116286838277764,gateway_calibration,demo_baseline,633.8371178941815,128,819.5647448623124
RR,0,757,6057898002237510340,gateway_calibration,demo_baseline,582.3819831475103,120,819.5647448623124
RR,0,758,6929028009548875636,gateway_calibration,demo_baseline,584.617958794785,120,819.5647448623124
RR,0,759,4917915588695251715,gateway_calibration,demo_baseline,627.8530359977372,121,819.5647448623124
RR,0,760,5863831274243548148,gateway_calibration,demo_baseline,801.563027117897,133,819.5647448623124
RR,0,761,6211086403478890524,gateway_calibration,demo_baseline,723.0153128786484,129,819.5647448623124
RR,0,762,84288578568868183,gateway_calibration,demo_baseline,638.9156334298895,129,819.5647448623124
RR,0,763,6924915889418479300,gateway_calibration,demo_baseline,777.6083131814951,140,819.5647448623124
RR,0,764,2476682209246884224,gateway_calibration,demo_baseline,630.5879207067131,124,819.5647448623124
RR,0,765,7547567515666487272,gateway_calibration,demo_baseline,611.6598183524216,120,819.5647448623124
RR,0,766,222310711925596097,gateway_calibration,demo_baseline,617.5399197933864,133,819.5647448623124
RR,0,767,7350606919912716053,gateway_calibration,demo_baseline,681.373835962649,117,819.5647448623124
RR,0,768,4747186101028554183,gateway_calibration,demo_baseline,545.8298834945741,112,819.5647448623124
RR,0,769,1706514994241227849,gateway_calibration,demo_baseline,603.363511630681,131,819.5647448623124
RR,0,770,4873018992772242081,gateway_calibration,demo_baseline,730.9923935610213,132,819.5647448623124
RR,0,771,576202742387008344,gateway_calibration,demo_baseline,573.922424163191,118,819.5647448623124
RR,0,772,6590675653428626381,gateway_calibration,demo_baseline,861.6148672377701,166,819.5647448623124
RR,0,773,2747164100487198368,gateway_calibration,demo_baseline,678.7940366744534,125,819.5647448623124
RR,0,774,7067244306765060419,gateway_calibration,demo_baseline,803.5530971446545,128,819.5647448623124
RR,0,775,8898133494581825038,gateway_calibration,demo_baseline,677.9626180663224,120,819.5647448623124
RR,0,776,2263039889664200443,gateway_calibration,demo_baseline,751.6120997870207,132,819.5647448623124
RR,0,777,4619052716999083933,gateway_calibration,demo_baseline,795.4889098474034,117,819.5647448623124
RR,0,778,884230137658439663,gateway_calibration,demo_baseline,689.3050422547783,139,819.5647448623124
RR,0,779,4889031860776012878,gateway_calibration,demo_baseline,702.6840263284789,131,819.5647448623124
RR,0,780,2205156815290950869,gateway_calibration,demo_baseline,812.8677480263467,132,819.5647448623124
RR,0,781,2043014893235525870,gateway_calibration,demo_baseline,613.305152866708,126,819.5647448623124
RR,0,782,3454119427176054766,gateway_calibration,demo_baseline,702.9100973751357,125,819.5647448623124
RR,0,783,8820618610198689704,gateway_calibration,demo_baseline,722.6775112118196,135,819.5647448623124
RR,0,784,5447767921938800121,gateway_calibration,demo_baseline,723.8583308979578,125,819.5647448623124
RR,0,785,7879208985119786308,gateway_calibration,demo_baseline,611.3167006377321,125,819.5647448623124
RR,0,786,4403419717701312475,gateway_calibration,demo_baseline,778.149338495572,140,819.5647448623124
RR,0,787,146041838698190775,gateway_calibration,demo_baseline,664.9061780890507,128,819.5647448623124
RR,0,788,7591181372041612028,gateway_calibration,demo_baseline,715.9282900542756,142,819.5647448623124
RR,0,789,8899281364550686714,gateway_calibration,demo_baseline,667.6586328936916,118,819.5647448623124
RR,0,790,685238595684144757,gateway_calibration,demo_baseline,616.4852923752135,124,819.5647448623124
RR,0,791,9018519079904319498,gateway_calibration,demo_baseline,741.4309179735574,125,819.5647448623124
RR,0,792,2467599854747264555,gateway_calibration,demo_baseline,641.8382502407321,127,819.5647448623124
RR,0,793,4184929620070725912,gateway_calibration,demo_baseline,682.1847293720015,124,819.5647448623124
RR,0,794,4729798536750206790,gateway_calibration,demo_baseline,592.9833991956491,119,819.5647448623124
RR,0,795,1381116991737988439,gateway_calibration,demo_baseline,858.9386933528476,150,819.5647448623124
RR,0,796,3295023989646172081,gateway_calibration,demo_baseline,658.6355310000299,121,819.5647448623124
RR,0,797,6348007595367813225,gateway_calibration,demo_baseline,785.6063683384393,141,819.5647448623124
RR,0,798,3884697439171425333,gateway_calibration,demo_baseline,791.5489167404453,140,819.5647448623124
RR,0,799,7382943219110205512,gateway_calibration,demo_baseline,605.7005873223573,121,819.5647448623124
RR,0,800,601828037134891543,gateway_calibration,demo_baseline,651.7025971469112,129,819.5647448623124
RR,0,801,7051836134435919275,gateway_calibration,demo_baseline,680.7021869089715,131,819.5647448623124
RR,0,802,3161115642481895490,gateway_calibration,demo_baseline,713.1222892016164,128,819.5647448623124
RR,0,803,5252972219827755696,gateway_calibration,demo_baseline,657.0031915567081,117,819.5647448623124
RR,0,804,6873339788066262250,gateway_calibration,demo_baseline,769.676407228498,139,819.5647448623124
RR,0,805,4716063955176260464,gateway_calibration,demo_baseline,715.5285927855941,136,819.5647448623124
RR,0,806,4422408360303810339,gateway_calibration,demo_baseline,630.6314702750578,116,819.5647448623124
RR,0,807,2094989382097643828,gateway_calibration,demo_baseline,585.0277021460691,118,819.5647448623124
RR,0,808,6276980947073549842,gateway_calibration,demo_baseline,601.4759537190648,126,819.5647448623124
RR,0,809,3424018510834496480,gateway_calibration,demo_baseline,592.6603074019754,114,819.5647448623124
RR,0,810,1836318255469193228,gateway_calibration,demo_baseline,595.114682294587,115,819.5647448623124
RR,0,811,8275082985114167057,gateway_calibration,demo_baseline,692.9638714700624,131,819.5647448623124
RR,0,812,8201117808524210911,gateway_calibration,demo_baseline,531.9898648423427,103,819.5647448623124
RR,0,813,7316565169878003643,gateway_calibration,demo_baseline,576.7661201809682,119,819.5647448623124
RR,0,814,1942070322338254864,gateway_calibration,demo_baseline,592.1923163826697,122,819.5647448623124
RR,0,815,3768638617287595964,gateway_calibration,demo_baseline,779.881715826786,144,819.5647448623124
RR,0,816,3238056110328275465,gateway_calibration,demo_baseline,676.0999055845456,140,819.5647448623124
RR,0,817,6468455375933431734,gateway_calibration,demo_baseline,601.9438602221212,110,819.5647448623124
RR,0,818,8669093139114844120,gateway_calibration,demo_baseline,559.7069763002546,120,819.5647448623124
RR,0,819,4594258051037406245,gateway_calibration,demo_baseline,526.6208666063806,114,819.5647448623124
RR,0,820,3367170335372380420,gateway_calibration,demo_baseline,664.299637204078,133,819.5647448623124
RR,0,821,4436187832991469428,gateway_calibration,demo_baseline,732.4232649527742,129,819.5647448623124
RR,0,822,1633702856885973188,gateway_calibration,demo_baseline,682.6679388825784,125,819.5647448623124
RR,0,823,8246338530312257846,gateway_calibration,demo_baseline,782.6378504759274,145,819.5647448623124
RR,0,824,6486751128642218360,gateway_calibration,demo_baseline,809.8025691071612,141,819.5647448623124
RR,0,825,6666357149952656048,gateway_calibration,demo_baseline,750.3386853192895,125,819.5647448623124
RR,0,826,976503661852238075,gateway_calibration,demo_baseline,731.4415655612764,142,819.5647448623124
RR,0,827,1112694637383763652,gateway_calibration,demo_baseline,795.0005805262102,129,819.5647448623124
RR,0,828,6508626919214591011,gateway_calibration,demo_baseline,641.5949150907023,122,819.5647448623124
RR,0,829,8622588593572333790,gateway_calibration,demo_baseline,707.0742692510015,133,819.5647448623124
RR,0,830,5900296317086508210,gateway_calibration,demo_baseline,795.8465088633063,138,819.5647448623124
RR,0,831,8447381132932931966,gateway_calibration,demo_baseline,693.0491630953702,127,819.5647448623124
RR,0,832,2245663537849903472,gateway_calibration,demo_baseline,631.8908047046941,135,819.5647448623124
RR,0,833,7085416808138406663,gateway_calibration,demo_baseline,717.409581571028,124,819.5647448623124
RR,0,834,2777829097056268073,gateway_calibration,demo_baseline,664.9163248011756,129,819.5647448623124
RR,0,835,4665766635784980451,gateway_calibration,demo_baseline,579.4273851853505,115,819.5647448623124
RR,0,836,770231148457794448,gateway_calibration,demo_baseline,505.8519092198428,102,819.5647448623124
RR,0,837,5543376779908751429,gateway_calibration,demo_baseline,747.6420201922317,135,819.5647448623124
RR,0,838,1315264784059782606,gateway_calibration,demo_baseline,806.8024599732761,133,819.5647448623124
RR,0,839,3850564015594326875,gateway_calibration,demo_baseline,820.709253959986,128,819.5647448623124
RR,0,840,3096258298348076884,gateway_calibration,demo_baseline,751.8109285621352,130,819.5647448623124
RR,0,841,2305701946937457932,gateway_calibration,demo_baseline,771.5824820237299,141,819.5647448623124
RR,0,842,3123197725520593239,gateway_calibration,demo_baseline,581.6394063604631,109,819.5647448623124
RR,0,843,8919926970954185468,gateway_calibration,demo_baseline,575.8175230247465,117,819.5647448623124
RR,0,844,2966659773351180207,gateway_calibration,demo_baseline,616.9873507732763,122,819.5647448623124
RR,0,845,2279726075417222865,gateway_calibration,demo_baseline,566.9716099414323,115,819.5647448623124
RR,0,846,6504199633840859381,gateway_calibration,demo_baseline,691.6965386741444,133,819.5647448623124
RR,0,847,6596176447849571719,gateway_calibration,demo_baseline,691.2687449666817,124,819.5647448623124
RR,0,848,3933860338459433259,gateway_calibration,demo_baseline,570.138342168643,120,819.5647448623124
RR,0,849,6847738644008742621,gateway_calibration,demo_baseline,658.7427412339517,117,819.5647448623124
RR,0,850,7427801559972826356,gateway_calibration,demo_baseline,645.9104888677731,135,819.5647448623124
RR,0,851,8375393740834958321,gateway_calibration,demo_baseline,611.2557662061764,107,819.5647448623124
RR,0,852,8404899415992828564,gateway_calibration,demo_baseline,601.0808163520738,112,819.5647448623124
RR,0,853,5551797005233238063,gateway_calibration,demo_baseline,712.2478664803399,122,819.5647448623124
RR,0,854,8237607845983123666,gateway_calibration,demo_baseline,489.75378903628456,104,819.5647448623124
RR,0,855,4511016361282154776,gateway_calibration,demo_baseline,784.3298483296702,134,819.5647448623124
RR,0,856,3267312762164792774,gateway_calibration,demo_baseline,869.7658905141901,142,819.5647448623124
RR,0,857,5195560043883757193,gateway_calibration,demo_baseline,681.4234923148816,115,819.5647448623124
RR,0,858,5393480484470358566,gateway_calibration,demo_baseline,707.7708189524014,138,819.5647448623124
RR,0,859,3428533669999456035,gateway_calibration,demo_baseline,689.6110784896939,129,819.5647448623124
RR,0,860,2246125280199705429,gateway_calibration,demo_baseline,635.2293925711265,124,819.5647448623124
RR,0,861,678415014259572197,gateway_calibration,demo_baseline,588.1450383482634,110,819.5647448623124
RR,0,862,4594526250377554815,gateway_calibration,demo_baseline,714.5884505121395,121,819.5647448623124
RR,0,863,3483375247395949185,gateway_calibration,demo_baseline,629.0883964597608,122,819.5647448623124
RR,0,864,8211476603619209834,gateway_calibration,demo_baseline,650.180163294352,115,819.5647448623124
RR,0,865,1256218893574934600,gateway_calibration,demo_baseline,721.2116991579508,127,819.5647448623124
RR,0,866,6139703072184263239,gateway_calibration,demo_baseline,860.4573372312715,132,819.5647448623124
RR,0,867,7358194200806442825,gateway_calibration,demo_baseline,747.9004778841859,146,819.5647448623124
RR,0,868,316743576707498920,gateway_calibration,demo_baseline,862.9680491321714,158,819.5647448623124
RR,0,869,4320765385597033735,gateway_calibration,demo_baseline,618.167994961389,127,819.5647448623124
RR,0,870,4230738159354765661,gateway_calibration,demo_baseline,578.1024583861301,124,819.5647448623124
RR,0,871,8776873534725033399,gateway_calibration,demo_baseline,635.4917290839198,111,819.5647448623124
RR,0,872,5808555850206013162,gateway_calibration,demo_baseline,575.0437764000409,127,819.5647448623124
RR,0,873,3145186460652432130,gateway_calibration,demo_baseline,593.8965287239721,138,819.5647448623124
RR,0,874,2546605224442357666,gateway_calibration,demo_baseline,683.6687439584263,127,819.5647448623124
RR,0,875,4087608652657844101,gateway_calibration,demo_baseline,668.8696418903294,132,819.5647448623124
RR,0,876,5412976921583295124,gateway_calibration,demo_baseline,747.9969765241756,133,819.5647448623124
RR,0,877,7511422795682533062,gateway_calibration,demo_baseline,470.2885415144863,108,819.5647448623124
RR,0,878,3577000620304455040,gateway_calibration,demo_baseline,620.8761985684223,122,819.5647448623124
RR,0,879,3437116781448465596,gateway_calibration,demo_baseline,660.8206912918652,117,819.5647448623124
RR,0,880,5898756624315210226,gateway_calibration,demo_baseline,890.6624674700558,137,819.5647448623124
RR,0,881,2131821859580346675,gateway_calibration,demo_baseline,681.1192101756416,138,819.5647448623124
RR,0,882,3557400123618860178,gateway_calibration,demo_baseline,695.5836302003763,146,819.5647448623124
RR,0,883,5264177394674559355,gateway_calibration,demo_baseline,712.7389590821011,118,819.5647448623124
RR,0,884,224842938269087463,gateway_calibration,demo_baseline,504.28009364330285,115,819.5647448623124
RR,0,885,1376126591011197093,gateway_calibration,demo_baseline,686.132836030614,123,819.5647448623124
RR,0,886,4397818856400264017,gateway_calibration,demo_baseline,559.9529182851605,127,819.5647448623124
RR,0,887,3360561875560901195,gateway_calibration,demo_baseline,592.3979128707399,138,819.5647448623124
RR,0,888,268465344038246639,gateway_calibration,demo_baseline,703.7130151146021,118,819.5647448623124
RR,0,889,7535093723024657498,gateway_calibration,demo_baseline,610.4387871273465,128,819.5647448623124
RR,0,890,4332750551527258758,gateway_calibration,demo_baseline,638.6297391250731,135,819.5647448623124
RR,0,891,2703888633513165849,gateway_calibration,demo_baseline,649.8374259701756,121,819.5647448623124
RR,0,892,5691953537781475807,gateway_calibration,demo_baseline,610.2298357030752,131,819.5647448623124
RR,0,893,6879970993255797942,gateway_calibration,demo_baseline,599.4373823995953,123,819.5647448623124
RR,0,894,6237694681257747115,gateway_calibration,demo_baseline,606.9617219761269,117,819.5647448623124
RR,0,895,2633901951336562143,gateway_calibration,demo_baseline,580.3624528939712,122,819.5647448623124
RR,0,896,5259914426385610143,gateway_calibration,demo_baseline,709.8736864880013,124,819.5647448623124
RR,0,897,8645659860363320631,gateway_calibration,demo_baseline,647.3369990834392,113,819.5647448623124
RR,0,898,145691370683133570,gateway_calibration,demo_baseline,707.514643268587,133,819.5647448623124
RR,0,899,521315294388765781,gateway_calibration,demo_baseline,629.8671254709126,115,819.5647448623124
RR,0,900,176941184404665231,gateway_calibration,demo_baseline,772.5287253871768,148,819.5647448623124
RR,0,901,2950246617657380759,gateway_calibration,demo_baseline,548.5363587541171,112,819.5647448623124
RR,0,902,6491595914279315109,gateway_calibration,demo_baseline,718.2930282593188,111,819.5647448623124
RR,0,903,2717680385061245517,gateway_calibration,demo_baseline,686.9722674579497,140,819.5647448623124
RR,0,904,7437961552856519837,gateway_calibration,demo_baseline,673.0496828349072,135,819.5647448623124
RR,0,905,531214073874637510,gateway_calibration,demo_baseline,592.8560122593543,123,819.5647448623124
RR,0,906,4426801739726009801,gateway_calibration,demo_baseline,536.6990240735997,126,819.5647448623124
RR,0,907,750013216018693272,gateway_calibration,demo_baseline,564.7136583737306,126,819.5647448623124
RR,0,908,5255646790449345546,gateway_calibration,demo_baseline,623.1502456837234,126,819.5647448623124
RR,0,909,4371439728152440750,gateway_calibration,demo_baseline,690.9949601484241,126,819.5647448623124
RR,0,910,4582540386994887560,gateway_calibration,demo_baseline,842.3105020938344,129,819.5647448623124
RR,0,911,2275812957919845648,gateway_calibration,demo_baseline,696.5458842949827,138,819.5647448623124
RR,0,912,7411972106549567458,gateway_calibration,demo_baseline,597.3783759116576,127,819.5647448623124
RR,0,913,8999727293688064006,gateway_calibration,demo_baseline,684.0106795672003,122,819.5647448623124
RR,0,914,2589093023206335141,gateway_calibration,demo_baseline,660.4095307235798,108,819.5647448623124
RR,0,915,7492538632238119495,gateway_calibration,demo_baseline,645.8295079119314,129,819.5647448623124
RR,0,916,5516760348656806874,gateway_calibration,demo_baseline,739.7258793498272,117,819.5647448623124
RR,0,917,4483950024927765513,gateway_calibration,demo_baseline,687.6640028395764,134,819.5647448623124
RR,0,918,8052733610569557611,gateway_calibration,demo_baseline,685.9711342364817,134,819.5647448623124
RR,0,919,8740924680225265725,gateway_calibration,demo_baseline,508.53092639178976,105,819.5647448623124
RR,0,920,7546584955914422595,gateway_calibration,demo_baseline,646.0374992592419,126,819.5647448623124
RR,0,921,3985794982951103821,gateway_calibration,demo_baseline,669.4210147355766,138,819.5647448623124
RR,0,922,5003594744819005687,gateway_calibration,demo_baseline,668.2109662671533,121,819.5647448623124
RR,0,923,6425002634233484002,gateway_calibration,demo_baseline,555.3064259244154,135,819.5647448623124
RR,0,924,6713150271558039967,gateway_calibration,demo_baseline,767.5803683021767,134,819.5647448623124
RR,0,925,2472454090631563432,gateway_calibration,demo_baseline,684.7598672159504,126,819.5647448623124
RR,0,926,6374634665071533881,gateway_calibration,demo_baseline,676.2114769091154,138,819.5647448623124
RR,0,927,3551879927288319635,gateway_calibration,demo_baseline,608.7539543166354,119,819.5647448623124
RR,0,928,4485509539506363337,gateway_calibration,demo_baseline,563.4582589593499,119,819.5647448623124
RR,0,929,904804571984556506,gateway_calibration,demo_baseline,709.3961139807598,119,819.5647448623124
RR,0,930,8622706326614778293,gateway_calibration,demo_baseline,643.0715012538975,120,819.5647448623124
RR,0,931,4019274419866886940,gateway_calibration,demo_baseline,702.6590528534686,119,819.5647448623124
RR,0,932,5789730505182192512,gateway_calibration,demo_baseline,692.971246803126,120,819.5647448623124
RR,0,933,2066594667921169100,gateway_calibration,demo_baseline,812.2723111285924,137,819.5647448623124
RR,0,934,3666828749174350781,gateway_calibration,demo_baseline,792.2072065280145,137,819.5647448623124
RR,0,935,9123359607719173402,gateway_calibration,demo_baseline,652.3204881352382,128,819.5647448623124
RR,0,936,6448197167557093366,gateway_calibration,demo_baseline,699.5240026943903,122,819.5647448623124
RR,0,937,156801752129989957,gateway_calibration,demo_baseline,611.1519669680715,126,819.5647448623124
RR,0,938,772862806785855898,gateway_calibration,demo_baseline,595.1485319730319,120,819.5647448623124
RR,0,939,3025319193677327780,gateway_calibration,demo_baseline,688.2376018220434,110,819.5647448623124
RR,0,940,5175305526083249981,gateway_calibration,demo_baseline,594.1847647030403,125,819.5647448623124
RR,0,941,397497917443687751,gateway_calibration,demo_baseline,585.6174244659416,124,819.5647448623124
RR,0,942,3875121394386379336,gateway_calibration,demo_baseline,658.5079367955217,128,819.5647448623124
RR,0,943,9016623080960570540,gateway_calibration,demo_baseline,728.3057342349646,142,819.5647448623124
RR,0,944,8625523755179022908,gateway_calibration,demo_baseline,747.0842846419092,135,819.5647448623124
RR,0,945,6721013757911445942,gateway_calibration,demo_baseline,620.4879003215464,105,819.5647448623124
RR,0,946,261980967748085487,gateway_calibration,demo_baseline,827.9871565589681,147,819.5647448623124
RR,0,947,6800140968907908217,gateway_calibration,demo_baseline,785.5888833415423,122,819.5647448623124
RR,0,948,3167646917322041416,gateway_calibration,demo_baseline,714.0875840588074,127,819.5647448623124
RR,0,949,1414549555955672489,gateway_calibration,demo_baseline,728.6017240695841,129,819.5647448623124
RR,0,950,3226421270793403358,gateway_calibration,demo_baseline,601.6117043388891,134,819.5647448623124
RR,0,951,2267386776513763838,gateway_calibration,demo_baseline,688.3778124472578,119,819.5647448623124
RR,0,952,1685947020650568871,gateway_calibration,demo_baseline,535.7746177384004,125,819.5647448623124
RR,0,953,7432476957107755500,gateway_calibration,demo_baseline,737.6233704780147,139,819.5647448623124
RR,0,954,8559949852919224244,gateway_calibration,demo_baseline,664.5180893928269,123,819.5647448623124
RR,0,955,3052266892101206113,gateway_calibration,demo_baseline,715.3105138370358,137,819.5647448623124
RR,0,956,8016822929909420119,gateway_calibration,demo_baseline,663.151154626835,119,819.5647448623124
RR,0,957,7757034633474383258,gateway_calibration,demo_baseline,530.6251546037072,104,819.5647448623124
RR,0,958,888498031854988726,gateway_calibration,demo_baseline,734.1219171943213,136,819.5647448623124
RR,0,959,3658040319833129569,gateway_calibration,demo_baseline,619.8518846769276,127,819.5647448623124
RR,0,960,2440313976855841562,gateway_calibration,demo_baseline,918.3457632593883,138,819.5647448623124
RR,0,961,5380474877754618149,gateway_calibration,demo_baseline,681.7289801882865,140,819.5647448623124
RR,0,962,3845676025283663440,gateway_calibration,demo_baseline,604.7310836665272,123,819.5647448623124
RR,0,963,6000197701389027296,gateway_calibration,demo_baseline,670.3881143244284,122,819.5647448623124
RR,0,964,8771976452110714550,gateway_calibration,demo_baseline,805.844201276664,154,819.5647448623124
RR,0,965,4800522614808766374,gateway_calibration,demo_baseline,690.6453690094307,132,819.5647448623124
RR,0,966,441894676848414361,gateway_calibration,demo_baseline,627.0204408363944,124,819.5647448623124
RR,0,967,9052590187148612204,gateway_calibration,demo_baseline,754.1597531688434,121,819.5647448623124
RR,0,968,2620381549985087741,gateway_calibration,demo_baseline,832.0259376428096,138,819.5647448623124
RR,0,969,6142009336352655419,gateway_calibration,demo_baseline,747.6023390070002,137,819.5647448623124
RR,0,970,5526543527404166346,gateway_calibration,demo_baseline,629.5706795297679,133,819.5647448623124
RR,0,971,6162097679808038582,gateway_calibration,demo_baseline,657.622145875703,118,819.5647448623124
RR,0,972,1879570402008923018,gateway_calibration,demo_baseline,591.266353913439,141,819.5647448623124
RR,0,973,407185316682086805,gateway_calibration,demo_baseline,647.4723204833386,122,819.5647448623124
RR,0,974,8982074815416411366,gateway_calibration,demo_baseline,745.6291045585709,134,819.5647448623124
RR,0,975,8732089662065898684,gateway_calibration,demo_baseline,745.7646968061713,151,819.5647448623124
RR,0,976,4800976038905107920,gateway_calibration,demo_baseline,625.7716650653487,116,819.5647448623124
RR,0,977,832793797009953269,gateway_calibration,demo_baseline,640.0835371996844,124,819.5647448623124
RR,0,978,6085334911056398471,gateway_calibration,demo_baseline,615.1138137075052,118,819.5647448623124
RR,0,979,2579133328073238793,gateway_calibration,demo_baseline,719.1143293596399,126,819.5647448623124
RR,0,980,9194571073690551408,gateway_calibration,demo_baseline,631.4551150802189,133,819.5647448623124
RR,0,981,7076730901984494347,gateway_calibration,demo_baseline,665.7277519429405,126,819.5647448623124
RR,0,982,3607722534394117392,gateway_calibration,demo_baseline,611.3130817276913,123,819.5647448623124
RR,0,983,6940672410446325175,gateway_calibration,demo_baseline,702.9764559740378,119,819.5647448623124
RR,0,984,397436472882615012,gateway_calibration,demo_baseline,573.4799621442291,113,819.5647448623124
RR,0,985,2928909963406929261,gateway_calibration,demo_baseline,577.6660835032092,102,819.5647448623124
RR,0,986,5703576194302589719,gateway_calibration,demo_baseline,708.4323870386594,118,819.5647448623124
RR,0,987,4971077312226614414,gateway_calibration,demo_baseline,616.6512581212193,109,819.5647448623124
RR,0,988,5057862653462219608,gateway_calibration,demo_baseline,718.9429250723182,126,819.5647448623124
RR,0,989,2305434786622160311,gateway_calibration,demo_baseline,569.0994666109258,120,819.5647448623124
RR,0,990,7623840937151963811,gateway_calibration,demo_baseline,649.875597500161,135,819.5647448623124
RR,0,991,4927056595526802280,gateway_calibration,demo_baseline,633.3316899043592,122,819.5647448623124
RR,0,992,1531787636745923995,gateway_calibration,demo_baseline,623.5831801697832,129,819.5647448623124
RR,0,993,8631036142984876914,gateway_calibration,demo_baseline,609.426519708523,117,819.5647448623124
RR,0,994,7045207745111439280,gateway_calibration,demo_baseline,718.2066005986676,138,819.5647448623124
RR,0,995,414123419306240681,gateway_calibration,demo_baseline,742.020732998465,135,819.5647448623124
RR,0,996,7165675075148548647,gateway_calibration,demo_baseline,622.0835779960286,115,819.5647448623124
RR,0,997,5170063297087101049,gateway_calibration,demo_baseline,634.7629703901273,124,819.5647448623124
RR,0,998,3914620278669859945,gateway_calibration,demo_baseline,663.1231460165311,136,819.5647448623124
RR,0,999,6840808759658199343,gateway_calibration,demo_baseline,644.9333258176031,142,819.5647448623124
TR,0,0,2055634816589690416,gateway_calibration,demo_baseline,675.7468785551889,123,758.0031079564033
TR,0,1,3607334779117963574,gateway_calibration,demo_baseline,678.1759840299771,107,758.0031079564033
TR,0,2,7713833625493305910,gateway_calibration,demo_baseline,744.1129862897678,128,758.0031079564033
TR,0,3,8338552192095686689,gateway_calibration,demo_baseline,625.157902861952,122,758.0031079564033
TR,0,4,4923492914914852347,gateway_calibration,demo_baseline,614.5365497364782,107,758.0031079564033
TR,0,5,1893498813190594080,gateway_calibration,demo_baseline,594.9129113559817,110,758.0031079564033
TR,0,6,6404060021183691568,gateway_calibration,demo_baseline,636.1734385398883,125,758.0031079564033
TR,0,7,5349478700762397140,gateway_calibration,demo_baseline,591.9395603215829,111,758.0031079564033
TR,0,8,5765672330154898139,gateway_calibration,demo_baseline,604.1781936349643,108,758.0031079564033
TR,0,9,2262228374204098782,gateway_calibration,demo_baseline,549.4663905203638,123,758.0031079564033
TR,0,10,1609015955672361394,gateway_calibration,demo_baseline,650.0628398690043,121,758.0031079564033
TR,0,11,6046653463684554290,gateway_calibration,demo_baseline,584.5251890509461,104,758.0031079564033
TR,0,12,7019128679698407996,gateway_calibration,demo_baseline,622.7042241844587,106,758.0031079564033
TR,0,13,1351912150168160670,gateway_calibration,demo_baseline,566.6305373121202,102,758.0031079564033
TR,0,14,2464294332412869589,gateway_calibration,demo_baseline,589.5899766095692,111,758.0031079564033
TR,0,15,4342503753276446998,gateway_calibration,demo_baseline,463.6195250997922,102,758.0031079564033
TR,0,16,379158869084986000,gateway_calibration,demo_baseline,672.8069489590298,115,758.0031079564033
TR,0,17,5935981303350768235,gateway_calibration,demo_baseline,587.2638326459052,123,758.0031079564033
TR,0,18,2185318680674689855,gateway_calibration,demo_baseline,688.9491041339788,124,758.0031079564033
TR,0,19,1634346937880042482,gateway_calibration,demo_baseline,720.3330608645838,123,758.0031079564033
TR,0,20,729014226661637283,gateway_calibration,demo_baseline,580.5449767894386,107,758.0031079564033
TR,0,21,6358873989595331212,gateway_calibration,demo_baseline,632.1103605020955,114,758.0031079564033
TR,0,22,2905610439615263424,gateway_calibration,demo_baseline,740.2737188577369,126,758.0031079564033
TR,0,23,6902804286631547059,gateway_calibration,demo_baseline,658.1809062773142,115,758.0031079564033
TR,0,24,5431587564302492615,gateway_calibration,demo_baseline,518.1849970758883,105,758.0031079564033
TR,0,25,4083192384850685005,gateway_calibration,demo_baseline,589.1739238695643,112,758.0031079564033
TR,0,26,5086211361343947784,gateway_calibration,demo_baseline,614.208954529231,117,758.0031079564033
TR,0,27,6896501219313402691,gateway_calibration,demo_baseline,566.4952981083634,110,758.0031079564033
TR,0,28,3957408395431913120,gateway_calibration,demo_baseline,508.70917607438497,91,758.0031079564033
TR,0,29,7750233326108153077,gateway_calibration,demo_baseline,591.1415802158754,114,758.0031079564033
TR,0,30,8185361916730343285,gateway_calibration,demo_baseline,661.0201505491036,111,758.0031079564033
TR,0,31,5442812466408549800,gateway_calibration,demo_baseline,565.4536060479109,107,758.0031079564033
TR,0,32,4977283637791910415,gateway_calibration,demo_baseline,487.1063236672245,107,758.0031079564033
TR,0,33,1261465645661323068,gateway_calibration,demo_baseline,690.788912818448,127,758.0031079564033
TR,0,34,4555499763468647930,gateway_calibration,demo_baseline,541.7526412443282,86,758.0031079564033
TR,0,35,6641695048537596020,gateway_calibration,demo_baseline,721.9911642972107,113,758.0031079564033
TR,0,36,3520448100382193289,gateway_calibration,demo_baseline,462.6353189437575,96,758.0031079564033
TR,0,37,2987321745147489496,gateway_calibration,demo_baseline,604.4739870466522,116,758.0031079564033
TR,0,38,6001347809615517479,gateway_calibration,demo_baseline,464.5391767592853,100,758.0031079564033
TR,0,39,895885703386562204,gateway_calibration,demo_baseline,683.977153893181,121,758.0031079564033
TR,0,40,8973438067388939631,gateway_calibration,demo_baseline,693.2134018544045,134,758.0031079564033
TR,0,41,4458368402218890528,gateway_calibration,demo_baseline,516.7912567253379,107,758.0031079564033
TR,0,42,4256516061322505388,gateway_calibration,demo_baseline,643.8394032746407,121,758.0031079564033
TR,0,43,3896890304874576648,gateway_calibration,demo_baseline,533.9866720389326,96,758.0031079564033
TR,0,44,7856708594626545741,gateway_calibration,demo_baseline,616.7298518557292,115,758.0031079564033
TR,0,45,2470487795067230357,gateway_calibration,demo_baseline,601.4614145366,114,758.0031079564033
TR,0,46,2601806134178062465,gateway_calibration,demo_baseline,618.234168192621,104,758.0031079564033
TR,0,47,5521078623317142848,gateway_calibration,demo_baseline,652.1269226789278,116,758.0031079564033
TR,0,48,8368179629319158186,gateway_calibration,demo_baseline,599.9912964309693,128,758.0031079564033
TR,0,49,2909956294739017831,gateway_calibration,demo_baseline,589.1143397534904,113,758.0031079564033
TR,0,50,7751748217264705117,gateway_calibration,demo_baseline,554.1078301770729,102,758.0031079564033
TR,0,51,9033532820884844621,gateway_calibration,demo_baseline,525.804509201329,95,758.0031079564033
TR,0,52,89120659051370842,gateway_calibration,demo_baseline,434.4779857711532,105,758.0031079564033
TR,0,53,7294825250692847244,gateway_calibration,demo_baseline,631.8564301764841,123,758.0031079564033
TR,0,54,8684730232900716085,gateway_calibration,demo_baseline,674.0750243010381,122,758.0031079564033
TR,0,55,2962688369437022743,gateway_calibration,demo_baseline,614.0541156929871,126,758.0031079564033
TR,0,56,4538973949652720332,gateway_calibration,demo_baseline,571.3850361478222,113,758.0031079564033
TR,0,57,8106679384915803515,gateway_calibration,demo_baseline,551.482874184566,107,758.0031079564033
TR,0,58,6576487265480906681,gateway_calibration,demo_baseline,662.9840157801846,117,758.0031079564033
TR,0,59,8100421280672124744,gateway_calibration,demo_baseline,634.950555844614,115,758.0031079564033
TR,0,60,998418713027101646,gateway_calibration,demo_baseline,575.7057713342161,114,758.0031079564033
TR,0,61,1865170860762633435,gateway_calibration,demo_baseline,682.479471598784,124,758.0031079564033
TR,0,62,3724074446202338062,gateway_calibration,demo_baseline,712.2775128059856,107,758.0031079564033
TR,0,63,5936565249395638080,gateway_calibration,demo_baseline,529.5653340348817,107,758.0031079564033
TR,0,64,2023554821999348843,gateway_calibration,demo_baseline,568.4559642533303,96,758.0031079564033
TR,0,65,7836599240388865210,gateway_calibration,demo_baseline,776.9743814596127,119,758.0031079564033
TR,0,66,3615960465539769228,gateway_calibration,demo_baseline,669.5598953134443,111,758.0031079564033
TR,0,67,4217980209893039974,gateway_calibration,demo_baseline,617.8233757218034,121,758.0031079564033
TR,0,68,33032887258286693,gateway_calibration,demo_baseline,570.8009410645691,121,758.0031079564033
TR,0,69,3732031440977918468,gateway_calibration,demo_baseline,784.8857832525379,127,758.0031079564033
TR,0,70,9093574443760549252,gateway_calibration,demo_baseline,687.2467972335136,127,758.0031079564033
TR,0,71,1501834115190109766,gateway_calibration,demo_baseline,580.5036126476796,105,758.0031079564033
TR,0,72,3719184208185497104,gateway_calibration,demo_baseline,601.0205688514313,101,758.0031079564033
TR,0,73,9172405772083986303,gateway_calibration,demo_baseline,569.1180166087807,116,758.0031079564033
TR,0,74,5767632611189641182,gateway_calibration,demo_baseline,550.3944769216515,95,758.0031079564033
TR,0,75,5449030005287621295,gateway_calibration,demo_baseline,627.9548812942369,128,758.0031079564033
TR,0,76,3834202292530903616,gateway_calibration,demo_baseline,661.0402181088191,112,758.0031079564033
TR,0,77,8964097948973555346,gateway_calibration,demo_baseline,590.4003602392006,111,758.0031079564033
TR,0,78,7408294841758174392,gateway_calibration,demo_baseline,781.9256154851207,119,758.0031079564033
TR,0,79,928188061955059386,gateway_calibration,demo_baseline,645.7882297459032,115,758.0031079564033
TR,0,80,7485212599939073890,gateway_calibration,demo_baseline,666.399912923433,124,758.0031079564033
TR,0,81,1716219131265037271,gateway_calibration,demo_baseline,589.3564982020101,99,758.0031079564033
TR,0,82,5531817019963298171,gateway_calibration,demo_baseline,604.2735182598207,112,758.0031079564033
TR,0,83,970208312528742400,gateway_calibration,demo_baseline,688.8218211024932,109,758.0031079564033
TR,0,84,252084858420651504,gateway_calibration,demo_baseline,534.2976226119663,101,758.0031079564033
TR,0,85,7415770412928426715,gateway_calibration,demo_baseline,551.2288673164157,119,758.0031079564033
TR,0,86,4282122932496699064,gateway_calibration,demo_baseline,608.677182785798,115,758.0031079564033
TR,0,87,6810184368225994318,gateway_calibration,demo_baseline,572.6609456190579,110,758.0031079564033
TR,0,88,5130081572617086193,gateway_calibration,demo_baseline,767.5244353724844,126,758.0031079564033
TR,0,89,5625195383651239532,gateway_calibration,demo_baseline,566.4927301731224,113,758.0031079564033
TR,0,90,1641503838487039102,gateway_calibration,demo_baseline,600.6276771093884,101,758.0031079564033
TR,0,91,5184547923624300161,gateway_calibration,demo_baseline,674.8067069752266,121,758.0031079564033
TR,0,92,4837920668210923402,gateway_calibration,demo_baseline,589.0183951513964,116,758.0031079564033
TR,0,93,7906686899072105176,gateway_calibration,demo_baseline,658.5819738247908,126,758.0031079564033
TR,0,94,8718264264291227157,gateway_calibration,demo_baseline,626.8679364052824,127,758.0031079564033
TR,0,95,2909867375378463490,gateway_calibration,demo_baseline,736.2717581830833,138,758.0031079564033
TR,0,96,2352688926926992155,gateway_calibration,demo_baseline,498.027830704637,109,758.0031079564033
TR,0,97,6290723785325713704,gateway_calibration,demo_baseline,573.4276173842047,110,758.0031079564033
TR,0,98,5566075279150096935,gateway_calibration,demo_baseline,552.0008967380529,103,758.0031079564033
TR,0,99,4716847380824538733,gateway_calibration,demo_baseline,596.5630797628357,101,758.0031079564033
TR,0,100,8470074670548149841,gateway_calibration,demo_baseline,634.9885496127405,116,758.0031079564033
TR,0,101,1503955136689001935,gateway_calibration,demo_baseline,714.124952789401,129,758.0031079564033
TR,0,102,8794138056725432496,gateway_calibration,demo_baseline,656.4738845326516,128,758.0031079564033
TR,0,103,5632517189101638310,gateway_calibration,demo_baseline,564.265088409337,105,758.0031079564033
TR,0,104,3602558368321647793,gateway_calibration,demo_baseline,540.4863746265654,112,758.0031079564033
TR,0,105,5698962862292753754,gateway_calibration,demo_baseline,710.0956331836003,120,758.0031079564033
TR,0,106,1791671003323245850,gateway_calibration,demo_baseline,719.3546600729412,122,758.0031079564033
TR,0,107,6722266094866388049,gateway_calibration,demo_baseline,586.6942130627107,122,758.0031079564033
TR,0,108,5587583978467980530,gateway_calibration,demo_baseline,662.4021039212896,120,758.0031079564033
TR,0,109,7887143927717219946,gateway_calibration,demo_baseline,643.635164964678,124,758.0031079564033
TR,0,110,2896341303762984938,gateway_calibration,demo_baseline,694.7349372606295,124,758.0031079564033
TR,0,111,267730272171403164,gateway_calibration,demo_baseline,636.0894643336018,127,758.0031079564033
TR,0,112,1154468146207280085,gateway_calibration,demo_baseline,755.2403957619115,137,758.0031079564033
TR,0,113,8713220142872797955,gateway_calibration,demo_baseline,946.0827405074228,131,758.0031079564033
TR,0,114,6035769166093233014,gateway_calibration,demo_baseline,783.9632713805117,121,758.0031079564033
TR,0,115,8088477600081614224,gateway_calibration,demo_baseline,661.3904608467993,114,758.0031079564033
TR,0,116,3580974877093780128,gateway_calibration,demo_baseline,539.2535510056753,113,758.0031079564033
TR,0,117,1948064735578018652,gateway_calibration,demo_baseline,606.8025411020379,124,758.0031079564033
TR,0,118,6338730338391468375,gateway_calibration,demo_baseline,546.0817300478983,99,758.0031079564033
TR,0,119,2504394808202294198,gateway_calibration,demo_baseline,458.8747529532779,91,758.0031079564033
TR,0,120,9094870760802143790,gateway_calibration,demo_baseline,681.2937925421152,123,758.0031079564033
TR,0,121,2165453835788187979,gateway_calibration,demo_baseline,605.2022954774262,126,758.0031079564033
TR,0,122,7697386509027993504,gateway_calibration,demo_baseline,718.0940974722591,122,758.0031079564033
TR,0,123,7321729774985577774,gateway_calibration,demo_baseline,623.5125695372575,133,758.0031079564033
TR,0,124,2922523129537045487,gateway_calibration,demo_baseline,610.7662368789278,121,758.0031079564033
TR,0,125,6489010471142708432,gateway_calibration,demo_baseline,587.1879523197077,116,758.0031079564033
TR,0,126,9195654259660616346,gateway_calibration,demo_baseline,417.0636294899663,90,758.0031079564033
TR,0,127,8611724581891789531,gateway_calibration,demo_baseline,605.5282344090359,104,758.0031079564033
TR,0,128,1448834313706516344,gateway_calibration,demo_baseline,671.510370801195,120,758.0031079564033
TR,0,129,5056729092451526651,gateway_calibration,demo_baseline,626.5536887701246,104,758.0031079564033
TR,0,130,4877125099406042108,gateway_calibration,demo_baseline,823.6904280228161,121,758.0031079564033
TR,0,131,1090434710618343596,gateway_calibration,demo_baseline,669.0545197464402,129,758.0031079564033
TR,0,132,8116284168066022423,gateway_calibration,demo_baseline,615.2463287434445,113,758.0031079564033
TR,0,133,930449391265319411,gateway_calibration,demo_baseline,611.8902251630564,109,758.0031079564033
TR,0,134,2141217228029559386,gateway_calibration,demo_baseline,649.4374118324365,117,758.0031079564033
TR,0,135,2937269650150477546,gateway_calibration,demo_baseline,779.0993598267638,101,758.0031079564033
TR,0,136,780340490290687418,gateway_calibration,demo_baseline,839.6101028138528,139,758.0031079564033
TR,0,137,1296719366090248351,gateway_calibration,demo_baseline,835.4471857667224,125,758.0031079564033
TR,0,138,666882052239213364,gateway_calibration,demo_baseline,562.2987818001078,116,758.0031079564033
TR,0,139,5212564412431858176,gateway_calibration,demo_baseline,640.3611616125161,111,758.0031079564033
TR,0,140,7117431033678158629,gateway_calibration,demo_baseline,541.083610790517,96,758.0031079564033
TR,0,141,8505491173785920447,gateway_calibration,demo_baseline,572.5324904725522,116,758.0031079564033
TR,0,142,3395547557400499059,gateway_calibration,demo_baseline,600.7958594870374,103,758.0031079564033
TR,0,143,8418165304890074859,gateway_calibration,demo_baseline,601.4643688346813,112,758.0031079564033
TR,0,144,2007837261655952152,gateway_calibration,demo_baseline,786.0271477597134,118,758.0031079564033
TR,0,145,8814101385134408321,gateway_calibration,demo_baseline,767.1399362629458,109,758.0031079564033
TR,0,146,5648217101265013994,gateway_calibration,demo_baseline,533.0425557943108,103,758.0031079564033
TR,0,147,1896537746564576338,gateway_calibration,demo_baseline,555.8235640949802,111,758.0031079564033
TR,0,148,9130006887677472520,gateway_calibration,demo_baseline,706.2675831948995,132,758.0031079564033
TR,0,149,1264758758955248959,gateway_calibration,demo_baseline,540.9503301708995,110,758.0031079564033
TR,0,150,4533783061701479137,gateway_calibration,demo_baseline,599.4404393941422,113,758.0031079564033
TR,0,151,1562458057317970861,gateway_calibration,demo_baseline,625.7890672016083,131,758.0031079564033
TR,0,152,8513702258583277317,gateway_calibration,demo_baseline,704.3919141462857,117,758.0031079564033
TR,0,153,1853648010272200369,gateway_calibration,demo_baseline,522.1486380872984,96,758.0031079564033
TR,0,154,9007675703549560491,gateway_calibration,demo_baseline,564.8607241099321,106,758.0031079564033
TR,0,155,8356641493771588619,gateway_calibration,demo_baseline,684.6436913632732,112,758.0031079564033
TR,0,156,7171174175869190283,gateway_calibration,demo_baseline,632.8061170831779,123,758.0031079564033
TR,0,157,2467071995669151569,gateway_calibration,demo_baseline,615.7456628896894,109,758.0031079564033
TR,0,158,5235623418950632203,gateway_calibration,demo_baseline,601.2686976101659,121,758.0031079564033
TR,0,159,3752620272243293824,gateway_calibration,demo_baseline,593.5699340963604,116,758.0031079564033
TR,0,160,1031370124548554591,gateway_calibration,demo_baseline,829.5776615148736,139,758.0031079564033
TR,0,161,5230015202787046529,gateway_calibration,demo_baseline,639.2782402469719,98,758.0031079564033
TR,0,162,6845505429077249400,gateway_calibration,demo_baseline,582.2772249957011,111,758.0031079564033
TR,0,163,9149471198719621336,gateway_calibration,demo_baseline,539.8707486950666,114,758.0031079564033
TR,0,164,3077120758853083343,gateway_calibration,demo_baseline,605.7524298594693,118,758.0031079564033
TR,0,165,8283374855743112791,gateway_calibration,demo_baseline,418.7928779677112,93,758.0031079564033
TR,0,166,7749950453860740234,gateway_calibration,demo_baseline,757.9960067192344,129,758.0031079564033
TR,0,167,5983785313524945451,gateway_calibration,demo_baseline,700.4967189504051,111,758.0031079564033
TR,0,168,4791796319233176623,gateway_calibration,demo_baseline,695.3160901056982,118,758.0031079564033
TR,0,169,3462974819450747024,gateway_calibration,demo_baseline,539.6546085162308,114,758.0031079564033
TR,0,170,901493326958798652,gateway_calibration,demo_baseline,765.6445383995894,121,758.0031079564033
TR,0,171,5357176178784045459,gateway_calibration,demo_baseline,758.1380314626114,119,758.0031079564033
TR,0,172,5153595201328502726,gateway_calibration,demo_baseline,662.1745768490417,115,758.0031079564033
TR,0,173,1979835884641107495,gateway_calibration,demo_baseline,557.8294741346309,116,758.0031079564033
TR,0,174,8262167455252274255,gateway_calibration,demo_baseline,577.592853718129,109,758.0031079564033
TR,0,175,4285948052699240134,gateway_calibration,demo_baseline,648.4475603020568,118,758.0031079564033
TR,0,176,6109496220389364882,gateway_calibration,demo_baseline,624.9826497424881,98,758.0031079564033
TR,0,177,7552224374279538943,gateway_calibration,demo_baseline,508.41510902943554,109,758.0031079564033
TR,0,178,1728173964939092735,gateway_calibration,demo_baseline,650.4927294351194,110,758.0031079564033
TR,0,179,2650469313685312442,gateway_calibration,demo_baseline,838.9170441943367,135,758.0031079564033
TR,0,180,5718449713044953512,gateway_calibration,demo_baseline,528.0887866455842,118,758.0031079564033
TR,0,181,1492659016603241205,gateway_calibration,demo_baseline,723.0261181750949,110,758.0031079564033
TR,0,182,535247246422614058,gateway_calibration,demo_baseline,524.7255947584156,114,758.0031079564033
TR,0,183,3197788044157398014,gateway_calibration,demo_baseline,738.2331997242375,120,758.0031079564033
TR,0,184,5763562862450748098,gateway_calibration,demo_baseline,585.5361265246535,106,758.0031079564033
TR,0,185,2208041371230569871,gateway_calibration,demo_baseline,582.1388387229524,113,758.0031079564033
TR,0,186,2390072761593403123,gateway_calibration,demo_baseline,680.7530743179085,113,758.0031079564033
TR,0,187,2914466717151289796,gateway_calibration,demo_baseline,520.4214469704449,109,758.0031079564033
TR,0,188,6403786249146497722,gateway_calibration,demo_baseline,596.6496266774284,110,758.0031079564033
TR,0,189,4581939639143176091,gateway_calibration,demo_baseline,721.6442850366593,124,758.0031079564033
TR,0,190,5910550828980559089,gateway_calibration,demo_baseline,604.7435219683646,114,758.0031079564033
TR,0,191,7180216591584333200,gateway_calibration,demo_baseline,747.6793183895527,131,758.0031079564033
TR,0,192,7688326597820127309,gateway_calibration,demo_baseline,637.5132926745026,104,758.0031079564033
TR,0,193,4031383409100757122,gateway_calibration,demo_baseline,665.2353272861978,104,758.0031079564033
TR,0,194,5501453566784150561,gateway_calibration,demo_baseline,512.9651662611168,111,758.0031079564033
TR,0,195,6680919148170186388,gateway_calibration,demo_baseline,598.5505796368878,112,758.0031079564033
TR,0,196,1580444820580270162,gateway_calibration,demo_baseline,610.2177426298351,103,758.0031079564033
TR,0,197,5092093306559848124,gateway_calibration,demo_baseline,590.3640676219943,112,758.0031079564033
TR,0,198,6548828657319071689,gateway_calibration,demo_baseline,682.3429638316144,122,758.0031079564033
TR,0,199,3782994564758821540,gateway_calibration,demo_baseline,609.5722957081276,122,758.0031079564033
TR,0,200,3316059072327410470,gateway_calibration,demo_baseline,654.0714589032008,103,758.0031079564033
TR,0,201,1344757814436651228,gateway_calibration,demo_baseline,684.2591684596299,109,758.0031079564033
TR,0,202,2321077815717790574,gateway_calibration,demo_baseline,695.9104337109277,124,758.0031079564033
TR,0,203,8460831654017076036,gateway_calibration,demo_baseline,630.432518653812,105,758.0031079564033
TR,0,204,8486485984607597769,gateway_calibration,demo_baseline,560.0369749937403,109,758.0031079564033
TR,0,205,4695607381425377249,gateway_calibration,demo_baseline,613.545834247832,113,758.0031079564033
TR,0,206,5428342095475652627,gateway_calibration,demo_baseline,724.645238827949,115,758.0031079564033
TR,0,207,7172690414485997889,gateway_calibration,demo_baseline,608.5205641408357,102,758.0031079564033
TR,0,208,3691891637570093883,gateway_calibration,demo_baseline,564.7289119728804,104,758.0031079564033
TR,0,209,4436702724101764042,gateway_calibration,demo_baseline,548.1263863579229,102,758.0031079564033
TR,0,210,3222560079461064725,gateway_calibration,demo_baseline,833.8711538592928,126,758.0031079564033
TR,0,211,2319119475146473973,gateway_calibration,demo_baseline,695.8645608607796,116,758.0031079564033
TR,0,212,6995240845176013740,gateway_calibration,demo_baseline,565.7634121998738,119,758.0031079564033
TR,0,213,2789118765205676823,gateway_calibration,demo_baseline,655.8352018351819,122,758.0031079564033
TR,0,214,697247785311207458,gateway_calibration,demo_baseline,572.1828740117173,112,758.0031079564033
TR,0,215,5675595149331503692,gateway_calibration,demo_baseline,641.5818400788559,123,758.0031079564033
TR,0,216,6698372954764486221,gateway_calibration,demo_baseline,668.0001167662524,124,758.0031079564033
TR,0,217,6413317880313004516,gateway_calibration,demo_baseline,678.514841590211,121,758.0031079564033
TR,0,218,4549789470635874342,gateway_calibration,demo_baseline,534.1045040396169,104,758.0031079564033
TR,0,219,3441968344298423513,gateway_calibration,demo_baseline,777.378412585951,137,758.0031079564033
TR,0,220,5272754647303660162,gateway_calibration,demo_baseline,722.4453577287272,124,758.0031079564033
TR,0,221,7212903701010774046,gateway_calibration,demo_baseline,620.1482528866181,114,758.0031079564033
TR,0,222,4550999697970546720,gateway_calibration,demo_baseline,628.5292016584276,120,758.0031079564033
TR,0,223,1354733439140740597,gateway_calibration,demo_baseline,605.5041238003869,114,758.0031079564033
TR,0,224,6791149299697333199,gateway_calibration,demo_baseline,650.0324597726145,109,758.0031079564033
TR,0,225,880879331657749780,gateway_calibration,demo_baseline,663.1754058213688,119,758.0031079564033
TR,0,226,3660022459553874876,gateway_calibration,demo_baseline,606.0124549860366,107,758.0031079564033
TR,0,227,3900288407078497057,gateway_calibration,demo_baseline,665.1899320468593,125,758.0031079564033
TR,0,228,6067471802447798553,gateway_calibration,demo_baseline,624.2925345289068,107,758.0031079564033
TR,0,229,2784160761170821184,gateway_calibration,demo_baseline,442.22663362835743,96,758.0031079564033
TR,0,230,5757712658378318815,gateway_calibration,demo_baseline,560.6440604338352,111,758.0031079564033
TR,0,231,3074695837552141410,gateway_calibration,demo_baseline,585.6815865450649,112,758.0031079564033
TR,0,232,4138826186763683038,gateway_calibration,demo_baseline,568.5095100601808,118,758.0031079564033
TR,0,233,6886196601187195401,gateway_calibration,demo_baseline,613.1572234209526,122,758.0031079564033
TR,0,234,4884081372703464122,gateway_calibration,demo_baseline,693.3825730843083,126,758.0031079564033
TR,0,235,719024153553429344,gateway_calibration,demo_baseline,544.7361645443765,103,758.0031079564033
TR,0,236,252602296188566110,gateway_calibration,demo_baseline,543.1336565486987,115,758.0031079564033
TR,0,237,6788018122256288538,gateway_calibration,demo_baseline,534.4225239507908,112,758.0031079564033
TR,0,238,4291179444116555943,gateway_calibration,demo_baseline,457.9389269634143,109,758.0031079564033
TR,0,239,4970162538721022992,gateway_calibration,demo_baseline,597.9748603798506,108,758.0031079564033
TR,0,240,5328828485663844829,gateway_calibration,demo_baseline,549.4279984529728,110,758.0031079564033
TR,0,241,1542934860762731847,gateway_calibration,demo_baseline,485.65268826420686,95,758.0031079564033
TR,0,242,3634154983020135166,gateway_calibration,demo_baseline,717.5631847273712,122,758.0031079564033
TR,0,243,5524906513777752305,gateway_calibration,demo_baseline,557.890518629214,114,758.0031079564033
TR,0,244,5842857672746688499,gateway_calibration,demo_baseline,586.6715555085614,115,758.0031079564033
TR,0,245,305805400753337967,gateway_calibration,demo_baseline,668.8438652131373,105,758.0031079564033
TR,0,246,7018134088344316960,gateway_calibration,demo_baseline,679.6533015286619,121,758.0031079564033
TR,0,247,2869086283120500654,gateway_calibration,demo_baseline,737.565721599433,121,758.0031079564033
TR,0,248,4680055240870616502,gateway_calibration,demo_baseline,739.0064902098295,135,758.0031079564033
TR,0,249,6098378821519789747,gateway_calibration,demo_baseline,601.7664723940442,112,758.0031079564033
TR,0,250,4972601797246565644,gateway_calibration,demo_baseline,478.09762880202885,98,758.0031079564033
TR,0,251,6391780147397098913,gateway_calibration,demo_baseline,523.1737480806219,114,758.0031079564033
TR,0,252,7578964232144426240,gateway_calibration,demo_baseline,631.1328050263776,112,758.0031079564033
TR,0,253,6018914585757077245,gateway_calibration,demo_baseline,603.2126521124297,110,758.0031079564033
TR,0,254,3845587679852497570,gateway_calibration,demo_baseline,605.485159571809,118,758.0031079564033
TR,0,255,2602475194366437553,gateway_calibration,demo_baseline,637.8003507024246,132,758.0031079564033
TR,0,256,2275264091302005333,gateway_calibration,demo_baseline,671.3066182060277,114,758.0031079564033
TR,0,257,3640779419959058048,gateway_calibration,demo_baseline,659.799817054216,104,758.0031079564033
TR,0,258,2902044101123999621,gateway_calibration,demo_baseline,543.7258318028798,104,758.0031079564033
TR,0,259,5257429146033637013,gateway_calibration,demo_baseline,673.0968955788499,136,758.0031079564033
TR,0,260,8973829787450241323,gateway_calibration,demo_baseline,586.4786516294635,112,758.0031079564033
TR,0,261,7129268194653962191,gateway_calibration,demo_baseline,618.300795339252,112,758.0031079564033
TR,0,262,428514408067028326,gateway_calibration,demo_baseline,589.9023089558697,120,758.0031079564033
TR,0,263,450391734225179511,gateway_calibration,demo_baseline,664.7611425349053,124,758.0031079564033
TR,0,264,350498705530704675,gateway_calibration,demo_baseline,613.4915480108372,128,758.0031079564033
TR,0,265,4378452547418604548,gateway_calibration,demo_baseline,544.21984957898,111,758.0031079564033
TR,0,266,5988273772784979859,gateway_calibration,demo_baseline,581.2003120925983,120,758.0031079564033
TR,0,267,5544912495736158303,gateway_calibration,demo_baseline,592.4204720634946,106,758.0031079564033
TR,0,268,5098983340188231714,gateway_calibration,demo_baseline,530.0606181363896,100,758.0031079564033
TR,0,269,6867806209562392102,gateway_calibration,demo_baseline,668.3088158415069,119,758.0031079564033
TR,0,270,4157858621481595890,gateway_calibration,demo_baseline,653.3983090515874,125,758.0031079564033
TR,0,271,7345984190921269327,gateway_calibration,demo_baseline,578.1028106935327,108,758.0031079564033
TR,0,272,5013036556916261516,gateway_calibration,demo_baseline,517.2848549764908,110,758.0031079564033
TR,0,273,561440655495539705,gateway_calibration,demo_baseline,514.4875972610166,104,758.0031079564033
TR,0,274,6779705026307672384,gateway_calibration,demo_baseline,562.6036247738992,116,758.0031079564033
TR,0,275,779178054385578192,gateway_calibration,demo_baseline,572.1976240475249,115,758.0031079564033
TR,0,276,6114476395763125383,gateway_calibration,demo_baseline,676.0668968695992,103,758.0031079564033
TR,0,277,460083724416504224,gateway_calibration,demo_baseline,671.2813317474344,129,758.0031079564033
TR,0,278,6205406773791553667,gateway_calibration,demo_baseline,541.8241496586667,109,758.0031079564033
TR,0,279,1836505491902505730,gateway_calibration,demo_baseline,613.4313077975816,116,758.0031079564033
TR,0,280,8454988613192551411,gateway_calibration,demo_baseline,610.2349951779538,117,758.0031079564033
TR,0,281,8504606176565967006,gateway_calibration,demo_baseline,680.471576399109,126,758.0031079564033
TR,0,282,4821643787131606462,gateway_calibration,demo_baseline,548.7131236318453,103,758.0031079564033
TR,0,283,9085083802316209906,gateway_calibration,demo_baseline,531.4828838238943,120,758.0031079564033
TR,0,284,8872492030795481288,gateway_calibration,demo_baseline,567.8468631315567,96,758.0031079564033
TR,0,285,2739018806302587920,gateway_calibration,demo_baseline,664.2134486774439,108,758.0031079564033
TR,0,286,3540807549326518159,gateway_calibration,demo_baseline,461.5089316529723,94,758.0031079564033
TR,0,287,7983042736948422457,gateway_calibration,demo_baseline,562.322320227425,122,758.0031079564033
TR,0,288,5670882936725039033,gateway_calibration,demo_baseline,525.2398938146141,97,758.0031079564033
TR,0,289,6096481600158611253,gateway_calibration,demo_baseline,688.3042485970271,120,758.0031079564033
TR,0,290,5071213621213276124,gateway_calibration,demo_baseline,557.1335682750849,104,758.0031079564033
TR,0,291,8520148192215515609,gateway_calibration,demo_baseline,553.7874192707488,127,758.0031079564033
TR,0,292,2181909951561122201,gateway_calibration,demo_baseline,664.6592400809322,127,758.0031079564033
TR,0,293,4940352122218269506,gateway_calibration,demo_baseline,557.5334358036523,119,758.0031079564033
TR,0,294,3900267518904945756,gateway_calibration,demo_baseline,654.4190217779162,111,758.0031079564033
TR,0,295,4945420140145470658,gateway_calibration,demo_baseline,502.6407512861824,112,758.0031079564033
TR,0,296,6180800711208425053,gateway_calibration,demo_baseline,723.0867676121411,107,758.0031079564033
TR,0,297,3354414107971633176,gateway_calibration,demo_baseline,774.7607131324983,133,758.0031079564033
TR,0,298,3953975775739114465,gateway_calibration,demo_baseline,777.4582638404652,130,758.0031079564033
TR,0,299,2908575211460700387,gateway_calibration,demo_baseline,593.9444315608089,115,758.0031079564033
TR,0,300,4903836877864497610,gateway_calibration,demo_baseline,553.376616335844,98,758.0031079564033
TR,0,301,7386532159595912488,gateway_calibration,demo_baseline,454.1208967706512,107,758.0031079564033
TR,0,302,8388782213872284398,gateway_calibration,demo_baseline,714.4008545087119,123,758.0031079564033
TR,0,303,1393144012727543054,gateway_calibration,demo_baseline,779.7947735248347,122,758.0031079564033
TR,0,304,4082012189141427233,gateway_calibration,demo_baseline,696.7004151859401,131,758.0031079564033
TR,0,305,4459480656772073610,gateway_calibration,demo_baseline,629.4206012357088,116,758.0031079564033
TR,0,306,609008095321826344,gateway_calibration,demo_baseline,538.1662485786122,106,758.0031079564033
TR,0,307,1297164830418504831,gateway_calibration,demo_baseline,632.7484709627555,124,758.0031079564033
TR,0,308,4196072016588728129,gateway_calibration,demo_baseline,562.0355624104353,108,758.0031079564033
TR,0,309,6700343629402215996,gateway_calibration,demo_baseline,739.3154163478509,112,758.0031079564033
TR,0,310,5107923137872779465,gateway_calibration,demo_baseline,596.2024024211966,115,758.0031079564033
TR,0,311,1448018169069134656,gateway_calibration,demo_baseline,633.2211012691574,113,758.0031079564033
TR,0,312,7175041462103168150,gateway_calibration,demo_baseline,602.5212288010241,107,758.0031079564033
TR,0,313,7644539591089005185,gateway_calibration,demo_baseline,649.3599546729963,103,758.0031079564033
TR,0,314,917104345426733412,gateway_calibration,demo_baseline,728.7184901698986,116,758.0031079564033
TR,0,315,3315832376715362197,gateway_calibration,demo_baseline,685.1762577039161,119,758.0031079564033
TR,0,316,4771888824917196380,gateway_calibration,demo_baseline,573.5329313238103,108,758.0031079564033
TR,0,317,2904422162266789077,gateway_calibration,demo_baseline,578.107970051937,118,758.0031079564033
TR,0,318,4875377637415319469,gateway_calibration,demo_baseline,593.862265921285,112,758.0031079564033
TR,0,319,1896034548771775694,gateway_calibration,demo_baseline,681.2611340378079,121,758.0031079564033
TR,0,320,9153008683854582890,gateway_calibration,demo_baseline,504.57758659760674,113,758.0031079564033
TR,0,321,7252447629751555030,gateway_calibration,demo_baseline,713.9961367868917,129,758.0031079564033
TR,0,322,4896834891793189394,gateway_calibration,demo_baseline,603.1060025422639,113,758.0031079564033
TR,0,323,2563376768114063369,gateway_calibration,demo_baseline,530.4610938095357,113,758.0031079564033
TR,0,324,5779284534882356502,gateway_calibration,demo_baseline,585.3246949934783,109,758.0031079564033
TR,0,325,2334793133521143723,gateway_calibration,demo_baseline,804.7152765305386,118,758.0031079564033
TR,0,326,6619181468482370868,gateway_calibration,demo_baseline,643.5989063649557,109,758.0031079564033
TR,0,327,395168661834813690,gateway_calibration,demo_baseline,660.3682364934909,119,758.0031079564033
TR,0,328,991261643617793863,gateway_calibration,demo_baseline,637.3844397396576,111,758.0031079564033
TR,0,329,6267830003410274534,gateway_calibration,demo_baseline,602.9829205099147,109,758.0031079564033
TR,0,330,956203288752655240,gateway_calibration,demo_baseline,530.8029723292925,112,758.0031079564033
TR,0,331,8138790618057904739,gateway_calibration,demo_baseline,570.3216270056321,106,758.0031079564033
TR,0,332,5725046464854504231,gateway_calibration,demo_baseline,624.5410373111969,116,758.0031079564033
TR,0,333,748030304180828546,gateway_calibration,demo_baseline,643.0816380452137,107,758.0031079564033
TR,0,334,1330382898056134379,gateway_calibration,demo_baseline,721.8588333092126,129,758.0031079564033
TR,0,335,922434892680131968,gateway_calibration,demo_baseline,523.5176593536798,117,758.0031079564033
TR,0,336,435989896948632755,gateway_calibration,demo_baseline,529.5154348675371,118,758.0031079564033
TR,0,337,732747586885455818,gateway_calibration,demo_baseline,590.7442046276935,118,758.0031079564033
TR,0,338,970222675320468132,gateway_calibration,demo_baseline,700.5831330828079,132,758.0031079564033
TR,0,339,2946774876452087043,gateway_calibration,demo_baseline,654.2079579620435,118,758.0031079564033
TR,0,340,5221103150038829266,gateway_calibration,demo_baseline,620.5406094213807,130,758.0031079564033
TR,0,341,5287879766628392898,gateway_calibration,demo_baseline,517.2350137768059,104,758.0031079564033
TR,0,342,8841166382583490764,gateway_calibration,demo_baseline,546.9953458130808,111,758.0031079564033
TR,0,343,2807605648125254114,gateway_calibration,demo_baseline,691.1150875963874,127,758.0031079564033
TR,0,344,724669813920044435,gateway_calibration,demo_baseline,613.9797056660911,126,758.0031079564033
TR,0,345,9193719868289399879,gateway_calibration,demo_baseline,639.4305289146002,104,758.0031079564033
TR,0,346,2168380945468024933,gateway_calibration,demo_baseline,605.6827734493627,125,758.0031079564033
TR,0,347,5644094711441532724,gateway_calibration,demo_baseline,579.8385520162534,101,758.0031079564033
TR,0,348,1527533214736082302,gateway_calibration,demo_baseline,590.8906414680002,91,758.0031079564033
TR,0,349,6808820829508605033,gateway_calibration,demo_baseline,551.6096788681034,100,758.0031079564033
TR,0,350,4630569217714926362,gateway_calibration,demo_baseline,624.5418621012698,112,758.0031079564033
TR,0,351,7362933335203040786,gateway_calibration,demo_baseline,639.8929760892951,116,758.0031079564033
TR,0,352,4509939136455276937,gateway_calibration,demo_baseline,735.9254730360303,138,758.0031079564033
TR,0,353,7539434944588084881,gateway_calibration,demo_baseline,563.5423783868488,107,758.0031079564033
TR,0,354,7220436068502809269,gateway_calibration,demo_baseline,587.8685993814915,113,758.0031079564033
TR,0,355,4961484306601340854,gateway_calibration,demo_baseline,648.4560212635881,129,758.0031079564033
TR,0,356,5598817859350072359,gateway_calibration,demo_baseline,667.4821316657108,123,758.0031079564033
TR,0,357,4635734721926039829,gateway_calibration,demo_baseline,694.8955540823405,116,758.0031079564033
TR,0,358,5503454618308885033,gateway_calibration,demo_baseline,675.4229310115963,109,758.0031079564033
TR,0,359,2070120615290398061,gateway_calibration,demo_baseline,712.1883584505553,121,758.0031079564033
TR,0,360,6790344497697508775,gateway_calibration,demo_baseline,498.9249857516165,97,758.0031079564033
TR,0,361,6133402451080802469,gateway_calibration,demo_baseline,545.2024892812304,107,758.0031079564033
TR,0,362,5483969997155994674,gateway_calibration,demo_baseline,602.7005793465382,101,758.0031079564033
TR,0,363,7744797564353800551,gateway_calibration,demo_baseline,750.320019828654,110,758.0031079564033
TR,0,364,9207804563799566767,gateway_calibration,demo_baseline,594.818146442603,119,758.0031079564033
TR,0,365,8403725493006344235,gateway_calibration,demo_baseline,564.3924829570547,116,758.0031079564033
TR,0,366,2299962493237537829,gateway_calibration,demo_baseline,573.2899579701901,110,758.0031079564033
TR,0,367,7898974677071222241,gateway_calibration,demo_baseline,582.1635275509038,100,758.0031079564033
TR,0,368,920256185645332992,gateway_calibration,demo_baseline,570.4206715784065,110,758.0031079564033
TR,0,369,5652211910218317312,gateway_calibration,demo_baseline,652.362801622827,114,758.0031079564033
TR,0,370,557983661327952205,gateway_calibration,demo_baseline,678.4909777699501,125,758.0031079564033
TR,0,371,180584038616361606,gateway_calibration,demo_baseline,569.8010355966629,126,758.0031079564033
TR,0,372,2118672259348573123,gateway_calibration,demo_baseline,617.0232121487251,122,758.0031079564033
TR,0,373,946633376190957525,gateway_calibration,demo_baseline,621.7383127829141,120,758.0031079564033
TR,0,374,7776809035172248507,gateway_calibration,demo_baseline,556.2589029314048,114,758.0031079564033
TR,0,375,5057011340481149981,gateway_calibration,demo_baseline,658.212003427617,132,758.0031079564033
TR,0,376,902434670177957540,gateway_calibration,demo_baseline,465.76091629678615,90,758.0031079564033
TR,0,377,4687519138820340824,gateway_calibration,demo_baseline,648.7671233023747,117,758.0031079564033
TR,0,378,7918182370573786192,gateway_calibration,demo_baseline,647.0084616169812,121,758.0031079564033
TR,0,379,8516539765133230055,gateway_calibration,demo_baseline,528.7350997082262,104,758.0031079564033
TR,0,380,4035639091346989370,gateway_calibration,demo_baseline,519.7176062169756,96,758.0031079564033
TR,0,381,2957568317347461173,gateway_calibration,demo_baseline,572.6454623368479,113,758.0031079564033
TR,0,382,5831424299688710136,gateway_calibration,demo_baseline,646.928902604097,104,758.0031079564033
TR,0,383,4235982032803122987,gateway_calibration,demo_baseline,520.7593168685562,108,758.0031079564033
TR,0,384,5242466503248424189,gateway_calibration,demo_baseline,576.1377173289053,120,758.0031079564033
TR,0,385,3042607602535236789,gateway_calibration,demo_baseline,667.3418640845091,115,758.0031079564033
TR,0,386,6424264480576259736,gateway_calibration,demo_baseline,661.9267267964441,112,758.0031079564033
TR,0,387,7139525916892896697,gateway_calibration,demo_baseline,564.0064787858274,120,758.0031079564033
TR,0,388,2871018290243345934,gateway_calibration,demo_baseline,692.9939639689101,119,758.0031079564033
TR,0,389,5080549358270517873,gateway_calibration,demo_baseline,690.4520003348935,113,758.0031079564033
TR,0,390,7730788428094880734,gateway_calibration,demo_baseline,556.07286144426,116,758.0031079564033
TR,0,391,8706338493536665682,gateway_calibration,demo_baseline,658.4692227258153,122,758.0031079564033
TR,0,392,3437775412588874482,gateway_calibration,demo_baseline,776.4421694166225,136,758.0031079564033
TR,0,393,4369312152269912725,gateway_calibration,demo_baseline,677.4552898805231,110,758.0031079564033
TR,0,394,5566569744910271595,gateway_calibration,demo_baseline,740.4949875102917,121,758.0031079564033
TR,0,395,4972619668235336560,gateway_calibration,demo_baseline,759.1079929376963,124,758.0031079564033
TR,0,396,6595541786026754683,gateway_calibration,demo_baseline,497.35062377058784,103,758.0031079564033
TR,0,397,5201339619156383885,gateway_calibration,demo_baseline,527.7655146270235,112,758.0031079564033
TR,0,398,3244040589457057022,gateway_calibration,demo_baseline,805.0677864416499,130,758.0031079564033
TR,0,399,4644508086910420523,gateway_calibration,demo_baseline,719.6546933768059,120,758.0031079564033
TR,0,400,7841031463629179394,gateway_calibration,demo_baseline,584.0936545022208,109,758.0031079564033
TR,0,401,8232982785784579773,gateway_calibration,demo_baseline,558.4105615927333,117,758.0031079564033
TR,0,402,7907632682065280681,gateway_calibration,demo_baseline,645.6817054519101,108,758.0031079564033
TR,0,403,5531104558922077189,gateway_calibration,demo_baseline,708.0733860546795,119,758.0031079564033
TR,0,404,7072327432529441300,gateway_calibration,demo_baseline,643.0238256784181,111,758.0031079564033
TR,0,405,353413172966867111,gateway_calibration,demo_baseline,617.8243199623157,123,758.0031079564033
TR,0,406,8511684322371021722,gateway_calibration,demo_baseline,670.1573607153181,117,758.0031079564033
TR,0,407,7411813376519884947,gateway_calibration,demo_baseline,597.3949533788244,112,758.0031079564033
TR,0,408,8201897029142939318,gateway_calibration,demo_baseline,773.2527028857797,141,758.0031079564033
TR,0,409,447532563830983735,gateway_calibration,demo_baseline,570.347209872426,106,758.0031079564033
TR,0,410,41705391021795322,gateway_calibration,demo_baseline,638.1955636070717,117,758.0031079564033
TR,0,411,3904513214821619643,gateway_calibration,demo_baseline,691.440090163925,125,758.0031079564033
TR,0,412,6671949155609610360,gateway_calibration,demo_baseline,715.037276737264,130,758.0031079564033
TR,0,413,8075490353849575194,gateway_calibration,demo_baseline,699.7133478418287,123,758.0031079564033
TR,0,414,8218828291617039034,gateway_calibration,demo_baseline,533.3321103252979,112,758.0031079564033
TR,0,415,599174778557199927,gateway_calibration,demo_baseline,713.4845993689465,123,758.0031079564033
TR,0,416,5843918754888924036,gateway_calibration,demo_baseline,563.5067430615052,108,758.0031079564033
TR,0,417,5240082086452834136,gateway_calibration,demo_baseline,699.1771151332986,113,758.0031079564033
TR,0,418,6084862542806147362,gateway_calibration,demo_baseline,683.7871388211208,118,758.0031079564033
TR,0,419,8697155797407714169,gateway_calibration,demo_baseline,680.2158476402865,117,758.0031079564033
TR,0,420,2146258153113331986,gateway_calibration,demo_baseline,449.3100930422875,91,758.0031079564033
TR,0,421,851636477210941311,gateway_calibration,demo_baseline,591.2199475051682,107,758.0031079564033
TR,0,422,8463155567722574954,gateway_calibration,demo_baseline,699.7583922648045,118,758.0031079564033
TR,0,423,60998527403926093,gateway_calibration,demo_baseline,690.0975238268625,116,758.0031079564033
TR,0,424,6560111182898924621,gateway_calibration,demo_baseline,631.4305268294245,115,758.0031079564033
TR,0,425,7548447290821208737,gateway_calibration,demo_baseline,524.9526657878358,107,758.0031079564033
TR,0,426,6972812532810471335,gateway_calibration,demo_baseline,678.6119427595414,122,758.0031079564033
TR,0,427,2456172798974502375,gateway_calibration,demo_baseline,768.736426775051,142,758.0031079564033
TR,0,428,2764345702009170261,gateway_calibration,demo_baseline,539.1282503809068,112,758.0031079564033
TR,0,429,7824580649061692102,gateway_calibration,demo_baseline,488.7773827601483,107,758.0031079564033
TR,0,430,8204465112937938465,gateway_calibration,demo_baseline,572.7654041605065,110,758.0031079564033
TR,0,431,3272814857496890456,gateway_calibration,demo_baseline,596.1948827869444,117,758.0031079564033
TR,0,432,6108293578492825917,gateway_calibration,demo_baseline,491.6202754090384,101,758.0031079564033
TR,0,433,6044441302596166590,gateway_calibration,demo_baseline,539.6546482277714,110,758.0031079564033
TR,0,434,8033833667278283228,gateway_calibration,demo_baseline,508.47340110460954,112,758.0031079564033
TR,0,435,2298543305245125093,gateway_calibration,demo_baseline,715.5144890835736,129,758.0031079564033
TR,0,436,8372065226837947331,gateway_calibration,demo_baseline,633.0529068041184,115,758.0031079564033
TR,0,437,2851940333479933933,gateway_calibration,demo_baseline,553.1327327619387,102,758.0031079564033
TR,0,438,4783449089297395009,gateway_calibration,demo_baseline,753.8091326942499,120,758.0031079564033
TR,0,439,147866360773237474,gateway_calibration,demo_baseline,515.4751536108163,101,758.0031079564033
TR,0,440,8901439967527660346,gateway_calibration,demo_baseline,720.0988464630165,126,758.0031079564033
TR,0,441,2792232151273404527,gateway_calibration,demo_baseline,624.6135234875821,125,758.0031079564033
TR,0,442,382613022610398154,gateway_calibration,demo_baseline,631.0777391262151,98,758.0031079564033
TR,0,443,171228715638799319,gateway_calibration,demo_baseline,614.8849212044528,109,758.0031079564033
TR,0,444,8571593497970036836,gateway_calibration,demo_baseline,641.0581069341657,122,758.0031079564033
TR,0,445,4366849703295644533,gateway_calibration,demo_baseline,517.541405688717,104,758.0031079564033
TR,0,446,6782997397502995722,gateway_calibration,demo_baseline,691.0538331615061,111,758.0031079564033
TR,0,447,7917843585078365999,gateway_calibration,demo_baseline,502.932936575511,105,758.0031079564033
TR,0,448,2812367788688793005,gateway_calibration,demo_baseline,560.3369562911308,122,758.0031079564033
TR,0,449,7493121710195197254,gateway_calibration,demo_baseline,677.4885632594596,134,758.0031079564033
TR,0,450,6030005951941056987,gateway_calibration,demo_baseline,648.0449867477646,118,758.0031079564033
TR,0,451,8664064992866167798,gateway_calibration,demo_baseline,613.8753282486598,114,758.0031079564033
TR,0,452,6153711295301895373,gateway_calibration,demo_baseline,567.3660715805313,113,758.0031079564033
TR,0,453,6140452652400077667,gateway_calibration,demo_baseline,628.0787878506634,122,758.0031079564033
TR,0,454,2362028261146403341,gateway_calibration,demo_baseline,602.4409446750826,107,758.0031079564033
TR,0,455,1527659212651131902,gateway_calibration,demo_baseline,637.9075487576426,105,758.0031079564033
TR,0,456,6965586418758067723,gateway_calibration,demo_baseline,702.796945952035,127,758.0031079564033
TR,0,457,2328705157365786058,gateway_calibration,demo_baseline,678.78800218785,114,758.0031079564033
TR,0,458,8627453351209006728,gateway_calibration,demo_baseline,464.70946718409823,102,758.0031079564033
TR,0,459,6762091561199013355,gateway_calibration,demo_baseline,586.8272710931316,120,758.0031079564033
TR,0,460,35797407215450159,gateway_calibration,demo_baseline,486.95060129052666,114,758.0031079564033
TR,0,461,8996018168165991940,gateway_calibration,demo_baseline,594.9188372496443,103,758.0031079564033
TR,0,462,4161649660130098159,gateway_calibration,demo_baseline,644.7890087925654,117,758.0031079564033
TR,0,463,3125315802730219311,gateway_calibration,demo_baseline,657.1383265461209,119,758.0031079564033
TR,0,464,4730919350998797823,gateway_calibration,demo_baseline,745.0546969582691,133,758.0031079564033
TR,0,465,5887417048678105037,gateway_calibration,demo_baseline,540.967104310465,121,758.0031079564033
TR,0,466,8006249585052249909,gateway_calibration,demo_baseline,663.0698746931746,119,758.0031079564033
TR,0,467,4262993223147639821,gateway_calibration,demo_baseline,564.8295025421139,101,758.0031079564033
TR,0,468,8569733994700730179,gateway_calibration,demo_baseline,765.9970777307435,139,758.0031079564033
TR,0,469,7621568008776433648,gateway_calibration,demo_baseline,458.2773825042489,104,758.0031079564033
TR,0,470,3590273536499534933,gateway_calibration,demo_baseline,731.9620005940974,136,758.0031079564033
TR,0,471,8470413163135638497,gateway_calibration,demo_baseline,729.6654928960959,119,758.0031079564033
TR,0,472,5206952050406431112,gateway_calibration,demo_baseline,676.6964197075304,119,758.0031079564033
TR,0,473,3773574963963210045,gateway_calibration,demo_baseline,632.0346286206712,120,758.0031079564033
TR,0,474,4982811183350980889,gateway_calibration,demo_baseline,542.2315777716832,106,758.0031079564033
TR,0,475,6581002148410550314,gateway_calibration,demo_baseline,715.2856759891495,123,758.0031079564033
TR,0,476,8597790491737484183,gateway_calibration,demo_baseline,757.8642349275437,105,758.0031079564033
TR,0,477,7534454940188095949,gateway_calibration,demo_baseline,628.2865822592712,119,758.0031079564033
TR,0,478,6416668087006220254,gateway_calibration,demo_baseline,738.8372682422578,136,758.0031079564033
TR,0,479,4940910680809164190,gateway_calibration,demo_baseline,709.3712590814479,126,758.0031079564033
TR,0,480,1806148972349122469,gateway_calibration,demo_baseline,652.6611659639022,122,758.0031079564033
TR,0,481,7776131003424588158,gateway_calibration,demo_baseline,526.2719358590301,109,758.0031079564033
TR,0,482,2055160029094189052,gateway_calibration,demo_baseline,734.9244836321567,115,758.0031079564033
TR,0,483,3298190011564141354,gateway_calibration,demo_baseline,675.1411289600879,123,758.0031079564033
TR,0,484,29695539571563089,gateway_calibration,demo_baseline,669.908158937533,101,758.0031079564033
TR,0,485,5042743844161026951,gateway_calibration,demo_baseline,590.4328418276601,104,758.0031079564033
TR,0,486,2795319694385841020,gateway_calibration,demo_baseline,697.397451718062,133,758.0031079564033
TR,0,487,8816817220155134833,gateway_calibration,demo_baseline,627.5393100714302,114,758.0031079564033
TR,0,488,5981385468962749063,gateway_calibration,demo_baseline,717.3021084057366,122,758.0031079564033
TR,0,489,7408978145346011316,gateway_calibration,demo_baseline,628.5340063596437,113,758.0031079564033
TR,0,490,2833281994398575940,gateway_calibration,demo_baseline,702.4057785645945,107,758.0031079564033
TR,0,491,6210581441769880254,gateway_calibration,demo_baseline,639.1181339630529,96,758.0031079564033
TR,0,492,6615887561044460182,gateway_calibration,demo_baseline,731.4546765115629,109,758.0031079564033
TR,0,493,6008584654636874900,gateway_calibration,demo_baseline,620.626960750616,113,758.0031079564033
TR,0,494,3094690860868853496,gateway_calibration,demo_baseline,542.1905230852132,107,758.0031079564033
TR,0,495,7572989369574107161,gateway_calibration,demo_baseline,557.030037436144,105,758.0031079564033
TR,0,496,7572123636788302563,gateway_calibration,demo_baseline,528.945741895886,108,758.0031079564033
TR,0,497,4189259063814042139,gateway_calibration,demo_baseline,764.7420276338355,129,758.0031079564033
TR,0,498,6064742676076659068,gateway_calibration,demo_baseline,518.2847946385197,105,758.0031079564033
TR,0,499,9106443140527364840,gateway_calibration,demo_baseline,686.2636561536491,97,758.0031079564033
TR,0,500,7192130802264006437,gateway_calibration,demo_baseline,554.2853399168295,101,758.0031079564033
TR,0,501,7906067921485088106,gateway_calibration,demo_baseline,561.2840425979488,114,758.0031079564033
TR,0,502,6324115075406578096,gateway_calibration,demo_baseline,642.6657171353598,122,758.0031079564033
TR,0,503,9199354083108179081,gateway_calibration,demo_baseline,541.4654699835505,121,758.0031079564033
TR,0,504,7653205185923944873,gateway_calibration,demo_baseline,558.4474332330384,93,758.0031079564033
TR,0,505,4751973178245369784,gateway_calibration,demo_baseline,743.3068864530999,115,758.0031079564033
TR,0,506,8065901430543508112,gateway_calibration,demo_baseline,615.7416605491317,105,758.0031079564033
TR,0,507,4390491947076221661,gateway_calibration,demo_baseline,628.7980436939345,112,758.0031079564033
TR,0,508,1179744425269559203,gateway_calibration,demo_baseline,678.5421430420699,115,758.0031079564033
TR,0,509,6463443496566560909,gateway_calibration,demo_baseline,702.241101858503,125,758.0031079564033
TR,0,510,4489109858506601012,gateway_calibration,demo_baseline,683.09308031416,122,758.0031079564033
TR,0,511,4712045036922454101,gateway_calibration,demo_baseline,716.6365429630325,123,758.0031079564033
TR,0,512,1463589755863370359,gateway_calibration,demo_baseline,629.5802816434614,117,758.0031079564033
TR,0,513,1248266359456671663,gateway_calibration,demo_baseline,668.6974396985019,112,758.0031079564033
TR,0,514,8233591727716235125,gateway_calibration,demo_baseline,612.4697888606415,120,758.0031079564033
TR,0,515,5259196999686604042,gateway_calibration,demo_baseline,586.1667155943393,108,758.0031079564033
TR,0,516,7601904480688995645,gateway_calibration,demo_baseline,581.9010707237566,113,758.0031079564033
TR,0,517,4600939623023196783,gateway_calibration,demo_baseline,700.5001809944039,116,758.0031079564033
TR,0,518,2448925168223878728,gateway_calibration,demo_baseline,605.9400007417895,128,758.0031079564033
TR,0,519,7299976319061914519,gateway_calibration,demo_baseline,645.3279258139576,113,758.0031079564033
TR,0,520,6639245151683131536,gateway_calibration,demo_baseline,605.8712890735648,115,758.0031079564033
TR,0,521,2232325706145358649,gateway_calibration,demo_baseline,599.8924863329096,116,758.0031079564033
TR,0,522,5125992570090116897,gateway_calibration,demo_baseline,576.1198136589405,106,758.0031079564033
TR,0,523,5539683304786605427,gateway_calibration,demo_baseline,536.4253611640563,107,758.0031079564033
TR,0,524,3197689640958405456,gateway_calibration,demo_baseline,664.8809906865297,129,758.0031079564033
TR,0,525,8654827231394119713,gateway_calibration,demo_baseline,548.4962587952382,101,758.0031079564033
TR,0,526,864314526961113728,gateway_calibration,demo_baseline,536.270291418658,110,758.0031079564033
TR,0,527,4472936188462302672,gateway_calibration,demo_baseline,597.9428406783888,121,758.0031079564033
TR,0,528,7800678365891270390,gateway_calibration,demo_baseline,623.5673242515043,134,758.0031079564033
TR,0,529,5259342878465507969,gateway_calibration,demo_baseline,640.0554502915097,124,758.0031079564033
TR,0,530,748123360635627137,gateway_calibration,demo_baseline,597.9884572525823,120,758.0031079564033
TR,0,531,306740691958866285,gateway_calibration,demo_baseline,652.2026815216132,118,758.0031079564033
TR,0,532,6992667392093415208,gateway_calibration,demo_baseline,622.2646182224283,115,758.0031079564033
TR,0,533,263304468826651882,gateway_calibration,demo_baseline,638.0291395940319,117,758.0031079564033
TR,0,534,985792788729623295,gateway_calibration,demo_baseline,865.623855476808,116,758.0031079564033
TR,0,535,1564878499909062207,gateway_calibration,demo_baseline,734.6027184474191,115,758.0031079564033
TR,0,536,4561088536541918276,gateway_calibration,demo_baseline,658.007140007486,130,758.0031079564033
TR,0,537,6356466364262305547,gateway_calibration,demo_baseline,586.0949184347982,113,758.0031079564033
TR,0,538,370546559869579982,gateway_calibration,demo_baseline,844.1841723673662,114,758.0031079564033
TR,0,539,6369608651350352302,gateway_calibration,demo_baseline,655.3471555689762,119,758.0031079564033
TR,0,540,699744622844854070,gateway_calibration,demo_baseline,686.3159874213296,128,758.0031079564033
TR,0,541,3036134708187091858,gateway_calibration,demo_baseline,610.84163758857,124,758.0031079564033
TR,0,542,1909649522894979331,gateway_calibration,demo_baseline,621.3883398615227,114,758.0031079564033
TR,0,543,145756241710540502,gateway_calibration,demo_baseline,608.3772884434783,114,758.0031079564033
TR,0,544,6912533793343443143,gateway_calibration,demo_baseline,632.6715136184051,101,758.0031079564033
TR,0,545,3008357349614872046,gateway_calibration,demo_baseline,557.2602033496287,107,758.0031079564033
TR,0,546,218842538947990085,gateway_calibration,demo_baseline,642.3267981105851,98,758.0031079564033
TR,0,547,1838907534049701299,gateway_calibration,demo_baseline,728.5690558217979,128,758.0031079564033
TR,0,548,6208104473054468875,gateway_calibration,demo_baseline,577.6471794254979,102,758.0031079564033
TR,0,549,420470534539047797,gateway_calibration,demo_baseline,692.086405679358,125,758.0031079564033
TR,0,550,8670605028019118986,gateway_calibration,demo_baseline,508.56946806971257,93,758.0031079564033
TR,0,551,8016369706440213235,gateway_calibration,demo_baseline,732.280513418725,122,758.0031079564033
TR,0,552,3869173137741904368,gateway_calibration,demo_baseline,566.9253736090058,106,758.0031079564033
TR,0,553,8471169506832060891,gateway_calibration,demo_baseline,703.7063542287713,118,758.0031079564033
TR,0,554,7359999990408029549,gateway_calibration,demo_baseline,632.8757183358019,116,758.0031079564033
TR,0,555,1270941997801414777,gateway_calibration,demo_baseline,711.5447659323472,139,758.0031079564033
TR,0,556,2383984921856361724,gateway_calibration,demo_baseline,490.3990880689348,104,758.0031079564033
TR,0,557,8756795139792287802,gateway_calibration,demo_baseline,557.2781872253025,119,758.0031079564033
TR,0,558,9112300291488982306,gateway_calibration,demo_baseline,702.752431194027,127,758.0031079564033
TR,0,559,4902637202460358133,gateway_calibration,demo_baseline,544.3869222981996,91,758.0031079564033
TR,0,560,2977530797414928868,gateway_calibration,demo_baseline,736.8036298208515,128,758.0031079564033
TR,0,561,4332002598573006948,gateway_calibration,demo_baseline,698.6442378774705,109,758.0031079564033
TR,0,562,7097258984763576476,gateway_calibration,demo_baseline,547.8053328846485,90,758.0031079564033
TR,0,563,5276821758919762519,gateway_calibration,demo_baseline,627.8072877744265,107,758.0031079564033
TR,0,564,1314861126560299641,gateway_calibration,demo_baseline,578.0635350706639,121,758.0031079564033
TR,0,565,7704586901152592267,gateway_calibration,demo_baseline,612.4868384139944,116,758.0031079564033
TR,0,566,1751559317247738340,gateway_calibration,demo_baseline,677.9846693657742,116,758.0031079564033
TR,0,567,6684786183629429154,gateway_calibration,demo_baseline,778.1815774373703,125,758.0031079564033
TR,0,568,213585452057901647,gateway_calibration,demo_baseline,599.680687791019,112,758.0031079564033
TR,0,569,4448820282277422371,gateway_calibration,demo_baseline,799.3526826467127,118,758.0031079564033
TR,0,570,1581145154481063793,gateway_calibration,demo_baseline,689.3037636016294,122,758.0031079564033
TR,0,571,7003285067998750523,gateway_calibration,demo_baseline,625.8707329726616,104,758.0031079564033
TR,0,572,4180746241776630455,gateway_calibration,demo_baseline,593.672549100484,109,758.0031079564033
TR,0,573,7773909632959900553,gateway_calibration,demo_baseline,469.2927252578862,106,758.0031079564033
TR,0,574,5166267264879724132,gateway_calibration,demo_baseline,648.9976156082245,119,758.0031079564033
TR,0,575,5255943416170230583,gateway_calibration,demo_baseline,540.3921981499672,102,758.0031079564033
TR,0,576,3575067156766554486,gateway_calibration,demo_baseline,519.0517500428062,102,758.0031079564033
TR,0,577,5261698388692250361,gateway_calibration,demo_baseline,702.6174872740859,123,758.0031079564033
TR,0,578,319583219457712684,gateway_calibration,demo_baseline,497.72867119872194,109,758.0031079564033
TR,0,579,6663717549137343764,gateway_calibration,demo_baseline,616.1981317749938,117,758.0031079564033
TR,0,580,3680879849463176604,gateway_calibration,demo_baseline,519.4738797895125,94,758.0031079564033
TR,0,581,6420520216861896344,gateway_calibration,demo_baseline,726.3831400226499,114,758.0031079564033
TR,0,582,4805778317028047683,gateway_calibration,demo_baseline,698.043309872389,125,758.0031079564033
TR,0,583,3375131239131666064,gateway_calibration,demo_baseline,715.340112152161,113,758.0031079564033
TR,0,584,2251250918442219784,gateway_calibration,demo_baseline,665.4712476054316,115,758.0031079564033
TR,0,585,847229888643690583,gateway_calibration,demo_baseline,606.4200973522754,113,758.0031079564033
TR,0,586,1485301113550263591,gateway_calibration,demo_baseline,758.6515841098958,110,758.0031079564033
TR,0,587,5260876840388037747,gateway_calibration,demo_baseline,673.9726056833075,123,758.0031079564033
TR,0,588,6380696495191770501,gateway_calibration,demo_baseline,694.76568461199,122,758.0031079564033
TR,0,589,9197474921325531492,gateway_calibration,demo_baseline,520.5666204812995,91,758.0031079564033
TR,0,590,3363038949110645630,gateway_calibration,demo_baseline,638.0651556727362,130,758.0031079564033
TR,0,591,8675598768387484474,gateway_calibration,demo_baseline,510.8193700376939,101,758.0031079564033
TR,0,592,1290680309565061823,gateway_calibration,demo_baseline,493.7389653203817,103,758.0031079564033
TR,0,593,6979625999523743803,gateway_calibration,demo_baseline,714.4466611940492,118,758.0031079564033
TR,0,594,5500081662567773158,gateway_calibration,demo_baseline,578.136759698219,123,758.0031079564033
TR,0,595,6203281594624640483,gateway_calibration,demo_baseline,664.929127477214,115,758.0031079564033
TR,0,596,1431315788787842212,gateway_calibration,demo_baseline,667.6813462474736,123,758.0031079564033
TR,0,597,1493454375918676475,gateway_calibration,demo_baseline,750.1948369823352,118,758.0031079564033
TR,0,598,5260656571537959110,gateway_calibration,demo_baseline,532.0499053901833,110,758.0031079564033
TR,0,599,1629717025784225027,gateway_calibration,demo_baseline,798.3164913610105,127,758.0031079564033
TR,0,600,3774273094045952182,gateway_calibration,demo_baseline,618.4064832849107,129,758.0031079564033
TR,0,601,8940014586925742666,gateway_calibration,demo_baseline,591.1340721137668,108,758.0031079564033
TR,0,602,4330400893447737563,gateway_calibration,demo_baseline,564.9036248044187,112,758.0031079564033
TR,0,603,5292622813987257090,gateway_calibration,demo_baseline,621.6762759506578,118,758.0031079564033
TR,0,604,5088049447622162346,gateway_calibration,demo_baseline,607.9082046871687,120,758.0031079564033
TR,0,605,1542463598396861707,gateway_calibration,demo_baseline,679.572365423011,125,758.0031079564033
TR,0,606,8150725822089080441,gateway_calibration,demo_baseline,527.9515492437911,110,758.0031079564033
TR,0,607,7840969530141037846,gateway_calibration,demo_baseline,656.2032149196918,118,758.0031079564033
TR,0,608,4994006052829766620,gateway_calibration,demo_baseline,480.76405932822746,102,758.0031079564033
TR,0,609,5200936607718025072,gateway_calibration,demo_baseline,661.0109475067461,118,758.0031079564033
TR,0,610,8807764498387892869,gateway_calibration,demo_baseline,514.7204169860422,114,758.0031079564033
TR,0,611,6238039525681481712,gateway_calibration,demo_baseline,681.0925826258555,117,758.0031079564033
TR,0,612,4690434584412518417,gateway_calibration,demo_baseline,711.6636789880669,131,758.0031079564033
TR,0,613,4821279666386335785,gateway_calibration,demo_baseline,647.9228796715842,107,758.0031079564033
TR,0,614,7020398365659814359,gateway_calibration,demo_baseline,650.4893589576018,121,758.0031079564033
TR,0,615,4186491246917581360,gateway_calibration,demo_baseline,660.8086226386091,117,758.0031079564033
TR,0,616,7079844534887384478,gateway_calibration,demo_baseline,690.3501675835361,115,758.0031079564033
TR,0,617,1317272877754271441,gateway_calibration,demo_baseline,575.7811911569764,101,758.0031079564033
TR,0,618,4544621753470270458,gateway_calibration,demo_baseline,544.3697263502648,107,758.0031079564033
TR,0,619,1969322289128447762,gateway_calibration,demo_baseline,622.8554030714325,118,758.0031079564033
TR,0,620,8936202682701367282,gateway_calibration,demo_baseline,642.9568979038166,110,758.0031079564033
TR,0,621,8285273341156455432,gateway_calibration,demo_baseline,534.0485039434358,112,758.0031079564033
TR,0,622,5912074940902203805,gateway_calibration,demo_baseline,653.8420928447887,118,758.0031079564033
TR,0,623,8268317982405834873,gateway_calibration,demo_baseline,459.37682331474275,92,758.0031079564033
TR,0,624,8430150978204080217,gateway_calibration,demo_baseline,716.8218095314899,117,758.0031079564033
TR,0,625,330357919669542466,gateway_calibration,demo_baseline,674.4710188288461,118,758.0031079564033
TR,0,626,6591592739153486575,gateway_calibration,demo_baseline,630.4921976713381,121,758.0031079564033
TR,0,627,3622551157328249031,gateway_calibration,demo_baseline,543.133161019906,92,758.0031079564033
TR,0,628,6348767278017335957,gateway_calibration,demo_baseline,631.0497150828472,117,758.0031079564033
TR,0,629,7718754249537503201,gateway_calibration,demo_baseline,597.5700762917594,119,758.0031079564033
TR,0,630,7208624080476628508,gateway_calibration,demo_baseline,683.4230938756232,122,758.0031079564033
TR,0,631,2498577244002828049,gateway_calibration,demo_baseline,658.5442110499783,123,758.0031079564033
TR,0,632,6051626529176395696,gateway_calibration,demo_baseline,589.1908062281495,114,758.0031079564033
TR,0,633,2874265552441152071,gateway_calibration,demo_baseline,625.8663540202389,114,758.0031079564033
TR,0,634,8090728557846077439,gateway_calibration,demo_baseline,777.9242211051937,137,758.0031079564033
TR,0,635,3122960258911831009,gateway_calibration,demo_baseline,558.1724799701673,106,758.0031079564033
TR,0,636,8384557754892517997,gateway_calibration,demo_baseline,583.8067848570917,120,758.0031079564033
TR,0,637,292364823410986489,gateway_calibration,demo_baseline,636.5299713809001,116,758.0031079564033
TR,0,638,3741997014255969707,gateway_calibration,demo_baseline,662.0129148531878,115,758.0031079564033
TR,0,639,420940279075577134,gateway_calibration,demo_baseline,478.56857985915144,102,758.0031079564033
TR,0,640,1690602099097685893,gateway_calibration,demo_baseline,496.0424856501009,118,758.0031079564033
TR,0,641,3629366523444614839,gateway_calibration,demo_baseline,559.2831281342269,110,758.0031079564033
TR,0,642,1514126079439393787,gateway_calibration,demo_baseline,744.5658016564246,116,758.0031079564033
TR,0,643,3647125993049541349,gateway_calibration,demo_baseline,566.1766706425929,110,758.0031079564033
TR,0,644,3907154332922862922,gateway_calibration,demo_baseline,660.3330568225542,105,758.0031079564033
TR,0,645,2946238970781781412,gateway_calibration,demo_baseline,497.9613078988717,95,758.0031079564033
TR,0,646,2586608932357756207,gateway_calibration,demo_baseline,747.8197135828559,123,758.0031079564033
TR,0,647,8424492176738371698,gateway_calibration,demo_baseline,550.505212579614,108,758.0031079564033
TR,0,648,8329371020030379579,gateway_calibration,demo_baseline,618.5046462956207,128,758.0031079564033
TR,0,649,4517422012125347152,gateway_calibration,demo_baseline,516.1436795778665,98,758.0031079564033
TR,0,650,1455700387416366543,gateway_calibration,demo_baseline,637.9194990412707,122,758.0031079564033
TR,0,651,8612036849107634310,gateway_calibration,demo_baseline,589.9564754602529,118,758.0031079564033
TR,0,652,7029125898552171530,gateway_calibration,demo_baseline,596.7697670209285,114,758.0031079564033
TR,0,653,3786300521251875931,gateway_calibration,demo_baseline,566.7459080755523,105,758.0031079564033
TR,0,654,6785890586831945299,gateway_calibration,demo_baseline,722.1901451743489,122,758.0031079564033
TR,0,655,6310665757703926653,gateway_calibration,demo_baseline,753.8305442924888,124,758.0031079564033
TR,0,656,6043705788280297652,gateway_calibration,demo_baseline,788.5382633514894,123,758.0031079564033
TR,0,657,6692933025141821298,gateway_calibration,demo_baseline,653.8551674491122,112,758.0031079564033
TR,0,658,7140275608408929701,gateway_calibration,demo_baseline,606.5989185246915,106,758.0031079564033
TR,0,659,1944520194658803798,gateway_calibration,demo_baseline,575.9372735551977,115,758.0031079564033
TR,0,660,372228924414150292,gateway_calibration,demo_baseline,629.3587447867263,108,758.0031079564033
TR,0,661,3277156981952862607,gateway_calibration,demo_baseline,585.3543105857334,97,758.0031079564033
TR,0,662,7616273897577689734,gateway_calibration,demo_baseline,586.45873681115,115,758.0031079564033
TR,0,663,7202684485745228056,gateway_calibration,demo_baseline,497.1249628464735,112,758.0031079564033
TR,0,664,3064348667759844837,gateway_calibration,demo_baseline,588.0803575826064,112,758.0031079564033
TR,0,665,3706961652930468801,gateway_calibration,demo_baseline,689.9782713687212,113,758.0031079564033
TR,0,666,4545960651512964501,gateway_calibration,demo_baseline,635.7643932084901,119,758.0031079564033
TR,0,667,6412310850795142871,gateway_calibration,demo_baseline,485.500948246463,96,758.0031079564033
TR,0,668,6687251594250339541,gateway_calibration,demo_baseline,534.8032112187727,116,758.0031079564033
TR,0,669,6252193542222241523,gateway_calibration,demo_baseline,775.7018614507627,123,758.0031079564033
TR,0,670,5520997420802462756,gateway_calibration,demo_baseline,743.0435655952166,121,758.0031079564033
TR,0,671,5329563221421855154,gateway_calibration,demo_baseline,568.2770514783629,101,758.0031079564033
TR,0,672,3338146397081453326,gateway_calibration,demo_baseline,606.991150775257,116,758.0031079564033
TR,0,673,750399388955794570,gateway_calibration,demo_baseline,737.5173604018544,132,758.0031079564033
TR,0,674,3003292310137568301,gateway_calibration,demo_baseline,741.8620717460782,127,758.0031079564033
TR,0,675,7012828756295210444,gateway_calibration,demo_baseline,641.2971243197007,127,758.0031079564033
TR,0,676,3521078059313423426,gateway_calibration,demo_baseline,557.1720810092033,112,758.0031079564033
TR,0,677,7651040130688361207,gateway_calibration,demo_baseline,844.9694542016505,127,758.0031079564033
TR,0,678,7534052873604981770,gateway_calibration,demo_baseline,620.276583477783,108,758.0031079564033
TR,0,679,3979009465803058619,gateway_calibration,demo_baseline,508.37646179447745,98,758.0031079564033
TR,0,680,6555139593643699722,gateway_calibration,demo_baseline,578.56801509117,113,758.0031079564033
TR,0,681,782375212562128469,gateway_calibration,demo_baseline,557.8820942511436,107,758.0031079564033
TR,0,682,247096121802878063,gateway_calibration,demo_baseline,688.9895987293576,113,758.0031079564033
TR,0,683,986934244398266843,gateway_calibration,demo_baseline,732.2709007783966,135,758.0031079564033
TR,0,684,1635678054393480998,gateway_calibration,demo_baseline,650.898546136422,118,758.0031079564033
TR,0,685,7698130007304651251,gateway_calibration,demo_baseline,522.8351091851372,112,758.0031079564033
TR,0,686,6250757648844520282,gateway_calibration,demo_baseline,647.4749854247068,117,758.0031079564033
TR,0,687,3905548741317612602,gateway_calibration,demo_baseline,727.9058379520802,115,758.0031079564033
TR,0,688,8314467339380028053,gateway_calibration,demo_baseline,579.1941781838782,109,758.0031079564033
TR,0,689,5148912065348104644,gateway_calibration,demo_baseline,673.9059570285069,104,758.0031079564033
TR,0,690,4942469499424932130,gateway_calibration,demo_baseline,619.6073573671445,109,758.0031079564033
TR,0,691,2998156891078791054,gateway_calibration,demo_baseline,718.4312923497238,135,758.0031079564033
TR,0,692,5403558104040938093,gateway_calibration,demo_baseline,628.2466911549992,104,758.0031079564033
TR,0,693,6422119833344125278,gateway_calibration,demo_baseline,591.7471411812326,117,758.0031079564033
TR,0,694,9148205703341948928,gateway_calibration,demo_baseline,662.6598173992971,107,758.0031079564033
TR,0,695,6389817840354242037,gateway_calibration,demo_baseline,646.6015947284242,125,758.0031079564033
TR,0,696,4122615353123041303,gateway_calibration,demo_baseline,769.2418250915254,115,758.0031079564033
TR,0,697,3214547200454958343,gateway_calibration,demo_baseline,539.1174073338167,113,758.0031079564033
TR,0,698,5007478582713758933,gateway_calibration,demo_baseline,796.9542200935222,133,758.0031079564033
TR,0,699,2396476832852403421,gateway_calibration,demo_baseline,566.7049192563801,109,758.0031079564033
TR,0,700,6436205615226827617,gateway_calibration,demo_baseline,719.3409646295677,117,758.0031079564033
TR,0,701,990514759215826812,gateway_calibration,demo_baseline,612.230784407954,125,758.0031079564033
TR,0,702,8293593916529521179,gateway_calibration,demo_baseline,625.2795215106776,127,758.0031079564033
TR,0,703,8777465842532205315,gateway_calibration,demo_baseline,687.7158597411674,124,758.0031079564033
TR,0,704,4317869879466938323,gateway_calibration,demo_baseline,704.5307379811396,114,758.0031079564033
TR,0,705,2700988927503583363,gateway_calibration,demo_baseline,547.7776661337319,104,758.0031079564033
TR,0,706,6604886670783517006,gateway_calibration,demo_baseline,582.9369758983116,121,758.0031079564033
TR,0,707,5286762937356361365,gateway_calibration,demo_baseline,600.1970977926547,108,758.0031079564033
TR,0,708,7381286310459401005,gateway_calibration,demo_baseline,681.2103974555461,137,758.0031079564033
TR,0,709,4674491188701512536,gateway_calibration,demo_baseline,574.398125600205,106,758.0031079564033
TR,0,710,7644249412816155618,gateway_calibration,demo_baseline,464.5614871245285,112,758.0031079564033
TR,0,711,7750140132540302625,gateway_calibration,demo_baseline,715.0543452676031,132,758.0031079564033
TR,0,712,8052189447594856703,gateway_calibration,demo_baseline,645.7259672690489,121,758.0031079564033
TR,0,713,4743938616124866484,gateway_calibration,demo_baseline,656.728027583478,119,758.0031079564033
TR,0,714,1927828443454917742,gateway_calibration,demo_baseline,560.217850754811,112,758.0031079564033
TR,0,715,4795162330642765344,gateway_calibration,demo_baseline,588.7873122578023,119,758.0031079564033
TR,0,716,2609151475241345265,gateway_calibration,demo_baseline,661.7472117977784,130,758.0031079564033
TR,0,717,4572675069798956278,gateway_calibration,demo_baseline,701.0149807601039,123,758.0031079564033
TR,0,718,5999303441213014871,gateway_calibration,demo_baseline,643.5523727629926,112,758.0031079564033
TR,0,719,7421982667780422279,gateway_calibration,demo_baseline,564.8698057228564,107,758.0031079564033
TR,0,720,6305656528591407454,gateway_calibration,demo_baseline,648.0503857756594,117,758.0031079564033
TR,0,721,3480953232815287086,gateway_calibration,demo_baseline,630.8877486997903,121,758.0031079564033
TR,0,722,2096450722521036199,gateway_calibration,demo_baseline,619.457525089212,111,758.0031079564033
TR,0,723,2679518549619182666,gateway_calibration,demo_baseline,594.792121758131,103,758.0031079564033
TR,0,724,2474287042180573694,gateway_calibration,demo_baseline,572.2105148069506,113,758.0031079564033
TR,0,725,833484321051273387,gateway_calibration,demo_baseline,684.8299847318613,127,758.0031079564033
TR,0,726,3898425116081182940,gateway_calibration,demo_baseline,720.9776279875741,121,758.0031079564033
TR,0,727,4611248154066146426,gateway_calibration,demo_baseline,577.2734551677781,101,758.0031079564033
TR,0,728,5060533668200559702,gateway_calibration,demo_baseline,687.6334599275934,114,758.0031079564033
TR,0,729,6924488667481511967,gateway_calibration,demo_baseline,611.3565215945388,112,758.0031079564033
TR,0,730,6187528920152378915,gateway_calibration,demo_baseline,796.3174122249378,111,758.0031079564033
TR,0,731,4213756270040048076,gateway_calibration,demo_baseline,529.3119337373757,127,758.0031079564033
TR,0,732,5199530905996949592,gateway_calibration,demo_baseline,622.3689686899083,129,758.0031079564033
TR,0,733,6712254975170450736,gateway_calibration,demo_baseline,682.1556423510701,114,758.0031079564033
TR,0,734,6492766365131935807,gateway_calibration,demo_baseline,632.5989406475002,118,758.0031079564033
TR,0,735,3723517020950624825,gateway_calibration,demo_baseline,765.6110512450507,124,758.0031079564033
TR,0,736,538590445521861661,gateway_calibration,demo_baseline,722.212474199605,119,758.0031079564033
TR,0,737,6524514968060550390,gateway_calibration,demo_baseline,705.8341588624976,121,758.0031079564033
TR,0,738,3436911450718997289,gateway_calibration,demo_baseline,515.3148296367499,103,758.0031079564033
TR,0,739,1711621574994548895,gateway_calibration,demo_baseline,560.3550326109995,115,758.0031079564033
TR,0,740,6445214501556118364,gateway_calibration,demo_baseline,647.5204354739134,124,758.0031079564033
TR,0,741,1511551317155348088,gateway_calibration,demo_baseline,610.3516243901661,116,758.0031079564033
TR,0,742,8081247927281791179,gateway_calibration,demo_baseline,665.7618151584713,118,758.0031079564033
TR,0,743,5358831100244471192,gateway_calibration,demo_baseline,641.4970989401535,131,758.0031079564033
TR,0,744,160849337180385482,gateway_calibration,demo_baseline,616.6995247510617,113,758.0031079564033
TR,0,745,5730276056581763696,gateway_calibration,demo_baseline,511.5650875407641,105,758.0031079564033
TR,0,746,7721091060007618946,gateway_calibration,demo_baseline,760.6047925394212,130,758.0031079564033
TR,0,747,6383379953610996764,gateway_calibration,demo_baseline,622.0413872884113,116,758.0031079564033
TR,0,748,1513973657253475486,gateway_calibration,demo_baseline,598.6093418548572,126,758.0031079564033
TR,0,749,3057813441922994058,gateway_calibration,demo_baseline,512.6649194655658,106,758.0031079564033
TR,0,750,4161324938677777220,gateway_calibration,demo_baseline,751.5152826199769,136,758.0031079564033
TR,0,751,1525436485751015309,gateway_calibration,demo_baseline,486.5357198916991,86,758.0031079564033
TR,0,752,1878915029260450953,gateway_calibration,demo_baseline,702.041487447675,117,758.0031079564033
TR,0,753,6097353858706080395,gateway_calibration,demo_baseline,549.0855573692833,112,758.0031079564033
TR,0,754,2112538845098292817,gateway_calibration,demo_baseline,748.8975037698573,118,758.0031079564033
TR,0,755,7108594164367743262,gateway_calibration,demo_baseline,569.7657813891154,122,758.0031079564033
TR,0,756,1935116286838277764,gateway_calibration,demo_baseline,705.244754295798,120,758.0031079564033
TR,0,757,6057898002237510340,gateway_calibration,demo_baseline,572.7848755115092,118,758.0031079564033
TR,0,758,6929028009548875636,gateway_calibration,demo_baseline,526.3098272576832,112,758.0031079564033
TR,0,759,4917915588695251715,gateway_calibration,demo_baseline,656.8517333019565,111,758.0031079564033
TR,0,760,5863831274243548148,gateway_calibration,demo_baseline,596.990070629183,115,758.0031079564033
TR,0,761,6211086403478890524,gateway_calibration,demo_baseline,601.963109015429,134,758.0031079564033
TR,0,762,84288578568868183,gateway_calibration,demo_baseline,645.9475252285113,125,758.0031079564033
TR,0,763,6924915889418479300,gateway_calibration,demo_baseline,543.0099132955374,108,758.0031079564033
TR,0,764,2476682209246884224,gateway_calibration,demo_baseline,578.1489634905545,119,758.0031079564033
TR,0,765,7547567515666487272,gateway_calibration,demo_baseline,587.25600390541,108,758.0031079564033
TR,0,766,222310711925596097,gateway_calibration,demo_baseline,614.4339413026747,124,758.0031079564033
TR,0,767,7350606919912716053,gateway_calibration,demo_baseline,657.529383079712,114,758.0031079564033
TR,0,768,4747186101028554183,gateway_calibration,demo_baseline,606.3926255120139,107,758.0031079564033
TR,0,769,1706514994241227849,gateway_calibration,demo_baseline,537.5435218520979,118,758.0031079564033
TR,0,770,4873018992772242081,gateway_calibration,demo_baseline,447.532925081985,101,758.0031079564033
TR,0,771,576202742387008344,gateway_calibration,demo_baseline,505.31572033736705,101,758.0031079564033
TR,0,772,6590675653428626381,gateway_calibration,demo_baseline,775.9275358969975,129,758.0031079564033
TR,0,773,2747164100487198368,gateway_calibration,demo_baseline,665.7995863909185,130,758.0031079564033
TR,0,774,7067244306765060419,gateway_calibration,demo_baseline,599.0945838559783,113,758.0031079564033
TR,0,775,8898133494581825038,gateway_calibration,demo_baseline,674.5452683045662,115,758.0031079564033
TR,0,776,2263039889664200443,gateway_calibration,demo_baseline,681.385522874872,130,758.0031079564033
TR,0,777,4619052716999083933,gateway_calibration,demo_baseline,557.3424257966353,104,758.0031079564033
TR,0,778,884230137658439663,gateway_calibration,demo_baseline,621.2455836712563,115,758.0031079564033
TR,0,779,4889031860776012878,gateway_calibration,demo_baseline,708.1322258594362,130,758.0031079564033
TR,0,780,2205156815290950869,gateway_calibration,demo_baseline,675.1358981312168,115,758.0031079564033
TR,0,781,2043014893235525870,gateway_calibration,demo_baseline,608.1254565417082,112,758.0031079564033
TR,0,782,3454119427176054766,gateway_calibration,demo_baseline,776.1841727289122,119,758.0031079564033
TR,0,783,8820618610198689704,gateway_calibration,demo_baseline,662.3287498200494,126,758.0031079564033
TR,0,784,5447767921938800121,gateway_calibration,demo_baseline,554.5624450181937,99,758.0031079564033
TR,0,785,7879208985119786308,gateway_calibration,demo_baseline,582.4454870876914,111,758.0031079564033
TR,0,786,4403419717701312475,gateway_calibration,demo_baseline,567.4511378752236,106,758.0031079564033
TR,0,787,146041838698190775,gateway_calibration,demo_baseline,466.7505195127566,101,758.0031079564033
TR,0,788,7591181372041612028,gateway_calibration,demo_baseline,619.6146137433443,120,758.0031079564033
TR,0,789,8899281364550686714,gateway_calibration,demo_baseline,646.4470569800336,103,758.0031079564033
TR,0,790,685238595684144757,gateway_calibration,demo_baseline,591.9122631368921,110,758.0031079564033
TR,0,791,9018519079904319498,gateway_calibration,demo_baseline,557.1466386227178,103,758.0031079564033
TR,0,792,2467599854747264555,gateway_calibration,demo_baseline,635.5280402409247,120,758.0031079564033
TR,0,793,4184929620070725912,gateway_calibration,demo_baseline,643.3411218970797,112,758.0031079564033
TR,0,794,4729798536750206790,gateway_calibration,demo_baseline,513.3009153630284,108,758.0031079564033
TR,0,795,1381116991737988439,gateway_calibration,demo_baseline,795.9947566674593,128,758.0031079564033
TR,0,796,3295023989646172081,gateway_calibration,demo_baseline,638.3695491614619,115,758.0031079564033
TR,0,797,6348007595367813225,gateway_calibration,demo_baseline,572.5271847019519,113,758.0031079564033
TR,0,798,3884697439171425333,gateway_calibration,demo_baseline,689.9601150730587,119,758.0031079564033
TR,0,799,7382943219110205512,gateway_calibration,demo_baseline,480.6681386732001,105,758.0031079564033
TR,0,800,601828037134891543,gateway_calibration,demo_baseline,649.835984461091,110,758.0031079564033
TR,0,801,7051836134435919275,gateway_calibration,demo_baseline,603.3430679557948,115,758.0031079564033
TR,0,802,3161115642481895490,gateway_calibration,demo_baseline,649.8131215426722,107,758.0031079564033
TR,0,803,5252972219827755696,gateway_calibration,demo_baseline,612.3431122782829,109,758.0031079564033
TR,0,804,6873339788066262250,gateway_calibration,demo_baseline,777.0894461132043,134,758.0031079564033
TR,0,805,4716063955176260464,gateway_calibration,demo_baseline,689.08845107306,115,758.0031079564033
TR,0,806,4422408360303810339,gateway_calibration,demo_baseline,683.1168762342754,109,758.0031079564033
TR,0,807,2094989382097643828,gateway_calibration,demo_baseline,627.0318978527566,104,758.0031079564033
TR,0,808,6276980947073549842,gateway_calibration,demo_baseline,680.0995961313376,126,758.0031079564033
TR,0,809,3424018510834496480,gateway_calibration,demo_baseline,600.2249600590299,104,758.0031079564033
TR,0,810,1836318255469193228,gateway_calibration,demo_baseline,596.7391220635111,123,758.0031079564033
TR,0,811,8275082985114167057,gateway_calibration,demo_baseline,619.2131074777275,110,758.0031079564033
TR,0,812,8201117808524210911,gateway_calibration,demo_baseline,514.7165781201086,93,758.0031079564033
TR,0,813,7316565169878003643,gateway_calibration,demo_baseline,584.8765890712929,123,758.0031079564033
TR,0,814,1942070322338254864,gateway_calibration,demo_baseline,494.7842181340866,98,758.0031079564033
TR,0,815,3768638617287595964,gateway_calibration,demo_baseline,739.8681159241268,110,758.0031079564033
TR,0,816,3238056110328275465,gateway_calibration,demo_baseline,551.2975789012263,109,758.0031079564033
TR,0,817,6468455375933431734,gateway_calibration,demo_baseline,580.674017211938,99,758.0031079564033
TR,0,818,8669093139114844120,gateway_calibration,demo_baseline,591.5558756373094,109,758.0031079564033
TR,0,819,4594258051037406245,gateway_calibration,demo_baseline,489.3151920500627,101,758.0031079564033
TR,0,820,3367170335372380420,gateway_calibration,demo_baseline,629.0145637637938,121,758.0031079564033
TR,0,821,4436187832991469428,gateway_calibration,demo_baseline,621.109158995348,129,758.0031079564033
TR,0,822,1633702856885973188,gateway_calibration,demo_baseline,519.5396749501642,106,758.0031079564033
TR,0,823,8246338530312257846,gateway_calibration,demo_baseline,644.4942627766139,131,758.0031079564033
TR,0,824,6486751128642218360,gateway_calibration,demo_baseline,660.293860999885,125,758.0031079564033
TR,0,825,6666357149952656048,gateway_calibration,demo_baseline,687.2505759274253,100,758.0031079564033
TR,0,826,976503661852238075,gateway_calibration,demo_baseline,706.0779819069974,129,758.0031079564033
TR,0,827,1112694637383763652,gateway_calibration,demo_baseline,711.0749390601986,124,758.0031079564033
TR,0,828,6508626919214591011,gateway_calibration,demo_baseline,575.2799602647382,119,758.0031079564033
TR,0,829,8622588593572333790,gateway_calibration,demo_baseline,583.0158222858073,111,758.0031079564033
TR,0,830,5900296317086508210,gateway_calibration,demo_baseline,732.4449981625779,126,758.0031079564033
TR,0,831,8447381132932931966,gateway_calibration,demo_baseline,569.2546486663381,100,758.0031079564033
TR,0,832,2245663537849903472,gateway_calibration,demo_baseline,697.1262962839661,118,758.0031079564033
TR,0,833,7085416808138406663,gateway_calibration,demo_baseline,729.2062152760637,116,758.0031079564033
TR,0,834,2777829097056268073,gateway_calibration,demo_baseline,689.7060929065868,141,758.0031079564033
TR,0,835,4665766635784980451,gateway_calibration,demo_baseline,551.8149510535106,113,758.0031079564033
TR,0,836,770231148457794448,gateway_calibration,demo_baseline,460.1914050976347,89,758.0031079564033
TR,0,837,5543376779908751429,gateway_calibration,demo_baseline,590.2035212801779,118,758.0031079564033
TR,0,838,1315264784059782606,gateway_calibration,demo_baseline,639.424742298658,128,758.0031079564033
TR,0,839,3850564015594326875,gateway_calibration,demo_baseline,677.3750080702033,118,758.0031079564033
TR,0,840,3096258298348076884,gateway_calibration,demo_baseline,556.3893031699696,108,758.0031079564033
TR,0,841,2305701946937457932,gateway_calibration,demo_baseline,660.7448833881265,119,758.0031079564033
TR,0,842,3123197725520593239,gateway_calibration,demo_baseline,589.1941150544415,104,758.0031079564033
TR,0,843,8919926970954185468,gateway_calibration,demo_baseline,514.054803445532,103,758.0031079564033
TR,0,844,2966659773351180207,gateway_calibration,demo_baseline,511.44626238542355,108,758.0031079564033
TR,0,845,2279726075417222865,gateway_calibration,demo_baseline,523.5967235292485,107,758.0031079564033
TR,0,846,6504199633840859381,gateway_calibration,demo_baseline,563.3769759539681,115,758.0031079564033
TR,0,847,6596176447849571719,gateway_calibration,demo_baseline,586.4687113316176,102,758.0031079564033
TR,0,848,3933860338459433259,gateway_calibration,demo_baseline,606.4227400152031,124,758.0031079564033
TR,0,849,6847738644008742621,gateway_calibration,demo_baseline,710.3993810067827,113,758.0031079564033
TR,0,850,7427801559972826356,gateway_calibration,demo_baseline,660.6076484271002,112,758.0031079564033
TR,0,851,8375393740834958321,gateway_calibration,demo_baseline,630.9821778712145,108,758.0031079564033
TR,0,852,8404899415992828564,gateway_calibration,demo_baseline,627.1011019348376,123,758.0031079564033
TR,0,853,5551797005233238063,gateway_calibration,demo_baseline,629.679325950199,112,758.0031079564033
TR,0,854,8237607845983123666,gateway_calibration,demo_baseline,683.1077761564846,118,758.0031079564033
TR,0,855,4511016361282154776,gateway_calibration,demo_baseline,634.4840726361375,120,758.0031079564033
TR,0,856,3267312762164792774,gateway_calibration,demo_baseline,757.8363800387986,116,758.0031079564033
TR,0,857,5195560043883757193,gateway_calibration,demo_baseline,622.6598067837218,109,758.0031079564033
TR,0,858,5393480484470358566,gateway_calibration,demo_baseline,668.871977960544,137,758.0031079564033
TR,0,859,3428533669999456035,gateway_calibration,demo_baseline,591.0260629335083,117,758.0031079564033
TR,0,860,2246125280199705429,gateway_calibration,demo_baseline,635.2885219290965,118,758.0031079564033
TR,0,861,678415014259572197,gateway_calibration,demo_baseline,611.343727823612,113,758.0031079564033
TR,0,862,4594526250377554815,gateway_calibration,demo_baseline,628.6830243630127,110,758.0031079564033
TR,0,863,3483375247395949185,gateway_calibration,demo_baseline,495.223198319128,108,758.0031079564033
TR,0,864,8211476603619209834,gateway_calibration,demo_baseline,553.8673692825107,125,758.0031079564033
TR,0,865,1256218893574934600,gateway_calibration,demo_baseline,620.7612813709876,104,758.0031079564033
TR,0,866,6139703072184263239,gateway_calibration,demo_baseline,567.6349673346625,99,758.0031079564033
TR,0,867,7358194200806442825,gateway_calibration,demo_baseline,605.6325681910673,121,758.0031079564033
TR,0,868,316743576707498920,gateway_calibration,demo_baseline,742.0762551039131,127,758.0031079564033
TR,0,869,4320765385597033735,gateway_calibration,demo_baseline,551.5335122848213,118,758.0031079564033
TR,0,870,4230738159354765661,gateway_calibration,demo_baseline,523.9504962287418,105,758.0031079564033
TR,0,871,8776873534725033399,gateway_calibration,demo_baseline,610.7600875349417,109,758.0031079564033
TR,0,872,5808555850206013162,gateway_calibration,demo_baseline,579.4685438665032,117,758.0031079564033
TR,0,873,3145186460652432130,gateway_calibration,demo_baseline,559.066854416482,122,758.0031079564033
TR,0,874,2546605224442357666,gateway_calibration,demo_baseline,640.6439304014353,105,758.0031079564033
TR,0,875,4087608652657844101,gateway_calibration,demo_baseline,725.2058572429632,127,758.0031079564033
TR,0,876,5412976921583295124,gateway_calibration,demo_baseline,709.3406338961441,120,758.0031079564033
TR,0,877,7511422795682533062,gateway_calibration,demo_baseline,509.233165246219,109,758.0031079564033
TR,0,878,3577000620304455040,gateway_calibration,demo_baseline,528.6312950439888,110,758.0031079564033
TR,0,879,3437116781448465596,gateway_calibration,demo_baseline,627.7680654705633,116,758.0031079564033
TR,0,880,5898756624315210226,gateway_calibration,demo_baseline,744.0690622527704,124,758.0031079564033
TR,0,881,2131821859580346675,gateway_calibration,demo_baseline,571.3938735469151,116,758.0031079564033
TR,0,882,3557400123618860178,gateway_calibration,demo_baseline,598.3201256548512,118,758.0031079564033
TR,0,883,5264177394674559355,gateway_calibration,demo_baseline,693.9598765539212,119,758.0031079564033
TR,0,884,224842938269087463,gateway_calibration,demo_baseline,510.8222301444951,113,758.0031079564033
TR,0,885,1376126591011197093,gateway_calibration,demo_baseline,629.3451927560216,111,758.0031079564033
TR,0,886,4397818856400264017,gateway_calibration,demo_baseline,560.439330657074,117,758.0031079564033
TR,0,887,3360561875560901195,gateway_calibration,demo_baseline,517.7265042626456,116,758.0031079564033
TR,0,888,268465344038246639,gateway_calibration,demo_baseline,680.0108312839575,117,758.0031079564033
TR,0,889,7535093723024657498,gateway_calibration,demo_baseline,560.7847019382182,109,758.0031079564033
TR,0,890,4332750551527258758,gateway_calibration,demo_baseline,613.7031875329967,120,758.0031079564033
TR,0,891,2703888633513165849,gateway_calibration,demo_baseline,659.358472613171,136,758.0031079564033
TR,0,892,5691953537781475807,gateway_calibration,demo_baseline,568.8585244287549,114,758.0031079564033
TR,0,893,6879970993255797942,gateway_calibration,demo_baseline,543.8659782371519,121,758.0031079564033
TR,0,894,6237694681257747115,gateway_calibration,demo_baseline,474.32734863633334,100,758.0031079564033
TR,0,895,2633901951336562143,gateway_calibration,demo_baseline,652.0586313163349,114,758.0031079564033
TR,0,896,5259914426385610143,gateway_calibration,demo_baseline,737.4445251894941,113,758.0031079564033
TR,0,897,8645659860363320631,gateway_calibration,demo_baseline,634.4444077427377,113,758.0031079564033
TR,0,898,145691370683133570,gateway_calibration,demo_baseline,512.2047683290191,105,758.0031079564033
TR,0,899,521315294388765781,gateway_calibration,demo_baseline,547.4294744684928,101,758.0031079564033
TR,0,900,176941184404665231,gateway_calibration,demo_baseline,594.1300300621241,114,758.0031079564033
TR,0,901,2950246617657380759,gateway_calibration,demo_baseline,589.4471797151173,104,758.0031079564033
TR,0,902,6491595914279315109,gateway_calibration,demo_baseline,592.4242741154382,107,758.0031079564033
TR,0,903,2717680385061245517,gateway_calibration,demo_baseline,690.2238659993075,116,758.0031079564033
TR,0,904,7437961552856519837,gateway_calibration,demo_baseline,550.61596806874,118,758.0031079564033
TR,0,905,531214073874637510,gateway_calibration,demo_baseline,623.4357365154967,121,758.0031079564033
TR,0,906,4426801739726009801,gateway_calibration,demo_baseline,611.521512135209,121,758.0031079564033
TR,0,907,750013216018693272,gateway_calibration,demo_baseline,493.17628359249545,108,758.0031079564033
TR,0,908,5255646790449345546,gateway_calibration,demo_baseline,606.4143089317663,116,758.0031079564033
TR,0,909,4371439728152440750,gateway_calibration,demo_baseline,551.7659069291516,110,758.0031079564033
TR,0,910,4582540386994887560,gateway_calibration,demo_baseline,721.8965771794351,124,758.0031079564033
TR,0,911,2275812957919845648,gateway_calibration,demo_baseline,550.8719103783612,126,758.0031079564033
TR,0,912,7411972106549567458,gateway_calibration,demo_baseline,579.0199892462938,103,758.0031079564033
TR,0,913,8999727293688064006,gateway_calibration,demo_baseline,690.1869608601555,122,758.0031079564033
TR,0,914,2589093023206335141,gateway_calibration,demo_baseline,612.0613017673364,115,758.0031079564033
TR,0,915,7492538632238119495,gateway_calibration,demo_baseline,512.2652569670171,114,758.0031079564033
TR,0,916,5516760348656806874,gateway_calibration,demo_baseline,663.1184689266989,118,758.0031079564033
TR,0,917,4483950024927765513,gateway_calibration,demo_baseline,575.7971026519555,111,758.0031079564033
TR,0,918,8052733610569557611,gateway_calibration,demo_baseline,592.1786478235688,115,758.0031079564033
TR,0,919,8740924680225265725,gateway_calibration,demo_baseline,520.5000992483012,96,758.0031079564033
TR,0,920,7546584955914422595,gateway_calibration,demo_baseline,652.9175648335264,117,758.0031079564033
TR,0,921,3985794982951103821,gateway_calibration,demo_baseline,603.0816860094383,131,758.0031079564033
TR,0,922,5003594744819005687,gateway_calibration,demo_baseline,759.7392630189387,109,758.0031079564033
TR,0,923,6425002634233484002,gateway_calibration,demo_baseline,442.4534827922999,98,758.0031079564033
TR,0,924,6713150271558039967,gateway_calibration,demo_baseline,659.2896719547541,142,758.0031079564033
TR,0,925,2472454090631563432,gateway_calibration,demo_baseline,691.2961602571672,120,758.0031079564033
TR,0,926,6374634665071533881,gateway_calibration,demo_baseline,612.1742731823896,120,758.0031079564033
TR,0,927,3551879927288319635,gateway_calibration,demo_baseline,536.4848773251804,111,758.0031079564033
TR,0,928,4485509539506363337,gateway_calibration,demo_baseline,655.9106725347257,119,758.0031079564033
TR,0,929,904804571984556506,gateway_calibration,demo_baseline,575.1493035760564,114,758.0031079564033
TR,0,930,8622706326614778293,gateway_calibration,demo_baseline,634.8600121281797,113,758.0031079564033
TR,0,931,4019274419866886940,gateway_calibration,demo_baseline,642.1940242915153,135,758.0031079564033
TR,0,932,5789730505182192512,gateway_calibration,demo_baseline,603.4621433419327,99,758.0031079564033
TR,0,933,2066594667921169100,gateway_calibration,demo_baseline,693.492316130961,129,758.0031079564033
TR,0,934,3666828749174350781,gateway_calibration,demo_baseline,740.4482522535644,127,758.0031079564033
TR,0,935,9123359607719173402,gateway_calibration,demo_baseline,629.5733967725658,120,758.0031079564033
TR,0,936,6448197167557093366,gateway_calibration,demo_baseline,506.92694787764765,103,758.0031079564033
TR,0,937,156801752129989957,gateway_calibration,demo_baseline,570.6071274629101,111,758.0031079564033
TR,0,938,772862806785855898,gateway_calibration,demo_baseline,578.4207442293122,119,758.0031079564033
TR,0,939,3025319193677327780,gateway_calibration,demo_baseline,671.2798300477191,99,758.0031079564033
TR,0,940,5175305526083249981,gateway_calibration,demo_baseline,442.6576774008393,99,758.0031079564033
TR,0,941,397497917443687751,gateway_calibration,demo_baseline,518.8673231820374,111,758.0031079564033
TR,0,942,3875121394386379336,gateway_calibration,demo_baseline,595.4589902806096,116,758.0031079564033
TR,0,943,9016623080960570540,gateway_calibration,demo_baseline,607.296156609554,128,758.0031079564033
TR,0,944,8625523755179022908,gateway_calibration,demo_baseline,636.7068382161494,101,758.0031079564033
TR,0,945,6721013757911445942,gateway_calibration,demo_baseline,596.89140538147,108,758.0031079564033
TR,0,946,261980967748085487,gateway_calibration,demo_baseline,670.4406567686348,135,758.0031079564033
TR,0,947,6800140968907908217,gateway_calibration,demo_baseline,646.845511299727,107,758.0031079564033
TR,0,948,3167646917322041416,gateway_calibration,demo_baseline,585.5072437546434,105,758.0031079564033
TR,0,949,1414549555955672489,gateway_calibration,demo_baseline,756.7000280558748,127,758.0031079564033
TR,0,950,3226421270793403358,gateway_calibration,demo_baseline,608.4505338624324,119,758.0031079564033
TR,0,951,2267386776513763838,gateway_calibration,demo_baseline,554.1934771802585,103,758.0031079564033
TR,0,952,1685947020650568871,gateway_calibration,demo_baseline,576.974123832215,117,758.0031079564033
TR,0,953,7432476957107755500,gateway_calibration,demo_baseline,651.4282815710611,133,758.0031079564033
TR,0,954,8559949852919224244,gateway_calibration,demo_baseline,604.4091684482095,110,758.0031079564033
TR,0,955,3052266892101206113,gateway_calibration,demo_baseline,756.7537805955387,135,758.0031079564033
TR,0,956,8016822929909420119,gateway_calibration,demo_baseline,612.0984048170662,100,758.0031079564033
TR,0,957,7757034633474383258,gateway_calibration,demo_baseline,465.8566514860876,93,758.0031079564033
TR,0,958,888498031854988726,gateway_calibration,demo_baseline,638.1813815402725,115,758.0031079564033
TR,0,959,3658040319833129569,gateway_calibration,demo_baseline,670.9983905161173,132,758.0031079564033
TR,0,960,2440313976855841562,gateway_calibration,demo_baseline,775.7720237292609,119,758.0031079564033
TR,0,961,5380474877754618149,gateway_calibration,demo_baseline,510.3704177677413,112,758.0031079564033
TR,0,962,3845676025283663440,gateway_calibration,demo_baseline,500.6606018772533,113,758.0031079564033
TR,0,963,6000197701389027296,gateway_calibration,demo_baseline,609.1892255026391,111,758.0031079564033
TR,0,964,8771976452110714550,gateway_calibration,demo_baseline,649.2332324967812,123,758.0031079564033
TR,0,965,4800522614808766374,gateway_calibration,demo_baseline,544.2059482289557,115,758.0031079564033
TR,0,966,441894676848414361,gateway_calibration,demo_baseline,472.78817965933234,104,758.0031079564033
TR,0,967,9052590187148612204,gateway_calibration,demo_baseline,626.5297424732254,112,758.0031079564033
TR,0,968,2620381549985087741,gateway_calibration,demo_baseline,736.798726008402,128,758.0031079564033
TR,0,969,6142009336352655419,gateway_calibration,demo_baseline,635.0915826556362,116,758.0031079564033
TR,0,970,5526543527404166346,gateway_calibration,demo_baseline,514.5132388733086,112,758.0031079564033
TR,0,971,6162097679808038582,gateway_calibration,demo_baseline,650.9460154551366,108,758.0031079564033
TR,0,972,1879570402008923018,gateway_calibration,demo_baseline,619.4834166061866,143,758.0031079564033
TR,0,973,407185316682086805,gateway_calibration,demo_baseline,606.8308807074881,109,758.0031079564033
TR,0,974,8982074815416411366,gateway_calibration,demo_baseline,673.6738691045074,110,758.0031079564033
TR,0,975,8732089662065898684,gateway_calibration,demo_baseline,659.8607396976531,123,758.0031079564033
TR,0,976,4800976038905107920,gateway_calibration,demo_baseline,548.6336508287014,103,758.0031079564033
TR,0,977,832793797009953269,gateway_calibration,demo_baseline,624.859207168717,125,758.0031079564033
TR,0,978,6085334911056398471,gateway_calibration,demo_baseline,598.4062534193996,117,758.0031079564033
TR,0,979,2579133328073238793,gateway_calibration,demo_baseline,601.5924161816175,112,758.0031079564033
TR,0,980,9194571073690551408,gateway_calibration,demo_baseline,510.32878191200484,108,758.0031079564033
TR,0,981,7076730901984494347,gateway_calibration,demo_baseline,502.72881010599417,100,758.0031079564033
TR,0,982,3607722534394117392,gateway_calibration,demo_baseline,646.5905388228764,122,758.0031079564033
TR,0,983,6940672410446325175,gateway_calibration,demo_baseline,571.670387214432,101,758.0031079564033
TR,0,984,397436472882615012,gateway_calibration,demo_baseline,636.9194542517939,113,758.0031079564033
TR,0,985,2928909963406929261,gateway_calibration,demo_baseline,475.63411480568544,90,758.0031079564033
TR,0,986,5703576194302589719,gateway_calibration,demo_baseline,637.7695740359629,110,758.0031079564033
TR,0,987,4971077312226614414,gateway_calibration,demo_baseline,557.7141156688413,99,758.0031079564033
TR,0,988,5057862653462219608,gateway_calibration,demo_baseline,635.0893147728756,119,758.0031079564033
TR,0,989,2305434786622160311,gateway_calibration,demo_baseline,625.1268100111165,113,758.0031079564033
TR,0,990,7623840937151963811,gateway_calibration,demo_baseline,595.6643652172244,114,758.0031079564033
TR,0,991,4927056595526802280,gateway_calibration,demo_baseline,521.2730203646057,102,758.0031079564033
TR,0,992,1531787636745923995,gateway_calibration,demo_baseline,550.1405089031796,114,758.0031079564033
TR,0,993,8631036142984876914,gateway_calibration,demo_baseline,698.26953228916,114,758.0031079564033
TR,0,994,7045207745111439280,gateway_calibration,demo_baseline,752.6938946092464,130,758.0031079564033
TR,0,995,414123419306240681,gateway_calibration,demo_baseline,629.9902797114204,130,758.0031079564033
TR,0,996,7165675075148548647,gateway_calibration,demo_baseline,585.6122500235882,102,758.0031079564033
TR,0,997,5170063297087101049,gateway_calibration,demo_baseline,625.9204339722272,116,758.0031079564033
TR,0,998,3914620278669859945,gateway_calibration,demo_baseline,693.0374362862633,122,758.0031079564033
TR,0,999,6840808759658199343,gateway_calibration,demo_baseline,525.9213260556578,115,758.0031079564033
EIR,0,0,2055634816589690416,gateway_calibration,demo_baseline,598.4799179726668,110,793.9474891355933
EIR,0,1,3607334779117963574,gateway_calibration,demo_baseline,551.2700114590501,106,793.9474891355933
EIR,0,2,7713833625493305910,gateway_calibration,demo_baseline,623.1817397567579,118,793.9474891355933
EIR,0,3,8338552192095686689,gateway_calibration,demo_baseline,586.6582417134696,117,793.9474891355933
EIR,0,4,4923492914914852347,gateway_calibration,demo_baseline,716.69145934065,147,793.9474891355933
EIR,0,5,1893498813190594080,gateway_calibration,demo_baseline,694.7572065484892,129,793.9474891355933
EIR,0,6,6404060021183691568,gateway_calibration,demo_baseline,643.2250618411862,128,793.9474891355933
EIR,0,7,5349478700762397140,gateway_calibration,demo_baseline,694.2449107891829,128,793.9474891355933
EIR,0,8,5765672330154898139,gateway_calibration,demo_baseline,579.5739697551663,114,793.9474891355933
EIR,0,9,2262228374204098782,gateway_calibration,demo_baseline,624.480493336133,144,793.9474891355933
EIR,0,10,1609015955672361394,gateway_calibration,demo_baseline,596.9552000250014,136,793.9474891355933
EIR,0,11,6046653463684554290,gateway_calibration,demo_baseline,590.8411460303303,119,793.9474891355933
EIR,0,12,7019128679698407996,gateway_calibration,demo_baseline,644.8924295639383,109,793.9474891355933
EIR,0,13,1351912150168160670,gateway_calibration,demo_baseline,661.0188799784531,131,793.9474891355933
EIR,0,14,2464294332412869589,gateway_calibration,demo_baseline,693.5152133280313,115,793.9474891355933
EIR,0,15,4342503753276446998,gateway_calibration,demo_baseline,644.7136156499142,120,793.9474891355933
EIR,0,16,379158869084986000,gateway_calibration,demo_baseline,553.2614405796943,122,793.9474891355933
EIR,0,17,5935981303350768235,gateway_calibration,demo_baseline,603.3074290602719,129,793.9474891355933
EIR,0,18,2185318680674689855,gateway_calibration,demo_baseline,737.1909225528934,142,793.9474891355933
EIR,0,19,1634346937880042482,gateway_calibration,demo_baseline,781.3194643830209,143,793.9474891355933
EIR,0,20,729014226661637283,gateway_calibration,demo_baseline,623.6167646836731,116,793.9474891355933
EIR,0,21,6358873989595331212,gateway_calibration,demo_baseline,728.8943489253882,130,793.9474891355933
EIR,0,22,2905610439615263424,gateway_calibration,demo_baseline,658.7262824352142,112,793.9474891355933
EIR,0,23,6902804286631547059,gateway_calibration,demo_baseline,704.5654246533777,132,793.9474891355933
EIR,0,24,5431587564302492615,gateway_calibration,demo_baseline,596.1346797180323,116,793.9474891355933
EIR,0,25,4083192384850685005,gateway_calibration,demo_baseline,586.7821355136538,110,793.9474891355933
EIR,0,26,5086211361343947784,gateway_calibration,demo_baseline,686.1173243038539,138,793.9474891355933
EIR,0,27,6896501219313402691,gateway_calibration,demo_baseline,562.4710418572753,106,793.9474891355933
EIR,0,28,3957408395431913120,gateway_calibration,demo_baseline,664.2725675389298,132,793.9474891355933
EIR,0,29,7750233326108153077,gateway_calibration,demo_baseline,613.3580118920718,107,793.9474891355933
EIR,0,30,8185361916730343285,gateway_calibration,demo_baseline,624.7625579141568,130,793.9474891355933
EIR,0,31,5442812466408549800,gateway_calibration,demo_baseline,678.1007105065266,130,793.9474891355933
EIR,0,32,4977283637791910415,gateway_calibration,demo_baseline,581.3853851404468,133,793.9474891355933
EIR,0,33,1261465645661323068,gateway_calibration,demo_baseline,590.7964175207512,136,793.9474891355933
EIR,0,34,4555499763468647930,gateway_calibration,demo_baseline,656.5026239543076,121,793.9474891355933
EIR,0,35,6641695048537596020,gateway_calibration,demo_baseline,704.7830468745344,129,793.9474891355933
EIR,0,36,3520448100382193289,gateway_calibration,demo_baseline,629.4559860249395,129,793.9474891355933
EIR,0,37,2987321745147489496,gateway_calibration,demo_baseline,797.9342997090416,136,793.9474891355933
EIR,0,38,6001347809615517479,gateway_calibration,demo_baseline,507.9377947553864,105,793.9474891355933
EIR,0,39,895885703386562204,gateway_calibration,demo_baseline,721.8513390039707,125,793.9474891355933
EIR,0,40,8973438067388939631,gateway_calibration,demo_baseline,724.9411905728347,132,793.9474891355933
EIR,0,41,4458368402218890528,gateway_calibration,demo_baseline,617.7336814247302,122,793.9474891355933
EIR,0,42,4256516061322505388,gateway_calibration,demo_baseline,708.4593946061121,133,793.9474891355933
EIR,0,43,3896890304874576648,gateway_calibration,demo_baseline,621.1872095784706,107,793.9474891355933
EIR,0,44,7856708594626545741,gateway_calibration,demo_baseline,700.5320999001821,117,793.9474891355933
EIR,0,45,2470487795067230357,gateway_calibration,demo_baseline,594.1839751310561,117,793.9474891355933
EIR,0,46,2601806134178062465,gateway_calibration,demo_baseline,634.8495570774367,125,793.9474891355933
EIR,0,47,5521078623317142848,gateway_calibration,demo_baseline,677.9057353704383,117,793.9474891355933
EIR,0,48,8368179629319158186,gateway_calibration,demo_baseline,737.051163473378,137,793.9474891355933
EIR,0,49,2909956294739017831,gateway_calibration,demo_baseline,649.9997542100031,119,793.9474891355933
EIR,0,50,7751748217264705117,gateway_calibration,demo_baseline,726.8546283029195,128,793.9474891355933
EIR,0,51,9033532820884844621,gateway_calibration,demo_baseline,607.280289965148,123,793.9474891355933
EIR,0,52,89120659051370842,gateway_calibration,demo_baseline,555.8104284373404,111,793.9474891355933
EIR,0,53,7294825250692847244,gateway_calibration,demo_baseline,622.6157177275774,111,793.9474891355933
EIR,0,54,8684730232900716085,gateway_calibration,demo_baseline,708.7615818137248,134,793.9474891355933
EIR,0,55,2962688369437022743,gateway_calibration,demo_baseline,609.4380284642535,121,793.9474891355933
EIR,0,56,4538973949652720332,gateway_calibration,demo_baseline,435.8144125541878,97,793.9474891355933
EIR,0,57,8106679384915803515,gateway_calibration,demo_baseline,671.3499566421049,119,793.9474891355933
EIR,0,58,6576487265480906681,gateway_calibration,demo_baseline,697.1764661432253,138,793.9474891355933
EIR,0,59,8100421280672124744,gateway_calibration,demo_baseline,792.6119712454896,129,793.9474891355933
EIR,0,60,998418713027101646,gateway_calibration,demo_baseline,469.4527186446798,109,793.9474891355933
EIR,0,61,1865170860762633435,gateway_calibration,demo_baseline,635.5166305265286,140,793.9474891355933
EIR,0,62,3724074446202338062,gateway_calibration,demo_baseline,589.9840087733368,110,793.9474891355933
EIR,0,63,5936565249395638080,gateway_calibration,demo_baseline,568.316688991047,113,793.9474891355933
EIR,0,64,2023554821999348843,gateway_calibration,demo_baseline,609.5430946230742,103,793.9474891355933
EIR,0,65,7836599240388865210,gateway_calibration,demo_baseline,719.3468331619125,137,793.9474891355933
EIR,0,66,3615960465539769228,gateway_calibration,demo_baseline,625.7439690890825,120,793.9474891355933
EIR,0,67,4217980209893039974,gateway_calibration,demo_baseline,574.0880200991039,118,793.9474891355933
EIR,0,68,33032887258286693,gateway_calibration,demo_baseline,666.1818707341508,139,793.9474891355933
EIR,0,69,3732031440977918468,gateway_calibration,demo_baseline,562.3938698256221,112,793.9474891355933
EIR,0,70,9093574443760549252,gateway_calibration,demo_baseline,731.6643507978681,129,793.9474891355933
EIR,0,71,1501834115190109766,gateway_calibration,demo_baseline,509.15578698206167,115,793.9474891355933
EIR,0,72,3719184208185497104,gateway_calibration,demo_baseline,774.135276110598,132,793.9474891355933
EIR,0,73,9172405772083986303,gateway_calibration,demo_baseline,504.4118693799005,119,793.9474891355933
EIR,0,74,5767632611189641182,gateway_calibration,demo_baseline,612.3128537817495,113,793.9474891355933
EIR,0,75,5449030005287621295,gateway_calibration,demo_baseline,681.2447745846774,136,793.9474891355933
EIR,0,76,3834202292530903616,gateway_calibration,demo_baseline,691.2510969208569,123,793.9474891355933
EIR,0,77,8964097948973555346,gateway_calibration,demo_baseline,645.1571200991891,122,793.9474891355933
EIR,0,78,7408294841758174392,gateway_calibration,demo_baseline,756.2866350748435,118,793.9474891355933
EIR,0,79,928188061955059386,gateway_calibration,demo_baseline,571.7950273189996,119,793.9474891355933
EIR,0,80,7485212599939073890,gateway_calibration,demo_baseline,585.5385533578889,122,793.9474891355933
EIR,0,81,1716219131265037271,gateway_calibration,demo_baseline,720.6254186071839,127,793.9474891355933
EIR,0,82,5531817019963298171,gateway_calibration,demo_baseline,617.1330836431536,127,793.9474891355933
EIR,0,83,970208312528742400,gateway_calibration,demo_baseline,666.2753841238912,120,793.9474891355933
EIR,0,84,252084858420651504,gateway_calibration,demo_baseline,607.9403534541517,124,793.9474891355933
EIR,0,85,7415770412928426715,gateway_calibration,demo_baseline,627.3196440227618,128,793.9474891355933
EIR,0,86,4282122932496699064,gateway_calibration,demo_baseline,711.4903755734805,136,793.9474891355933
EIR,0,87,6810184368225994318,gateway_calibration,demo_baseline,603.3812964233939,118,793.9474891355933
EIR,0,88,5130081572617086193,gateway_calibration,demo_baseline,716.0959266403099,115,793.9474891355933
EIR,0,89,5625195383651239532,gateway_calibration,demo_baseline,578.961287784183,115,793.9474891355933
EIR,0,90,1641503838487039102,gateway_calibration,demo_baseline,572.6319194963303,117,793.9474891355933
EIR,0,91,5184547923624300161,gateway_calibration,demo_baseline,583.8314144498424,131,793.9474891355933
EIR,0,92,4837920668210923402,gateway_calibration,demo_baseline,609.8419589565124,128,793.9474891355933
EIR,0,93,7906686899072105176,gateway_calibration,demo_baseline,663.8941239245835,115,793.9474891355933
EIR,0,94,8718264264291227157,gateway_calibration,demo_baseline,733.2911391048386,142,793.9474891355933
EIR,0,95,2909867375378463490,gateway_calibration,demo_baseline,844.5091279101858,127,793.9474891355933
EIR,0,96,2352688926926992155,gateway_calibration,demo_baseline,612.9366061060275,121,793.9474891355933
EIR,0,97,6290723785325713704,gateway_calibration,demo_baseline,535.6360734656778,106,793.9474891355933
EIR,0,98,5566075279150096935,gateway_calibration,demo_baseline,627.5113331223965,125,793.9474891355933
EIR,0,99,4716847380824538733,gateway_calibration,demo_baseline,563.0991619828221,104,793.9474891355933
EIR,0,100,8470074670548149841,gateway_calibration,demo_baseline,788.1096558934495,142,793.9474891355933
EIR,0,101,1503955136689001935,gateway_calibration,demo_baseline,642.1188434668898,127,793.9474891355933
EIR,0,102,8794138056725432496,gateway_calibration,demo_baseline,690.8549541832708,126,793.9474891355933
EIR,0,103,5632517189101638310,gateway_calibration,demo_baseline,571.2746542570887,115,793.9474891355933
EIR,0,104,3602558368321647793,gateway_calibration,demo_baseline,617.4182329666786,118,793.9474891355933
EIR,0,105,5698962862292753754,gateway_calibration,demo_baseline,605.72488532306,124,793.9474891355933
EIR,0,106,1791671003323245850,gateway_calibration,demo_baseline,731.7547777006963,125,793.9474891355933
EIR,0,107,6722266094866388049,gateway_calibration,demo_baseline,632.714435210329,127,793.9474891355933
EIR,0,108,5587583978467980530,gateway_calibration,demo_baseline,544.4084919060386,105,793.9474891355933
EIR,0,109,7887143927717219946,gateway_calibration,demo_baseline,693.2226724345059,128,793.9474891355933
EIR,0,110,2896341303762984938,gateway_calibration,demo_baseline,708.9654688818003,129,793.9474891355933
EIR,0,111,267730272171403164,gateway_calibration,demo_baseline,831.856401839157,137,793.9474891355933
EIR,0,112,1154468146207280085,gateway_calibration,demo_baseline,632.8272036601328,133,793.9474891355933
EIR,0,113,8713220142872797955,gateway_calibration,demo_baseline,853.3991178047457,126,793.9474891355933
EIR,0,114,6035769166093233014,gateway_calibration,demo_baseline,693.1807807755954,128,793.9474891355933
EIR,0,115,8088477600081614224,gateway_calibration,demo_baseline,499.56455572791685,110,793.9474891355933
EIR,0,116,3580974877093780128,gateway_calibration,demo_baseline,564.8007241778635,117,793.9474891355933
EIR,0,117,1948064735578018652,gateway_calibration,demo_baseline,590.7215808159962,139,793.9474891355933
EIR,0,118,6338730338391468375,gateway_calibration,demo_baseline,819.2495515797258,121,793.9474891355933
EIR,0,119,2504394808202294198,gateway_calibration,demo_baseline,603.2653980541614,116,793.9474891355933
EIR,0,120,9094870760802143790,gateway_calibration,demo_baseline,758.3426568547147,135,793.9474891355933
EIR,0,121,2165453835788187979,gateway_calibration,demo_baseline,647.6016370504796,123,793.9474891355933
EIR,0,122,7697386509027993504,gateway_calibration,demo_baseline,648.8469937997139,141,793.9474891355933
EIR,0,123,7321729774985577774,gateway_calibration,demo_baseline,655.2722171633845,139,793.9474891355933
EIR,0,124,2922523129537045487,gateway_calibration,demo_baseline,616.8824907241446,108,793.9474891355933
EIR,0,125,6489010471142708432,gateway_calibration,demo_baseline,663.5105855896235,138,793.9474891355933
EIR,0,126,9195654259660616346,gateway_calibration,demo_baseline,618.1194051858316,133,793.9474891355933
EIR,0,127,8611724581891789531,gateway_calibration,demo_baseline,702.1008334224223,130,793.9474891355933
EIR,0,128,1448834313706516344,gateway_calibration,demo_baseline,746.7179368480005,123,793.9474891355933
EIR,0,129,5056729092451526651,gateway_calibration,demo_baseline,650.8291360361663,114,793.9474891355933
EIR,0,130,4877125099406042108,gateway_calibration,demo_baseline,646.2669707759039,121,793.9474891355933
EIR,0,131,1090434710618343596,gateway_calibration,demo_baseline,703.3238800084954,133,793.9474891355933
EIR,0,132,8116284168066022423,gateway_calibration,demo_baseline,485.6066958380428,96,793.9474891355933
EIR,0,133,930449391265319411,gateway_calibration,demo_baseline,652.54360518145,124,793.9474891355933
EIR,0,134,2141217228029559386,gateway_calibration,demo_baseline,656.3068591679361,117,793.9474891355933
EIR,0,135,2937269650150477546,gateway_calibration,demo_baseline,641.8108072971481,116,793.9474891355933
EIR,0,136,780340490290687418,gateway_calibration,demo_baseline,755.3100883195856,142,793.9474891355933
EIR,0,137,1296719366090248351,gateway_calibration,demo_baseline,643.6682669174439,123,793.9474891355933
EIR,0,138,666882052239213364,gateway_calibration,demo_baseline,757.1134040777445,128,793.9474891355933
EIR,0,139,5212564412431858176,gateway_calibration,demo_baseline,712.4061579200874,138,793.9474891355933
EIR,0,140,7117431033678158629,gateway_calibration,demo_baseline,608.7544240058724,121,793.9474891355933
EIR,0,141,8505491173785920447,gateway_calibration,demo_baseline,668.6692033032382,132,793.9474891355933
EIR,0,142,3395547557400499059,gateway_calibration,demo_baseline,618.0878453907832,128,793.9474891355933
EIR,0,143,8418165304890074859,gateway_calibration,demo_baseline,719.9258147201899,122,793.9474891355933
EIR,0,144,2007837261655952152,gateway_calibration,demo_baseline,801.5867474931582,139,793.9474891355933
EIR,0,145,8814101385134408321,gateway_calibration,demo_baseline,660.4505146544578,118,793.9474891355933
EIR,0,146,5648217101265013994,gateway_calibration,demo_baseline,623.2382848761166,124,793.9474891355933
EIR,0,147,1896537746564576338,gateway_calibration,demo_baseline,757.907758661107,138,793.9474891355933
EIR,0,148,9130006887677472520,gateway_calibration,demo_baseline,545.5758990167599,115,793.9474891355933
EIR,0,149,1264758758955248959,gateway_calibration,demo_baseline,610.1548663676208,121,793.9474891355933
EIR,0,150,4533783061701479137,gateway_calibration,demo_baseline,642.3080349689798,128,793.9474891355933
EIR,0,151,1562458057317970861,gateway_calibration,demo_baseline,648.8215068364271,137,793.9474891355933
EIR,0,152,8513702258583277317,gateway_calibration,demo_baseline,627.9185326690961,110,793.9474891355933
EIR,0,153,1853648010272200369,gateway_calibration,demo_baseline,755.0760687005093,124,793.9474891355933
EIR,0,154,9007675703549560491,gateway_calibration,demo_baseline,639.9216012906201,123,793.9474891355933
EIR,0,155,8356641493771588619,gateway_calibration,demo_baseline,552.6484407573485,135,793.9474891355933
EIR,0,156,7171174175869190283,gateway_calibration,demo_baseline,653.2006222529415,125,793.9474891355933
EIR,0,157,2467071995669151569,gateway_calibration,demo_baseline,656.8685527618152,125,793.9474891355933
EIR,0,158,5235623418950632203,gateway_calibration,demo_baseline,687.2025077337931,132,793.9474891355933
EIR,0,159,3752620272243293824,gateway_calibration,demo_baseline,622.5408413080846,135,793.9474891355933
EIR,0,160,1031370124548554591,gateway_calibration,demo_baseline,713.0011487478048,131,793.9474891355933
EIR,0,161,5230015202787046529,gateway_calibration,demo_baseline,685.254156956075,124,793.9474891355933
EIR,0,162,6845505429077249400,gateway_calibration,demo_baseline,555.8186844429047,118,793.9474891355933
EIR,0,163,9149471198719621336,gateway_calibration,demo_baseline,634.8316411252301,122,793.9474891355933
EIR,0,164,3077120758853083343,gateway_calibration,demo_baseline,670.6819241413677,120,793.9474891355933
EIR,0,165,8283374855743112791,gateway_calibration,demo_baseline,597.006497789169,116,793.9474891355933
EIR,0,166,7749950453860740234,gateway_calibration,demo_baseline,648.7078405386092,131,793.9474891355933
EIR,0,167,5983785313524945451,gateway_calibration,demo_baseline,782.2934603830549,136,793.9474891355933
EIR,0,168,4791796319233176623,gateway_calibration,demo_baseline,808.795817100013,140,793.9474891355933
EIR,0,169,3462974819450747024,gateway_calibration,demo_baseline,557.8291390341308,118,793.9474891355933
EIR,0,170,901493326958798652,gateway_calibration,demo_baseline,657.7996692999009,121,793.9474891355933
EIR,0,171,5357176178784045459,gateway_calibration,demo_baseline,706.2497161321108,118,793.9474891355933
EIR,0,172,5153595201328502726,gateway_calibration,demo_baseline,632.8770226249551,117,793.9474891355933
EIR,0,173,1979835884641107495,gateway_calibration,demo_baseline,568.9239411336548,123,793.9474891355933
EIR,0,174,8262167455252274255,gateway_calibration,demo_baseline,757.8431378292889,115,793.9474891355933
EIR,0,175,4285948052699240134,gateway_calibration,demo_baseline,558.7598498399954,118,793.9474891355933
EIR,0,176,6109496220389364882,gateway_calibration,demo_baseline,597.7112048426695,116,793.9474891355933
EIR,0,177,7552224374279538943,gateway_calibration,demo_baseline,644.1752882138818,108,793.9474891355933
EIR,0,178,1728173964939092735,gateway_calibration,demo_baseline,869.6113456859784,133,793.9474891355933
EIR,0,179,2650469313685312442,gateway_calibration,demo_baseline,750.2699677563535,133,793.9474891355933
EIR,0,180,5718449713044953512,gateway_calibration,demo_baseline,601.7893435801573,124,793.9474891355933
EIR,0,181,1492659016603241205,gateway_calibration,demo_baseline,612.3573062833345,125,793.9474891355933
EIR,0,182,535247246422614058,gateway_calibration,demo_baseline,799.0694406553703,135,793.9474891355933
EIR,0,183,3197788044157398014,gateway_calibration,demo_baseline,648.6651495084135,117,793.9474891355933
EIR,0,184,5763562862450748098,gateway_calibration,demo_baseline,599.0133135377367,123,793.9474891355933
EIR,0,185,2208041371230569871,gateway_calibration,demo_baseline,614.1200124418021,120,793.9474891355933
EIR,0,186,2390072761593403123,gateway_calibration,demo_baseline,649.3197733015743,110,793.9474891355933
EIR,0,187,2914466717151289796,gateway_calibration,demo_baseline,646.3981511659579,131,793.9474891355933
EIR,0,188,6403786249146497722,gateway_calibration,demo_baseline,753.8483477057583,121,793.9474891355933
EIR,0,189,4581939639143176091,gateway_calibration,demo_baseline,665.3732294212373,133,793.9474891355933
EIR,0,190,5910550828980559089,gateway_calibration,demo_baseline,718.2900332465214,116,793.9474891355933
EIR,0,191,7180216591584333200,gateway_calibration,demo_baseline,657.7404478052674,129,793.9474891355933
EIR,0,192,7688326597820127309,gateway_calibration,demo_baseline,601.80580197316,105,793.9474891355933
EIR,0,193,4031383409100757122,gateway_calibration,demo_baseline,643.5782815227508,119,793.9474891355933
EIR,0,194,5501453566784150561,gateway_calibration,demo_baseline,761.0068960250713,129,793.9474891355933
EIR,0,195,6680919148170186388,gateway_calibration,demo_baseline,632.0312214102867,120,793.9474891355933
EIR,0,196,1580444820580270162,gateway_calibration,demo_baseline,679.7115793061162,131,793.9474891355933
EIR,0,197,5092093306559848124,gateway_calibration,demo_baseline,699.0223362378773,117,793.9474891355933
EIR,0,198,6548828657319071689,gateway_calibration,demo_baseline,509.4235240671492,117,793.9474891355933
EIR,0,199,3782994564758821540,gateway_calibration,demo_baseline,685.4743738809259,131,793.9474891355933
EIR,0,200,3316059072327410470,gateway_calibration,demo_baseline,712.9902677587536,115,793.9474891355933
EIR,0,201,1344757814436651228,gateway_calibration,demo_baseline,506.85638883281405,114,793.9474891355933
EIR,0,202,2321077815717790574,gateway_calibration,demo_baseline,815.7307852286546,129,793.9474891355933
EIR,0,203,8460831654017076036,gateway_calibration,demo_baseline,613.9674868281173,134,793.9474891355933
EIR,0,204,8486485984607597769,gateway_calibration,demo_baseline,594.0991979363615,117,793.9474891355933
EIR,0,205,4695607381425377249,gateway_calibration,demo_baseline,585.1377510732609,117,793.9474891355933
EIR,0,206,5428342095475652627,gateway_calibration,demo_baseline,791.7064801790789,140,793.9474891355933
EIR,0,207,7172690414485997889,gateway_calibration,demo_baseline,604.5578914312262,118,793.9474891355933
EIR,0,208,3691891637570093883,gateway_calibration,demo_baseline,641.2342467009362,118,793.9474891355933
EIR,0,209,4436702724101764042,gateway_calibration,demo_baseline,662.9604543470192,130,793.9474891355933
EIR,0,210,3222560079461064725,gateway_calibration,demo_baseline,627.8956984258824,127,793.9474891355933
EIR,0,211,2319119475146473973,gateway_calibration,demo_baseline,626.8349717549753,119,793.9474891355933
EIR,0,212,6995240845176013740,gateway_calibration,demo_baseline,540.2595512512908,111,793.9474891355933
EIR,0,213,2789118765205676823,gateway_calibration,demo_baseline,595.2396708192884,118,793.9474891355933
EIR,0,214,697247785311207458,gateway_calibration,demo_baseline,670.5573518174944,136,793.9474891355933
EIR,0,215,5675595149331503692,gateway_calibration,demo_baseline,613.0241915488754,122,793.9474891355933
EIR,0,216,6698372954764486221,gateway_calibration,demo_baseline,696.1271244411624,131,793.9474891355933
EIR,0,217,6413317880313004516,gateway_calibration,demo_baseline,727.6841975483146,137,793.9474891355933
EIR,0,218,4549789470635874342,gateway_calibration,demo_baseline,715.569024594424,138,793.9474891355933
EIR,0,219,3441968344298423513,gateway_calibration,demo_baseline,683.4297837840174,130,793.9474891355933
EIR,0,220,5272754647303660162,gateway_calibration,demo_baseline,748.6798430618715,123,793.9474891355933
EIR,0,221,7212903701010774046,gateway_calibration,demo_baseline,681.9226961679913,122,793.9474891355933
EIR,0,222,4550999697970546720,gateway_calibration,demo_baseline,679.8219532487686,150,793.9474891355933
EIR,0,223,1354733439140740597,gateway_calibration,demo_baseline,671.248207163203,122,793.9474891355933
EIR,0,224,6791149299697333199,gateway_calibration,demo_baseline,682.4994164033255,112,793.9474891355933
EIR,0,225,880879331657749780,gateway_calibration,demo_baseline,554.1025275632533,121,793.9474891355933
EIR,0,226,3660022459553874876,gateway_calibration,demo_baseline,610.257411406238,112,793.9474891355933
EIR,0,227,3900288407078497057,gateway_calibration,demo_baseline,503.1723084559561,107,793.9474891355933
EIR,0,228,6067471802447798553,gateway_calibration,demo_baseline,661.2179894707889,129,793.9474891355933
EIR,0,229,2784160761170821184,gateway_calibration,demo_baseline,541.2717161560132,117,793.9474891355933
EIR,0,230,5757712658378318815,gateway_calibration,demo_baseline,577.9407476512483,115,793.9474891355933
EIR,0,231,3074695837552141410,gateway_calibration,demo_baseline,577.9377260234152,122,793.9474891355933
EIR,0,232,4138826186763683038,gateway_calibration,demo_baseline,567.3739242753471,129,793.9474891355933
EIR,0,233,6886196601187195401,gateway_calibration,demo_baseline,702.3520762196125,137,793.9474891355933
EIR,0,234,4884081372703464122,gateway_calibration,demo_baseline,718.7729256644177,130,793.9474891355933
EIR,0,235,719024153553429344,gateway_calibration,demo_baseline,549.9187750208334,108,793.9474891355933
EIR,0,236,252602296188566110,gateway_calibration,demo_baseline,611.6345819886769,122,793.9474891355933
EIR,0,237,6788018122256288538,gateway_calibration,demo_baseline,488.7945400222674,109,793.9474891355933
EIR,0,238,4291179444116555943,gateway_calibration,demo_baseline,509.7773465836252,103,793.9474891355933
EIR,0,239,4970162538721022992,gateway_calibration,demo_baseline,704.2299452714294,130,793.9474891355933
EIR,0,240,5328828485663844829,gateway_calibration,demo_baseline,611.2793667648095,114,793.9474891355933
EIR,0,241,1542934860762731847,gateway_calibration,demo_baseline,611.4705650427304,122,793.9474891355933
EIR,0,242,3634154983020135166,gateway_calibration,demo_baseline,555.9225728514198,122,793.9474891355933
EIR,0,243,5524906513777752305,gateway_calibration,demo_baseline,563.4227968460698,126,793.9474891355933
EIR,0,244,5842857672746688499,gateway_calibration,demo_baseline,682.1020812830006,118,793.9474891355933
EIR,0,245,305805400753337967,gateway_calibration,demo_baseline,812.3678069288019,112,793.9474891355933
EIR,0,246,7018134088344316960,gateway_calibration,demo_baseline,569.2582502961951,121,793.9474891355933
EIR,0,247,2869086283120500654,gateway_calibration,demo_baseline,667.9210238944186,141,793.9474891355933
EIR,0,248,4680055240870616502,gateway_calibration,demo_baseline,764.1226626372817,136,793.9474891355933
EIR,0,249,6098378821519789747,gateway_calibration,demo_baseline,563.1823327758378,117,793.9474891355933
EIR,0,250,4972601797246565644,gateway_calibration,demo_baseline,676.988436146918,132,793.9474891355933
EIR,0,251,6391780147397098913,gateway_calibration,demo_baseline,622.1751541810825,124,793.9474891355933
EIR,0,252,7578964232144426240,gateway_calibration,demo_baseline,886.7027418001344,143,793.9474891355933
EIR,0,253,6018914585757077245,gateway_calibration,demo_baseline,477.02041414595175,114,793.9474891355933
EIR,0,254,3845587679852497570,gateway_calibration,demo_baseline,568.6546462794742,112,793.9474891355933
EIR,0,255,2602475194366437553,gateway_calibration,demo_baseline,712.2193338290385,118,793.9474891355933
EIR,0,256,2275264091302005333,gateway_calibration,demo_baseline,597.4638834799471,113,793.9474891355933
EIR,0,257,3640779419959058048,gateway_calibration,demo_baseline,609.4257658754417,123,793.9474891355933
EIR,0,258,2902044101123999621,gateway_calibration,demo_baseline,755.6289574423243,130,793.9474891355933
EIR,0,259,5257429146033637013,gateway_calibration,demo_baseline,530.525245511663,117,793.9474891355933
EIR,0,260,8973829787450241323,gateway_calibration,demo_baseline,700.5933952746597,133,793.9474891355933
EIR,0,261,7129268194653962191,gateway_calibration,demo_baseline,686.5954607841031,127,793.9474891355933
EIR,0,262,428514408067028326,gateway_calibration,demo_baseline,678.8931734643137,139,793.9474891355933
EIR,0,263,450391734225179511,gateway_calibration,demo_baseline,624.258446363217,118,793.9474891355933
EIR,0,264,350498705530704675,gateway_calibration,demo_baseline,557.1348004126719,117,793.9474891355933
EIR,0,265,4378452547418604548,gateway_calibration,demo_baseline,520.4298292539554,123,793.9474891355933
EIR,0,266,5988273772784979859,gateway_calibration,demo_baseline,630.1979716587408,133,793.9474891355933
EIR,0,267,5544912495736158303,gateway_calibration,demo_baseline,596.1020193236516,128,793.9474891355933
EIR,0,268,5098983340188231714,gateway_calibration,demo_baseline,600.5782284193679,127,793.9474891355933
EIR,0,269,6867806209562392102,gateway_calibration,demo_baseline,712.4480151448832,128,793.9474891355933
EIR,0,270,4157858621481595890,gateway_calibration,demo_baseline,692.8576601435407,143,793.9474891355933
EIR,0,271,7345984190921269327,gateway_calibration,demo_baseline,640.323831023938,112,793.9474891355933
EIR,0,272,5013036556916261516,gateway_calibration,demo_baseline,554.6610790076345,113,793.9474891355933
EIR,0,273,561440655495539705,gateway_calibration,demo_baseline,705.1607019860746,144,793.9474891355933
EIR,0,274,6779705026307672384,gateway_calibration,demo_baseline,714.0609448784744,138,793.9474891355933
EIR,0,275,779178054385578192,gateway_calibration,demo_baseline,689.4046801387951,133,793.9474891355933
EIR,0,276,6114476395763125383,gateway_calibration,demo_baseline,591.7199493414487,115,793.9474891355933
EIR,0,277,460083724416504224,gateway_calibration,demo_baseline,498.508327940884,110,793.9474891355933
EIR,0,278,6205406773791553667,gateway_calibration,demo_baseline,579.6208779852764,124,793.9474891355933
EIR,0,279,1836505491902505730,gateway_calibration,demo_baseline,619.0880001193834,134,793.9474891355933
EIR,0,280,8454988613192551411,gateway_calibration,demo_baseline,732.163057232497,139,793.9474891355933
EIR,0,281,8504606176565967006,gateway_calibration,demo_baseline,611.4376920329944,112,793.9474891355933
EIR,0,282,4821643787131606462,gateway_calibration,demo_baseline,519.0104483752548,117,793.9474891355933
EIR,0,283,9085083802316209906,gateway_calibration,demo_baseline,602.9372373502061,119,793.9474891355933
EIR,0,284,8872492030795481288,gateway_calibration,demo_baseline,606.4795268370149,120,793.9474891355933
EIR,0,285,2739018806302587920,gateway_calibration,demo_baseline,687.0657568266785,119,793.9474891355933
EIR,0,286,3540807549326518159,gateway_calibration,demo_baseline,650.9342807460566,122,793.9474891355933
EIR,0,287,7983042736948422457,gateway_calibration,demo_baseline,608.5683224601738,133,793.9474891355933
EIR,0,288,5670882936725039033,gateway_calibration,demo_baseline,743.6094732793882,132,793.9474891355933
EIR,0,289,6096481600158611253,gateway_calibration,demo_baseline,693.7799557738971,124,793.9474891355933
EIR,0,290,5071213621213276124,gateway_calibration,demo_baseline,769.511926684319,135,793.9474891355933
EIR,0,291,8520148192215515609,gateway_calibration,demo_baseline,724.7139785040988,149,793.9474891355933
EIR,0,292,2181909951561122201,gateway_calibration,demo_baseline,693.7803288783333,129,793.9474891355933
EIR,0,293,4940352122218269506,gateway_calibration,demo_baseline,607.9757236949883,112,793.9474891355933
EIR,0,294,3900267518904945756,gateway_calibration,demo_baseline,634.3371444535821,112,793.9474891355933
EIR,0,295,4945420140145470658,gateway_calibration,demo_baseline,433.0164201806682,110,793.9474891355933
EIR,0,296,6180800711208425053,gateway_calibration,demo_baseline,666.9627529012942,129,793.9474891355933
EIR,0,297,3354414107971633176,gateway_calibration,demo_baseline,638.6737636317316,112,793.9474891355933
EIR,0,298,3953975775739114465,gateway_calibration,demo_baseline,910.779683085041,136,793.9474891355933
EIR,0,299,2908575211460700387,gateway_calibration,demo_baseline,642.421623365223,123,793.9474891355933
EIR,0,300,4903836877864497610,gateway_calibration,demo_baseline,760.4483670062818,131,793.9474891355933
EIR,0,301,7386532159595912488,gateway_calibration,demo_baseline,559.9497996988406,118,793.9474891355933
EIR,0,302,8388782213872284398,gateway_calibration,demo_baseline,750.354130682164,110,793.9474891355933
EIR,0,303,1393144012727543054,gateway_calibration,demo_baseline,754.5481179015427,140,793.9474891355933
EIR,0,304,4082012189141427233,gateway_calibration,demo_baseline,800.5179387687587,131,793.9474891355933
EIR,0,305,4459480656772073610,gateway_calibration,demo_baseline,630.734348298597,126,793.9474891355933
EIR,0,306,609008095321826344,gateway_calibration,demo_baseline,639.1821966051473,126,793.9474891355933
EIR,0,307,1297164830418504831,gateway_calibration,demo_baseline,633.3577549226003,113,793.9474891355933
EIR,0,308,4196072016588728129,gateway_calibration,demo_baseline,600.3167139002938,120,793.9474891355933
EIR,0,309,6700343629402215996,gateway_calibration,demo_baseline,812.5723757826748,123,793.9474891355933
EIR,0,310,5107923137872779465,gateway_calibration,demo_baseline,658.3891817814653,121,793.9474891355933
EIR,0,311,1448018169069134656,gateway_calibration,demo_baseline,625.6815231742734,116,793.9474891355933
EIR,0,312,7175041462103168150,gateway_calibration,demo_baseline,695.6060380925373,128,793.9474891355933
EIR,0,313,7644539591089005185,gateway_calibration,demo_baseline,615.9167799518299,113,793.9474891355933
EIR,0,314,917104345426733412,gateway_calibration,demo_baseline,671.5366456392477,121,793.9474891355933
EIR,0,315,3315832376715362197,gateway_calibration,demo_baseline,734.8911654684696,137,793.9474891355933
EIR,0,316,4771888824917196380,gateway_calibration,demo_baseline,454.0584644116785,103,793.9474891355933
EIR,0,317,2904422162266789077,gateway_calibration,demo_baseline,609.5992746864505,128,793.9474891355933
EIR,0,318,4875377637415319469,gateway_calibration,demo_baseline,593.353700322929,123,793.9474891355933
EIR,0,319,1896034548771775694,gateway_calibration,demo_baseline,662.6045234439946,135,793.9474891355933
EIR,0,320,9153008683854582890,gateway_calibration,demo_baseline,585.0495312720632,132,793.9474891355933
EIR,0,321,7252447629751555030,gateway_calibration,demo_baseline,521.2532496855814,104,793.9474891355933
EIR,0,322,4896834891793189394,gateway_calibration,demo_baseline,524.6948908897898,114,793.9474891355933
EIR,0,323,2563376768114063369,gateway_calibration,demo_baseline,625.7781687997938,124,793.9474891355933
EIR,0,324,5779284534882356502,gateway_calibration,demo_baseline,555.0255310392918,120,793.9474891355933
EIR,0,325,2334793133521143723,gateway_calibration,demo_baseline,792.1026633332177,123,793.9474891355933
EIR,0,326,6619181468482370868,gateway_calibration,demo_baseline,698.523048130426,126,793.9474891355933
EIR,0,327,395168661834813690,gateway_calibration,demo_baseline,654.5305574315017,127,793.9474891355933
EIR,0,328,991261643617793863,gateway_calibration,demo_baseline,680.363295534515,116,793.9474891355933
EIR,0,329,6267830003410274534,gateway_calibration,demo_baseline,756.7812077746273,128,793.9474891355933
EIR,0,330,956203288752655240,gateway_calibration,demo_baseline,829.9963660756589,152,793.9474891355933
EIR,0,331,8138790618057904739,gateway_calibration,demo_baseline,670.3593307635015,104,793.9474891355933
EIR,0,332,5725046464854504231,gateway_calibration,demo_baseline,556.731624933959,117,793.9474891355933
EIR,0,333,748030304180828546,gateway_calibration,demo_baseline,649.2707429270991,118,793.9474891355933
EIR,0,334,1330382898056134379,gateway_calibration,demo_baseline,707.2359215368168,120,793.9474891355933
EIR,0,335,922434892680131968,gateway_calibration,demo_baseline,544.5884397682751,116,793.9474891355933
EIR,0,336,435989896948632755,gateway_calibration,demo_baseline,665.1642575391116,130,793.9474891355933
EIR,0,337,732747586885455818,gateway_calibration,demo_baseline,763.8971075714286,137,793.9474891355933
EIR,0,338,970222675320468132,gateway_calibration,demo_baseline,642.9964226205091,118,793.9474891355933
EIR,0,339,2946774876452087043,gateway_calibration,demo_baseline,588.4277639566524,107,793.9474891355933
EIR,0,340,5221103150038829266,gateway_calibration,demo_baseline,638.0643391484281,131,793.9474891355933
EIR,0,341,5287879766628392898,gateway_calibration,demo_baseline,551.2464276340233,108,793.9474891355933
EIR,0,342,8841166382583490764,gateway_calibration,demo_baseline,608.948580597281,123,793.9474891355933
EIR,0,343,2807605648125254114,gateway_calibration,demo_baseline,819.3810069349731,156,793.9474891355933
EIR,0,344,724669813920044435,gateway_calibration,demo_baseline,651.6022847858501,129,793.9474891355933
EIR,0,345,9193719868289399879,gateway_calibration,demo_baseline,577.4235457366973,113,793.9474891355933
EIR,0,346,2168380945468024933,gateway_calibration,demo_baseline,699.9175898072903,121,793.9474891355933
EIR,0,347,5644094711441532724,gateway_calibration,demo_baseline,737.5706518205801,145,793.9474891355933
EIR,0,348,1527533214736082302,gateway_calibration,demo_baseline,596.7363383000999,111,793.9474891355933
EIR,0,349,6808820829508605033,gateway_calibration,demo_baseline,558.8472151187946,121,793.9474891355933
EIR,0,350,4630569217714926362,gateway_calibration,demo_baseline,575.1158128838177,119,793.9474891355933
EIR,0,351,7362933335203040786,gateway_calibration,demo_baseline,707.8756397345835,112,793.9474891355933
EIR,0,352,4509939136455276937,gateway_calibration,demo_baseline,580.9857757058361,114,793.9474891355933
EIR,0,353,7539434944588084881,gateway_calibration,demo_baseline,571.7097723289326,112,793.9474891355933
EIR,0,354,7220436068502809269,gateway_calibration,demo_baseline,676.3523334517569,110,793.9474891355933
EIR,0,355,4961484306601340854,gateway_calibration,demo_baseline,495.17053400579096,114,793.9474891355933
EIR,0,356,5598817859350072359,gateway_calibration,demo_baseline,800.8615308833479,139,793.9474891355933
EIR,0,357,4635734721926039829,gateway_calibration,demo_baseline,668.6977021894902,113,793.9474891355933
EIR,0,358,5503454618308885033,gateway_calibration,demo_baseline,628.5643508268739,118,793.9474891355933
EIR,0,359,2070120615290398061,gateway_calibration,demo_baseline,716.0669608605843,122,793.9474891355933
EIR,0,360,6790344497697508775,gateway_calibration,demo_baseline,603.252466237233,142,793.9474891355933
EIR,0,361,6133402451080802469,gateway_calibration,demo_baseline,631.3273620431636,127,793.9474891355933
EIR,0,362,5483969997155994674,gateway_calibration,demo_baseline,619.2393109430905,109,793.9474891355933
EIR,0,363,7744797564353800551,gateway_calibration,demo_baseline,598.3649298120404,120,793.9474891355933
EIR,0,364,9207804563799566767,gateway_calibration,demo_baseline,580.1902518059583,117,793.9474891355933
EIR,0,365,8403725493006344235,gateway_calibration,demo_baseline,649.4017638027603,114,793.9474891355933
EIR,0,366,2299962493237537829,gateway_calibration,demo_baseline,698.2788839189703,121,793.9474891355933
EIR,0,367,7898974677071222241,gateway_calibration,demo_baseline,703.8072837360347,126,793.9474891355933
EIR,0,368,920256185645332992,gateway_calibration,demo_baseline,667.8553539882057,134,793.9474891355933
EIR,0,369,5652211910218317312,gateway_calibration,demo_baseline,697.0988498829402,111,793.9474891355933
EIR,0,370,557983661327952205,gateway_calibration,demo_baseline,700.9924453442579,126,793.9474891355933
EIR,0,371,180584038616361606,gateway_calibration,demo_baseline,510.7975239706541,114,793.9474891355933
EIR,0,372,2118672259348573123,gateway_calibration,demo_baseline,561.6860628251625,122,793.9474891355933
EIR,0,373,946633376190957525,gateway_calibration,demo_baseline,708.3636957005708,136,793.9474891355933
EIR,0,374,7776809035172248507,gateway_calibration,demo_baseline,608.7248282060276,132,793.9474891355933
EIR,0,375,5057011340481149981,gateway_calibration,demo_baseline,642.3040186010279,138,793.9474891355933
EIR,0,376,902434670177957540,gateway_calibration,demo_baseline,624.8519428203573,130,793.9474891355933
EIR,0,377,4687519138820340824,gateway_calibration,demo_baseline,665.8527200673766,115,793.9474891355933
EIR,0,378,7918182370573786192,gateway_calibration,demo_baseline,567.2866616947118,122,793.9474891355933
EIR,0,379,8516539765133230055,gateway_calibration,demo_baseline,556.2291624892359,120,793.9474891355933
EIR,0,380,4035639091346989370,gateway_calibration,demo_baseline,656.2707819443675,122,793.9474891355933
EIR,0,381,2957568317347461173,gateway_calibration,demo_baseline,658.7112807643508,125,793.9474891355933
EIR,0,382,5831424299688710136,gateway_calibration,demo_baseline,537.375187697907,106,793.9474891355933
EIR,0,383,4235982032803122987,gateway_calibration,demo_baseline,752.5839271470978,138,793.9474891355933
EIR,0,384,5242466503248424189,gateway_calibration,demo_baseline,577.8826241497109,120,793.9474891355933
EIR,0,385,3042607602535236789,gateway_calibration,demo_baseline,653.9376606540858,132,793.9474891355933
EIR,0,386,6424264480576259736,gateway_calibration,demo_baseline,829.771222249656,142,793.9474891355933
EIR,0,387,7139525916892896697,gateway_calibration,demo_baseline,636.7183816009648,128,793.9474891355933
EIR,0,388,2871018290243345934,gateway_calibration,demo_baseline,612.636376331694,128,793.9474891355933
EIR,0,389,5080549358270517873,gateway_calibration,demo_baseline,828.8742734089689,128,793.9474891355933
EIR,0,390,7730788428094880734,gateway_calibration,demo_baseline,717.1064014498954,134,793.9474891355933
EIR,0,391,8706338493536665682,gateway_calibration,demo_baseline,644.4849305836138,124,793.9474891355933
EIR,0,392,3437775412588874482,gateway_calibration,demo_baseline,734.6067483278849,149,793.9474891355933
EIR,0,393,4369312152269912725,gateway_calibration,demo_baseline,689.1638089801409,121,793.9474891355933
EIR,0,394,5566569744910271595,gateway_calibration,demo_baseline,694.4032497358577,122,793.9474891355933
EIR,0,395,4972619668235336560,gateway_calibration,demo_baseline,802.0268758781986,151,793.9474891355933
EIR,0,396,6595541786026754683,gateway_calibration,demo_baseline,613.4958538155711,128,793.9474891355933
EIR,0,397,5201339619156383885,gateway_calibration,demo_baseline,716.5367759831256,136,793.9474891355933
EIR,0,398,3244040589457057022,gateway_calibration,demo_baseline,917.8878656524514,149,793.9474891355933
EIR,0,399,4644508086910420523,gateway_calibration,demo_baseline,589.337921245463,113,793.9474891355933
EIR,0,400,7841031463629179394,gateway_calibration,demo_baseline,701.4158267741819,123,793.9474891355933
EIR,0,401,8232982785784579773,gateway_calibration,demo_baseline,652.8020582181938,128,793.9474891355933
EIR,0,402,7907632682065280681,gateway_calibration,demo_baseline,709.8084315527202,117,793.9474891355933
EIR,0,403,5531104558922077189,gateway_calibration,demo_baseline,688.0011355508296,131,793.9474891355933
EIR,0,404,7072327432529441300,gateway_calibration,demo_baseline,592.1022402393166,118,793.9474891355933
EIR,0,405,353413172966867111,gateway_calibration,demo_baseline,650.9763436543125,136,793.9474891355933
EIR,0,406,8511684322371021722,gateway_calibration,demo_baseline,673.2556136644697,117,793.9474891355933
EIR,0,407,7411813376519884947,gateway_calibration,demo_baseline,653.7410243609888,117,793.9474891355933
EIR,0,408,8201897029142939318,gateway_calibration,demo_baseline,557.2655433982006,110,793.9474891355933
EIR,0,409,447532563830983735,gateway_calibration,demo_baseline,555.2649032517342,114,793.9474891355933
EIR,0,410,41705391021795322,gateway_calibration,demo_baseline,605.0181850874421,137,793.9474891355933
EIR,0,411,3904513214821619643,gateway_calibration,demo_baseline,602.9462701284309,116,793.9474891355933
EIR,0,412,6671949155609610360,gateway_calibration,demo_baseline,718.1252615987671,130,793.9474891355933
EIR,0,413,8075490353849575194,gateway_calibration,demo_baseline,726.3852652898562,139,793.9474891355933
EIR,0,414,8218828291617039034,gateway_calibration,demo_baseline,626.1172224323656,128,793.9474891355933
EIR,0,415,599174778557199927,gateway_calibration,demo_baseline,624.447309256971,120,793.9474891355933
EIR,0,416,5843918754888924036,gateway_calibration,demo_baseline,697.1915686108814,130,793.9474891355933
EIR,0,417,5240082086452834136,gateway_calibration,demo_baseline,718.0899660922145,149,793.9474891355933
EIR,0,418,6084862542806147362,gateway_calibration,demo_baseline,569.6913143705531,116,793.9474891355933
EIR,0,419,8697155797407714169,gateway_calibration,demo_baseline,729.092927850968,132,793.9474891355933
EIR,0,420,2146258153113331986,gateway_calibration,demo_baseline,750.5682768931075,130,793.9474891355933
EIR,0,421,851636477210941311,gateway_calibration,demo_baseline,767.0563045275289,138,793.9474891355933
EIR,0,422,8463155567722574954,gateway_calibration,demo_baseline,564.4121194226226,111,793.9474891355933
EIR,0,423,60998527403926093,gateway_calibration,demo_baseline,577.0742464769571,117,793.9474891355933
EIR,0,424,6560111182898924621,gateway_calibration,demo_baseline,618.0835397424298,119,793.9474891355933
EIR,0,425,7548447290821208737,gateway_calibration,demo_baseline,512.8581493987758,121,793.9474891355933
EIR,0,426,6972812532810471335,gateway_calibration,demo_baseline,706.0975829836003,118,793.9474891355933
EIR,0,427,2456172798974502375,gateway_calibration,demo_baseline,725.2901256528606,145,793.9474891355933
EIR,0,428,2764345702009170261,gateway_calibration,demo_baseline,708.5958663453794,126,793.9474891355933
EIR,0,429,7824580649061692102,gateway_calibration,demo_baseline,469.7230323875895,104,793.9474891355933
EIR,0,430,8204465112937938465,gateway_calibration,demo_baseline,620.175413704076,113,793.9474891355933
EIR,0,431,3272814857496890456,gateway_calibration,demo_baseline,559.1618564599493,114,793.9474891355933
EIR,0,432,6108293578492825917,gateway_calibration,demo_baseline,658.7018820020148,142,793.9474891355933
EIR,0,433,6044441302596166590,gateway_calibration,demo_baseline,692.7400368971192,117,793.9474891355933
EIR,0,434,8033833667278283228,gateway_calibration,demo_baseline,571.8798580239927,113,793.9474891355933
EIR,0,435,2298543305245125093,gateway_calibration,demo_baseline,650.8157091197509,131,793.9474891355933
EIR,0,436,8372065226837947331,gateway_calibration,demo_baseline,622.6039795009517,117,793.9474891355933
EIR,0,437,2851940333479933933,gateway_calibration,demo_baseline,659.7612972665322,125,793.9474891355933
EIR,0,438,4783449089297395009,gateway_calibration,demo_baseline,793.9368784601784,116,793.9474891355933
EIR,0,439,147866360773237474,gateway_calibration,demo_baseline,616.639125260602,116,793.9474891355933
EIR,0,440,8901439967527660346,gateway_calibration,demo_baseline,709.2720338480474,137,793.9474891355933
EIR,0,441,2792232151273404527,gateway_calibration,demo_baseline,735.4203847689054,144,793.9474891355933
EIR,0,442,382613022610398154,gateway_calibration,demo_baseline,826.8742570809987,126,793.9474891355933
EIR,0,443,171228715638799319,gateway_calibration,demo_baseline,553.3071893857782,122,793.9474891355933
EIR,0,444,8571593497970036836,gateway_calibration,demo_baseline,795.8647716371144,131,793.9474891355933
EIR,0,445,4366849703295644533,gateway_calibration,demo_baseline,679.4009271720255,126,793.9474891355933
EIR,0,446,6782997397502995722,gateway_calibration,demo_baseline,624.1645053095873,124,793.9474891355933
EIR,0,447,7917843585078365999,gateway_calibration,demo_baseline,533.3166997943908,116,793.9474891355933
EIR,0,448,2812367788688793005,gateway_calibration,demo_baseline,632.6140705934768,127,793.9474891355933
EIR,0,449,7493121710195197254,gateway_calibration,demo_baseline,587.6878365383246,126,793.9474891355933
EIR,0,450,6030005951941056987,gateway_calibration,demo_baseline,592.3963544136504,121,793.9474891355933
EIR,0,451,8664064992866167798,gateway_calibration,demo_baseline,514.4256756759628,109,793.9474891355933
EIR,0,452,6153711295301895373,gateway_calibration,demo_baseline,561.3992332611663,123,793.9474891355933
EIR,0,453,6140452652400077667,gateway_calibration,demo_baseline,594.6000752082997,119,793.9474891355933
EIR,0,454,2362028261146403341,gateway_calibration,demo_baseline,539.1812413075286,103,793.9474891355933
EIR,0,455,1527659212651131902,gateway_calibration,demo_baseline,726.6360496711667,117,793.9474891355933
EIR,0,456,6965586418758067723,gateway_calibration,demo_baseline,691.5787450822017,121,793.9474891355933
EIR,0,457,2328705157365786058,gateway_calibration,demo_baseline,686.0802413472478,125,793.9474891355933
EIR,0,458,8627453351209006728,gateway_calibration,demo_baseline,602.7751009508019,139,793.9474891355933
EIR,0,459,6762091561199013355,gateway_calibration,demo_baseline,626.1962475620429,134,793.9474891355933
EIR,0,460,35797407215450159,gateway_calibration,demo_baseline,780.8954279416537,134,793.9474891355933
EIR,0,461,8996018168165991940,gateway_calibration,demo_baseline,541.0565911911169,104,793.9474891355933
EIR,0,462,4161649660130098159,gateway_calibration,demo_baseline,646.9395788781333,135,793.9474891355933
EIR,0,463,3125315802730219311,gateway_calibration,demo_baseline,689.0742150977143,141,793.9474891355933
EIR,0,464,4730919350998797823,gateway_calibration,demo_baseline,722.9789370184992,137,793.9474891355933
EIR,0,465,5887417048678105037,gateway_calibration,demo_baseline,597.5701327897309,129,793.9474891355933
EIR,0,466,8006249585052249909,gateway_calibration,demo_baseline,540.0568302677186,104,793.9474891355933
EIR,0,467,4262993223147639821,gateway_calibration,demo_baseline,691.1847441843238,133,793.9474891355933
EIR,0,468,8569733994700730179,gateway_calibration,demo_baseline,629.8476321448182,114,793.9474891355933
EIR,0,469,7621568008776433648,gateway_calibration,demo_baseline,594.7834439081101,135,793.9474891355933
EIR,0,470,3590273536499534933,gateway_calibration,demo_baseline,709.8078970138274,122,793.9474891355933
EIR,0,471,8470413163135638497,gateway_calibration,demo_baseline,622.349332618762,114,793.9474891355933
EIR,0,472,5206952050406431112,gateway_calibration,demo_baseline,578.4051702382241,106,793.9474891355933
EIR,0,473,3773574963963210045,gateway_calibration,demo_baseline,693.3767057905087,129,793.9474891355933
EIR,0,474,4982811183350980889,gateway_calibration,demo_baseline,589.5004151398484,124,793.9474891355933
EIR,0,475,6581002148410550314,gateway_calibration,demo_baseline,604.720889706943,115,793.9474891355933
EIR,0,476,8597790491737484183,gateway_calibration,demo_baseline,646.898384619711,123,793.9474891355933
EIR,0,477,7534454940188095949,gateway_calibration,demo_baseline,775.7024731752083,144,793.9474891355933
EIR,0,478,6416668087006220254,gateway_calibration,demo_baseline,613.3304329071522,123,793.9474891355933
EIR,0,479,4940910680809164190,gateway_calibration,demo_baseline,670.923368379751,128,793.9474891355933
EIR,0,480,1806148972349122469,gateway_calibration,demo_baseline,658.3085824997652,138,793.9474891355933
EIR,0,481,7776131003424588158,gateway_calibration,demo_baseline,594.8009251921441,119,793.9474891355933
EIR,0,482,2055160029094189052,gateway_calibration,demo_baseline,770.9901298996263,112,793.9474891355933
EIR,0,483,3298190011564141354,gateway_calibration,demo_baseline,636.55057194823,126,793.9474891355933
EIR,0,484,29695539571563089,gateway_calibration,demo_baseline,577.1622180746194,109,793.9474891355933
EIR,0,485,5042743844161026951,gateway_calibration,demo_baseline,546.8923597821392,103,793.9474891355933
EIR,0,486,2795319694385841020,gateway_calibration,demo_baseline,745.9100069728883,127,793.9474891355933
EIR,0,487,8816817220155134833,gateway_calibration,demo_baseline,700.1979131926959,112,793.9474891355933
EIR,0,488,5981385468962749063,gateway_calibration,demo_baseline,604.5850682316511,118,793.9474891355933
EIR,0,489,7408978145346011316,gateway_calibration,demo_baseline,586.6894243706842,109,793.9474891355933
EIR,0,490,2833281994398575940,gateway_calibration,demo_baseline,618.4741375567453,120,793.9474891355933
EIR,0,491,6210581441769880254,gateway_calibration,demo_baseline,637.9178648712208,115,793.9474891355933
EIR,0,492,6615887561044460182,gateway_calibration,demo_baseline,689.104737142805,121,793.9474891355933
EIR,0,493,6008584654636874900,gateway_calibration,demo_baseline,559.0369687495466,123,793.9474891355933
EIR,0,494,3094690860868853496,gateway_calibration,demo_baseline,687.8409686941957,122,793.9474891355933
EIR,0,495,7572989369574107161,gateway_calibration,demo_baseline,474.7834416005699,115,793.9474891355933
EIR,0,496,7572123636788302563,gateway_calibration,demo_baseline,465.91911878228564,113,793.9474891355933
EIR,0,497,4189259063814042139,gateway_calibration,demo_baseline,693.2517107132788,131,793.9474891355933
EIR,0,498,6064742676076659068,gateway_calibration,demo_baseline,629.943728913203,118,793.9474891355933
EIR,0,499,9106443140527364840,gateway_calibration,demo_baseline,683.7466963313218,118,793.9474891355933
EIR,0,500,7192130802264006437,gateway_calibration,demo_baseline,618.110952756959,123,793.9474891355933
EIR,0,501,7906067921485088106,gateway_calibration,demo_baseline,693.6003383871491,127,793.9474891355933
EIR,0,502,6324115075406578096,gateway_calibration,demo_baseline,756.1607168437585,149,793.9474891355933
EIR,0,503,9199354083108179081,gateway_calibration,demo_baseline,672.3055029930935,116,793.9474891355933
EIR,0,504,7653205185923944873,gateway_calibration,demo_baseline,630.0146314303317,105,793.9474891355933
EIR,0,505,4751973178245369784,gateway_calibration,demo_baseline,688.3527820110911,114,793.9474891355933
EIR,0,506,8065901430543508112,gateway_calibration,demo_baseline,681.5103588983253,117,793.9474891355933
EIR,0,507,4390491947076221661,gateway_calibration,demo_baseline,770.2721440274273,116,793.9474891355933
EIR,0,508,1179744425269559203,gateway_calibration,demo_baseline,751.9551571606382,135,793.9474891355933
EIR,0,509,6463443496566560909,gateway_calibration,demo_baseline,624.7570047830249,119,793.9474891355933
EIR,0,510,4489109858506601012,gateway_calibration,demo_baseline,705.4380402788288,127,793.9474891355933
EIR,0,511,4712045036922454101,gateway_calibration,demo_baseline,791.3469742734642,129,793.9474891355933
EIR,0,512,1463589755863370359,gateway_calibration,demo_baseline,646.2376896231085,120,793.9474891355933
EIR,0,513,1248266359456671663,gateway_calibration,demo_baseline,682.2701936596413,126,793.9474891355933
EIR,0,514,8233591727716235125,gateway_calibration,demo_baseline,717.9145246378536,141,793.9474891355933
EIR,0,515,5259196999686604042,gateway_calibration,demo_baseline,604.8765658914162,101,793.9474891355933
EIR,0,516,7601904480688995645,gateway_calibration,demo_baseline,589.4800639141689,120,793.9474891355933
EIR,0,517,4600939623023196783,gateway_calibration,demo_baseline,668.5155601410437,124,793.9474891355933
EIR,0,518,2448925168223878728,gateway_calibration,demo_baseline,606.6988769484179,111,793.9474891355933
EIR,0,519,7299976319061914519,gateway_calibration,demo_baseline,679.8420686992604,118,793.9474891355933
EIR,0,520,6639245151683131536,gateway_calibration,demo_baseline,738.5904890027474,123,793.9474891355933
EIR,0,521,2232325706145358649,gateway_calibration,demo_baseline,541.9654209441995,117,793.9474891355933
EIR,0,522,5125992570090116897,gateway_calibration,demo_baseline,742.9314078415958,134,793.9474891355933
EIR,0,523,5539683304786605427,gateway_calibration,demo_baseline,647.3704790150495,117,793.9474891355933
EIR,0,524,3197689640958405456,gateway_calibration,demo_baseline,525.1415853174489,115,793.9474891355933
EIR,0,525,8654827231394119713,gateway_calibration,demo_baseline,681.5938229282672,129,793.9474891355933
EIR,0,526,864314526961113728,gateway_calibration,demo_baseline,485.86193751887515,104,793.9474891355933
EIR,0,527,4472936188462302672,gateway_calibration,demo_baseline,614.9797612485245,125,793.9474891355933
EIR,0,528,7800678365891270390,gateway_calibration,demo_baseline,660.679498793808,127,793.9474891355933
EIR,0,529,5259342878465507969,gateway_calibration,demo_baseline,642.8175894435641,119,793.9474891355933
EIR,0,530,748123360635627137,gateway_calibration,demo_baseline,614.0443435930719,133,793.9474891355933
EIR,0,531,306740691958866285,gateway_calibration,demo_baseline,774.2404157341922,134,793.9474891355933
EIR,0,532,6992667392093415208,gateway_calibration,demo_baseline,701.5387942092377,138,793.9474891355933
EIR,0,533,263304468826651882,gateway_calibration,demo_baseline,825.1441655816503,138,793.9474891355933
EIR,0,534,985792788729623295,gateway_calibration,demo_baseline,845.5997944454913,136,793.9474891355933
EIR,0,535,1564878499909062207,gateway_calibration,demo_baseline,798.565345238318,138,793.9474891355933
EIR,0,536,4561088536541918276,gateway_calibration,demo_baseline,759.3887311087451,129,793.9474891355933
EIR,0,537,6356466364262305547,gateway_calibration,demo_baseline,651.5718459472072,129,793.9474891355933
EIR,0,538,370546559869579982,gateway_calibration,demo_baseline,686.3615843842863,111,793.9474891355933
EIR,0,539,6369608651350352302,gateway_calibration,demo_baseline,666.3324691759336,132,793.9474891355933
EIR,0,540,699744622844854070,gateway_calibration,demo_baseline,714.3246429420916,111,793.9474891355933
EIR,0,541,3036134708187091858,gateway_calibration,demo_baseline,608.8465285602384,128,793.9474891355933
EIR,0,542,1909649522894979331,gateway_calibration,demo_baseline,612.6746084187474,134,793.9474891355933
EIR,0,543,145756241710540502,gateway_calibration,demo_baseline,515.6335256153699,107,793.9474891355933
EIR,0,544,6912533793343443143,gateway_calibration,demo_baseline,501.33879814109224,102,793.9474891355933
EIR,0,545,3008357349614872046,gateway_calibration,demo_baseline,590.4124868359382,118,793.9474891355933
EIR,0,546,218842538947990085,gateway_calibration,demo_baseline,744.9402499706574,125,793.9474891355933
EIR,0,547,1838907534049701299,gateway_calibration,demo_baseline,636.482856549624,119,793.9474891355933
EIR,0,548,6208104473054468875,gateway_calibration,demo_baseline,632.5573993416247,111,793.9474891355933
EIR,0,549,420470534539047797,gateway_calibration,demo_baseline,695.3043932528144,136,793.9474891355933
EIR,0,550,8670605028019118986,gateway_calibration,demo_baseline,558.6146356846,123,793.9474891355933
EIR,0,551,8016369706440213235,gateway_calibration,demo_baseline,644.3396181340049,120,793.9474891355933
EIR,0,552,3869173137741904368,gateway_calibration,demo_baseline,495.8983951645984,114,793.9474891355933
EIR,0,553,8471169506832060891,gateway_calibration,demo_baseline,535.912115540772,119,793.9474891355933
EIR,0,554,7359999990408029549,gateway_calibration,demo_baseline,646.1480107509773,136,793.9474891355933
EIR,0,555,1270941997801414777,gateway_calibration,demo_baseline,717.210143697591,154,793.9474891355933
EIR,0,556,2383984921856361724,gateway_calibration,demo_baseline,662.155331468482,129,793.9474891355933
EIR,0,557,8756795139792287802,gateway_calibration,demo_baseline,485.8201983626963,113,793.9474891355933
EIR,0,558,9112300291488982306,gateway_calibration,demo_baseline,759.3411931885079,130,793.9474891355933
EIR,0,559,4902637202460358133,gateway_calibration,demo_baseline,629.4880911273486,110,793.9474891355933
EIR,0,560,2977530797414928868,gateway_calibration,demo_baseline,640.6837826455528,121,793.9474891355933
EIR,0,561,4332002598573006948,gateway_calibration,demo_baseline,593.536959669471,110,793.9474891355933
EIR,0,562,7097258984763576476,gateway_calibration,demo_baseline,641.2344571588709,110,793.9474891355933
EIR,0,563,5276821758919762519,gateway_calibration,demo_baseline,570.6811239926719,117,793.9474891355933
EIR,0,564,1314861126560299641,gateway_calibration,demo_baseline,621.8300659398266,132,793.9474891355933
EIR,0,565,7704586901152592267,gateway_calibration,demo_baseline,765.3428972746848,147,793.9474891355933
EIR,0,566,1751559317247738340,gateway_calibration,demo_baseline,625.4109502698501,114,793.9474891355933
EIR,0,567,6684786183629429154,gateway_calibration,demo_baseline,716.3953614616107,127,793.9474891355933
EIR,0,568,213585452057901647,gateway_calibration,demo_baseline,675.908372974559,103,793.9474891355933
EIR,0,569,4448820282277422371,gateway_calibration,demo_baseline,763.2814779606771,131,793.9474891355933
EIR,0,570,1581145154481063793,gateway_calibration,demo_baseline,592.7511481799775,131,793.9474891355933
EIR,0,571,7003285067998750523,gateway_calibration,demo_baseline,582.4253681269695,119,793.9474891355933
EIR,0,572,4180746241776630455,gateway_calibration,demo_baseline,699.6520768068342,123,793.9474891355933
EIR,0,573,7773909632959900553,gateway_calibration,demo_baseline,519.3554895436018,120,793.9474891355933
EIR,0,574,5166267264879724132,gateway_calibration,demo_baseline,651.7404233629023,131,793.9474891355933
EIR,0,575,5255943416170230583,gateway_calibration,demo_baseline,528.264470954069,114,793.9474891355933
EIR,0,576,3575067156766554486,gateway_calibration,demo_baseline,602.3032350361092,117,793.9474891355933
EIR,0,577,5261698388692250361,gateway_calibration,demo_baseline,701.6569029250596,132,793.9474891355933
EIR,0,578,319583219457712684,gateway_calibration,demo_baseline,610.967836889407,138,793.9474891355933
EIR,0,579,6663717549137343764,gateway_calibration,demo_baseline,714.9800089891605,113,793.9474891355933
EIR,0,580,3680879849463176604,gateway_calibration,demo_baseline,620.1909252244022,120,793.9474891355933
EIR,0,581,6420520216861896344,gateway_calibration,demo_baseline,747.0538454408764,132,793.9474891355933
EIR,0,582,4805778317028047683,gateway_calibration,demo_baseline,826.423454069094,124,793.9474891355933
EIR,0,583,3375131239131666064,gateway_calibration,demo_baseline,515.4070236469787,119,793.9474891355933
EIR,0,584,2251250918442219784,gateway_calibration,demo_baseline,681.5759035452511,120,793.9474891355933
EIR,0,585,847229888643690583,gateway_calibration,demo_baseline,683.2626418162188,122,793.9474891355933
EIR,0,586,1485301113550263591,gateway_calibration,demo_baseline,788.3861425631948,116,793.9474891355933
EIR,0,587,5260876840388037747,gateway_calibration,demo_baseline,665.3403130255949,129,793.9474891355933
EIR,0,588,6380696495191770501,gateway_calibration,demo_baseline,589.0298127812433,116,793.9474891355933
EIR,0,589,9197474921325531492,gateway_calibration,demo_baseline,573.3686555964674,106,793.9474891355933
EIR,0,590,3363038949110645630,gateway_calibration,demo_baseline,661.3125190966368,129,793.9474891355933
EIR,0,591,8675598768387484474,gateway_calibration,demo_baseline,544.3586300319098,106,793.9474891355933
EIR,0,592,1290680309565061823,gateway_calibration,demo_baseline,715.5690398198826,131,793.9474891355933
EIR,0,593,6979625999523743803,gateway_calibration,demo_baseline,635.6396489523084,119,793.9474891355933
EIR,0,594,5500081662567773158,gateway_calibration,demo_baseline,581.880980951653,121,793.9474891355933
EIR,0,595,6203281594624640483,gateway_calibration,demo_baseline,613.4546202468506,116,793.9474891355933
EIR,0,596,1431315788787842212,gateway_calibration,demo_baseline,616.8083971299774,118,793.9474891355933
EIR,0,597,1493454375918676475,gateway_calibration,demo_baseline,748.3758618947209,127,793.9474891355933
EIR,0,598,5260656571537959110,gateway_calibration,demo_baseline,540.3826598399244,121,793.9474891355933
EIR,0,599,1629717025784225027,gateway_calibration,demo_baseline,672.5927013856141,119,793.9474891355933
EIR,0,600,3774273094045952182,gateway_calibration,demo_baseline,780.3734385422965,137,793.9474891355933
EIR,0,601,8940014586925742666,gateway_calibration,demo_baseline,672.0545673629194,125,793.9474891355933
EIR,0,602,4330400893447737563,gateway_calibration,demo_baseline,636.1898161288757,119,793.9474891355933
EIR,0,603,5292622813987257090,gateway_calibration,demo_baseline,642.870320416514,112,793.9474891355933
EIR,0,604,5088049447622162346,gateway_calibration,demo_baseline,545.6411994890649,112,793.9474891355933
EIR,0,605,1542463598396861707,gateway_calibration,demo_baseline,719.4537041286133,115,793.9474891355933
EIR,0,606,8150725822089080441,gateway_calibration,demo_baseline,572.6153091015453,122,793.9474891355933
EIR,0,607,7840969530141037846,gateway_calibration,demo_baseline,602.3664958590635,128,793.9474891355933
EIR,0,608,4994006052829766620,gateway_calibration,demo_baseline,497.72181395115166,96,793.9474891355933
EIR,0,609,5200936607718025072,gateway_calibration,demo_baseline,775.6032997126202,132,793.9474891355933
EIR,0,610,8807764498387892869,gateway_calibration,demo_baseline,621.0133867510715,116,793.9474891355933
EIR,0,611,6238039525681481712,gateway_calibration,demo_baseline,729.2966344151002,152,793.9474891355933
EIR,0,612,4690434584412518417,gateway_calibration,demo_baseline,841.8816972239412,155,793.9474891355933
EIR,0,613,4821279666386335785,gateway_calibration,demo_baseline,535.9064017458967,115,793.9474891355933
EIR,0,614,7020398365659814359,gateway_calibration,demo_baseline,779.1290442690515,123,793.9474891355933
EIR,0,615,4186491246917581360,gateway_calibration,demo_baseline,706.7158825584917,136,793.9474891355933
EIR,0,616,7079844534887384478,gateway_calibration,demo_baseline,652.3923419803674,112,793.9474891355933
EIR,0,617,1317272877754271441,gateway_calibration,demo_baseline,636.2705287131173,126,793.9474891355933
EIR,0,618,4544621753470270458,gateway_calibration,demo_baseline,518.1669812019671,105,793.9474891355933
EIR,0,619,1969322289128447762,gateway_calibration,demo_baseline,538.555885735231,112,793.9474891355933
EIR,0,620,8936202682701367282,gateway_calibration,demo_baseline,822.0802659837022,145,793.9474891355933
EIR,0,621,8285273341156455432,gateway_calibration,demo_baseline,503.9384447902838,108,793.9474891355933
EIR,0,622,5912074940902203805,gateway_calibration,demo_baseline,641.0416805796924,121,793.9474891355933
EIR,0,623,8268317982405834873,gateway_calibration,demo_baseline,618.4733735354207,110,793.9474891355933
EIR,0,624,8430150978204080217,gateway_calibration,demo_baseline,647.5681860160378,125,793.9474891355933
EIR,0,625,330357919669542466,gateway_calibration,demo_baseline,873.4322424209903,142,793.9474891355933
EIR,0,626,6591592739153486575,gateway_calibration,demo_baseline,547.5489948012057,107,793.9474891355933
EIR,0,627,3622551157328249031,gateway_calibration,demo_baseline,638.8348716534719,105,793.9474891355933
EIR,0,628,6348767278017335957,gateway_calibration,demo_baseline,557.3385150423958,117,793.9474891355933
EIR,0,629,7718754249537503201,gateway_calibration,demo_baseline,554.3755406377276,119,793.9474891355933
EIR,0,630,7208624080476628508,gateway_calibration,demo_baseline,794.1490919684761,123,793.9474891355933
EIR,0,631,2498577244002828049,gateway_calibration,demo_baseline,592.7947983382171,118,793.9474891355933
EIR,0,632,6051626529176395696,gateway_calibration,demo_baseline,657.1013399609387,122,793.9474891355933
EIR,0,633,2874265552441152071,gateway_calibration,demo_baseline,798.2272976978126,142,793.9474891355933
EIR,0,634,8090728557846077439,gateway_calibration,demo_baseline,822.5395460961307,145,793.9474891355933
EIR,0,635,3122960258911831009,gateway_calibration,demo_baseline,644.6593686747783,124,793.9474891355933
EIR,0,636,8384557754892517997,gateway_calibration,demo_baseline,631.2943976571539,128,793.9474891355933
EIR,0,637,292364823410986489,gateway_calibration,demo_baseline,522.5861076701993,121,793.9474891355933
EIR,0,638,3741997014255969707,gateway_calibration,demo_baseline,584.9472514395685,122,793.9474891355933
EIR,0,639,420940279075577134,gateway_calibration,demo_baseline,555.4679909536658,103,793.9474891355933
EIR,0,640,1690602099097685893,gateway_calibration,demo_baseline,549.1255724580772,114,793.9474891355933
EIR,0,641,3629366523444614839,gateway_calibration,demo_baseline,681.9637157492405,122,793.9474891355933
EIR,0,642,1514126079439393787,gateway_calibration,demo_baseline,713.9429579187756,121,793.9474891355933
EIR,0,643,3647125993049541349,gateway_calibration,demo_baseline,504.6318710209925,107,793.9474891355933
EIR,0,644,3907154332922862922,gateway_calibration,demo_baseline,716.5145545621042,119,793.9474891355933
EIR,0,645,2946238970781781412,gateway_calibration,demo_baseline,608.4273553619303,112,793.9474891355933
EIR,0,646,2586608932357756207,gateway_calibration,demo_baseline,776.2644322992608,119,793.9474891355933
EIR,0,647,8424492176738371698,gateway_calibration,demo_baseline,545.8412202256187,116,793.9474891355933
EIR,0,648,8329371020030379579,gateway_calibration,demo_baseline,636.0237971691413,137,793.9474891355933
EIR,0,649,4517422012125347152,gateway_calibration,demo_baseline,473.70753959023205,116,793.9474891355933
EIR,0,650,1455700387416366543,gateway_calibration,demo_baseline,764.3803829588852,142,793.9474891355933
EIR,0,651,8612036849107634310,gateway_calibration,demo_baseline,582.5409721326192,114,793.9474891355933
EIR,0,652,7029125898552171530,gateway_calibration,demo_baseline,617.575281632754,123,793.9474891355933
EIR,0,653,3786300521251875931,gateway_calibration,demo_baseline,641.0517306129552,109,793.9474891355933
EIR,0,654,6785890586831945299,gateway_calibration,demo_baseline,740.6094841163233,114,793.9474891355933
EIR,0,655,6310665757703926653,gateway_calibration,demo_baseline,824.5140263884715,148,793.9474891355933
EIR,0,656,6043705788280297652,gateway_calibration,demo_baseline,823.7466983858982,138,793.9474891355933
EIR,0,657,6692933025141821298,gateway_calibration,demo_baseline,607.067470596326,129,793.9474891355933
EIR,0,658,7140275608408929701,gateway_calibration,demo_baseline,529.4082848459057,105,793.9474891355933
EIR,0,659,1944520194658803798,gateway_calibration,demo_baseline,733.3357125037575,136,793.9474891355933
EIR,0,660,372228924414150292,gateway_calibration,demo_baseline,689.1497908256989,122,793.9474891355933
EIR,0,661,3277156981952862607,gateway_calibration,demo_baseline,559.0727669699909,116,793.9474891355933
EIR,0,662,7616273897577689734,gateway_calibration,demo_baseline,529.730573001205,111,793.9474891355933
EIR,0,663,7202684485745228056,gateway_calibration,demo_baseline,551.26748998527,115,793.9474891355933
EIR,0,664,3064348667759844837,gateway_calibration,demo_baseline,574.7729446486915,108,793.9474891355933
EIR,0,665,3706961652930468801,gateway_calibration,demo_baseline,687.4816003475404,135,793.9474891355933
EIR,0,666,4545960651512964501,gateway_calibration,demo_baseline,647.4472896397356,116,793.9474891355933
EIR,0,667,6412310850795142871,gateway_calibration,demo_baseline,485.57606093248756,108,793.9474891355933
EIR,0,668,6687251594250339541,gateway_calibration,demo_baseline,599.3059731859987,129,793.9474891355933
EIR,0,669,6252193542222241523,gateway_calibration,demo_baseline,841.1380019350403,150,793.9474891355933
EIR,0,670,5520997420802462756,gateway_calibration,demo_baseline,859.1327746489333,133,793.9474891355933
EIR,0,671,5329563221421855154,gateway_calibration,demo_baseline,595.0817370698671,115,793.9474891355933
EIR,0,672,3338146397081453326,gateway_calibration,demo_baseline,582.523352456219,117,793.9474891355933
EIR,0,673,750399388955794570,gateway_calibration,demo_baseline,677.1709502207295,139,793.9474891355933
EIR,0,674,3003292310137568301,gateway_calibration,demo_baseline,703.6396680754931,138,793.9474891355933
EIR,0,675,7012828756295210444,gateway_calibration,demo_baseline,730.8017232745024,134,793.9474891355933
EIR,0,676,3521078059313423426,gateway_calibration,demo_baseline,528.6497898389963,104,793.9474891355933
EIR,0,677,7651040130688361207,gateway_calibration,demo_baseline,731.0396739985354,123,793.9474891355933
EIR,0,678,7534052873604981770,gateway_calibration,demo_baseline,624.2893853493011,112,793.9474891355933
EIR,0,679,3979009465803058619,gateway_calibration,demo_baseline,699.756552485614,128,793.9474891355933
EIR,0,680,6555139593643699722,gateway_calibration,demo_baseline,758.3875972515305,143,793.9474891355933
EIR,0,681,782375212562128469,gateway_calibration,demo_baseline,516.3659990734617,104,793.9474891355933
EIR,0,682,247096121802878063,gateway_calibration,demo_baseline,787.844035096857,126,793.9474891355933
EIR,0,683,986934244398266843,gateway_calibration,demo_baseline,653.5382027807907,122,793.9474891355933
EIR,0,684,1635678054393480998,gateway_calibration,demo_baseline,641.9753324513697,132,793.9474891355933
EIR,0,685,7698130007304651251,gateway_calibration,demo_baseline,671.9341245773518,127,793.9474891355933
EIR,0,686,6250757648844520282,gateway_calibration,demo_baseline,643.2475513227857,109,793.9474891355933
EIR,0,687,3905548741317612602,gateway_calibration,demo_baseline,686.1128817061032,120,793.9474891355933
EIR,0,688,8314467339380028053,gateway_calibration,demo_baseline,696.5064556326196,122,793.9474891355933
EIR,0,689,5148912065348104644,gateway_calibration,demo_baseline,519.6264664014608,100,793.9474891355933
EIR,0,690,4942469499424932130,gateway_calibration,demo_baseline,683.9210415571835,125,793.9474891355933
EIR,0,691,2998156891078791054,gateway_calibration,demo_baseline,650.9670314976327,116,793.9474891355933
EIR,0,692,5403558104040938093,gateway_calibration,demo_baseline,738.9477648116714,126,793.9474891355933
EIR,0,693,6422119833344125278,gateway_calibration,demo_baseline,672.9756525078485,120,793.9474891355933
EIR,0,694,9148205703341948928,gateway_calibration,demo_baseline,786.9330960829116,134,793.9474891355933
EIR,0,695,6389817840354242037,gateway_calibration,demo_baseline,697.9198831956247,123,793.9474891355933
EIR,0,696,4122615353123041303,gateway_calibration,demo_baseline,807.3692754073705,116,793.9474891355933
EIR,0,697,3214547200454958343,gateway_calibration,demo_baseline,480.1030030051725,116,793.9474891355933
EIR,0,698,5007478582713758933,gateway_calibration,demo_baseline,620.6607960773888,112,793.9474891355933
EIR,0,699,2396476832852403421,gateway_calibration,demo_baseline,625.6617004714694,111,793.9474891355933
EIR,0,700,6436205615226827617,gateway_calibration,demo_baseline,588.6036690236939,109,793.9474891355933
EIR,0,701,990514759215826812,gateway_calibration,demo_baseline,724.0517019442082,133,793.9474891355933
EIR,0,702,8293593916529521179,gateway_calibration,demo_baseline,749.8328659198596,140,793.9474891355933
EIR,0,703,8777465842532205315,gateway_calibration,demo_baseline,587.6941049272958,100,793.9474891355933
EIR,0,704,4317869879466938323,gateway_calibration,demo_baseline,636.6103843064599,110,793.9474891355933
EIR,0,705,2700988927503583363,gateway_calibration,demo_baseline,516.9490970453413,112,793.9474891355933
EIR,0,706,6604886670783517006,gateway_calibration,demo_baseline,629.6094159717825,115,793.9474891355933
EIR,0,707,5286762937356361365,gateway_calibration,demo_baseline,679.2384087193593,118,793.9474891355933
EIR,0,708,7381286310459401005,gateway_calibration,demo_baseline,847.1983032200119,140,793.9474891355933
EIR,0,709,4674491188701512536,gateway_calibration,demo_baseline,564.9411884378695,104,793.9474891355933
EIR,0,710,7644249412816155618,gateway_calibration,demo_baseline,522.4102538138363,112,793.9474891355933
EIR,0,711,7750140132540302625,gateway_calibration,demo_baseline,788.0734826775731,143,793.9474891355933
EIR,0,712,8052189447594856703,gateway_calibration,demo_baseline,560.0924464143693,114,793.9474891355933
EIR,0,713,4743938616124866484,gateway_calibration,demo_baseline,704.8797287883444,140,793.9474891355933
EIR,0,714,1927828443454917742,gateway_calibration,demo_baseline,768.7199255504555,162,793.9474891355933
EIR,0,715,4795162330642765344,gateway_calibration,demo_baseline,539.1367775051981,117,793.9474891355933
EIR,0,716,2609151475241345265,gateway_calibration,demo_baseline,658.4390333512388,135,793.9474891355933
EIR,0,717,4572675069798956278,gateway_calibration,demo_baseline,626.8257250200312,121,793.9474891355933
EIR,0,718,5999303441213014871,gateway_calibration,demo_baseline,660.189570382951,125,793.9474891355933
EIR,0,719,7421982667780422279,gateway_calibration,demo_baseline,542.3418448891557,112,793.9474891355933
EIR,0,720,6305656528591407454,gateway_calibration,demo_baseline,548.8773542273078,128,793.9474891355933
EIR,0,721,3480953232815287086,gateway_calibration,demo_baseline,712.2382225961003,137,793.9474891355933
EIR,0,722,2096450722521036199,gateway_calibration,demo_baseline,624.1624916120367,115,793.9474891355933
EIR,0,723,2679518549619182666,gateway_calibration,demo_baseline,603.6909876401272,126,793.9474891355933
EIR,0,724,2474287042180573694,gateway_calibration,demo_baseline,681.8209823393928,136,793.9474891355933
EIR,0,725,833484321051273387,gateway_calibration,demo_baseline,562.9375402126271,113,793.9474891355933
EIR,0,726,3898425116081182940,gateway_calibration,demo_baseline,843.6683251488569,136,793.9474891355933
EIR,0,727,4611248154066146426,gateway_calibration,demo_baseline,593.7127242241544,95,793.9474891355933
EIR,0,728,5060533668200559702,gateway_calibration,demo_baseline,774.5521667496163,128,793.9474891355933
EIR,0,729,6924488667481511967,gateway_calibration,demo_baseline,684.3917284044895,128,793.9474891355933
EIR,0,730,6187528920152378915,gateway_calibration,demo_baseline,713.359514058036,117,793.9474891355933
EIR,0,731,4213756270040048076,gateway_calibration,demo_baseline,515.0343934718544,122,793.9474891355933
EIR,0,732,5199530905996949592,gateway_calibration,demo_baseline,610.8120935591153,132,793.9474891355933
EIR,0,733,6712254975170450736,gateway_calibration,demo_baseline,624.8022189726156,113,793.9474891355933
EIR,0,734,6492766365131935807,gateway_calibration,demo_baseline,577.1125819732628,117,793.9474891355933
EIR,0,735,3723517020950624825,gateway_calibration,demo_baseline,657.6129231941367,117,793.9474891355933
EIR,0,736,538590445521861661,gateway_calibration,demo_baseline,774.9188629752554,125,793.9474891355933
EIR,0,737,6524514968060550390,gateway_calibration,demo_baseline,635.7776407521895,134,793.9474891355933
EIR,0,738,3436911450718997289,gateway_calibration,demo_baseline,600.7143466954276,108,793.9474891355933
EIR,0,739,1711621574994548895,gateway_calibration,demo_baseline,579.7639410887682,133,793.9474891355933
EIR,0,740,6445214501556118364,gateway_calibration,demo_baseline,667.5668450928465,135,793.9474891355933
EIR,0,741,1511551317155348088,gateway_calibration,demo_baseline,701.3324865105989,133,793.9474891355933
EIR,0,742,8081247927281791179,gateway_calibration,demo_baseline,655.3497774485058,119,793.9474891355933
EIR,0,743,5358831100244471192,gateway_calibration,demo_baseline,719.9714668636528,133,793.9474891355933
EIR,0,744,160849337180385482,gateway_calibration,demo_baseline,623.8474666737218,116,793.9474891355933
EIR,0,745,5730276056581763696,gateway_calibration,demo_baseline,589.6164147952181,116,793.9474891355933
EIR,0,746,7721091060007618946,gateway_calibration,demo_baseline,766.0334116995448,129,793.9474891355933
EIR,0,747,6383379953610996764,gateway_calibration,demo_baseline,613.1167362297891,121,793.9474891355933
EIR,0,748,1513973657253475486,gateway_calibration,demo_baseline,684.4915230355679,137,793.9474891355933
EIR,0,749,3057813441922994058,gateway_calibration,demo_baseline,625.5666061934382,131,793.9474891355933
EIR,0,750,4161324938677777220,gateway_calibration,demo_baseline,777.7610374737982,136,793.9474891355933
EIR,0,751,1525436485751015309,gateway_calibration,demo_baseline,492.33662721983654,110,793.9474891355933
EIR,0,752,1878915029260450953,gateway_calibration,demo_baseline,757.0552230369154,118,793.9474891355933
EIR,0,753,6097353858706080395,gateway_calibration,demo_baseline,565.3356675573268,117,793.9474891355933
EIR,0,754,2112538845098292817,gateway_calibration,demo_baseline,696.0058633104621,113,793.9474891355933
EIR,0,755,7108594164367743262,gateway_calibration,demo_baseline,563.5922625235457,119,793.9474891355933
EIR,0,756,1935116286838277764,gateway_calibration,demo_baseline,697.18272633951,120,793.9474891355933
EIR,0,757,6057898002237510340,gateway_calibration,demo_baseline,653.3148124638326,125,793.9474891355933
EIR,0,758,6929028009548875636,gateway_calibration,demo_baseline,625.8770710614725,116,793.9474891355933
EIR,0,759,4917915588695251715,gateway_calibration,demo_baseline,650.0222161044097,116,793.9474891355933
EIR,0,760,5863831274243548148,gateway_calibration,demo_baseline,659.48624261079,121,793.9474891355933
EIR,0,761,6211086403478890524,gateway_calibration,demo_baseline,533.5238935576147,124,793.9474891355933
EIR,0,762,84288578568868183,gateway_calibration,demo_baseline,596.2263297204975,114,793.9474891355933
EIR,0,763,6924915889418479300,gateway_calibration,demo_baseline,783.8572448290098,134,793.9474891355933
EIR,0,764,2476682209246884224,gateway_calibration,demo_baseline,824.7801922501227,136,793.9474891355933
EIR,0,765,7547567515666487272,gateway_calibration,demo_baseline,623.7821899635582,131,793.9474891355933
EIR,0,766,222310711925596097,gateway_calibration,demo_baseline,666.2777181087662,128,793.9474891355933
EIR,0,767,7350606919912716053,gateway_calibration,demo_baseline,638.2446142129829,124,793.9474891355933
EIR,0,768,4747186101028554183,gateway_calibration,demo_baseline,710.0528725293684,125,793.9474891355933
EIR,0,769,1706514994241227849,gateway_calibration,demo_baseline,483.09777317647206,118,793.9474891355933
EIR,0,770,4873018992772242081,gateway_calibration,demo_baseline,536.4244996518942,129,793.9474891355933
EIR,0,771,576202742387008344,gateway_calibration,demo_baseline,621.4881961350994,116,793.9474891355933
EIR,0,772,6590675653428626381,gateway_calibration,demo_baseline,677.2205292272066,114,793.9474891355933
EIR,0,773,2747164100487198368,gateway_calibration,demo_baseline,510.7379995135624,117,793.9474891355933
EIR,0,774,7067244306765060419,gateway_calibration,demo_baseline,729.5920857712798,154,793.9474891355933
EIR,0,775,8898133494581825038,gateway_calibration,demo_baseline,839.0201701832348,136,793.9474891355933
EIR,0,776,2263039889664200443,gateway_calibration,demo_baseline,710.6328450583842,131,793.9474891355933
EIR,0,777,4619052716999083933,gateway_calibration,demo_baseline,541.1811045001995,114,793.9474891355933
EIR,0,778,884230137658439663,gateway_calibration,demo_baseline,585.514966621172,127,793.9474891355933
EIR,0,779,4889031860776012878,gateway_calibration,demo_baseline,818.2159211263275,128,793.9474891355933
EIR,0,780,2205156815290950869,gateway_calibration,demo_baseline,718.4137116089669,122,793.9474891355933
EIR,0,781,2043014893235525870,gateway_calibration,demo_baseline,459.6877026536638,117,793.9474891355933
EIR,0,782,3454119427176054766,gateway_calibration,demo_baseline,630.8826031793136,120,793.9474891355933
EIR,0,783,8820618610198689704,gateway_calibration,demo_baseline,587.047068073214,115,793.9474891355933
EIR,0,784,5447767921938800121,gateway_calibration,demo_baseline,717.5656436024954,127,793.9474891355933
EIR,0,785,7879208985119786308,gateway_calibration,demo_baseline,584.0157915271911,111,793.9474891355933
EIR,0,786,4403419717701312475,gateway_calibration,demo_baseline,644.2730950037799,123,793.9474891355933
EIR,0,787,146041838698190775,gateway_calibration,demo_baseline,633.5249931845641,125,793.9474891355933
EIR,0,788,7591181372041612028,gateway_calibration,demo_baseline,624.2813767144119,131,793.9474891355933
EIR,0,789,8899281364550686714,gateway_calibration,demo_baseline,669.2908270215345,136,793.9474891355933
EIR,0,790,685238595684144757,gateway_calibration,demo_baseline,576.2131774787875,102,793.9474891355933
EIR,0,791,9018519079904319498,gateway_calibration,demo_baseline,704.7729885214235,132,793.9474891355933
EIR,0,792,2467599854747264555,gateway_calibration,demo_baseline,638.2290443247321,103,793.9474891355933
EIR,0,793,4184929620070725912,gateway_calibration,demo_baseline,790.6720773833922,135,793.9474891355933
EIR,0,794,4729798536750206790,gateway_calibration,demo_baseline,729.322545843884,119,793.9474891355933
EIR,0,795,1381116991737988439,gateway_calibration,demo_baseline,689.5111492102095,123,793.9474891355933
EIR,0,796,3295023989646172081,gateway_calibration,demo_baseline,764.5459866281805,130,793.9474891355933
EIR,0,797,6348007595367813225,gateway_calibration,demo_baseline,646.7916496820844,110,793.9474891355933
EIR,0,798,3884697439171425333,gateway_calibration,demo_baseline,691.5731528031744,132,793.9474891355933
EIR,0,799,7382943219110205512,gateway_calibration,demo_baseline,571.5569654241773,115,793.9474891355933
EIR,0,800,601828037134891543,gateway_calibration,demo_baseline,547.8404075681943,112,793.9474891355933
EIR,0,801,7051836134435919275,gateway_calibration,demo_baseline,721.6139554329965,132,793.9474891355933
EIR,0,802,3161115642481895490,gateway_calibration,demo_baseline,675.8459839951165,108,793.9474891355933
EIR,0,803,5252972219827755696,gateway_calibration,demo_baseline,603.0320167239208,123,793.9474891355933
EIR,0,804,6873339788066262250,gateway_calibration,demo_baseline,645.0282784851362,120,793.9474891355933
EIR,0,805,4716063955176260464,gateway_calibration,demo_baseline,782.0764176206227,134,793.9474891355933
EIR,0,806,4422408360303810339,gateway_calibration,demo_baseline,680.8244996512886,117,793.9474891355933
EIR,0,807,2094989382097643828,gateway_calibration,demo_baseline,528.8576214769762,109,793.9474891355933
EIR,0,808,6276980947073549842,gateway_calibration,demo_baseline,611.3423878348193,122,793.9474891355933
EIR,0,809,3424018510834496480,gateway_calibration,demo_baseline,598.2269703462526,112,793.9474891355933
EIR,0,810,1836318255469193228,gateway_calibration,demo_baseline,601.615271511647,128,793.9474891355933
EIR,0,811,8275082985114167057,gateway_calibration,demo_baseline,686.3490690698095,136,793.9474891355933
EIR,0,812,8201117808524210911,gateway_calibration,demo_baseline,536.805852707254,126,793.9474891355933
EIR,0,813,7316565169878003643,gateway_calibration,demo_baseline,655.5682511482065,129,793.9474891355933
EIR,0,814,1942070322338254864,gateway_calibration,demo_baseline,602.8385551820871,119,793.9474891355933
EIR,0,815,3768638617287595964,gateway_calibration,demo_baseline,784.0094719491282,128,793.9474891355933
EIR,0,816,3238056110328275465,gateway_calibration,demo_baseline,603.7481076988639,132,793.9474891355933
EIR,0,817,6468455375933431734,gateway_calibration,demo_baseline,685.4252249014597,116,793.9474891355933
EIR,0,818,8669093139114844120,gateway_calibration,demo_baseline,613.1228085227827,105,793.9474891355933
EIR,0,819,4594258051037406245,gateway_calibration,demo_baseline,609.4444397463591,119,793.9474891355933
EIR,0,820,3367170335372380420,gateway_calibration,demo_baseline,577.518814980183,116,793.9474891355933
EIR,0,821,4436187832991469428,gateway_calibration,demo_baseline,571.3702246825942,112,793.9474891355933
EIR,0,822,1633702856885973188,gateway_calibration,demo_baseline,736.0914415481368,127,793.9474891355933
EIR,0,823,8246338530312257846,gateway_calibration,demo_baseline,733.5344672057198,158,793.9474891355933
EIR,0,824,6486751128642218360,gateway_calibration,demo_baseline,678.4875100070398,133,793.9474891355933
EIR,0,825,6666357149952656048,gateway_calibration,demo_baseline,615.5431013610141,112,793.9474891355933
EIR,0,826,976503661852238075,gateway_calibration,demo_baseline,652.7192965954692,122,793.9474891355933
EIR,0,827,1112694637383763652,gateway_calibration,demo_baseline,514.9361298417731,96,793.9474891355933
EIR,0,828,6508626919214591011,gateway_calibration,demo_baseline,568.202426567889,106,793.9474891355933
EIR,0,829,8622588593572333790,gateway_calibration,demo_baseline,576.412834034039,118,793.9474891355933
EIR,0,830,5900296317086508210,gateway_calibration,demo_baseline,737.7934208466465,122,793.9474891355933
EIR,0,831,8447381132932931966,gateway_calibration,demo_baseline,598.5801942535923,115,793.9474891355933
EIR,0,832,2245663537849903472,gateway_calibration,demo_baseline,665.8626559529844,126,793.9474891355933
EIR,0,833,7085416808138406663,gateway_calibration,demo_baseline,660.8104168270974,130,793.9474891355933
EIR,0,834,2777829097056268073,gateway_calibration,demo_baseline,601.173881963207,130,793.9474891355933
EIR,0,835,4665766635784980451,gateway_calibration,demo_baseline,567.1238734797965,116,793.9474891355933
EIR,0,836,770231148457794448,gateway_calibration,demo_baseline,464.83405345301924,102,793.9474891355933
EIR,0,837,5543376779908751429,gateway_calibration,demo_baseline,630.7703029035713,119,793.9474891355933
EIR,0,838,1315264784059782606,gateway_calibration,demo_baseline,737.4503069579233,127,793.9474891355933
EIR,0,839,3850564015594326875,gateway_calibration,demo_baseline,657.4077038898628,122,793.9474891355933
EIR,0,840,3096258298348076884,gateway_calibration,demo_baseline,575.2390291879789,111,793.9474891355933
EIR,0,841,2305701946937457932,gateway_calibration,demo_baseline,657.3554814857498,124,793.9474891355933
EIR,0,842,3123197725520593239,gateway_calibration,demo_baseline,719.0387403640618,128,793.9474891355933
EIR,0,843,8919926970954185468,gateway_calibration,demo_baseline,591.0903991761783,128,793.9474891355933
EIR,0,844,2966659773351180207,gateway_calibration,demo_baseline,631.6586168742276,121,793.9474891355933
EIR,0,845,2279726075417222865,gateway_calibration,demo_baseline,563.6916791943669,117,793.9474891355933
EIR,0,846,6504199633840859381,gateway_calibration,demo_baseline,684.2405247276665,137,793.9474891355933
EIR,0,847,6596176447849571719,gateway_calibration,demo_baseline,603.7658002063638,112,793.9474891355933
EIR,0,848,3933860338459433259,gateway_calibration,demo_baseline,690.6573926252717,129,793.9474891355933
EIR,0,849,6847738644008742621,gateway_calibration,demo_baseline,864.1954387440754,142,793.9474891355933
EIR,0,850,7427801559972826356,gateway_calibration,demo_baseline,706.8380939426488,124,793.9474891355933
EIR,0,851,8375393740834958321,gateway_calibration,demo_baseline,619.7097220978061,121,793.9474891355933
EIR,0,852,8404899415992828564,gateway_calibration,demo_baseline,678.93406203355,122,793.9474891355933
EIR,0,853,5551797005233238063,gateway_calibration,demo_baseline,663.3947062109785,120,793.9474891355933
EIR,0,854,8237607845983123666,gateway_calibration,demo_baseline,529.4272571054406,116,793.9474891355933
EIR,0,855,4511016361282154776,gateway_calibration,demo_baseline,679.5909694128493,131,793.9474891355933
EIR,0,856,3267312762164792774,gateway_calibration,demo_baseline,871.1868194500628,145,793.9474891355933
EIR,0,857,5195560043883757193,gateway_calibration,demo_baseline,624.8164733189888,105,793.9474891355933
EIR,0,858,5393480484470358566,gateway_calibration,demo_baseline,571.0787891774635,118,793.9474891355933
EIR,0,859,3428533669999456035,gateway_calibration,demo_baseline,658.7407746616743,121,793.9474891355933
EIR,0,860,2246125280199705429,gateway_calibration,demo_baseline,726.8138126613986,138,793.9474891355933
EIR,0,861,678415014259572197,gateway_calibration,demo_baseline,623.9360389992049,109,793.9474891355933
EIR,0,862,4594526250377554815,gateway_calibration,demo_baseline,634.0712074446132,116,793.9474891355933
EIR,0,863,3483375247395949185,gateway_calibration,demo_baseline,661.2326016678217,120,793.9474891355933
EIR,0,864,8211476603619209834,gateway_calibration,demo_baseline,596.1110321127894,113,793.9474891355933
EIR,0,865,1256218893574934600,gateway_calibration,demo_baseline,751.4578459955826,128,793.9474891355933
EIR,0,866,6139703072184263239,gateway_calibration,demo_baseline,664.7622603976766,126,793.9474891355933
EIR,0,867,7358194200806442825,gateway_calibration,demo_baseline,715.9274823015429,135,793.9474891355933
EIR,0,868,316743576707498920,gateway_calibration,demo_baseline,671.5208393882417,119,793.9474891355933
EIR,0,869,4320765385597033735,gateway_calibration,demo_baseline,670.0237305716405,142,793.9474891355933
EIR,0,870,4230738159354765661,gateway_calibration,demo_baseline,666.83513589454,125,793.9474891355933
EIR,0,871,8776873534725033399,gateway_calibration,demo_baseline,581.8922303165245,124,793.9474891355933
EIR,0,872,5808555850206013162,gateway_calibration,demo_baseline,603.4305955915924,133,793.9474891355933
EIR,0,873,3145186460652432130,gateway_calibration,demo_baseline,522.7849787366283,107,793.9474891355933
EIR,0,874,2546605224442357666,gateway_calibration,demo_baseline,614.0448740878629,112,793.9474891355933
EIR,0,875,4087608652657844101,gateway_calibration,demo_baseline,788.9716374255206,130,793.9474891355933
EIR,0,876,5412976921583295124,gateway_calibration,demo_baseline,797.5194604781458,139,793.9474891355933
EIR,0,877,7511422795682533062,gateway_calibration,demo_baseline,551.2384534810191,117,793.9474891355933
EIR,0,878,3577000620304455040,gateway_calibration,demo_baseline,529.9055514931546,115,793.9474891355933
EIR,0,879,3437116781448465596,gateway_calibration,demo_baseline,560.6288780477321,113,793.9474891355933
EIR,0,880,5898756624315210226,gateway_calibration,demo_baseline,733.1903123857031,121,793.9474891355933
EIR,0,881,2131821859580346675,gateway_calibration,demo_baseline,599.9426878432984,120,793.9474891355933
EIR,0,882,3557400123618860178,gateway_calibration,demo_baseline,553.5948063879086,131,793.9474891355933
EIR,0,883,5264177394674559355,gateway_calibration,demo_baseline,692.5368865943034,121,793.9474891355933
EIR,0,884,224842938269087463,gateway_calibration,demo_baseline,574.1163355299702,128,793.9474891355933
EIR,0,885,1376126591011197093,gateway_calibration,demo_baseline,594.8974950314645,116,793.9474891355933
EIR,0,886,4397818856400264017,gateway_calibration,demo_baseline,635.6548525165882,119,793.9474891355933
EIR,0,887,3360561875560901195,gateway_calibration,demo_baseline,505.570987094529,125,793.9474891355933
EIR,0,888,268465344038246639,gateway_calibration,demo_baseline,634.7329126574255,115,793.9474891355933
EIR,0,889,7535093723024657498,gateway_calibration,demo_baseline,589.7325735399991,114,793.9474891355933
EIR,0,890,4332750551527258758,gateway_calibration,demo_baseline,636.3215973951174,120,793.9474891355933
EIR,0,891,2703888633513165849,gateway_calibration,demo_baseline,562.664487799909,115,793.9474891355933
EIR,0,892,5691953537781475807,gateway_calibration,demo_baseline,680.3191012665773,143,793.9474891355933
EIR,0,893,6879970993255797942,gateway_calibration,demo_baseline,633.8555965323562,134,793.9474891355933
EIR,0,894,6237694681257747115,gateway_calibration,demo_baseline,579.7546812805281,111,793.9474891355933
EIR,0,895,2633901951336562143,gateway_calibration,demo_baseline,668.0966142358207,124,793.9474891355933
EIR,0,896,5259914426385610143,gateway_calibration,demo_baseline,657.5295263214931,115,793.9474891355933
EIR,0,897,8645659860363320631,gateway_calibration,demo_baseline,607.2395301197125,113,793.9474891355933
EIR,0,898,145691370683133570,gateway_calibration,demo_baseline,727.7355887851397,141,793.9474891355933
EIR,0,899,521315294388765781,gateway_calibration,demo_baseline,684.6729890320748,122,793.9474891355933
EIR,0,900,176941184404665231,gateway_calibration,demo_baseline,682.672840780125,130,793.9474891355933
EIR,0,901,2950246617657380759,gateway_calibration,demo_baseline,524.0328728787673,114,793.9474891355933
EIR,0,902,6491595914279315109,gateway_calibration,demo_baseline,532.2165568673504,107,793.9474891355933
EIR,0,903,2717680385061245517,gateway_calibration,demo_baseline,715.3345840167274,121,793.9474891355933
EIR,0,904,7437961552856519837,gateway_calibration,demo_baseline,493.53563142337043,109,793.9474891355933
EIR,0,905,531214073874637510,gateway_calibration,demo_baseline,531.1369523514386,111,793.9474891355933
EIR,0,906,4426801739726009801,gateway_calibration,demo_baseline,634.7992234951327,126,793.9474891355933
EIR,0,907,750013216018693272,gateway_calibration,demo_baseline,573.482331831993,129,793.9474891355933
EIR,0,908,5255646790449345546,gateway_calibration,demo_baseline,602.092548147237,127,793.9474891355933
EIR,0,909,4371439728152440750,gateway_calibration,demo_baseline,502.6464954841677,110,793.9474891355933
EIR,0,910,4582540386994887560,gateway_calibration,demo_baseline,569.1882401675638,123,793.9474891355933
EIR,0,911,2275812957919845648,gateway_calibration,demo_baseline,678.1450536332881,141,793.9474891355933
EIR,0,912,7411972106549567458,gateway_calibration,demo_baseline,655.10970276982,115,793.9474891355933
EIR,0,913,8999727293688064006,gateway_calibration,demo_baseline,655.7345639935571,117,793.9474891355933
EIR,0,914,2589093023206335141,gateway_calibration,demo_baseline,657.4133584673881,107,793.9474891355933
EIR,0,915,7492538632238119495,gateway_calibration,demo_baseline,620.5435334782221,123,793.9474891355933
EIR,0,916,5516760348656806874,gateway_calibration,demo_baseline,715.0276918041845,113,793.9474891355933
EIR,0,917,4483950024927765513,gateway_calibration,demo_baseline,580.4673657202595,117,793.9474891355933
EIR,0,918,8052733610569557611,gateway_calibration,demo_baseline,662.4540536360054,128,793.9474891355933
EIR,0,919,8740924680225265725,gateway_calibration,demo_baseline,551.0902676590254,108,793.9474891355933
EIR,0,920,7546584955914422595,gateway_calibration,demo_baseline,735.3670351896609,128,793.9474891355933
EIR,0,921,3985794982951103821,gateway_calibration,demo_baseline,622.408672243534,113,793.9474891355933
EIR,0,922,5003594744819005687,gateway_calibration,demo_baseline,655.7474312181996,111,793.9474891355933
EIR,0,923,6425002634233484002,gateway_calibration,demo_baseline,500.30664738042367,122,793.9474891355933
EIR,0,924,6713150271558039967,gateway_calibration,demo_baseline,619.3003844137946,133,793.9474891355933
EIR,0,925,2472454090631563432,gateway_calibration,demo_baseline,544.0384094964788,107,793.9474891355933
EIR,0,926,6374634665071533881,gateway_calibration,demo_baseline,649.0722322882682,129,793.9474891355933
EIR,0,927,3551879927288319635,gateway_calibration,demo_baseline,568.1235338012892,112,793.9474891355933
EIR,0,928,4485509539506363337,gateway_calibration,demo_baseline,727.9992659283374,124,793.9474891355933
EIR,0,929,904804571984556506,gateway_calibration,demo_baseline,633.4569884669381,128,793.9474891355933
EIR,0,930,8622706326614778293,gateway_calibration,demo_baseline,553.6862059485399,122,793.9474891355933
EIR,0,931,4019274419866886940,gateway_calibration,demo_baseline,809.3097405243316,139,793.9474891355933
EIR,0,932,5789730505182192512,gateway_calibration,demo_baseline,695.9958206799851,114,793.9474891355933
EIR,0,933,2066594667921169100,gateway_calibration,demo_baseline,664.2745676057905,114,793.9474891355933
EIR,0,934,3666828749174350781,gateway_calibration,demo_baseline,628.196622574474,121,793.9474891355933
EIR,0,935,9123359607719173402,gateway_calibration,demo_baseline,681.0998149018187,133,793.9474891355933
EIR,0,936,6448197167557093366,gateway_calibration,demo_baseline,559.6134315359745,112,793.9474891355933
EIR,0,937,156801752129989957,gateway_calibration,demo_baseline,455.91175909618096,96,793.9474891355933
EIR,0,938,772862806785855898,gateway_calibration,demo_baseline,489.96630441315676,99,793.9474891355933
EIR,0,939,3025319193677327780,gateway_calibration,demo_baseline,642.5239299995073,116,793.9474891355933
EIR,0,940,5175305526083249981,gateway_calibration,demo_baseline,605.5707310765878,123,793.9474891355933
EIR,0,941,397497917443687751,gateway_calibration,demo_baseline,560.9429040706183,124,793.9474891355933
EIR,0,942,3875121394386379336,gateway_calibration,demo_baseline,704.4100085997655,127,793.9474891355933
EIR,0,943,9016623080960570540,gateway_calibration,demo_baseline,661.8717258628412,142,793.9474891355933
EIR,0,944,8625523755179022908,gateway_calibration,demo_baseline,558.7214607998316,110,793.9474891355933
EIR,0,945,6721013757911445942,gateway_calibration,demo_baseline,697.7546730908646,136,793.9474891355933
EIR,0,946,261980967748085487,gateway_calibration,demo_baseline,681.6357972614591,132,793.9474891355933
EIR,0,947,6800140968907908217,gateway_calibration,demo_baseline,727.8309857344834,109,793.9474891355933
EIR,0,948,3167646917322041416,gateway_calibration,demo_baseline,649.0338649152175,123,793.9474891355933
EIR,0,949,1414549555955672489,gateway_calibration,demo_baseline,662.3235558398144,121,793.9474891355933
EIR,0,950,3226421270793403358,gateway_calibration,demo_baseline,664.3171409287512,127,793.9474891355933
EIR,0,951,2267386776513763838,gateway_calibration,demo_baseline,488.5502083639831,93,793.9474891355933
EIR,0,952,1685947020650568871,gateway_calibration,demo_baseline,474.01389040609,115,793.9474891355933
EIR,0,953,7432476957107755500,gateway_calibration,demo_baseline,650.732715681347,127,793.9474891355933
EIR,0,954,8559949852919224244,gateway_calibration,demo_baseline,572.3086369327947,104,793.9474891355933
EIR,0,955,3052266892101206113,gateway_calibration,demo_baseline,652.113536237935,117,793.9474891355933
EIR,0,956,8016822929909420119,gateway_calibration,demo_baseline,618.4280845488302,114,793.9474891355933
EIR,0,957,7757034633474383258,gateway_calibration,demo_baseline,608.628900840023,115,793.9474891355933
EIR,0,958,888498031854988726,gateway_calibration,demo_baseline,627.4961975692145,117,793.9474891355933
EIR,0,959,3658040319833129569,gateway_calibration,demo_baseline,733.0104268511858,136,793.9474891355933
EIR,0,960,2440313976855841562,gateway_calibration,demo_baseline,791.6510239912084,125,793.9474891355933
EIR,0,961,5380474877754618149,gateway_calibration,demo_baseline,701.6265519690505,127,793.9474891355933
EIR,0,962,3845676025283663440,gateway_calibration,demo_baseline,577.3026421517575,125,793.9474891355933
EIR,0,963,6000197701389027296,gateway_calibration,demo_baseline,691.8466544441732,127,793.9474891355933
EIR,0,964,8771976452110714550,gateway_calibration,demo_baseline,645.8896948525072,130,793.9474891355933
EIR,0,965,4800522614808766374,gateway_calibration,demo_baseline,588.6797430873565,118,793.9474891355933
EIR,0,966,441894676848414361,gateway_calibration,demo_baseline,613.8311706305888,105,793.9474891355933
EIR,0,967,9052590187148612204,gateway_calibration,demo_baseline,789.371518034522,123,793.9474891355933
EIR,0,968,2620381549985087741,gateway_calibration,demo_baseline,655.2724841761724,127,793.9474891355933
EIR,0,969,6142009336352655419,gateway_calibration,demo_baseline,739.4937155413269,125,793.9474891355933
EIR,0,970,5526543527404166346,gateway_calibration,demo_baseline,787.0433305255848,147,793.9474891355933
EIR,0,971,6162097679808038582,gateway_calibration,demo_baseline,769.8295470068281,136,793.9474891355933
EIR,0,972,1879570402008923018,gateway_calibration,demo_baseline,587.9526914856002,121,793.9474891355933
EIR,0,973,407185316682086805,gateway_calibration,demo_baseline,713.5265396812089,115,793.9474891355933
EIR,0,974,8982074815416411366,gateway_calibration,demo_baseline,796.7571644884741,137,793.9474891355933
EIR,0,975,8732089662065898684,gateway_calibration,demo_baseline,804.0472759336415,151,793.9474891355933
EIR,0,976,4800976038905107920,gateway_calibration,demo_baseline,611.9245407988418,101,793.9474891355933
EIR,0,977,832793797009953269,gateway_calibration,demo_baseline,631.4193269295404,128,793.9474891355933
EIR,0,978,6085334911056398471,gateway_calibration,demo_baseline,708.8109546925687,126,793.9474891355933
EIR,0,979,2579133328073238793,gateway_calibration,demo_baseline,636.4197759567455,131,793.9474891355933
EIR,0,980,9194571073690551408,gateway_calibration,demo_baseline,607.6773219382753,131,793.9474891355933
EIR,0,981,7076730901984494347,gateway_calibration,demo_baseline,538.5860023263479,124,793.9474891355933
EIR,0,982,3607722534394117392,gateway_calibration,demo_baseline,753.113392500762,151,793.9474891355933
EIR,0,983,6940672410446325175,gateway_calibration,demo_baseline,598.3581074242084,129,793.9474891355933
EIR,0,984,397436472882615012,gateway_calibration,demo_baseline,707.699100022988,132,793.9474891355933
EIR,0,985,2928909963406929261,gateway_calibration,demo_baseline,646.9434474544801,120,793.9474891355933
EIR,0,986,5703576194302589719,gateway_calibration,demo_baseline,674.6238028113506,123,793.9474891355933
EIR,0,987,4971077312226614414,gateway_calibration,demo_baseline,499.6307366288318,99,793.9474891355933
EIR,0,988,5057862653462219608,gateway_calibration,demo_baseline,662.4985532145865,141,793.9474891355933
EIR,0,989,2305434786622160311,gateway_calibration,demo_baseline,582.9417487338308,126,793.9474891355933
EIR,0,990,7623840937151963811,gateway_calibration,demo_baseline,608.6719949557802,130,793.9474891355933
EIR,0,991,4927056595526802280,gateway_calibration,demo_baseline,635.0333109304017,121,793.9474891355933
EIR,0,992,1531787636745923995,gateway_calibration,demo_baseline,568.9928737992113,137,793.9474891355933
EIR,0,993,8631036142984876914,gateway_calibration,demo_baseline,572.5826095849753,117,793.9474891355933
EIR,0,994,7045207745111439280,gateway_calibration,demo_baseline,657.1503474095957,120,793.9474891355933
EIR,0,995,414123419306240681,gateway_calibration,demo_baseline,751.0558776187153,145,793.9474891355933
EIR,0,996,7165675075148548647,gateway_calibration,demo_baseline,700.329243604794,130,793.9474891355933
EIR,0,997,5170063297087101049,gateway_calibration,demo_baseline,651.1266331433404,139,793.9474891355933
EIR,0,998,3914620278669859945,gateway_calibration,demo_baseline,685.7538399365349,128,793.9474891355933
EIR,0,999,6840808759658199343,gateway_calibration,demo_baseline,558.2297064567197,124,793.9474891355933
