strategy,state_h1,trial_index,scenario_seed,seed_phase,seed_namespace,max_gateway_evidence,transmissions,gateway_threshold,inference_delay
RR,0,0,8243915832189296388,gateway_calibration,sweep:inference_delay=0.0,668.2834544063414,114,820.0896992490626,0.0
RR,0,1,6681741053254101759,gateway_calibration,sweep:inference_delay=0.0,712.1294069649566,122,820.0896992490626,0.0
RR,0,2,2887818422775763161,gateway_calibration,sweep:inference_delay=0.0,793.4659135890388,115,820.0896992490626,0.0
RR,0,3,8836118832473595015,gateway_calibration,sweep:inference_delay=0.0,718.2856533007888,133,820.0896992490626,0.0
RR,0,4,5118385034045781624,gateway_calibration,sweep:inference_delay=0.0,778.2286082182342,133,820.0896992490626,0.0
RR,0,5,3225644138353272706,gateway_calibration,sweep:inference_delay=0.0,660.6929243030825,121,820.0896992490626,0.0
RR,0,6,4673119359710230214,gateway_calibration,sweep:inference_delay=0.0,663.5135967162362,138,820.0896992490626,0.0
RR,0,7,1449165861904282954,gateway_calibration,sweep:inference_delay=0.0,694.0913533127305,132,820.0896992490626,0.0
RR,0,8,5666335761044469321,gateway_calibration,sweep:inference_delay=0.0,714.2868181056549,132,820.0896992490626,0.0
RR,0,9,8592070106161124315,gateway_calibration,sweep:inference_delay=0.0,603.2463241128626,124,820.0896992490626,0.0
RR,0,10,7297780045228063244,gateway_calibration,sweep:inference_delay=0.0,639.1181537723871,116,820.0896992490626,0.0
RR,0,11,7324966241133804070,gateway_calibration,sweep:inference_delay=0.0,795.8062910826972,132,820.0896992490626,0.0
RR,0,12,7035151867065994369,gateway_calibration,sweep:inference_delay=0.0,759.6445350540482,127,820.0896992490626,0.0
RR,0,13,7969990282794373687,gateway_calibration,sweep:inference_delay=0.0,582.5509633502438,108,820.0896992490626,0.0
RR,0,14,1542908154399063185,gateway_calibration,sweep:inference_delay=0.0,615.1239755167363,120,820.0896992490626,0.0
RR,0,15,6251699892278745584,gateway_calibration,sweep:inference_delay=0.0,750.604339156827,141,820.0896992490626,0.0
RR,0,16,1444691872952441284,gateway_calibration,sweep:inference_delay=0.0,677.5596947749601,143,820.0896992490626,0.0
RR,0,17,376811250082310104,gateway_calibration,sweep:inference_delay=0.0,696.993378103381,133,820.0896992490626,0.0
RR,0,18,5519908631335143400,gateway_calibration,sweep:inference_delay=0.0,833.3873576209005,133,820.0896992490626,0.0
RR,0,19,2813194318980628711,gateway_calibration,sweep:inference_delay=0.0,534.7125890509948,113,820.0896992490626,0.0
RR,0,20,3900794044766125346,gateway_calibration,sweep:inference_delay=0.0,647.9697785615947,139,820.0896992490626,0.0
RR,0,21,4858446864845097934,gateway_calibration,sweep:inference_delay=0.0,540.7410593387625,110,820.0896992490626,0.0
RR,0,22,745833726159888834,gateway_calibration,sweep:inference_delay=0.0,700.3276927563006,155,820.0896992490626,0.0
RR,0,23,3782355998343450377,gateway_calibration,sweep:inference_delay=0.0,720.8006622886256,119,820.0896992490626,0.0
RR,0,24,3826523845122750735,gateway_calibration,sweep:inference_delay=0.0,653.1401640435009,135,820.0896992490626,0.0
RR,0,25,4626014378334668571,gateway_calibration,sweep:inference_delay=0.0,724.8088364271243,121,820.0896992490626,0.0
RR,0,26,777125307458979815,gateway_calibration,sweep:inference_delay=0.0,702.9938438891194,134,820.0896992490626,0.0
RR,0,27,5499281975394562456,gateway_calibration,sweep:inference_delay=0.0,921.2962190824222,160,820.0896992490626,0.0
RR,0,28,139139373036664966,gateway_calibration,sweep:inference_delay=0.0,675.4504871985264,119,820.0896992490626,0.0
RR,0,29,8313711173831502001,gateway_calibration,sweep:inference_delay=0.0,680.3655635806703,124,820.0896992490626,0.0
RR,0,30,8734464089667694450,gateway_calibration,sweep:inference_delay=0.0,649.1940483598713,117,820.0896992490626,0.0
RR,0,31,2743711151800077290,gateway_calibration,sweep:inference_delay=0.0,673.9599777108551,134,820.0896992490626,0.0
RR,0,32,8830262656840250653,gateway_calibration,sweep:inference_delay=0.0,759.0197065473767,131,820.0896992490626,0.0
RR,0,33,2869688272155570897,gateway_calibration,sweep:inference_delay=0.0,633.4033329456948,123,820.0896992490626,0.0
RR,0,34,8411110845954307753,gateway_calibration,sweep:inference_delay=0.0,728.3292611129799,127,820.0896992490626,0.0
RR,0,35,3537048982936087474,gateway_calibration,sweep:inference_delay=0.0,519.7516678732085,121,820.0896992490626,0.0
RR,0,36,1973870378466971920,gateway_calibration,sweep:inference_delay=0.0,596.5009396979762,114,820.0896992490626,0.0
RR,0,37,114345083327718358,gateway_calibration,sweep:inference_delay=0.0,722.6130303779069,131,820.0896992490626,0.0
RR,0,38,8477891713809962741,gateway_calibration,sweep:inference_delay=0.0,693.4954241228312,147,820.0896992490626,0.0
RR,0,39,6848297373846806490,gateway_calibration,sweep:inference_delay=0.0,650.8478975774722,127,820.0896992490626,0.0
RR,0,40,3832187587148227572,gateway_calibration,sweep:inference_delay=0.0,632.7194737215736,138,820.0896992490626,0.0
RR,0,41,4525804922774290121,gateway_calibration,sweep:inference_delay=0.0,616.9823803620902,124,820.0896992490626,0.0
RR,0,42,1928682964023574399,gateway_calibration,sweep:inference_delay=0.0,713.9442293703122,129,820.0896992490626,0.0
RR,0,43,4052179913733858235,gateway_calibration,sweep:inference_delay=0.0,651.88808331589,119,820.0896992490626,0.0
RR,0,44,2998159565499367958,gateway_calibration,sweep:inference_delay=0.0,523.4017610771022,120,820.0896992490626,0.0
RR,0,45,439557558308159511,gateway_calibration,sweep:inference_delay=0.0,527.8157797011331,120,820.0896992490626,0.0
RR,0,46,7240144976994562507,gateway_calibration,sweep:inference_delay=0.0,883.0298066862235,145,820.0896992490626,0.0
RR,0,47,8046331966698479159,gateway_calibration,sweep:inference_delay=0.0,901.6699127159693,136,820.0896992490626,0.0
RR,0,48,7090046784767263839,gateway_calibration,sweep:inference_delay=0.0,566.9461662379456,120,820.0896992490626,0.0
RR,0,49,4155394328352839531,gateway_calibration,sweep:inference_delay=0.0,522.4087525305878,113,820.0896992490626,0.0
RR,0,50,5041123504645221968,gateway_calibration,sweep:inference_delay=0.0,714.1301416128312,136,820.0896992490626,0.0
RR,0,51,1494776751488668683,gateway_calibration,sweep:inference_delay=0.0,719.4788336256194,139,820.0896992490626,0.0
RR,0,52,4831370521340657756,gateway_calibration,sweep:inference_delay=0.0,524.7085984826778,114,820.0896992490626,0.0
RR,0,53,2672907469347467989,gateway_calibration,sweep:inference_delay=0.0,679.7210470521782,145,820.0896992490626,0.0
RR,0,54,480615464131839108,gateway_calibration,sweep:inference_delay=0.0,668.1112018645886,137,820.0896992490626,0.0
RR,0,55,8582421462825594130,gateway_calibration,sweep:inference_delay=0.0,686.6975514817295,126,820.0896992490626,0.0
RR,0,56,3904853852772168979,gateway_calibration,sweep:inference_delay=0.0,611.593926297665,128,820.0896992490626,0.0
RR,0,57,6224988977279717563,gateway_calibration,sweep:inference_delay=0.0,580.9649039953487,115,820.0896992490626,0.0
RR,0,58,8165991403660715479,gateway_calibration,sweep:inference_delay=0.0,522.4868442668958,117,820.0896992490626,0.0
RR,0,59,2792709930285381016,gateway_calibration,sweep:inference_delay=0.0,652.3255234818001,118,820.0896992490626,0.0
RR,0,60,4080500763669358097,gateway_calibration,sweep:inference_delay=0.0,841.875334796259,133,820.0896992490626,0.0
RR,0,61,3792000958832594893,gateway_calibration,sweep:inference_delay=0.0,676.7003586304686,113,820.0896992490626,0.0
RR,0,62,60215469061813258,gateway_calibration,sweep:inference_delay=0.0,734.0270218991608,134,820.0896992490626,0.0
RR,0,63,5064580080311092833,gateway_calibration,sweep:inference_delay=0.0,746.1025942318893,122,820.0896992490626,0.0
RR,0,64,5279557424855515664,gateway_calibration,sweep:inference_delay=0.0,805.6638277727866,131,820.0896992490626,0.0
RR,0,65,2030774519622457105,gateway_calibration,sweep:inference_delay=0.0,726.6810986498933,113,820.0896992490626,0.0
RR,0,66,1654409501727794980,gateway_calibration,sweep:inference_delay=0.0,604.3784229552508,113,820.0896992490626,0.0
RR,0,67,3754679215173259671,gateway_calibration,sweep:inference_delay=0.0,403.52160708592726,98,820.0896992490626,0.0
RR,0,68,8527722127616449792,gateway_calibration,sweep:inference_delay=0.0,718.6136585000679,149,820.0896992490626,0.0
RR,0,69,5273267683495612889,gateway_calibration,sweep:inference_delay=0.0,641.9548590546193,129,820.0896992490626,0.0
RR,0,70,5565591330411772145,gateway_calibration,sweep:inference_delay=0.0,629.583562726806,128,820.0896992490626,0.0
RR,0,71,968001725481000145,gateway_calibration,sweep:inference_delay=0.0,653.3656300150899,131,820.0896992490626,0.0
RR,0,72,2380749292484153173,gateway_calibration,sweep:inference_delay=0.0,635.3570229589251,117,820.0896992490626,0.0
RR,0,73,4859438199787662549,gateway_calibration,sweep:inference_delay=0.0,655.7862403826551,118,820.0896992490626,0.0
RR,0,74,664740628583636552,gateway_calibration,sweep:inference_delay=0.0,756.2949448926058,141,820.0896992490626,0.0
RR,0,75,1972848874658333034,gateway_calibration,sweep:inference_delay=0.0,771.2136008017895,142,820.0896992490626,0.0
RR,0,76,6048020475378661647,gateway_calibration,sweep:inference_delay=0.0,684.673303590784,141,820.0896992490626,0.0
RR,0,77,8602845482587376895,gateway_calibration,sweep:inference_delay=0.0,646.037100488497,126,820.0896992490626,0.0
RR,0,78,4796454764264066774,gateway_calibration,sweep:inference_delay=0.0,617.1109013450231,120,820.0896992490626,0.0
RR,0,79,5226982796292777701,gateway_calibration,sweep:inference_delay=0.0,677.7409448961976,130,820.0896992490626,0.0
RR,0,80,6299344390748146862,gateway_calibration,sweep:inference_delay=0.0,602.6534788250024,120,820.0896992490626,0.0
RR,0,81,7760903587022193503,gateway_calibration,sweep:inference_delay=0.0,668.2837997917483,132,820.0896992490626,0.0
RR,0,82,6520367023342180984,gateway_calibration,sweep:inference_delay=0.0,819.3722793279198,122,820.0896992490626,0.0
RR,0,83,5635288579221231159,gateway_calibration,sweep:inference_delay=0.0,671.4549152317387,132,820.0896992490626,0.0
RR,0,84,6702342397332118509,gateway_calibration,sweep:inference_delay=0.0,630.9557187415793,119,820.0896992490626,0.0
RR,0,85,7670040043426627854,gateway_calibration,sweep:inference_delay=0.0,790.7324382409156,118,820.0896992490626,0.0
RR,0,86,5036370084742885706,gateway_calibration,sweep:inference_delay=0.0,539.9355112438651,120,820.0896992490626,0.0
RR,0,87,345008189040898116,gateway_calibration,sweep:inference_delay=0.0,613.4213815183056,116,820.0896992490626,0.0
RR,0,88,1918760553004097273,gateway_calibration,sweep:inference_delay=0.0,701.5666411488447,125,820.0896992490626,0.0
RR,0,89,4857915446445065512,gateway_calibration,sweep:inference_delay=0.0,694.9447241134409,131,820.0896992490626,0.0
RR,0,90,8698855913448388405,gateway_calibration,sweep:inference_delay=0.0,718.185156612918,125,820.0896992490626,0.0
RR,0,91,6950579828659398380,gateway_calibration,sweep:inference_delay=0.0,799.6747300500293,127,820.0896992490626,0.0
RR,0,92,4738000516907970823,gateway_calibration,sweep:inference_delay=0.0,543.222394406,126,820.0896992490626,0.0
RR,0,93,6136450989236997958,gateway_calibration,sweep:inference_delay=0.0,870.059139508341,140,820.0896992490626,0.0
RR,0,94,4034539320073736500,gateway_calibration,sweep:inference_delay=0.0,664.3363718300257,114,820.0896992490626,0.0
RR,0,95,5695940965326036427,gateway_calibration,sweep:inference_delay=0.0,579.643489928069,124,820.0896992490626,0.0
RR,0,96,3932681321472343247,gateway_calibration,sweep:inference_delay=0.0,738.2064705007234,131,820.0896992490626,0.0
RR,0,97,3184464451076666059,gateway_calibration,sweep:inference_delay=0.0,553.2619102894492,122,820.0896992490626,0.0
RR,0,98,3030351482797177221,gateway_calibration,sweep:inference_delay=0.0,667.2015372936346,135,820.0896992490626,0.0
RR,0,99,6289503422527052870,gateway_calibration,sweep:inference_delay=0.0,616.4550490114196,125,820.0896992490626,0.0
RR,0,100,7050907985547048981,gateway_calibration,sweep:inference_delay=0.0,677.6795756141123,130,820.0896992490626,0.0
RR,0,101,2085499050545483203,gateway_calibration,sweep:inference_delay=0.0,524.7568801589498,112,820.0896992490626,0.0
RR,0,102,5730312993104149431,gateway_calibration,sweep:inference_delay=0.0,662.5842917134642,132,820.0896992490626,0.0
RR,0,103,8863177545109481566,gateway_calibration,sweep:inference_delay=0.0,585.1873874989694,122,820.0896992490626,0.0
RR,0,104,3686593618942206235,gateway_calibration,sweep:inference_delay=0.0,804.7588163400713,134,820.0896992490626,0.0
RR,0,105,6850181248507314243,gateway_calibration,sweep:inference_delay=0.0,643.6076468779869,126,820.0896992490626,0.0
RR,0,106,7515062817382166680,gateway_calibration,sweep:inference_delay=0.0,739.8826817589494,132,820.0896992490626,0.0
RR,0,107,4647762552276847558,gateway_calibration,sweep:inference_delay=0.0,659.035736097146,117,820.0896992490626,0.0
RR,0,108,4605236118217567828,gateway_calibration,sweep:inference_delay=0.0,681.4038244214453,119,820.0896992490626,0.0
RR,0,109,6530701582225309679,gateway_calibration,sweep:inference_delay=0.0,658.0466885168249,129,820.0896992490626,0.0
RR,0,110,1490857711975386193,gateway_calibration,sweep:inference_delay=0.0,550.4890034656611,120,820.0896992490626,0.0
RR,0,111,1143588247129424812,gateway_calibration,sweep:inference_delay=0.0,754.8137291927962,128,820.0896992490626,0.0
RR,0,112,7029046019292123743,gateway_calibration,sweep:inference_delay=0.0,621.4136378299515,122,820.0896992490626,0.0
RR,0,113,962818803109999287,gateway_calibration,sweep:inference_delay=0.0,789.1641895844564,139,820.0896992490626,0.0
RR,0,114,1097875445316865376,gateway_calibration,sweep:inference_delay=0.0,578.748660846036,104,820.0896992490626,0.0
RR,0,115,2121486551209594886,gateway_calibration,sweep:inference_delay=0.0,749.3300777867596,136,820.0896992490626,0.0
RR,0,116,3298206816307295370,gateway_calibration,sweep:inference_delay=0.0,726.7819928668434,127,820.0896992490626,0.0
RR,0,117,8186804595954209305,gateway_calibration,sweep:inference_delay=0.0,655.4022979289953,113,820.0896992490626,0.0
RR,0,118,5027477343127419759,gateway_calibration,sweep:inference_delay=0.0,697.8675983278104,125,820.0896992490626,0.0
RR,0,119,3456594015947929247,gateway_calibration,sweep:inference_delay=0.0,683.3329016664486,130,820.0896992490626,0.0
RR,0,120,6109144161253401037,gateway_calibration,sweep:inference_delay=0.0,662.1953983902564,127,820.0896992490626,0.0
RR,0,121,8888647922094878047,gateway_calibration,sweep:inference_delay=0.0,556.5144931027802,116,820.0896992490626,0.0
RR,0,122,1410920963540769799,gateway_calibration,sweep:inference_delay=0.0,819.998736195854,133,820.0896992490626,0.0
RR,0,123,7316482086865881894,gateway_calibration,sweep:inference_delay=0.0,703.3079460221174,133,820.0896992490626,0.0
RR,0,124,8511347201413363593,gateway_calibration,sweep:inference_delay=0.0,627.4507028567565,126,820.0896992490626,0.0
RR,0,125,6477301294609925052,gateway_calibration,sweep:inference_delay=0.0,519.7263758924656,117,820.0896992490626,0.0
RR,0,126,8530866144115102027,gateway_calibration,sweep:inference_delay=0.0,564.226404279893,115,820.0896992490626,0.0
RR,0,127,974345037696741481,gateway_calibration,sweep:inference_delay=0.0,587.542208306858,115,820.0896992490626,0.0
RR,0,128,2669548922013055492,gateway_calibration,sweep:inference_delay=0.0,871.0584094848045,148,820.0896992490626,0.0
RR,0,129,4909844279650666946,gateway_calibration,sweep:inference_delay=0.0,688.5601635778313,128,820.0896992490626,0.0
RR,0,130,8129716326094341347,gateway_calibration,sweep:inference_delay=0.0,635.3377425434886,107,820.0896992490626,0.0
RR,0,131,6236339331528110559,gateway_calibration,sweep:inference_delay=0.0,741.66208012375,122,820.0896992490626,0.0
RR,0,132,5372461032506754089,gateway_calibration,sweep:inference_delay=0.0,567.0198324216752,105,820.0896992490626,0.0
RR,0,133,2869576103178937828,gateway_calibration,sweep:inference_delay=0.0,505.90542359403327,122,820.0896992490626,0.0
RR,0,134,324669889739395222,gateway_calibration,sweep:inference_delay=0.0,719.6890981866691,130,820.0896992490626,0.0
RR,0,135,3737616614001991696,gateway_calibration,sweep:inference_delay=0.0,708.9713078905947,139,820.0896992490626,0.0
RR,0,136,6060510604377203042,gateway_calibration,sweep:inference_delay=0.0,561.0070023175608,110,820.0896992490626,0.0
RR,0,137,7425710438176556689,gateway_calibration,sweep:inference_delay=0.0,629.6691402026245,135,820.0896992490626,0.0
RR,0,138,6508618236050171030,gateway_calibration,sweep:inference_delay=0.0,668.5616778166218,126,820.0896992490626,0.0
RR,0,139,6184493621238706557,gateway_calibration,sweep:inference_delay=0.0,775.5478799909556,140,820.0896992490626,0.0
RR,0,140,3064529688212288767,gateway_calibration,sweep:inference_delay=0.0,580.6767963386048,108,820.0896992490626,0.0
RR,0,141,805475398260637699,gateway_calibration,sweep:inference_delay=0.0,749.9176931524047,136,820.0896992490626,0.0
RR,0,142,4763601611783637645,gateway_calibration,sweep:inference_delay=0.0,684.7499135087887,140,820.0896992490626,0.0
RR,0,143,5438503057719320537,gateway_calibration,sweep:inference_delay=0.0,532.5393905917304,114,820.0896992490626,0.0
RR,0,144,5082440332856459390,gateway_calibration,sweep:inference_delay=0.0,628.7723269960022,126,820.0896992490626,0.0
RR,0,145,3587555219675763343,gateway_calibration,sweep:inference_delay=0.0,595.7630116306934,126,820.0896992490626,0.0
RR,0,146,330319869673280168,gateway_calibration,sweep:inference_delay=0.0,687.0412446202092,105,820.0896992490626,0.0
RR,0,147,6509395805483443057,gateway_calibration,sweep:inference_delay=0.0,668.3856718789458,124,820.0896992490626,0.0
RR,0,148,7554964240009861489,gateway_calibration,sweep:inference_delay=0.0,609.0884755379026,120,820.0896992490626,0.0
RR,0,149,2817344819539738502,gateway_calibration,sweep:inference_delay=0.0,542.5518282595332,107,820.0896992490626,0.0
RR,0,150,1867093364367078981,gateway_calibration,sweep:inference_delay=0.0,731.99873762291,140,820.0896992490626,0.0
RR,0,151,6979918275734648667,gateway_calibration,sweep:inference_delay=0.0,636.3549070622012,106,820.0896992490626,0.0
RR,0,152,2167722807609534988,gateway_calibration,sweep:inference_delay=0.0,702.6858253545911,131,820.0896992490626,0.0
RR,0,153,5005105572393798298,gateway_calibration,sweep:inference_delay=0.0,641.097630486496,116,820.0896992490626,0.0
RR,0,154,8617942995258092236,gateway_calibration,sweep:inference_delay=0.0,741.3501781575079,146,820.0896992490626,0.0
RR,0,155,817087805723078278,gateway_calibration,sweep:inference_delay=0.0,656.088621579604,114,820.0896992490626,0.0
RR,0,156,5167513524193214471,gateway_calibration,sweep:inference_delay=0.0,608.3088413298948,120,820.0896992490626,0.0
RR,0,157,8149686319199817352,gateway_calibration,sweep:inference_delay=0.0,661.4078706618875,135,820.0896992490626,0.0
RR,0,158,6221639221414618847,gateway_calibration,sweep:inference_delay=0.0,638.6244537709355,121,820.0896992490626,0.0
RR,0,159,5432824675695613171,gateway_calibration,sweep:inference_delay=0.0,810.5411426150272,129,820.0896992490626,0.0
RR,0,160,3535352857878186175,gateway_calibration,sweep:inference_delay=0.0,773.9795111517892,138,820.0896992490626,0.0
RR,0,161,5780042511980819017,gateway_calibration,sweep:inference_delay=0.0,774.3879397112598,125,820.0896992490626,0.0
RR,0,162,1314937737673983848,gateway_calibration,sweep:inference_delay=0.0,717.1246756123685,118,820.0896992490626,0.0
RR,0,163,696395958007126723,gateway_calibration,sweep:inference_delay=0.0,677.4772164391694,131,820.0896992490626,0.0
RR,0,164,1062108927129686668,gateway_calibration,sweep:inference_delay=0.0,824.8177548927652,142,820.0896992490626,0.0
RR,0,165,94012958901662333,gateway_calibration,sweep:inference_delay=0.0,802.0310893369323,137,820.0896992490626,0.0
RR,0,166,8358907322274403597,gateway_calibration,sweep:inference_delay=0.0,545.7503305002575,115,820.0896992490626,0.0
RR,0,167,7505993065971219314,gateway_calibration,sweep:inference_delay=0.0,723.1739586179917,130,820.0896992490626,0.0
RR,0,168,1470873476559457761,gateway_calibration,sweep:inference_delay=0.0,679.656837806258,126,820.0896992490626,0.0
RR,0,169,4417486595802726209,gateway_calibration,sweep:inference_delay=0.0,654.5727012328082,119,820.0896992490626,0.0
RR,0,170,1425434253320953112,gateway_calibration,sweep:inference_delay=0.0,668.7703494165283,117,820.0896992490626,0.0
RR,0,171,1456967285477726809,gateway_calibration,sweep:inference_delay=0.0,632.7948587466562,114,820.0896992490626,0.0
RR,0,172,5612879215568865788,gateway_calibration,sweep:inference_delay=0.0,545.1127225464693,106,820.0896992490626,0.0
RR,0,173,305631683004508046,gateway_calibration,sweep:inference_delay=0.0,712.2457083461752,120,820.0896992490626,0.0
RR,0,174,2198086885654387346,gateway_calibration,sweep:inference_delay=0.0,586.2363080468427,134,820.0896992490626,0.0
RR,0,175,8461189562562627723,gateway_calibration,sweep:inference_delay=0.0,686.0418771466449,110,820.0896992490626,0.0
RR,0,176,5195714935434148637,gateway_calibration,sweep:inference_delay=0.0,762.8508205739556,137,820.0896992490626,0.0
RR,0,177,8562523659716171146,gateway_calibration,sweep:inference_delay=0.0,807.6751502278048,133,820.0896992490626,0.0
RR,0,178,4596490847978559120,gateway_calibration,sweep:inference_delay=0.0,526.2411748562785,111,820.0896992490626,0.0
RR,0,179,1567614402143085626,gateway_calibration,sweep:inference_delay=0.0,824.6287209406797,129,820.0896992490626,0.0
RR,0,180,5613087419822074741,gateway_calibration,sweep:inference_delay=0.0,534.824718063639,118,820.0896992490626,0.0
RR,0,181,2373216597286698611,gateway_calibration,sweep:inference_delay=0.0,644.5229627812939,126,820.0896992490626,0.0
RR,0,182,5760606735310609521,gateway_calibration,sweep:inference_delay=0.0,710.6352139200674,132,820.0896992490626,0.0
RR,0,183,4712546381042221254,gateway_calibration,sweep:inference_delay=0.0,719.7116942448805,145,820.0896992490626,0.0
RR,0,184,1635816830053563011,gateway_calibration,sweep:inference_delay=0.0,560.3516014371188,116,820.0896992490626,0.0
RR,0,185,6661410644651095712,gateway_calibration,sweep:inference_delay=0.0,592.9219908912377,102,820.0896992490626,0.0
RR,0,186,65728590503088185,gateway_calibration,sweep:inference_delay=0.0,733.9936471457843,140,820.0896992490626,0.0
RR,0,187,690345378178412514,gateway_calibration,sweep:inference_delay=0.0,619.9656813228253,123,820.0896992490626,0.0
RR,0,188,7754889815012419884,gateway_calibration,sweep:inference_delay=0.0,687.8965314417947,139,820.0896992490626,0.0
RR,0,189,377372718619057834,gateway_calibration,sweep:inference_delay=0.0,665.3453369223132,130,820.0896992490626,0.0
RR,0,190,7112486124918356597,gateway_calibration,sweep:inference_delay=0.0,639.9894934157951,132,820.0896992490626,0.0
RR,0,191,4402201863075475594,gateway_calibration,sweep:inference_delay=0.0,524.2505097744934,105,820.0896992490626,0.0
RR,0,192,533979271614200612,gateway_calibration,sweep:inference_delay=0.0,750.2786640710099,124,820.0896992490626,0.0
RR,0,193,5115189933212947080,gateway_calibration,sweep:inference_delay=0.0,668.235141661551,139,820.0896992490626,0.0
RR,0,194,3148274920791614778,gateway_calibration,sweep:inference_delay=0.0,607.1632087299416,127,820.0896992490626,0.0
RR,0,195,3505975921690536230,gateway_calibration,sweep:inference_delay=0.0,573.281294860064,122,820.0896992490626,0.0
RR,0,196,8156259264452451965,gateway_calibration,sweep:inference_delay=0.0,652.3128896801716,116,820.0896992490626,0.0
RR,0,197,489067017904698128,gateway_calibration,sweep:inference_delay=0.0,593.6962181111998,128,820.0896992490626,0.0
RR,0,198,5725693005829479232,gateway_calibration,sweep:inference_delay=0.0,737.7680558725795,121,820.0896992490626,0.0
RR,0,199,2776771059859379081,gateway_calibration,sweep:inference_delay=0.0,488.7438264827763,103,820.0896992490626,0.0
RR,0,200,5136388357603092842,gateway_calibration,sweep:inference_delay=0.0,799.160414236756,136,820.0896992490626,0.0
RR,0,201,2967216784479180385,gateway_calibration,sweep:inference_delay=0.0,854.1812149204286,140,820.0896992490626,0.0
RR,0,202,8979919152917527661,gateway_calibration,sweep:inference_delay=0.0,631.2732311557098,124,820.0896992490626,0.0
RR,0,203,8586991964974750731,gateway_calibration,sweep:inference_delay=0.0,756.1341880122457,127,820.0896992490626,0.0
RR,0,204,2596469946780566566,gateway_calibration,sweep:inference_delay=0.0,688.1967926949123,126,820.0896992490626,0.0
RR,0,205,6727452054584629831,gateway_calibration,sweep:inference_delay=0.0,829.4092008861331,137,820.0896992490626,0.0
RR,0,206,2000590343387808725,gateway_calibration,sweep:inference_delay=0.0,612.1037590650217,120,820.0896992490626,0.0
RR,0,207,4263238619609179705,gateway_calibration,sweep:inference_delay=0.0,651.9571390226957,122,820.0896992490626,0.0
RR,0,208,9023372596240738174,gateway_calibration,sweep:inference_delay=0.0,525.4937463454744,109,820.0896992490626,0.0
RR,0,209,3285075195779834687,gateway_calibration,sweep:inference_delay=0.0,764.027024828379,131,820.0896992490626,0.0
RR,0,210,1910731710421042763,gateway_calibration,sweep:inference_delay=0.0,563.7666015281571,114,820.0896992490626,0.0
RR,0,211,6742310137573734017,gateway_calibration,sweep:inference_delay=0.0,779.3342273483375,127,820.0896992490626,0.0
RR,0,212,1636050880090795566,gateway_calibration,sweep:inference_delay=0.0,784.5888137562551,134,820.0896992490626,0.0
RR,0,213,3453845006195778663,gateway_calibration,sweep:inference_delay=0.0,607.7774483442498,123,820.0896992490626,0.0
RR,0,214,1105138331487073240,gateway_calibration,sweep:inference_delay=0.0,596.5506000906123,105,820.0896992490626,0.0
RR,0,215,2069954983012655875,gateway_calibration,sweep:inference_delay=0.0,573.6004450691519,119,820.0896992490626,0.0
RR,0,216,7711345884559286665,gateway_calibration,sweep:inference_delay=0.0,613.2656098711693,119,820.0896992490626,0.0
RR,0,217,5978415277747623782,gateway_calibration,sweep:inference_delay=0.0,637.1777808788675,106,820.0896992490626,0.0
RR,0,218,2764280764168615521,gateway_calibration,sweep:inference_delay=0.0,755.0405079399106,123,820.0896992490626,0.0
RR,0,219,1290906134736503349,gateway_calibration,sweep:inference_delay=0.0,698.4895836942926,133,820.0896992490626,0.0
RR,0,220,7340843622736900923,gateway_calibration,sweep:inference_delay=0.0,808.2127127256036,129,820.0896992490626,0.0
RR,0,221,1474067633781114805,gateway_calibration,sweep:inference_delay=0.0,891.0248047283523,133,820.0896992490626,0.0
RR,0,222,2595805646744052307,gateway_calibration,sweep:inference_delay=0.0,620.9544884002466,129,820.0896992490626,0.0
RR,0,223,6382502320460523199,gateway_calibration,sweep:inference_delay=0.0,651.1335157360147,122,820.0896992490626,0.0
RR,0,224,675847731294295638,gateway_calibration,sweep:inference_delay=0.0,622.3983522056288,127,820.0896992490626,0.0
RR,0,225,1151425023632025764,gateway_calibration,sweep:inference_delay=0.0,672.3563463856531,119,820.0896992490626,0.0
RR,0,226,8187744869060895904,gateway_calibration,sweep:inference_delay=0.0,540.9007881685634,114,820.0896992490626,0.0
RR,0,227,45813596127784054,gateway_calibration,sweep:inference_delay=0.0,959.3106266006208,153,820.0896992490626,0.0
RR,0,228,7296502608107089095,gateway_calibration,sweep:inference_delay=0.0,626.6668328263272,133,820.0896992490626,0.0
RR,0,229,930632915826678994,gateway_calibration,sweep:inference_delay=0.0,693.7353588201664,129,820.0896992490626,0.0
RR,0,230,8962743888871943790,gateway_calibration,sweep:inference_delay=0.0,739.3629963071636,115,820.0896992490626,0.0
RR,0,231,5324092527540367023,gateway_calibration,sweep:inference_delay=0.0,691.716333921171,127,820.0896992490626,0.0
RR,0,232,6113607519999854149,gateway_calibration,sweep:inference_delay=0.0,524.4567061993041,119,820.0896992490626,0.0
RR,0,233,1756014417350993364,gateway_calibration,sweep:inference_delay=0.0,763.7530807416512,143,820.0896992490626,0.0
RR,0,234,6935216550086924081,gateway_calibration,sweep:inference_delay=0.0,535.6196811276478,109,820.0896992490626,0.0
RR,0,235,5669161863816345414,gateway_calibration,sweep:inference_delay=0.0,733.1676151835904,121,820.0896992490626,0.0
RR,0,236,3338664802015407805,gateway_calibration,sweep:inference_delay=0.0,542.941960736574,118,820.0896992490626,0.0
RR,0,237,6153691157854064166,gateway_calibration,sweep:inference_delay=0.0,733.0264124323567,147,820.0896992490626,0.0
RR,0,238,2639640669056374339,gateway_calibration,sweep:inference_delay=0.0,789.6083644003937,125,820.0896992490626,0.0
RR,0,239,768797536149954177,gateway_calibration,sweep:inference_delay=0.0,656.8182552919432,130,820.0896992490626,0.0
RR,0,240,5548199436466135434,gateway_calibration,sweep:inference_delay=0.0,643.313491790551,121,820.0896992490626,0.0
RR,0,241,3102153236320137704,gateway_calibration,sweep:inference_delay=0.0,793.9819885861591,119,820.0896992490626,0.0
RR,0,242,305313967319893878,gateway_calibration,sweep:inference_delay=0.0,657.843438289344,112,820.0896992490626,0.0
RR,0,243,1475804203338056532,gateway_calibration,sweep:inference_delay=0.0,640.8794322022818,135,820.0896992490626,0.0
RR,0,244,3930938458558894276,gateway_calibration,sweep:inference_delay=0.0,564.0593471804195,123,820.0896992490626,0.0
RR,0,245,1320367437244966354,gateway_calibration,sweep:inference_delay=0.0,777.6410857150586,157,820.0896992490626,0.0
RR,0,246,3107561506454538638,gateway_calibration,sweep:inference_delay=0.0,685.7902896914703,115,820.0896992490626,0.0
RR,0,247,3502796972812891805,gateway_calibration,sweep:inference_delay=0.0,549.7670651827186,105,820.0896992490626,0.0
RR,0,248,5106033547162764698,gateway_calibration,sweep:inference_delay=0.0,556.5388600217042,121,820.0896992490626,0.0
RR,0,249,3825627944311598340,gateway_calibration,sweep:inference_delay=0.0,748.4576968117976,124,820.0896992490626,0.0
RR,0,250,136733472624775461,gateway_calibration,sweep:inference_delay=0.0,761.3878984818876,131,820.0896992490626,0.0
RR,0,251,6015763232250398238,gateway_calibration,sweep:inference_delay=0.0,665.2284722920289,110,820.0896992490626,0.0
RR,0,252,3056899390869212522,gateway_calibration,sweep:inference_delay=0.0,908.153727243233,133,820.0896992490626,0.0
RR,0,253,8213599738749511995,gateway_calibration,sweep:inference_delay=0.0,759.2488389325375,123,820.0896992490626,0.0
RR,0,254,826866561772079575,gateway_calibration,sweep:inference_delay=0.0,683.9160501937947,121,820.0896992490626,0.0
RR,0,255,2948144514253955668,gateway_calibration,sweep:inference_delay=0.0,705.2194608367868,137,820.0896992490626,0.0
RR,0,256,4590141864244713408,gateway_calibration,sweep:inference_delay=0.0,488.2061127333697,104,820.0896992490626,0.0
RR,0,257,6985401747168459381,gateway_calibration,sweep:inference_delay=0.0,706.7579162612681,138,820.0896992490626,0.0
RR,0,258,1236992800384544155,gateway_calibration,sweep:inference_delay=0.0,596.6396730118761,101,820.0896992490626,0.0
RR,0,259,2802523899541568472,gateway_calibration,sweep:inference_delay=0.0,658.1308050364437,119,820.0896992490626,0.0
RR,0,260,6436330693632324246,gateway_calibration,sweep:inference_delay=0.0,677.0992956924076,124,820.0896992490626,0.0
RR,0,261,8841749799235619223,gateway_calibration,sweep:inference_delay=0.0,664.9405900734854,112,820.0896992490626,0.0
RR,0,262,5212068118625633813,gateway_calibration,sweep:inference_delay=0.0,722.1524148891131,140,820.0896992490626,0.0
RR,0,263,8316780528058194007,gateway_calibration,sweep:inference_delay=0.0,623.7574731473849,120,820.0896992490626,0.0
RR,0,264,3076295686506940198,gateway_calibration,sweep:inference_delay=0.0,811.0086614466738,138,820.0896992490626,0.0
RR,0,265,5416987299508876906,gateway_calibration,sweep:inference_delay=0.0,724.9671492397805,126,820.0896992490626,0.0
RR,0,266,5355312854972139015,gateway_calibration,sweep:inference_delay=0.0,861.6155947467093,133,820.0896992490626,0.0
RR,0,267,891310801207885134,gateway_calibration,sweep:inference_delay=0.0,586.1212090465166,125,820.0896992490626,0.0
RR,0,268,4302525176925723575,gateway_calibration,sweep:inference_delay=0.0,626.2694544904552,118,820.0896992490626,0.0
RR,0,269,7233842937639579446,gateway_calibration,sweep:inference_delay=0.0,514.6511146972214,108,820.0896992490626,0.0
RR,0,270,787008785281493599,gateway_calibration,sweep:inference_delay=0.0,678.4650263825954,123,820.0896992490626,0.0
RR,0,271,7334184243163938489,gateway_calibration,sweep:inference_delay=0.0,654.7656541931531,117,820.0896992490626,0.0
RR,0,272,8595456210295136073,gateway_calibration,sweep:inference_delay=0.0,860.1366919074057,136,820.0896992490626,0.0
RR,0,273,3459358343729787677,gateway_calibration,sweep:inference_delay=0.0,840.5819049514973,131,820.0896992490626,0.0
RR,0,274,827730633808743136,gateway_calibration,sweep:inference_delay=0.0,531.2006860349205,115,820.0896992490626,0.0
RR,0,275,1191787371059884206,gateway_calibration,sweep:inference_delay=0.0,785.5522478926742,124,820.0896992490626,0.0
RR,0,276,4382001308806096512,gateway_calibration,sweep:inference_delay=0.0,744.9706899375107,127,820.0896992490626,0.0
RR,0,277,5388772791601849558,gateway_calibration,sweep:inference_delay=0.0,748.5640992680754,136,820.0896992490626,0.0
RR,0,278,1944619706777464495,gateway_calibration,sweep:inference_delay=0.0,717.5800529086787,137,820.0896992490626,0.0
RR,0,279,7069479310533859734,gateway_calibration,sweep:inference_delay=0.0,484.37446710512984,109,820.0896992490626,0.0
RR,0,280,9024996281334264129,gateway_calibration,sweep:inference_delay=0.0,654.4226983451351,124,820.0896992490626,0.0
RR,0,281,1582395885326904754,gateway_calibration,sweep:inference_delay=0.0,643.7286305213869,107,820.0896992490626,0.0
RR,0,282,6404009402051024870,gateway_calibration,sweep:inference_delay=0.0,580.4290056977256,126,820.0896992490626,0.0
RR,0,283,3596214054810715706,gateway_calibration,sweep:inference_delay=0.0,586.9485310707247,108,820.0896992490626,0.0
RR,0,284,2531294051664947116,gateway_calibration,sweep:inference_delay=0.0,778.5259118693315,134,820.0896992490626,0.0
RR,0,285,836277738800132037,gateway_calibration,sweep:inference_delay=0.0,584.8341596533451,132,820.0896992490626,0.0
RR,0,286,3210467090881390534,gateway_calibration,sweep:inference_delay=0.0,631.2895308873414,146,820.0896992490626,0.0
RR,0,287,2822098375151693555,gateway_calibration,sweep:inference_delay=0.0,612.9518279807376,129,820.0896992490626,0.0
RR,0,288,5626223949923016400,gateway_calibration,sweep:inference_delay=0.0,559.9301754223898,114,820.0896992490626,0.0
RR,0,289,8455456963111985079,gateway_calibration,sweep:inference_delay=0.0,589.8505981187881,111,820.0896992490626,0.0
RR,0,290,2370614829249679371,gateway_calibration,sweep:inference_delay=0.0,733.2862288868595,121,820.0896992490626,0.0
RR,0,291,818558677270457248,gateway_calibration,sweep:inference_delay=0.0,658.9107805638413,145,820.0896992490626,0.0
RR,0,292,2810721557351330125,gateway_calibration,sweep:inference_delay=0.0,715.8975318995913,126,820.0896992490626,0.0
RR,0,293,4510697720693683816,gateway_calibration,sweep:inference_delay=0.0,653.0762949367055,117,820.0896992490626,0.0
RR,0,294,8886950883984339510,gateway_calibration,sweep:inference_delay=0.0,675.9931595817383,116,820.0896992490626,0.0
RR,0,295,2035727916013469371,gateway_calibration,sweep:inference_delay=0.0,597.3408808705492,126,820.0896992490626,0.0
RR,0,296,2236098155841968058,gateway_calibration,sweep:inference_delay=0.0,651.7368826988311,123,820.0896992490626,0.0
RR,0,297,1817802648814360624,gateway_calibration,sweep:inference_delay=0.0,645.0087377905814,119,820.0896992490626,0.0
RR,0,298,2887252830246176392,gateway_calibration,sweep:inference_delay=0.0,595.3795695173693,116,820.0896992490626,0.0
RR,0,299,1448845698565949741,gateway_calibration,sweep:inference_delay=0.0,600.7683494555471,119,820.0896992490626,0.0
RR,0,300,8925361432510465339,gateway_calibration,sweep:inference_delay=0.0,595.2563115400233,120,820.0896992490626,0.0
RR,0,301,3807506197606163986,gateway_calibration,sweep:inference_delay=0.0,708.9172787629958,138,820.0896992490626,0.0
RR,0,302,8034563208296605452,gateway_calibration,sweep:inference_delay=0.0,732.4923130656761,127,820.0896992490626,0.0
RR,0,303,5364278048809024231,gateway_calibration,sweep:inference_delay=0.0,823.4872203714356,138,820.0896992490626,0.0
RR,0,304,8046230261264379920,gateway_calibration,sweep:inference_delay=0.0,552.8071065469296,119,820.0896992490626,0.0
RR,0,305,5562621114098871022,gateway_calibration,sweep:inference_delay=0.0,684.0100572161314,127,820.0896992490626,0.0
RR,0,306,1152453634093397135,gateway_calibration,sweep:inference_delay=0.0,649.7007294664642,120,820.0896992490626,0.0
RR,0,307,3875610598411060593,gateway_calibration,sweep:inference_delay=0.0,699.4567817260242,134,820.0896992490626,0.0
RR,0,308,7140183264533918413,gateway_calibration,sweep:inference_delay=0.0,547.0261332020228,122,820.0896992490626,0.0
RR,0,309,7548427632962239356,gateway_calibration,sweep:inference_delay=0.0,596.7911938115843,122,820.0896992490626,0.0
RR,0,310,1364294620776145605,gateway_calibration,sweep:inference_delay=0.0,720.9108004687338,123,820.0896992490626,0.0
RR,0,311,756457600980203451,gateway_calibration,sweep:inference_delay=0.0,646.6004592770055,117,820.0896992490626,0.0
RR,0,312,4817321500421056079,gateway_calibration,sweep:inference_delay=0.0,567.7236816331127,116,820.0896992490626,0.0
RR,0,313,4519390248932012061,gateway_calibration,sweep:inference_delay=0.0,623.7776074457382,120,820.0896992490626,0.0
RR,0,314,8936397013781857828,gateway_calibration,sweep:inference_delay=0.0,630.4791579969387,96,820.0896992490626,0.0
RR,0,315,8848910031072842130,gateway_calibration,sweep:inference_delay=0.0,728.6053680380727,137,820.0896992490626,0.0
RR,0,316,340384206762340665,gateway_calibration,sweep:inference_delay=0.0,716.3974780259911,134,820.0896992490626,0.0
RR,0,317,5531861056806518363,gateway_calibration,sweep:inference_delay=0.0,747.1290545960795,144,820.0896992490626,0.0
RR,0,318,62456247609113783,gateway_calibration,sweep:inference_delay=0.0,507.7310696714524,104,820.0896992490626,0.0
RR,0,319,2697729851113414613,gateway_calibration,sweep:inference_delay=0.0,588.0951595949145,112,820.0896992490626,0.0
RR,0,320,2882742047376722430,gateway_calibration,sweep:inference_delay=0.0,741.1165872524709,119,820.0896992490626,0.0
RR,0,321,6547342691956825542,gateway_calibration,sweep:inference_delay=0.0,578.8603738826058,106,820.0896992490626,0.0
RR,0,322,1837558119700189665,gateway_calibration,sweep:inference_delay=0.0,581.3209865062538,120,820.0896992490626,0.0
RR,0,323,7508255619487813264,gateway_calibration,sweep:inference_delay=0.0,691.0544855036758,116,820.0896992490626,0.0
RR,0,324,1497474273017063929,gateway_calibration,sweep:inference_delay=0.0,672.3871447612091,147,820.0896992490626,0.0
RR,0,325,7275612551955698311,gateway_calibration,sweep:inference_delay=0.0,679.1348840247728,141,820.0896992490626,0.0
RR,0,326,4478365832430478870,gateway_calibration,sweep:inference_delay=0.0,615.5858525496612,107,820.0896992490626,0.0
RR,0,327,2190568609701802228,gateway_calibration,sweep:inference_delay=0.0,695.7519369417251,138,820.0896992490626,0.0
RR,0,328,8804129504424086676,gateway_calibration,sweep:inference_delay=0.0,586.8821766439014,124,820.0896992490626,0.0
RR,0,329,5559308349791135374,gateway_calibration,sweep:inference_delay=0.0,688.4958868965306,112,820.0896992490626,0.0
RR,0,330,3458250353496066749,gateway_calibration,sweep:inference_delay=0.0,702.1191708179197,127,820.0896992490626,0.0
RR,0,331,1678599429712636548,gateway_calibration,sweep:inference_delay=0.0,604.8578250030895,127,820.0896992490626,0.0
RR,0,332,3851479913250920667,gateway_calibration,sweep:inference_delay=0.0,800.2661162087076,140,820.0896992490626,0.0
RR,0,333,1872962012606271047,gateway_calibration,sweep:inference_delay=0.0,688.026852653873,118,820.0896992490626,0.0
RR,0,334,34186800011137715,gateway_calibration,sweep:inference_delay=0.0,720.0726947200519,144,820.0896992490626,0.0
RR,0,335,8865654608994243713,gateway_calibration,sweep:inference_delay=0.0,631.5813484359447,127,820.0896992490626,0.0
RR,0,336,2828603061217990849,gateway_calibration,sweep:inference_delay=0.0,599.1363861405342,122,820.0896992490626,0.0
RR,0,337,3088275565381488083,gateway_calibration,sweep:inference_delay=0.0,665.3067133728915,126,820.0896992490626,0.0
RR,0,338,2497625838544707544,gateway_calibration,sweep:inference_delay=0.0,575.9505128817683,106,820.0896992490626,0.0
RR,0,339,7935210348961953773,gateway_calibration,sweep:inference_delay=0.0,785.9586962642306,136,820.0896992490626,0.0
RR,0,340,2764248466031232991,gateway_calibration,sweep:inference_delay=0.0,707.7889462669577,124,820.0896992490626,0.0
RR,0,341,4697082118959446955,gateway_calibration,sweep:inference_delay=0.0,673.5939379783522,147,820.0896992490626,0.0
RR,0,342,4230184734511663832,gateway_calibration,sweep:inference_delay=0.0,724.2015109426345,126,820.0896992490626,0.0
RR,0,343,4626692393455716449,gateway_calibration,sweep:inference_delay=0.0,567.6901818388891,125,820.0896992490626,0.0
RR,0,344,1378883051077678496,gateway_calibration,sweep:inference_delay=0.0,690.9292331251557,127,820.0896992490626,0.0
RR,0,345,9171010654115652729,gateway_calibration,sweep:inference_delay=0.0,768.81536359256,148,820.0896992490626,0.0
RR,0,346,1692741918955388594,gateway_calibration,sweep:inference_delay=0.0,624.5745846524408,137,820.0896992490626,0.0
RR,0,347,6070401444563757414,gateway_calibration,sweep:inference_delay=0.0,718.0484001202287,115,820.0896992490626,0.0
RR,0,348,3320036905393371821,gateway_calibration,sweep:inference_delay=0.0,665.6720035085364,130,820.0896992490626,0.0
RR,0,349,2913634330594979565,gateway_calibration,sweep:inference_delay=0.0,742.7816706418839,134,820.0896992490626,0.0
RR,0,350,3682857661999676217,gateway_calibration,sweep:inference_delay=0.0,715.0431180909239,132,820.0896992490626,0.0
RR,0,351,5917646897328624058,gateway_calibration,sweep:inference_delay=0.0,690.3578285599772,147,820.0896992490626,0.0
RR,0,352,8283847763523850581,gateway_calibration,sweep:inference_delay=0.0,623.3752443506173,121,820.0896992490626,0.0
RR,0,353,1355387507618731352,gateway_calibration,sweep:inference_delay=0.0,718.7887719958488,131,820.0896992490626,0.0
RR,0,354,4161789180162251206,gateway_calibration,sweep:inference_delay=0.0,879.3350997041546,150,820.0896992490626,0.0
RR,0,355,3629235027738460894,gateway_calibration,sweep:inference_delay=0.0,718.3302546669574,118,820.0896992490626,0.0
RR,0,356,7783427142898000077,gateway_calibration,sweep:inference_delay=0.0,711.4736487144714,134,820.0896992490626,0.0
RR,0,357,8539422195141711300,gateway_calibration,sweep:inference_delay=0.0,769.48017390877,146,820.0896992490626,0.0
RR,0,358,4473429396945233116,gateway_calibration,sweep:inference_delay=0.0,877.6531121880669,129,820.0896992490626,0.0
RR,0,359,8046146314160074127,gateway_calibration,sweep:inference_delay=0.0,586.1193531252152,128,820.0896992490626,0.0
RR,0,360,7260134095337781866,gateway_calibration,sweep:inference_delay=0.0,534.6041092669163,125,820.0896992490626,0.0
RR,0,361,1686946494410527167,gateway_calibration,sweep:inference_delay=0.0,572.474133568531,114,820.0896992490626,0.0
RR,0,362,4413145699238079996,gateway_calibration,sweep:inference_delay=0.0,660.2059172040844,110,820.0896992490626,0.0
RR,0,363,4286238825591214967,gateway_calibration,sweep:inference_delay=0.0,585.7120002272453,117,820.0896992490626,0.0
RR,0,364,6185617660068347114,gateway_calibration,sweep:inference_delay=0.0,735.1257170143041,128,820.0896992490626,0.0
RR,0,365,3255633937718780940,gateway_calibration,sweep:inference_delay=0.0,553.4587583763775,109,820.0896992490626,0.0
RR,0,366,430300057782715933,gateway_calibration,sweep:inference_delay=0.0,594.9426790289792,123,820.0896992490626,0.0
RR,0,367,4514601672727249338,gateway_calibration,sweep:inference_delay=0.0,569.5666904412254,110,820.0896992490626,0.0
RR,0,368,7668772458637724397,gateway_calibration,sweep:inference_delay=0.0,681.2663152541713,133,820.0896992490626,0.0
RR,0,369,4302319439292394407,gateway_calibration,sweep:inference_delay=0.0,706.7687088974744,137,820.0896992490626,0.0
RR,0,370,5812897149698717456,gateway_calibration,sweep:inference_delay=0.0,672.950955935578,116,820.0896992490626,0.0
RR,0,371,5466966036348593367,gateway_calibration,sweep:inference_delay=0.0,660.8296246344973,125,820.0896992490626,0.0
RR,0,372,2972442929851086673,gateway_calibration,sweep:inference_delay=0.0,669.6379786359587,122,820.0896992490626,0.0
RR,0,373,3253160246373058497,gateway_calibration,sweep:inference_delay=0.0,623.9475995972607,122,820.0896992490626,0.0
RR,0,374,8082050349555763382,gateway_calibration,sweep:inference_delay=0.0,678.5591845277908,134,820.0896992490626,0.0
RR,0,375,3356791220790944259,gateway_calibration,sweep:inference_delay=0.0,814.8285459215914,133,820.0896992490626,0.0
RR,0,376,3199908313515164094,gateway_calibration,sweep:inference_delay=0.0,600.9678335610953,134,820.0896992490626,0.0
RR,0,377,892595808845227422,gateway_calibration,sweep:inference_delay=0.0,522.3346220802528,110,820.0896992490626,0.0
RR,0,378,8191237968967601258,gateway_calibration,sweep:inference_delay=0.0,745.3785655648923,144,820.0896992490626,0.0
RR,0,379,3663128617152798474,gateway_calibration,sweep:inference_delay=0.0,814.8683875037908,136,820.0896992490626,0.0
RR,0,380,4066731865237887969,gateway_calibration,sweep:inference_delay=0.0,653.2349481668034,119,820.0896992490626,0.0
RR,0,381,7786925297510952187,gateway_calibration,sweep:inference_delay=0.0,652.4538029444461,132,820.0896992490626,0.0
RR,0,382,3279356103679807711,gateway_calibration,sweep:inference_delay=0.0,562.601523617824,119,820.0896992490626,0.0
RR,0,383,3977812662137329312,gateway_calibration,sweep:inference_delay=0.0,651.5768276096882,135,820.0896992490626,0.0
RR,0,384,7268288307750540130,gateway_calibration,sweep:inference_delay=0.0,636.6819969258505,126,820.0896992490626,0.0
RR,0,385,8101949113048547126,gateway_calibration,sweep:inference_delay=0.0,662.3127026234062,130,820.0896992490626,0.0
RR,0,386,196978439117513931,gateway_calibration,sweep:inference_delay=0.0,656.1871169273145,134,820.0896992490626,0.0
RR,0,387,6934351245340210986,gateway_calibration,sweep:inference_delay=0.0,621.767123308402,114,820.0896992490626,0.0
RR,0,388,1305624800524200157,gateway_calibration,sweep:inference_delay=0.0,553.9728959691719,113,820.0896992490626,0.0
RR,0,389,2720642060823110769,gateway_calibration,sweep:inference_delay=0.0,610.2326692269748,112,820.0896992490626,0.0
RR,0,390,1753823411840412518,gateway_calibration,sweep:inference_delay=0.0,612.1126641447919,126,820.0896992490626,0.0
RR,0,391,373962415403533099,gateway_calibration,sweep:inference_delay=0.0,954.5789903601458,146,820.0896992490626,0.0
RR,0,392,8510738132502204820,gateway_calibration,sweep:inference_delay=0.0,662.1392485919508,119,820.0896992490626,0.0
RR,0,393,1613938415033091573,gateway_calibration,sweep:inference_delay=0.0,659.8046279746184,128,820.0896992490626,0.0
RR,0,394,7060935609626451691,gateway_calibration,sweep:inference_delay=0.0,746.749140715006,140,820.0896992490626,0.0
RR,0,395,1763708332118047484,gateway_calibration,sweep:inference_delay=0.0,582.615825926643,128,820.0896992490626,0.0
RR,0,396,5676322442681628829,gateway_calibration,sweep:inference_delay=0.0,751.9081459022627,132,820.0896992490626,0.0
RR,0,397,5922347887765609086,gateway_calibration,sweep:inference_delay=0.0,691.5549744500306,127,820.0896992490626,0.0
RR,0,398,6141212271565666539,gateway_calibration,sweep:inference_delay=0.0,774.2844239655977,128,820.0896992490626,0.0
RR,0,399,1337365322408992641,gateway_calibration,sweep:inference_delay=0.0,686.0764561080072,135,820.0896992490626,0.0
RR,0,400,5770735062791446318,gateway_calibration,sweep:inference_delay=0.0,873.3012651909288,156,820.0896992490626,0.0
RR,0,401,9175359263199793263,gateway_calibration,sweep:inference_delay=0.0,695.6797251637299,133,820.0896992490626,0.0
RR,0,402,1345393633958521643,gateway_calibration,sweep:inference_delay=0.0,758.1910239110753,128,820.0896992490626,0.0
RR,0,403,4041699725946936214,gateway_calibration,sweep:inference_delay=0.0,632.9629081092467,113,820.0896992490626,0.0
RR,0,404,6379719224038699350,gateway_calibration,sweep:inference_delay=0.0,613.9688461216231,120,820.0896992490626,0.0
RR,0,405,5253790803982901032,gateway_calibration,sweep:inference_delay=0.0,676.7210774465419,120,820.0896992490626,0.0
RR,0,406,6972310867038508550,gateway_calibration,sweep:inference_delay=0.0,608.1345337577666,141,820.0896992490626,0.0
RR,0,407,4518805367629489505,gateway_calibration,sweep:inference_delay=0.0,701.8361425700704,129,820.0896992490626,0.0
RR,0,408,5075272543417092078,gateway_calibration,sweep:inference_delay=0.0,683.3435549232598,117,820.0896992490626,0.0
RR,0,409,4054682588708209093,gateway_calibration,sweep:inference_delay=0.0,800.0589833762133,140,820.0896992490626,0.0
RR,0,410,8959089895599232511,gateway_calibration,sweep:inference_delay=0.0,715.1172102223337,134,820.0896992490626,0.0
RR,0,411,15783735529803600,gateway_calibration,sweep:inference_delay=0.0,529.5686433046092,112,820.0896992490626,0.0
RR,0,412,5915579870169733150,gateway_calibration,sweep:inference_delay=0.0,651.4980132547873,132,820.0896992490626,0.0
RR,0,413,5712510934164682453,gateway_calibration,sweep:inference_delay=0.0,696.3129137346215,121,820.0896992490626,0.0
RR,0,414,2257467693721824899,gateway_calibration,sweep:inference_delay=0.0,648.4962175892282,130,820.0896992490626,0.0
RR,0,415,7567685489921138428,gateway_calibration,sweep:inference_delay=0.0,504.7663632898094,103,820.0896992490626,0.0
RR,0,416,4608597294649148069,gateway_calibration,sweep:inference_delay=0.0,739.5985638926466,144,820.0896992490626,0.0
RR,0,417,7055155743727146512,gateway_calibration,sweep:inference_delay=0.0,690.6260021160041,111,820.0896992490626,0.0
RR,0,418,8937139699567183199,gateway_calibration,sweep:inference_delay=0.0,592.0508037214908,107,820.0896992490626,0.0
RR,0,419,5156270595713271849,gateway_calibration,sweep:inference_delay=0.0,642.2978205682361,124,820.0896992490626,0.0
RR,0,420,5836553904240623663,gateway_calibration,sweep:inference_delay=0.0,749.879859505801,131,820.0896992490626,0.0
RR,0,421,2331311596775435846,gateway_calibration,sweep:inference_delay=0.0,723.2034728465268,133,820.0896992490626,0.0
RR,0,422,3027860307877672397,gateway_calibration,sweep:inference_delay=0.0,645.6241643407615,131,820.0896992490626,0.0
RR,0,423,4950116698244583486,gateway_calibration,sweep:inference_delay=0.0,620.8961692665222,137,820.0896992490626,0.0
RR,0,424,7569726084826960389,gateway_calibration,sweep:inference_delay=0.0,794.7574012860435,128,820.0896992490626,0.0
RR,0,425,548507036608531309,gateway_calibration,sweep:inference_delay=0.0,677.0552944477222,130,820.0896992490626,0.0
RR,0,426,6580352650424373603,gateway_calibration,sweep:inference_delay=0.0,734.5470761956119,117,820.0896992490626,0.0
RR,0,427,4738039540515461477,gateway_calibration,sweep:inference_delay=0.0,671.6640454998325,127,820.0896992490626,0.0
RR,0,428,8907962524688218363,gateway_calibration,sweep:inference_delay=0.0,837.1931165070047,146,820.0896992490626,0.0
RR,0,429,1185313052417971151,gateway_calibration,sweep:inference_delay=0.0,598.2110701815668,116,820.0896992490626,0.0
RR,0,430,4502402289219606798,gateway_calibration,sweep:inference_delay=0.0,653.804596805072,128,820.0896992490626,0.0
RR,0,431,8780312169733086930,gateway_calibration,sweep:inference_delay=0.0,632.3201107946719,135,820.0896992490626,0.0
RR,0,432,9154846955048787488,gateway_calibration,sweep:inference_delay=0.0,719.9123156488088,126,820.0896992490626,0.0
RR,0,433,7336459494808532733,gateway_calibration,sweep:inference_delay=0.0,628.5528607423029,120,820.0896992490626,0.0
RR,0,434,4113470354396889723,gateway_calibration,sweep:inference_delay=0.0,775.1241856134269,113,820.0896992490626,0.0
RR,0,435,4909503072230515335,gateway_calibration,sweep:inference_delay=0.0,633.0382467921708,117,820.0896992490626,0.0
RR,0,436,3197677969645813518,gateway_calibration,sweep:inference_delay=0.0,603.4257047840648,117,820.0896992490626,0.0
RR,0,437,7801862417245809236,gateway_calibration,sweep:inference_delay=0.0,662.0356810505114,133,820.0896992490626,0.0
RR,0,438,5492162269151119075,gateway_calibration,sweep:inference_delay=0.0,588.1646659686933,110,820.0896992490626,0.0
RR,0,439,248079171324659113,gateway_calibration,sweep:inference_delay=0.0,624.4864026121556,133,820.0896992490626,0.0
RR,0,440,3985067534538516158,gateway_calibration,sweep:inference_delay=0.0,642.7240285837647,121,820.0896992490626,0.0
RR,0,441,5229758228942816217,gateway_calibration,sweep:inference_delay=0.0,687.607208149701,135,820.0896992490626,0.0
RR,0,442,3400442418203823368,gateway_calibration,sweep:inference_delay=0.0,667.7340992913842,124,820.0896992490626,0.0
RR,0,443,8393506575375457483,gateway_calibration,sweep:inference_delay=0.0,646.316542663373,129,820.0896992490626,0.0
RR,0,444,4193792322551509733,gateway_calibration,sweep:inference_delay=0.0,619.1771797857693,122,820.0896992490626,0.0
RR,0,445,8928934661361903316,gateway_calibration,sweep:inference_delay=0.0,768.6058686588518,116,820.0896992490626,0.0
RR,0,446,3290523308640375901,gateway_calibration,sweep:inference_delay=0.0,667.6003342119072,121,820.0896992490626,0.0
RR,0,447,102252910230411730,gateway_calibration,sweep:inference_delay=0.0,595.2215453536638,104,820.0896992490626,0.0
RR,0,448,8532765272198090830,gateway_calibration,sweep:inference_delay=0.0,626.1459074323459,136,820.0896992490626,0.0
RR,0,449,9053340593945989961,gateway_calibration,sweep:inference_delay=0.0,610.5352200710745,127,820.0896992490626,0.0
RR,0,450,7341498055738906985,gateway_calibration,sweep:inference_delay=0.0,605.5570840277364,129,820.0896992490626,0.0
RR,0,451,2103853463039369422,gateway_calibration,sweep:inference_delay=0.0,604.9872216882608,123,820.0896992490626,0.0
RR,0,452,5342448907667998069,gateway_calibration,sweep:inference_delay=0.0,763.505025672291,124,820.0896992490626,0.0
RR,0,453,6021083267557668242,gateway_calibration,sweep:inference_delay=0.0,665.3710227357327,115,820.0896992490626,0.0
RR,0,454,204626305283945143,gateway_calibration,sweep:inference_delay=0.0,592.7604476515944,112,820.0896992490626,0.0
RR,0,455,4756572993510748927,gateway_calibration,sweep:inference_delay=0.0,608.3938080541019,108,820.0896992490626,0.0
RR,0,456,8160032088718757790,gateway_calibration,sweep:inference_delay=0.0,756.5575243194971,139,820.0896992490626,0.0
RR,0,457,7088136774878466926,gateway_calibration,sweep:inference_delay=0.0,651.2337274814188,137,820.0896992490626,0.0
RR,0,458,3761711349212179975,gateway_calibration,sweep:inference_delay=0.0,544.0252274185628,132,820.0896992490626,0.0
RR,0,459,6520075817126838942,gateway_calibration,sweep:inference_delay=0.0,836.3747795979398,135,820.0896992490626,0.0
RR,0,460,1919852277693236528,gateway_calibration,sweep:inference_delay=0.0,577.5368010668918,112,820.0896992490626,0.0
RR,0,461,4665097393500178109,gateway_calibration,sweep:inference_delay=0.0,818.7340393127183,151,820.0896992490626,0.0
RR,0,462,6298709915295765820,gateway_calibration,sweep:inference_delay=0.0,814.3304820885955,127,820.0896992490626,0.0
RR,0,463,4615673259405210181,gateway_calibration,sweep:inference_delay=0.0,737.123177696722,130,820.0896992490626,0.0
RR,0,464,814387278898217982,gateway_calibration,sweep:inference_delay=0.0,607.6523270695442,126,820.0896992490626,0.0
RR,0,465,8032531043386306326,gateway_calibration,sweep:inference_delay=0.0,668.6091022651201,125,820.0896992490626,0.0
RR,0,466,8432688539377851133,gateway_calibration,sweep:inference_delay=0.0,701.8137427541999,125,820.0896992490626,0.0
RR,0,467,1559465634725650714,gateway_calibration,sweep:inference_delay=0.0,776.7692940284549,147,820.0896992490626,0.0
RR,0,468,7238743029339010756,gateway_calibration,sweep:inference_delay=0.0,734.0494778304574,130,820.0896992490626,0.0
RR,0,469,8624630973060434873,gateway_calibration,sweep:inference_delay=0.0,753.7406385314991,126,820.0896992490626,0.0
RR,0,470,2102166922683796705,gateway_calibration,sweep:inference_delay=0.0,767.1560205796626,127,820.0896992490626,0.0
RR,0,471,943977387374914053,gateway_calibration,sweep:inference_delay=0.0,670.3481509212622,116,820.0896992490626,0.0
RR,0,472,6725685788262332678,gateway_calibration,sweep:inference_delay=0.0,634.0336092781727,108,820.0896992490626,0.0
RR,0,473,6855767831658160070,gateway_calibration,sweep:inference_delay=0.0,572.2614111178202,106,820.0896992490626,0.0
RR,0,474,2141672765995424144,gateway_calibration,sweep:inference_delay=0.0,718.871811111769,142,820.0896992490626,0.0
RR,0,475,2047700397865819344,gateway_calibration,sweep:inference_delay=0.0,755.3117583085863,130,820.0896992490626,0.0
RR,0,476,7917088696216977840,gateway_calibration,sweep:inference_delay=0.0,681.6801789505928,124,820.0896992490626,0.0
RR,0,477,4084570617616199534,gateway_calibration,sweep:inference_delay=0.0,754.8195751739313,123,820.0896992490626,0.0
RR,0,478,5450503737302853365,gateway_calibration,sweep:inference_delay=0.0,703.3062299598264,128,820.0896992490626,0.0
RR,0,479,4097563807664104983,gateway_calibration,sweep:inference_delay=0.0,686.6752327391475,139,820.0896992490626,0.0
RR,0,480,8541071451018847065,gateway_calibration,sweep:inference_delay=0.0,663.7559003432472,125,820.0896992490626,0.0
RR,0,481,7045303467776588119,gateway_calibration,sweep:inference_delay=0.0,688.2197621859592,126,820.0896992490626,0.0
RR,0,482,8143936474580794291,gateway_calibration,sweep:inference_delay=0.0,598.949516775356,108,820.0896992490626,0.0
RR,0,483,4784240369057125093,gateway_calibration,sweep:inference_delay=0.0,640.996210421067,121,820.0896992490626,0.0
RR,0,484,3124710585262872084,gateway_calibration,sweep:inference_delay=0.0,593.1377681314694,120,820.0896992490626,0.0
RR,0,485,3971908724065048058,gateway_calibration,sweep:inference_delay=0.0,657.6107299421859,122,820.0896992490626,0.0
RR,0,486,2238576434476634811,gateway_calibration,sweep:inference_delay=0.0,687.0000473403727,119,820.0896992490626,0.0
RR,0,487,6341725783423771346,gateway_calibration,sweep:inference_delay=0.0,787.5002709635901,143,820.0896992490626,0.0
RR,0,488,2122300312005831231,gateway_calibration,sweep:inference_delay=0.0,587.7797597750476,120,820.0896992490626,0.0
RR,0,489,6107113303005661009,gateway_calibration,sweep:inference_delay=0.0,678.9736050076505,125,820.0896992490626,0.0
RR,0,490,7347328660826253866,gateway_calibration,sweep:inference_delay=0.0,525.4543973598253,108,820.0896992490626,0.0
RR,0,491,6572673839122521390,gateway_calibration,sweep:inference_delay=0.0,821.8179972600276,149,820.0896992490626,0.0
RR,0,492,3743059074011010695,gateway_calibration,sweep:inference_delay=0.0,686.2961565599646,118,820.0896992490626,0.0
RR,0,493,8132759789858623374,gateway_calibration,sweep:inference_delay=0.0,678.1288194633565,145,820.0896992490626,0.0
RR,0,494,8358307237452178752,gateway_calibration,sweep:inference_delay=0.0,585.2719429376041,127,820.0896992490626,0.0
RR,0,495,4563822219755233528,gateway_calibration,sweep:inference_delay=0.0,757.135313404208,128,820.0896992490626,0.0
RR,0,496,5810644611498060920,gateway_calibration,sweep:inference_delay=0.0,747.4300368833999,124,820.0896992490626,0.0
RR,0,497,6624348458136643319,gateway_calibration,sweep:inference_delay=0.0,655.3780848283469,130,820.0896992490626,0.0
RR,0,498,5158128892456927097,gateway_calibration,sweep:inference_delay=0.0,788.9341315315565,142,820.0896992490626,0.0
RR,0,499,4171628691826648209,gateway_calibration,sweep:inference_delay=0.0,691.9127241028584,127,820.0896992490626,0.0
TR,0,0,8243915832189296388,gateway_calibration,sweep:inference_delay=0.0,637.0125301476896,96,763.2083235797111,0.0
TR,0,1,6681741053254101759,gateway_calibration,sweep:inference_delay=0.0,710.5648590287996,116,763.2083235797111,0.0
TR,0,2,2887818422775763161,gateway_calibration,sweep:inference_delay=0.0,710.8402548480244,112,763.2083235797111,0.0
TR,0,3,8836118832473595015,gateway_calibration,sweep:inference_delay=0.0,773.4396731880394,127,763.2083235797111,0.0
TR,0,4,5118385034045781624,gateway_calibration,sweep:inference_delay=0.0,691.6113052294459,120,763.2083235797111,0.0
TR,0,5,3225644138353272706,gateway_calibration,sweep:inference_delay=0.0,556.9700887388176,107,763.2083235797111,0.0
TR,0,6,4673119359710230214,gateway_calibration,sweep:inference_delay=0.0,575.9604414406444,106,763.2083235797111,0.0
TR,0,7,1449165861904282954,gateway_calibration,sweep:inference_delay=0.0,580.6169204145903,98,763.2083235797111,0.0
TR,0,8,5666335761044469321,gateway_calibration,sweep:inference_delay=0.0,896.8216909383433,135,763.2083235797111,0.0
TR,0,9,8592070106161124315,gateway_calibration,sweep:inference_delay=0.0,494.1235871166564,106,763.2083235797111,0.0
TR,0,10,7297780045228063244,gateway_calibration,sweep:inference_delay=0.0,640.1541060844472,97,763.2083235797111,0.0
TR,0,11,7324966241133804070,gateway_calibration,sweep:inference_delay=0.0,819.7198611079139,127,763.2083235797111,0.0
TR,0,12,7035151867065994369,gateway_calibration,sweep:inference_delay=0.0,641.6647386205365,105,763.2083235797111,0.0
TR,0,13,7969990282794373687,gateway_calibration,sweep:inference_delay=0.0,566.5059027596476,111,763.2083235797111,0.0
TR,0,14,1542908154399063185,gateway_calibration,sweep:inference_delay=0.0,618.4338805251379,105,763.2083235797111,0.0
TR,0,15,6251699892278745584,gateway_calibration,sweep:inference_delay=0.0,724.6758267374579,141,763.2083235797111,0.0
TR,0,16,1444691872952441284,gateway_calibration,sweep:inference_delay=0.0,617.7979421043906,101,763.2083235797111,0.0
TR,0,17,376811250082310104,gateway_calibration,sweep:inference_delay=0.0,601.7169625132802,120,763.2083235797111,0.0
TR,0,18,5519908631335143400,gateway_calibration,sweep:inference_delay=0.0,749.2287122604665,128,763.2083235797111,0.0
TR,0,19,2813194318980628711,gateway_calibration,sweep:inference_delay=0.0,530.5731506903643,102,763.2083235797111,0.0
TR,0,20,3900794044766125346,gateway_calibration,sweep:inference_delay=0.0,677.5912446518271,128,763.2083235797111,0.0
TR,0,21,4858446864845097934,gateway_calibration,sweep:inference_delay=0.0,599.2559691587414,113,763.2083235797111,0.0
TR,0,22,745833726159888834,gateway_calibration,sweep:inference_delay=0.0,636.4543965998612,126,763.2083235797111,0.0
TR,0,23,3782355998343450377,gateway_calibration,sweep:inference_delay=0.0,554.9419918528409,95,763.2083235797111,0.0
TR,0,24,3826523845122750735,gateway_calibration,sweep:inference_delay=0.0,570.0578481044131,113,763.2083235797111,0.0
TR,0,25,4626014378334668571,gateway_calibration,sweep:inference_delay=0.0,651.881050254437,109,763.2083235797111,0.0
TR,0,26,777125307458979815,gateway_calibration,sweep:inference_delay=0.0,632.703123374007,102,763.2083235797111,0.0
TR,0,27,5499281975394562456,gateway_calibration,sweep:inference_delay=0.0,713.973655183102,130,763.2083235797111,0.0
TR,0,28,139139373036664966,gateway_calibration,sweep:inference_delay=0.0,513.5530727947025,105,763.2083235797111,0.0
TR,0,29,8313711173831502001,gateway_calibration,sweep:inference_delay=0.0,618.3137950584714,112,763.2083235797111,0.0
TR,0,30,8734464089667694450,gateway_calibration,sweep:inference_delay=0.0,537.2768607814671,103,763.2083235797111,0.0
TR,0,31,2743711151800077290,gateway_calibration,sweep:inference_delay=0.0,695.9267420739403,122,763.2083235797111,0.0
TR,0,32,8830262656840250653,gateway_calibration,sweep:inference_delay=0.0,616.5449137698148,120,763.2083235797111,0.0
TR,0,33,2869688272155570897,gateway_calibration,sweep:inference_delay=0.0,522.7974047205785,98,763.2083235797111,0.0
TR,0,34,8411110845954307753,gateway_calibration,sweep:inference_delay=0.0,630.8166963379483,102,763.2083235797111,0.0
TR,0,35,3537048982936087474,gateway_calibration,sweep:inference_delay=0.0,422.01758836344305,89,763.2083235797111,0.0
TR,0,36,1973870378466971920,gateway_calibration,sweep:inference_delay=0.0,536.9525588662202,111,763.2083235797111,0.0
TR,0,37,114345083327718358,gateway_calibration,sweep:inference_delay=0.0,598.6222223574176,115,763.2083235797111,0.0
TR,0,38,8477891713809962741,gateway_calibration,sweep:inference_delay=0.0,593.8686173921485,116,763.2083235797111,0.0
TR,0,39,6848297373846806490,gateway_calibration,sweep:inference_delay=0.0,728.5450938415017,134,763.2083235797111,0.0
TR,0,40,3832187587148227572,gateway_calibration,sweep:inference_delay=0.0,518.7876196886011,109,763.2083235797111,0.0
TR,0,41,4525804922774290121,gateway_calibration,sweep:inference_delay=0.0,643.4837392239269,112,763.2083235797111,0.0
TR,0,42,1928682964023574399,gateway_calibration,sweep:inference_delay=0.0,745.8763596633394,108,763.2083235797111,0.0
TR,0,43,4052179913733858235,gateway_calibration,sweep:inference_delay=0.0,644.8581955855069,115,763.2083235797111,0.0
TR,0,44,2998159565499367958,gateway_calibration,sweep:inference_delay=0.0,562.3055891054071,123,763.2083235797111,0.0
TR,0,45,439557558308159511,gateway_calibration,sweep:inference_delay=0.0,371.372916718457,87,763.2083235797111,0.0
TR,0,46,7240144976994562507,gateway_calibration,sweep:inference_delay=0.0,586.7804348087642,115,763.2083235797111,0.0
TR,0,47,8046331966698479159,gateway_calibration,sweep:inference_delay=0.0,804.7680089231478,128,763.2083235797111,0.0
TR,0,48,7090046784767263839,gateway_calibration,sweep:inference_delay=0.0,580.3809140870585,116,763.2083235797111,0.0
TR,0,49,4155394328352839531,gateway_calibration,sweep:inference_delay=0.0,603.2100885781415,108,763.2083235797111,0.0
TR,0,50,5041123504645221968,gateway_calibration,sweep:inference_delay=0.0,636.3085482529638,123,763.2083235797111,0.0
TR,0,51,1494776751488668683,gateway_calibration,sweep:inference_delay=0.0,625.0898081233593,118,763.2083235797111,0.0
TR,0,52,4831370521340657756,gateway_calibration,sweep:inference_delay=0.0,531.779230999151,121,763.2083235797111,0.0
TR,0,53,2672907469347467989,gateway_calibration,sweep:inference_delay=0.0,615.7685683847931,125,763.2083235797111,0.0
TR,0,54,480615464131839108,gateway_calibration,sweep:inference_delay=0.0,689.0187767823605,125,763.2083235797111,0.0
TR,0,55,8582421462825594130,gateway_calibration,sweep:inference_delay=0.0,597.1882435664814,113,763.2083235797111,0.0
TR,0,56,3904853852772168979,gateway_calibration,sweep:inference_delay=0.0,681.4136453021763,106,763.2083235797111,0.0
TR,0,57,6224988977279717563,gateway_calibration,sweep:inference_delay=0.0,644.393925556307,113,763.2083235797111,0.0
TR,0,58,8165991403660715479,gateway_calibration,sweep:inference_delay=0.0,608.0013734400412,120,763.2083235797111,0.0
TR,0,59,2792709930285381016,gateway_calibration,sweep:inference_delay=0.0,516.640394483226,105,763.2083235797111,0.0
TR,0,60,4080500763669358097,gateway_calibration,sweep:inference_delay=0.0,754.2783162571274,121,763.2083235797111,0.0
TR,0,61,3792000958832594893,gateway_calibration,sweep:inference_delay=0.0,601.7860227283409,112,763.2083235797111,0.0
TR,0,62,60215469061813258,gateway_calibration,sweep:inference_delay=0.0,522.6787081636882,108,763.2083235797111,0.0
TR,0,63,5064580080311092833,gateway_calibration,sweep:inference_delay=0.0,557.1015214875772,107,763.2083235797111,0.0
TR,0,64,5279557424855515664,gateway_calibration,sweep:inference_delay=0.0,658.363905436542,116,763.2083235797111,0.0
TR,0,65,2030774519622457105,gateway_calibration,sweep:inference_delay=0.0,567.2628192822737,100,763.2083235797111,0.0
TR,0,66,1654409501727794980,gateway_calibration,sweep:inference_delay=0.0,529.174045817741,106,763.2083235797111,0.0
TR,0,67,3754679215173259671,gateway_calibration,sweep:inference_delay=0.0,503.0805139652901,115,763.2083235797111,0.0
TR,0,68,8527722127616449792,gateway_calibration,sweep:inference_delay=0.0,582.4199669195721,115,763.2083235797111,0.0
TR,0,69,5273267683495612889,gateway_calibration,sweep:inference_delay=0.0,505.221906829136,113,763.2083235797111,0.0
TR,0,70,5565591330411772145,gateway_calibration,sweep:inference_delay=0.0,565.4652829076383,107,763.2083235797111,0.0
TR,0,71,968001725481000145,gateway_calibration,sweep:inference_delay=0.0,521.1142499481759,114,763.2083235797111,0.0
TR,0,72,2380749292484153173,gateway_calibration,sweep:inference_delay=0.0,562.8211221852478,99,763.2083235797111,0.0
TR,0,73,4859438199787662549,gateway_calibration,sweep:inference_delay=0.0,522.0862155206927,107,763.2083235797111,0.0
TR,0,74,664740628583636552,gateway_calibration,sweep:inference_delay=0.0,588.4502757672828,123,763.2083235797111,0.0
TR,0,75,1972848874658333034,gateway_calibration,sweep:inference_delay=0.0,773.1053652487461,150,763.2083235797111,0.0
TR,0,76,6048020475378661647,gateway_calibration,sweep:inference_delay=0.0,626.6662031656177,123,763.2083235797111,0.0
TR,0,77,8602845482587376895,gateway_calibration,sweep:inference_delay=0.0,682.7665727548961,128,763.2083235797111,0.0
TR,0,78,4796454764264066774,gateway_calibration,sweep:inference_delay=0.0,550.5129179633536,109,763.2083235797111,0.0
TR,0,79,5226982796292777701,gateway_calibration,sweep:inference_delay=0.0,535.9003284496463,96,763.2083235797111,0.0
TR,0,80,6299344390748146862,gateway_calibration,sweep:inference_delay=0.0,529.995048768004,121,763.2083235797111,0.0
TR,0,81,7760903587022193503,gateway_calibration,sweep:inference_delay=0.0,694.1011563174436,121,763.2083235797111,0.0
TR,0,82,6520367023342180984,gateway_calibration,sweep:inference_delay=0.0,798.8005350639711,128,763.2083235797111,0.0
TR,0,83,5635288579221231159,gateway_calibration,sweep:inference_delay=0.0,605.474373846926,127,763.2083235797111,0.0
TR,0,84,6702342397332118509,gateway_calibration,sweep:inference_delay=0.0,567.9741817076842,101,763.2083235797111,0.0
TR,0,85,7670040043426627854,gateway_calibration,sweep:inference_delay=0.0,774.7029230902696,121,763.2083235797111,0.0
TR,0,86,5036370084742885706,gateway_calibration,sweep:inference_delay=0.0,696.7432079724225,122,763.2083235797111,0.0
TR,0,87,345008189040898116,gateway_calibration,sweep:inference_delay=0.0,595.4883262272856,109,763.2083235797111,0.0
TR,0,88,1918760553004097273,gateway_calibration,sweep:inference_delay=0.0,530.901741543665,108,763.2083235797111,0.0
TR,0,89,4857915446445065512,gateway_calibration,sweep:inference_delay=0.0,625.558120939725,112,763.2083235797111,0.0
TR,0,90,8698855913448388405,gateway_calibration,sweep:inference_delay=0.0,748.724475429101,125,763.2083235797111,0.0
TR,0,91,6950579828659398380,gateway_calibration,sweep:inference_delay=0.0,641.4173313019617,115,763.2083235797111,0.0
TR,0,92,4738000516907970823,gateway_calibration,sweep:inference_delay=0.0,543.1234415123295,117,763.2083235797111,0.0
TR,0,93,6136450989236997958,gateway_calibration,sweep:inference_delay=0.0,749.0348664441417,120,763.2083235797111,0.0
TR,0,94,4034539320073736500,gateway_calibration,sweep:inference_delay=0.0,626.8222052816274,118,763.2083235797111,0.0
TR,0,95,5695940965326036427,gateway_calibration,sweep:inference_delay=0.0,527.9537892648038,110,763.2083235797111,0.0
TR,0,96,3932681321472343247,gateway_calibration,sweep:inference_delay=0.0,574.7862545572791,113,763.2083235797111,0.0
TR,0,97,3184464451076666059,gateway_calibration,sweep:inference_delay=0.0,508.43568426736005,108,763.2083235797111,0.0
TR,0,98,3030351482797177221,gateway_calibration,sweep:inference_delay=0.0,724.1708972858994,138,763.2083235797111,0.0
TR,0,99,6289503422527052870,gateway_calibration,sweep:inference_delay=0.0,628.1567392654707,131,763.2083235797111,0.0
TR,0,100,7050907985547048981,gateway_calibration,sweep:inference_delay=0.0,665.1498156038435,123,763.2083235797111,0.0
TR,0,101,2085499050545483203,gateway_calibration,sweep:inference_delay=0.0,559.6965286899466,111,763.2083235797111,0.0
TR,0,102,5730312993104149431,gateway_calibration,sweep:inference_delay=0.0,619.4947589219242,119,763.2083235797111,0.0
TR,0,103,8863177545109481566,gateway_calibration,sweep:inference_delay=0.0,631.10967588773,111,763.2083235797111,0.0
TR,0,104,3686593618942206235,gateway_calibration,sweep:inference_delay=0.0,738.1670371912703,135,763.2083235797111,0.0
TR,0,105,6850181248507314243,gateway_calibration,sweep:inference_delay=0.0,597.724884681175,110,763.2083235797111,0.0
TR,0,106,7515062817382166680,gateway_calibration,sweep:inference_delay=0.0,661.6461085941506,118,763.2083235797111,0.0
TR,0,107,4647762552276847558,gateway_calibration,sweep:inference_delay=0.0,537.0320439644935,116,763.2083235797111,0.0
TR,0,108,4605236118217567828,gateway_calibration,sweep:inference_delay=0.0,633.3283555591356,107,763.2083235797111,0.0
TR,0,109,6530701582225309679,gateway_calibration,sweep:inference_delay=0.0,701.8147589757295,131,763.2083235797111,0.0
TR,0,110,1490857711975386193,gateway_calibration,sweep:inference_delay=0.0,541.9493775652487,106,763.2083235797111,0.0
TR,0,111,1143588247129424812,gateway_calibration,sweep:inference_delay=0.0,639.7142189221947,111,763.2083235797111,0.0
TR,0,112,7029046019292123743,gateway_calibration,sweep:inference_delay=0.0,610.4254770134672,116,763.2083235797111,0.0
TR,0,113,962818803109999287,gateway_calibration,sweep:inference_delay=0.0,652.1136690715078,119,763.2083235797111,0.0
TR,0,114,1097875445316865376,gateway_calibration,sweep:inference_delay=0.0,636.3563091378821,109,763.2083235797111,0.0
TR,0,115,2121486551209594886,gateway_calibration,sweep:inference_delay=0.0,714.5527378949557,127,763.2083235797111,0.0
TR,0,116,3298206816307295370,gateway_calibration,sweep:inference_delay=0.0,789.4502444508981,132,763.2083235797111,0.0
TR,0,117,8186804595954209305,gateway_calibration,sweep:inference_delay=0.0,651.780500531846,126,763.2083235797111,0.0
TR,0,118,5027477343127419759,gateway_calibration,sweep:inference_delay=0.0,571.1507379209329,116,763.2083235797111,0.0
TR,0,119,3456594015947929247,gateway_calibration,sweep:inference_delay=0.0,595.2256355427118,103,763.2083235797111,0.0
TR,0,120,6109144161253401037,gateway_calibration,sweep:inference_delay=0.0,659.2572254608656,113,763.2083235797111,0.0
TR,0,121,8888647922094878047,gateway_calibration,sweep:inference_delay=0.0,632.8052372951615,120,763.2083235797111,0.0
TR,0,122,1410920963540769799,gateway_calibration,sweep:inference_delay=0.0,695.8277318808417,126,763.2083235797111,0.0
TR,0,123,7316482086865881894,gateway_calibration,sweep:inference_delay=0.0,644.1193476877523,120,763.2083235797111,0.0
TR,0,124,8511347201413363593,gateway_calibration,sweep:inference_delay=0.0,508.4528477391586,107,763.2083235797111,0.0
TR,0,125,6477301294609925052,gateway_calibration,sweep:inference_delay=0.0,544.3811449261331,111,763.2083235797111,0.0
TR,0,126,8530866144115102027,gateway_calibration,sweep:inference_delay=0.0,518.3821396609578,92,763.2083235797111,0.0
TR,0,127,974345037696741481,gateway_calibration,sweep:inference_delay=0.0,481.765769226826,94,763.2083235797111,0.0
TR,0,128,2669548922013055492,gateway_calibration,sweep:inference_delay=0.0,757.2542706894653,123,763.2083235797111,0.0
TR,0,129,4909844279650666946,gateway_calibration,sweep:inference_delay=0.0,546.6375786867143,114,763.2083235797111,0.0
TR,0,130,8129716326094341347,gateway_calibration,sweep:inference_delay=0.0,643.0684794024639,111,763.2083235797111,0.0
TR,0,131,6236339331528110559,gateway_calibration,sweep:inference_delay=0.0,578.1271333538637,115,763.2083235797111,0.0
TR,0,132,5372461032506754089,gateway_calibration,sweep:inference_delay=0.0,634.2412893634744,110,763.2083235797111,0.0
TR,0,133,2869576103178937828,gateway_calibration,sweep:inference_delay=0.0,611.8358646732083,125,763.2083235797111,0.0
TR,0,134,324669889739395222,gateway_calibration,sweep:inference_delay=0.0,746.2745659339662,126,763.2083235797111,0.0
TR,0,135,3737616614001991696,gateway_calibration,sweep:inference_delay=0.0,518.395483206318,118,763.2083235797111,0.0
TR,0,136,6060510604377203042,gateway_calibration,sweep:inference_delay=0.0,598.3667228593876,110,763.2083235797111,0.0
TR,0,137,7425710438176556689,gateway_calibration,sweep:inference_delay=0.0,628.8291844759436,123,763.2083235797111,0.0
TR,0,138,6508618236050171030,gateway_calibration,sweep:inference_delay=0.0,704.8195100638322,114,763.2083235797111,0.0
TR,0,139,6184493621238706557,gateway_calibration,sweep:inference_delay=0.0,642.0693950399108,125,763.2083235797111,0.0
TR,0,140,3064529688212288767,gateway_calibration,sweep:inference_delay=0.0,546.8791041873014,107,763.2083235797111,0.0
TR,0,141,805475398260637699,gateway_calibration,sweep:inference_delay=0.0,657.0155725832881,117,763.2083235797111,0.0
TR,0,142,4763601611783637645,gateway_calibration,sweep:inference_delay=0.0,646.3930485054094,130,763.2083235797111,0.0
TR,0,143,5438503057719320537,gateway_calibration,sweep:inference_delay=0.0,628.8662298146916,110,763.2083235797111,0.0
TR,0,144,5082440332856459390,gateway_calibration,sweep:inference_delay=0.0,549.5522019417498,111,763.2083235797111,0.0
TR,0,145,3587555219675763343,gateway_calibration,sweep:inference_delay=0.0,644.3061187173884,111,763.2083235797111,0.0
TR,0,146,330319869673280168,gateway_calibration,sweep:inference_delay=0.0,571.6872425380728,101,763.2083235797111,0.0
TR,0,147,6509395805483443057,gateway_calibration,sweep:inference_delay=0.0,627.2848800160261,118,763.2083235797111,0.0
TR,0,148,7554964240009861489,gateway_calibration,sweep:inference_delay=0.0,515.5067250194841,107,763.2083235797111,0.0
TR,0,149,2817344819539738502,gateway_calibration,sweep:inference_delay=0.0,526.1635203034883,106,763.2083235797111,0.0
TR,0,150,1867093364367078981,gateway_calibration,sweep:inference_delay=0.0,624.2467758197416,125,763.2083235797111,0.0
TR,0,151,6979918275734648667,gateway_calibration,sweep:inference_delay=0.0,559.3539980725965,91,763.2083235797111,0.0
TR,0,152,2167722807609534988,gateway_calibration,sweep:inference_delay=0.0,642.7839661743403,111,763.2083235797111,0.0
TR,0,153,5005105572393798298,gateway_calibration,sweep:inference_delay=0.0,666.2738630215156,113,763.2083235797111,0.0
TR,0,154,8617942995258092236,gateway_calibration,sweep:inference_delay=0.0,693.5248304756956,142,763.2083235797111,0.0
TR,0,155,817087805723078278,gateway_calibration,sweep:inference_delay=0.0,689.5383239821288,101,763.2083235797111,0.0
TR,0,156,5167513524193214471,gateway_calibration,sweep:inference_delay=0.0,607.3217068609306,121,763.2083235797111,0.0
TR,0,157,8149686319199817352,gateway_calibration,sweep:inference_delay=0.0,610.9859969100319,122,763.2083235797111,0.0
TR,0,158,6221639221414618847,gateway_calibration,sweep:inference_delay=0.0,595.3265619178408,106,763.2083235797111,0.0
TR,0,159,5432824675695613171,gateway_calibration,sweep:inference_delay=0.0,753.4128615541838,112,763.2083235797111,0.0
TR,0,160,3535352857878186175,gateway_calibration,sweep:inference_delay=0.0,745.205620536917,124,763.2083235797111,0.0
TR,0,161,5780042511980819017,gateway_calibration,sweep:inference_delay=0.0,693.5865518603633,115,763.2083235797111,0.0
TR,0,162,1314937737673983848,gateway_calibration,sweep:inference_delay=0.0,638.0354990463082,111,763.2083235797111,0.0
TR,0,163,696395958007126723,gateway_calibration,sweep:inference_delay=0.0,590.299494676741,135,763.2083235797111,0.0
TR,0,164,1062108927129686668,gateway_calibration,sweep:inference_delay=0.0,752.8150148424803,136,763.2083235797111,0.0
TR,0,165,94012958901662333,gateway_calibration,sweep:inference_delay=0.0,742.68087330767,118,763.2083235797111,0.0
TR,0,166,8358907322274403597,gateway_calibration,sweep:inference_delay=0.0,580.0151212187923,120,763.2083235797111,0.0
TR,0,167,7505993065971219314,gateway_calibration,sweep:inference_delay=0.0,670.799320129952,115,763.2083235797111,0.0
TR,0,168,1470873476559457761,gateway_calibration,sweep:inference_delay=0.0,584.3791561517816,101,763.2083235797111,0.0
TR,0,169,4417486595802726209,gateway_calibration,sweep:inference_delay=0.0,425.37302029000824,101,763.2083235797111,0.0
TR,0,170,1425434253320953112,gateway_calibration,sweep:inference_delay=0.0,636.0646570219391,119,763.2083235797111,0.0
TR,0,171,1456967285477726809,gateway_calibration,sweep:inference_delay=0.0,519.0800857251188,103,763.2083235797111,0.0
TR,0,172,5612879215568865788,gateway_calibration,sweep:inference_delay=0.0,558.4773418102933,116,763.2083235797111,0.0
TR,0,173,305631683004508046,gateway_calibration,sweep:inference_delay=0.0,576.3685992697525,105,763.2083235797111,0.0
TR,0,174,2198086885654387346,gateway_calibration,sweep:inference_delay=0.0,667.5144121250756,130,763.2083235797111,0.0
TR,0,175,8461189562562627723,gateway_calibration,sweep:inference_delay=0.0,673.0717124618332,106,763.2083235797111,0.0
TR,0,176,5195714935434148637,gateway_calibration,sweep:inference_delay=0.0,744.6276810256758,112,763.2083235797111,0.0
TR,0,177,8562523659716171146,gateway_calibration,sweep:inference_delay=0.0,627.5324215579556,122,763.2083235797111,0.0
TR,0,178,4596490847978559120,gateway_calibration,sweep:inference_delay=0.0,623.6213189914309,108,763.2083235797111,0.0
TR,0,179,1567614402143085626,gateway_calibration,sweep:inference_delay=0.0,716.9049406310005,111,763.2083235797111,0.0
TR,0,180,5613087419822074741,gateway_calibration,sweep:inference_delay=0.0,550.7510755740885,107,763.2083235797111,0.0
TR,0,181,2373216597286698611,gateway_calibration,sweep:inference_delay=0.0,634.248342931306,125,763.2083235797111,0.0
TR,0,182,5760606735310609521,gateway_calibration,sweep:inference_delay=0.0,646.224246572857,115,763.2083235797111,0.0
TR,0,183,4712546381042221254,gateway_calibration,sweep:inference_delay=0.0,620.092036712462,129,763.2083235797111,0.0
TR,0,184,1635816830053563011,gateway_calibration,sweep:inference_delay=0.0,535.6400187539688,104,763.2083235797111,0.0
TR,0,185,6661410644651095712,gateway_calibration,sweep:inference_delay=0.0,542.9057213151474,109,763.2083235797111,0.0
TR,0,186,65728590503088185,gateway_calibration,sweep:inference_delay=0.0,724.8871566815392,134,763.2083235797111,0.0
TR,0,187,690345378178412514,gateway_calibration,sweep:inference_delay=0.0,562.1636900089912,97,763.2083235797111,0.0
TR,0,188,7754889815012419884,gateway_calibration,sweep:inference_delay=0.0,506.08486358550897,110,763.2083235797111,0.0
TR,0,189,377372718619057834,gateway_calibration,sweep:inference_delay=0.0,596.1324266595846,111,763.2083235797111,0.0
TR,0,190,7112486124918356597,gateway_calibration,sweep:inference_delay=0.0,559.8393969205449,126,763.2083235797111,0.0
TR,0,191,4402201863075475594,gateway_calibration,sweep:inference_delay=0.0,577.1895697757699,107,763.2083235797111,0.0
TR,0,192,533979271614200612,gateway_calibration,sweep:inference_delay=0.0,600.7891035252538,113,763.2083235797111,0.0
TR,0,193,5115189933212947080,gateway_calibration,sweep:inference_delay=0.0,635.5331517063245,125,763.2083235797111,0.0
TR,0,194,3148274920791614778,gateway_calibration,sweep:inference_delay=0.0,601.0602463099983,114,763.2083235797111,0.0
TR,0,195,3505975921690536230,gateway_calibration,sweep:inference_delay=0.0,649.866589957616,118,763.2083235797111,0.0
TR,0,196,8156259264452451965,gateway_calibration,sweep:inference_delay=0.0,732.8631299415596,112,763.2083235797111,0.0
TR,0,197,489067017904698128,gateway_calibration,sweep:inference_delay=0.0,599.6968670617669,122,763.2083235797111,0.0
TR,0,198,5725693005829479232,gateway_calibration,sweep:inference_delay=0.0,606.4820381443664,106,763.2083235797111,0.0
TR,0,199,2776771059859379081,gateway_calibration,sweep:inference_delay=0.0,473.91952561384016,106,763.2083235797111,0.0
TR,0,200,5136388357603092842,gateway_calibration,sweep:inference_delay=0.0,837.0239865047442,141,763.2083235797111,0.0
TR,0,201,2967216784479180385,gateway_calibration,sweep:inference_delay=0.0,611.140990957521,112,763.2083235797111,0.0
TR,0,202,8979919152917527661,gateway_calibration,sweep:inference_delay=0.0,569.2290065405243,101,763.2083235797111,0.0
TR,0,203,8586991964974750731,gateway_calibration,sweep:inference_delay=0.0,627.5570357456947,111,763.2083235797111,0.0
TR,0,204,2596469946780566566,gateway_calibration,sweep:inference_delay=0.0,613.2444637729009,105,763.2083235797111,0.0
TR,0,205,6727452054584629831,gateway_calibration,sweep:inference_delay=0.0,771.2523595525415,126,763.2083235797111,0.0
TR,0,206,2000590343387808725,gateway_calibration,sweep:inference_delay=0.0,616.1162751107655,118,763.2083235797111,0.0
TR,0,207,4263238619609179705,gateway_calibration,sweep:inference_delay=0.0,565.759326153387,122,763.2083235797111,0.0
TR,0,208,9023372596240738174,gateway_calibration,sweep:inference_delay=0.0,547.1480030919115,94,763.2083235797111,0.0
TR,0,209,3285075195779834687,gateway_calibration,sweep:inference_delay=0.0,541.3777706383378,101,763.2083235797111,0.0
TR,0,210,1910731710421042763,gateway_calibration,sweep:inference_delay=0.0,515.7713553076617,107,763.2083235797111,0.0
TR,0,211,6742310137573734017,gateway_calibration,sweep:inference_delay=0.0,750.3606126212143,121,763.2083235797111,0.0
TR,0,212,1636050880090795566,gateway_calibration,sweep:inference_delay=0.0,553.3958472032151,107,763.2083235797111,0.0
TR,0,213,3453845006195778663,gateway_calibration,sweep:inference_delay=0.0,642.8960526369698,125,763.2083235797111,0.0
TR,0,214,1105138331487073240,gateway_calibration,sweep:inference_delay=0.0,553.4880773288219,98,763.2083235797111,0.0
TR,0,215,2069954983012655875,gateway_calibration,sweep:inference_delay=0.0,565.9625264841359,108,763.2083235797111,0.0
TR,0,216,7711345884559286665,gateway_calibration,sweep:inference_delay=0.0,689.5310509132559,115,763.2083235797111,0.0
TR,0,217,5978415277747623782,gateway_calibration,sweep:inference_delay=0.0,625.7133080574373,116,763.2083235797111,0.0
TR,0,218,2764280764168615521,gateway_calibration,sweep:inference_delay=0.0,773.0041522822796,122,763.2083235797111,0.0
TR,0,219,1290906134736503349,gateway_calibration,sweep:inference_delay=0.0,607.590609327877,112,763.2083235797111,0.0
TR,0,220,7340843622736900923,gateway_calibration,sweep:inference_delay=0.0,743.0691496562499,121,763.2083235797111,0.0
TR,0,221,1474067633781114805,gateway_calibration,sweep:inference_delay=0.0,912.0475548602827,121,763.2083235797111,0.0
TR,0,222,2595805646744052307,gateway_calibration,sweep:inference_delay=0.0,657.7160671376937,124,763.2083235797111,0.0
TR,0,223,6382502320460523199,gateway_calibration,sweep:inference_delay=0.0,665.6596176867317,115,763.2083235797111,0.0
TR,0,224,675847731294295638,gateway_calibration,sweep:inference_delay=0.0,613.0514369398138,115,763.2083235797111,0.0
TR,0,225,1151425023632025764,gateway_calibration,sweep:inference_delay=0.0,637.695665293561,111,763.2083235797111,0.0
TR,0,226,8187744869060895904,gateway_calibration,sweep:inference_delay=0.0,564.3375792815065,110,763.2083235797111,0.0
TR,0,227,45813596127784054,gateway_calibration,sweep:inference_delay=0.0,864.4388909471961,128,763.2083235797111,0.0
TR,0,228,7296502608107089095,gateway_calibration,sweep:inference_delay=0.0,642.105653210469,133,763.2083235797111,0.0
TR,0,229,930632915826678994,gateway_calibration,sweep:inference_delay=0.0,578.3156038511474,106,763.2083235797111,0.0
TR,0,230,8962743888871943790,gateway_calibration,sweep:inference_delay=0.0,703.6738264292729,125,763.2083235797111,0.0
TR,0,231,5324092527540367023,gateway_calibration,sweep:inference_delay=0.0,606.6395300779784,117,763.2083235797111,0.0
TR,0,232,6113607519999854149,gateway_calibration,sweep:inference_delay=0.0,493.4842994969825,113,763.2083235797111,0.0
TR,0,233,1756014417350993364,gateway_calibration,sweep:inference_delay=0.0,766.4156808727278,137,763.2083235797111,0.0
TR,0,234,6935216550086924081,gateway_calibration,sweep:inference_delay=0.0,660.0846298182494,106,763.2083235797111,0.0
TR,0,235,5669161863816345414,gateway_calibration,sweep:inference_delay=0.0,637.8249971471245,117,763.2083235797111,0.0
TR,0,236,3338664802015407805,gateway_calibration,sweep:inference_delay=0.0,479.73433815468144,82,763.2083235797111,0.0
TR,0,237,6153691157854064166,gateway_calibration,sweep:inference_delay=0.0,559.8176707954501,124,763.2083235797111,0.0
TR,0,238,2639640669056374339,gateway_calibration,sweep:inference_delay=0.0,744.390141575694,121,763.2083235797111,0.0
TR,0,239,768797536149954177,gateway_calibration,sweep:inference_delay=0.0,596.4414492152058,111,763.2083235797111,0.0
TR,0,240,5548199436466135434,gateway_calibration,sweep:inference_delay=0.0,585.3548203970182,106,763.2083235797111,0.0
TR,0,241,3102153236320137704,gateway_calibration,sweep:inference_delay=0.0,695.2443765163804,123,763.2083235797111,0.0
TR,0,242,305313967319893878,gateway_calibration,sweep:inference_delay=0.0,542.4231562926727,94,763.2083235797111,0.0
TR,0,243,1475804203338056532,gateway_calibration,sweep:inference_delay=0.0,644.4059317723118,120,763.2083235797111,0.0
TR,0,244,3930938458558894276,gateway_calibration,sweep:inference_delay=0.0,592.0700387817787,108,763.2083235797111,0.0
TR,0,245,1320367437244966354,gateway_calibration,sweep:inference_delay=0.0,718.1796363612774,135,763.2083235797111,0.0
TR,0,246,3107561506454538638,gateway_calibration,sweep:inference_delay=0.0,476.19756542603903,93,763.2083235797111,0.0
TR,0,247,3502796972812891805,gateway_calibration,sweep:inference_delay=0.0,473.47741567470075,101,763.2083235797111,0.0
TR,0,248,5106033547162764698,gateway_calibration,sweep:inference_delay=0.0,586.5029958357907,114,763.2083235797111,0.0
TR,0,249,3825627944311598340,gateway_calibration,sweep:inference_delay=0.0,714.0141021904208,119,763.2083235797111,0.0
TR,0,250,136733472624775461,gateway_calibration,sweep:inference_delay=0.0,619.817243410024,120,763.2083235797111,0.0
TR,0,251,6015763232250398238,gateway_calibration,sweep:inference_delay=0.0,617.6117998454133,99,763.2083235797111,0.0
TR,0,252,3056899390869212522,gateway_calibration,sweep:inference_delay=0.0,747.0574358317925,120,763.2083235797111,0.0
TR,0,253,8213599738749511995,gateway_calibration,sweep:inference_delay=0.0,660.3095736208508,99,763.2083235797111,0.0
TR,0,254,826866561772079575,gateway_calibration,sweep:inference_delay=0.0,746.987673479078,128,763.2083235797111,0.0
TR,0,255,2948144514253955668,gateway_calibration,sweep:inference_delay=0.0,602.7603333841923,119,763.2083235797111,0.0
TR,0,256,4590141864244713408,gateway_calibration,sweep:inference_delay=0.0,601.135198997958,100,763.2083235797111,0.0
TR,0,257,6985401747168459381,gateway_calibration,sweep:inference_delay=0.0,659.2763871080914,131,763.2083235797111,0.0
TR,0,258,1236992800384544155,gateway_calibration,sweep:inference_delay=0.0,461.83226869444945,93,763.2083235797111,0.0
TR,0,259,2802523899541568472,gateway_calibration,sweep:inference_delay=0.0,624.7909622877401,117,763.2083235797111,0.0
TR,0,260,6436330693632324246,gateway_calibration,sweep:inference_delay=0.0,564.9195614569534,105,763.2083235797111,0.0
TR,0,261,8841749799235619223,gateway_calibration,sweep:inference_delay=0.0,640.1069005337281,108,763.2083235797111,0.0
TR,0,262,5212068118625633813,gateway_calibration,sweep:inference_delay=0.0,718.4699096970627,135,763.2083235797111,0.0
TR,0,263,8316780528058194007,gateway_calibration,sweep:inference_delay=0.0,675.2737411865189,119,763.2083235797111,0.0
TR,0,264,3076295686506940198,gateway_calibration,sweep:inference_delay=0.0,636.5092410817809,120,763.2083235797111,0.0
TR,0,265,5416987299508876906,gateway_calibration,sweep:inference_delay=0.0,674.0124045214162,119,763.2083235797111,0.0
TR,0,266,5355312854972139015,gateway_calibration,sweep:inference_delay=0.0,705.7415157312369,109,763.2083235797111,0.0
TR,0,267,891310801207885134,gateway_calibration,sweep:inference_delay=0.0,597.0873688905473,118,763.2083235797111,0.0
TR,0,268,4302525176925723575,gateway_calibration,sweep:inference_delay=0.0,490.5416347940046,111,763.2083235797111,0.0
TR,0,269,7233842937639579446,gateway_calibration,sweep:inference_delay=0.0,500.3896669447634,100,763.2083235797111,0.0
TR,0,270,787008785281493599,gateway_calibration,sweep:inference_delay=0.0,669.1740466522691,106,763.2083235797111,0.0
TR,0,271,7334184243163938489,gateway_calibration,sweep:inference_delay=0.0,690.409018370474,126,763.2083235797111,0.0
TR,0,272,8595456210295136073,gateway_calibration,sweep:inference_delay=0.0,786.0070872721733,135,763.2083235797111,0.0
TR,0,273,3459358343729787677,gateway_calibration,sweep:inference_delay=0.0,671.554612524207,118,763.2083235797111,0.0
TR,0,274,827730633808743136,gateway_calibration,sweep:inference_delay=0.0,540.4902634969145,102,763.2083235797111,0.0
TR,0,275,1191787371059884206,gateway_calibration,sweep:inference_delay=0.0,649.6122115451301,114,763.2083235797111,0.0
TR,0,276,4382001308806096512,gateway_calibration,sweep:inference_delay=0.0,692.9422827302475,106,763.2083235797111,0.0
TR,0,277,5388772791601849558,gateway_calibration,sweep:inference_delay=0.0,621.9236236388734,115,763.2083235797111,0.0
TR,0,278,1944619706777464495,gateway_calibration,sweep:inference_delay=0.0,696.9777076120777,133,763.2083235797111,0.0
TR,0,279,7069479310533859734,gateway_calibration,sweep:inference_delay=0.0,513.4120184178702,94,763.2083235797111,0.0
TR,0,280,9024996281334264129,gateway_calibration,sweep:inference_delay=0.0,540.3189093650014,108,763.2083235797111,0.0
TR,0,281,1582395885326904754,gateway_calibration,sweep:inference_delay=0.0,623.2080999777024,109,763.2083235797111,0.0
TR,0,282,6404009402051024870,gateway_calibration,sweep:inference_delay=0.0,580.9396360647057,112,763.2083235797111,0.0
TR,0,283,3596214054810715706,gateway_calibration,sweep:inference_delay=0.0,580.3741468965104,101,763.2083235797111,0.0
TR,0,284,2531294051664947116,gateway_calibration,sweep:inference_delay=0.0,600.3354141150952,111,763.2083235797111,0.0
TR,0,285,836277738800132037,gateway_calibration,sweep:inference_delay=0.0,602.5875084672622,110,763.2083235797111,0.0
TR,0,286,3210467090881390534,gateway_calibration,sweep:inference_delay=0.0,629.0689840046537,138,763.2083235797111,0.0
TR,0,287,2822098375151693555,gateway_calibration,sweep:inference_delay=0.0,585.9491510366194,120,763.2083235797111,0.0
TR,0,288,5626223949923016400,gateway_calibration,sweep:inference_delay=0.0,550.0603511697448,114,763.2083235797111,0.0
TR,0,289,8455456963111985079,gateway_calibration,sweep:inference_delay=0.0,623.6282078126435,113,763.2083235797111,0.0
TR,0,290,2370614829249679371,gateway_calibration,sweep:inference_delay=0.0,708.9762987499794,126,763.2083235797111,0.0
TR,0,291,818558677270457248,gateway_calibration,sweep:inference_delay=0.0,519.7377287483358,111,763.2083235797111,0.0
TR,0,292,2810721557351330125,gateway_calibration,sweep:inference_delay=0.0,808.6307303486051,120,763.2083235797111,0.0
TR,0,293,4510697720693683816,gateway_calibration,sweep:inference_delay=0.0,482.8179561920849,97,763.2083235797111,0.0
TR,0,294,8886950883984339510,gateway_calibration,sweep:inference_delay=0.0,587.8049203544949,104,763.2083235797111,0.0
TR,0,295,2035727916013469371,gateway_calibration,sweep:inference_delay=0.0,707.7391116826986,137,763.2083235797111,0.0
TR,0,296,2236098155841968058,gateway_calibration,sweep:inference_delay=0.0,634.8859743427736,111,763.2083235797111,0.0
TR,0,297,1817802648814360624,gateway_calibration,sweep:inference_delay=0.0,485.8016924397663,102,763.2083235797111,0.0
TR,0,298,2887252830246176392,gateway_calibration,sweep:inference_delay=0.0,639.219532341417,120,763.2083235797111,0.0
TR,0,299,1448845698565949741,gateway_calibration,sweep:inference_delay=0.0,646.5897014042783,121,763.2083235797111,0.0
TR,0,300,8925361432510465339,gateway_calibration,sweep:inference_delay=0.0,619.7729280454319,115,763.2083235797111,0.0
TR,0,301,3807506197606163986,gateway_calibration,sweep:inference_delay=0.0,611.1466126782597,123,763.2083235797111,0.0
TR,0,302,8034563208296605452,gateway_calibration,sweep:inference_delay=0.0,613.5604238904054,115,763.2083235797111,0.0
TR,0,303,5364278048809024231,gateway_calibration,sweep:inference_delay=0.0,773.7487629437948,140,763.2083235797111,0.0
TR,0,304,8046230261264379920,gateway_calibration,sweep:inference_delay=0.0,547.4809092369719,104,763.2083235797111,0.0
TR,0,305,5562621114098871022,gateway_calibration,sweep:inference_delay=0.0,582.1963357546738,111,763.2083235797111,0.0
TR,0,306,1152453634093397135,gateway_calibration,sweep:inference_delay=0.0,618.0598112321901,131,763.2083235797111,0.0
TR,0,307,3875610598411060593,gateway_calibration,sweep:inference_delay=0.0,605.3562268385558,120,763.2083235797111,0.0
TR,0,308,7140183264533918413,gateway_calibration,sweep:inference_delay=0.0,587.2571403530146,117,763.2083235797111,0.0
TR,0,309,7548427632962239356,gateway_calibration,sweep:inference_delay=0.0,665.0389731029361,121,763.2083235797111,0.0
TR,0,310,1364294620776145605,gateway_calibration,sweep:inference_delay=0.0,678.5788022669007,121,763.2083235797111,0.0
TR,0,311,756457600980203451,gateway_calibration,sweep:inference_delay=0.0,652.4221668661229,116,763.2083235797111,0.0
TR,0,312,4817321500421056079,gateway_calibration,sweep:inference_delay=0.0,380.8454340930402,103,763.2083235797111,0.0
TR,0,313,4519390248932012061,gateway_calibration,sweep:inference_delay=0.0,498.46303930386915,107,763.2083235797111,0.0
TR,0,314,8936397013781857828,gateway_calibration,sweep:inference_delay=0.0,525.3161237183219,102,763.2083235797111,0.0
TR,0,315,8848910031072842130,gateway_calibration,sweep:inference_delay=0.0,699.5039740686295,119,763.2083235797111,0.0
TR,0,316,340384206762340665,gateway_calibration,sweep:inference_delay=0.0,526.8368979850032,98,763.2083235797111,0.0
TR,0,317,5531861056806518363,gateway_calibration,sweep:inference_delay=0.0,751.9855273191898,152,763.2083235797111,0.0
TR,0,318,62456247609113783,gateway_calibration,sweep:inference_delay=0.0,448.1404832080642,92,763.2083235797111,0.0
TR,0,319,2697729851113414613,gateway_calibration,sweep:inference_delay=0.0,617.8833729673057,109,763.2083235797111,0.0
TR,0,320,2882742047376722430,gateway_calibration,sweep:inference_delay=0.0,627.1195614672947,107,763.2083235797111,0.0
TR,0,321,6547342691956825542,gateway_calibration,sweep:inference_delay=0.0,547.9612789748279,105,763.2083235797111,0.0
TR,0,322,1837558119700189665,gateway_calibration,sweep:inference_delay=0.0,561.4165402805734,109,763.2083235797111,0.0
TR,0,323,7508255619487813264,gateway_calibration,sweep:inference_delay=0.0,641.2854050463092,111,763.2083235797111,0.0
TR,0,324,1497474273017063929,gateway_calibration,sweep:inference_delay=0.0,620.2921113304244,121,763.2083235797111,0.0
TR,0,325,7275612551955698311,gateway_calibration,sweep:inference_delay=0.0,590.6949226468604,112,763.2083235797111,0.0
TR,0,326,4478365832430478870,gateway_calibration,sweep:inference_delay=0.0,558.3658082388697,98,763.2083235797111,0.0
TR,0,327,2190568609701802228,gateway_calibration,sweep:inference_delay=0.0,592.2096975177935,116,763.2083235797111,0.0
TR,0,328,8804129504424086676,gateway_calibration,sweep:inference_delay=0.0,613.0838897205222,109,763.2083235797111,0.0
TR,0,329,5559308349791135374,gateway_calibration,sweep:inference_delay=0.0,688.9267115341815,115,763.2083235797111,0.0
TR,0,330,3458250353496066749,gateway_calibration,sweep:inference_delay=0.0,505.7219749572252,109,763.2083235797111,0.0
TR,0,331,1678599429712636548,gateway_calibration,sweep:inference_delay=0.0,761.6740194970031,129,763.2083235797111,0.0
TR,0,332,3851479913250920667,gateway_calibration,sweep:inference_delay=0.0,614.4584972010073,124,763.2083235797111,0.0
TR,0,333,1872962012606271047,gateway_calibration,sweep:inference_delay=0.0,494.3647232382772,97,763.2083235797111,0.0
TR,0,334,34186800011137715,gateway_calibration,sweep:inference_delay=0.0,650.8214406770122,138,763.2083235797111,0.0
TR,0,335,8865654608994243713,gateway_calibration,sweep:inference_delay=0.0,596.7995947860657,109,763.2083235797111,0.0
TR,0,336,2828603061217990849,gateway_calibration,sweep:inference_delay=0.0,551.0282502616734,101,763.2083235797111,0.0
TR,0,337,3088275565381488083,gateway_calibration,sweep:inference_delay=0.0,579.1220071926435,118,763.2083235797111,0.0
TR,0,338,2497625838544707544,gateway_calibration,sweep:inference_delay=0.0,580.3564805969078,112,763.2083235797111,0.0
TR,0,339,7935210348961953773,gateway_calibration,sweep:inference_delay=0.0,519.678382371388,110,763.2083235797111,0.0
TR,0,340,2764248466031232991,gateway_calibration,sweep:inference_delay=0.0,569.9669593221786,108,763.2083235797111,0.0
TR,0,341,4697082118959446955,gateway_calibration,sweep:inference_delay=0.0,568.5871121461936,115,763.2083235797111,0.0
TR,0,342,4230184734511663832,gateway_calibration,sweep:inference_delay=0.0,601.4001961840878,110,763.2083235797111,0.0
TR,0,343,4626692393455716449,gateway_calibration,sweep:inference_delay=0.0,552.2949478165697,112,763.2083235797111,0.0
TR,0,344,1378883051077678496,gateway_calibration,sweep:inference_delay=0.0,718.7293090727361,113,763.2083235797111,0.0
TR,0,345,9171010654115652729,gateway_calibration,sweep:inference_delay=0.0,568.1457737610248,111,763.2083235797111,0.0
TR,0,346,1692741918955388594,gateway_calibration,sweep:inference_delay=0.0,517.5857061574247,107,763.2083235797111,0.0
TR,0,347,6070401444563757414,gateway_calibration,sweep:inference_delay=0.0,662.5278677057114,118,763.2083235797111,0.0
TR,0,348,3320036905393371821,gateway_calibration,sweep:inference_delay=0.0,614.8336690564565,123,763.2083235797111,0.0
TR,0,349,2913634330594979565,gateway_calibration,sweep:inference_delay=0.0,777.9443414707744,139,763.2083235797111,0.0
TR,0,350,3682857661999676217,gateway_calibration,sweep:inference_delay=0.0,575.1749471441303,103,763.2083235797111,0.0
TR,0,351,5917646897328624058,gateway_calibration,sweep:inference_delay=0.0,759.4428179163157,147,763.2083235797111,0.0
TR,0,352,8283847763523850581,gateway_calibration,sweep:inference_delay=0.0,533.2254541712455,104,763.2083235797111,0.0
TR,0,353,1355387507618731352,gateway_calibration,sweep:inference_delay=0.0,862.2648446777251,131,763.2083235797111,0.0
TR,0,354,4161789180162251206,gateway_calibration,sweep:inference_delay=0.0,640.7583277545993,132,763.2083235797111,0.0
TR,0,355,3629235027738460894,gateway_calibration,sweep:inference_delay=0.0,676.4423003796435,100,763.2083235797111,0.0
TR,0,356,7783427142898000077,gateway_calibration,sweep:inference_delay=0.0,639.1015340661756,120,763.2083235797111,0.0
TR,0,357,8539422195141711300,gateway_calibration,sweep:inference_delay=0.0,747.9018817595596,131,763.2083235797111,0.0
TR,0,358,4473429396945233116,gateway_calibration,sweep:inference_delay=0.0,699.2470318770213,114,763.2083235797111,0.0
TR,0,359,8046146314160074127,gateway_calibration,sweep:inference_delay=0.0,473.59094184755185,114,763.2083235797111,0.0
TR,0,360,7260134095337781866,gateway_calibration,sweep:inference_delay=0.0,570.7218901009801,126,763.2083235797111,0.0
TR,0,361,1686946494410527167,gateway_calibration,sweep:inference_delay=0.0,625.6451330930871,118,763.2083235797111,0.0
TR,0,362,4413145699238079996,gateway_calibration,sweep:inference_delay=0.0,628.7769197174142,103,763.2083235797111,0.0
TR,0,363,4286238825591214967,gateway_calibration,sweep:inference_delay=0.0,604.515463620737,116,763.2083235797111,0.0
TR,0,364,6185617660068347114,gateway_calibration,sweep:inference_delay=0.0,480.3428630677599,109,763.2083235797111,0.0
TR,0,365,3255633937718780940,gateway_calibration,sweep:inference_delay=0.0,570.712729327467,109,763.2083235797111,0.0
TR,0,366,430300057782715933,gateway_calibration,sweep:inference_delay=0.0,461.50846666468965,103,763.2083235797111,0.0
TR,0,367,4514601672727249338,gateway_calibration,sweep:inference_delay=0.0,580.232669830606,105,763.2083235797111,0.0
TR,0,368,7668772458637724397,gateway_calibration,sweep:inference_delay=0.0,590.997960920987,110,763.2083235797111,0.0
TR,0,369,4302319439292394407,gateway_calibration,sweep:inference_delay=0.0,689.8679113731015,128,763.2083235797111,0.0
TR,0,370,5812897149698717456,gateway_calibration,sweep:inference_delay=0.0,643.4111362560114,118,763.2083235797111,0.0
TR,0,371,5466966036348593367,gateway_calibration,sweep:inference_delay=0.0,609.4525997402451,123,763.2083235797111,0.0
TR,0,372,2972442929851086673,gateway_calibration,sweep:inference_delay=0.0,764.3914087426851,126,763.2083235797111,0.0
TR,0,373,3253160246373058497,gateway_calibration,sweep:inference_delay=0.0,580.4741525392523,126,763.2083235797111,0.0
TR,0,374,8082050349555763382,gateway_calibration,sweep:inference_delay=0.0,735.0153783591518,140,763.2083235797111,0.0
TR,0,375,3356791220790944259,gateway_calibration,sweep:inference_delay=0.0,658.3692283204444,120,763.2083235797111,0.0
TR,0,376,3199908313515164094,gateway_calibration,sweep:inference_delay=0.0,499.45376231919397,109,763.2083235797111,0.0
TR,0,377,892595808845227422,gateway_calibration,sweep:inference_delay=0.0,547.591727597791,114,763.2083235797111,0.0
TR,0,378,8191237968967601258,gateway_calibration,sweep:inference_delay=0.0,665.0640270761211,128,763.2083235797111,0.0
TR,0,379,3663128617152798474,gateway_calibration,sweep:inference_delay=0.0,747.0181855484083,123,763.2083235797111,0.0
TR,0,380,4066731865237887969,gateway_calibration,sweep:inference_delay=0.0,628.1250888074353,113,763.2083235797111,0.0
TR,0,381,7786925297510952187,gateway_calibration,sweep:inference_delay=0.0,680.3810318749561,128,763.2083235797111,0.0
TR,0,382,3279356103679807711,gateway_calibration,sweep:inference_delay=0.0,672.8564510370932,115,763.2083235797111,0.0
TR,0,383,3977812662137329312,gateway_calibration,sweep:inference_delay=0.0,653.6343002180939,128,763.2083235797111,0.0
TR,0,384,7268288307750540130,gateway_calibration,sweep:inference_delay=0.0,613.2505055098977,122,763.2083235797111,0.0
TR,0,385,8101949113048547126,gateway_calibration,sweep:inference_delay=0.0,537.3255568173943,100,763.2083235797111,0.0
TR,0,386,196978439117513931,gateway_calibration,sweep:inference_delay=0.0,709.4010478329533,128,763.2083235797111,0.0
TR,0,387,6934351245340210986,gateway_calibration,sweep:inference_delay=0.0,527.4385518585482,98,763.2083235797111,0.0
TR,0,388,1305624800524200157,gateway_calibration,sweep:inference_delay=0.0,512.9403630842558,98,763.2083235797111,0.0
TR,0,389,2720642060823110769,gateway_calibration,sweep:inference_delay=0.0,519.514216861141,106,763.2083235797111,0.0
TR,0,390,1753823411840412518,gateway_calibration,sweep:inference_delay=0.0,572.4024005321202,114,763.2083235797111,0.0
TR,0,391,373962415403533099,gateway_calibration,sweep:inference_delay=0.0,837.3156233524352,132,763.2083235797111,0.0
TR,0,392,8510738132502204820,gateway_calibration,sweep:inference_delay=0.0,507.6364881074938,91,763.2083235797111,0.0
TR,0,393,1613938415033091573,gateway_calibration,sweep:inference_delay=0.0,588.997371301275,117,763.2083235797111,0.0
TR,0,394,7060935609626451691,gateway_calibration,sweep:inference_delay=0.0,640.8594138215435,132,763.2083235797111,0.0
TR,0,395,1763708332118047484,gateway_calibration,sweep:inference_delay=0.0,545.325522628444,119,763.2083235797111,0.0
TR,0,396,5676322442681628829,gateway_calibration,sweep:inference_delay=0.0,593.0734095849862,127,763.2083235797111,0.0
TR,0,397,5922347887765609086,gateway_calibration,sweep:inference_delay=0.0,740.3671325461232,125,763.2083235797111,0.0
TR,0,398,6141212271565666539,gateway_calibration,sweep:inference_delay=0.0,788.2627349665537,121,763.2083235797111,0.0
TR,0,399,1337365322408992641,gateway_calibration,sweep:inference_delay=0.0,651.6473942846766,126,763.2083235797111,0.0
TR,0,400,5770735062791446318,gateway_calibration,sweep:inference_delay=0.0,763.1460559395546,131,763.2083235797111,0.0
TR,0,401,9175359263199793263,gateway_calibration,sweep:inference_delay=0.0,676.5085434715726,110,763.2083235797111,0.0
TR,0,402,1345393633958521643,gateway_calibration,sweep:inference_delay=0.0,640.8438115971437,109,763.2083235797111,0.0
TR,0,403,4041699725946936214,gateway_calibration,sweep:inference_delay=0.0,579.3858202282597,103,763.2083235797111,0.0
TR,0,404,6379719224038699350,gateway_calibration,sweep:inference_delay=0.0,660.7755207339482,112,763.2083235797111,0.0
TR,0,405,5253790803982901032,gateway_calibration,sweep:inference_delay=0.0,610.433779341506,118,763.2083235797111,0.0
TR,0,406,6972310867038508550,gateway_calibration,sweep:inference_delay=0.0,563.7415607883476,122,763.2083235797111,0.0
TR,0,407,4518805367629489505,gateway_calibration,sweep:inference_delay=0.0,642.4733347363252,106,763.2083235797111,0.0
TR,0,408,5075272543417092078,gateway_calibration,sweep:inference_delay=0.0,617.723376393265,106,763.2083235797111,0.0
TR,0,409,4054682588708209093,gateway_calibration,sweep:inference_delay=0.0,682.995283541025,116,763.2083235797111,0.0
TR,0,410,8959089895599232511,gateway_calibration,sweep:inference_delay=0.0,750.5672457690597,135,763.2083235797111,0.0
TR,0,411,15783735529803600,gateway_calibration,sweep:inference_delay=0.0,570.2449834706049,108,763.2083235797111,0.0
TR,0,412,5915579870169733150,gateway_calibration,sweep:inference_delay=0.0,646.9094182119572,136,763.2083235797111,0.0
TR,0,413,5712510934164682453,gateway_calibration,sweep:inference_delay=0.0,679.6337629415636,106,763.2083235797111,0.0
TR,0,414,2257467693721824899,gateway_calibration,sweep:inference_delay=0.0,661.334573992157,125,763.2083235797111,0.0
TR,0,415,7567685489921138428,gateway_calibration,sweep:inference_delay=0.0,564.1831777564964,114,763.2083235797111,0.0
TR,0,416,4608597294649148069,gateway_calibration,sweep:inference_delay=0.0,661.3812089065729,127,763.2083235797111,0.0
TR,0,417,7055155743727146512,gateway_calibration,sweep:inference_delay=0.0,675.7052129453394,101,763.2083235797111,0.0
TR,0,418,8937139699567183199,gateway_calibration,sweep:inference_delay=0.0,647.0278755762407,108,763.2083235797111,0.0
TR,0,419,5156270595713271849,gateway_calibration,sweep:inference_delay=0.0,572.0268365924438,107,763.2083235797111,0.0
TR,0,420,5836553904240623663,gateway_calibration,sweep:inference_delay=0.0,587.3154045099823,109,763.2083235797111,0.0
TR,0,421,2331311596775435846,gateway_calibration,sweep:inference_delay=0.0,693.6769422177148,132,763.2083235797111,0.0
TR,0,422,3027860307877672397,gateway_calibration,sweep:inference_delay=0.0,592.3327841322466,105,763.2083235797111,0.0
TR,0,423,4950116698244583486,gateway_calibration,sweep:inference_delay=0.0,540.2644799979962,116,763.2083235797111,0.0
TR,0,424,7569726084826960389,gateway_calibration,sweep:inference_delay=0.0,656.9968634730061,120,763.2083235797111,0.0
TR,0,425,548507036608531309,gateway_calibration,sweep:inference_delay=0.0,662.8648588863866,121,763.2083235797111,0.0
TR,0,426,6580352650424373603,gateway_calibration,sweep:inference_delay=0.0,721.9443393195497,122,763.2083235797111,0.0
TR,0,427,4738039540515461477,gateway_calibration,sweep:inference_delay=0.0,597.6500605826462,120,763.2083235797111,0.0
TR,0,428,8907962524688218363,gateway_calibration,sweep:inference_delay=0.0,609.9163954243261,119,763.2083235797111,0.0
TR,0,429,1185313052417971151,gateway_calibration,sweep:inference_delay=0.0,587.9710057628108,104,763.2083235797111,0.0
TR,0,430,4502402289219606798,gateway_calibration,sweep:inference_delay=0.0,612.6768053753092,117,763.2083235797111,0.0
TR,0,431,8780312169733086930,gateway_calibration,sweep:inference_delay=0.0,639.1671126183368,116,763.2083235797111,0.0
TR,0,432,9154846955048787488,gateway_calibration,sweep:inference_delay=0.0,642.7039223334169,126,763.2083235797111,0.0
TR,0,433,7336459494808532733,gateway_calibration,sweep:inference_delay=0.0,648.0981257336108,114,763.2083235797111,0.0
TR,0,434,4113470354396889723,gateway_calibration,sweep:inference_delay=0.0,754.768989238448,114,763.2083235797111,0.0
TR,0,435,4909503072230515335,gateway_calibration,sweep:inference_delay=0.0,543.5645828476736,97,763.2083235797111,0.0
TR,0,436,3197677969645813518,gateway_calibration,sweep:inference_delay=0.0,648.4033644690217,112,763.2083235797111,0.0
TR,0,437,7801862417245809236,gateway_calibration,sweep:inference_delay=0.0,568.9415167591023,112,763.2083235797111,0.0
TR,0,438,5492162269151119075,gateway_calibration,sweep:inference_delay=0.0,703.6781285819976,117,763.2083235797111,0.0
TR,0,439,248079171324659113,gateway_calibration,sweep:inference_delay=0.0,456.463850308025,100,763.2083235797111,0.0
TR,0,440,3985067534538516158,gateway_calibration,sweep:inference_delay=0.0,768.1205138068955,115,763.2083235797111,0.0
TR,0,441,5229758228942816217,gateway_calibration,sweep:inference_delay=0.0,637.1827332519218,124,763.2083235797111,0.0
TR,0,442,3400442418203823368,gateway_calibration,sweep:inference_delay=0.0,732.2978127001604,128,763.2083235797111,0.0
TR,0,443,8393506575375457483,gateway_calibration,sweep:inference_delay=0.0,668.4949460577178,125,763.2083235797111,0.0
TR,0,444,4193792322551509733,gateway_calibration,sweep:inference_delay=0.0,580.7978740165601,112,763.2083235797111,0.0
TR,0,445,8928934661361903316,gateway_calibration,sweep:inference_delay=0.0,733.8450768744333,109,763.2083235797111,0.0
TR,0,446,3290523308640375901,gateway_calibration,sweep:inference_delay=0.0,636.5920834395457,109,763.2083235797111,0.0
TR,0,447,102252910230411730,gateway_calibration,sweep:inference_delay=0.0,536.5145771006418,112,763.2083235797111,0.0
TR,0,448,8532765272198090830,gateway_calibration,sweep:inference_delay=0.0,724.753185424795,131,763.2083235797111,0.0
TR,0,449,9053340593945989961,gateway_calibration,sweep:inference_delay=0.0,604.2221611459972,120,763.2083235797111,0.0
TR,0,450,7341498055738906985,gateway_calibration,sweep:inference_delay=0.0,616.1023827569823,122,763.2083235797111,0.0
TR,0,451,2103853463039369422,gateway_calibration,sweep:inference_delay=0.0,521.6109760104412,106,763.2083235797111,0.0
TR,0,452,5342448907667998069,gateway_calibration,sweep:inference_delay=0.0,594.3510481409076,122,763.2083235797111,0.0
TR,0,453,6021083267557668242,gateway_calibration,sweep:inference_delay=0.0,542.7208403240534,101,763.2083235797111,0.0
TR,0,454,204626305283945143,gateway_calibration,sweep:inference_delay=0.0,738.0089850990933,113,763.2083235797111,0.0
TR,0,455,4756572993510748927,gateway_calibration,sweep:inference_delay=0.0,643.6493043439631,101,763.2083235797111,0.0
TR,0,456,8160032088718757790,gateway_calibration,sweep:inference_delay=0.0,684.5532611891242,110,763.2083235797111,0.0
TR,0,457,7088136774878466926,gateway_calibration,sweep:inference_delay=0.0,660.0792899736357,123,763.2083235797111,0.0
TR,0,458,3761711349212179975,gateway_calibration,sweep:inference_delay=0.0,540.7381239396641,121,763.2083235797111,0.0
TR,0,459,6520075817126838942,gateway_calibration,sweep:inference_delay=0.0,631.4368373509167,118,763.2083235797111,0.0
TR,0,460,1919852277693236528,gateway_calibration,sweep:inference_delay=0.0,560.7105440358335,109,763.2083235797111,0.0
TR,0,461,4665097393500178109,gateway_calibration,sweep:inference_delay=0.0,775.7886050448299,133,763.2083235797111,0.0
TR,0,462,6298709915295765820,gateway_calibration,sweep:inference_delay=0.0,717.4389956096118,121,763.2083235797111,0.0
TR,0,463,4615673259405210181,gateway_calibration,sweep:inference_delay=0.0,704.9241492637738,120,763.2083235797111,0.0
TR,0,464,814387278898217982,gateway_calibration,sweep:inference_delay=0.0,602.525514191272,124,763.2083235797111,0.0
TR,0,465,8032531043386306326,gateway_calibration,sweep:inference_delay=0.0,544.1585438034168,109,763.2083235797111,0.0
TR,0,466,8432688539377851133,gateway_calibration,sweep:inference_delay=0.0,691.8516094117282,110,763.2083235797111,0.0
TR,0,467,1559465634725650714,gateway_calibration,sweep:inference_delay=0.0,737.5028842581085,125,763.2083235797111,0.0
TR,0,468,7238743029339010756,gateway_calibration,sweep:inference_delay=0.0,660.7431902862099,123,763.2083235797111,0.0
TR,0,469,8624630973060434873,gateway_calibration,sweep:inference_delay=0.0,602.6049931350939,111,763.2083235797111,0.0
TR,0,470,2102166922683796705,gateway_calibration,sweep:inference_delay=0.0,723.6245003839729,109,763.2083235797111,0.0
TR,0,471,943977387374914053,gateway_calibration,sweep:inference_delay=0.0,648.5499733677408,117,763.2083235797111,0.0
TR,0,472,6725685788262332678,gateway_calibration,sweep:inference_delay=0.0,621.3787749270168,114,763.2083235797111,0.0
TR,0,473,6855767831658160070,gateway_calibration,sweep:inference_delay=0.0,514.993976419912,92,763.2083235797111,0.0
TR,0,474,2141672765995424144,gateway_calibration,sweep:inference_delay=0.0,696.0040238737058,119,763.2083235797111,0.0
TR,0,475,2047700397865819344,gateway_calibration,sweep:inference_delay=0.0,559.6557203324122,109,763.2083235797111,0.0
TR,0,476,7917088696216977840,gateway_calibration,sweep:inference_delay=0.0,675.0382012104111,123,763.2083235797111,0.0
TR,0,477,4084570617616199534,gateway_calibration,sweep:inference_delay=0.0,656.7553255150005,100,763.2083235797111,0.0
TR,0,478,5450503737302853365,gateway_calibration,sweep:inference_delay=0.0,581.7837984188812,109,763.2083235797111,0.0
TR,0,479,4097563807664104983,gateway_calibration,sweep:inference_delay=0.0,623.006602935705,111,763.2083235797111,0.0
TR,0,480,8541071451018847065,gateway_calibration,sweep:inference_delay=0.0,572.521408086088,101,763.2083235797111,0.0
TR,0,481,7045303467776588119,gateway_calibration,sweep:inference_delay=0.0,685.2312286429735,122,763.2083235797111,0.0
TR,0,482,8143936474580794291,gateway_calibration,sweep:inference_delay=0.0,548.4244920265351,101,763.2083235797111,0.0
TR,0,483,4784240369057125093,gateway_calibration,sweep:inference_delay=0.0,592.3853043027367,117,763.2083235797111,0.0
TR,0,484,3124710585262872084,gateway_calibration,sweep:inference_delay=0.0,558.6857778230124,105,763.2083235797111,0.0
TR,0,485,3971908724065048058,gateway_calibration,sweep:inference_delay=0.0,580.9966367855799,113,763.2083235797111,0.0
TR,0,486,2238576434476634811,gateway_calibration,sweep:inference_delay=0.0,654.6862762732989,119,763.2083235797111,0.0
TR,0,487,6341725783423771346,gateway_calibration,sweep:inference_delay=0.0,673.8324170866581,125,763.2083235797111,0.0
TR,0,488,2122300312005831231,gateway_calibration,sweep:inference_delay=0.0,573.6971506753068,92,763.2083235797111,0.0
TR,0,489,6107113303005661009,gateway_calibration,sweep:inference_delay=0.0,644.2446261597565,122,763.2083235797111,0.0
TR,0,490,7347328660826253866,gateway_calibration,sweep:inference_delay=0.0,543.6445415066336,92,763.2083235797111,0.0
TR,0,491,6572673839122521390,gateway_calibration,sweep:inference_delay=0.0,721.5530150038717,132,763.2083235797111,0.0
TR,0,492,3743059074011010695,gateway_calibration,sweep:inference_delay=0.0,572.3058446667036,105,763.2083235797111,0.0
TR,0,493,8132759789858623374,gateway_calibration,sweep:inference_delay=0.0,684.0847395212061,141,763.2083235797111,0.0
TR,0,494,8358307237452178752,gateway_calibration,sweep:inference_delay=0.0,575.5495694762905,126,763.2083235797111,0.0
TR,0,495,4563822219755233528,gateway_calibration,sweep:inference_delay=0.0,710.8120609070694,129,763.2083235797111,0.0
TR,0,496,5810644611498060920,gateway_calibration,sweep:inference_delay=0.0,487.1575202099359,87,763.2083235797111,0.0
TR,0,497,6624348458136643319,gateway_calibration,sweep:inference_delay=0.0,634.9026428129414,109,763.2083235797111,0.0
TR,0,498,5158128892456927097,gateway_calibration,sweep:inference_delay=0.0,783.0193746671459,113,763.2083235797111,0.0
TR,0,499,4171628691826648209,gateway_calibration,sweep:inference_delay=0.0,581.8488282618878,115,763.2083235797111,0.0
EIR,0,0,8243915832189296388,gateway_calibration,sweep:inference_delay=0.0,724.7284389378568,127,795.5559044492556,0.0
EIR,0,1,6681741053254101759,gateway_calibration,sweep:inference_delay=0.0,641.2475261159726,116,795.5559044492556,0.0
EIR,0,2,2887818422775763161,gateway_calibration,sweep:inference_delay=0.0,833.4525580545635,123,795.5559044492556,0.0
EIR,0,3,8836118832473595015,gateway_calibration,sweep:inference_delay=0.0,661.2693531694287,124,795.5559044492556,0.0
EIR,0,4,5118385034045781624,gateway_calibration,sweep:inference_delay=0.0,724.7719868293864,136,795.5559044492556,0.0
EIR,0,5,3225644138353272706,gateway_calibration,sweep:inference_delay=0.0,572.0677012131507,108,795.5559044492556,0.0
EIR,0,6,4673119359710230214,gateway_calibration,sweep:inference_delay=0.0,585.0678698448446,133,795.5559044492556,0.0
EIR,0,7,1449165861904282954,gateway_calibration,sweep:inference_delay=0.0,588.0119938654173,118,795.5559044492556,0.0
EIR,0,8,5666335761044469321,gateway_calibration,sweep:inference_delay=0.0,715.2154551729041,134,795.5559044492556,0.0
EIR,0,9,8592070106161124315,gateway_calibration,sweep:inference_delay=0.0,523.4253688625712,115,795.5559044492556,0.0
EIR,0,10,7297780045228063244,gateway_calibration,sweep:inference_delay=0.0,609.8638934238436,104,795.5559044492556,0.0
EIR,0,11,7324966241133804070,gateway_calibration,sweep:inference_delay=0.0,719.6515286618119,121,795.5559044492556,0.0
EIR,0,12,7035151867065994369,gateway_calibration,sweep:inference_delay=0.0,690.6431936794573,129,795.5559044492556,0.0
EIR,0,13,7969990282794373687,gateway_calibration,sweep:inference_delay=0.0,535.8548508439358,103,795.5559044492556,0.0
EIR,0,14,1542908154399063185,gateway_calibration,sweep:inference_delay=0.0,609.418564055977,119,795.5559044492556,0.0
EIR,0,15,6251699892278745584,gateway_calibration,sweep:inference_delay=0.0,653.5413769741428,120,795.5559044492556,0.0
EIR,0,16,1444691872952441284,gateway_calibration,sweep:inference_delay=0.0,638.4927729936976,135,795.5559044492556,0.0
EIR,0,17,376811250082310104,gateway_calibration,sweep:inference_delay=0.0,667.6781608519409,138,795.5559044492556,0.0
EIR,0,18,5519908631335143400,gateway_calibration,sweep:inference_delay=0.0,716.7746030339207,129,795.5559044492556,0.0
EIR,0,19,2813194318980628711,gateway_calibration,sweep:inference_delay=0.0,658.0912366380242,124,795.5559044492556,0.0
EIR,0,20,3900794044766125346,gateway_calibration,sweep:inference_delay=0.0,602.949685072235,124,795.5559044492556,0.0
EIR,0,21,4858446864845097934,gateway_calibration,sweep:inference_delay=0.0,481.5703469703454,105,795.5559044492556,0.0
EIR,0,22,745833726159888834,gateway_calibration,sweep:inference_delay=0.0,689.4367831755119,140,795.5559044492556,0.0
EIR,0,23,3782355998343450377,gateway_calibration,sweep:inference_delay=0.0,667.776960615143,109,795.5559044492556,0.0
EIR,0,24,3826523845122750735,gateway_calibration,sweep:inference_delay=0.0,574.8886017684164,118,795.5559044492556,0.0
EIR,0,25,4626014378334668571,gateway_calibration,sweep:inference_delay=0.0,844.1272813649084,146,795.5559044492556,0.0
EIR,0,26,777125307458979815,gateway_calibration,sweep:inference_delay=0.0,613.4123791155635,131,795.5559044492556,0.0
EIR,0,27,5499281975394562456,gateway_calibration,sweep:inference_delay=0.0,749.6991409197136,150,795.5559044492556,0.0
EIR,0,28,139139373036664966,gateway_calibration,sweep:inference_delay=0.0,637.2951127609585,111,795.5559044492556,0.0
EIR,0,29,8313711173831502001,gateway_calibration,sweep:inference_delay=0.0,642.0254039332559,113,795.5559044492556,0.0
EIR,0,30,8734464089667694450,gateway_calibration,sweep:inference_delay=0.0,770.0271311089997,150,795.5559044492556,0.0
EIR,0,31,2743711151800077290,gateway_calibration,sweep:inference_delay=0.0,674.6065396430924,123,795.5559044492556,0.0
EIR,0,32,8830262656840250653,gateway_calibration,sweep:inference_delay=0.0,712.4881170572191,122,795.5559044492556,0.0
EIR,0,33,2869688272155570897,gateway_calibration,sweep:inference_delay=0.0,486.84714566227467,107,795.5559044492556,0.0
EIR,0,34,8411110845954307753,gateway_calibration,sweep:inference_delay=0.0,753.025094552894,128,795.5559044492556,0.0
EIR,0,35,3537048982936087474,gateway_calibration,sweep:inference_delay=0.0,573.8024175630322,119,795.5559044492556,0.0
EIR,0,36,1973870378466971920,gateway_calibration,sweep:inference_delay=0.0,594.6235133181559,107,795.5559044492556,0.0
EIR,0,37,114345083327718358,gateway_calibration,sweep:inference_delay=0.0,662.6042997352646,120,795.5559044492556,0.0
EIR,0,38,8477891713809962741,gateway_calibration,sweep:inference_delay=0.0,637.0250086478511,117,795.5559044492556,0.0
EIR,0,39,6848297373846806490,gateway_calibration,sweep:inference_delay=0.0,594.8875541255834,100,795.5559044492556,0.0
EIR,0,40,3832187587148227572,gateway_calibration,sweep:inference_delay=0.0,564.0605679965017,116,795.5559044492556,0.0
EIR,0,41,4525804922774290121,gateway_calibration,sweep:inference_delay=0.0,676.0960456552046,104,795.5559044492556,0.0
EIR,0,42,1928682964023574399,gateway_calibration,sweep:inference_delay=0.0,694.883946103611,119,795.5559044492556,0.0
EIR,0,43,4052179913733858235,gateway_calibration,sweep:inference_delay=0.0,632.8634852389357,120,795.5559044492556,0.0
EIR,0,44,2998159565499367958,gateway_calibration,sweep:inference_delay=0.0,612.4841397489872,121,795.5559044492556,0.0
EIR,0,45,439557558308159511,gateway_calibration,sweep:inference_delay=0.0,589.4937200014726,127,795.5559044492556,0.0
EIR,0,46,7240144976994562507,gateway_calibration,sweep:inference_delay=0.0,594.6281890869348,115,795.5559044492556,0.0
EIR,0,47,8046331966698479159,gateway_calibration,sweep:inference_delay=0.0,677.0658937033685,123,795.5559044492556,0.0
EIR,0,48,7090046784767263839,gateway_calibration,sweep:inference_delay=0.0,494.7526121329705,112,795.5559044492556,0.0
EIR,0,49,4155394328352839531,gateway_calibration,sweep:inference_delay=0.0,627.1966060345777,117,795.5559044492556,0.0
EIR,0,50,5041123504645221968,gateway_calibration,sweep:inference_delay=0.0,698.0867478337544,131,795.5559044492556,0.0
EIR,0,51,1494776751488668683,gateway_calibration,sweep:inference_delay=0.0,714.7298104248626,138,795.5559044492556,0.0
EIR,0,52,4831370521340657756,gateway_calibration,sweep:inference_delay=0.0,590.6810437929971,130,795.5559044492556,0.0
EIR,0,53,2672907469347467989,gateway_calibration,sweep:inference_delay=0.0,637.109618040262,129,795.5559044492556,0.0
EIR,0,54,480615464131839108,gateway_calibration,sweep:inference_delay=0.0,703.6549971429368,141,795.5559044492556,0.0
EIR,0,55,8582421462825594130,gateway_calibration,sweep:inference_delay=0.0,676.1027821879227,121,795.5559044492556,0.0
EIR,0,56,3904853852772168979,gateway_calibration,sweep:inference_delay=0.0,583.0139564730605,105,795.5559044492556,0.0
EIR,0,57,6224988977279717563,gateway_calibration,sweep:inference_delay=0.0,606.536282498949,111,795.5559044492556,0.0
EIR,0,58,8165991403660715479,gateway_calibration,sweep:inference_delay=0.0,635.1079751983332,112,795.5559044492556,0.0
EIR,0,59,2792709930285381016,gateway_calibration,sweep:inference_delay=0.0,609.3369786853068,115,795.5559044492556,0.0
EIR,0,60,4080500763669358097,gateway_calibration,sweep:inference_delay=0.0,860.2451331950041,133,795.5559044492556,0.0
EIR,0,61,3792000958832594893,gateway_calibration,sweep:inference_delay=0.0,647.4183893397944,126,795.5559044492556,0.0
EIR,0,62,60215469061813258,gateway_calibration,sweep:inference_delay=0.0,656.8512194428936,132,795.5559044492556,0.0
EIR,0,63,5064580080311092833,gateway_calibration,sweep:inference_delay=0.0,634.8694655184818,127,795.5559044492556,0.0
EIR,0,64,5279557424855515664,gateway_calibration,sweep:inference_delay=0.0,750.7122237027734,123,795.5559044492556,0.0
EIR,0,65,2030774519622457105,gateway_calibration,sweep:inference_delay=0.0,653.0556792789992,125,795.5559044492556,0.0
EIR,0,66,1654409501727794980,gateway_calibration,sweep:inference_delay=0.0,556.6405327016713,117,795.5559044492556,0.0
EIR,0,67,3754679215173259671,gateway_calibration,sweep:inference_delay=0.0,565.3377058758851,122,795.5559044492556,0.0
EIR,0,68,8527722127616449792,gateway_calibration,sweep:inference_delay=0.0,556.4271507119591,118,795.5559044492556,0.0
EIR,0,69,5273267683495612889,gateway_calibration,sweep:inference_delay=0.0,621.5918122119112,125,795.5559044492556,0.0
EIR,0,70,5565591330411772145,gateway_calibration,sweep:inference_delay=0.0,576.7335851056494,117,795.5559044492556,0.0
EIR,0,71,968001725481000145,gateway_calibration,sweep:inference_delay=0.0,628.3291766323626,122,795.5559044492556,0.0
EIR,0,72,2380749292484153173,gateway_calibration,sweep:inference_delay=0.0,658.7764143318143,142,795.5559044492556,0.0
EIR,0,73,4859438199787662549,gateway_calibration,sweep:inference_delay=0.0,607.5870677295121,109,795.5559044492556,0.0
EIR,0,74,664740628583636552,gateway_calibration,sweep:inference_delay=0.0,677.8054201414569,124,795.5559044492556,0.0
EIR,0,75,1972848874658333034,gateway_calibration,sweep:inference_delay=0.0,707.1020094408871,115,795.5559044492556,0.0
EIR,0,76,6048020475378661647,gateway_calibration,sweep:inference_delay=0.0,715.848581544826,125,795.5559044492556,0.0
EIR,0,77,8602845482587376895,gateway_calibration,sweep:inference_delay=0.0,698.4371731993815,128,795.5559044492556,0.0
EIR,0,78,4796454764264066774,gateway_calibration,sweep:inference_delay=0.0,578.2653317585415,107,795.5559044492556,0.0
EIR,0,79,5226982796292777701,gateway_calibration,sweep:inference_delay=0.0,576.8111733667978,120,795.5559044492556,0.0
EIR,0,80,6299344390748146862,gateway_calibration,sweep:inference_delay=0.0,528.0638104231954,109,795.5559044492556,0.0
EIR,0,81,7760903587022193503,gateway_calibration,sweep:inference_delay=0.0,762.5702679592173,143,795.5559044492556,0.0
EIR,0,82,6520367023342180984,gateway_calibration,sweep:inference_delay=0.0,757.6509455610063,138,795.5559044492556,0.0
EIR,0,83,5635288579221231159,gateway_calibration,sweep:inference_delay=0.0,664.7856021903782,112,795.5559044492556,0.0
EIR,0,84,6702342397332118509,gateway_calibration,sweep:inference_delay=0.0,603.467620052048,104,795.5559044492556,0.0
EIR,0,85,7670040043426627854,gateway_calibration,sweep:inference_delay=0.0,859.6850918760261,144,795.5559044492556,0.0
EIR,0,86,5036370084742885706,gateway_calibration,sweep:inference_delay=0.0,598.2340459161704,118,795.5559044492556,0.0
EIR,0,87,345008189040898116,gateway_calibration,sweep:inference_delay=0.0,754.7764929790127,130,795.5559044492556,0.0
EIR,0,88,1918760553004097273,gateway_calibration,sweep:inference_delay=0.0,638.249622165779,109,795.5559044492556,0.0
EIR,0,89,4857915446445065512,gateway_calibration,sweep:inference_delay=0.0,563.480361628772,128,795.5559044492556,0.0
EIR,0,90,8698855913448388405,gateway_calibration,sweep:inference_delay=0.0,797.3477143785561,131,795.5559044492556,0.0
EIR,0,91,6950579828659398380,gateway_calibration,sweep:inference_delay=0.0,584.0743718457342,103,795.5559044492556,0.0
EIR,0,92,4738000516907970823,gateway_calibration,sweep:inference_delay=0.0,522.3617322179894,116,795.5559044492556,0.0
EIR,0,93,6136450989236997958,gateway_calibration,sweep:inference_delay=0.0,852.3474368922381,137,795.5559044492556,0.0
EIR,0,94,4034539320073736500,gateway_calibration,sweep:inference_delay=0.0,593.3758634716896,114,795.5559044492556,0.0
EIR,0,95,5695940965326036427,gateway_calibration,sweep:inference_delay=0.0,618.7691764778699,111,795.5559044492556,0.0
EIR,0,96,3932681321472343247,gateway_calibration,sweep:inference_delay=0.0,795.1261980088248,128,795.5559044492556,0.0
EIR,0,97,3184464451076666059,gateway_calibration,sweep:inference_delay=0.0,504.43166037941006,111,795.5559044492556,0.0
EIR,0,98,3030351482797177221,gateway_calibration,sweep:inference_delay=0.0,717.2714794425257,141,795.5559044492556,0.0
EIR,0,99,6289503422527052870,gateway_calibration,sweep:inference_delay=0.0,616.0427575486366,124,795.5559044492556,0.0
EIR,0,100,7050907985547048981,gateway_calibration,sweep:inference_delay=0.0,668.9849847441847,119,795.5559044492556,0.0
EIR,0,101,2085499050545483203,gateway_calibration,sweep:inference_delay=0.0,715.9231799663896,132,795.5559044492556,0.0
EIR,0,102,5730312993104149431,gateway_calibration,sweep:inference_delay=0.0,645.142795279319,136,795.5559044492556,0.0
EIR,0,103,8863177545109481566,gateway_calibration,sweep:inference_delay=0.0,542.1149344714091,110,795.5559044492556,0.0
EIR,0,104,3686593618942206235,gateway_calibration,sweep:inference_delay=0.0,688.8181739437096,127,795.5559044492556,0.0
EIR,0,105,6850181248507314243,gateway_calibration,sweep:inference_delay=0.0,603.7005791362999,114,795.5559044492556,0.0
EIR,0,106,7515062817382166680,gateway_calibration,sweep:inference_delay=0.0,666.6994453778364,121,795.5559044492556,0.0
EIR,0,107,4647762552276847558,gateway_calibration,sweep:inference_delay=0.0,638.2149139861991,112,795.5559044492556,0.0
EIR,0,108,4605236118217567828,gateway_calibration,sweep:inference_delay=0.0,704.5301431912249,115,795.5559044492556,0.0
EIR,0,109,6530701582225309679,gateway_calibration,sweep:inference_delay=0.0,711.4015311872607,145,795.5559044492556,0.0
EIR,0,110,1490857711975386193,gateway_calibration,sweep:inference_delay=0.0,550.8887473757054,106,795.5559044492556,0.0
EIR,0,111,1143588247129424812,gateway_calibration,sweep:inference_delay=0.0,728.2722791067719,134,795.5559044492556,0.0
EIR,0,112,7029046019292123743,gateway_calibration,sweep:inference_delay=0.0,593.7109405747473,101,795.5559044492556,0.0
EIR,0,113,962818803109999287,gateway_calibration,sweep:inference_delay=0.0,731.9909232665251,138,795.5559044492556,0.0
EIR,0,114,1097875445316865376,gateway_calibration,sweep:inference_delay=0.0,571.0911285862697,121,795.5559044492556,0.0
EIR,0,115,2121486551209594886,gateway_calibration,sweep:inference_delay=0.0,658.7785220193805,134,795.5559044492556,0.0
EIR,0,116,3298206816307295370,gateway_calibration,sweep:inference_delay=0.0,715.9158837080267,129,795.5559044492556,0.0
EIR,0,117,8186804595954209305,gateway_calibration,sweep:inference_delay=0.0,594.9811326435056,125,795.5559044492556,0.0
EIR,0,118,5027477343127419759,gateway_calibration,sweep:inference_delay=0.0,723.5899973234685,139,795.5559044492556,0.0
EIR,0,119,3456594015947929247,gateway_calibration,sweep:inference_delay=0.0,595.958698058288,118,795.5559044492556,0.0
EIR,0,120,6109144161253401037,gateway_calibration,sweep:inference_delay=0.0,615.1668686066928,105,795.5559044492556,0.0
EIR,0,121,8888647922094878047,gateway_calibration,sweep:inference_delay=0.0,588.1200423735063,121,795.5559044492556,0.0
EIR,0,122,1410920963540769799,gateway_calibration,sweep:inference_delay=0.0,1036.2906715571164,151,795.5559044492556,0.0
EIR,0,123,7316482086865881894,gateway_calibration,sweep:inference_delay=0.0,675.1422634019706,129,795.5559044492556,0.0
EIR,0,124,8511347201413363593,gateway_calibration,sweep:inference_delay=0.0,615.6740494852854,126,795.5559044492556,0.0
EIR,0,125,6477301294609925052,gateway_calibration,sweep:inference_delay=0.0,659.214587953216,121,795.5559044492556,0.0
EIR,0,126,8530866144115102027,gateway_calibration,sweep:inference_delay=0.0,585.4490526268648,113,795.5559044492556,0.0
EIR,0,127,974345037696741481,gateway_calibration,sweep:inference_delay=0.0,759.0643777776336,127,795.5559044492556,0.0
EIR,0,128,2669548922013055492,gateway_calibration,sweep:inference_delay=0.0,651.5062621462037,120,795.5559044492556,0.0
EIR,0,129,4909844279650666946,gateway_calibration,sweep:inference_delay=0.0,640.4814934896926,128,795.5559044492556,0.0
EIR,0,130,8129716326094341347,gateway_calibration,sweep:inference_delay=0.0,560.9972818505842,108,795.5559044492556,0.0
EIR,0,131,6236339331528110559,gateway_calibration,sweep:inference_delay=0.0,540.6592005391448,101,795.5559044492556,0.0
EIR,0,132,5372461032506754089,gateway_calibration,sweep:inference_delay=0.0,598.9231957023273,114,795.5559044492556,0.0
EIR,0,133,2869576103178937828,gateway_calibration,sweep:inference_delay=0.0,717.9129374931132,136,795.5559044492556,0.0
EIR,0,134,324669889739395222,gateway_calibration,sweep:inference_delay=0.0,723.6933242627334,120,795.5559044492556,0.0
EIR,0,135,3737616614001991696,gateway_calibration,sweep:inference_delay=0.0,688.6676104028687,137,795.5559044492556,0.0
EIR,0,136,6060510604377203042,gateway_calibration,sweep:inference_delay=0.0,561.7887194181267,107,795.5559044492556,0.0
EIR,0,137,7425710438176556689,gateway_calibration,sweep:inference_delay=0.0,803.2779513660756,128,795.5559044492556,0.0
EIR,0,138,6508618236050171030,gateway_calibration,sweep:inference_delay=0.0,747.7808261659793,125,795.5559044492556,0.0
EIR,0,139,6184493621238706557,gateway_calibration,sweep:inference_delay=0.0,579.0256649753602,110,795.5559044492556,0.0
EIR,0,140,3064529688212288767,gateway_calibration,sweep:inference_delay=0.0,669.4634247720929,119,795.5559044492556,0.0
EIR,0,141,805475398260637699,gateway_calibration,sweep:inference_delay=0.0,745.4748277126522,141,795.5559044492556,0.0
EIR,0,142,4763601611783637645,gateway_calibration,sweep:inference_delay=0.0,630.8347519901457,129,795.5559044492556,0.0
EIR,0,143,5438503057719320537,gateway_calibration,sweep:inference_delay=0.0,558.345010242898,115,795.5559044492556,0.0
EIR,0,144,5082440332856459390,gateway_calibration,sweep:inference_delay=0.0,617.5805256611745,129,795.5559044492556,0.0
EIR,0,145,3587555219675763343,gateway_calibration,sweep:inference_delay=0.0,555.0665259056424,110,795.5559044492556,0.0
EIR,0,146,330319869673280168,gateway_calibration,sweep:inference_delay=0.0,517.2412178176639,103,795.5559044492556,0.0
EIR,0,147,6509395805483443057,gateway_calibration,sweep:inference_delay=0.0,609.7698388009132,119,795.5559044492556,0.0
EIR,0,148,7554964240009861489,gateway_calibration,sweep:inference_delay=0.0,580.337643371931,119,795.5559044492556,0.0
EIR,0,149,2817344819539738502,gateway_calibration,sweep:inference_delay=0.0,504.9044654458612,97,795.5559044492556,0.0
EIR,0,150,1867093364367078981,gateway_calibration,sweep:inference_delay=0.0,662.8181089882883,125,795.5559044492556,0.0
EIR,0,151,6979918275734648667,gateway_calibration,sweep:inference_delay=0.0,616.8837222729874,110,795.5559044492556,0.0
EIR,0,152,2167722807609534988,gateway_calibration,sweep:inference_delay=0.0,614.6411531331541,122,795.5559044492556,0.0
EIR,0,153,5005105572393798298,gateway_calibration,sweep:inference_delay=0.0,603.3763816751714,124,795.5559044492556,0.0
EIR,0,154,8617942995258092236,gateway_calibration,sweep:inference_delay=0.0,791.2683613030651,151,795.5559044492556,0.0
EIR,0,155,817087805723078278,gateway_calibration,sweep:inference_delay=0.0,648.9601074228585,107,795.5559044492556,0.0
EIR,0,156,5167513524193214471,gateway_calibration,sweep:inference_delay=0.0,591.9719554944098,127,795.5559044492556,0.0
EIR,0,157,8149686319199817352,gateway_calibration,sweep:inference_delay=0.0,652.0781282209219,113,795.5559044492556,0.0
EIR,0,158,6221639221414618847,gateway_calibration,sweep:inference_delay=0.0,691.9767203681671,121,795.5559044492556,0.0
EIR,0,159,5432824675695613171,gateway_calibration,sweep:inference_delay=0.0,948.8366787147734,140,795.5559044492556,0.0
EIR,0,160,3535352857878186175,gateway_calibration,sweep:inference_delay=0.0,746.8250033939808,120,795.5559044492556,0.0
EIR,0,161,5780042511980819017,gateway_calibration,sweep:inference_delay=0.0,694.5154561622276,116,795.5559044492556,0.0
EIR,0,162,1314937737673983848,gateway_calibration,sweep:inference_delay=0.0,680.437080041295,119,795.5559044492556,0.0
EIR,0,163,696395958007126723,gateway_calibration,sweep:inference_delay=0.0,626.2665471905702,128,795.5559044492556,0.0
EIR,0,164,1062108927129686668,gateway_calibration,sweep:inference_delay=0.0,639.1426667557066,115,795.5559044492556,0.0
EIR,0,165,94012958901662333,gateway_calibration,sweep:inference_delay=0.0,651.3262757205999,134,795.5559044492556,0.0
EIR,0,166,8358907322274403597,gateway_calibration,sweep:inference_delay=0.0,582.340570816786,110,795.5559044492556,0.0
EIR,0,167,7505993065971219314,gateway_calibration,sweep:inference_delay=0.0,631.0573265957739,114,795.5559044492556,0.0
EIR,0,168,1470873476559457761,gateway_calibration,sweep:inference_delay=0.0,757.5585169756156,137,795.5559044492556,0.0
EIR,0,169,4417486595802726209,gateway_calibration,sweep:inference_delay=0.0,594.3383652502679,120,795.5559044492556,0.0
EIR,0,170,1425434253320953112,gateway_calibration,sweep:inference_delay=0.0,671.6614873269854,124,795.5559044492556,0.0
EIR,0,171,1456967285477726809,gateway_calibration,sweep:inference_delay=0.0,701.5754539149385,125,795.5559044492556,0.0
EIR,0,172,5612879215568865788,gateway_calibration,sweep:inference_delay=0.0,613.0627510248728,117,795.5559044492556,0.0
EIR,0,173,305631683004508046,gateway_calibration,sweep:inference_delay=0.0,689.6423204212023,130,795.5559044492556,0.0
EIR,0,174,2198086885654387346,gateway_calibration,sweep:inference_delay=0.0,615.2703588370979,123,795.5559044492556,0.0
EIR,0,175,8461189562562627723,gateway_calibration,sweep:inference_delay=0.0,640.0006711479257,119,795.5559044492556,0.0
EIR,0,176,5195714935434148637,gateway_calibration,sweep:inference_delay=0.0,734.3333636655138,134,795.5559044492556,0.0
EIR,0,177,8562523659716171146,gateway_calibration,sweep:inference_delay=0.0,786.6577765171464,130,795.5559044492556,0.0
EIR,0,178,4596490847978559120,gateway_calibration,sweep:inference_delay=0.0,488.21776295450684,106,795.5559044492556,0.0
EIR,0,179,1567614402143085626,gateway_calibration,sweep:inference_delay=0.0,620.8243949659793,115,795.5559044492556,0.0
EIR,0,180,5613087419822074741,gateway_calibration,sweep:inference_delay=0.0,542.7442731515181,108,795.5559044492556,0.0
EIR,0,181,2373216597286698611,gateway_calibration,sweep:inference_delay=0.0,642.9769103942805,126,795.5559044492556,0.0
EIR,0,182,5760606735310609521,gateway_calibration,sweep:inference_delay=0.0,543.879905937148,110,795.5559044492556,0.0
EIR,0,183,4712546381042221254,gateway_calibration,sweep:inference_delay=0.0,693.5392298582032,143,795.5559044492556,0.0
EIR,0,184,1635816830053563011,gateway_calibration,sweep:inference_delay=0.0,668.2268823146949,132,795.5559044492556,0.0
EIR,0,185,6661410644651095712,gateway_calibration,sweep:inference_delay=0.0,554.0541883491562,105,795.5559044492556,0.0
EIR,0,186,65728590503088185,gateway_calibration,sweep:inference_delay=0.0,608.33036752221,128,795.5559044492556,0.0
EIR,0,187,690345378178412514,gateway_calibration,sweep:inference_delay=0.0,592.3513908908442,108,795.5559044492556,0.0
EIR,0,188,7754889815012419884,gateway_calibration,sweep:inference_delay=0.0,735.9226502644924,138,795.5559044492556,0.0
EIR,0,189,377372718619057834,gateway_calibration,sweep:inference_delay=0.0,578.8638413816186,121,795.5559044492556,0.0
EIR,0,190,7112486124918356597,gateway_calibration,sweep:inference_delay=0.0,662.8701692872824,130,795.5559044492556,0.0
EIR,0,191,4402201863075475594,gateway_calibration,sweep:inference_delay=0.0,610.0379405164589,115,795.5559044492556,0.0
EIR,0,192,533979271614200612,gateway_calibration,sweep:inference_delay=0.0,721.1041281886257,120,795.5559044492556,0.0
EIR,0,193,5115189933212947080,gateway_calibration,sweep:inference_delay=0.0,670.556810868395,125,795.5559044492556,0.0
EIR,0,194,3148274920791614778,gateway_calibration,sweep:inference_delay=0.0,773.8349748471761,144,795.5559044492556,0.0
EIR,0,195,3505975921690536230,gateway_calibration,sweep:inference_delay=0.0,523.9335936004516,107,795.5559044492556,0.0
EIR,0,196,8156259264452451965,gateway_calibration,sweep:inference_delay=0.0,759.7409032660149,125,795.5559044492556,0.0
EIR,0,197,489067017904698128,gateway_calibration,sweep:inference_delay=0.0,566.0807065002081,108,795.5559044492556,0.0
EIR,0,198,5725693005829479232,gateway_calibration,sweep:inference_delay=0.0,781.2295400119393,140,795.5559044492556,0.0
EIR,0,199,2776771059859379081,gateway_calibration,sweep:inference_delay=0.0,602.6734741147258,112,795.5559044492556,0.0
EIR,0,200,5136388357603092842,gateway_calibration,sweep:inference_delay=0.0,630.7335089662243,124,795.5559044492556,0.0
EIR,0,201,2967216784479180385,gateway_calibration,sweep:inference_delay=0.0,770.3385890444333,129,795.5559044492556,0.0
EIR,0,202,8979919152917527661,gateway_calibration,sweep:inference_delay=0.0,673.0451746494641,129,795.5559044492556,0.0
EIR,0,203,8586991964974750731,gateway_calibration,sweep:inference_delay=0.0,742.7408966356567,130,795.5559044492556,0.0
EIR,0,204,2596469946780566566,gateway_calibration,sweep:inference_delay=0.0,686.728587394134,122,795.5559044492556,0.0
EIR,0,205,6727452054584629831,gateway_calibration,sweep:inference_delay=0.0,773.7049138185049,126,795.5559044492556,0.0
EIR,0,206,2000590343387808725,gateway_calibration,sweep:inference_delay=0.0,639.2463443592954,116,795.5559044492556,0.0
EIR,0,207,4263238619609179705,gateway_calibration,sweep:inference_delay=0.0,645.9678121466392,131,795.5559044492556,0.0
EIR,0,208,9023372596240738174,gateway_calibration,sweep:inference_delay=0.0,570.9070144865984,106,795.5559044492556,0.0
EIR,0,209,3285075195779834687,gateway_calibration,sweep:inference_delay=0.0,719.3675395919029,129,795.5559044492556,0.0
EIR,0,210,1910731710421042763,gateway_calibration,sweep:inference_delay=0.0,549.2994901484439,107,795.5559044492556,0.0
EIR,0,211,6742310137573734017,gateway_calibration,sweep:inference_delay=0.0,758.0461200644927,136,795.5559044492556,0.0
EIR,0,212,1636050880090795566,gateway_calibration,sweep:inference_delay=0.0,647.0172597397391,119,795.5559044492556,0.0
EIR,0,213,3453845006195778663,gateway_calibration,sweep:inference_delay=0.0,580.9890281651295,129,795.5559044492556,0.0
EIR,0,214,1105138331487073240,gateway_calibration,sweep:inference_delay=0.0,640.1484667701961,121,795.5559044492556,0.0
EIR,0,215,2069954983012655875,gateway_calibration,sweep:inference_delay=0.0,623.8691432000571,123,795.5559044492556,0.0
EIR,0,216,7711345884559286665,gateway_calibration,sweep:inference_delay=0.0,527.6862012223403,110,795.5559044492556,0.0
EIR,0,217,5978415277747623782,gateway_calibration,sweep:inference_delay=0.0,474.52830957815814,108,795.5559044492556,0.0
EIR,0,218,2764280764168615521,gateway_calibration,sweep:inference_delay=0.0,659.4842613053161,110,795.5559044492556,0.0
EIR,0,219,1290906134736503349,gateway_calibration,sweep:inference_delay=0.0,575.7918643118736,105,795.5559044492556,0.0
EIR,0,220,7340843622736900923,gateway_calibration,sweep:inference_delay=0.0,744.553706789887,119,795.5559044492556,0.0
EIR,0,221,1474067633781114805,gateway_calibration,sweep:inference_delay=0.0,633.1623002821815,117,795.5559044492556,0.0
EIR,0,222,2595805646744052307,gateway_calibration,sweep:inference_delay=0.0,498.668603121364,102,795.5559044492556,0.0
EIR,0,223,6382502320460523199,gateway_calibration,sweep:inference_delay=0.0,536.9056237732349,105,795.5559044492556,0.0
EIR,0,224,675847731294295638,gateway_calibration,sweep:inference_delay=0.0,526.4902108456246,113,795.5559044492556,0.0
EIR,0,225,1151425023632025764,gateway_calibration,sweep:inference_delay=0.0,662.2265670895027,118,795.5559044492556,0.0
EIR,0,226,8187744869060895904,gateway_calibration,sweep:inference_delay=0.0,571.062344390301,119,795.5559044492556,0.0
EIR,0,227,45813596127784054,gateway_calibration,sweep:inference_delay=0.0,903.4685142731413,141,795.5559044492556,0.0
EIR,0,228,7296502608107089095,gateway_calibration,sweep:inference_delay=0.0,668.6625963690058,135,795.5559044492556,0.0
EIR,0,229,930632915826678994,gateway_calibration,sweep:inference_delay=0.0,602.0419803982256,107,795.5559044492556,0.0
EIR,0,230,8962743888871943790,gateway_calibration,sweep:inference_delay=0.0,750.1745326939076,125,795.5559044492556,0.0
EIR,0,231,5324092527540367023,gateway_calibration,sweep:inference_delay=0.0,737.8079716319212,126,795.5559044492556,0.0
EIR,0,232,6113607519999854149,gateway_calibration,sweep:inference_delay=0.0,507.1591605132222,119,795.5559044492556,0.0
EIR,0,233,1756014417350993364,gateway_calibration,sweep:inference_delay=0.0,797.7965246143349,133,795.5559044492556,0.0
EIR,0,234,6935216550086924081,gateway_calibration,sweep:inference_delay=0.0,655.9353930082124,112,795.5559044492556,0.0
EIR,0,235,5669161863816345414,gateway_calibration,sweep:inference_delay=0.0,612.7722879047625,124,795.5559044492556,0.0
EIR,0,236,3338664802015407805,gateway_calibration,sweep:inference_delay=0.0,455.04764373821246,106,795.5559044492556,0.0
EIR,0,237,6153691157854064166,gateway_calibration,sweep:inference_delay=0.0,702.9100971656144,133,795.5559044492556,0.0
EIR,0,238,2639640669056374339,gateway_calibration,sweep:inference_delay=0.0,741.3976649298025,128,795.5559044492556,0.0
EIR,0,239,768797536149954177,gateway_calibration,sweep:inference_delay=0.0,677.2753559292609,126,795.5559044492556,0.0
EIR,0,240,5548199436466135434,gateway_calibration,sweep:inference_delay=0.0,599.3910132782034,115,795.5559044492556,0.0
EIR,0,241,3102153236320137704,gateway_calibration,sweep:inference_delay=0.0,722.5034392315044,138,795.5559044492556,0.0
EIR,0,242,305313967319893878,gateway_calibration,sweep:inference_delay=0.0,535.9278342452787,102,795.5559044492556,0.0
EIR,0,243,1475804203338056532,gateway_calibration,sweep:inference_delay=0.0,605.6419971333074,128,795.5559044492556,0.0
EIR,0,244,3930938458558894276,gateway_calibration,sweep:inference_delay=0.0,615.6430593533405,115,795.5559044492556,0.0
EIR,0,245,1320367437244966354,gateway_calibration,sweep:inference_delay=0.0,738.0034427205701,129,795.5559044492556,0.0
EIR,0,246,3107561506454538638,gateway_calibration,sweep:inference_delay=0.0,592.8096545382487,113,795.5559044492556,0.0
EIR,0,247,3502796972812891805,gateway_calibration,sweep:inference_delay=0.0,566.7974371873315,108,795.5559044492556,0.0
EIR,0,248,5106033547162764698,gateway_calibration,sweep:inference_delay=0.0,619.4561171589761,127,795.5559044492556,0.0
EIR,0,249,3825627944311598340,gateway_calibration,sweep:inference_delay=0.0,740.2125193640796,126,795.5559044492556,0.0
EIR,0,250,136733472624775461,gateway_calibration,sweep:inference_delay=0.0,727.2276343924975,122,795.5559044492556,0.0
EIR,0,251,6015763232250398238,gateway_calibration,sweep:inference_delay=0.0,518.11748731285,105,795.5559044492556,0.0
EIR,0,252,3056899390869212522,gateway_calibration,sweep:inference_delay=0.0,683.9336881928531,121,795.5559044492556,0.0
EIR,0,253,8213599738749511995,gateway_calibration,sweep:inference_delay=0.0,802.0391989769207,138,795.5559044492556,0.0
EIR,0,254,826866561772079575,gateway_calibration,sweep:inference_delay=0.0,615.1785112414107,127,795.5559044492556,0.0
EIR,0,255,2948144514253955668,gateway_calibration,sweep:inference_delay=0.0,598.0487128571959,122,795.5559044492556,0.0
EIR,0,256,4590141864244713408,gateway_calibration,sweep:inference_delay=0.0,532.6529141737533,104,795.5559044492556,0.0
EIR,0,257,6985401747168459381,gateway_calibration,sweep:inference_delay=0.0,700.967857047908,131,795.5559044492556,0.0
EIR,0,258,1236992800384544155,gateway_calibration,sweep:inference_delay=0.0,692.9187144792161,122,795.5559044492556,0.0
EIR,0,259,2802523899541568472,gateway_calibration,sweep:inference_delay=0.0,709.5798577364471,133,795.5559044492556,0.0
EIR,0,260,6436330693632324246,gateway_calibration,sweep:inference_delay=0.0,593.6192270379873,125,795.5559044492556,0.0
EIR,0,261,8841749799235619223,gateway_calibration,sweep:inference_delay=0.0,509.75801759276504,109,795.5559044492556,0.0
EIR,0,262,5212068118625633813,gateway_calibration,sweep:inference_delay=0.0,655.0574161939918,113,795.5559044492556,0.0
EIR,0,263,8316780528058194007,gateway_calibration,sweep:inference_delay=0.0,543.4431750479166,108,795.5559044492556,0.0
EIR,0,264,3076295686506940198,gateway_calibration,sweep:inference_delay=0.0,748.8342289962404,133,795.5559044492556,0.0
EIR,0,265,5416987299508876906,gateway_calibration,sweep:inference_delay=0.0,753.0680530567402,127,795.5559044492556,0.0
EIR,0,266,5355312854972139015,gateway_calibration,sweep:inference_delay=0.0,726.3310054227685,125,795.5559044492556,0.0
EIR,0,267,891310801207885134,gateway_calibration,sweep:inference_delay=0.0,636.5141764172344,129,795.5559044492556,0.0
EIR,0,268,4302525176925723575,gateway_calibration,sweep:inference_delay=0.0,552.2470365975036,98,795.5559044492556,0.0
EIR,0,269,7233842937639579446,gateway_calibration,sweep:inference_delay=0.0,617.9359984617454,123,795.5559044492556,0.0
EIR,0,270,787008785281493599,gateway_calibration,sweep:inference_delay=0.0,775.8679330114525,129,795.5559044492556,0.0
EIR,0,271,7334184243163938489,gateway_calibration,sweep:inference_delay=0.0,674.479833506084,124,795.5559044492556,0.0
EIR,0,272,8595456210295136073,gateway_calibration,sweep:inference_delay=0.0,605.3513793124456,114,795.5559044492556,0.0
EIR,0,273,3459358343729787677,gateway_calibration,sweep:inference_delay=0.0,774.1548219701032,151,795.5559044492556,0.0
EIR,0,274,827730633808743136,gateway_calibration,sweep:inference_delay=0.0,555.8229023184101,106,795.5559044492556,0.0
EIR,0,275,1191787371059884206,gateway_calibration,sweep:inference_delay=0.0,811.6018631563715,120,795.5559044492556,0.0
EIR,0,276,4382001308806096512,gateway_calibration,sweep:inference_delay=0.0,602.4160531078624,109,795.5559044492556,0.0
EIR,0,277,5388772791601849558,gateway_calibration,sweep:inference_delay=0.0,797.269967368082,136,795.5559044492556,0.0
EIR,0,278,1944619706777464495,gateway_calibration,sweep:inference_delay=0.0,693.2910106590134,128,795.5559044492556,0.0
EIR,0,279,7069479310533859734,gateway_calibration,sweep:inference_delay=0.0,625.4141114289463,109,795.5559044492556,0.0
EIR,0,280,9024996281334264129,gateway_calibration,sweep:inference_delay=0.0,621.5106703034113,115,795.5559044492556,0.0
EIR,0,281,1582395885326904754,gateway_calibration,sweep:inference_delay=0.0,698.0032592206808,118,795.5559044492556,0.0
EIR,0,282,6404009402051024870,gateway_calibration,sweep:inference_delay=0.0,635.1699566818737,115,795.5559044492556,0.0
EIR,0,283,3596214054810715706,gateway_calibration,sweep:inference_delay=0.0,659.8915291646362,115,795.5559044492556,0.0
EIR,0,284,2531294051664947116,gateway_calibration,sweep:inference_delay=0.0,795.5457593368019,138,795.5559044492556,0.0
EIR,0,285,836277738800132037,gateway_calibration,sweep:inference_delay=0.0,601.8905963439555,122,795.5559044492556,0.0
EIR,0,286,3210467090881390534,gateway_calibration,sweep:inference_delay=0.0,627.8176765949834,135,795.5559044492556,0.0
EIR,0,287,2822098375151693555,gateway_calibration,sweep:inference_delay=0.0,614.3624167754085,136,795.5559044492556,0.0
EIR,0,288,5626223949923016400,gateway_calibration,sweep:inference_delay=0.0,513.4399248296502,108,795.5559044492556,0.0
EIR,0,289,8455456963111985079,gateway_calibration,sweep:inference_delay=0.0,569.5038696303682,117,795.5559044492556,0.0
EIR,0,290,2370614829249679371,gateway_calibration,sweep:inference_delay=0.0,640.9181778031838,116,795.5559044492556,0.0
EIR,0,291,818558677270457248,gateway_calibration,sweep:inference_delay=0.0,672.7802597535906,140,795.5559044492556,0.0
EIR,0,292,2810721557351330125,gateway_calibration,sweep:inference_delay=0.0,609.9851790389254,119,795.5559044492556,0.0
EIR,0,293,4510697720693683816,gateway_calibration,sweep:inference_delay=0.0,525.1310714308322,104,795.5559044492556,0.0
EIR,0,294,8886950883984339510,gateway_calibration,sweep:inference_delay=0.0,673.2701262358928,110,795.5559044492556,0.0
EIR,0,295,2035727916013469371,gateway_calibration,sweep:inference_delay=0.0,732.6046160986914,138,795.5559044492556,0.0
EIR,0,296,2236098155841968058,gateway_calibration,sweep:inference_delay=0.0,817.6525308014554,134,795.5559044492556,0.0
EIR,0,297,1817802648814360624,gateway_calibration,sweep:inference_delay=0.0,761.4412511329452,119,795.5559044492556,0.0
EIR,0,298,2887252830246176392,gateway_calibration,sweep:inference_delay=0.0,679.4319167310227,108,795.5559044492556,0.0
EIR,0,299,1448845698565949741,gateway_calibration,sweep:inference_delay=0.0,695.0761606415491,131,795.5559044492556,0.0
EIR,0,300,8925361432510465339,gateway_calibration,sweep:inference_delay=0.0,818.0287731939557,137,795.5559044492556,0.0
EIR,0,301,3807506197606163986,gateway_calibration,sweep:inference_delay=0.0,562.7468921248981,122,795.5559044492556,0.0
EIR,0,302,8034563208296605452,gateway_calibration,sweep:inference_delay=0.0,639.8329281993034,119,795.5559044492556,0.0
EIR,0,303,5364278048809024231,gateway_calibration,sweep:inference_delay=0.0,748.0730192644193,131,795.5559044492556,0.0
EIR,0,304,8046230261264379920,gateway_calibration,sweep:inference_delay=0.0,593.6516284939715,103,795.5559044492556,0.0
EIR,0,305,5562621114098871022,gateway_calibration,sweep:inference_delay=0.0,694.3815480367823,119,795.5559044492556,0.0
EIR,0,306,1152453634093397135,gateway_calibration,sweep:inference_delay=0.0,686.7167785614198,120,795.5559044492556,0.0
EIR,0,307,3875610598411060593,gateway_calibration,sweep:inference_delay=0.0,636.7064728677935,123,795.5559044492556,0.0
EIR,0,308,7140183264533918413,gateway_calibration,sweep:inference_delay=0.0,453.86911607785095,92,795.5559044492556,0.0
EIR,0,309,7548427632962239356,gateway_calibration,sweep:inference_delay=0.0,654.6632880711925,130,795.5559044492556,0.0
EIR,0,310,1364294620776145605,gateway_calibration,sweep:inference_delay=0.0,721.9478376739257,124,795.5559044492556,0.0
EIR,0,311,756457600980203451,gateway_calibration,sweep:inference_delay=0.0,640.2035759949771,121,795.5559044492556,0.0
EIR,0,312,4817321500421056079,gateway_calibration,sweep:inference_delay=0.0,511.8816782072692,118,795.5559044492556,0.0
EIR,0,313,4519390248932012061,gateway_calibration,sweep:inference_delay=0.0,737.6903408032309,119,795.5559044492556,0.0
EIR,0,314,8936397013781857828,gateway_calibration,sweep:inference_delay=0.0,560.8986325179507,108,795.5559044492556,0.0
EIR,0,315,8848910031072842130,gateway_calibration,sweep:inference_delay=0.0,683.1390842595952,123,795.5559044492556,0.0
EIR,0,316,340384206762340665,gateway_calibration,sweep:inference_delay=0.0,722.8947872566492,137,795.5559044492556,0.0
EIR,0,317,5531861056806518363,gateway_calibration,sweep:inference_delay=0.0,679.6727524541027,132,795.5559044492556,0.0
EIR,0,318,62456247609113783,gateway_calibration,sweep:inference_delay=0.0,565.484085386473,105,795.5559044492556,0.0
EIR,0,319,2697729851113414613,gateway_calibration,sweep:inference_delay=0.0,668.1426664342257,121,795.5559044492556,0.0
EIR,0,320,2882742047376722430,gateway_calibration,sweep:inference_delay=0.0,654.2536970990225,120,795.5559044492556,0.0
EIR,0,321,6547342691956825542,gateway_calibration,sweep:inference_delay=0.0,756.2991160925691,118,795.5559044492556,0.0
EIR,0,322,1837558119700189665,gateway_calibration,sweep:inference_delay=0.0,568.3570112654319,123,795.5559044492556,0.0
EIR,0,323,7508255619487813264,gateway_calibration,sweep:inference_delay=0.0,582.7487891743922,112,795.5559044492556,0.0
EIR,0,324,1497474273017063929,gateway_calibration,sweep:inference_delay=0.0,665.9558642991354,126,795.5559044492556,0.0
EIR,0,325,7275612551955698311,gateway_calibration,sweep:inference_delay=0.0,598.5784007547173,137,795.5559044492556,0.0
EIR,0,326,4478365832430478870,gateway_calibration,sweep:inference_delay=0.0,729.5304733138964,126,795.5559044492556,0.0
EIR,0,327,2190568609701802228,gateway_calibration,sweep:inference_delay=0.0,690.9898830981565,130,795.5559044492556,0.0
EIR,0,328,8804129504424086676,gateway_calibration,sweep:inference_delay=0.0,608.4842557942455,127,795.5559044492556,0.0
EIR,0,329,5559308349791135374,gateway_calibration,sweep:inference_delay=0.0,571.3183296859381,115,795.5559044492556,0.0
EIR,0,330,3458250353496066749,gateway_calibration,sweep:inference_delay=0.0,614.1057337368462,128,795.5559044492556,0.0
EIR,0,331,1678599429712636548,gateway_calibration,sweep:inference_delay=0.0,712.290703971929,135,795.5559044492556,0.0
EIR,0,332,3851479913250920667,gateway_calibration,sweep:inference_delay=0.0,741.706776266099,136,795.5559044492556,0.0
EIR,0,333,1872962012606271047,gateway_calibration,sweep:inference_delay=0.0,774.9095413477934,138,795.5559044492556,0.0
EIR,0,334,34186800011137715,gateway_calibration,sweep:inference_delay=0.0,629.8378828144832,115,795.5559044492556,0.0
EIR,0,335,8865654608994243713,gateway_calibration,sweep:inference_delay=0.0,559.6338582548801,107,795.5559044492556,0.0
EIR,0,336,2828603061217990849,gateway_calibration,sweep:inference_delay=0.0,596.5467279026467,126,795.5559044492556,0.0
EIR,0,337,3088275565381488083,gateway_calibration,sweep:inference_delay=0.0,651.6133582225499,126,795.5559044492556,0.0
EIR,0,338,2497625838544707544,gateway_calibration,sweep:inference_delay=0.0,687.6002643795775,112,795.5559044492556,0.0
EIR,0,339,7935210348961953773,gateway_calibration,sweep:inference_delay=0.0,694.5449944556574,126,795.5559044492556,0.0
EIR,0,340,2764248466031232991,gateway_calibration,sweep:inference_delay=0.0,560.4124282546602,123,795.5559044492556,0.0
EIR,0,341,4697082118959446955,gateway_calibration,sweep:inference_delay=0.0,546.9620694074837,135,795.5559044492556,0.0
EIR,0,342,4230184734511663832,gateway_calibration,sweep:inference_delay=0.0,842.9676718477334,143,795.5559044492556,0.0
EIR,0,343,4626692393455716449,gateway_calibration,sweep:inference_delay=0.0,581.7119616695335,114,795.5559044492556,0.0
EIR,0,344,1378883051077678496,gateway_calibration,sweep:inference_delay=0.0,762.6101108722919,142,795.5559044492556,0.0
EIR,0,345,9171010654115652729,gateway_calibration,sweep:inference_delay=0.0,678.2340684787647,140,795.5559044492556,0.0
EIR,0,346,1692741918955388594,gateway_calibration,sweep:inference_delay=0.0,599.1222104122722,121,795.5559044492556,0.0
EIR,0,347,6070401444563757414,gateway_calibration,sweep:inference_delay=0.0,613.5933408421222,117,795.5559044492556,0.0
EIR,0,348,3320036905393371821,gateway_calibration,sweep:inference_delay=0.0,675.6342378438698,118,795.5559044492556,0.0
EIR,0,349,2913634330594979565,gateway_calibration,sweep:inference_delay=0.0,696.6429054340015,122,795.5559044492556,0.0
EIR,0,350,3682857661999676217,gateway_calibration,sweep:inference_delay=0.0,763.4759329477578,137,795.5559044492556,0.0
EIR,0,351,5917646897328624058,gateway_calibration,sweep:inference_delay=0.0,533.0442629959384,123,795.5559044492556,0.0
EIR,0,352,8283847763523850581,gateway_calibration,sweep:inference_delay=0.0,555.021607146432,110,795.5559044492556,0.0
EIR,0,353,1355387507618731352,gateway_calibration,sweep:inference_delay=0.0,810.1722273469466,141,795.5559044492556,0.0
EIR,0,354,4161789180162251206,gateway_calibration,sweep:inference_delay=0.0,765.0395229306243,126,795.5559044492556,0.0
EIR,0,355,3629235027738460894,gateway_calibration,sweep:inference_delay=0.0,795.7486615858766,120,795.5559044492556,0.0
EIR,0,356,7783427142898000077,gateway_calibration,sweep:inference_delay=0.0,563.09700501434,109,795.5559044492556,0.0
EIR,0,357,8539422195141711300,gateway_calibration,sweep:inference_delay=0.0,675.1412855926559,125,795.5559044492556,0.0
EIR,0,358,4473429396945233116,gateway_calibration,sweep:inference_delay=0.0,722.6014307486637,125,795.5559044492556,0.0
EIR,0,359,8046146314160074127,gateway_calibration,sweep:inference_delay=0.0,700.7791617597092,129,795.5559044492556,0.0
EIR,0,360,7260134095337781866,gateway_calibration,sweep:inference_delay=0.0,564.6672240960714,125,795.5559044492556,0.0
EIR,0,361,1686946494410527167,gateway_calibration,sweep:inference_delay=0.0,493.89805625261295,101,795.5559044492556,0.0
EIR,0,362,4413145699238079996,gateway_calibration,sweep:inference_delay=0.0,718.9193309649706,114,795.5559044492556,0.0
EIR,0,363,4286238825591214967,gateway_calibration,sweep:inference_delay=0.0,543.6850831999118,113,795.5559044492556,0.0
EIR,0,364,6185617660068347114,gateway_calibration,sweep:inference_delay=0.0,630.1745033420585,116,795.5559044492556,0.0
EIR,0,365,3255633937718780940,gateway_calibration,sweep:inference_delay=0.0,570.1866677178912,112,795.5559044492556,0.0
EIR,0,366,430300057782715933,gateway_calibration,sweep:inference_delay=0.0,653.7565998002212,119,795.5559044492556,0.0
EIR,0,367,4514601672727249338,gateway_calibration,sweep:inference_delay=0.0,661.7495795651747,126,795.5559044492556,0.0
EIR,0,368,7668772458637724397,gateway_calibration,sweep:inference_delay=0.0,754.4838868522216,132,795.5559044492556,0.0
EIR,0,369,4302319439292394407,gateway_calibration,sweep:inference_delay=0.0,642.094677087076,112,795.5559044492556,0.0
EIR,0,370,5812897149698717456,gateway_calibration,sweep:inference_delay=0.0,614.29433570393,121,795.5559044492556,0.0
EIR,0,371,5466966036348593367,gateway_calibration,sweep:inference_delay=0.0,730.3728882241357,137,795.5559044492556,0.0
EIR,0,372,2972442929851086673,gateway_calibration,sweep:inference_delay=0.0,636.3172142676417,128,795.5559044492556,0.0
EIR,0,373,3253160246373058497,gateway_calibration,sweep:inference_delay=0.0,571.9326443805114,114,795.5559044492556,0.0
EIR,0,374,8082050349555763382,gateway_calibration,sweep:inference_delay=0.0,660.4957894941801,129,795.5559044492556,0.0
EIR,0,375,3356791220790944259,gateway_calibration,sweep:inference_delay=0.0,684.9588612276248,122,795.5559044492556,0.0
EIR,0,376,3199908313515164094,gateway_calibration,sweep:inference_delay=0.0,594.9941716739928,126,795.5559044492556,0.0
EIR,0,377,892595808845227422,gateway_calibration,sweep:inference_delay=0.0,576.9428382312735,119,795.5559044492556,0.0
EIR,0,378,8191237968967601258,gateway_calibration,sweep:inference_delay=0.0,745.819773056426,148,795.5559044492556,0.0
EIR,0,379,3663128617152798474,gateway_calibration,sweep:inference_delay=0.0,669.9083358730844,102,795.5559044492556,0.0
EIR,0,380,4066731865237887969,gateway_calibration,sweep:inference_delay=0.0,680.9425050294831,127,795.5559044492556,0.0
EIR,0,381,7786925297510952187,gateway_calibration,sweep:inference_delay=0.0,651.9263202002217,129,795.5559044492556,0.0
EIR,0,382,3279356103679807711,gateway_calibration,sweep:inference_delay=0.0,644.61610768656,117,795.5559044492556,0.0
EIR,0,383,3977812662137329312,gateway_calibration,sweep:inference_delay=0.0,698.7908689286836,129,795.5559044492556,0.0
EIR,0,384,7268288307750540130,gateway_calibration,sweep:inference_delay=0.0,670.1586674332533,130,795.5559044492556,0.0
EIR,0,385,8101949113048547126,gateway_calibration,sweep:inference_delay=0.0,656.7122617300249,121,795.5559044492556,0.0
EIR,0,386,196978439117513931,gateway_calibration,sweep:inference_delay=0.0,600.040119962645,123,795.5559044492556,0.0
EIR,0,387,6934351245340210986,gateway_calibration,sweep:inference_delay=0.0,685.0924814829463,123,795.5559044492556,0.0
EIR,0,388,1305624800524200157,gateway_calibration,sweep:inference_delay=0.0,614.3761984116275,113,795.5559044492556,0.0
EIR,0,389,2720642060823110769,gateway_calibration,sweep:inference_delay=0.0,563.6348492400882,117,795.5559044492556,0.0
EIR,0,390,1753823411840412518,gateway_calibration,sweep:inference_delay=0.0,616.7389493674405,130,795.5559044492556,0.0
EIR,0,391,373962415403533099,gateway_calibration,sweep:inference_delay=0.0,780.546189437165,133,795.5559044492556,0.0
EIR,0,392,8510738132502204820,gateway_calibration,sweep:inference_delay=0.0,552.9644254836226,105,795.5559044492556,0.0
EIR,0,393,1613938415033091573,gateway_calibration,sweep:inference_delay=0.0,619.3000436185906,118,795.5559044492556,0.0
EIR,0,394,7060935609626451691,gateway_calibration,sweep:inference_delay=0.0,749.1164076444279,133,795.5559044492556,0.0
EIR,0,395,1763708332118047484,gateway_calibration,sweep:inference_delay=0.0,568.9303054623662,109,795.5559044492556,0.0
EIR,0,396,5676322442681628829,gateway_calibration,sweep:inference_delay=0.0,658.0101446272611,115,795.5559044492556,0.0
EIR,0,397,5922347887765609086,gateway_calibration,sweep:inference_delay=0.0,649.2890841680489,127,795.5559044492556,0.0
EIR,0,398,6141212271565666539,gateway_calibration,sweep:inference_delay=0.0,725.7296348863002,134,795.5559044492556,0.0
EIR,0,399,1337365322408992641,gateway_calibration,sweep:inference_delay=0.0,616.1684221906453,120,795.5559044492556,0.0
EIR,0,400,5770735062791446318,gateway_calibration,sweep:inference_delay=0.0,966.2987610542426,151,795.5559044492556,0.0
EIR,0,401,9175359263199793263,gateway_calibration,sweep:inference_delay=0.0,666.2910140441118,122,795.5559044492556,0.0
EIR,0,402,1345393633958521643,gateway_calibration,sweep:inference_delay=0.0,621.8200538821044,114,795.5559044492556,0.0
EIR,0,403,4041699725946936214,gateway_calibration,sweep:inference_delay=0.0,644.0105383643906,111,795.5559044492556,0.0
EIR,0,404,6379719224038699350,gateway_calibration,sweep:inference_delay=0.0,680.0132048638395,131,795.5559044492556,0.0
EIR,0,405,5253790803982901032,gateway_calibration,sweep:inference_delay=0.0,566.6791917003939,112,795.5559044492556,0.0
EIR,0,406,6972310867038508550,gateway_calibration,sweep:inference_delay=0.0,604.7768411760424,132,795.5559044492556,0.0
EIR,0,407,4518805367629489505,gateway_calibration,sweep:inference_delay=0.0,737.788956084844,138,795.5559044492556,0.0
EIR,0,408,5075272543417092078,gateway_calibration,sweep:inference_delay=0.0,548.8450696539696,99,795.5559044492556,0.0
EIR,0,409,4054682588708209093,gateway_calibration,sweep:inference_delay=0.0,725.3508540111819,131,795.5559044492556,0.0
EIR,0,410,8959089895599232511,gateway_calibration,sweep:inference_delay=0.0,631.1172789154537,117,795.5559044492556,0.0
EIR,0,411,15783735529803600,gateway_calibration,sweep:inference_delay=0.0,516.7846913841474,102,795.5559044492556,0.0
EIR,0,412,5915579870169733150,gateway_calibration,sweep:inference_delay=0.0,571.6203153598597,119,795.5559044492556,0.0
EIR,0,413,5712510934164682453,gateway_calibration,sweep:inference_delay=0.0,690.267591671676,115,795.5559044492556,0.0
EIR,0,414,2257467693721824899,gateway_calibration,sweep:inference_delay=0.0,772.4642137170318,130,795.5559044492556,0.0
EIR,0,415,7567685489921138428,gateway_calibration,sweep:inference_delay=0.0,616.6695715912324,122,795.5559044492556,0.0
EIR,0,416,4608597294649148069,gateway_calibration,sweep:inference_delay=0.0,572.3305575141156,125,795.5559044492556,0.0
EIR,0,417,7055155743727146512,gateway_calibration,sweep:inference_delay=0.0,715.7299772140586,119,795.5559044492556,0.0
EIR,0,418,8937139699567183199,gateway_calibration,sweep:inference_delay=0.0,715.8787234505274,114,795.5559044492556,0.0
EIR,0,419,5156270595713271849,gateway_calibration,sweep:inference_delay=0.0,707.6145597099493,128,795.5559044492556,0.0
EIR,0,420,5836553904240623663,gateway_calibration,sweep:inference_delay=0.0,758.9800957834276,139,795.5559044492556,0.0
EIR,0,421,2331311596775435846,gateway_calibration,sweep:inference_delay=0.0,743.2662076945194,134,795.5559044492556,0.0
EIR,0,422,3027860307877672397,gateway_calibration,sweep:inference_delay=0.0,606.3277518903682,116,795.5559044492556,0.0
EIR,0,423,4950116698244583486,gateway_calibration,sweep:inference_delay=0.0,638.3707291698619,132,795.5559044492556,0.0
EIR,0,424,7569726084826960389,gateway_calibration,sweep:inference_delay=0.0,706.7613845428394,129,795.5559044492556,0.0
EIR,0,425,548507036608531309,gateway_calibration,sweep:inference_delay=0.0,759.7668654396833,141,795.5559044492556,0.0
EIR,0,426,6580352650424373603,gateway_calibration,sweep:inference_delay=0.0,693.9011511606046,124,795.5559044492556,0.0
EIR,0,427,4738039540515461477,gateway_calibration,sweep:inference_delay=0.0,625.8441731629691,127,795.5559044492556,0.0
EIR,0,428,8907962524688218363,gateway_calibration,sweep:inference_delay=0.0,786.2823268212946,150,795.5559044492556,0.0
EIR,0,429,1185313052417971151,gateway_calibration,sweep:inference_delay=0.0,695.6821252438754,108,795.5559044492556,0.0
EIR,0,430,4502402289219606798,gateway_calibration,sweep:inference_delay=0.0,627.7146526075352,124,795.5559044492556,0.0
EIR,0,431,8780312169733086930,gateway_calibration,sweep:inference_delay=0.0,806.1523070906628,138,795.5559044492556,0.0
EIR,0,432,9154846955048787488,gateway_calibration,sweep:inference_delay=0.0,760.0368678530821,131,795.5559044492556,0.0
EIR,0,433,7336459494808532733,gateway_calibration,sweep:inference_delay=0.0,540.4513303073302,111,795.5559044492556,0.0
EIR,0,434,4113470354396889723,gateway_calibration,sweep:inference_delay=0.0,616.5700367486667,121,795.5559044492556,0.0
EIR,0,435,4909503072230515335,gateway_calibration,sweep:inference_delay=0.0,456.2267471743232,98,795.5559044492556,0.0
EIR,0,436,3197677969645813518,gateway_calibration,sweep:inference_delay=0.0,687.8872299706352,126,795.5559044492556,0.0
EIR,0,437,7801862417245809236,gateway_calibration,sweep:inference_delay=0.0,656.5703339252565,118,795.5559044492556,0.0
EIR,0,438,5492162269151119075,gateway_calibration,sweep:inference_delay=0.0,588.6473325198348,118,795.5559044492556,0.0
EIR,0,439,248079171324659113,gateway_calibration,sweep:inference_delay=0.0,750.4825646051008,140,795.5559044492556,0.0
EIR,0,440,3985067534538516158,gateway_calibration,sweep:inference_delay=0.0,721.1581710599407,127,795.5559044492556,0.0
EIR,0,441,5229758228942816217,gateway_calibration,sweep:inference_delay=0.0,767.4289591152789,147,795.5559044492556,0.0
EIR,0,442,3400442418203823368,gateway_calibration,sweep:inference_delay=0.0,634.4772047615335,116,795.5559044492556,0.0
EIR,0,443,8393506575375457483,gateway_calibration,sweep:inference_delay=0.0,617.1901617484725,127,795.5559044492556,0.0
EIR,0,444,4193792322551509733,gateway_calibration,sweep:inference_delay=0.0,681.9669907808396,120,795.5559044492556,0.0
EIR,0,445,8928934661361903316,gateway_calibration,sweep:inference_delay=0.0,1032.1620470367952,143,795.5559044492556,0.0
EIR,0,446,3290523308640375901,gateway_calibration,sweep:inference_delay=0.0,762.7632364325541,130,795.5559044492556,0.0
EIR,0,447,102252910230411730,gateway_calibration,sweep:inference_delay=0.0,564.3805086914111,108,795.5559044492556,0.0
EIR,0,448,8532765272198090830,gateway_calibration,sweep:inference_delay=0.0,657.9867154269249,126,795.5559044492556,0.0
EIR,0,449,9053340593945989961,gateway_calibration,sweep:inference_delay=0.0,604.3636644037348,118,795.5559044492556,0.0
EIR,0,450,7341498055738906985,gateway_calibration,sweep:inference_delay=0.0,622.2503186381335,121,795.5559044492556,0.0
EIR,0,451,2103853463039369422,gateway_calibration,sweep:inference_delay=0.0,552.1197995185613,120,795.5559044492556,0.0
EIR,0,452,5342448907667998069,gateway_calibration,sweep:inference_delay=0.0,773.4631015442178,133,795.5559044492556,0.0
EIR,0,453,6021083267557668242,gateway_calibration,sweep:inference_delay=0.0,598.42248365331,112,795.5559044492556,0.0
EIR,0,454,204626305283945143,gateway_calibration,sweep:inference_delay=0.0,737.726203404766,141,795.5559044492556,0.0
EIR,0,455,4756572993510748927,gateway_calibration,sweep:inference_delay=0.0,609.3528244159654,118,795.5559044492556,0.0
EIR,0,456,8160032088718757790,gateway_calibration,sweep:inference_delay=0.0,536.2857078198592,100,795.5559044492556,0.0
EIR,0,457,7088136774878466926,gateway_calibration,sweep:inference_delay=0.0,610.3947104507243,125,795.5559044492556,0.0
EIR,0,458,3761711349212179975,gateway_calibration,sweep:inference_delay=0.0,584.33068691073,130,795.5559044492556,0.0
EIR,0,459,6520075817126838942,gateway_calibration,sweep:inference_delay=0.0,595.2822858708554,114,795.5559044492556,0.0
EIR,0,460,1919852277693236528,gateway_calibration,sweep:inference_delay=0.0,632.1336458718472,122,795.5559044492556,0.0
EIR,0,461,4665097393500178109,gateway_calibration,sweep:inference_delay=0.0,816.9718231328844,156,795.5559044492556,0.0
EIR,0,462,6298709915295765820,gateway_calibration,sweep:inference_delay=0.0,711.4573605812353,114,795.5559044492556,0.0
EIR,0,463,4615673259405210181,gateway_calibration,sweep:inference_delay=0.0,690.0026277129355,120,795.5559044492556,0.0
EIR,0,464,814387278898217982,gateway_calibration,sweep:inference_delay=0.0,616.9442335596445,128,795.5559044492556,0.0
EIR,0,465,8032531043386306326,gateway_calibration,sweep:inference_delay=0.0,519.5023874740499,115,795.5559044492556,0.0
EIR,0,466,8432688539377851133,gateway_calibration,sweep:inference_delay=0.0,717.9510771722224,140,795.5559044492556,0.0
EIR,0,467,1559465634725650714,gateway_calibration,sweep:inference_delay=0.0,737.9399902010409,129,795.5559044492556,0.0
EIR,0,468,7238743029339010756,gateway_calibration,sweep:inference_delay=0.0,577.3780305627632,109,795.5559044492556,0.0
EIR,0,469,8624630973060434873,gateway_calibration,sweep:inference_delay=0.0,703.3909280140736,117,795.5559044492556,0.0
EIR,0,470,2102166922683796705,gateway_calibration,sweep:inference_delay=0.0,767.113528812995,132,795.5559044492556,0.0
EIR,0,471,943977387374914053,gateway_calibration,sweep:inference_delay=0.0,626.5802885115911,119,795.5559044492556,0.0
EIR,0,472,6725685788262332678,gateway_calibration,sweep:inference_delay=0.0,644.8869521647565,116,795.5559044492556,0.0
EIR,0,473,6855767831658160070,gateway_calibration,sweep:inference_delay=0.0,594.1109277693234,94,795.5559044492556,0.0
EIR,0,474,2141672765995424144,gateway_calibration,sweep:inference_delay=0.0,720.3459419465491,139,795.5559044492556,0.0
EIR,0,475,2047700397865819344,gateway_calibration,sweep:inference_delay=0.0,688.8235879185404,137,795.5559044492556,0.0
EIR,0,476,7917088696216977840,gateway_calibration,sweep:inference_delay=0.0,734.997369291313,126,795.5559044492556,0.0
EIR,0,477,4084570617616199534,gateway_calibration,sweep:inference_delay=0.0,613.4143175355326,119,795.5559044492556,0.0
EIR,0,478,5450503737302853365,gateway_calibration,sweep:inference_delay=0.0,655.6319206125532,124,795.5559044492556,0.0
EIR,0,479,4097563807664104983,gateway_calibration,sweep:inference_delay=0.0,675.6425202707637,126,795.5559044492556,0.0
EIR,0,480,8541071451018847065,gateway_calibration,sweep:inference_delay=0.0,735.1387624329342,131,795.5559044492556,0.0
EIR,0,481,7045303467776588119,gateway_calibration,sweep:inference_delay=0.0,723.4197988594182,125,795.5559044492556,0.0
EIR,0,482,8143936474580794291,gateway_calibration,sweep:inference_delay=0.0,490.55606316616127,102,795.5559044492556,0.0
EIR,0,483,4784240369057125093,gateway_calibration,sweep:inference_delay=0.0,664.5359598993955,137,795.5559044492556,0.0
EIR,0,484,3124710585262872084,gateway_calibration,sweep:inference_delay=0.0,685.8896634227557,127,795.5559044492556,0.0
EIR,0,485,3971908724065048058,gateway_calibration,sweep:inference_delay=0.0,631.6995472802531,122,795.5559044492556,0.0
EIR,0,486,2238576434476634811,gateway_calibration,sweep:inference_delay=0.0,704.0371721313858,127,795.5559044492556,0.0
EIR,0,487,6341725783423771346,gateway_calibration,sweep:inference_delay=0.0,623.7810538952958,109,795.5559044492556,0.0
EIR,0,488,2122300312005831231,gateway_calibration,sweep:inference_delay=0.0,542.0134401807454,112,795.5559044492556,0.0
EIR,0,489,6107113303005661009,gateway_calibration,sweep:inference_delay=0.0,754.6979150128685,141,795.5559044492556,0.0
EIR,0,490,7347328660826253866,gateway_calibration,sweep:inference_delay=0.0,571.8249088361331,114,795.5559044492556,0.0
EIR,0,491,6572673839122521390,gateway_calibration,sweep:inference_delay=0.0,715.8854568586727,115,795.5559044492556,0.0
EIR,0,492,3743059074011010695,gateway_calibration,sweep:inference_delay=0.0,790.473695026124,125,795.5559044492556,0.0
EIR,0,493,8132759789858623374,gateway_calibration,sweep:inference_delay=0.0,687.2262273210446,131,795.5559044492556,0.0
EIR,0,494,8358307237452178752,gateway_calibration,sweep:inference_delay=0.0,703.1590679669309,125,795.5559044492556,0.0
EIR,0,495,4563822219755233528,gateway_calibration,sweep:inference_delay=0.0,920.8382419222385,141,795.5559044492556,0.0
EIR,0,496,5810644611498060920,gateway_calibration,sweep:inference_delay=0.0,498.05237650943144,98,795.5559044492556,0.0
EIR,0,497,6624348458136643319,gateway_calibration,sweep:inference_delay=0.0,544.9444921311041,119,795.5559044492556,0.0
EIR,0,498,5158128892456927097,gateway_calibration,sweep:inference_delay=0.0,861.7408918032492,137,795.5559044492556,0.0
EIR,0,499,4171628691826648209,gateway_calibration,sweep:inference_delay=0.0,647.7912385677841,113,795.5559044492556,0.0
RR,0,0,6049736399080549217,gateway_calibration,sweep:inference_delay=10.0,700.8772417602883,139,814.9944165947455,10.0
RR,0,1,3614141880911965163,gateway_calibration,sweep:inference_delay=10.0,760.2731381773757,142,814.9944165947455,10.0
RR,0,2,3782844463268261322,gateway_calibration,sweep:inference_delay=10.0,763.7938238589637,155,814.9944165947455,10.0
RR,0,3,172134909824750361,gateway_calibration,sweep:inference_delay=10.0,747.4027392954459,126,814.9944165947455,10.0
RR,0,4,7569628859020513074,gateway_calibration,sweep:inference_delay=10.0,702.9577932735725,123,814.9944165947455,10.0
RR,0,5,1593222369784597945,gateway_calibration,sweep:inference_delay=10.0,845.8557457684343,157,814.9944165947455,10.0
RR,0,6,1002536379471671605,gateway_calibration,sweep:inference_delay=10.0,697.9230461325925,123,814.9944165947455,10.0
RR,0,7,3245883644932648256,gateway_calibration,sweep:inference_delay=10.0,668.3115874346189,121,814.9944165947455,10.0
RR,0,8,497739744443370087,gateway_calibration,sweep:inference_delay=10.0,716.5821012230257,140,814.9944165947455,10.0
RR,0,9,3197592489096448535,gateway_calibration,sweep:inference_delay=10.0,632.8141173165213,108,814.9944165947455,10.0
RR,0,10,4693872228876108086,gateway_calibration,sweep:inference_delay=10.0,662.6429458350007,135,814.9944165947455,10.0
RR,0,11,6224897630364811205,gateway_calibration,sweep:inference_delay=10.0,582.9078434598489,119,814.9944165947455,10.0
RR,0,12,6858437917244025263,gateway_calibration,sweep:inference_delay=10.0,737.3006567742764,139,814.9944165947455,10.0
RR,0,13,7225386873213664787,gateway_calibration,sweep:inference_delay=10.0,795.0675736608438,136,814.9944165947455,10.0
RR,0,14,4443731833466638724,gateway_calibration,sweep:inference_delay=10.0,746.7296622034471,121,814.9944165947455,10.0
RR,0,15,7851880079114456141,gateway_calibration,sweep:inference_delay=10.0,676.894591007805,127,814.9944165947455,10.0
RR,0,16,7753488382357916174,gateway_calibration,sweep:inference_delay=10.0,620.4119440549478,130,814.9944165947455,10.0
RR,0,17,5899672622410807716,gateway_calibration,sweep:inference_delay=10.0,599.8704919662295,124,814.9944165947455,10.0
RR,0,18,6617821992207498270,gateway_calibration,sweep:inference_delay=10.0,725.7768004816602,127,814.9944165947455,10.0
RR,0,19,8764321510054411716,gateway_calibration,sweep:inference_delay=10.0,828.6514712779776,145,814.9944165947455,10.0
RR,0,20,6927961557560396041,gateway_calibration,sweep:inference_delay=10.0,674.6108864610051,126,814.9944165947455,10.0
RR,0,21,7204031197620364302,gateway_calibration,sweep:inference_delay=10.0,737.9710702551698,150,814.9944165947455,10.0
RR,0,22,5275393523786605136,gateway_calibration,sweep:inference_delay=10.0,837.5540567258973,139,814.9944165947455,10.0
RR,0,23,628386316106772247,gateway_calibration,sweep:inference_delay=10.0,712.0348780727173,137,814.9944165947455,10.0
RR,0,24,8543298398457698356,gateway_calibration,sweep:inference_delay=10.0,667.5671290360864,122,814.9944165947455,10.0
RR,0,25,7353258163771406813,gateway_calibration,sweep:inference_delay=10.0,712.587559590591,112,814.9944165947455,10.0
RR,0,26,229838308884439829,gateway_calibration,sweep:inference_delay=10.0,714.3727495356864,142,814.9944165947455,10.0
RR,0,27,634649314849650183,gateway_calibration,sweep:inference_delay=10.0,619.5462175516951,129,814.9944165947455,10.0
RR,0,28,5321991485004207026,gateway_calibration,sweep:inference_delay=10.0,626.8616328012401,127,814.9944165947455,10.0
RR,0,29,4533029594824391456,gateway_calibration,sweep:inference_delay=10.0,754.2586069744916,124,814.9944165947455,10.0
RR,0,30,981848863815113316,gateway_calibration,sweep:inference_delay=10.0,771.6281577412643,138,814.9944165947455,10.0
RR,0,31,3823770112127895073,gateway_calibration,sweep:inference_delay=10.0,656.4862732779294,113,814.9944165947455,10.0
RR,0,32,8982619146399240845,gateway_calibration,sweep:inference_delay=10.0,752.4109049061648,121,814.9944165947455,10.0
RR,0,33,4036591858100777417,gateway_calibration,sweep:inference_delay=10.0,629.635073452898,120,814.9944165947455,10.0
RR,0,34,2128046754323214691,gateway_calibration,sweep:inference_delay=10.0,723.843089664614,129,814.9944165947455,10.0
RR,0,35,2532118125296453079,gateway_calibration,sweep:inference_delay=10.0,722.9971535643018,139,814.9944165947455,10.0
RR,0,36,1965574916483896026,gateway_calibration,sweep:inference_delay=10.0,648.4953279188571,128,814.9944165947455,10.0
RR,0,37,3497203321326303013,gateway_calibration,sweep:inference_delay=10.0,663.6484931496971,110,814.9944165947455,10.0
RR,0,38,1435462974700456624,gateway_calibration,sweep:inference_delay=10.0,670.9652998295259,127,814.9944165947455,10.0
RR,0,39,5906670011034764605,gateway_calibration,sweep:inference_delay=10.0,532.9056083291076,106,814.9944165947455,10.0
RR,0,40,8493231524813236099,gateway_calibration,sweep:inference_delay=10.0,655.2410504949053,129,814.9944165947455,10.0
RR,0,41,1109409384272488472,gateway_calibration,sweep:inference_delay=10.0,720.9460951496125,128,814.9944165947455,10.0
RR,0,42,2331926815409973583,gateway_calibration,sweep:inference_delay=10.0,614.1197625079329,122,814.9944165947455,10.0
RR,0,43,456554999276919906,gateway_calibration,sweep:inference_delay=10.0,681.6282437196362,109,814.9944165947455,10.0
RR,0,44,4311667320825768766,gateway_calibration,sweep:inference_delay=10.0,603.3933154731558,126,814.9944165947455,10.0
RR,0,45,2816200913444400688,gateway_calibration,sweep:inference_delay=10.0,764.5704784619874,145,814.9944165947455,10.0
RR,0,46,4410906882554995886,gateway_calibration,sweep:inference_delay=10.0,654.6714687300138,114,814.9944165947455,10.0
RR,0,47,7269581566777373596,gateway_calibration,sweep:inference_delay=10.0,808.0284372307362,144,814.9944165947455,10.0
RR,0,48,145277398224910302,gateway_calibration,sweep:inference_delay=10.0,723.3856190096989,133,814.9944165947455,10.0
RR,0,49,1185788965253359205,gateway_calibration,sweep:inference_delay=10.0,781.7808990114663,149,814.9944165947455,10.0
RR,0,50,2942892347711051546,gateway_calibration,sweep:inference_delay=10.0,770.3649034204701,128,814.9944165947455,10.0
RR,0,51,7160491164012915283,gateway_calibration,sweep:inference_delay=10.0,530.0595921358176,104,814.9944165947455,10.0
RR,0,52,3464505406749007226,gateway_calibration,sweep:inference_delay=10.0,652.8705319388871,124,814.9944165947455,10.0
RR,0,53,3963864107040187887,gateway_calibration,sweep:inference_delay=10.0,625.4670371338124,116,814.9944165947455,10.0
RR,0,54,7208620182972257321,gateway_calibration,sweep:inference_delay=10.0,680.3210946391326,136,814.9944165947455,10.0
RR,0,55,3239287484485163206,gateway_calibration,sweep:inference_delay=10.0,642.8924245257361,112,814.9944165947455,10.0
RR,0,56,3072856176706187233,gateway_calibration,sweep:inference_delay=10.0,600.2483401142921,129,814.9944165947455,10.0
RR,0,57,114975953438731580,gateway_calibration,sweep:inference_delay=10.0,556.3605401719249,119,814.9944165947455,10.0
RR,0,58,8413793798341656640,gateway_calibration,sweep:inference_delay=10.0,713.6256953867481,131,814.9944165947455,10.0
RR,0,59,5081659668465426551,gateway_calibration,sweep:inference_delay=10.0,650.6247845813805,104,814.9944165947455,10.0
RR,0,60,4522942961088522158,gateway_calibration,sweep:inference_delay=10.0,793.1264020763389,142,814.9944165947455,10.0
RR,0,61,3457036150190136904,gateway_calibration,sweep:inference_delay=10.0,712.960936831924,139,814.9944165947455,10.0
RR,0,62,4074137883015100121,gateway_calibration,sweep:inference_delay=10.0,672.8728053127281,128,814.9944165947455,10.0
RR,0,63,6906166305490545476,gateway_calibration,sweep:inference_delay=10.0,721.452024731876,127,814.9944165947455,10.0
RR,0,64,4416456575241990974,gateway_calibration,sweep:inference_delay=10.0,672.6099885726252,117,814.9944165947455,10.0
RR,0,65,4211219218115830647,gateway_calibration,sweep:inference_delay=10.0,667.5004764276723,120,814.9944165947455,10.0
RR,0,66,7432626247144457274,gateway_calibration,sweep:inference_delay=10.0,751.5799702087473,143,814.9944165947455,10.0
RR,0,67,3951460391655009558,gateway_calibration,sweep:inference_delay=10.0,673.6432886986984,129,814.9944165947455,10.0
RR,0,68,5213872230581518477,gateway_calibration,sweep:inference_delay=10.0,706.2870572815418,128,814.9944165947455,10.0
RR,0,69,3305773861132405076,gateway_calibration,sweep:inference_delay=10.0,682.3896696505357,128,814.9944165947455,10.0
RR,0,70,6269031707500816043,gateway_calibration,sweep:inference_delay=10.0,621.7543287023691,124,814.9944165947455,10.0
RR,0,71,809662866910847678,gateway_calibration,sweep:inference_delay=10.0,719.1374566653474,136,814.9944165947455,10.0
RR,0,72,2574613928981938574,gateway_calibration,sweep:inference_delay=10.0,586.8796949999258,123,814.9944165947455,10.0
RR,0,73,6089003096968738155,gateway_calibration,sweep:inference_delay=10.0,696.0923073349373,115,814.9944165947455,10.0
RR,0,74,1419457417642917865,gateway_calibration,sweep:inference_delay=10.0,660.3332848241437,141,814.9944165947455,10.0
RR,0,75,838920260566265173,gateway_calibration,sweep:inference_delay=10.0,733.8801203803014,128,814.9944165947455,10.0
RR,0,76,2960606552923196939,gateway_calibration,sweep:inference_delay=10.0,520.3690020070602,107,814.9944165947455,10.0
RR,0,77,4110897889718147490,gateway_calibration,sweep:inference_delay=10.0,707.993701861238,137,814.9944165947455,10.0
RR,0,78,1837368887962271253,gateway_calibration,sweep:inference_delay=10.0,679.1281722996052,123,814.9944165947455,10.0
RR,0,79,5385479498619956126,gateway_calibration,sweep:inference_delay=10.0,609.476113411497,118,814.9944165947455,10.0
RR,0,80,6249406903195008845,gateway_calibration,sweep:inference_delay=10.0,652.7492726283219,116,814.9944165947455,10.0
RR,0,81,1085394251510257806,gateway_calibration,sweep:inference_delay=10.0,717.9199172957939,138,814.9944165947455,10.0
RR,0,82,2814334688418490395,gateway_calibration,sweep:inference_delay=10.0,605.5034930649564,124,814.9944165947455,10.0
RR,0,83,6860310037961245342,gateway_calibration,sweep:inference_delay=10.0,659.550805775527,120,814.9944165947455,10.0
RR,0,84,3665169491436613237,gateway_calibration,sweep:inference_delay=10.0,565.7698430367246,115,814.9944165947455,10.0
RR,0,85,4501177159941204635,gateway_calibration,sweep:inference_delay=10.0,808.1313597796548,153,814.9944165947455,10.0
RR,0,86,1607398308817967611,gateway_calibration,sweep:inference_delay=10.0,688.8714761567494,131,814.9944165947455,10.0
RR,0,87,382934452830725725,gateway_calibration,sweep:inference_delay=10.0,677.2249805003183,128,814.9944165947455,10.0
RR,0,88,3214994743187018338,gateway_calibration,sweep:inference_delay=10.0,696.7583358135594,134,814.9944165947455,10.0
RR,0,89,6810983390309033618,gateway_calibration,sweep:inference_delay=10.0,490.09628038560663,104,814.9944165947455,10.0
RR,0,90,905392402729143295,gateway_calibration,sweep:inference_delay=10.0,642.6340310372799,119,814.9944165947455,10.0
RR,0,91,5893132263558168544,gateway_calibration,sweep:inference_delay=10.0,714.4540271981806,139,814.9944165947455,10.0
RR,0,92,7818118477081631073,gateway_calibration,sweep:inference_delay=10.0,741.9350767596493,128,814.9944165947455,10.0
RR,0,93,8477176458569194358,gateway_calibration,sweep:inference_delay=10.0,574.754346940478,115,814.9944165947455,10.0
RR,0,94,6436395388025438225,gateway_calibration,sweep:inference_delay=10.0,721.6794155568505,121,814.9944165947455,10.0
RR,0,95,5662493746153973169,gateway_calibration,sweep:inference_delay=10.0,740.126641035323,134,814.9944165947455,10.0
RR,0,96,8760836115373919402,gateway_calibration,sweep:inference_delay=10.0,544.8390591852686,116,814.9944165947455,10.0
RR,0,97,1828448270095659962,gateway_calibration,sweep:inference_delay=10.0,689.0499135212623,133,814.9944165947455,10.0
RR,0,98,3891286408832223716,gateway_calibration,sweep:inference_delay=10.0,765.2013967871472,130,814.9944165947455,10.0
RR,0,99,3281852156767873975,gateway_calibration,sweep:inference_delay=10.0,792.06729479012,138,814.9944165947455,10.0
RR,0,100,7360961852949781040,gateway_calibration,sweep:inference_delay=10.0,568.390277703149,123,814.9944165947455,10.0
RR,0,101,5714098941459959248,gateway_calibration,sweep:inference_delay=10.0,664.2800797931545,120,814.9944165947455,10.0
RR,0,102,8889965303897002547,gateway_calibration,sweep:inference_delay=10.0,635.7208489288556,129,814.9944165947455,10.0
RR,0,103,5588104119418280877,gateway_calibration,sweep:inference_delay=10.0,630.1873281235803,114,814.9944165947455,10.0
RR,0,104,1717541167968371460,gateway_calibration,sweep:inference_delay=10.0,573.5468974820809,115,814.9944165947455,10.0
RR,0,105,4281328841369799324,gateway_calibration,sweep:inference_delay=10.0,827.6967406049281,143,814.9944165947455,10.0
RR,0,106,3841998439616210858,gateway_calibration,sweep:inference_delay=10.0,756.9886909907419,126,814.9944165947455,10.0
RR,0,107,4656109134823519864,gateway_calibration,sweep:inference_delay=10.0,697.7603220214512,133,814.9944165947455,10.0
RR,0,108,11120538725514258,gateway_calibration,sweep:inference_delay=10.0,644.084905028914,115,814.9944165947455,10.0
RR,0,109,1117921012405786410,gateway_calibration,sweep:inference_delay=10.0,672.1425347712535,117,814.9944165947455,10.0
RR,0,110,6244314511794615198,gateway_calibration,sweep:inference_delay=10.0,559.3617649863806,120,814.9944165947455,10.0
RR,0,111,1103807163452981408,gateway_calibration,sweep:inference_delay=10.0,780.321861498252,141,814.9944165947455,10.0
RR,0,112,6471037810299585802,gateway_calibration,sweep:inference_delay=10.0,725.8614250346626,134,814.9944165947455,10.0
RR,0,113,6631451902567015366,gateway_calibration,sweep:inference_delay=10.0,739.098851439131,127,814.9944165947455,10.0
RR,0,114,7702108297036266510,gateway_calibration,sweep:inference_delay=10.0,829.0086201896474,146,814.9944165947455,10.0
RR,0,115,4452377490350809379,gateway_calibration,sweep:inference_delay=10.0,784.6055907204794,135,814.9944165947455,10.0
RR,0,116,1092794466350355812,gateway_calibration,sweep:inference_delay=10.0,614.6068090299756,114,814.9944165947455,10.0
RR,0,117,7558381943245443584,gateway_calibration,sweep:inference_delay=10.0,690.4183931882471,138,814.9944165947455,10.0
RR,0,118,178649863086473376,gateway_calibration,sweep:inference_delay=10.0,583.5080687116418,104,814.9944165947455,10.0
RR,0,119,4715177589153388282,gateway_calibration,sweep:inference_delay=10.0,666.8923375264972,107,814.9944165947455,10.0
RR,0,120,8120724148263062663,gateway_calibration,sweep:inference_delay=10.0,660.4115970338185,128,814.9944165947455,10.0
RR,0,121,168045108984373443,gateway_calibration,sweep:inference_delay=10.0,786.5893361350048,139,814.9944165947455,10.0
RR,0,122,4448573567488048157,gateway_calibration,sweep:inference_delay=10.0,643.1016769673859,128,814.9944165947455,10.0
RR,0,123,6604427556566648143,gateway_calibration,sweep:inference_delay=10.0,638.9379780944053,114,814.9944165947455,10.0
RR,0,124,4041790677408288388,gateway_calibration,sweep:inference_delay=10.0,693.5385239837882,114,814.9944165947455,10.0
RR,0,125,7595566272703394456,gateway_calibration,sweep:inference_delay=10.0,665.2074353873967,121,814.9944165947455,10.0
RR,0,126,3924338268029693169,gateway_calibration,sweep:inference_delay=10.0,631.5876067880802,108,814.9944165947455,10.0
RR,0,127,993113404262620690,gateway_calibration,sweep:inference_delay=10.0,724.1922534652203,116,814.9944165947455,10.0
RR,0,128,516813985793265926,gateway_calibration,sweep:inference_delay=10.0,594.0082425030707,111,814.9944165947455,10.0
RR,0,129,1393072011790709531,gateway_calibration,sweep:inference_delay=10.0,597.438979877766,129,814.9944165947455,10.0
RR,0,130,7212894251704360389,gateway_calibration,sweep:inference_delay=10.0,591.1771601400599,123,814.9944165947455,10.0
RR,0,131,296305671350076636,gateway_calibration,sweep:inference_delay=10.0,588.5704457899687,112,814.9944165947455,10.0
RR,0,132,6888358162859819704,gateway_calibration,sweep:inference_delay=10.0,741.2772975810727,128,814.9944165947455,10.0
RR,0,133,4687595579221929319,gateway_calibration,sweep:inference_delay=10.0,906.8726877609541,140,814.9944165947455,10.0
RR,0,134,5436606824819494970,gateway_calibration,sweep:inference_delay=10.0,622.6135004448554,118,814.9944165947455,10.0
RR,0,135,7400290195132648492,gateway_calibration,sweep:inference_delay=10.0,668.9660587061744,123,814.9944165947455,10.0
RR,0,136,3784203482858007648,gateway_calibration,sweep:inference_delay=10.0,698.8894026821063,127,814.9944165947455,10.0
RR,0,137,7046081378856652186,gateway_calibration,sweep:inference_delay=10.0,782.4119392621599,133,814.9944165947455,10.0
RR,0,138,7150443233582535328,gateway_calibration,sweep:inference_delay=10.0,644.0074185985115,120,814.9944165947455,10.0
RR,0,139,7915447824766141547,gateway_calibration,sweep:inference_delay=10.0,814.8208476399282,141,814.9944165947455,10.0
RR,0,140,8981247333002759751,gateway_calibration,sweep:inference_delay=10.0,828.2160868376122,137,814.9944165947455,10.0
RR,0,141,252382698740278989,gateway_calibration,sweep:inference_delay=10.0,677.703182276696,126,814.9944165947455,10.0
RR,0,142,1556244228282811585,gateway_calibration,sweep:inference_delay=10.0,585.5327242208658,117,814.9944165947455,10.0
RR,0,143,3222375040947761697,gateway_calibration,sweep:inference_delay=10.0,655.857009084208,126,814.9944165947455,10.0
RR,0,144,6708445081362929052,gateway_calibration,sweep:inference_delay=10.0,669.7105460559872,124,814.9944165947455,10.0
RR,0,145,3622213844646974167,gateway_calibration,sweep:inference_delay=10.0,575.5112625585699,121,814.9944165947455,10.0
RR,0,146,2545051280088737772,gateway_calibration,sweep:inference_delay=10.0,648.4344028820361,131,814.9944165947455,10.0
RR,0,147,5769244922708788880,gateway_calibration,sweep:inference_delay=10.0,682.6398729705268,128,814.9944165947455,10.0
RR,0,148,3176485127897179099,gateway_calibration,sweep:inference_delay=10.0,538.3198096393269,107,814.9944165947455,10.0
RR,0,149,2440056443110369581,gateway_calibration,sweep:inference_delay=10.0,625.7694867336189,126,814.9944165947455,10.0
RR,0,150,298924158423602081,gateway_calibration,sweep:inference_delay=10.0,624.6372080081543,137,814.9944165947455,10.0
RR,0,151,769141710072121702,gateway_calibration,sweep:inference_delay=10.0,992.8852771733134,157,814.9944165947455,10.0
RR,0,152,1912662823938237983,gateway_calibration,sweep:inference_delay=10.0,578.564745178006,113,814.9944165947455,10.0
RR,0,153,6126121237744918345,gateway_calibration,sweep:inference_delay=10.0,620.649321979874,120,814.9944165947455,10.0
RR,0,154,4753192834632502976,gateway_calibration,sweep:inference_delay=10.0,748.684223642187,139,814.9944165947455,10.0
RR,0,155,412791728555255984,gateway_calibration,sweep:inference_delay=10.0,727.0065243187997,120,814.9944165947455,10.0
RR,0,156,1206389606112860723,gateway_calibration,sweep:inference_delay=10.0,723.7014126722723,132,814.9944165947455,10.0
RR,0,157,4165646465621082956,gateway_calibration,sweep:inference_delay=10.0,568.4373594588873,107,814.9944165947455,10.0
RR,0,158,8923553759391387955,gateway_calibration,sweep:inference_delay=10.0,591.019040665654,116,814.9944165947455,10.0
RR,0,159,4328635863448321680,gateway_calibration,sweep:inference_delay=10.0,779.6666970153815,135,814.9944165947455,10.0
RR,0,160,2179168745099132044,gateway_calibration,sweep:inference_delay=10.0,677.1107751883604,138,814.9944165947455,10.0
RR,0,161,4571454687830974056,gateway_calibration,sweep:inference_delay=10.0,661.0301357241318,115,814.9944165947455,10.0
RR,0,162,8457905333742403134,gateway_calibration,sweep:inference_delay=10.0,759.9002194548076,131,814.9944165947455,10.0
RR,0,163,1288431300519379446,gateway_calibration,sweep:inference_delay=10.0,712.7554889373879,134,814.9944165947455,10.0
RR,0,164,8341921605681875909,gateway_calibration,sweep:inference_delay=10.0,691.3531308477653,134,814.9944165947455,10.0
RR,0,165,880741760400581182,gateway_calibration,sweep:inference_delay=10.0,650.3493490461053,129,814.9944165947455,10.0
RR,0,166,4215031473332617811,gateway_calibration,sweep:inference_delay=10.0,837.6247495421961,128,814.9944165947455,10.0
RR,0,167,325091185540410898,gateway_calibration,sweep:inference_delay=10.0,752.7814620324677,133,814.9944165947455,10.0
RR,0,168,4800497786534560048,gateway_calibration,sweep:inference_delay=10.0,645.4434578424562,125,814.9944165947455,10.0
RR,0,169,548914516025907671,gateway_calibration,sweep:inference_delay=10.0,721.522155605421,123,814.9944165947455,10.0
RR,0,170,2792971617030329913,gateway_calibration,sweep:inference_delay=10.0,803.126620494026,135,814.9944165947455,10.0
RR,0,171,1821549596408608584,gateway_calibration,sweep:inference_delay=10.0,651.0237558777789,120,814.9944165947455,10.0
RR,0,172,7989406821533743214,gateway_calibration,sweep:inference_delay=10.0,653.9307522537077,132,814.9944165947455,10.0
RR,0,173,1639547373304406025,gateway_calibration,sweep:inference_delay=10.0,672.0289563388498,129,814.9944165947455,10.0
RR,0,174,4981391405569804682,gateway_calibration,sweep:inference_delay=10.0,628.2000964986378,127,814.9944165947455,10.0
RR,0,175,1889391752691973073,gateway_calibration,sweep:inference_delay=10.0,699.3655811246689,145,814.9944165947455,10.0
RR,0,176,9154800277965936354,gateway_calibration,sweep:inference_delay=10.0,622.281770121549,128,814.9944165947455,10.0
RR,0,177,6681967141078497095,gateway_calibration,sweep:inference_delay=10.0,624.880580572047,128,814.9944165947455,10.0
RR,0,178,4336175183793853455,gateway_calibration,sweep:inference_delay=10.0,721.2098204265964,134,814.9944165947455,10.0
RR,0,179,6979023882190129764,gateway_calibration,sweep:inference_delay=10.0,720.2771137511677,128,814.9944165947455,10.0
RR,0,180,7966630892838924315,gateway_calibration,sweep:inference_delay=10.0,783.5984439189249,139,814.9944165947455,10.0
RR,0,181,6133256613714339848,gateway_calibration,sweep:inference_delay=10.0,729.3800294671809,130,814.9944165947455,10.0
RR,0,182,8124933426164251714,gateway_calibration,sweep:inference_delay=10.0,729.1815059418633,141,814.9944165947455,10.0
RR,0,183,8419667400193659313,gateway_calibration,sweep:inference_delay=10.0,751.5014061170236,127,814.9944165947455,10.0
RR,0,184,7626920012063289612,gateway_calibration,sweep:inference_delay=10.0,781.3786172281418,132,814.9944165947455,10.0
RR,0,185,7624150458662919394,gateway_calibration,sweep:inference_delay=10.0,814.9484516581003,139,814.9944165947455,10.0
RR,0,186,532176169753559272,gateway_calibration,sweep:inference_delay=10.0,697.0032598568273,130,814.9944165947455,10.0
RR,0,187,4346238136961299165,gateway_calibration,sweep:inference_delay=10.0,950.5845155946749,142,814.9944165947455,10.0
RR,0,188,2047502850624054945,gateway_calibration,sweep:inference_delay=10.0,539.0530734208245,109,814.9944165947455,10.0
RR,0,189,7675205370449120449,gateway_calibration,sweep:inference_delay=10.0,613.1400126133713,131,814.9944165947455,10.0
RR,0,190,3572341146621602713,gateway_calibration,sweep:inference_delay=10.0,754.3814691628755,120,814.9944165947455,10.0
RR,0,191,6924981390463351895,gateway_calibration,sweep:inference_delay=10.0,702.464399941402,121,814.9944165947455,10.0
RR,0,192,368369055046658747,gateway_calibration,sweep:inference_delay=10.0,584.9312893355178,120,814.9944165947455,10.0
RR,0,193,5882754284278769786,gateway_calibration,sweep:inference_delay=10.0,694.4376825605025,119,814.9944165947455,10.0
RR,0,194,2582079507513282179,gateway_calibration,sweep:inference_delay=10.0,811.7784763194053,122,814.9944165947455,10.0
RR,0,195,4803815942263312590,gateway_calibration,sweep:inference_delay=10.0,594.1722644247386,119,814.9944165947455,10.0
RR,0,196,4297533458805319891,gateway_calibration,sweep:inference_delay=10.0,540.4810963891036,122,814.9944165947455,10.0
RR,0,197,3272875983470516375,gateway_calibration,sweep:inference_delay=10.0,751.7481109873456,134,814.9944165947455,10.0
RR,0,198,4198687776720750986,gateway_calibration,sweep:inference_delay=10.0,774.2876973084609,140,814.9944165947455,10.0
RR,0,199,8175220449024438134,gateway_calibration,sweep:inference_delay=10.0,624.3313153608146,124,814.9944165947455,10.0
RR,0,200,6898434672825899519,gateway_calibration,sweep:inference_delay=10.0,770.1337730002157,124,814.9944165947455,10.0
RR,0,201,1865926353589421119,gateway_calibration,sweep:inference_delay=10.0,914.6300233012088,130,814.9944165947455,10.0
RR,0,202,7917130856809053960,gateway_calibration,sweep:inference_delay=10.0,678.7845879210737,138,814.9944165947455,10.0
RR,0,203,2030803119758113767,gateway_calibration,sweep:inference_delay=10.0,738.950598475757,144,814.9944165947455,10.0
RR,0,204,4551634579659347808,gateway_calibration,sweep:inference_delay=10.0,680.7397329024773,112,814.9944165947455,10.0
RR,0,205,5055856091742270541,gateway_calibration,sweep:inference_delay=10.0,647.662500831978,139,814.9944165947455,10.0
RR,0,206,410162788708628761,gateway_calibration,sweep:inference_delay=10.0,791.6644500857682,130,814.9944165947455,10.0
RR,0,207,3565110309350537428,gateway_calibration,sweep:inference_delay=10.0,781.2478360839875,134,814.9944165947455,10.0
RR,0,208,2104408840368461434,gateway_calibration,sweep:inference_delay=10.0,743.3771965169036,131,814.9944165947455,10.0
RR,0,209,2597690903809596447,gateway_calibration,sweep:inference_delay=10.0,693.0179791877728,140,814.9944165947455,10.0
RR,0,210,4781152407008455532,gateway_calibration,sweep:inference_delay=10.0,718.1928086014967,127,814.9944165947455,10.0
RR,0,211,1925017289062839630,gateway_calibration,sweep:inference_delay=10.0,699.0458401699344,135,814.9944165947455,10.0
RR,0,212,1199958180283462715,gateway_calibration,sweep:inference_delay=10.0,556.0886950573407,125,814.9944165947455,10.0
RR,0,213,4659513730920831,gateway_calibration,sweep:inference_delay=10.0,743.6457874384906,126,814.9944165947455,10.0
RR,0,214,5788801240499269989,gateway_calibration,sweep:inference_delay=10.0,670.9577627789396,120,814.9944165947455,10.0
RR,0,215,9084047724594990919,gateway_calibration,sweep:inference_delay=10.0,794.2236585833277,143,814.9944165947455,10.0
RR,0,216,6002831013828907671,gateway_calibration,sweep:inference_delay=10.0,738.4994729837991,139,814.9944165947455,10.0
RR,0,217,220399003634111605,gateway_calibration,sweep:inference_delay=10.0,706.5604775854873,126,814.9944165947455,10.0
RR,0,218,4045743812387725595,gateway_calibration,sweep:inference_delay=10.0,639.4061105050139,119,814.9944165947455,10.0
RR,0,219,5952462952010127069,gateway_calibration,sweep:inference_delay=10.0,670.7001504162988,136,814.9944165947455,10.0
RR,0,220,4432578577141932327,gateway_calibration,sweep:inference_delay=10.0,800.1747935921868,125,814.9944165947455,10.0
RR,0,221,8745441341674089383,gateway_calibration,sweep:inference_delay=10.0,737.4995911677587,139,814.9944165947455,10.0
RR,0,222,7042161204824117362,gateway_calibration,sweep:inference_delay=10.0,631.371790176834,118,814.9944165947455,10.0
RR,0,223,8982478102794449706,gateway_calibration,sweep:inference_delay=10.0,662.481062377887,121,814.9944165947455,10.0
RR,0,224,3575136462625063533,gateway_calibration,sweep:inference_delay=10.0,542.8843074997815,122,814.9944165947455,10.0
RR,0,225,9125862443705693075,gateway_calibration,sweep:inference_delay=10.0,661.6593979420502,124,814.9944165947455,10.0
RR,0,226,9010341502833215928,gateway_calibration,sweep:inference_delay=10.0,562.1786961124739,119,814.9944165947455,10.0
RR,0,227,6615238198991234256,gateway_calibration,sweep:inference_delay=10.0,691.8246383474585,144,814.9944165947455,10.0
RR,0,228,7421005048128115658,gateway_calibration,sweep:inference_delay=10.0,589.5785483996061,125,814.9944165947455,10.0
RR,0,229,9047298902116598526,gateway_calibration,sweep:inference_delay=10.0,547.3993632573679,105,814.9944165947455,10.0
RR,0,230,4704421864082892828,gateway_calibration,sweep:inference_delay=10.0,676.2352625246656,129,814.9944165947455,10.0
RR,0,231,2344092042026464983,gateway_calibration,sweep:inference_delay=10.0,686.6770529147433,117,814.9944165947455,10.0
RR,0,232,223104989937636984,gateway_calibration,sweep:inference_delay=10.0,575.1526051322026,124,814.9944165947455,10.0
RR,0,233,7767038095118723637,gateway_calibration,sweep:inference_delay=10.0,731.7252635569994,131,814.9944165947455,10.0
RR,0,234,3112623400169471347,gateway_calibration,sweep:inference_delay=10.0,734.4388727767202,120,814.9944165947455,10.0
RR,0,235,2971759194864173980,gateway_calibration,sweep:inference_delay=10.0,754.233495815633,134,814.9944165947455,10.0
RR,0,236,3062795375647722330,gateway_calibration,sweep:inference_delay=10.0,729.6214556720741,120,814.9944165947455,10.0
RR,0,237,670252113160041700,gateway_calibration,sweep:inference_delay=10.0,589.6266359364334,127,814.9944165947455,10.0
RR,0,238,662824744075346888,gateway_calibration,sweep:inference_delay=10.0,749.1233265730559,135,814.9944165947455,10.0
RR,0,239,2834492127994927131,gateway_calibration,sweep:inference_delay=10.0,633.5419960982392,129,814.9944165947455,10.0
RR,0,240,7794380943988459101,gateway_calibration,sweep:inference_delay=10.0,749.1235331217307,134,814.9944165947455,10.0
RR,0,241,156657018587944248,gateway_calibration,sweep:inference_delay=10.0,764.1037115196161,125,814.9944165947455,10.0
RR,0,242,4335765187486669018,gateway_calibration,sweep:inference_delay=10.0,522.3455908282914,128,814.9944165947455,10.0
RR,0,243,4991113617990194742,gateway_calibration,sweep:inference_delay=10.0,697.3580853129685,123,814.9944165947455,10.0
RR,0,244,3129606180253828019,gateway_calibration,sweep:inference_delay=10.0,600.7269264658505,122,814.9944165947455,10.0
RR,0,245,8882225434686214592,gateway_calibration,sweep:inference_delay=10.0,813.4622140286233,158,814.9944165947455,10.0
RR,0,246,8126186677104193166,gateway_calibration,sweep:inference_delay=10.0,741.8425777524922,140,814.9944165947455,10.0
RR,0,247,4385555370430785220,gateway_calibration,sweep:inference_delay=10.0,645.4815465940679,138,814.9944165947455,10.0
RR,0,248,5291542993822970475,gateway_calibration,sweep:inference_delay=10.0,682.6060924805272,130,814.9944165947455,10.0
RR,0,249,2447705716685499702,gateway_calibration,sweep:inference_delay=10.0,664.5838141718544,117,814.9944165947455,10.0
RR,0,250,7887080187930586359,gateway_calibration,sweep:inference_delay=10.0,708.3267972718526,137,814.9944165947455,10.0
RR,0,251,196588640453960414,gateway_calibration,sweep:inference_delay=10.0,713.4238700774753,139,814.9944165947455,10.0
RR,0,252,7049822512042445739,gateway_calibration,sweep:inference_delay=10.0,727.9938030865662,139,814.9944165947455,10.0
RR,0,253,2433285106469738865,gateway_calibration,sweep:inference_delay=10.0,566.8592180451549,104,814.9944165947455,10.0
RR,0,254,3467266323310966512,gateway_calibration,sweep:inference_delay=10.0,510.24111010030583,113,814.9944165947455,10.0
RR,0,255,8594738785929265543,gateway_calibration,sweep:inference_delay=10.0,622.4526434525304,126,814.9944165947455,10.0
RR,0,256,7640912575832976732,gateway_calibration,sweep:inference_delay=10.0,583.4826623798933,121,814.9944165947455,10.0
RR,0,257,3840182603161796083,gateway_calibration,sweep:inference_delay=10.0,830.2641814683803,138,814.9944165947455,10.0
RR,0,258,7152903702574683665,gateway_calibration,sweep:inference_delay=10.0,546.035140681671,104,814.9944165947455,10.0
RR,0,259,7739563999876673070,gateway_calibration,sweep:inference_delay=10.0,703.0947766422524,127,814.9944165947455,10.0
RR,0,260,5432614852837118119,gateway_calibration,sweep:inference_delay=10.0,644.5680477445298,115,814.9944165947455,10.0
RR,0,261,7786812540768457475,gateway_calibration,sweep:inference_delay=10.0,601.8451265841718,122,814.9944165947455,10.0
RR,0,262,8007394893828603294,gateway_calibration,sweep:inference_delay=10.0,742.8842250172801,145,814.9944165947455,10.0
RR,0,263,227538517804236808,gateway_calibration,sweep:inference_delay=10.0,597.5009178827938,127,814.9944165947455,10.0
RR,0,264,2672248130236387599,gateway_calibration,sweep:inference_delay=10.0,684.2643345811327,136,814.9944165947455,10.0
RR,0,265,3873758349719846718,gateway_calibration,sweep:inference_delay=10.0,753.9347683720194,139,814.9944165947455,10.0
RR,0,266,7520357220669258299,gateway_calibration,sweep:inference_delay=10.0,691.5934777583224,123,814.9944165947455,10.0
RR,0,267,4108318470340852406,gateway_calibration,sweep:inference_delay=10.0,757.3454071329647,118,814.9944165947455,10.0
RR,0,268,1602039040066355390,gateway_calibration,sweep:inference_delay=10.0,857.8901603279204,137,814.9944165947455,10.0
RR,0,269,7167505771001884355,gateway_calibration,sweep:inference_delay=10.0,724.473409040776,111,814.9944165947455,10.0
RR,0,270,5084866408938224751,gateway_calibration,sweep:inference_delay=10.0,598.143533330081,101,814.9944165947455,10.0
RR,0,271,7959863491751839215,gateway_calibration,sweep:inference_delay=10.0,740.8879097500325,137,814.9944165947455,10.0
RR,0,272,947719943222258280,gateway_calibration,sweep:inference_delay=10.0,683.0580576785649,126,814.9944165947455,10.0
RR,0,273,1849500022191184561,gateway_calibration,sweep:inference_delay=10.0,674.8690734329248,129,814.9944165947455,10.0
RR,0,274,8008426405489801988,gateway_calibration,sweep:inference_delay=10.0,583.4023485373207,101,814.9944165947455,10.0
RR,0,275,3336492950420545420,gateway_calibration,sweep:inference_delay=10.0,579.8846018709194,121,814.9944165947455,10.0
RR,0,276,6753407086299899127,gateway_calibration,sweep:inference_delay=10.0,629.4199697431806,126,814.9944165947455,10.0
RR,0,277,831490936039979827,gateway_calibration,sweep:inference_delay=10.0,752.5884350161132,134,814.9944165947455,10.0
RR,0,278,5525662870996963695,gateway_calibration,sweep:inference_delay=10.0,673.972465690298,125,814.9944165947455,10.0
RR,0,279,3228694546622935069,gateway_calibration,sweep:inference_delay=10.0,605.3115114598553,113,814.9944165947455,10.0
RR,0,280,4339817699943398703,gateway_calibration,sweep:inference_delay=10.0,650.781221334355,139,814.9944165947455,10.0
RR,0,281,625823157764174117,gateway_calibration,sweep:inference_delay=10.0,650.52472690365,117,814.9944165947455,10.0
RR,0,282,6529847974992851055,gateway_calibration,sweep:inference_delay=10.0,795.8582301980723,134,814.9944165947455,10.0
RR,0,283,4027295121547364317,gateway_calibration,sweep:inference_delay=10.0,757.9594785144343,130,814.9944165947455,10.0
RR,0,284,4333084235042194312,gateway_calibration,sweep:inference_delay=10.0,633.5378818543053,131,814.9944165947455,10.0
RR,0,285,1428604647847316518,gateway_calibration,sweep:inference_delay=10.0,711.6044273404683,127,814.9944165947455,10.0
RR,0,286,7483486088556245956,gateway_calibration,sweep:inference_delay=10.0,634.634941264334,124,814.9944165947455,10.0
RR,0,287,4655747623563845516,gateway_calibration,sweep:inference_delay=10.0,591.2404061904305,116,814.9944165947455,10.0
RR,0,288,5785830198223786803,gateway_calibration,sweep:inference_delay=10.0,551.9506552905647,119,814.9944165947455,10.0
RR,0,289,852187913113511068,gateway_calibration,sweep:inference_delay=10.0,630.1750284450396,114,814.9944165947455,10.0
RR,0,290,8710470890484137152,gateway_calibration,sweep:inference_delay=10.0,515.9639215360443,117,814.9944165947455,10.0
RR,0,291,6519965560248037575,gateway_calibration,sweep:inference_delay=10.0,713.540677645754,129,814.9944165947455,10.0
RR,0,292,1656397788850393431,gateway_calibration,sweep:inference_delay=10.0,748.723434114497,133,814.9944165947455,10.0
RR,0,293,568364950108119951,gateway_calibration,sweep:inference_delay=10.0,808.4913161730026,126,814.9944165947455,10.0
RR,0,294,4299092495836655341,gateway_calibration,sweep:inference_delay=10.0,726.0716291073402,129,814.9944165947455,10.0
RR,0,295,6161530157433377460,gateway_calibration,sweep:inference_delay=10.0,731.8748570806754,138,814.9944165947455,10.0
RR,0,296,6589980841650612663,gateway_calibration,sweep:inference_delay=10.0,683.7773334260406,133,814.9944165947455,10.0
RR,0,297,7097537107067571394,gateway_calibration,sweep:inference_delay=10.0,585.3099588314385,123,814.9944165947455,10.0
RR,0,298,8882544303948409434,gateway_calibration,sweep:inference_delay=10.0,844.9241872581226,140,814.9944165947455,10.0
RR,0,299,6105850675335279851,gateway_calibration,sweep:inference_delay=10.0,735.449856545023,132,814.9944165947455,10.0
RR,0,300,917902832251061166,gateway_calibration,sweep:inference_delay=10.0,716.7496441945907,118,814.9944165947455,10.0
RR,0,301,2879099043933512643,gateway_calibration,sweep:inference_delay=10.0,821.9293181997717,145,814.9944165947455,10.0
RR,0,302,3326294039167620064,gateway_calibration,sweep:inference_delay=10.0,659.6919986342551,144,814.9944165947455,10.0
RR,0,303,7529230075732965258,gateway_calibration,sweep:inference_delay=10.0,597.2865956602411,115,814.9944165947455,10.0
RR,0,304,4903251658700961767,gateway_calibration,sweep:inference_delay=10.0,697.6607334623473,126,814.9944165947455,10.0
RR,0,305,9195029598248349350,gateway_calibration,sweep:inference_delay=10.0,731.7941664499109,127,814.9944165947455,10.0
RR,0,306,52599905898704667,gateway_calibration,sweep:inference_delay=10.0,649.9831683247352,116,814.9944165947455,10.0
RR,0,307,1125618314360089628,gateway_calibration,sweep:inference_delay=10.0,731.2830526003056,159,814.9944165947455,10.0
RR,0,308,852490151813397359,gateway_calibration,sweep:inference_delay=10.0,753.9996802770917,151,814.9944165947455,10.0
RR,0,309,4207754687113827570,gateway_calibration,sweep:inference_delay=10.0,649.4301770133953,125,814.9944165947455,10.0
RR,0,310,4920369163743948305,gateway_calibration,sweep:inference_delay=10.0,627.5032273273124,130,814.9944165947455,10.0
RR,0,311,7844480842197790823,gateway_calibration,sweep:inference_delay=10.0,676.30512738021,129,814.9944165947455,10.0
RR,0,312,48645783058262866,gateway_calibration,sweep:inference_delay=10.0,483.23964840541095,106,814.9944165947455,10.0
RR,0,313,5916122797757605920,gateway_calibration,sweep:inference_delay=10.0,711.3685319962249,144,814.9944165947455,10.0
RR,0,314,857119412258647342,gateway_calibration,sweep:inference_delay=10.0,743.1201769091771,140,814.9944165947455,10.0
RR,0,315,5861429168552866509,gateway_calibration,sweep:inference_delay=10.0,793.7252023165848,131,814.9944165947455,10.0
RR,0,316,4428334351183570907,gateway_calibration,sweep:inference_delay=10.0,603.1304727228381,119,814.9944165947455,10.0
RR,0,317,1782518074070125008,gateway_calibration,sweep:inference_delay=10.0,719.5821762328505,130,814.9944165947455,10.0
RR,0,318,2806059830313644302,gateway_calibration,sweep:inference_delay=10.0,720.7254285982893,145,814.9944165947455,10.0
RR,0,319,4416717671428271798,gateway_calibration,sweep:inference_delay=10.0,722.0103877330047,138,814.9944165947455,10.0
RR,0,320,7980583367858006026,gateway_calibration,sweep:inference_delay=10.0,725.2302386020938,125,814.9944165947455,10.0
RR,0,321,2325936080814379436,gateway_calibration,sweep:inference_delay=10.0,601.5584120822416,117,814.9944165947455,10.0
RR,0,322,5181398674718431781,gateway_calibration,sweep:inference_delay=10.0,491.56937509189027,112,814.9944165947455,10.0
RR,0,323,3848429920021753864,gateway_calibration,sweep:inference_delay=10.0,635.4162807611701,111,814.9944165947455,10.0
RR,0,324,2512630155057283910,gateway_calibration,sweep:inference_delay=10.0,734.1528704693094,139,814.9944165947455,10.0
RR,0,325,5305328136466702705,gateway_calibration,sweep:inference_delay=10.0,666.4289678029758,137,814.9944165947455,10.0
RR,0,326,2764963581762122704,gateway_calibration,sweep:inference_delay=10.0,677.1554460724177,133,814.9944165947455,10.0
RR,0,327,938584540793523273,gateway_calibration,sweep:inference_delay=10.0,618.6784489447842,114,814.9944165947455,10.0
RR,0,328,2091548493122459065,gateway_calibration,sweep:inference_delay=10.0,632.0443344633511,123,814.9944165947455,10.0
RR,0,329,4306457314138445454,gateway_calibration,sweep:inference_delay=10.0,625.1525419097597,131,814.9944165947455,10.0
RR,0,330,707109937255288179,gateway_calibration,sweep:inference_delay=10.0,633.3237563648672,126,814.9944165947455,10.0
RR,0,331,2012449822148681258,gateway_calibration,sweep:inference_delay=10.0,848.9775273082487,143,814.9944165947455,10.0
RR,0,332,1407993978120224791,gateway_calibration,sweep:inference_delay=10.0,713.2213141603073,132,814.9944165947455,10.0
RR,0,333,2101547653929620659,gateway_calibration,sweep:inference_delay=10.0,761.926522614182,126,814.9944165947455,10.0
RR,0,334,3219717700139546457,gateway_calibration,sweep:inference_delay=10.0,709.8942016211081,120,814.9944165947455,10.0
RR,0,335,4633520566921218027,gateway_calibration,sweep:inference_delay=10.0,865.0002367024099,124,814.9944165947455,10.0
RR,0,336,5210203934987858112,gateway_calibration,sweep:inference_delay=10.0,623.0855684112465,125,814.9944165947455,10.0
RR,0,337,221720733456390245,gateway_calibration,sweep:inference_delay=10.0,710.6474950700781,132,814.9944165947455,10.0
RR,0,338,6887750929581537778,gateway_calibration,sweep:inference_delay=10.0,689.5782849355809,124,814.9944165947455,10.0
RR,0,339,260991793345226994,gateway_calibration,sweep:inference_delay=10.0,532.7097734602181,112,814.9944165947455,10.0
RR,0,340,8746877999921543352,gateway_calibration,sweep:inference_delay=10.0,718.6110418714202,137,814.9944165947455,10.0
RR,0,341,2317137801473880571,gateway_calibration,sweep:inference_delay=10.0,781.9166200612669,118,814.9944165947455,10.0
RR,0,342,6134997596253921769,gateway_calibration,sweep:inference_delay=10.0,800.953555038136,133,814.9944165947455,10.0
RR,0,343,1393983581844183105,gateway_calibration,sweep:inference_delay=10.0,580.4339101330511,128,814.9944165947455,10.0
RR,0,344,9185900088536448965,gateway_calibration,sweep:inference_delay=10.0,762.8392752685077,132,814.9944165947455,10.0
RR,0,345,2066614422211580321,gateway_calibration,sweep:inference_delay=10.0,539.3315318869336,108,814.9944165947455,10.0
RR,0,346,6572738449956415335,gateway_calibration,sweep:inference_delay=10.0,541.7386453449352,108,814.9944165947455,10.0
RR,0,347,6389804173431371729,gateway_calibration,sweep:inference_delay=10.0,825.3211682819035,128,814.9944165947455,10.0
RR,0,348,3368954245211477572,gateway_calibration,sweep:inference_delay=10.0,648.9437788029502,141,814.9944165947455,10.0
RR,0,349,3148510486280105558,gateway_calibration,sweep:inference_delay=10.0,546.6880847619016,119,814.9944165947455,10.0
RR,0,350,1140768025472967164,gateway_calibration,sweep:inference_delay=10.0,699.4565747879504,137,814.9944165947455,10.0
RR,0,351,7031743367037249500,gateway_calibration,sweep:inference_delay=10.0,629.0013084193741,121,814.9944165947455,10.0
RR,0,352,7349822150306208995,gateway_calibration,sweep:inference_delay=10.0,679.4495431500513,134,814.9944165947455,10.0
RR,0,353,687973337271083316,gateway_calibration,sweep:inference_delay=10.0,665.3851194434972,135,814.9944165947455,10.0
RR,0,354,2168197674474530513,gateway_calibration,sweep:inference_delay=10.0,653.6640694420911,125,814.9944165947455,10.0
RR,0,355,6293654943717729053,gateway_calibration,sweep:inference_delay=10.0,586.982976295186,117,814.9944165947455,10.0
RR,0,356,4390483303704997726,gateway_calibration,sweep:inference_delay=10.0,582.411487506631,110,814.9944165947455,10.0
RR,0,357,1854316584876458591,gateway_calibration,sweep:inference_delay=10.0,570.1450064500327,136,814.9944165947455,10.0
RR,0,358,7915313421870266076,gateway_calibration,sweep:inference_delay=10.0,746.1098797697017,118,814.9944165947455,10.0
RR,0,359,4235964634654846427,gateway_calibration,sweep:inference_delay=10.0,698.0829081514539,139,814.9944165947455,10.0
RR,0,360,5818833497421823051,gateway_calibration,sweep:inference_delay=10.0,740.4276033798645,119,814.9944165947455,10.0
RR,0,361,4242729073121353581,gateway_calibration,sweep:inference_delay=10.0,867.3477681199943,137,814.9944165947455,10.0
RR,0,362,51725448714283052,gateway_calibration,sweep:inference_delay=10.0,734.4873713437661,129,814.9944165947455,10.0
RR,0,363,7950009456944714192,gateway_calibration,sweep:inference_delay=10.0,695.924799687331,119,814.9944165947455,10.0
RR,0,364,4616861813605760467,gateway_calibration,sweep:inference_delay=10.0,785.817429924912,150,814.9944165947455,10.0
RR,0,365,3131644150782178217,gateway_calibration,sweep:inference_delay=10.0,824.4237936074454,147,814.9944165947455,10.0
RR,0,366,1458429739092301751,gateway_calibration,sweep:inference_delay=10.0,750.036903069695,114,814.9944165947455,10.0
RR,0,367,413454851417021492,gateway_calibration,sweep:inference_delay=10.0,647.0336733711067,122,814.9944165947455,10.0
RR,0,368,1589875838607164891,gateway_calibration,sweep:inference_delay=10.0,576.4754146870624,124,814.9944165947455,10.0
RR,0,369,1901427410041970851,gateway_calibration,sweep:inference_delay=10.0,568.0244193223899,119,814.9944165947455,10.0
RR,0,370,5660518494615186897,gateway_calibration,sweep:inference_delay=10.0,595.9142738226782,112,814.9944165947455,10.0
RR,0,371,4340467197749638598,gateway_calibration,sweep:inference_delay=10.0,707.2603433030897,121,814.9944165947455,10.0
RR,0,372,3986745208398816824,gateway_calibration,sweep:inference_delay=10.0,619.9216473165483,130,814.9944165947455,10.0
RR,0,373,7325411825131879015,gateway_calibration,sweep:inference_delay=10.0,680.8759633618581,128,814.9944165947455,10.0
RR,0,374,5066473612544742522,gateway_calibration,sweep:inference_delay=10.0,647.0700789496674,121,814.9944165947455,10.0
RR,0,375,4308374564449105127,gateway_calibration,sweep:inference_delay=10.0,772.1213473319447,147,814.9944165947455,10.0
RR,0,376,1002416442472180531,gateway_calibration,sweep:inference_delay=10.0,746.9071081088831,125,814.9944165947455,10.0
RR,0,377,4899532699509565437,gateway_calibration,sweep:inference_delay=10.0,663.9140483877254,125,814.9944165947455,10.0
RR,0,378,236193110265701488,gateway_calibration,sweep:inference_delay=10.0,651.7181560409336,122,814.9944165947455,10.0
RR,0,379,4794116717418045181,gateway_calibration,sweep:inference_delay=10.0,607.7006315084307,122,814.9944165947455,10.0
RR,0,380,6841383638408184931,gateway_calibration,sweep:inference_delay=10.0,631.7346498869883,122,814.9944165947455,10.0
RR,0,381,4512066057519378704,gateway_calibration,sweep:inference_delay=10.0,647.9287991168763,134,814.9944165947455,10.0
RR,0,382,1906159817219817383,gateway_calibration,sweep:inference_delay=10.0,760.6865648713441,114,814.9944165947455,10.0
RR,0,383,1941554973479936226,gateway_calibration,sweep:inference_delay=10.0,584.4020413138724,102,814.9944165947455,10.0
RR,0,384,8629485338707232420,gateway_calibration,sweep:inference_delay=10.0,656.7360639652057,134,814.9944165947455,10.0
RR,0,385,1456654459922981714,gateway_calibration,sweep:inference_delay=10.0,731.8837733534091,118,814.9944165947455,10.0
RR,0,386,6400327344461466456,gateway_calibration,sweep:inference_delay=10.0,611.0585560233148,103,814.9944165947455,10.0
RR,0,387,896928164580625702,gateway_calibration,sweep:inference_delay=10.0,620.4088725552269,130,814.9944165947455,10.0
RR,0,388,4445089072048637488,gateway_calibration,sweep:inference_delay=10.0,585.5191785085792,115,814.9944165947455,10.0
RR,0,389,1579534281177363133,gateway_calibration,sweep:inference_delay=10.0,610.4956528489882,114,814.9944165947455,10.0
RR,0,390,5719002210339444545,gateway_calibration,sweep:inference_delay=10.0,584.7844788136879,110,814.9944165947455,10.0
RR,0,391,5108049783014067112,gateway_calibration,sweep:inference_delay=10.0,648.0575903033291,121,814.9944165947455,10.0
RR,0,392,4980181941580125415,gateway_calibration,sweep:inference_delay=10.0,651.8024393278806,131,814.9944165947455,10.0
RR,0,393,5754385077178138102,gateway_calibration,sweep:inference_delay=10.0,815.8677503910052,124,814.9944165947455,10.0
RR,0,394,6219555724164946688,gateway_calibration,sweep:inference_delay=10.0,814.1527766530068,143,814.9944165947455,10.0
RR,0,395,3770153499727457804,gateway_calibration,sweep:inference_delay=10.0,663.679446498468,128,814.9944165947455,10.0
RR,0,396,35433405873545682,gateway_calibration,sweep:inference_delay=10.0,627.4032220548828,114,814.9944165947455,10.0
RR,0,397,3652647191650773181,gateway_calibration,sweep:inference_delay=10.0,651.041286957267,131,814.9944165947455,10.0
RR,0,398,3803982747004558629,gateway_calibration,sweep:inference_delay=10.0,616.556896044037,124,814.9944165947455,10.0
RR,0,399,4139006798896872142,gateway_calibration,sweep:inference_delay=10.0,663.187211031094,120,814.9944165947455,10.0
RR,0,400,1740853680596376795,gateway_calibration,sweep:inference_delay=10.0,856.4446653996324,135,814.9944165947455,10.0
RR,0,401,4953314424797383671,gateway_calibration,sweep:inference_delay=10.0,721.4272075718703,128,814.9944165947455,10.0
RR,0,402,8300379248761548458,gateway_calibration,sweep:inference_delay=10.0,719.8343196618707,116,814.9944165947455,10.0
RR,0,403,6679210173046323629,gateway_calibration,sweep:inference_delay=10.0,823.0321952881912,136,814.9944165947455,10.0
RR,0,404,4548097654179893453,gateway_calibration,sweep:inference_delay=10.0,601.8199394490352,113,814.9944165947455,10.0
RR,0,405,5860798121007852673,gateway_calibration,sweep:inference_delay=10.0,717.3413144650286,127,814.9944165947455,10.0
RR,0,406,4177165241543623043,gateway_calibration,sweep:inference_delay=10.0,518.480777853023,100,814.9944165947455,10.0
RR,0,407,6267304676502968584,gateway_calibration,sweep:inference_delay=10.0,728.4515772134472,127,814.9944165947455,10.0
RR,0,408,3775286495920659209,gateway_calibration,sweep:inference_delay=10.0,606.6319690497558,133,814.9944165947455,10.0
RR,0,409,5698156991607070619,gateway_calibration,sweep:inference_delay=10.0,599.4008872919395,126,814.9944165947455,10.0
RR,0,410,635744450519472079,gateway_calibration,sweep:inference_delay=10.0,591.2528104414588,112,814.9944165947455,10.0
RR,0,411,4743930717757059276,gateway_calibration,sweep:inference_delay=10.0,587.2730561533556,110,814.9944165947455,10.0
RR,0,412,4388165442506385541,gateway_calibration,sweep:inference_delay=10.0,593.2831849622189,119,814.9944165947455,10.0
RR,0,413,9165621869255848434,gateway_calibration,sweep:inference_delay=10.0,734.6082235307729,146,814.9944165947455,10.0
RR,0,414,1465011641130274858,gateway_calibration,sweep:inference_delay=10.0,665.9179156538358,121,814.9944165947455,10.0
RR,0,415,4383905346516736241,gateway_calibration,sweep:inference_delay=10.0,624.3987101441131,112,814.9944165947455,10.0
RR,0,416,2089729428213660432,gateway_calibration,sweep:inference_delay=10.0,747.5930973194536,150,814.9944165947455,10.0
RR,0,417,6164862848275280114,gateway_calibration,sweep:inference_delay=10.0,771.4224603477422,125,814.9944165947455,10.0
RR,0,418,1465383883174513168,gateway_calibration,sweep:inference_delay=10.0,734.9904237675696,139,814.9944165947455,10.0
RR,0,419,6612031019234184416,gateway_calibration,sweep:inference_delay=10.0,626.7119833269286,125,814.9944165947455,10.0
RR,0,420,6490687127704970445,gateway_calibration,sweep:inference_delay=10.0,653.2944686064003,123,814.9944165947455,10.0
RR,0,421,6896934931544392763,gateway_calibration,sweep:inference_delay=10.0,684.589952244077,127,814.9944165947455,10.0
RR,0,422,1679843966336225986,gateway_calibration,sweep:inference_delay=10.0,645.9346968396233,123,814.9944165947455,10.0
RR,0,423,3806714946022523973,gateway_calibration,sweep:inference_delay=10.0,667.248117233767,128,814.9944165947455,10.0
RR,0,424,8375060429706224300,gateway_calibration,sweep:inference_delay=10.0,744.4378790147015,130,814.9944165947455,10.0
RR,0,425,5615377480767525267,gateway_calibration,sweep:inference_delay=10.0,688.8766846827452,121,814.9944165947455,10.0
RR,0,426,2529033949175331004,gateway_calibration,sweep:inference_delay=10.0,677.5393819503541,113,814.9944165947455,10.0
RR,0,427,4823520509900926675,gateway_calibration,sweep:inference_delay=10.0,610.7391358165193,120,814.9944165947455,10.0
RR,0,428,2244877827692249444,gateway_calibration,sweep:inference_delay=10.0,662.0516463038302,131,814.9944165947455,10.0
RR,0,429,4972347061775209452,gateway_calibration,sweep:inference_delay=10.0,706.1351233703124,140,814.9944165947455,10.0
RR,0,430,1374178397899203344,gateway_calibration,sweep:inference_delay=10.0,649.7058086532991,129,814.9944165947455,10.0
RR,0,431,6822128673087502075,gateway_calibration,sweep:inference_delay=10.0,699.612946147681,132,814.9944165947455,10.0
RR,0,432,1800601297514769204,gateway_calibration,sweep:inference_delay=10.0,780.1824049103661,116,814.9944165947455,10.0
RR,0,433,7077581756909650805,gateway_calibration,sweep:inference_delay=10.0,703.7518335868292,132,814.9944165947455,10.0
RR,0,434,6416249249953388469,gateway_calibration,sweep:inference_delay=10.0,617.1932248068119,134,814.9944165947455,10.0
RR,0,435,5026846530916693760,gateway_calibration,sweep:inference_delay=10.0,593.6036062718944,109,814.9944165947455,10.0
RR,0,436,4614504211130363508,gateway_calibration,sweep:inference_delay=10.0,726.5418061418144,146,814.9944165947455,10.0
RR,0,437,4374028996391501529,gateway_calibration,sweep:inference_delay=10.0,603.4256857853845,110,814.9944165947455,10.0
RR,0,438,579446915335408947,gateway_calibration,sweep:inference_delay=10.0,604.905730881115,124,814.9944165947455,10.0
RR,0,439,521182753844086335,gateway_calibration,sweep:inference_delay=10.0,663.3215989574792,129,814.9944165947455,10.0
RR,0,440,4198068604305563434,gateway_calibration,sweep:inference_delay=10.0,746.60013346504,132,814.9944165947455,10.0
RR,0,441,2326348984035213499,gateway_calibration,sweep:inference_delay=10.0,617.02297927679,123,814.9944165947455,10.0
RR,0,442,7240353082581480428,gateway_calibration,sweep:inference_delay=10.0,566.4695197645465,101,814.9944165947455,10.0
RR,0,443,8082100958225140419,gateway_calibration,sweep:inference_delay=10.0,758.0910330613394,123,814.9944165947455,10.0
RR,0,444,422257548111493911,gateway_calibration,sweep:inference_delay=10.0,707.5519540000312,128,814.9944165947455,10.0
RR,0,445,5481123556942001847,gateway_calibration,sweep:inference_delay=10.0,767.9982372592042,120,814.9944165947455,10.0
RR,0,446,5723380711992794301,gateway_calibration,sweep:inference_delay=10.0,661.8764697424052,115,814.9944165947455,10.0
RR,0,447,1596644950810753696,gateway_calibration,sweep:inference_delay=10.0,626.4245649966675,126,814.9944165947455,10.0
RR,0,448,890318317862027655,gateway_calibration,sweep:inference_delay=10.0,696.8605485404254,127,814.9944165947455,10.0
RR,0,449,265769430674634848,gateway_calibration,sweep:inference_delay=10.0,695.2934025951307,128,814.9944165947455,10.0
RR,0,450,926856257671201141,gateway_calibration,sweep:inference_delay=10.0,583.3824796821042,118,814.9944165947455,10.0
RR,0,451,7360540042902553370,gateway_calibration,sweep:inference_delay=10.0,692.8999330823742,133,814.9944165947455,10.0
RR,0,452,2673812595616490605,gateway_calibration,sweep:inference_delay=10.0,634.7970535354721,117,814.9944165947455,10.0
RR,0,453,6819627770574388922,gateway_calibration,sweep:inference_delay=10.0,930.913591231671,135,814.9944165947455,10.0
RR,0,454,4969476965587413537,gateway_calibration,sweep:inference_delay=10.0,625.2831926862539,117,814.9944165947455,10.0
RR,0,455,7619297128313582236,gateway_calibration,sweep:inference_delay=10.0,692.2021375122647,123,814.9944165947455,10.0
RR,0,456,3673894732411164256,gateway_calibration,sweep:inference_delay=10.0,602.2595867342322,117,814.9944165947455,10.0
RR,0,457,6412083765092729312,gateway_calibration,sweep:inference_delay=10.0,849.1104226062631,143,814.9944165947455,10.0
RR,0,458,4402163694059064639,gateway_calibration,sweep:inference_delay=10.0,722.5559181600072,141,814.9944165947455,10.0
RR,0,459,6867942794605768434,gateway_calibration,sweep:inference_delay=10.0,540.2670613768864,110,814.9944165947455,10.0
RR,0,460,6410416098110062589,gateway_calibration,sweep:inference_delay=10.0,519.9282122203919,110,814.9944165947455,10.0
RR,0,461,8489136419868332166,gateway_calibration,sweep:inference_delay=10.0,694.8836488806359,140,814.9944165947455,10.0
RR,0,462,4474287850412406188,gateway_calibration,sweep:inference_delay=10.0,633.5348076512937,138,814.9944165947455,10.0
RR,0,463,2581015795445132960,gateway_calibration,sweep:inference_delay=10.0,671.8360846774287,126,814.9944165947455,10.0
RR,0,464,2754472036498429695,gateway_calibration,sweep:inference_delay=10.0,622.8647089713659,134,814.9944165947455,10.0
RR,0,465,3954823012191403622,gateway_calibration,sweep:inference_delay=10.0,684.991758886909,133,814.9944165947455,10.0
RR,0,466,7260180092287948993,gateway_calibration,sweep:inference_delay=10.0,510.254708239652,122,814.9944165947455,10.0
RR,0,467,450240560937344741,gateway_calibration,sweep:inference_delay=10.0,650.1496289093014,130,814.9944165947455,10.0
RR,0,468,604007355768936178,gateway_calibration,sweep:inference_delay=10.0,722.6907483962532,136,814.9944165947455,10.0
RR,0,469,7639524512905538368,gateway_calibration,sweep:inference_delay=10.0,746.7808596535027,136,814.9944165947455,10.0
RR,0,470,9020250518970363901,gateway_calibration,sweep:inference_delay=10.0,718.6841454758702,118,814.9944165947455,10.0
RR,0,471,6725889825216367166,gateway_calibration,sweep:inference_delay=10.0,734.7364351275986,141,814.9944165947455,10.0
RR,0,472,4255039573862398939,gateway_calibration,sweep:inference_delay=10.0,481.23774594505846,105,814.9944165947455,10.0
RR,0,473,7278685745548117915,gateway_calibration,sweep:inference_delay=10.0,761.7345767958208,126,814.9944165947455,10.0
RR,0,474,7294495948081709909,gateway_calibration,sweep:inference_delay=10.0,776.1634891003268,134,814.9944165947455,10.0
RR,0,475,8812180081157664176,gateway_calibration,sweep:inference_delay=10.0,782.3033820801054,122,814.9944165947455,10.0
RR,0,476,1935621366272523065,gateway_calibration,sweep:inference_delay=10.0,645.3288408024911,118,814.9944165947455,10.0
RR,0,477,2542356950305962544,gateway_calibration,sweep:inference_delay=10.0,718.6344238481948,134,814.9944165947455,10.0
RR,0,478,4833998679656941738,gateway_calibration,sweep:inference_delay=10.0,673.3706823638105,132,814.9944165947455,10.0
RR,0,479,9010177624875236671,gateway_calibration,sweep:inference_delay=10.0,643.7499908789049,140,814.9944165947455,10.0
RR,0,480,2490141307694751620,gateway_calibration,sweep:inference_delay=10.0,568.7316603651318,114,814.9944165947455,10.0
RR,0,481,1124410497352285618,gateway_calibration,sweep:inference_delay=10.0,651.3597807444642,120,814.9944165947455,10.0
RR,0,482,5907252249290430202,gateway_calibration,sweep:inference_delay=10.0,545.5564531882234,100,814.9944165947455,10.0
RR,0,483,7730664941365159604,gateway_calibration,sweep:inference_delay=10.0,656.8542409978626,127,814.9944165947455,10.0
RR,0,484,1094695009328679243,gateway_calibration,sweep:inference_delay=10.0,667.8101224950607,132,814.9944165947455,10.0
RR,0,485,6349800572567467050,gateway_calibration,sweep:inference_delay=10.0,611.6658812335808,118,814.9944165947455,10.0
RR,0,486,1597788221794491652,gateway_calibration,sweep:inference_delay=10.0,657.4033179993623,114,814.9944165947455,10.0
RR,0,487,2784424454827207191,gateway_calibration,sweep:inference_delay=10.0,652.8955147256679,127,814.9944165947455,10.0
RR,0,488,6181706354623935741,gateway_calibration,sweep:inference_delay=10.0,679.1677127025657,121,814.9944165947455,10.0
RR,0,489,1458708390443315180,gateway_calibration,sweep:inference_delay=10.0,590.8780779718285,122,814.9944165947455,10.0
RR,0,490,7508253665409876687,gateway_calibration,sweep:inference_delay=10.0,631.3032293220306,119,814.9944165947455,10.0
RR,0,491,2458757127186114299,gateway_calibration,sweep:inference_delay=10.0,679.9456410075005,140,814.9944165947455,10.0
RR,0,492,4569326220665513000,gateway_calibration,sweep:inference_delay=10.0,648.4287016770601,127,814.9944165947455,10.0
RR,0,493,8726333553320350935,gateway_calibration,sweep:inference_delay=10.0,615.4447001216007,118,814.9944165947455,10.0
RR,0,494,6958834814259170904,gateway_calibration,sweep:inference_delay=10.0,660.452350787278,127,814.9944165947455,10.0
RR,0,495,8774428530662358359,gateway_calibration,sweep:inference_delay=10.0,680.1290185383536,130,814.9944165947455,10.0
RR,0,496,2531580376182528854,gateway_calibration,sweep:inference_delay=10.0,708.3826414324544,127,814.9944165947455,10.0
RR,0,497,7776699673822036822,gateway_calibration,sweep:inference_delay=10.0,666.9969959341344,133,814.9944165947455,10.0
RR,0,498,2972871217563030055,gateway_calibration,sweep:inference_delay=10.0,672.117296934573,113,814.9944165947455,10.0
RR,0,499,1692936574518996,gateway_calibration,sweep:inference_delay=10.0,592.5044122259831,110,814.9944165947455,10.0
TR,0,0,6049736399080549217,gateway_calibration,sweep:inference_delay=10.0,594.7527286256906,120,760.362077860525,10.0
TR,0,1,3614141880911965163,gateway_calibration,sweep:inference_delay=10.0,676.2751029182206,111,760.362077860525,10.0
TR,0,2,3782844463268261322,gateway_calibration,sweep:inference_delay=10.0,604.7135432904861,116,760.362077860525,10.0
TR,0,3,172134909824750361,gateway_calibration,sweep:inference_delay=10.0,804.9575802196622,125,760.362077860525,10.0
TR,0,4,7569628859020513074,gateway_calibration,sweep:inference_delay=10.0,621.209549126018,109,760.362077860525,10.0
TR,0,5,1593222369784597945,gateway_calibration,sweep:inference_delay=10.0,688.0991330755637,128,760.362077860525,10.0
TR,0,6,1002536379471671605,gateway_calibration,sweep:inference_delay=10.0,556.8884616479671,102,760.362077860525,10.0
TR,0,7,3245883644932648256,gateway_calibration,sweep:inference_delay=10.0,691.92496437358,116,760.362077860525,10.0
TR,0,8,497739744443370087,gateway_calibration,sweep:inference_delay=10.0,644.8731746789505,130,760.362077860525,10.0
TR,0,9,3197592489096448535,gateway_calibration,sweep:inference_delay=10.0,537.1277946508513,105,760.362077860525,10.0
TR,0,10,4693872228876108086,gateway_calibration,sweep:inference_delay=10.0,604.1812949302653,116,760.362077860525,10.0
TR,0,11,6224897630364811205,gateway_calibration,sweep:inference_delay=10.0,512.1917108877518,104,760.362077860525,10.0
TR,0,12,6858437917244025263,gateway_calibration,sweep:inference_delay=10.0,635.7161662745124,126,760.362077860525,10.0
TR,0,13,7225386873213664787,gateway_calibration,sweep:inference_delay=10.0,743.4543386507905,129,760.362077860525,10.0
TR,0,14,4443731833466638724,gateway_calibration,sweep:inference_delay=10.0,821.8232786555777,127,760.362077860525,10.0
TR,0,15,7851880079114456141,gateway_calibration,sweep:inference_delay=10.0,631.9643420591303,111,760.362077860525,10.0
TR,0,16,7753488382357916174,gateway_calibration,sweep:inference_delay=10.0,572.3599977334361,118,760.362077860525,10.0
TR,0,17,5899672622410807716,gateway_calibration,sweep:inference_delay=10.0,549.5204699849224,109,760.362077860525,10.0
TR,0,18,6617821992207498270,gateway_calibration,sweep:inference_delay=10.0,740.3153611502979,121,760.362077860525,10.0
TR,0,19,8764321510054411716,gateway_calibration,sweep:inference_delay=10.0,830.5817458941657,125,760.362077860525,10.0
TR,0,20,6927961557560396041,gateway_calibration,sweep:inference_delay=10.0,595.6456050391084,106,760.362077860525,10.0
TR,0,21,7204031197620364302,gateway_calibration,sweep:inference_delay=10.0,624.0386307150087,125,760.362077860525,10.0
TR,0,22,5275393523786605136,gateway_calibration,sweep:inference_delay=10.0,601.4507618685067,107,760.362077860525,10.0
TR,0,23,628386316106772247,gateway_calibration,sweep:inference_delay=10.0,714.6105713733366,135,760.362077860525,10.0
TR,0,24,8543298398457698356,gateway_calibration,sweep:inference_delay=10.0,748.2419416798666,127,760.362077860525,10.0
TR,0,25,7353258163771406813,gateway_calibration,sweep:inference_delay=10.0,581.4940347497503,106,760.362077860525,10.0
TR,0,26,229838308884439829,gateway_calibration,sweep:inference_delay=10.0,606.5812487285954,122,760.362077860525,10.0
TR,0,27,634649314849650183,gateway_calibration,sweep:inference_delay=10.0,624.5650742468761,124,760.362077860525,10.0
TR,0,28,5321991485004207026,gateway_calibration,sweep:inference_delay=10.0,619.3636303861653,116,760.362077860525,10.0
TR,0,29,4533029594824391456,gateway_calibration,sweep:inference_delay=10.0,596.1804651402274,110,760.362077860525,10.0
TR,0,30,981848863815113316,gateway_calibration,sweep:inference_delay=10.0,679.9720603973914,114,760.362077860525,10.0
TR,0,31,3823770112127895073,gateway_calibration,sweep:inference_delay=10.0,630.9453304336712,116,760.362077860525,10.0
TR,0,32,8982619146399240845,gateway_calibration,sweep:inference_delay=10.0,702.3094074789703,115,760.362077860525,10.0
TR,0,33,4036591858100777417,gateway_calibration,sweep:inference_delay=10.0,498.582167994698,93,760.362077860525,10.0
TR,0,34,2128046754323214691,gateway_calibration,sweep:inference_delay=10.0,553.3559107141265,103,760.362077860525,10.0
TR,0,35,2532118125296453079,gateway_calibration,sweep:inference_delay=10.0,593.7162936003476,119,760.362077860525,10.0
TR,0,36,1965574916483896026,gateway_calibration,sweep:inference_delay=10.0,578.283546355896,114,760.362077860525,10.0
TR,0,37,3497203321326303013,gateway_calibration,sweep:inference_delay=10.0,653.9740900695211,121,760.362077860525,10.0
TR,0,38,1435462974700456624,gateway_calibration,sweep:inference_delay=10.0,649.7045505729001,112,760.362077860525,10.0
TR,0,39,5906670011034764605,gateway_calibration,sweep:inference_delay=10.0,547.6856978533435,107,760.362077860525,10.0
TR,0,40,8493231524813236099,gateway_calibration,sweep:inference_delay=10.0,662.5637116045402,130,760.362077860525,10.0
TR,0,41,1109409384272488472,gateway_calibration,sweep:inference_delay=10.0,677.9886398266148,120,760.362077860525,10.0
TR,0,42,2331926815409973583,gateway_calibration,sweep:inference_delay=10.0,519.5516441790442,110,760.362077860525,10.0
TR,0,43,456554999276919906,gateway_calibration,sweep:inference_delay=10.0,586.5593212484055,93,760.362077860525,10.0
TR,0,44,4311667320825768766,gateway_calibration,sweep:inference_delay=10.0,661.452315699665,118,760.362077860525,10.0
TR,0,45,2816200913444400688,gateway_calibration,sweep:inference_delay=10.0,692.668965383465,131,760.362077860525,10.0
TR,0,46,4410906882554995886,gateway_calibration,sweep:inference_delay=10.0,611.5496932045405,113,760.362077860525,10.0
TR,0,47,7269581566777373596,gateway_calibration,sweep:inference_delay=10.0,697.6958454279716,120,760.362077860525,10.0
TR,0,48,145277398224910302,gateway_calibration,sweep:inference_delay=10.0,528.8571441672648,98,760.362077860525,10.0
TR,0,49,1185788965253359205,gateway_calibration,sweep:inference_delay=10.0,705.9956953049958,136,760.362077860525,10.0
TR,0,50,2942892347711051546,gateway_calibration,sweep:inference_delay=10.0,601.5729453477988,116,760.362077860525,10.0
TR,0,51,7160491164012915283,gateway_calibration,sweep:inference_delay=10.0,539.7993161789339,111,760.362077860525,10.0
TR,0,52,3464505406749007226,gateway_calibration,sweep:inference_delay=10.0,618.9880132653966,115,760.362077860525,10.0
TR,0,53,3963864107040187887,gateway_calibration,sweep:inference_delay=10.0,519.2504911287255,111,760.362077860525,10.0
TR,0,54,7208620182972257321,gateway_calibration,sweep:inference_delay=10.0,602.1222221885411,120,760.362077860525,10.0
TR,0,55,3239287484485163206,gateway_calibration,sweep:inference_delay=10.0,678.2572373662964,123,760.362077860525,10.0
TR,0,56,3072856176706187233,gateway_calibration,sweep:inference_delay=10.0,622.0261073004542,118,760.362077860525,10.0
TR,0,57,114975953438731580,gateway_calibration,sweep:inference_delay=10.0,603.8246827354249,113,760.362077860525,10.0
TR,0,58,8413793798341656640,gateway_calibration,sweep:inference_delay=10.0,598.9563150560289,124,760.362077860525,10.0
TR,0,59,5081659668465426551,gateway_calibration,sweep:inference_delay=10.0,556.3692273996376,99,760.362077860525,10.0
TR,0,60,4522942961088522158,gateway_calibration,sweep:inference_delay=10.0,547.5223380959726,120,760.362077860525,10.0
TR,0,61,3457036150190136904,gateway_calibration,sweep:inference_delay=10.0,683.7591459444841,125,760.362077860525,10.0
TR,0,62,4074137883015100121,gateway_calibration,sweep:inference_delay=10.0,617.3042923198927,119,760.362077860525,10.0
TR,0,63,6906166305490545476,gateway_calibration,sweep:inference_delay=10.0,701.8035472155804,118,760.362077860525,10.0
TR,0,64,4416456575241990974,gateway_calibration,sweep:inference_delay=10.0,612.002238625483,112,760.362077860525,10.0
TR,0,65,4211219218115830647,gateway_calibration,sweep:inference_delay=10.0,673.0523595515037,115,760.362077860525,10.0
TR,0,66,7432626247144457274,gateway_calibration,sweep:inference_delay=10.0,655.2818162157496,135,760.362077860525,10.0
TR,0,67,3951460391655009558,gateway_calibration,sweep:inference_delay=10.0,524.3726952557843,94,760.362077860525,10.0
TR,0,68,5213872230581518477,gateway_calibration,sweep:inference_delay=10.0,693.352935732062,135,760.362077860525,10.0
TR,0,69,3305773861132405076,gateway_calibration,sweep:inference_delay=10.0,566.5623158117485,113,760.362077860525,10.0
TR,0,70,6269031707500816043,gateway_calibration,sweep:inference_delay=10.0,611.3135685994736,116,760.362077860525,10.0
TR,0,71,809662866910847678,gateway_calibration,sweep:inference_delay=10.0,750.5940132247551,124,760.362077860525,10.0
TR,0,72,2574613928981938574,gateway_calibration,sweep:inference_delay=10.0,571.456024463592,104,760.362077860525,10.0
TR,0,73,6089003096968738155,gateway_calibration,sweep:inference_delay=10.0,777.3611931446717,118,760.362077860525,10.0
TR,0,74,1419457417642917865,gateway_calibration,sweep:inference_delay=10.0,597.5102606312014,129,760.362077860525,10.0
TR,0,75,838920260566265173,gateway_calibration,sweep:inference_delay=10.0,579.8300272571113,112,760.362077860525,10.0
TR,0,76,2960606552923196939,gateway_calibration,sweep:inference_delay=10.0,630.539781578931,119,760.362077860525,10.0
TR,0,77,4110897889718147490,gateway_calibration,sweep:inference_delay=10.0,645.2823034338348,127,760.362077860525,10.0
TR,0,78,1837368887962271253,gateway_calibration,sweep:inference_delay=10.0,600.2487332831696,129,760.362077860525,10.0
TR,0,79,5385479498619956126,gateway_calibration,sweep:inference_delay=10.0,559.9352365065839,108,760.362077860525,10.0
TR,0,80,6249406903195008845,gateway_calibration,sweep:inference_delay=10.0,603.3597889959141,99,760.362077860525,10.0
TR,0,81,1085394251510257806,gateway_calibration,sweep:inference_delay=10.0,830.0626202512018,123,760.362077860525,10.0
TR,0,82,2814334688418490395,gateway_calibration,sweep:inference_delay=10.0,472.2893323313185,104,760.362077860525,10.0
TR,0,83,6860310037961245342,gateway_calibration,sweep:inference_delay=10.0,633.711725196962,115,760.362077860525,10.0
TR,0,84,3665169491436613237,gateway_calibration,sweep:inference_delay=10.0,460.99260108749615,116,760.362077860525,10.0
TR,0,85,4501177159941204635,gateway_calibration,sweep:inference_delay=10.0,592.7807021033278,114,760.362077860525,10.0
TR,0,86,1607398308817967611,gateway_calibration,sweep:inference_delay=10.0,633.8069811231254,114,760.362077860525,10.0
TR,0,87,382934452830725725,gateway_calibration,sweep:inference_delay=10.0,603.323703189145,114,760.362077860525,10.0
TR,0,88,3214994743187018338,gateway_calibration,sweep:inference_delay=10.0,655.4753480365052,138,760.362077860525,10.0
TR,0,89,6810983390309033618,gateway_calibration,sweep:inference_delay=10.0,652.1040836082121,117,760.362077860525,10.0
TR,0,90,905392402729143295,gateway_calibration,sweep:inference_delay=10.0,605.752613551243,112,760.362077860525,10.0
TR,0,91,5893132263558168544,gateway_calibration,sweep:inference_delay=10.0,603.019506504493,124,760.362077860525,10.0
TR,0,92,7818118477081631073,gateway_calibration,sweep:inference_delay=10.0,728.2615658140464,116,760.362077860525,10.0
TR,0,93,8477176458569194358,gateway_calibration,sweep:inference_delay=10.0,578.6856025911495,114,760.362077860525,10.0
TR,0,94,6436395388025438225,gateway_calibration,sweep:inference_delay=10.0,827.4648930971317,127,760.362077860525,10.0
TR,0,95,5662493746153973169,gateway_calibration,sweep:inference_delay=10.0,754.6860337813836,129,760.362077860525,10.0
TR,0,96,8760836115373919402,gateway_calibration,sweep:inference_delay=10.0,527.225026092461,98,760.362077860525,10.0
TR,0,97,1828448270095659962,gateway_calibration,sweep:inference_delay=10.0,776.359798286498,121,760.362077860525,10.0
TR,0,98,3891286408832223716,gateway_calibration,sweep:inference_delay=10.0,694.7825498167207,111,760.362077860525,10.0
TR,0,99,3281852156767873975,gateway_calibration,sweep:inference_delay=10.0,625.5199040999227,108,760.362077860525,10.0
TR,0,100,7360961852949781040,gateway_calibration,sweep:inference_delay=10.0,417.00601342946277,101,760.362077860525,10.0
TR,0,101,5714098941459959248,gateway_calibration,sweep:inference_delay=10.0,594.7297156386851,111,760.362077860525,10.0
TR,0,102,8889965303897002547,gateway_calibration,sweep:inference_delay=10.0,622.351140374635,130,760.362077860525,10.0
TR,0,103,5588104119418280877,gateway_calibration,sweep:inference_delay=10.0,562.457686661164,98,760.362077860525,10.0
TR,0,104,1717541167968371460,gateway_calibration,sweep:inference_delay=10.0,636.5892143486709,107,760.362077860525,10.0
TR,0,105,4281328841369799324,gateway_calibration,sweep:inference_delay=10.0,719.2434018821384,133,760.362077860525,10.0
TR,0,106,3841998439616210858,gateway_calibration,sweep:inference_delay=10.0,713.7000944111574,113,760.362077860525,10.0
TR,0,107,4656109134823519864,gateway_calibration,sweep:inference_delay=10.0,613.383693273212,122,760.362077860525,10.0
TR,0,108,11120538725514258,gateway_calibration,sweep:inference_delay=10.0,645.4150345172677,114,760.362077860525,10.0
TR,0,109,1117921012405786410,gateway_calibration,sweep:inference_delay=10.0,521.9660662750866,94,760.362077860525,10.0
TR,0,110,6244314511794615198,gateway_calibration,sweep:inference_delay=10.0,599.1089718724652,124,760.362077860525,10.0
TR,0,111,1103807163452981408,gateway_calibration,sweep:inference_delay=10.0,720.4687876137348,119,760.362077860525,10.0
TR,0,112,6471037810299585802,gateway_calibration,sweep:inference_delay=10.0,559.9823890458417,107,760.362077860525,10.0
TR,0,113,6631451902567015366,gateway_calibration,sweep:inference_delay=10.0,678.0386332670499,133,760.362077860525,10.0
TR,0,114,7702108297036266510,gateway_calibration,sweep:inference_delay=10.0,838.9821146928275,130,760.362077860525,10.0
TR,0,115,4452377490350809379,gateway_calibration,sweep:inference_delay=10.0,743.3081200932209,134,760.362077860525,10.0
TR,0,116,1092794466350355812,gateway_calibration,sweep:inference_delay=10.0,667.7617530523272,115,760.362077860525,10.0
TR,0,117,7558381943245443584,gateway_calibration,sweep:inference_delay=10.0,648.5632342241872,125,760.362077860525,10.0
TR,0,118,178649863086473376,gateway_calibration,sweep:inference_delay=10.0,573.6982846424489,108,760.362077860525,10.0
TR,0,119,4715177589153388282,gateway_calibration,sweep:inference_delay=10.0,564.2858118415955,112,760.362077860525,10.0
TR,0,120,8120724148263062663,gateway_calibration,sweep:inference_delay=10.0,610.9962647523759,114,760.362077860525,10.0
TR,0,121,168045108984373443,gateway_calibration,sweep:inference_delay=10.0,802.2520032838099,144,760.362077860525,10.0
TR,0,122,4448573567488048157,gateway_calibration,sweep:inference_delay=10.0,614.5316654545181,118,760.362077860525,10.0
TR,0,123,6604427556566648143,gateway_calibration,sweep:inference_delay=10.0,573.4208141401443,100,760.362077860525,10.0
TR,0,124,4041790677408288388,gateway_calibration,sweep:inference_delay=10.0,642.7964574536431,113,760.362077860525,10.0
TR,0,125,7595566272703394456,gateway_calibration,sweep:inference_delay=10.0,655.4088542950502,116,760.362077860525,10.0
TR,0,126,3924338268029693169,gateway_calibration,sweep:inference_delay=10.0,594.6138000456106,112,760.362077860525,10.0
TR,0,127,993113404262620690,gateway_calibration,sweep:inference_delay=10.0,638.039223417846,107,760.362077860525,10.0
TR,0,128,516813985793265926,gateway_calibration,sweep:inference_delay=10.0,585.8869684251767,106,760.362077860525,10.0
TR,0,129,1393072011790709531,gateway_calibration,sweep:inference_delay=10.0,585.5915179502166,106,760.362077860525,10.0
TR,0,130,7212894251704360389,gateway_calibration,sweep:inference_delay=10.0,573.064390206095,114,760.362077860525,10.0
TR,0,131,296305671350076636,gateway_calibration,sweep:inference_delay=10.0,616.3399367591219,121,760.362077860525,10.0
TR,0,132,6888358162859819704,gateway_calibration,sweep:inference_delay=10.0,745.3330181157694,116,760.362077860525,10.0
TR,0,133,4687595579221929319,gateway_calibration,sweep:inference_delay=10.0,567.4334338032012,107,760.362077860525,10.0
TR,0,134,5436606824819494970,gateway_calibration,sweep:inference_delay=10.0,634.731558165252,117,760.362077860525,10.0
TR,0,135,7400290195132648492,gateway_calibration,sweep:inference_delay=10.0,582.4971913435784,108,760.362077860525,10.0
TR,0,136,3784203482858007648,gateway_calibration,sweep:inference_delay=10.0,715.3616404231999,120,760.362077860525,10.0
TR,0,137,7046081378856652186,gateway_calibration,sweep:inference_delay=10.0,701.4330965822392,130,760.362077860525,10.0
TR,0,138,7150443233582535328,gateway_calibration,sweep:inference_delay=10.0,633.1049270551534,114,760.362077860525,10.0
TR,0,139,7915447824766141547,gateway_calibration,sweep:inference_delay=10.0,516.3030008542117,101,760.362077860525,10.0
TR,0,140,8981247333002759751,gateway_calibration,sweep:inference_delay=10.0,797.8561088965148,124,760.362077860525,10.0
TR,0,141,252382698740278989,gateway_calibration,sweep:inference_delay=10.0,620.6773909017476,120,760.362077860525,10.0
TR,0,142,1556244228282811585,gateway_calibration,sweep:inference_delay=10.0,592.626090737928,120,760.362077860525,10.0
TR,0,143,3222375040947761697,gateway_calibration,sweep:inference_delay=10.0,511.59793484471345,114,760.362077860525,10.0
TR,0,144,6708445081362929052,gateway_calibration,sweep:inference_delay=10.0,625.3096818424725,109,760.362077860525,10.0
TR,0,145,3622213844646974167,gateway_calibration,sweep:inference_delay=10.0,607.4490057762132,117,760.362077860525,10.0
TR,0,146,2545051280088737772,gateway_calibration,sweep:inference_delay=10.0,601.828005748484,113,760.362077860525,10.0
TR,0,147,5769244922708788880,gateway_calibration,sweep:inference_delay=10.0,659.1785198056089,115,760.362077860525,10.0
TR,0,148,3176485127897179099,gateway_calibration,sweep:inference_delay=10.0,567.3599477563181,103,760.362077860525,10.0
TR,0,149,2440056443110369581,gateway_calibration,sweep:inference_delay=10.0,615.6853108858202,108,760.362077860525,10.0
TR,0,150,298924158423602081,gateway_calibration,sweep:inference_delay=10.0,556.8398318373744,116,760.362077860525,10.0
TR,0,151,769141710072121702,gateway_calibration,sweep:inference_delay=10.0,835.7581595910775,132,760.362077860525,10.0
TR,0,152,1912662823938237983,gateway_calibration,sweep:inference_delay=10.0,624.1926730507519,117,760.362077860525,10.0
TR,0,153,6126121237744918345,gateway_calibration,sweep:inference_delay=10.0,638.5311792656147,119,760.362077860525,10.0
TR,0,154,4753192834632502976,gateway_calibration,sweep:inference_delay=10.0,615.9784575656254,111,760.362077860525,10.0
TR,0,155,412791728555255984,gateway_calibration,sweep:inference_delay=10.0,544.9817488323744,101,760.362077860525,10.0
TR,0,156,1206389606112860723,gateway_calibration,sweep:inference_delay=10.0,684.0954660361857,126,760.362077860525,10.0
TR,0,157,4165646465621082956,gateway_calibration,sweep:inference_delay=10.0,533.3912285290165,103,760.362077860525,10.0
TR,0,158,8923553759391387955,gateway_calibration,sweep:inference_delay=10.0,546.5769219445705,107,760.362077860525,10.0
TR,0,159,4328635863448321680,gateway_calibration,sweep:inference_delay=10.0,650.5295347410753,123,760.362077860525,10.0
TR,0,160,2179168745099132044,gateway_calibration,sweep:inference_delay=10.0,488.57773877031764,111,760.362077860525,10.0
TR,0,161,4571454687830974056,gateway_calibration,sweep:inference_delay=10.0,528.5921271182384,99,760.362077860525,10.0
TR,0,162,8457905333742403134,gateway_calibration,sweep:inference_delay=10.0,742.2013957324156,119,760.362077860525,10.0
TR,0,163,1288431300519379446,gateway_calibration,sweep:inference_delay=10.0,719.8279167802281,132,760.362077860525,10.0
TR,0,164,8341921605681875909,gateway_calibration,sweep:inference_delay=10.0,597.3594888871526,108,760.362077860525,10.0
TR,0,165,880741760400581182,gateway_calibration,sweep:inference_delay=10.0,627.2175941428255,125,760.362077860525,10.0
TR,0,166,4215031473332617811,gateway_calibration,sweep:inference_delay=10.0,761.598021780498,120,760.362077860525,10.0
TR,0,167,325091185540410898,gateway_calibration,sweep:inference_delay=10.0,590.9175515418287,123,760.362077860525,10.0
TR,0,168,4800497786534560048,gateway_calibration,sweep:inference_delay=10.0,585.5493261774329,118,760.362077860525,10.0
TR,0,169,548914516025907671,gateway_calibration,sweep:inference_delay=10.0,584.1960980269233,114,760.362077860525,10.0
TR,0,170,2792971617030329913,gateway_calibration,sweep:inference_delay=10.0,687.0223590444214,115,760.362077860525,10.0
TR,0,171,1821549596408608584,gateway_calibration,sweep:inference_delay=10.0,673.8516370543823,124,760.362077860525,10.0
TR,0,172,7989406821533743214,gateway_calibration,sweep:inference_delay=10.0,596.280357549022,115,760.362077860525,10.0
TR,0,173,1639547373304406025,gateway_calibration,sweep:inference_delay=10.0,612.4928671359143,108,760.362077860525,10.0
TR,0,174,4981391405569804682,gateway_calibration,sweep:inference_delay=10.0,696.1644284769376,123,760.362077860525,10.0
TR,0,175,1889391752691973073,gateway_calibration,sweep:inference_delay=10.0,618.6468493914681,135,760.362077860525,10.0
TR,0,176,9154800277965936354,gateway_calibration,sweep:inference_delay=10.0,673.5631186463062,121,760.362077860525,10.0
TR,0,177,6681967141078497095,gateway_calibration,sweep:inference_delay=10.0,632.3014525981853,120,760.362077860525,10.0
TR,0,178,4336175183793853455,gateway_calibration,sweep:inference_delay=10.0,553.8028144478868,106,760.362077860525,10.0
TR,0,179,6979023882190129764,gateway_calibration,sweep:inference_delay=10.0,551.4260369573243,104,760.362077860525,10.0
TR,0,180,7966630892838924315,gateway_calibration,sweep:inference_delay=10.0,708.9875631043669,118,760.362077860525,10.0
TR,0,181,6133256613714339848,gateway_calibration,sweep:inference_delay=10.0,656.9486876347057,118,760.362077860525,10.0
TR,0,182,8124933426164251714,gateway_calibration,sweep:inference_delay=10.0,630.9477699448448,131,760.362077860525,10.0
TR,0,183,8419667400193659313,gateway_calibration,sweep:inference_delay=10.0,742.3062933902731,117,760.362077860525,10.0
TR,0,184,7626920012063289612,gateway_calibration,sweep:inference_delay=10.0,601.2234949772262,117,760.362077860525,10.0
TR,0,185,7624150458662919394,gateway_calibration,sweep:inference_delay=10.0,627.7357244573665,111,760.362077860525,10.0
TR,0,186,532176169753559272,gateway_calibration,sweep:inference_delay=10.0,610.8348571366909,121,760.362077860525,10.0
TR,0,187,4346238136961299165,gateway_calibration,sweep:inference_delay=10.0,799.1074489759476,122,760.362077860525,10.0
TR,0,188,2047502850624054945,gateway_calibration,sweep:inference_delay=10.0,539.0115890457197,108,760.362077860525,10.0
TR,0,189,7675205370449120449,gateway_calibration,sweep:inference_delay=10.0,505.96578521273705,114,760.362077860525,10.0
TR,0,190,3572341146621602713,gateway_calibration,sweep:inference_delay=10.0,674.0563369224665,117,760.362077860525,10.0
TR,0,191,6924981390463351895,gateway_calibration,sweep:inference_delay=10.0,615.5530713574892,109,760.362077860525,10.0
TR,0,192,368369055046658747,gateway_calibration,sweep:inference_delay=10.0,523.7888792065548,106,760.362077860525,10.0
TR,0,193,5882754284278769786,gateway_calibration,sweep:inference_delay=10.0,521.9413432759891,101,760.362077860525,10.0
TR,0,194,2582079507513282179,gateway_calibration,sweep:inference_delay=10.0,596.7294290866105,99,760.362077860525,10.0
TR,0,195,4803815942263312590,gateway_calibration,sweep:inference_delay=10.0,550.3771456815084,107,760.362077860525,10.0
TR,0,196,4297533458805319891,gateway_calibration,sweep:inference_delay=10.0,597.292827305797,123,760.362077860525,10.0
TR,0,197,3272875983470516375,gateway_calibration,sweep:inference_delay=10.0,754.7072998680694,120,760.362077860525,10.0
TR,0,198,4198687776720750986,gateway_calibration,sweep:inference_delay=10.0,705.7119788651523,114,760.362077860525,10.0
TR,0,199,8175220449024438134,gateway_calibration,sweep:inference_delay=10.0,532.1193180960571,101,760.362077860525,10.0
TR,0,200,6898434672825899519,gateway_calibration,sweep:inference_delay=10.0,517.7072863036403,106,760.362077860525,10.0
TR,0,201,1865926353589421119,gateway_calibration,sweep:inference_delay=10.0,885.6329161291054,127,760.362077860525,10.0
TR,0,202,7917130856809053960,gateway_calibration,sweep:inference_delay=10.0,545.4844609053223,111,760.362077860525,10.0
TR,0,203,2030803119758113767,gateway_calibration,sweep:inference_delay=10.0,636.136021051752,133,760.362077860525,10.0
TR,0,204,4551634579659347808,gateway_calibration,sweep:inference_delay=10.0,596.0458569517383,110,760.362077860525,10.0
TR,0,205,5055856091742270541,gateway_calibration,sweep:inference_delay=10.0,589.2973260629865,121,760.362077860525,10.0
TR,0,206,410162788708628761,gateway_calibration,sweep:inference_delay=10.0,627.2953727106728,108,760.362077860525,10.0
TR,0,207,3565110309350537428,gateway_calibration,sweep:inference_delay=10.0,828.3536024703417,143,760.362077860525,10.0
TR,0,208,2104408840368461434,gateway_calibration,sweep:inference_delay=10.0,605.7341776120551,104,760.362077860525,10.0
TR,0,209,2597690903809596447,gateway_calibration,sweep:inference_delay=10.0,640.2843078367362,131,760.362077860525,10.0
TR,0,210,4781152407008455532,gateway_calibration,sweep:inference_delay=10.0,745.1692172694723,121,760.362077860525,10.0
TR,0,211,1925017289062839630,gateway_calibration,sweep:inference_delay=10.0,578.8189565611323,118,760.362077860525,10.0
TR,0,212,1199958180283462715,gateway_calibration,sweep:inference_delay=10.0,522.4623853775272,115,760.362077860525,10.0
TR,0,213,4659513730920831,gateway_calibration,sweep:inference_delay=10.0,538.6396745834488,113,760.362077860525,10.0
TR,0,214,5788801240499269989,gateway_calibration,sweep:inference_delay=10.0,659.921747143717,117,760.362077860525,10.0
TR,0,215,9084047724594990919,gateway_calibration,sweep:inference_delay=10.0,713.9350719594427,142,760.362077860525,10.0
TR,0,216,6002831013828907671,gateway_calibration,sweep:inference_delay=10.0,652.8263652532116,124,760.362077860525,10.0
TR,0,217,220399003634111605,gateway_calibration,sweep:inference_delay=10.0,587.4392807379008,120,760.362077860525,10.0
TR,0,218,4045743812387725595,gateway_calibration,sweep:inference_delay=10.0,648.7344453228934,105,760.362077860525,10.0
TR,0,219,5952462952010127069,gateway_calibration,sweep:inference_delay=10.0,684.290848059279,111,760.362077860525,10.0
TR,0,220,4432578577141932327,gateway_calibration,sweep:inference_delay=10.0,667.7869581422472,104,760.362077860525,10.0
TR,0,221,8745441341674089383,gateway_calibration,sweep:inference_delay=10.0,644.9216951753317,130,760.362077860525,10.0
TR,0,222,7042161204824117362,gateway_calibration,sweep:inference_delay=10.0,668.9194633418169,124,760.362077860525,10.0
TR,0,223,8982478102794449706,gateway_calibration,sweep:inference_delay=10.0,603.2016854333137,115,760.362077860525,10.0
TR,0,224,3575136462625063533,gateway_calibration,sweep:inference_delay=10.0,630.0862679226368,115,760.362077860525,10.0
TR,0,225,9125862443705693075,gateway_calibration,sweep:inference_delay=10.0,603.9550872070889,114,760.362077860525,10.0
TR,0,226,9010341502833215928,gateway_calibration,sweep:inference_delay=10.0,735.0417858975595,135,760.362077860525,10.0
TR,0,227,6615238198991234256,gateway_calibration,sweep:inference_delay=10.0,557.8742323165377,130,760.362077860525,10.0
TR,0,228,7421005048128115658,gateway_calibration,sweep:inference_delay=10.0,518.2085814398398,105,760.362077860525,10.0
TR,0,229,9047298902116598526,gateway_calibration,sweep:inference_delay=10.0,659.1488276320064,108,760.362077860525,10.0
TR,0,230,4704421864082892828,gateway_calibration,sweep:inference_delay=10.0,705.5229942281628,111,760.362077860525,10.0
TR,0,231,2344092042026464983,gateway_calibration,sweep:inference_delay=10.0,623.6464146461349,111,760.362077860525,10.0
TR,0,232,223104989937636984,gateway_calibration,sweep:inference_delay=10.0,511.77313081282057,104,760.362077860525,10.0
TR,0,233,7767038095118723637,gateway_calibration,sweep:inference_delay=10.0,735.6532169466202,129,760.362077860525,10.0
TR,0,234,3112623400169471347,gateway_calibration,sweep:inference_delay=10.0,649.0089563138945,109,760.362077860525,10.0
TR,0,235,2971759194864173980,gateway_calibration,sweep:inference_delay=10.0,584.8945415425388,119,760.362077860525,10.0
TR,0,236,3062795375647722330,gateway_calibration,sweep:inference_delay=10.0,722.5562108851472,105,760.362077860525,10.0
TR,0,237,670252113160041700,gateway_calibration,sweep:inference_delay=10.0,497.686790966155,120,760.362077860525,10.0
TR,0,238,662824744075346888,gateway_calibration,sweep:inference_delay=10.0,602.8567471327532,102,760.362077860525,10.0
TR,0,239,2834492127994927131,gateway_calibration,sweep:inference_delay=10.0,553.2198191235153,106,760.362077860525,10.0
TR,0,240,7794380943988459101,gateway_calibration,sweep:inference_delay=10.0,720.1571040037545,118,760.362077860525,10.0
TR,0,241,156657018587944248,gateway_calibration,sweep:inference_delay=10.0,534.0275288132176,112,760.362077860525,10.0
TR,0,242,4335765187486669018,gateway_calibration,sweep:inference_delay=10.0,500.74590319386056,110,760.362077860525,10.0
TR,0,243,4991113617990194742,gateway_calibration,sweep:inference_delay=10.0,564.7951883215453,118,760.362077860525,10.0
TR,0,244,3129606180253828019,gateway_calibration,sweep:inference_delay=10.0,613.824960273222,114,760.362077860525,10.0
TR,0,245,8882225434686214592,gateway_calibration,sweep:inference_delay=10.0,594.4259848072217,113,760.362077860525,10.0
TR,0,246,8126186677104193166,gateway_calibration,sweep:inference_delay=10.0,811.5391170278889,125,760.362077860525,10.0
TR,0,247,4385555370430785220,gateway_calibration,sweep:inference_delay=10.0,731.9307099976777,134,760.362077860525,10.0
TR,0,248,5291542993822970475,gateway_calibration,sweep:inference_delay=10.0,610.9807030962676,110,760.362077860525,10.0
TR,0,249,2447705716685499702,gateway_calibration,sweep:inference_delay=10.0,568.9392948265062,106,760.362077860525,10.0
TR,0,250,7887080187930586359,gateway_calibration,sweep:inference_delay=10.0,607.3693657492843,127,760.362077860525,10.0
TR,0,251,196588640453960414,gateway_calibration,sweep:inference_delay=10.0,569.9715261519434,105,760.362077860525,10.0
TR,0,252,7049822512042445739,gateway_calibration,sweep:inference_delay=10.0,637.1970165296748,125,760.362077860525,10.0
TR,0,253,2433285106469738865,gateway_calibration,sweep:inference_delay=10.0,534.4769654543552,92,760.362077860525,10.0
TR,0,254,3467266323310966512,gateway_calibration,sweep:inference_delay=10.0,468.54126227064955,104,760.362077860525,10.0
TR,0,255,8594738785929265543,gateway_calibration,sweep:inference_delay=10.0,652.8761208236498,110,760.362077860525,10.0
TR,0,256,7640912575832976732,gateway_calibration,sweep:inference_delay=10.0,576.4959052243114,109,760.362077860525,10.0
TR,0,257,3840182603161796083,gateway_calibration,sweep:inference_delay=10.0,632.34761084976,136,760.362077860525,10.0
TR,0,258,7152903702574683665,gateway_calibration,sweep:inference_delay=10.0,644.5096503647804,120,760.362077860525,10.0
TR,0,259,7739563999876673070,gateway_calibration,sweep:inference_delay=10.0,717.0125535115022,124,760.362077860525,10.0
TR,0,260,5432614852837118119,gateway_calibration,sweep:inference_delay=10.0,655.902370992474,108,760.362077860525,10.0
TR,0,261,7786812540768457475,gateway_calibration,sweep:inference_delay=10.0,470.43190394716135,101,760.362077860525,10.0
TR,0,262,8007394893828603294,gateway_calibration,sweep:inference_delay=10.0,644.9765040219121,119,760.362077860525,10.0
TR,0,263,227538517804236808,gateway_calibration,sweep:inference_delay=10.0,533.3051785547754,106,760.362077860525,10.0
TR,0,264,2672248130236387599,gateway_calibration,sweep:inference_delay=10.0,665.1323204256469,129,760.362077860525,10.0
TR,0,265,3873758349719846718,gateway_calibration,sweep:inference_delay=10.0,697.7098830363798,134,760.362077860525,10.0
TR,0,266,7520357220669258299,gateway_calibration,sweep:inference_delay=10.0,718.8476716291183,118,760.362077860525,10.0
TR,0,267,4108318470340852406,gateway_calibration,sweep:inference_delay=10.0,578.3139101433661,114,760.362077860525,10.0
TR,0,268,1602039040066355390,gateway_calibration,sweep:inference_delay=10.0,785.6778775963966,119,760.362077860525,10.0
TR,0,269,7167505771001884355,gateway_calibration,sweep:inference_delay=10.0,672.7620870508501,116,760.362077860525,10.0
TR,0,270,5084866408938224751,gateway_calibration,sweep:inference_delay=10.0,543.1731312937734,102,760.362077860525,10.0
TR,0,271,7959863491751839215,gateway_calibration,sweep:inference_delay=10.0,572.9677248314864,116,760.362077860525,10.0
TR,0,272,947719943222258280,gateway_calibration,sweep:inference_delay=10.0,516.2570342128258,95,760.362077860525,10.0
TR,0,273,1849500022191184561,gateway_calibration,sweep:inference_delay=10.0,667.4043276221109,138,760.362077860525,10.0
TR,0,274,8008426405489801988,gateway_calibration,sweep:inference_delay=10.0,554.9990388939887,103,760.362077860525,10.0
TR,0,275,3336492950420545420,gateway_calibration,sweep:inference_delay=10.0,472.12791750502527,111,760.362077860525,10.0
TR,0,276,6753407086299899127,gateway_calibration,sweep:inference_delay=10.0,522.9452433164521,115,760.362077860525,10.0
TR,0,277,831490936039979827,gateway_calibration,sweep:inference_delay=10.0,643.1693413337113,113,760.362077860525,10.0
TR,0,278,5525662870996963695,gateway_calibration,sweep:inference_delay=10.0,521.7895974119795,108,760.362077860525,10.0
TR,0,279,3228694546622935069,gateway_calibration,sweep:inference_delay=10.0,566.4141891858401,99,760.362077860525,10.0
TR,0,280,4339817699943398703,gateway_calibration,sweep:inference_delay=10.0,603.835730264572,117,760.362077860525,10.0
TR,0,281,625823157764174117,gateway_calibration,sweep:inference_delay=10.0,546.1004720954298,103,760.362077860525,10.0
TR,0,282,6529847974992851055,gateway_calibration,sweep:inference_delay=10.0,695.2634701330055,123,760.362077860525,10.0
TR,0,283,4027295121547364317,gateway_calibration,sweep:inference_delay=10.0,567.2579626042342,109,760.362077860525,10.0
TR,0,284,4333084235042194312,gateway_calibration,sweep:inference_delay=10.0,633.4577357318258,126,760.362077860525,10.0
TR,0,285,1428604647847316518,gateway_calibration,sweep:inference_delay=10.0,613.0624901247826,110,760.362077860525,10.0
TR,0,286,7483486088556245956,gateway_calibration,sweep:inference_delay=10.0,594.2758718952175,116,760.362077860525,10.0
TR,0,287,4655747623563845516,gateway_calibration,sweep:inference_delay=10.0,715.2940387474786,114,760.362077860525,10.0
TR,0,288,5785830198223786803,gateway_calibration,sweep:inference_delay=10.0,556.8020339989805,105,760.362077860525,10.0
TR,0,289,852187913113511068,gateway_calibration,sweep:inference_delay=10.0,661.3181251820718,113,760.362077860525,10.0
TR,0,290,8710470890484137152,gateway_calibration,sweep:inference_delay=10.0,530.537903896901,115,760.362077860525,10.0
TR,0,291,6519965560248037575,gateway_calibration,sweep:inference_delay=10.0,683.4704545997888,129,760.362077860525,10.0
TR,0,292,1656397788850393431,gateway_calibration,sweep:inference_delay=10.0,818.2541200334299,124,760.362077860525,10.0
TR,0,293,568364950108119951,gateway_calibration,sweep:inference_delay=10.0,606.0834202941545,120,760.362077860525,10.0
TR,0,294,4299092495836655341,gateway_calibration,sweep:inference_delay=10.0,568.1269097586763,104,760.362077860525,10.0
TR,0,295,6161530157433377460,gateway_calibration,sweep:inference_delay=10.0,703.5643154968518,127,760.362077860525,10.0
TR,0,296,6589980841650612663,gateway_calibration,sweep:inference_delay=10.0,653.8614064160618,125,760.362077860525,10.0
TR,0,297,7097537107067571394,gateway_calibration,sweep:inference_delay=10.0,556.3549838845006,114,760.362077860525,10.0
TR,0,298,8882544303948409434,gateway_calibration,sweep:inference_delay=10.0,742.4894840886451,123,760.362077860525,10.0
TR,0,299,6105850675335279851,gateway_calibration,sweep:inference_delay=10.0,741.0205875673314,112,760.362077860525,10.0
TR,0,300,917902832251061166,gateway_calibration,sweep:inference_delay=10.0,592.8258025220091,110,760.362077860525,10.0
TR,0,301,2879099043933512643,gateway_calibration,sweep:inference_delay=10.0,672.1492864525592,126,760.362077860525,10.0
TR,0,302,3326294039167620064,gateway_calibration,sweep:inference_delay=10.0,782.6005065356079,122,760.362077860525,10.0
TR,0,303,7529230075732965258,gateway_calibration,sweep:inference_delay=10.0,609.5662080552943,103,760.362077860525,10.0
TR,0,304,4903251658700961767,gateway_calibration,sweep:inference_delay=10.0,577.6558177338964,100,760.362077860525,10.0
TR,0,305,9195029598248349350,gateway_calibration,sweep:inference_delay=10.0,559.3716512767885,113,760.362077860525,10.0
TR,0,306,52599905898704667,gateway_calibration,sweep:inference_delay=10.0,694.6229828087123,113,760.362077860525,10.0
TR,0,307,1125618314360089628,gateway_calibration,sweep:inference_delay=10.0,645.8729581853752,138,760.362077860525,10.0
TR,0,308,852490151813397359,gateway_calibration,sweep:inference_delay=10.0,653.216801807471,140,760.362077860525,10.0
TR,0,309,4207754687113827570,gateway_calibration,sweep:inference_delay=10.0,644.198740310957,107,760.362077860525,10.0
TR,0,310,4920369163743948305,gateway_calibration,sweep:inference_delay=10.0,554.9146972682538,130,760.362077860525,10.0
TR,0,311,7844480842197790823,gateway_calibration,sweep:inference_delay=10.0,597.3713952010929,115,760.362077860525,10.0
TR,0,312,48645783058262866,gateway_calibration,sweep:inference_delay=10.0,501.8881296567274,110,760.362077860525,10.0
TR,0,313,5916122797757605920,gateway_calibration,sweep:inference_delay=10.0,539.2596478498162,128,760.362077860525,10.0
TR,0,314,857119412258647342,gateway_calibration,sweep:inference_delay=10.0,749.6593907983035,136,760.362077860525,10.0
TR,0,315,5861429168552866509,gateway_calibration,sweep:inference_delay=10.0,589.0318533713395,111,760.362077860525,10.0
TR,0,316,4428334351183570907,gateway_calibration,sweep:inference_delay=10.0,462.4012798991931,104,760.362077860525,10.0
TR,0,317,1782518074070125008,gateway_calibration,sweep:inference_delay=10.0,692.6722528047856,128,760.362077860525,10.0
TR,0,318,2806059830313644302,gateway_calibration,sweep:inference_delay=10.0,660.8778445160974,139,760.362077860525,10.0
TR,0,319,4416717671428271798,gateway_calibration,sweep:inference_delay=10.0,568.3433028842487,122,760.362077860525,10.0
TR,0,320,7980583367858006026,gateway_calibration,sweep:inference_delay=10.0,586.9125975617187,111,760.362077860525,10.0
TR,0,321,2325936080814379436,gateway_calibration,sweep:inference_delay=10.0,559.6413757562898,113,760.362077860525,10.0
TR,0,322,5181398674718431781,gateway_calibration,sweep:inference_delay=10.0,550.8916725610283,100,760.362077860525,10.0
TR,0,323,3848429920021753864,gateway_calibration,sweep:inference_delay=10.0,733.8227904616459,112,760.362077860525,10.0
TR,0,324,2512630155057283910,gateway_calibration,sweep:inference_delay=10.0,640.7520563885976,122,760.362077860525,10.0
TR,0,325,5305328136466702705,gateway_calibration,sweep:inference_delay=10.0,539.0724834308579,105,760.362077860525,10.0
TR,0,326,2764963581762122704,gateway_calibration,sweep:inference_delay=10.0,534.5305543454507,109,760.362077860525,10.0
TR,0,327,938584540793523273,gateway_calibration,sweep:inference_delay=10.0,585.7083554153102,103,760.362077860525,10.0
TR,0,328,2091548493122459065,gateway_calibration,sweep:inference_delay=10.0,625.6944365329422,125,760.362077860525,10.0
TR,0,329,4306457314138445454,gateway_calibration,sweep:inference_delay=10.0,707.868168419,129,760.362077860525,10.0
TR,0,330,707109937255288179,gateway_calibration,sweep:inference_delay=10.0,615.5599152061998,120,760.362077860525,10.0
TR,0,331,2012449822148681258,gateway_calibration,sweep:inference_delay=10.0,619.5076986766801,114,760.362077860525,10.0
TR,0,332,1407993978120224791,gateway_calibration,sweep:inference_delay=10.0,533.4879950060894,114,760.362077860525,10.0
TR,0,333,2101547653929620659,gateway_calibration,sweep:inference_delay=10.0,543.0188504765862,102,760.362077860525,10.0
TR,0,334,3219717700139546457,gateway_calibration,sweep:inference_delay=10.0,608.8772247329365,120,760.362077860525,10.0
TR,0,335,4633520566921218027,gateway_calibration,sweep:inference_delay=10.0,639.3284226646055,114,760.362077860525,10.0
TR,0,336,5210203934987858112,gateway_calibration,sweep:inference_delay=10.0,618.93575300772,128,760.362077860525,10.0
TR,0,337,221720733456390245,gateway_calibration,sweep:inference_delay=10.0,769.5463809788216,127,760.362077860525,10.0
TR,0,338,6887750929581537778,gateway_calibration,sweep:inference_delay=10.0,500.8243094996524,99,760.362077860525,10.0
TR,0,339,260991793345226994,gateway_calibration,sweep:inference_delay=10.0,572.3901718456876,117,760.362077860525,10.0
TR,0,340,8746877999921543352,gateway_calibration,sweep:inference_delay=10.0,543.7620155722996,113,760.362077860525,10.0
TR,0,341,2317137801473880571,gateway_calibration,sweep:inference_delay=10.0,652.1436052615601,115,760.362077860525,10.0
TR,0,342,6134997596253921769,gateway_calibration,sweep:inference_delay=10.0,645.615858213513,114,760.362077860525,10.0
TR,0,343,1393983581844183105,gateway_calibration,sweep:inference_delay=10.0,488.51023353691573,105,760.362077860525,10.0
TR,0,344,9185900088536448965,gateway_calibration,sweep:inference_delay=10.0,686.1359254190863,114,760.362077860525,10.0
TR,0,345,2066614422211580321,gateway_calibration,sweep:inference_delay=10.0,561.6638384532304,105,760.362077860525,10.0
TR,0,346,6572738449956415335,gateway_calibration,sweep:inference_delay=10.0,556.9047333230246,97,760.362077860525,10.0
TR,0,347,6389804173431371729,gateway_calibration,sweep:inference_delay=10.0,759.2403075360618,115,760.362077860525,10.0
TR,0,348,3368954245211477572,gateway_calibration,sweep:inference_delay=10.0,564.9702075509207,124,760.362077860525,10.0
TR,0,349,3148510486280105558,gateway_calibration,sweep:inference_delay=10.0,553.9486586045268,118,760.362077860525,10.0
TR,0,350,1140768025472967164,gateway_calibration,sweep:inference_delay=10.0,600.173937270813,120,760.362077860525,10.0
TR,0,351,7031743367037249500,gateway_calibration,sweep:inference_delay=10.0,646.7686235051908,107,760.362077860525,10.0
TR,0,352,7349822150306208995,gateway_calibration,sweep:inference_delay=10.0,576.1296054476506,111,760.362077860525,10.0
TR,0,353,687973337271083316,gateway_calibration,sweep:inference_delay=10.0,627.022548934824,131,760.362077860525,10.0
TR,0,354,2168197674474530513,gateway_calibration,sweep:inference_delay=10.0,656.0306595136724,121,760.362077860525,10.0
TR,0,355,6293654943717729053,gateway_calibration,sweep:inference_delay=10.0,572.0576302963958,95,760.362077860525,10.0
TR,0,356,4390483303704997726,gateway_calibration,sweep:inference_delay=10.0,595.540179393789,120,760.362077860525,10.0
TR,0,357,1854316584876458591,gateway_calibration,sweep:inference_delay=10.0,501.60883764708717,108,760.362077860525,10.0
TR,0,358,7915313421870266076,gateway_calibration,sweep:inference_delay=10.0,627.7300977192821,116,760.362077860525,10.0
TR,0,359,4235964634654846427,gateway_calibration,sweep:inference_delay=10.0,696.3698656975419,125,760.362077860525,10.0
TR,0,360,5818833497421823051,gateway_calibration,sweep:inference_delay=10.0,659.5304460925577,101,760.362077860525,10.0
TR,0,361,4242729073121353581,gateway_calibration,sweep:inference_delay=10.0,826.1009356037167,130,760.362077860525,10.0
TR,0,362,51725448714283052,gateway_calibration,sweep:inference_delay=10.0,626.6493862597878,105,760.362077860525,10.0
TR,0,363,7950009456944714192,gateway_calibration,sweep:inference_delay=10.0,535.8298241214114,111,760.362077860525,10.0
TR,0,364,4616861813605760467,gateway_calibration,sweep:inference_delay=10.0,930.1572648264275,147,760.362077860525,10.0
TR,0,365,3131644150782178217,gateway_calibration,sweep:inference_delay=10.0,676.1859554545312,131,760.362077860525,10.0
TR,0,366,1458429739092301751,gateway_calibration,sweep:inference_delay=10.0,672.0374715157544,101,760.362077860525,10.0
TR,0,367,413454851417021492,gateway_calibration,sweep:inference_delay=10.0,632.8963201148067,120,760.362077860525,10.0
TR,0,368,1589875838607164891,gateway_calibration,sweep:inference_delay=10.0,619.3474685784887,105,760.362077860525,10.0
TR,0,369,1901427410041970851,gateway_calibration,sweep:inference_delay=10.0,578.4264091970479,106,760.362077860525,10.0
TR,0,370,5660518494615186897,gateway_calibration,sweep:inference_delay=10.0,515.8571583839996,108,760.362077860525,10.0
TR,0,371,4340467197749638598,gateway_calibration,sweep:inference_delay=10.0,617.7831508048444,107,760.362077860525,10.0
TR,0,372,3986745208398816824,gateway_calibration,sweep:inference_delay=10.0,573.2205107792446,123,760.362077860525,10.0
TR,0,373,7325411825131879015,gateway_calibration,sweep:inference_delay=10.0,598.3878197986115,124,760.362077860525,10.0
TR,0,374,5066473612544742522,gateway_calibration,sweep:inference_delay=10.0,591.1864906759511,115,760.362077860525,10.0
TR,0,375,4308374564449105127,gateway_calibration,sweep:inference_delay=10.0,611.9328625829269,108,760.362077860525,10.0
TR,0,376,1002416442472180531,gateway_calibration,sweep:inference_delay=10.0,619.7635311775091,103,760.362077860525,10.0
TR,0,377,4899532699509565437,gateway_calibration,sweep:inference_delay=10.0,605.4750505419731,121,760.362077860525,10.0
TR,0,378,236193110265701488,gateway_calibration,sweep:inference_delay=10.0,582.5197411904018,99,760.362077860525,10.0
TR,0,379,4794116717418045181,gateway_calibration,sweep:inference_delay=10.0,638.0627236355567,128,760.362077860525,10.0
TR,0,380,6841383638408184931,gateway_calibration,sweep:inference_delay=10.0,690.2074930467198,132,760.362077860525,10.0
TR,0,381,4512066057519378704,gateway_calibration,sweep:inference_delay=10.0,692.776061971507,125,760.362077860525,10.0
TR,0,382,1906159817219817383,gateway_calibration,sweep:inference_delay=10.0,695.2505434006632,117,760.362077860525,10.0
TR,0,383,1941554973479936226,gateway_calibration,sweep:inference_delay=10.0,607.2898613153145,98,760.362077860525,10.0
TR,0,384,8629485338707232420,gateway_calibration,sweep:inference_delay=10.0,556.1980719818272,119,760.362077860525,10.0
TR,0,385,1456654459922981714,gateway_calibration,sweep:inference_delay=10.0,667.0846688654244,106,760.362077860525,10.0
TR,0,386,6400327344461466456,gateway_calibration,sweep:inference_delay=10.0,583.2053613316942,109,760.362077860525,10.0
TR,0,387,896928164580625702,gateway_calibration,sweep:inference_delay=10.0,590.2277766656175,120,760.362077860525,10.0
TR,0,388,4445089072048637488,gateway_calibration,sweep:inference_delay=10.0,557.5512455403971,103,760.362077860525,10.0
TR,0,389,1579534281177363133,gateway_calibration,sweep:inference_delay=10.0,535.941213261473,97,760.362077860525,10.0
TR,0,390,5719002210339444545,gateway_calibration,sweep:inference_delay=10.0,697.0836951469647,114,760.362077860525,10.0
TR,0,391,5108049783014067112,gateway_calibration,sweep:inference_delay=10.0,616.4899556870797,116,760.362077860525,10.0
TR,0,392,4980181941580125415,gateway_calibration,sweep:inference_delay=10.0,605.5982907641394,112,760.362077860525,10.0
TR,0,393,5754385077178138102,gateway_calibration,sweep:inference_delay=10.0,692.9582500100015,113,760.362077860525,10.0
TR,0,394,6219555724164946688,gateway_calibration,sweep:inference_delay=10.0,735.8607301885169,136,760.362077860525,10.0
TR,0,395,3770153499727457804,gateway_calibration,sweep:inference_delay=10.0,630.842476566541,121,760.362077860525,10.0
TR,0,396,35433405873545682,gateway_calibration,sweep:inference_delay=10.0,585.7167317257938,109,760.362077860525,10.0
TR,0,397,3652647191650773181,gateway_calibration,sweep:inference_delay=10.0,734.0380917291,124,760.362077860525,10.0
TR,0,398,3803982747004558629,gateway_calibration,sweep:inference_delay=10.0,635.2219777377595,125,760.362077860525,10.0
TR,0,399,4139006798896872142,gateway_calibration,sweep:inference_delay=10.0,523.1551284970283,95,760.362077860525,10.0
TR,0,400,1740853680596376795,gateway_calibration,sweep:inference_delay=10.0,740.6223575545001,110,760.362077860525,10.0
TR,0,401,4953314424797383671,gateway_calibration,sweep:inference_delay=10.0,718.2414780671255,117,760.362077860525,10.0
TR,0,402,8300379248761548458,gateway_calibration,sweep:inference_delay=10.0,564.5692493303154,102,760.362077860525,10.0
TR,0,403,6679210173046323629,gateway_calibration,sweep:inference_delay=10.0,658.8642139092615,124,760.362077860525,10.0
TR,0,404,4548097654179893453,gateway_calibration,sweep:inference_delay=10.0,502.09558239068247,89,760.362077860525,10.0
TR,0,405,5860798121007852673,gateway_calibration,sweep:inference_delay=10.0,635.8371064069299,120,760.362077860525,10.0
TR,0,406,4177165241543623043,gateway_calibration,sweep:inference_delay=10.0,575.1163560411667,104,760.362077860525,10.0
TR,0,407,6267304676502968584,gateway_calibration,sweep:inference_delay=10.0,647.141360846123,114,760.362077860525,10.0
TR,0,408,3775286495920659209,gateway_calibration,sweep:inference_delay=10.0,578.8558200750418,110,760.362077860525,10.0
TR,0,409,5698156991607070619,gateway_calibration,sweep:inference_delay=10.0,572.4177367872783,116,760.362077860525,10.0
TR,0,410,635744450519472079,gateway_calibration,sweep:inference_delay=10.0,568.0320399584973,108,760.362077860525,10.0
TR,0,411,4743930717757059276,gateway_calibration,sweep:inference_delay=10.0,533.2998879139167,107,760.362077860525,10.0
TR,0,412,4388165442506385541,gateway_calibration,sweep:inference_delay=10.0,570.0321137604784,103,760.362077860525,10.0
TR,0,413,9165621869255848434,gateway_calibration,sweep:inference_delay=10.0,560.4409957461332,114,760.362077860525,10.0
TR,0,414,1465011641130274858,gateway_calibration,sweep:inference_delay=10.0,678.0231343712561,121,760.362077860525,10.0
TR,0,415,4383905346516736241,gateway_calibration,sweep:inference_delay=10.0,630.7855523441201,105,760.362077860525,10.0
TR,0,416,2089729428213660432,gateway_calibration,sweep:inference_delay=10.0,594.2638209169394,133,760.362077860525,10.0
TR,0,417,6164862848275280114,gateway_calibration,sweep:inference_delay=10.0,722.2698793736205,121,760.362077860525,10.0
TR,0,418,1465383883174513168,gateway_calibration,sweep:inference_delay=10.0,787.3441963690973,117,760.362077860525,10.0
TR,0,419,6612031019234184416,gateway_calibration,sweep:inference_delay=10.0,524.6752929853785,110,760.362077860525,10.0
TR,0,420,6490687127704970445,gateway_calibration,sweep:inference_delay=10.0,524.7855662496243,95,760.362077860525,10.0
TR,0,421,6896934931544392763,gateway_calibration,sweep:inference_delay=10.0,676.7082990186891,114,760.362077860525,10.0
TR,0,422,1679843966336225986,gateway_calibration,sweep:inference_delay=10.0,779.3315906321648,129,760.362077860525,10.0
TR,0,423,3806714946022523973,gateway_calibration,sweep:inference_delay=10.0,581.3132732651173,111,760.362077860525,10.0
TR,0,424,8375060429706224300,gateway_calibration,sweep:inference_delay=10.0,699.5751566266549,116,760.362077860525,10.0
TR,0,425,5615377480767525267,gateway_calibration,sweep:inference_delay=10.0,662.0731345894467,128,760.362077860525,10.0
TR,0,426,2529033949175331004,gateway_calibration,sweep:inference_delay=10.0,733.3262409371533,127,760.362077860525,10.0
TR,0,427,4823520509900926675,gateway_calibration,sweep:inference_delay=10.0,571.537068466355,123,760.362077860525,10.0
TR,0,428,2244877827692249444,gateway_calibration,sweep:inference_delay=10.0,592.654643929415,118,760.362077860525,10.0
TR,0,429,4972347061775209452,gateway_calibration,sweep:inference_delay=10.0,611.241128584901,120,760.362077860525,10.0
TR,0,430,1374178397899203344,gateway_calibration,sweep:inference_delay=10.0,498.3949766103231,106,760.362077860525,10.0
TR,0,431,6822128673087502075,gateway_calibration,sweep:inference_delay=10.0,690.2769336377107,127,760.362077860525,10.0
TR,0,432,1800601297514769204,gateway_calibration,sweep:inference_delay=10.0,756.8926716472051,92,760.362077860525,10.0
TR,0,433,7077581756909650805,gateway_calibration,sweep:inference_delay=10.0,723.726185001236,129,760.362077860525,10.0
TR,0,434,6416249249953388469,gateway_calibration,sweep:inference_delay=10.0,596.1018228873604,124,760.362077860525,10.0
TR,0,435,5026846530916693760,gateway_calibration,sweep:inference_delay=10.0,469.52127392804675,101,760.362077860525,10.0
TR,0,436,4614504211130363508,gateway_calibration,sweep:inference_delay=10.0,590.7239755771443,113,760.362077860525,10.0
TR,0,437,4374028996391501529,gateway_calibration,sweep:inference_delay=10.0,572.5788685458449,113,760.362077860525,10.0
TR,0,438,579446915335408947,gateway_calibration,sweep:inference_delay=10.0,581.85884984523,118,760.362077860525,10.0
TR,0,439,521182753844086335,gateway_calibration,sweep:inference_delay=10.0,631.8008825967003,112,760.362077860525,10.0
TR,0,440,4198068604305563434,gateway_calibration,sweep:inference_delay=10.0,597.7365572231926,108,760.362077860525,10.0
TR,0,441,2326348984035213499,gateway_calibration,sweep:inference_delay=10.0,542.7910542393837,107,760.362077860525,10.0
TR,0,442,7240353082581480428,gateway_calibration,sweep:inference_delay=10.0,554.644743917594,97,760.362077860525,10.0
TR,0,443,8082100958225140419,gateway_calibration,sweep:inference_delay=10.0,697.3176909904005,116,760.362077860525,10.0
TR,0,444,422257548111493911,gateway_calibration,sweep:inference_delay=10.0,658.9522671276256,115,760.362077860525,10.0
TR,0,445,5481123556942001847,gateway_calibration,sweep:inference_delay=10.0,730.3834744026628,115,760.362077860525,10.0
TR,0,446,5723380711992794301,gateway_calibration,sweep:inference_delay=10.0,611.9702677111206,99,760.362077860525,10.0
TR,0,447,1596644950810753696,gateway_calibration,sweep:inference_delay=10.0,553.1354076944091,104,760.362077860525,10.0
TR,0,448,890318317862027655,gateway_calibration,sweep:inference_delay=10.0,692.9232655804118,104,760.362077860525,10.0
TR,0,449,265769430674634848,gateway_calibration,sweep:inference_delay=10.0,624.5744531659677,130,760.362077860525,10.0
TR,0,450,926856257671201141,gateway_calibration,sweep:inference_delay=10.0,760.2970281805265,130,760.362077860525,10.0
TR,0,451,7360540042902553370,gateway_calibration,sweep:inference_delay=10.0,624.7861086067691,120,760.362077860525,10.0
TR,0,452,2673812595616490605,gateway_calibration,sweep:inference_delay=10.0,680.047257099632,121,760.362077860525,10.0
TR,0,453,6819627770574388922,gateway_calibration,sweep:inference_delay=10.0,768.77026244813,127,760.362077860525,10.0
TR,0,454,4969476965587413537,gateway_calibration,sweep:inference_delay=10.0,617.5531614468304,105,760.362077860525,10.0
TR,0,455,7619297128313582236,gateway_calibration,sweep:inference_delay=10.0,711.1864737520206,125,760.362077860525,10.0
TR,0,456,3673894732411164256,gateway_calibration,sweep:inference_delay=10.0,488.603504453498,106,760.362077860525,10.0
TR,0,457,6412083765092729312,gateway_calibration,sweep:inference_delay=10.0,750.9065953606361,120,760.362077860525,10.0
TR,0,458,4402163694059064639,gateway_calibration,sweep:inference_delay=10.0,612.5839217363034,127,760.362077860525,10.0
TR,0,459,6867942794605768434,gateway_calibration,sweep:inference_delay=10.0,491.9209182016133,105,760.362077860525,10.0
TR,0,460,6410416098110062589,gateway_calibration,sweep:inference_delay=10.0,587.9186596997745,103,760.362077860525,10.0
TR,0,461,8489136419868332166,gateway_calibration,sweep:inference_delay=10.0,628.1517602953897,137,760.362077860525,10.0
TR,0,462,4474287850412406188,gateway_calibration,sweep:inference_delay=10.0,565.070573581456,102,760.362077860525,10.0
TR,0,463,2581015795445132960,gateway_calibration,sweep:inference_delay=10.0,610.8314731329024,120,760.362077860525,10.0
TR,0,464,2754472036498429695,gateway_calibration,sweep:inference_delay=10.0,629.166949909175,134,760.362077860525,10.0
TR,0,465,3954823012191403622,gateway_calibration,sweep:inference_delay=10.0,582.2350067955776,128,760.362077860525,10.0
TR,0,466,7260180092287948993,gateway_calibration,sweep:inference_delay=10.0,587.9995501851073,119,760.362077860525,10.0
TR,0,467,450240560937344741,gateway_calibration,sweep:inference_delay=10.0,605.1044999831411,119,760.362077860525,10.0
TR,0,468,604007355768936178,gateway_calibration,sweep:inference_delay=10.0,532.9080986644714,126,760.362077860525,10.0
TR,0,469,7639524512905538368,gateway_calibration,sweep:inference_delay=10.0,609.9198508422255,104,760.362077860525,10.0
TR,0,470,9020250518970363901,gateway_calibration,sweep:inference_delay=10.0,663.1553416190848,114,760.362077860525,10.0
TR,0,471,6725889825216367166,gateway_calibration,sweep:inference_delay=10.0,638.1506979912767,133,760.362077860525,10.0
TR,0,472,4255039573862398939,gateway_calibration,sweep:inference_delay=10.0,425.0717099948032,99,760.362077860525,10.0
TR,0,473,7278685745548117915,gateway_calibration,sweep:inference_delay=10.0,541.4967655910308,108,760.362077860525,10.0
TR,0,474,7294495948081709909,gateway_calibration,sweep:inference_delay=10.0,604.146694139269,110,760.362077860525,10.0
TR,0,475,8812180081157664176,gateway_calibration,sweep:inference_delay=10.0,688.7312710057697,106,760.362077860525,10.0
TR,0,476,1935621366272523065,gateway_calibration,sweep:inference_delay=10.0,620.839702330017,121,760.362077860525,10.0
TR,0,477,2542356950305962544,gateway_calibration,sweep:inference_delay=10.0,609.4296262429023,120,760.362077860525,10.0
TR,0,478,4833998679656941738,gateway_calibration,sweep:inference_delay=10.0,613.7744574574864,116,760.362077860525,10.0
TR,0,479,9010177624875236671,gateway_calibration,sweep:inference_delay=10.0,600.423699962802,121,760.362077860525,10.0
TR,0,480,2490141307694751620,gateway_calibration,sweep:inference_delay=10.0,644.9015998226473,117,760.362077860525,10.0
TR,0,481,1124410497352285618,gateway_calibration,sweep:inference_delay=10.0,627.1024757711709,105,760.362077860525,10.0
TR,0,482,5907252249290430202,gateway_calibration,sweep:inference_delay=10.0,469.4364670612164,105,760.362077860525,10.0
TR,0,483,7730664941365159604,gateway_calibration,sweep:inference_delay=10.0,554.2861384906496,112,760.362077860525,10.0
TR,0,484,1094695009328679243,gateway_calibration,sweep:inference_delay=10.0,666.5347317162947,119,760.362077860525,10.0
TR,0,485,6349800572567467050,gateway_calibration,sweep:inference_delay=10.0,630.1647246915068,123,760.362077860525,10.0
TR,0,486,1597788221794491652,gateway_calibration,sweep:inference_delay=10.0,618.3818590461938,117,760.362077860525,10.0
TR,0,487,2784424454827207191,gateway_calibration,sweep:inference_delay=10.0,599.470982227958,113,760.362077860525,10.0
TR,0,488,6181706354623935741,gateway_calibration,sweep:inference_delay=10.0,643.5998639652365,108,760.362077860525,10.0
TR,0,489,1458708390443315180,gateway_calibration,sweep:inference_delay=10.0,599.6202662096787,115,760.362077860525,10.0
TR,0,490,7508253665409876687,gateway_calibration,sweep:inference_delay=10.0,583.8635210157138,102,760.362077860525,10.0
TR,0,491,2458757127186114299,gateway_calibration,sweep:inference_delay=10.0,589.4704164170594,118,760.362077860525,10.0
TR,0,492,4569326220665513000,gateway_calibration,sweep:inference_delay=10.0,587.6285558225591,114,760.362077860525,10.0
TR,0,493,8726333553320350935,gateway_calibration,sweep:inference_delay=10.0,629.2262421604553,111,760.362077860525,10.0
TR,0,494,6958834814259170904,gateway_calibration,sweep:inference_delay=10.0,484.55134896306396,96,760.362077860525,10.0
TR,0,495,8774428530662358359,gateway_calibration,sweep:inference_delay=10.0,693.4280600241451,123,760.362077860525,10.0
TR,0,496,2531580376182528854,gateway_calibration,sweep:inference_delay=10.0,693.5755523756203,132,760.362077860525,10.0
TR,0,497,7776699673822036822,gateway_calibration,sweep:inference_delay=10.0,654.0171446112591,101,760.362077860525,10.0
TR,0,498,2972871217563030055,gateway_calibration,sweep:inference_delay=10.0,671.6324485079639,110,760.362077860525,10.0
TR,0,499,1692936574518996,gateway_calibration,sweep:inference_delay=10.0,544.6892718566295,108,760.362077860525,10.0
EIR,0,0,6049736399080549217,gateway_calibration,sweep:inference_delay=10.0,668.5783761459612,128,797.516116518202,10.0
EIR,0,1,3614141880911965163,gateway_calibration,sweep:inference_delay=10.0,753.0580018548367,128,797.516116518202,10.0
EIR,0,2,3782844463268261322,gateway_calibration,sweep:inference_delay=10.0,650.2479967791933,127,797.516116518202,10.0
EIR,0,3,172134909824750361,gateway_calibration,sweep:inference_delay=10.0,597.3988904759881,106,797.516116518202,10.0
EIR,0,4,7569628859020513074,gateway_calibration,sweep:inference_delay=10.0,727.7076223964302,130,797.516116518202,10.0
EIR,0,5,1593222369784597945,gateway_calibration,sweep:inference_delay=10.0,666.2992828389911,121,797.516116518202,10.0
EIR,0,6,1002536379471671605,gateway_calibration,sweep:inference_delay=10.0,650.1997321716399,125,797.516116518202,10.0
EIR,0,7,3245883644932648256,gateway_calibration,sweep:inference_delay=10.0,616.9776113276273,124,797.516116518202,10.0
EIR,0,8,497739744443370087,gateway_calibration,sweep:inference_delay=10.0,624.49667722217,142,797.516116518202,10.0
EIR,0,9,3197592489096448535,gateway_calibration,sweep:inference_delay=10.0,763.4089159536086,137,797.516116518202,10.0
EIR,0,10,4693872228876108086,gateway_calibration,sweep:inference_delay=10.0,573.3142323123596,116,797.516116518202,10.0
EIR,0,11,6224897630364811205,gateway_calibration,sweep:inference_delay=10.0,579.7433724164637,121,797.516116518202,10.0
EIR,0,12,6858437917244025263,gateway_calibration,sweep:inference_delay=10.0,712.4141531642733,126,797.516116518202,10.0
EIR,0,13,7225386873213664787,gateway_calibration,sweep:inference_delay=10.0,614.8093054627168,118,797.516116518202,10.0
EIR,0,14,4443731833466638724,gateway_calibration,sweep:inference_delay=10.0,676.7323616457456,128,797.516116518202,10.0
EIR,0,15,7851880079114456141,gateway_calibration,sweep:inference_delay=10.0,666.0830870134374,121,797.516116518202,10.0
EIR,0,16,7753488382357916174,gateway_calibration,sweep:inference_delay=10.0,892.0544557463893,152,797.516116518202,10.0
EIR,0,17,5899672622410807716,gateway_calibration,sweep:inference_delay=10.0,605.2467620386695,116,797.516116518202,10.0
EIR,0,18,6617821992207498270,gateway_calibration,sweep:inference_delay=10.0,587.7483350110306,116,797.516116518202,10.0
EIR,0,19,8764321510054411716,gateway_calibration,sweep:inference_delay=10.0,769.7362154086388,136,797.516116518202,10.0
EIR,0,20,6927961557560396041,gateway_calibration,sweep:inference_delay=10.0,672.2405101352127,130,797.516116518202,10.0
EIR,0,21,7204031197620364302,gateway_calibration,sweep:inference_delay=10.0,729.6689615253106,136,797.516116518202,10.0
EIR,0,22,5275393523786605136,gateway_calibration,sweep:inference_delay=10.0,754.857414750961,138,797.516116518202,10.0
EIR,0,23,628386316106772247,gateway_calibration,sweep:inference_delay=10.0,598.7052777484274,122,797.516116518202,10.0
EIR,0,24,8543298398457698356,gateway_calibration,sweep:inference_delay=10.0,691.9245315011672,122,797.516116518202,10.0
EIR,0,25,7353258163771406813,gateway_calibration,sweep:inference_delay=10.0,740.8514742332861,123,797.516116518202,10.0
EIR,0,26,229838308884439829,gateway_calibration,sweep:inference_delay=10.0,717.5356448837024,138,797.516116518202,10.0
EIR,0,27,634649314849650183,gateway_calibration,sweep:inference_delay=10.0,482.97218970785525,112,797.516116518202,10.0
EIR,0,28,5321991485004207026,gateway_calibration,sweep:inference_delay=10.0,600.6159788411201,128,797.516116518202,10.0
EIR,0,29,4533029594824391456,gateway_calibration,sweep:inference_delay=10.0,676.5736792703577,124,797.516116518202,10.0
EIR,0,30,981848863815113316,gateway_calibration,sweep:inference_delay=10.0,572.6592292506128,113,797.516116518202,10.0
EIR,0,31,3823770112127895073,gateway_calibration,sweep:inference_delay=10.0,634.6507878627293,138,797.516116518202,10.0
EIR,0,32,8982619146399240845,gateway_calibration,sweep:inference_delay=10.0,710.0110343235967,121,797.516116518202,10.0
EIR,0,33,4036591858100777417,gateway_calibration,sweep:inference_delay=10.0,618.7520488042727,125,797.516116518202,10.0
EIR,0,34,2128046754323214691,gateway_calibration,sweep:inference_delay=10.0,704.0689500305186,129,797.516116518202,10.0
EIR,0,35,2532118125296453079,gateway_calibration,sweep:inference_delay=10.0,609.417044872794,124,797.516116518202,10.0
EIR,0,36,1965574916483896026,gateway_calibration,sweep:inference_delay=10.0,688.1634740116777,131,797.516116518202,10.0
EIR,0,37,3497203321326303013,gateway_calibration,sweep:inference_delay=10.0,674.2660529234606,118,797.516116518202,10.0
EIR,0,38,1435462974700456624,gateway_calibration,sweep:inference_delay=10.0,575.4136653837901,107,797.516116518202,10.0
EIR,0,39,5906670011034764605,gateway_calibration,sweep:inference_delay=10.0,499.58604772349025,113,797.516116518202,10.0
EIR,0,40,8493231524813236099,gateway_calibration,sweep:inference_delay=10.0,561.0791686959174,118,797.516116518202,10.0
EIR,0,41,1109409384272488472,gateway_calibration,sweep:inference_delay=10.0,680.946478362503,139,797.516116518202,10.0
EIR,0,42,2331926815409973583,gateway_calibration,sweep:inference_delay=10.0,623.009640454,135,797.516116518202,10.0
EIR,0,43,456554999276919906,gateway_calibration,sweep:inference_delay=10.0,694.9595906865303,120,797.516116518202,10.0
EIR,0,44,4311667320825768766,gateway_calibration,sweep:inference_delay=10.0,576.6483535930387,123,797.516116518202,10.0
EIR,0,45,2816200913444400688,gateway_calibration,sweep:inference_delay=10.0,677.9720842983203,124,797.516116518202,10.0
EIR,0,46,4410906882554995886,gateway_calibration,sweep:inference_delay=10.0,624.7165818352112,104,797.516116518202,10.0
EIR,0,47,7269581566777373596,gateway_calibration,sweep:inference_delay=10.0,630.6795478020613,127,797.516116518202,10.0
EIR,0,48,145277398224910302,gateway_calibration,sweep:inference_delay=10.0,777.934688136099,132,797.516116518202,10.0
EIR,0,49,1185788965253359205,gateway_calibration,sweep:inference_delay=10.0,643.7909386300354,122,797.516116518202,10.0
EIR,0,50,2942892347711051546,gateway_calibration,sweep:inference_delay=10.0,660.2666655195909,132,797.516116518202,10.0
EIR,0,51,7160491164012915283,gateway_calibration,sweep:inference_delay=10.0,507.1800304173261,103,797.516116518202,10.0
EIR,0,52,3464505406749007226,gateway_calibration,sweep:inference_delay=10.0,724.9110850148909,132,797.516116518202,10.0
EIR,0,53,3963864107040187887,gateway_calibration,sweep:inference_delay=10.0,639.8927461673645,122,797.516116518202,10.0
EIR,0,54,7208620182972257321,gateway_calibration,sweep:inference_delay=10.0,724.4318004427478,130,797.516116518202,10.0
EIR,0,55,3239287484485163206,gateway_calibration,sweep:inference_delay=10.0,733.0845997223971,136,797.516116518202,10.0
EIR,0,56,3072856176706187233,gateway_calibration,sweep:inference_delay=10.0,660.2906729740495,129,797.516116518202,10.0
EIR,0,57,114975953438731580,gateway_calibration,sweep:inference_delay=10.0,663.8040457420846,123,797.516116518202,10.0
EIR,0,58,8413793798341656640,gateway_calibration,sweep:inference_delay=10.0,616.8261373121765,122,797.516116518202,10.0
EIR,0,59,5081659668465426551,gateway_calibration,sweep:inference_delay=10.0,602.6626871348724,115,797.516116518202,10.0
EIR,0,60,4522942961088522158,gateway_calibration,sweep:inference_delay=10.0,654.5516195356945,142,797.516116518202,10.0
EIR,0,61,3457036150190136904,gateway_calibration,sweep:inference_delay=10.0,604.5930162795692,131,797.516116518202,10.0
EIR,0,62,4074137883015100121,gateway_calibration,sweep:inference_delay=10.0,701.6771577520523,130,797.516116518202,10.0
EIR,0,63,6906166305490545476,gateway_calibration,sweep:inference_delay=10.0,609.4282136046774,110,797.516116518202,10.0
EIR,0,64,4416456575241990974,gateway_calibration,sweep:inference_delay=10.0,592.5339913543396,118,797.516116518202,10.0
EIR,0,65,4211219218115830647,gateway_calibration,sweep:inference_delay=10.0,636.3150346818762,113,797.516116518202,10.0
EIR,0,66,7432626247144457274,gateway_calibration,sweep:inference_delay=10.0,704.0584491566582,121,797.516116518202,10.0
EIR,0,67,3951460391655009558,gateway_calibration,sweep:inference_delay=10.0,612.2045421186044,126,797.516116518202,10.0
EIR,0,68,5213872230581518477,gateway_calibration,sweep:inference_delay=10.0,718.3032582086744,121,797.516116518202,10.0
EIR,0,69,3305773861132405076,gateway_calibration,sweep:inference_delay=10.0,630.8284573847816,119,797.516116518202,10.0
EIR,0,70,6269031707500816043,gateway_calibration,sweep:inference_delay=10.0,525.4928574275889,112,797.516116518202,10.0
EIR,0,71,809662866910847678,gateway_calibration,sweep:inference_delay=10.0,669.1113137816114,131,797.516116518202,10.0
EIR,0,72,2574613928981938574,gateway_calibration,sweep:inference_delay=10.0,631.1729761611558,126,797.516116518202,10.0
EIR,0,73,6089003096968738155,gateway_calibration,sweep:inference_delay=10.0,812.6944432772196,131,797.516116518202,10.0
EIR,0,74,1419457417642917865,gateway_calibration,sweep:inference_delay=10.0,576.8670822744364,128,797.516116518202,10.0
EIR,0,75,838920260566265173,gateway_calibration,sweep:inference_delay=10.0,562.7461816987942,120,797.516116518202,10.0
EIR,0,76,2960606552923196939,gateway_calibration,sweep:inference_delay=10.0,639.6907362049017,134,797.516116518202,10.0
EIR,0,77,4110897889718147490,gateway_calibration,sweep:inference_delay=10.0,557.9890762311946,109,797.516116518202,10.0
EIR,0,78,1837368887962271253,gateway_calibration,sweep:inference_delay=10.0,612.1270795926627,125,797.516116518202,10.0
EIR,0,79,5385479498619956126,gateway_calibration,sweep:inference_delay=10.0,591.2134517707412,132,797.516116518202,10.0
EIR,0,80,6249406903195008845,gateway_calibration,sweep:inference_delay=10.0,603.1009843783395,103,797.516116518202,10.0
EIR,0,81,1085394251510257806,gateway_calibration,sweep:inference_delay=10.0,745.2274480350245,126,797.516116518202,10.0
EIR,0,82,2814334688418490395,gateway_calibration,sweep:inference_delay=10.0,595.0880148361204,122,797.516116518202,10.0
EIR,0,83,6860310037961245342,gateway_calibration,sweep:inference_delay=10.0,807.2244333472219,131,797.516116518202,10.0
EIR,0,84,3665169491436613237,gateway_calibration,sweep:inference_delay=10.0,726.0862694548057,129,797.516116518202,10.0
EIR,0,85,4501177159941204635,gateway_calibration,sweep:inference_delay=10.0,656.3780803915062,126,797.516116518202,10.0
EIR,0,86,1607398308817967611,gateway_calibration,sweep:inference_delay=10.0,637.1312135787568,120,797.516116518202,10.0
EIR,0,87,382934452830725725,gateway_calibration,sweep:inference_delay=10.0,573.6509902055647,113,797.516116518202,10.0
EIR,0,88,3214994743187018338,gateway_calibration,sweep:inference_delay=10.0,599.6280673493761,125,797.516116518202,10.0
EIR,0,89,6810983390309033618,gateway_calibration,sweep:inference_delay=10.0,625.0226240647461,121,797.516116518202,10.0
EIR,0,90,905392402729143295,gateway_calibration,sweep:inference_delay=10.0,666.4965610305251,125,797.516116518202,10.0
EIR,0,91,5893132263558168544,gateway_calibration,sweep:inference_delay=10.0,590.8924124878755,122,797.516116518202,10.0
EIR,0,92,7818118477081631073,gateway_calibration,sweep:inference_delay=10.0,728.910588761582,131,797.516116518202,10.0
EIR,0,93,8477176458569194358,gateway_calibration,sweep:inference_delay=10.0,642.5951024671689,127,797.516116518202,10.0
EIR,0,94,6436395388025438225,gateway_calibration,sweep:inference_delay=10.0,860.5123309522329,138,797.516116518202,10.0
EIR,0,95,5662493746153973169,gateway_calibration,sweep:inference_delay=10.0,579.2460589538324,108,797.516116518202,10.0
EIR,0,96,8760836115373919402,gateway_calibration,sweep:inference_delay=10.0,762.1327581155856,125,797.516116518202,10.0
EIR,0,97,1828448270095659962,gateway_calibration,sweep:inference_delay=10.0,642.8490140201894,119,797.516116518202,10.0
EIR,0,98,3891286408832223716,gateway_calibration,sweep:inference_delay=10.0,618.6189132263895,114,797.516116518202,10.0
EIR,0,99,3281852156767873975,gateway_calibration,sweep:inference_delay=10.0,815.0516726315917,141,797.516116518202,10.0
EIR,0,100,7360961852949781040,gateway_calibration,sweep:inference_delay=10.0,589.4148015465391,124,797.516116518202,10.0
EIR,0,101,5714098941459959248,gateway_calibration,sweep:inference_delay=10.0,659.7635484403835,123,797.516116518202,10.0
EIR,0,102,8889965303897002547,gateway_calibration,sweep:inference_delay=10.0,579.322209262383,123,797.516116518202,10.0
EIR,0,103,5588104119418280877,gateway_calibration,sweep:inference_delay=10.0,827.7266177772365,130,797.516116518202,10.0
EIR,0,104,1717541167968371460,gateway_calibration,sweep:inference_delay=10.0,519.1886247294833,105,797.516116518202,10.0
EIR,0,105,4281328841369799324,gateway_calibration,sweep:inference_delay=10.0,817.1153239328887,152,797.516116518202,10.0
EIR,0,106,3841998439616210858,gateway_calibration,sweep:inference_delay=10.0,730.0358924106386,122,797.516116518202,10.0
EIR,0,107,4656109134823519864,gateway_calibration,sweep:inference_delay=10.0,565.5862325705632,119,797.516116518202,10.0
EIR,0,108,11120538725514258,gateway_calibration,sweep:inference_delay=10.0,750.5435387789234,123,797.516116518202,10.0
EIR,0,109,1117921012405786410,gateway_calibration,sweep:inference_delay=10.0,639.4603899093195,109,797.516116518202,10.0
EIR,0,110,6244314511794615198,gateway_calibration,sweep:inference_delay=10.0,581.7054678759288,123,797.516116518202,10.0
EIR,0,111,1103807163452981408,gateway_calibration,sweep:inference_delay=10.0,633.0800033096929,113,797.516116518202,10.0
EIR,0,112,6471037810299585802,gateway_calibration,sweep:inference_delay=10.0,638.2458930471797,127,797.516116518202,10.0
EIR,0,113,6631451902567015366,gateway_calibration,sweep:inference_delay=10.0,600.5866682851496,118,797.516116518202,10.0
EIR,0,114,7702108297036266510,gateway_calibration,sweep:inference_delay=10.0,745.1256707576562,138,797.516116518202,10.0
EIR,0,115,4452377490350809379,gateway_calibration,sweep:inference_delay=10.0,656.2357606702548,122,797.516116518202,10.0
EIR,0,116,1092794466350355812,gateway_calibration,sweep:inference_delay=10.0,619.752337465584,121,797.516116518202,10.0
EIR,0,117,7558381943245443584,gateway_calibration,sweep:inference_delay=10.0,681.5003861294803,128,797.516116518202,10.0
EIR,0,118,178649863086473376,gateway_calibration,sweep:inference_delay=10.0,724.9868403056469,114,797.516116518202,10.0
EIR,0,119,4715177589153388282,gateway_calibration,sweep:inference_delay=10.0,715.4495920015977,115,797.516116518202,10.0
EIR,0,120,8120724148263062663,gateway_calibration,sweep:inference_delay=10.0,663.3488033654912,122,797.516116518202,10.0
EIR,0,121,168045108984373443,gateway_calibration,sweep:inference_delay=10.0,779.804386044186,145,797.516116518202,10.0
EIR,0,122,4448573567488048157,gateway_calibration,sweep:inference_delay=10.0,584.8103682087998,113,797.516116518202,10.0
EIR,0,123,6604427556566648143,gateway_calibration,sweep:inference_delay=10.0,555.2623876168154,107,797.516116518202,10.0
EIR,0,124,4041790677408288388,gateway_calibration,sweep:inference_delay=10.0,596.9608036659027,111,797.516116518202,10.0
EIR,0,125,7595566272703394456,gateway_calibration,sweep:inference_delay=10.0,793.2408242836602,123,797.516116518202,10.0
EIR,0,126,3924338268029693169,gateway_calibration,sweep:inference_delay=10.0,629.2598121547325,126,797.516116518202,10.0
EIR,0,127,993113404262620690,gateway_calibration,sweep:inference_delay=10.0,745.8377845089028,132,797.516116518202,10.0
EIR,0,128,516813985793265926,gateway_calibration,sweep:inference_delay=10.0,472.08825339116487,97,797.516116518202,10.0
EIR,0,129,1393072011790709531,gateway_calibration,sweep:inference_delay=10.0,688.6803214112729,134,797.516116518202,10.0
EIR,0,130,7212894251704360389,gateway_calibration,sweep:inference_delay=10.0,575.5860090626479,114,797.516116518202,10.0
EIR,0,131,296305671350076636,gateway_calibration,sweep:inference_delay=10.0,549.3249355208591,116,797.516116518202,10.0
EIR,0,132,6888358162859819704,gateway_calibration,sweep:inference_delay=10.0,634.9462477240135,127,797.516116518202,10.0
EIR,0,133,4687595579221929319,gateway_calibration,sweep:inference_delay=10.0,714.7000706681071,121,797.516116518202,10.0
EIR,0,134,5436606824819494970,gateway_calibration,sweep:inference_delay=10.0,653.5412044137736,131,797.516116518202,10.0
EIR,0,135,7400290195132648492,gateway_calibration,sweep:inference_delay=10.0,652.6260792386273,126,797.516116518202,10.0
EIR,0,136,3784203482858007648,gateway_calibration,sweep:inference_delay=10.0,704.9428273581278,123,797.516116518202,10.0
EIR,0,137,7046081378856652186,gateway_calibration,sweep:inference_delay=10.0,854.9346054738978,148,797.516116518202,10.0
EIR,0,138,7150443233582535328,gateway_calibration,sweep:inference_delay=10.0,613.430760965246,112,797.516116518202,10.0
EIR,0,139,7915447824766141547,gateway_calibration,sweep:inference_delay=10.0,641.7491817261833,138,797.516116518202,10.0
EIR,0,140,8981247333002759751,gateway_calibration,sweep:inference_delay=10.0,613.1845802441437,123,797.516116518202,10.0
EIR,0,141,252382698740278989,gateway_calibration,sweep:inference_delay=10.0,716.7828232543769,138,797.516116518202,10.0
EIR,0,142,1556244228282811585,gateway_calibration,sweep:inference_delay=10.0,621.7027791307615,127,797.516116518202,10.0
EIR,0,143,3222375040947761697,gateway_calibration,sweep:inference_delay=10.0,522.3597028907284,103,797.516116518202,10.0
EIR,0,144,6708445081362929052,gateway_calibration,sweep:inference_delay=10.0,610.2231728503141,117,797.516116518202,10.0
EIR,0,145,3622213844646974167,gateway_calibration,sweep:inference_delay=10.0,691.3721983889077,139,797.516116518202,10.0
EIR,0,146,2545051280088737772,gateway_calibration,sweep:inference_delay=10.0,548.0914081256179,114,797.516116518202,10.0
EIR,0,147,5769244922708788880,gateway_calibration,sweep:inference_delay=10.0,643.9249236818279,119,797.516116518202,10.0
EIR,0,148,3176485127897179099,gateway_calibration,sweep:inference_delay=10.0,689.3661400452858,130,797.516116518202,10.0
EIR,0,149,2440056443110369581,gateway_calibration,sweep:inference_delay=10.0,573.0497661297851,115,797.516116518202,10.0
EIR,0,150,298924158423602081,gateway_calibration,sweep:inference_delay=10.0,634.2738110145945,131,797.516116518202,10.0
EIR,0,151,769141710072121702,gateway_calibration,sweep:inference_delay=10.0,802.2630143253197,146,797.516116518202,10.0
EIR,0,152,1912662823938237983,gateway_calibration,sweep:inference_delay=10.0,573.5342808643168,130,797.516116518202,10.0
EIR,0,153,6126121237744918345,gateway_calibration,sweep:inference_delay=10.0,691.809785148416,126,797.516116518202,10.0
EIR,0,154,4753192834632502976,gateway_calibration,sweep:inference_delay=10.0,815.9183841464857,121,797.516116518202,10.0
EIR,0,155,412791728555255984,gateway_calibration,sweep:inference_delay=10.0,634.2405909824514,127,797.516116518202,10.0
EIR,0,156,1206389606112860723,gateway_calibration,sweep:inference_delay=10.0,775.2038046885689,144,797.516116518202,10.0
EIR,0,157,4165646465621082956,gateway_calibration,sweep:inference_delay=10.0,716.7173850880733,132,797.516116518202,10.0
EIR,0,158,8923553759391387955,gateway_calibration,sweep:inference_delay=10.0,745.0392688764471,129,797.516116518202,10.0
EIR,0,159,4328635863448321680,gateway_calibration,sweep:inference_delay=10.0,715.0745269231763,140,797.516116518202,10.0
EIR,0,160,2179168745099132044,gateway_calibration,sweep:inference_delay=10.0,639.8865627486017,125,797.516116518202,10.0
EIR,0,161,4571454687830974056,gateway_calibration,sweep:inference_delay=10.0,657.0169112767218,109,797.516116518202,10.0
EIR,0,162,8457905333742403134,gateway_calibration,sweep:inference_delay=10.0,600.0204890811982,117,797.516116518202,10.0
EIR,0,163,1288431300519379446,gateway_calibration,sweep:inference_delay=10.0,820.699939256298,155,797.516116518202,10.0
EIR,0,164,8341921605681875909,gateway_calibration,sweep:inference_delay=10.0,775.960589812344,143,797.516116518202,10.0
EIR,0,165,880741760400581182,gateway_calibration,sweep:inference_delay=10.0,600.600069634325,120,797.516116518202,10.0
EIR,0,166,4215031473332617811,gateway_calibration,sweep:inference_delay=10.0,623.4141580652455,109,797.516116518202,10.0
EIR,0,167,325091185540410898,gateway_calibration,sweep:inference_delay=10.0,650.5363745517136,123,797.516116518202,10.0
EIR,0,168,4800497786534560048,gateway_calibration,sweep:inference_delay=10.0,574.4763865656059,121,797.516116518202,10.0
EIR,0,169,548914516025907671,gateway_calibration,sweep:inference_delay=10.0,592.9567399847857,116,797.516116518202,10.0
EIR,0,170,2792971617030329913,gateway_calibration,sweep:inference_delay=10.0,757.7654749854639,118,797.516116518202,10.0
EIR,0,171,1821549596408608584,gateway_calibration,sweep:inference_delay=10.0,783.0224016586834,136,797.516116518202,10.0
EIR,0,172,7989406821533743214,gateway_calibration,sweep:inference_delay=10.0,657.7143911699375,127,797.516116518202,10.0
EIR,0,173,1639547373304406025,gateway_calibration,sweep:inference_delay=10.0,600.2855822302838,122,797.516116518202,10.0
EIR,0,174,4981391405569804682,gateway_calibration,sweep:inference_delay=10.0,652.5068231082347,126,797.516116518202,10.0
EIR,0,175,1889391752691973073,gateway_calibration,sweep:inference_delay=10.0,728.421851337737,138,797.516116518202,10.0
EIR,0,176,9154800277965936354,gateway_calibration,sweep:inference_delay=10.0,819.2713559686971,141,797.516116518202,10.0
EIR,0,177,6681967141078497095,gateway_calibration,sweep:inference_delay=10.0,695.3838003800599,128,797.516116518202,10.0
EIR,0,178,4336175183793853455,gateway_calibration,sweep:inference_delay=10.0,683.7906403106695,129,797.516116518202,10.0
EIR,0,179,6979023882190129764,gateway_calibration,sweep:inference_delay=10.0,704.5909467657635,123,797.516116518202,10.0
EIR,0,180,7966630892838924315,gateway_calibration,sweep:inference_delay=10.0,788.325467817077,124,797.516116518202,10.0
EIR,0,181,6133256613714339848,gateway_calibration,sweep:inference_delay=10.0,670.56813111982,111,797.516116518202,10.0
EIR,0,182,8124933426164251714,gateway_calibration,sweep:inference_delay=10.0,643.6272334305788,134,797.516116518202,10.0
EIR,0,183,8419667400193659313,gateway_calibration,sweep:inference_delay=10.0,607.2377255556423,105,797.516116518202,10.0
EIR,0,184,7626920012063289612,gateway_calibration,sweep:inference_delay=10.0,612.128404906922,122,797.516116518202,10.0
EIR,0,185,7624150458662919394,gateway_calibration,sweep:inference_delay=10.0,616.9611339097736,122,797.516116518202,10.0
EIR,0,186,532176169753559272,gateway_calibration,sweep:inference_delay=10.0,600.8548624914725,117,797.516116518202,10.0
EIR,0,187,4346238136961299165,gateway_calibration,sweep:inference_delay=10.0,778.9630369482494,127,797.516116518202,10.0
EIR,0,188,2047502850624054945,gateway_calibration,sweep:inference_delay=10.0,484.84337501331953,107,797.516116518202,10.0
EIR,0,189,7675205370449120449,gateway_calibration,sweep:inference_delay=10.0,618.9064625818352,133,797.516116518202,10.0
EIR,0,190,3572341146621602713,gateway_calibration,sweep:inference_delay=10.0,671.8913645560169,131,797.516116518202,10.0
EIR,0,191,6924981390463351895,gateway_calibration,sweep:inference_delay=10.0,570.2353742796848,116,797.516116518202,10.0
EIR,0,192,368369055046658747,gateway_calibration,sweep:inference_delay=10.0,654.6319500854596,132,797.516116518202,10.0
EIR,0,193,5882754284278769786,gateway_calibration,sweep:inference_delay=10.0,687.2469914007372,133,797.516116518202,10.0
EIR,0,194,2582079507513282179,gateway_calibration,sweep:inference_delay=10.0,759.9275015828689,115,797.516116518202,10.0
EIR,0,195,4803815942263312590,gateway_calibration,sweep:inference_delay=10.0,709.0258837176156,119,797.516116518202,10.0
EIR,0,196,4297533458805319891,gateway_calibration,sweep:inference_delay=10.0,649.0425316330812,150,797.516116518202,10.0
EIR,0,197,3272875983470516375,gateway_calibration,sweep:inference_delay=10.0,670.0726611280608,128,797.516116518202,10.0
EIR,0,198,4198687776720750986,gateway_calibration,sweep:inference_delay=10.0,763.5241790077865,129,797.516116518202,10.0
EIR,0,199,8175220449024438134,gateway_calibration,sweep:inference_delay=10.0,533.7945444665469,116,797.516116518202,10.0
EIR,0,200,6898434672825899519,gateway_calibration,sweep:inference_delay=10.0,608.5215391893074,108,797.516116518202,10.0
EIR,0,201,1865926353589421119,gateway_calibration,sweep:inference_delay=10.0,657.1484047079063,116,797.516116518202,10.0
EIR,0,202,7917130856809053960,gateway_calibration,sweep:inference_delay=10.0,598.3093937802086,123,797.516116518202,10.0
EIR,0,203,2030803119758113767,gateway_calibration,sweep:inference_delay=10.0,686.7802276399138,130,797.516116518202,10.0
EIR,0,204,4551634579659347808,gateway_calibration,sweep:inference_delay=10.0,643.6644673326516,125,797.516116518202,10.0
EIR,0,205,5055856091742270541,gateway_calibration,sweep:inference_delay=10.0,751.4875423728699,134,797.516116518202,10.0
EIR,0,206,410162788708628761,gateway_calibration,sweep:inference_delay=10.0,649.578027459138,120,797.516116518202,10.0
EIR,0,207,3565110309350537428,gateway_calibration,sweep:inference_delay=10.0,679.9776799396391,120,797.516116518202,10.0
EIR,0,208,2104408840368461434,gateway_calibration,sweep:inference_delay=10.0,621.5451831115444,112,797.516116518202,10.0
EIR,0,209,2597690903809596447,gateway_calibration,sweep:inference_delay=10.0,583.843806033589,123,797.516116518202,10.0
EIR,0,210,4781152407008455532,gateway_calibration,sweep:inference_delay=10.0,603.6469937923181,110,797.516116518202,10.0
EIR,0,211,1925017289062839630,gateway_calibration,sweep:inference_delay=10.0,603.1367488336774,118,797.516116518202,10.0
EIR,0,212,1199958180283462715,gateway_calibration,sweep:inference_delay=10.0,615.079081728909,134,797.516116518202,10.0
EIR,0,213,4659513730920831,gateway_calibration,sweep:inference_delay=10.0,716.6993307565765,135,797.516116518202,10.0
EIR,0,214,5788801240499269989,gateway_calibration,sweep:inference_delay=10.0,604.3696677667115,132,797.516116518202,10.0
EIR,0,215,9084047724594990919,gateway_calibration,sweep:inference_delay=10.0,716.3089992611301,129,797.516116518202,10.0
EIR,0,216,6002831013828907671,gateway_calibration,sweep:inference_delay=10.0,759.5756769102409,140,797.516116518202,10.0
EIR,0,217,220399003634111605,gateway_calibration,sweep:inference_delay=10.0,716.8607825086034,117,797.516116518202,10.0
EIR,0,218,4045743812387725595,gateway_calibration,sweep:inference_delay=10.0,609.6481469695452,114,797.516116518202,10.0
EIR,0,219,5952462952010127069,gateway_calibration,sweep:inference_delay=10.0,619.6883940226315,118,797.516116518202,10.0
EIR,0,220,4432578577141932327,gateway_calibration,sweep:inference_delay=10.0,708.1854076117295,128,797.516116518202,10.0
EIR,0,221,8745441341674089383,gateway_calibration,sweep:inference_delay=10.0,618.3393247798912,132,797.516116518202,10.0
EIR,0,222,7042161204824117362,gateway_calibration,sweep:inference_delay=10.0,661.1692161151016,119,797.516116518202,10.0
EIR,0,223,8982478102794449706,gateway_calibration,sweep:inference_delay=10.0,586.7516421657525,116,797.516116518202,10.0
EIR,0,224,3575136462625063533,gateway_calibration,sweep:inference_delay=10.0,629.0606863822444,123,797.516116518202,10.0
EIR,0,225,9125862443705693075,gateway_calibration,sweep:inference_delay=10.0,880.9984018795443,154,797.516116518202,10.0
EIR,0,226,9010341502833215928,gateway_calibration,sweep:inference_delay=10.0,595.9622230167726,122,797.516116518202,10.0
EIR,0,227,6615238198991234256,gateway_calibration,sweep:inference_delay=10.0,633.6855363039401,131,797.516116518202,10.0
EIR,0,228,7421005048128115658,gateway_calibration,sweep:inference_delay=10.0,695.6957828006874,142,797.516116518202,10.0
EIR,0,229,9047298902116598526,gateway_calibration,sweep:inference_delay=10.0,665.1975459646437,136,797.516116518202,10.0
EIR,0,230,4704421864082892828,gateway_calibration,sweep:inference_delay=10.0,600.5628507482304,127,797.516116518202,10.0
EIR,0,231,2344092042026464983,gateway_calibration,sweep:inference_delay=10.0,573.6343383116268,118,797.516116518202,10.0
EIR,0,232,223104989937636984,gateway_calibration,sweep:inference_delay=10.0,600.2494680059554,114,797.516116518202,10.0
EIR,0,233,7767038095118723637,gateway_calibration,sweep:inference_delay=10.0,929.1333499064468,141,797.516116518202,10.0
EIR,0,234,3112623400169471347,gateway_calibration,sweep:inference_delay=10.0,639.4052172889213,117,797.516116518202,10.0
EIR,0,235,2971759194864173980,gateway_calibration,sweep:inference_delay=10.0,563.2087632014876,106,797.516116518202,10.0
EIR,0,236,3062795375647722330,gateway_calibration,sweep:inference_delay=10.0,607.151340738009,124,797.516116518202,10.0
EIR,0,237,670252113160041700,gateway_calibration,sweep:inference_delay=10.0,625.905464891254,132,797.516116518202,10.0
EIR,0,238,662824744075346888,gateway_calibration,sweep:inference_delay=10.0,771.8017005293199,125,797.516116518202,10.0
EIR,0,239,2834492127994927131,gateway_calibration,sweep:inference_delay=10.0,562.1731628463629,114,797.516116518202,10.0
EIR,0,240,7794380943988459101,gateway_calibration,sweep:inference_delay=10.0,719.6154583681229,132,797.516116518202,10.0
EIR,0,241,156657018587944248,gateway_calibration,sweep:inference_delay=10.0,664.7607439595763,125,797.516116518202,10.0
EIR,0,242,4335765187486669018,gateway_calibration,sweep:inference_delay=10.0,485.39960548848916,117,797.516116518202,10.0
EIR,0,243,4991113617990194742,gateway_calibration,sweep:inference_delay=10.0,609.3845691318411,126,797.516116518202,10.0
EIR,0,244,3129606180253828019,gateway_calibration,sweep:inference_delay=10.0,567.9884072251579,117,797.516116518202,10.0
EIR,0,245,8882225434686214592,gateway_calibration,sweep:inference_delay=10.0,677.5364320444646,148,797.516116518202,10.0
EIR,0,246,8126186677104193166,gateway_calibration,sweep:inference_delay=10.0,614.5454678361557,121,797.516116518202,10.0
EIR,0,247,4385555370430785220,gateway_calibration,sweep:inference_delay=10.0,631.9857187440305,125,797.516116518202,10.0
EIR,0,248,5291542993822970475,gateway_calibration,sweep:inference_delay=10.0,659.7146603863396,123,797.516116518202,10.0
EIR,0,249,2447705716685499702,gateway_calibration,sweep:inference_delay=10.0,730.8163830877057,110,797.516116518202,10.0
EIR,0,250,7887080187930586359,gateway_calibration,sweep:inference_delay=10.0,670.5230992332572,119,797.516116518202,10.0
EIR,0,251,196588640453960414,gateway_calibration,sweep:inference_delay=10.0,563.3621028099939,115,797.516116518202,10.0
EIR,0,252,7049822512042445739,gateway_calibration,sweep:inference_delay=10.0,542.2672843424244,116,797.516116518202,10.0
EIR,0,253,2433285106469738865,gateway_calibration,sweep:inference_delay=10.0,554.3159390257584,108,797.516116518202,10.0
EIR,0,254,3467266323310966512,gateway_calibration,sweep:inference_delay=10.0,514.0301409222823,126,797.516116518202,10.0
EIR,0,255,8594738785929265543,gateway_calibration,sweep:inference_delay=10.0,650.4492024275627,118,797.516116518202,10.0
EIR,0,256,7640912575832976732,gateway_calibration,sweep:inference_delay=10.0,752.82123339811,131,797.516116518202,10.0
EIR,0,257,3840182603161796083,gateway_calibration,sweep:inference_delay=10.0,773.0707099469797,144,797.516116518202,10.0
EIR,0,258,7152903702574683665,gateway_calibration,sweep:inference_delay=10.0,687.0492942663102,134,797.516116518202,10.0
EIR,0,259,7739563999876673070,gateway_calibration,sweep:inference_delay=10.0,687.9862322021946,122,797.516116518202,10.0
EIR,0,260,5432614852837118119,gateway_calibration,sweep:inference_delay=10.0,691.5561231894268,119,797.516116518202,10.0
EIR,0,261,7786812540768457475,gateway_calibration,sweep:inference_delay=10.0,698.7884736140813,128,797.516116518202,10.0
EIR,0,262,8007394893828603294,gateway_calibration,sweep:inference_delay=10.0,627.4764918337595,129,797.516116518202,10.0
EIR,0,263,227538517804236808,gateway_calibration,sweep:inference_delay=10.0,643.0612647738059,132,797.516116518202,10.0
EIR,0,264,2672248130236387599,gateway_calibration,sweep:inference_delay=10.0,585.7496780134705,119,797.516116518202,10.0
EIR,0,265,3873758349719846718,gateway_calibration,sweep:inference_delay=10.0,613.5249754032262,132,797.516116518202,10.0
EIR,0,266,7520357220669258299,gateway_calibration,sweep:inference_delay=10.0,709.3145252914856,128,797.516116518202,10.0
EIR,0,267,4108318470340852406,gateway_calibration,sweep:inference_delay=10.0,632.3030999947683,119,797.516116518202,10.0
EIR,0,268,1602039040066355390,gateway_calibration,sweep:inference_delay=10.0,652.5452424344703,118,797.516116518202,10.0
EIR,0,269,7167505771001884355,gateway_calibration,sweep:inference_delay=10.0,738.4026433361227,140,797.516116518202,10.0
EIR,0,270,5084866408938224751,gateway_calibration,sweep:inference_delay=10.0,707.786350118553,133,797.516116518202,10.0
EIR,0,271,7959863491751839215,gateway_calibration,sweep:inference_delay=10.0,619.9094412589042,120,797.516116518202,10.0
EIR,0,272,947719943222258280,gateway_calibration,sweep:inference_delay=10.0,635.4902260583583,123,797.516116518202,10.0
EIR,0,273,1849500022191184561,gateway_calibration,sweep:inference_delay=10.0,841.2107574578197,141,797.516116518202,10.0
EIR,0,274,8008426405489801988,gateway_calibration,sweep:inference_delay=10.0,697.2587131733394,125,797.516116518202,10.0
EIR,0,275,3336492950420545420,gateway_calibration,sweep:inference_delay=10.0,587.713997240983,131,797.516116518202,10.0
EIR,0,276,6753407086299899127,gateway_calibration,sweep:inference_delay=10.0,621.2734274204021,125,797.516116518202,10.0
EIR,0,277,831490936039979827,gateway_calibration,sweep:inference_delay=10.0,842.7062614936473,127,797.516116518202,10.0
EIR,0,278,5525662870996963695,gateway_calibration,sweep:inference_delay=10.0,635.1893232733499,128,797.516116518202,10.0
EIR,0,279,3228694546622935069,gateway_calibration,sweep:inference_delay=10.0,677.7221727286635,130,797.516116518202,10.0
EIR,0,280,4339817699943398703,gateway_calibration,sweep:inference_delay=10.0,628.4946099161741,146,797.516116518202,10.0
EIR,0,281,625823157764174117,gateway_calibration,sweep:inference_delay=10.0,582.8300939842283,115,797.516116518202,10.0
EIR,0,282,6529847974992851055,gateway_calibration,sweep:inference_delay=10.0,677.4401148668516,134,797.516116518202,10.0
EIR,0,283,4027295121547364317,gateway_calibration,sweep:inference_delay=10.0,596.2134872627643,121,797.516116518202,10.0
EIR,0,284,4333084235042194312,gateway_calibration,sweep:inference_delay=10.0,558.5645183758573,126,797.516116518202,10.0
EIR,0,285,1428604647847316518,gateway_calibration,sweep:inference_delay=10.0,711.3242167903792,134,797.516116518202,10.0
EIR,0,286,7483486088556245956,gateway_calibration,sweep:inference_delay=10.0,618.5368306585888,115,797.516116518202,10.0
EIR,0,287,4655747623563845516,gateway_calibration,sweep:inference_delay=10.0,593.4314630265022,123,797.516116518202,10.0
EIR,0,288,5785830198223786803,gateway_calibration,sweep:inference_delay=10.0,589.8857285405601,120,797.516116518202,10.0
EIR,0,289,852187913113511068,gateway_calibration,sweep:inference_delay=10.0,668.7528216292754,132,797.516116518202,10.0
EIR,0,290,8710470890484137152,gateway_calibration,sweep:inference_delay=10.0,554.0992138939315,108,797.516116518202,10.0
EIR,0,291,6519965560248037575,gateway_calibration,sweep:inference_delay=10.0,504.9959622310368,105,797.516116518202,10.0
EIR,0,292,1656397788850393431,gateway_calibration,sweep:inference_delay=10.0,671.0982239865277,110,797.516116518202,10.0
EIR,0,293,568364950108119951,gateway_calibration,sweep:inference_delay=10.0,649.3982391500335,119,797.516116518202,10.0
EIR,0,294,4299092495836655341,gateway_calibration,sweep:inference_delay=10.0,656.9882364801103,125,797.516116518202,10.0
EIR,0,295,6161530157433377460,gateway_calibration,sweep:inference_delay=10.0,645.5788375936443,128,797.516116518202,10.0
EIR,0,296,6589980841650612663,gateway_calibration,sweep:inference_delay=10.0,623.582859172607,131,797.516116518202,10.0
EIR,0,297,7097537107067571394,gateway_calibration,sweep:inference_delay=10.0,567.4316733333171,119,797.516116518202,10.0
EIR,0,298,8882544303948409434,gateway_calibration,sweep:inference_delay=10.0,661.4578148693016,112,797.516116518202,10.0
EIR,0,299,6105850675335279851,gateway_calibration,sweep:inference_delay=10.0,707.6462170098421,133,797.516116518202,10.0
EIR,0,300,917902832251061166,gateway_calibration,sweep:inference_delay=10.0,569.5572124165191,113,797.516116518202,10.0
EIR,0,301,2879099043933512643,gateway_calibration,sweep:inference_delay=10.0,703.7297100531064,136,797.516116518202,10.0
EIR,0,302,3326294039167620064,gateway_calibration,sweep:inference_delay=10.0,766.1115703790688,136,797.516116518202,10.0
EIR,0,303,7529230075732965258,gateway_calibration,sweep:inference_delay=10.0,574.2926594089489,101,797.516116518202,10.0
EIR,0,304,4903251658700961767,gateway_calibration,sweep:inference_delay=10.0,551.8973863855804,118,797.516116518202,10.0
EIR,0,305,9195029598248349350,gateway_calibration,sweep:inference_delay=10.0,840.7934126920575,144,797.516116518202,10.0
EIR,0,306,52599905898704667,gateway_calibration,sweep:inference_delay=10.0,622.5156949153813,114,797.516116518202,10.0
EIR,0,307,1125618314360089628,gateway_calibration,sweep:inference_delay=10.0,648.6011517788534,141,797.516116518202,10.0
EIR,0,308,852490151813397359,gateway_calibration,sweep:inference_delay=10.0,788.0205602830155,135,797.516116518202,10.0
EIR,0,309,4207754687113827570,gateway_calibration,sweep:inference_delay=10.0,753.1476841350581,124,797.516116518202,10.0
EIR,0,310,4920369163743948305,gateway_calibration,sweep:inference_delay=10.0,735.9443044047786,139,797.516116518202,10.0
EIR,0,311,7844480842197790823,gateway_calibration,sweep:inference_delay=10.0,635.388474098083,122,797.516116518202,10.0
EIR,0,312,48645783058262866,gateway_calibration,sweep:inference_delay=10.0,591.4460753361886,106,797.516116518202,10.0
EIR,0,313,5916122797757605920,gateway_calibration,sweep:inference_delay=10.0,607.1365626204534,130,797.516116518202,10.0
EIR,0,314,857119412258647342,gateway_calibration,sweep:inference_delay=10.0,614.006115592242,119,797.516116518202,10.0
EIR,0,315,5861429168552866509,gateway_calibration,sweep:inference_delay=10.0,726.2998257377326,129,797.516116518202,10.0
EIR,0,316,4428334351183570907,gateway_calibration,sweep:inference_delay=10.0,685.5037903625649,129,797.516116518202,10.0
EIR,0,317,1782518074070125008,gateway_calibration,sweep:inference_delay=10.0,658.3480741271208,126,797.516116518202,10.0
EIR,0,318,2806059830313644302,gateway_calibration,sweep:inference_delay=10.0,690.1782309585659,142,797.516116518202,10.0
EIR,0,319,4416717671428271798,gateway_calibration,sweep:inference_delay=10.0,764.7427142923349,154,797.516116518202,10.0
EIR,0,320,7980583367858006026,gateway_calibration,sweep:inference_delay=10.0,616.0375337407621,109,797.516116518202,10.0
EIR,0,321,2325936080814379436,gateway_calibration,sweep:inference_delay=10.0,702.7643196670348,125,797.516116518202,10.0
EIR,0,322,5181398674718431781,gateway_calibration,sweep:inference_delay=10.0,554.1187942889585,117,797.516116518202,10.0
EIR,0,323,3848429920021753864,gateway_calibration,sweep:inference_delay=10.0,648.3982741711327,127,797.516116518202,10.0
EIR,0,324,2512630155057283910,gateway_calibration,sweep:inference_delay=10.0,688.3958137460685,116,797.516116518202,10.0
EIR,0,325,5305328136466702705,gateway_calibration,sweep:inference_delay=10.0,640.9391932474579,134,797.516116518202,10.0
EIR,0,326,2764963581762122704,gateway_calibration,sweep:inference_delay=10.0,677.0728434505933,120,797.516116518202,10.0
EIR,0,327,938584540793523273,gateway_calibration,sweep:inference_delay=10.0,610.2216216646019,112,797.516116518202,10.0
EIR,0,328,2091548493122459065,gateway_calibration,sweep:inference_delay=10.0,544.0803241593073,114,797.516116518202,10.0
EIR,0,329,4306457314138445454,gateway_calibration,sweep:inference_delay=10.0,638.8447351241919,128,797.516116518202,10.0
EIR,0,330,707109937255288179,gateway_calibration,sweep:inference_delay=10.0,582.9508495853152,120,797.516116518202,10.0
EIR,0,331,2012449822148681258,gateway_calibration,sweep:inference_delay=10.0,789.9320454072872,142,797.516116518202,10.0
EIR,0,332,1407993978120224791,gateway_calibration,sweep:inference_delay=10.0,602.1382213668938,99,797.516116518202,10.0
EIR,0,333,2101547653929620659,gateway_calibration,sweep:inference_delay=10.0,611.9172975458299,107,797.516116518202,10.0
EIR,0,334,3219717700139546457,gateway_calibration,sweep:inference_delay=10.0,790.7879911556807,130,797.516116518202,10.0
EIR,0,335,4633520566921218027,gateway_calibration,sweep:inference_delay=10.0,779.0104945984498,135,797.516116518202,10.0
EIR,0,336,5210203934987858112,gateway_calibration,sweep:inference_delay=10.0,476.56686618180805,109,797.516116518202,10.0
EIR,0,337,221720733456390245,gateway_calibration,sweep:inference_delay=10.0,647.8539461259787,125,797.516116518202,10.0
EIR,0,338,6887750929581537778,gateway_calibration,sweep:inference_delay=10.0,608.6555771382358,125,797.516116518202,10.0
EIR,0,339,260991793345226994,gateway_calibration,sweep:inference_delay=10.0,631.2213466875392,116,797.516116518202,10.0
EIR,0,340,8746877999921543352,gateway_calibration,sweep:inference_delay=10.0,677.6839704750348,120,797.516116518202,10.0
EIR,0,341,2317137801473880571,gateway_calibration,sweep:inference_delay=10.0,802.1744130163158,132,797.516116518202,10.0
EIR,0,342,6134997596253921769,gateway_calibration,sweep:inference_delay=10.0,639.451994055029,121,797.516116518202,10.0
EIR,0,343,1393983581844183105,gateway_calibration,sweep:inference_delay=10.0,581.7942372978911,124,797.516116518202,10.0
EIR,0,344,9185900088536448965,gateway_calibration,sweep:inference_delay=10.0,627.2140843282818,121,797.516116518202,10.0
EIR,0,345,2066614422211580321,gateway_calibration,sweep:inference_delay=10.0,666.2195696107053,124,797.516116518202,10.0
EIR,0,346,6572738449956415335,gateway_calibration,sweep:inference_delay=10.0,638.8081887145498,127,797.516116518202,10.0
EIR,0,347,6389804173431371729,gateway_calibration,sweep:inference_delay=10.0,867.2203123732631,129,797.516116518202,10.0
EIR,0,348,3368954245211477572,gateway_calibration,sweep:inference_delay=10.0,550.5735236990222,129,797.516116518202,10.0
EIR,0,349,3148510486280105558,gateway_calibration,sweep:inference_delay=10.0,591.261380210968,130,797.516116518202,10.0
EIR,0,350,1140768025472967164,gateway_calibration,sweep:inference_delay=10.0,621.2453011634586,132,797.516116518202,10.0
EIR,0,351,7031743367037249500,gateway_calibration,sweep:inference_delay=10.0,576.0615377263788,119,797.516116518202,10.0
EIR,0,352,7349822150306208995,gateway_calibration,sweep:inference_delay=10.0,660.1629076065066,131,797.516116518202,10.0
EIR,0,353,687973337271083316,gateway_calibration,sweep:inference_delay=10.0,554.6300727536905,115,797.516116518202,10.0
EIR,0,354,2168197674474530513,gateway_calibration,sweep:inference_delay=10.0,722.0035599401386,127,797.516116518202,10.0
EIR,0,355,6293654943717729053,gateway_calibration,sweep:inference_delay=10.0,644.6669004561965,134,797.516116518202,10.0
EIR,0,356,4390483303704997726,gateway_calibration,sweep:inference_delay=10.0,737.5445682325696,133,797.516116518202,10.0
EIR,0,357,1854316584876458591,gateway_calibration,sweep:inference_delay=10.0,599.5169601220782,131,797.516116518202,10.0
EIR,0,358,7915313421870266076,gateway_calibration,sweep:inference_delay=10.0,805.5248917826722,105,797.516116518202,10.0
EIR,0,359,4235964634654846427,gateway_calibration,sweep:inference_delay=10.0,738.8654863487739,141,797.516116518202,10.0
EIR,0,360,5818833497421823051,gateway_calibration,sweep:inference_delay=10.0,559.8627061427271,124,797.516116518202,10.0
EIR,0,361,4242729073121353581,gateway_calibration,sweep:inference_delay=10.0,825.675007407559,140,797.516116518202,10.0
EIR,0,362,51725448714283052,gateway_calibration,sweep:inference_delay=10.0,627.890527957587,106,797.516116518202,10.0
EIR,0,363,7950009456944714192,gateway_calibration,sweep:inference_delay=10.0,697.8152247278481,128,797.516116518202,10.0
EIR,0,364,4616861813605760467,gateway_calibration,sweep:inference_delay=10.0,832.1090803465788,138,797.516116518202,10.0
EIR,0,365,3131644150782178217,gateway_calibration,sweep:inference_delay=10.0,705.9807193140306,131,797.516116518202,10.0
EIR,0,366,1458429739092301751,gateway_calibration,sweep:inference_delay=10.0,676.9283003563639,114,797.516116518202,10.0
EIR,0,367,413454851417021492,gateway_calibration,sweep:inference_delay=10.0,663.2097349357668,117,797.516116518202,10.0
EIR,0,368,1589875838607164891,gateway_calibration,sweep:inference_delay=10.0,721.4337955173648,119,797.516116518202,10.0
EIR,0,369,1901427410041970851,gateway_calibration,sweep:inference_delay=10.0,594.8685106213401,130,797.516116518202,10.0
EIR,0,370,5660518494615186897,gateway_calibration,sweep:inference_delay=10.0,559.5164232975421,122,797.516116518202,10.0
EIR,0,371,4340467197749638598,gateway_calibration,sweep:inference_delay=10.0,727.7419310019017,133,797.516116518202,10.0
EIR,0,372,3986745208398816824,gateway_calibration,sweep:inference_delay=10.0,616.9043296573034,123,797.516116518202,10.0
EIR,0,373,7325411825131879015,gateway_calibration,sweep:inference_delay=10.0,570.1450114649891,122,797.516116518202,10.0
EIR,0,374,5066473612544742522,gateway_calibration,sweep:inference_delay=10.0,615.0635050655542,121,797.516116518202,10.0
EIR,0,375,4308374564449105127,gateway_calibration,sweep:inference_delay=10.0,586.8506071876138,112,797.516116518202,10.0
EIR,0,376,1002416442472180531,gateway_calibration,sweep:inference_delay=10.0,672.3702466150654,122,797.516116518202,10.0
EIR,0,377,4899532699509565437,gateway_calibration,sweep:inference_delay=10.0,620.3624255019505,130,797.516116518202,10.0
EIR,0,378,236193110265701488,gateway_calibration,sweep:inference_delay=10.0,768.0496093685801,126,797.516116518202,10.0
EIR,0,379,4794116717418045181,gateway_calibration,sweep:inference_delay=10.0,500.72878228911645,97,797.516116518202,10.0
EIR,0,380,6841383638408184931,gateway_calibration,sweep:inference_delay=10.0,578.4093474915176,116,797.516116518202,10.0
EIR,0,381,4512066057519378704,gateway_calibration,sweep:inference_delay=10.0,694.7281045729087,137,797.516116518202,10.0
EIR,0,382,1906159817219817383,gateway_calibration,sweep:inference_delay=10.0,681.3972911473068,110,797.516116518202,10.0
EIR,0,383,1941554973479936226,gateway_calibration,sweep:inference_delay=10.0,637.3334777004627,117,797.516116518202,10.0
EIR,0,384,8629485338707232420,gateway_calibration,sweep:inference_delay=10.0,692.9495380056187,144,797.516116518202,10.0
EIR,0,385,1456654459922981714,gateway_calibration,sweep:inference_delay=10.0,729.74261972844,121,797.516116518202,10.0
EIR,0,386,6400327344461466456,gateway_calibration,sweep:inference_delay=10.0,560.1671497875526,120,797.516116518202,10.0
EIR,0,387,896928164580625702,gateway_calibration,sweep:inference_delay=10.0,620.9199147179742,115,797.516116518202,10.0
EIR,0,388,4445089072048637488,gateway_calibration,sweep:inference_delay=10.0,694.1358835788205,116,797.516116518202,10.0
EIR,0,389,1579534281177363133,gateway_calibration,sweep:inference_delay=10.0,613.8915004516073,131,797.516116518202,10.0
EIR,0,390,5719002210339444545,gateway_calibration,sweep:inference_delay=10.0,735.9437495630071,116,797.516116518202,10.0
EIR,0,391,5108049783014067112,gateway_calibration,sweep:inference_delay=10.0,686.6132620070342,117,797.516116518202,10.0
EIR,0,392,4980181941580125415,gateway_calibration,sweep:inference_delay=10.0,688.303769766067,123,797.516116518202,10.0
EIR,0,393,5754385077178138102,gateway_calibration,sweep:inference_delay=10.0,692.9829069903451,125,797.516116518202,10.0
EIR,0,394,6219555724164946688,gateway_calibration,sweep:inference_delay=10.0,776.6285129222595,139,797.516116518202,10.0
EIR,0,395,3770153499727457804,gateway_calibration,sweep:inference_delay=10.0,673.8150967821558,119,797.516116518202,10.0
EIR,0,396,35433405873545682,gateway_calibration,sweep:inference_delay=10.0,532.7632684397888,100,797.516116518202,10.0
EIR,0,397,3652647191650773181,gateway_calibration,sweep:inference_delay=10.0,632.0248326404206,122,797.516116518202,10.0
EIR,0,398,3803982747004558629,gateway_calibration,sweep:inference_delay=10.0,612.7172508894656,122,797.516116518202,10.0
EIR,0,399,4139006798896872142,gateway_calibration,sweep:inference_delay=10.0,641.8545371276947,128,797.516116518202,10.0
EIR,0,400,1740853680596376795,gateway_calibration,sweep:inference_delay=10.0,781.0131696033527,126,797.516116518202,10.0
EIR,0,401,4953314424797383671,gateway_calibration,sweep:inference_delay=10.0,678.5033894902218,128,797.516116518202,10.0
EIR,0,402,8300379248761548458,gateway_calibration,sweep:inference_delay=10.0,635.2120896539079,115,797.516116518202,10.0
EIR,0,403,6679210173046323629,gateway_calibration,sweep:inference_delay=10.0,690.881982656906,131,797.516116518202,10.0
EIR,0,404,4548097654179893453,gateway_calibration,sweep:inference_delay=10.0,549.8727655543512,111,797.516116518202,10.0
EIR,0,405,5860798121007852673,gateway_calibration,sweep:inference_delay=10.0,636.177430528143,119,797.516116518202,10.0
EIR,0,406,4177165241543623043,gateway_calibration,sweep:inference_delay=10.0,602.96493793521,119,797.516116518202,10.0
EIR,0,407,6267304676502968584,gateway_calibration,sweep:inference_delay=10.0,738.4125095181654,141,797.516116518202,10.0
EIR,0,408,3775286495920659209,gateway_calibration,sweep:inference_delay=10.0,659.3177103066513,132,797.516116518202,10.0
EIR,0,409,5698156991607070619,gateway_calibration,sweep:inference_delay=10.0,754.8986905414664,130,797.516116518202,10.0
EIR,0,410,635744450519472079,gateway_calibration,sweep:inference_delay=10.0,552.9047524721302,113,797.516116518202,10.0
EIR,0,411,4743930717757059276,gateway_calibration,sweep:inference_delay=10.0,627.1969659249659,111,797.516116518202,10.0
EIR,0,412,4388165442506385541,gateway_calibration,sweep:inference_delay=10.0,592.0617011211154,121,797.516116518202,10.0
EIR,0,413,9165621869255848434,gateway_calibration,sweep:inference_delay=10.0,685.2445711818763,126,797.516116518202,10.0
EIR,0,414,1465011641130274858,gateway_calibration,sweep:inference_delay=10.0,670.3986195319642,118,797.516116518202,10.0
EIR,0,415,4383905346516736241,gateway_calibration,sweep:inference_delay=10.0,640.8853717308733,119,797.516116518202,10.0
EIR,0,416,2089729428213660432,gateway_calibration,sweep:inference_delay=10.0,612.1714970753425,129,797.516116518202,10.0
EIR,0,417,6164862848275280114,gateway_calibration,sweep:inference_delay=10.0,659.624672585657,127,797.516116518202,10.0
EIR,0,418,1465383883174513168,gateway_calibration,sweep:inference_delay=10.0,732.3980154049893,139,797.516116518202,10.0
EIR,0,419,6612031019234184416,gateway_calibration,sweep:inference_delay=10.0,611.1400019829016,130,797.516116518202,10.0
EIR,0,420,6490687127704970445,gateway_calibration,sweep:inference_delay=10.0,816.8534223461327,138,797.516116518202,10.0
EIR,0,421,6896934931544392763,gateway_calibration,sweep:inference_delay=10.0,785.3067474402791,130,797.516116518202,10.0
EIR,0,422,1679843966336225986,gateway_calibration,sweep:inference_delay=10.0,649.2863215146361,110,797.516116518202,10.0
EIR,0,423,3806714946022523973,gateway_calibration,sweep:inference_delay=10.0,623.4249820058591,123,797.516116518202,10.0
EIR,0,424,8375060429706224300,gateway_calibration,sweep:inference_delay=10.0,674.8519434161136,126,797.516116518202,10.0
EIR,0,425,5615377480767525267,gateway_calibration,sweep:inference_delay=10.0,819.3351550995335,129,797.516116518202,10.0
EIR,0,426,2529033949175331004,gateway_calibration,sweep:inference_delay=10.0,696.5120994549437,127,797.516116518202,10.0
EIR,0,427,4823520509900926675,gateway_calibration,sweep:inference_delay=10.0,685.8141251896164,139,797.516116518202,10.0
EIR,0,428,2244877827692249444,gateway_calibration,sweep:inference_delay=10.0,626.0821844128179,122,797.516116518202,10.0
EIR,0,429,4972347061775209452,gateway_calibration,sweep:inference_delay=10.0,624.6887746911262,125,797.516116518202,10.0
EIR,0,430,1374178397899203344,gateway_calibration,sweep:inference_delay=10.0,640.4567157477053,118,797.516116518202,10.0
EIR,0,431,6822128673087502075,gateway_calibration,sweep:inference_delay=10.0,691.4491510463969,126,797.516116518202,10.0
EIR,0,432,1800601297514769204,gateway_calibration,sweep:inference_delay=10.0,738.4294996799825,111,797.516116518202,10.0
EIR,0,433,7077581756909650805,gateway_calibration,sweep:inference_delay=10.0,642.3931319454189,110,797.516116518202,10.0
EIR,0,434,6416249249953388469,gateway_calibration,sweep:inference_delay=10.0,719.7652334187967,141,797.516116518202,10.0
EIR,0,435,5026846530916693760,gateway_calibration,sweep:inference_delay=10.0,574.5551108255553,113,797.516116518202,10.0
EIR,0,436,4614504211130363508,gateway_calibration,sweep:inference_delay=10.0,657.7789605060822,132,797.516116518202,10.0
EIR,0,437,4374028996391501529,gateway_calibration,sweep:inference_delay=10.0,577.6634047656809,112,797.516116518202,10.0
EIR,0,438,579446915335408947,gateway_calibration,sweep:inference_delay=10.0,714.3608194693419,136,797.516116518202,10.0
EIR,0,439,521182753844086335,gateway_calibration,sweep:inference_delay=10.0,575.7584560033432,122,797.516116518202,10.0
EIR,0,440,4198068604305563434,gateway_calibration,sweep:inference_delay=10.0,609.0396338271801,112,797.516116518202,10.0
EIR,0,441,2326348984035213499,gateway_calibration,sweep:inference_delay=10.0,711.2007638915935,119,797.516116518202,10.0
EIR,0,442,7240353082581480428,gateway_calibration,sweep:inference_delay=10.0,727.6843552456843,120,797.516116518202,10.0
EIR,0,443,8082100958225140419,gateway_calibration,sweep:inference_delay=10.0,767.2584214201511,109,797.516116518202,10.0
EIR,0,444,422257548111493911,gateway_calibration,sweep:inference_delay=10.0,797.2709430183015,127,797.516116518202,10.0
EIR,0,445,5481123556942001847,gateway_calibration,sweep:inference_delay=10.0,667.7823271764721,124,797.516116518202,10.0
EIR,0,446,5723380711992794301,gateway_calibration,sweep:inference_delay=10.0,701.3647893267149,109,797.516116518202,10.0
EIR,0,447,1596644950810753696,gateway_calibration,sweep:inference_delay=10.0,676.2261340067568,105,797.516116518202,10.0
EIR,0,448,890318317862027655,gateway_calibration,sweep:inference_delay=10.0,727.2238766075918,124,797.516116518202,10.0
EIR,0,449,265769430674634848,gateway_calibration,sweep:inference_delay=10.0,534.835291268958,102,797.516116518202,10.0
EIR,0,450,926856257671201141,gateway_calibration,sweep:inference_delay=10.0,601.6816832062215,125,797.516116518202,10.0
EIR,0,451,7360540042902553370,gateway_calibration,sweep:inference_delay=10.0,645.95390162737,126,797.516116518202,10.0
EIR,0,452,2673812595616490605,gateway_calibration,sweep:inference_delay=10.0,598.8089724774388,109,797.516116518202,10.0
EIR,0,453,6819627770574388922,gateway_calibration,sweep:inference_delay=10.0,735.1046142297095,136,797.516116518202,10.0
EIR,0,454,4969476965587413537,gateway_calibration,sweep:inference_delay=10.0,629.389625604629,117,797.516116518202,10.0
EIR,0,455,7619297128313582236,gateway_calibration,sweep:inference_delay=10.0,688.6225187686402,126,797.516116518202,10.0
EIR,0,456,3673894732411164256,gateway_calibration,sweep:inference_delay=10.0,586.5310515648481,136,797.516116518202,10.0
EIR,0,457,6412083765092729312,gateway_calibration,sweep:inference_delay=10.0,781.6091760270256,119,797.516116518202,10.0
EIR,0,458,4402163694059064639,gateway_calibration,sweep:inference_delay=10.0,677.6269655021576,132,797.516116518202,10.0
EIR,0,459,6867942794605768434,gateway_calibration,sweep:inference_delay=10.0,616.846891063447,119,797.516116518202,10.0
EIR,0,460,6410416098110062589,gateway_calibration,sweep:inference_delay=10.0,683.8579664205236,128,797.516116518202,10.0
EIR,0,461,8489136419868332166,gateway_calibration,sweep:inference_delay=10.0,762.127552959993,130,797.516116518202,10.0
EIR,0,462,4474287850412406188,gateway_calibration,sweep:inference_delay=10.0,545.2319082925486,114,797.516116518202,10.0
EIR,0,463,2581015795445132960,gateway_calibration,sweep:inference_delay=10.0,675.9493891496224,137,797.516116518202,10.0
EIR,0,464,2754472036498429695,gateway_calibration,sweep:inference_delay=10.0,651.3405283428368,133,797.516116518202,10.0
EIR,0,465,3954823012191403622,gateway_calibration,sweep:inference_delay=10.0,733.9788888018925,139,797.516116518202,10.0
EIR,0,466,7260180092287948993,gateway_calibration,sweep:inference_delay=10.0,580.01392918805,116,797.516116518202,10.0
EIR,0,467,450240560937344741,gateway_calibration,sweep:inference_delay=10.0,680.4168524886798,138,797.516116518202,10.0
EIR,0,468,604007355768936178,gateway_calibration,sweep:inference_delay=10.0,562.5760688853346,122,797.516116518202,10.0
EIR,0,469,7639524512905538368,gateway_calibration,sweep:inference_delay=10.0,776.8143357387595,122,797.516116518202,10.0
EIR,0,470,9020250518970363901,gateway_calibration,sweep:inference_delay=10.0,668.5056250888881,137,797.516116518202,10.0
EIR,0,471,6725889825216367166,gateway_calibration,sweep:inference_delay=10.0,669.0380447401421,143,797.516116518202,10.0
EIR,0,472,4255039573862398939,gateway_calibration,sweep:inference_delay=10.0,526.0098665580218,108,797.516116518202,10.0
EIR,0,473,7278685745548117915,gateway_calibration,sweep:inference_delay=10.0,751.2186758317687,119,797.516116518202,10.0
EIR,0,474,7294495948081709909,gateway_calibration,sweep:inference_delay=10.0,702.5236339786142,146,797.516116518202,10.0
EIR,0,475,8812180081157664176,gateway_calibration,sweep:inference_delay=10.0,747.7767509841399,117,797.516116518202,10.0
EIR,0,476,1935621366272523065,gateway_calibration,sweep:inference_delay=10.0,761.770029487677,124,797.516116518202,10.0
EIR,0,477,2542356950305962544,gateway_calibration,sweep:inference_delay=10.0,754.3234541245362,134,797.516116518202,10.0
EIR,0,478,4833998679656941738,gateway_calibration,sweep:inference_delay=10.0,592.7383641205902,114,797.516116518202,10.0
EIR,0,479,9010177624875236671,gateway_calibration,sweep:inference_delay=10.0,625.0385681647065,140,797.516116518202,10.0
EIR,0,480,2490141307694751620,gateway_calibration,sweep:inference_delay=10.0,645.258163639224,138,797.516116518202,10.0
EIR,0,481,1124410497352285618,gateway_calibration,sweep:inference_delay=10.0,749.8747055039765,128,797.516116518202,10.0
EIR,0,482,5907252249290430202,gateway_calibration,sweep:inference_delay=10.0,596.0722722929688,138,797.516116518202,10.0
EIR,0,483,7730664941365159604,gateway_calibration,sweep:inference_delay=10.0,607.116029556748,127,797.516116518202,10.0
EIR,0,484,1094695009328679243,gateway_calibration,sweep:inference_delay=10.0,726.8753180290685,132,797.516116518202,10.0
EIR,0,485,6349800572567467050,gateway_calibration,sweep:inference_delay=10.0,650.5842548094948,124,797.516116518202,10.0
EIR,0,486,1597788221794491652,gateway_calibration,sweep:inference_delay=10.0,739.6818671772278,128,797.516116518202,10.0
EIR,0,487,2784424454827207191,gateway_calibration,sweep:inference_delay=10.0,749.4423999617326,132,797.516116518202,10.0
EIR,0,488,6181706354623935741,gateway_calibration,sweep:inference_delay=10.0,681.2395628869506,125,797.516116518202,10.0
EIR,0,489,1458708390443315180,gateway_calibration,sweep:inference_delay=10.0,549.3779700945473,107,797.516116518202,10.0
EIR,0,490,7508253665409876687,gateway_calibration,sweep:inference_delay=10.0,612.7141615633602,117,797.516116518202,10.0
EIR,0,491,2458757127186114299,gateway_calibration,sweep:inference_delay=10.0,638.7923467934943,134,797.516116518202,10.0
EIR,0,492,4569326220665513000,gateway_calibration,sweep:inference_delay=10.0,603.8082461347392,125,797.516116518202,10.0
EIR,0,493,8726333553320350935,gateway_calibration,sweep:inference_delay=10.0,690.3910447835927,126,797.516116518202,10.0
EIR,0,494,6958834814259170904,gateway_calibration,sweep:inference_delay=10.0,645.4543651860605,127,797.516116518202,10.0
EIR,0,495,8774428530662358359,gateway_calibration,sweep:inference_delay=10.0,632.4497090154941,121,797.516116518202,10.0
EIR,0,496,2531580376182528854,gateway_calibration,sweep:inference_delay=10.0,787.6865285126912,136,797.516116518202,10.0
EIR,0,497,7776699673822036822,gateway_calibration,sweep:inference_delay=10.0,642.9941268545523,110,797.516116518202,10.0
EIR,0,498,2972871217563030055,gateway_calibration,sweep:inference_delay=10.0,877.0444641499776,132,797.516116518202,10.0
EIR,0,499,1692936574518996,gateway_calibration,sweep:inference_delay=10.0,558.6621634331747,117,797.516116518202,10.0
RR,0,0,4646265992310020674,gateway_calibration,sweep:inference_delay=30.0,600.2865682331991,123,818.7204814686012,30.0
RR,0,1,6765155795502284564,gateway_calibration,sweep:inference_delay=30.0,580.6131658053188,114,818.7204814686012,30.0
RR,0,2,7453771921807850673,gateway_calibration,sweep:inference_delay=30.0,645.0189818357097,124,818.7204814686012,30.0
RR,0,3,6038316598693467906,gateway_calibration,sweep:inference_delay=30.0,630.813833249513,128,818.7204814686012,30.0
RR,0,4,87375409844899536,gateway_calibration,sweep:inference_delay=30.0,608.1287915746477,104,818.7204814686012,30.0
RR,0,5,3867315151749160842,gateway_calibration,sweep:inference_delay=30.0,401.5956179311083,83,818.7204814686012,30.0
RR,0,6,1330141275000548084,gateway_calibration,sweep:inference_delay=30.0,617.4816978740024,125,818.7204814686012,30.0
RR,0,7,1392756129712244324,gateway_calibration,sweep:inference_delay=30.0,769.1194471953243,144,818.7204814686012,30.0
RR,0,8,4545079473340765736,gateway_calibration,sweep:inference_delay=30.0,573.6524009173228,109,818.7204814686012,30.0
RR,0,9,1994119473431688354,gateway_calibration,sweep:inference_delay=30.0,730.5897044636356,128,818.7204814686012,30.0
RR,0,10,5772939349141306780,gateway_calibration,sweep:inference_delay=30.0,700.7752476690581,133,818.7204814686012,30.0
RR,0,11,3962197278424912870,gateway_calibration,sweep:inference_delay=30.0,623.2322862983486,120,818.7204814686012,30.0
RR,0,12,8716760617352384692,gateway_calibration,sweep:inference_delay=30.0,636.0120965453541,129,818.7204814686012,30.0
RR,0,13,5976993202367356331,gateway_calibration,sweep:inference_delay=30.0,716.02056122322,130,818.7204814686012,30.0
RR,0,14,8400180034320541813,gateway_calibration,sweep:inference_delay=30.0,703.7691522496001,133,818.7204814686012,30.0
RR,0,15,7414521598762149984,gateway_calibration,sweep:inference_delay=30.0,568.3853120111946,124,818.7204814686012,30.0
RR,0,16,3552674009152491990,gateway_calibration,sweep:inference_delay=30.0,650.0959386915599,122,818.7204814686012,30.0
RR,0,17,5754059281988686625,gateway_calibration,sweep:inference_delay=30.0,624.0423312405288,123,818.7204814686012,30.0
RR,0,18,8461924849571419879,gateway_calibration,sweep:inference_delay=30.0,730.6118978343509,130,818.7204814686012,30.0
RR,0,19,6727805869869070072,gateway_calibration,sweep:inference_delay=30.0,738.7581291970812,144,818.7204814686012,30.0
RR,0,20,7158155539420235271,gateway_calibration,sweep:inference_delay=30.0,635.620173866355,130,818.7204814686012,30.0
RR,0,21,94603913074075851,gateway_calibration,sweep:inference_delay=30.0,574.1853182429738,138,818.7204814686012,30.0
RR,0,22,8992604762254088815,gateway_calibration,sweep:inference_delay=30.0,648.211731564005,127,818.7204814686012,30.0
RR,0,23,3025071593511915444,gateway_calibration,sweep:inference_delay=30.0,675.9925444481823,118,818.7204814686012,30.0
RR,0,24,3840952894485000256,gateway_calibration,sweep:inference_delay=30.0,660.5279763986593,109,818.7204814686012,30.0
RR,0,25,4685632052503020243,gateway_calibration,sweep:inference_delay=30.0,832.4384262205317,150,818.7204814686012,30.0
RR,0,26,7497727575023566203,gateway_calibration,sweep:inference_delay=30.0,648.085494877259,117,818.7204814686012,30.0
RR,0,27,5737020963048593930,gateway_calibration,sweep:inference_delay=30.0,684.752286606682,129,818.7204814686012,30.0
RR,0,28,1230579630773162259,gateway_calibration,sweep:inference_delay=30.0,767.8459189228909,126,818.7204814686012,30.0
RR,0,29,8938186162844027882,gateway_calibration,sweep:inference_delay=30.0,564.3840730411725,107,818.7204814686012,30.0
RR,0,30,4675362998420684775,gateway_calibration,sweep:inference_delay=30.0,733.6147542286775,145,818.7204814686012,30.0
RR,0,31,4689562306761909861,gateway_calibration,sweep:inference_delay=30.0,564.4934171195205,112,818.7204814686012,30.0
RR,0,32,5269847424732712504,gateway_calibration,sweep:inference_delay=30.0,664.9781682844864,130,818.7204814686012,30.0
RR,0,33,8884150074155183030,gateway_calibration,sweep:inference_delay=30.0,695.3094353912707,112,818.7204814686012,30.0
RR,0,34,8490485793105404955,gateway_calibration,sweep:inference_delay=30.0,668.2239452437284,117,818.7204814686012,30.0
RR,0,35,6981095460268886126,gateway_calibration,sweep:inference_delay=30.0,702.6315781845356,133,818.7204814686012,30.0
RR,0,36,2121970874719579801,gateway_calibration,sweep:inference_delay=30.0,631.2433284219749,131,818.7204814686012,30.0
RR,0,37,7351313777747861374,gateway_calibration,sweep:inference_delay=30.0,621.9809256336946,116,818.7204814686012,30.0
RR,0,38,1601734457434870935,gateway_calibration,sweep:inference_delay=30.0,640.1750954145089,126,818.7204814686012,30.0
RR,0,39,598359746820991698,gateway_calibration,sweep:inference_delay=30.0,655.9781209746958,122,818.7204814686012,30.0
RR,0,40,4522097413488769823,gateway_calibration,sweep:inference_delay=30.0,660.2744064064896,125,818.7204814686012,30.0
RR,0,41,5192691382473871712,gateway_calibration,sweep:inference_delay=30.0,588.1920509783558,131,818.7204814686012,30.0
RR,0,42,1501447123648652632,gateway_calibration,sweep:inference_delay=30.0,702.915191671659,126,818.7204814686012,30.0
RR,0,43,7478704903442648784,gateway_calibration,sweep:inference_delay=30.0,743.9248530805812,138,818.7204814686012,30.0
RR,0,44,2991324539251773450,gateway_calibration,sweep:inference_delay=30.0,800.6092650461699,129,818.7204814686012,30.0
RR,0,45,51992977886498625,gateway_calibration,sweep:inference_delay=30.0,583.2291159681663,121,818.7204814686012,30.0
RR,0,46,602350704226098336,gateway_calibration,sweep:inference_delay=30.0,676.2280027471762,120,818.7204814686012,30.0
RR,0,47,2644062958438999070,gateway_calibration,sweep:inference_delay=30.0,655.9259540573279,125,818.7204814686012,30.0
RR,0,48,6606647839630506802,gateway_calibration,sweep:inference_delay=30.0,499.65772548519715,111,818.7204814686012,30.0
RR,0,49,7107793105163264398,gateway_calibration,sweep:inference_delay=30.0,776.2386339462198,133,818.7204814686012,30.0
RR,0,50,7710112521227400901,gateway_calibration,sweep:inference_delay=30.0,602.0139973832603,107,818.7204814686012,30.0
RR,0,51,760960689260460686,gateway_calibration,sweep:inference_delay=30.0,798.8127744130416,139,818.7204814686012,30.0
RR,0,52,8875702856464506264,gateway_calibration,sweep:inference_delay=30.0,719.7046847162891,143,818.7204814686012,30.0
RR,0,53,8540639003706940458,gateway_calibration,sweep:inference_delay=30.0,635.7585905411852,135,818.7204814686012,30.0
RR,0,54,2669716973981934345,gateway_calibration,sweep:inference_delay=30.0,747.0260297531715,137,818.7204814686012,30.0
RR,0,55,4551041807437763755,gateway_calibration,sweep:inference_delay=30.0,730.3104549351797,127,818.7204814686012,30.0
RR,0,56,6830815701440259768,gateway_calibration,sweep:inference_delay=30.0,685.1510153086786,130,818.7204814686012,30.0
RR,0,57,5821065030332517476,gateway_calibration,sweep:inference_delay=30.0,781.291531405884,144,818.7204814686012,30.0
RR,0,58,966272615161568068,gateway_calibration,sweep:inference_delay=30.0,647.8975293302723,127,818.7204814686012,30.0
RR,0,59,3020397929596991131,gateway_calibration,sweep:inference_delay=30.0,654.6682574599547,133,818.7204814686012,30.0
RR,0,60,4876673020805571348,gateway_calibration,sweep:inference_delay=30.0,624.7150260941212,115,818.7204814686012,30.0
RR,0,61,2127147400157427823,gateway_calibration,sweep:inference_delay=30.0,617.2269663233477,129,818.7204814686012,30.0
RR,0,62,2435756484395413418,gateway_calibration,sweep:inference_delay=30.0,888.7197788964232,155,818.7204814686012,30.0
RR,0,63,8156232732602260117,gateway_calibration,sweep:inference_delay=30.0,573.4306177551559,114,818.7204814686012,30.0
RR,0,64,2520351817144325672,gateway_calibration,sweep:inference_delay=30.0,630.048924545458,120,818.7204814686012,30.0
RR,0,65,6743661996043427433,gateway_calibration,sweep:inference_delay=30.0,635.4151687217382,109,818.7204814686012,30.0
RR,0,66,1930822409829630645,gateway_calibration,sweep:inference_delay=30.0,752.9301929739487,136,818.7204814686012,30.0
RR,0,67,828267104777247680,gateway_calibration,sweep:inference_delay=30.0,605.7204452542198,114,818.7204814686012,30.0
RR,0,68,6422693838277863715,gateway_calibration,sweep:inference_delay=30.0,587.1288265328192,125,818.7204814686012,30.0
RR,0,69,3215939930161602728,gateway_calibration,sweep:inference_delay=30.0,727.4605606252103,142,818.7204814686012,30.0
RR,0,70,2617938025819791376,gateway_calibration,sweep:inference_delay=30.0,560.4290952821518,131,818.7204814686012,30.0
RR,0,71,1878300840406119831,gateway_calibration,sweep:inference_delay=30.0,712.6825189719842,137,818.7204814686012,30.0
RR,0,72,6939588787074301977,gateway_calibration,sweep:inference_delay=30.0,758.1730925042581,129,818.7204814686012,30.0
RR,0,73,1591805714747674980,gateway_calibration,sweep:inference_delay=30.0,657.0619782253744,135,818.7204814686012,30.0
RR,0,74,7961860350901178029,gateway_calibration,sweep:inference_delay=30.0,649.7927374412517,125,818.7204814686012,30.0
RR,0,75,2145582198287218050,gateway_calibration,sweep:inference_delay=30.0,593.0085337711663,123,818.7204814686012,30.0
RR,0,76,8222619686645982316,gateway_calibration,sweep:inference_delay=30.0,643.8782814999054,122,818.7204814686012,30.0
RR,0,77,3017394542879048912,gateway_calibration,sweep:inference_delay=30.0,779.9885160776366,131,818.7204814686012,30.0
RR,0,78,2063577142363276290,gateway_calibration,sweep:inference_delay=30.0,677.5083947060879,128,818.7204814686012,30.0
RR,0,79,8723338786070204072,gateway_calibration,sweep:inference_delay=30.0,526.2683806803672,124,818.7204814686012,30.0
RR,0,80,5057600791296213626,gateway_calibration,sweep:inference_delay=30.0,673.6246785707489,124,818.7204814686012,30.0
RR,0,81,1729372588853315612,gateway_calibration,sweep:inference_delay=30.0,816.3118300147669,123,818.7204814686012,30.0
RR,0,82,5018245115217703489,gateway_calibration,sweep:inference_delay=30.0,721.0568627039377,115,818.7204814686012,30.0
RR,0,83,3841751891908091734,gateway_calibration,sweep:inference_delay=30.0,742.430700062208,140,818.7204814686012,30.0
RR,0,84,8612887648822983914,gateway_calibration,sweep:inference_delay=30.0,681.1101399351631,124,818.7204814686012,30.0
RR,0,85,3077172824843013576,gateway_calibration,sweep:inference_delay=30.0,853.0488545969081,151,818.7204814686012,30.0
RR,0,86,9015711668469515506,gateway_calibration,sweep:inference_delay=30.0,633.1152360358806,121,818.7204814686012,30.0
RR,0,87,6971598294023142201,gateway_calibration,sweep:inference_delay=30.0,724.1665239355569,132,818.7204814686012,30.0
RR,0,88,3408303297398070530,gateway_calibration,sweep:inference_delay=30.0,686.8022589066659,124,818.7204814686012,30.0
RR,0,89,2622369853253871202,gateway_calibration,sweep:inference_delay=30.0,767.6829392296979,115,818.7204814686012,30.0
RR,0,90,4532333112924369503,gateway_calibration,sweep:inference_delay=30.0,674.6298833716712,136,818.7204814686012,30.0
RR,0,91,258220235270059840,gateway_calibration,sweep:inference_delay=30.0,719.0615850679785,159,818.7204814686012,30.0
RR,0,92,9121525784758303932,gateway_calibration,sweep:inference_delay=30.0,531.4751228855032,112,818.7204814686012,30.0
RR,0,93,5701744002545022942,gateway_calibration,sweep:inference_delay=30.0,665.2796046553202,141,818.7204814686012,30.0
RR,0,94,1283580568831957713,gateway_calibration,sweep:inference_delay=30.0,640.1479558754426,137,818.7204814686012,30.0
RR,0,95,7856016468581357863,gateway_calibration,sweep:inference_delay=30.0,752.4134036827195,147,818.7204814686012,30.0
RR,0,96,216823390460890009,gateway_calibration,sweep:inference_delay=30.0,562.9371996764052,107,818.7204814686012,30.0
RR,0,97,1895730328899284671,gateway_calibration,sweep:inference_delay=30.0,634.9823661036594,127,818.7204814686012,30.0
RR,0,98,4224515432734088430,gateway_calibration,sweep:inference_delay=30.0,726.8305629838666,133,818.7204814686012,30.0
RR,0,99,3740081061938348119,gateway_calibration,sweep:inference_delay=30.0,789.4266227502626,146,818.7204814686012,30.0
RR,0,100,5877148042415794253,gateway_calibration,sweep:inference_delay=30.0,600.1193000620137,124,818.7204814686012,30.0
RR,0,101,4520631680886790755,gateway_calibration,sweep:inference_delay=30.0,683.059038088602,120,818.7204814686012,30.0
RR,0,102,5664908341390488204,gateway_calibration,sweep:inference_delay=30.0,822.583566848177,146,818.7204814686012,30.0
RR,0,103,1148475249534458371,gateway_calibration,sweep:inference_delay=30.0,676.1834302410984,116,818.7204814686012,30.0
RR,0,104,5959130271727844232,gateway_calibration,sweep:inference_delay=30.0,789.1659213321128,146,818.7204814686012,30.0
RR,0,105,2650251439107955805,gateway_calibration,sweep:inference_delay=30.0,646.5432264609746,131,818.7204814686012,30.0
RR,0,106,1827020857452970546,gateway_calibration,sweep:inference_delay=30.0,600.9866515685683,126,818.7204814686012,30.0
RR,0,107,1560641906266634301,gateway_calibration,sweep:inference_delay=30.0,711.6174289823947,126,818.7204814686012,30.0
RR,0,108,6411313234486682724,gateway_calibration,sweep:inference_delay=30.0,639.0659665695816,124,818.7204814686012,30.0
RR,0,109,8955386174188834346,gateway_calibration,sweep:inference_delay=30.0,565.3440663179799,126,818.7204814686012,30.0
RR,0,110,5614357387706823833,gateway_calibration,sweep:inference_delay=30.0,604.5625174766762,126,818.7204814686012,30.0
RR,0,111,2976681883615342654,gateway_calibration,sweep:inference_delay=30.0,732.5304305208481,135,818.7204814686012,30.0
RR,0,112,3419219193214305953,gateway_calibration,sweep:inference_delay=30.0,710.2278135685784,134,818.7204814686012,30.0
RR,0,113,7427282938059462016,gateway_calibration,sweep:inference_delay=30.0,654.1594520636795,123,818.7204814686012,30.0
RR,0,114,8121048096449038266,gateway_calibration,sweep:inference_delay=30.0,763.8242356168106,123,818.7204814686012,30.0
RR,0,115,682591630018224747,gateway_calibration,sweep:inference_delay=30.0,598.9004689624046,127,818.7204814686012,30.0
RR,0,116,2444431396807791605,gateway_calibration,sweep:inference_delay=30.0,768.7900727575989,129,818.7204814686012,30.0
RR,0,117,6955382133627204735,gateway_calibration,sweep:inference_delay=30.0,837.3868840572522,147,818.7204814686012,30.0
RR,0,118,5168327284209078028,gateway_calibration,sweep:inference_delay=30.0,703.7234034331938,130,818.7204814686012,30.0
RR,0,119,7114250514277597616,gateway_calibration,sweep:inference_delay=30.0,585.3068934970331,120,818.7204814686012,30.0
RR,0,120,3004815372627659233,gateway_calibration,sweep:inference_delay=30.0,620.0100836903426,104,818.7204814686012,30.0
RR,0,121,9135912503271947932,gateway_calibration,sweep:inference_delay=30.0,677.7890670865154,127,818.7204814686012,30.0
RR,0,122,2843679074663455784,gateway_calibration,sweep:inference_delay=30.0,520.8015864565621,111,818.7204814686012,30.0
RR,0,123,4045278044506051740,gateway_calibration,sweep:inference_delay=30.0,841.0003226614851,134,818.7204814686012,30.0
RR,0,124,4383533713461277290,gateway_calibration,sweep:inference_delay=30.0,663.7846567805602,123,818.7204814686012,30.0
RR,0,125,6857321391795339044,gateway_calibration,sweep:inference_delay=30.0,725.0960163128009,122,818.7204814686012,30.0
RR,0,126,4205096394321614011,gateway_calibration,sweep:inference_delay=30.0,717.2276228496512,118,818.7204814686012,30.0
RR,0,127,8479496891818997841,gateway_calibration,sweep:inference_delay=30.0,643.915235116584,132,818.7204814686012,30.0
RR,0,128,6107245545981797345,gateway_calibration,sweep:inference_delay=30.0,823.7034429378627,144,818.7204814686012,30.0
RR,0,129,6720389799342966491,gateway_calibration,sweep:inference_delay=30.0,911.9011590993128,151,818.7204814686012,30.0
RR,0,130,3927159949562397124,gateway_calibration,sweep:inference_delay=30.0,670.9270744902168,121,818.7204814686012,30.0
RR,0,131,7708847031431417770,gateway_calibration,sweep:inference_delay=30.0,596.2233588127727,108,818.7204814686012,30.0
RR,0,132,8825608378871468040,gateway_calibration,sweep:inference_delay=30.0,665.7127597900089,133,818.7204814686012,30.0
RR,0,133,2918799264240146683,gateway_calibration,sweep:inference_delay=30.0,572.0548006387693,120,818.7204814686012,30.0
RR,0,134,1017269874279829192,gateway_calibration,sweep:inference_delay=30.0,822.099534846882,133,818.7204814686012,30.0
RR,0,135,3910142960138945910,gateway_calibration,sweep:inference_delay=30.0,720.4225310178962,125,818.7204814686012,30.0
RR,0,136,1288870644010112206,gateway_calibration,sweep:inference_delay=30.0,674.9525475584231,136,818.7204814686012,30.0
RR,0,137,5493145724606673572,gateway_calibration,sweep:inference_delay=30.0,771.3031768607533,148,818.7204814686012,30.0
RR,0,138,241769254024979300,gateway_calibration,sweep:inference_delay=30.0,614.9033739710676,121,818.7204814686012,30.0
RR,0,139,5382109834638413780,gateway_calibration,sweep:inference_delay=30.0,661.9190365743586,131,818.7204814686012,30.0
RR,0,140,1074890892130604883,gateway_calibration,sweep:inference_delay=30.0,778.5569353241591,133,818.7204814686012,30.0
RR,0,141,7641157361098671196,gateway_calibration,sweep:inference_delay=30.0,818.542636553955,152,818.7204814686012,30.0
RR,0,142,3893710544892198245,gateway_calibration,sweep:inference_delay=30.0,732.0378848219932,119,818.7204814686012,30.0
RR,0,143,2251607846601896847,gateway_calibration,sweep:inference_delay=30.0,560.6256435213946,125,818.7204814686012,30.0
RR,0,144,812385157254392810,gateway_calibration,sweep:inference_delay=30.0,664.8173396338027,121,818.7204814686012,30.0
RR,0,145,3978003401855039101,gateway_calibration,sweep:inference_delay=30.0,1016.7133040208338,143,818.7204814686012,30.0
RR,0,146,5661124525621141696,gateway_calibration,sweep:inference_delay=30.0,683.9474094206066,120,818.7204814686012,30.0
RR,0,147,2121086430539047594,gateway_calibration,sweep:inference_delay=30.0,700.8727926912561,143,818.7204814686012,30.0
RR,0,148,4355148321066668090,gateway_calibration,sweep:inference_delay=30.0,772.8707987265218,146,818.7204814686012,30.0
RR,0,149,4849992942308959342,gateway_calibration,sweep:inference_delay=30.0,739.6829878845061,132,818.7204814686012,30.0
RR,0,150,8176514166266544354,gateway_calibration,sweep:inference_delay=30.0,724.3108565396655,131,818.7204814686012,30.0
RR,0,151,4931749458132157138,gateway_calibration,sweep:inference_delay=30.0,632.2776046660508,118,818.7204814686012,30.0
RR,0,152,2714931529421893701,gateway_calibration,sweep:inference_delay=30.0,749.3882802821255,147,818.7204814686012,30.0
RR,0,153,8834835553966406635,gateway_calibration,sweep:inference_delay=30.0,731.9303981110563,127,818.7204814686012,30.0
RR,0,154,401977049098510290,gateway_calibration,sweep:inference_delay=30.0,1008.8292727688229,162,818.7204814686012,30.0
RR,0,155,6710412327095117089,gateway_calibration,sweep:inference_delay=30.0,652.3003454181581,131,818.7204814686012,30.0
RR,0,156,4890645197962199329,gateway_calibration,sweep:inference_delay=30.0,625.7579723839186,116,818.7204814686012,30.0
RR,0,157,3623421088451905318,gateway_calibration,sweep:inference_delay=30.0,703.4275727227347,123,818.7204814686012,30.0
RR,0,158,7875400094257671955,gateway_calibration,sweep:inference_delay=30.0,564.4576540067081,106,818.7204814686012,30.0
RR,0,159,1777437563659334112,gateway_calibration,sweep:inference_delay=30.0,677.0223438968903,131,818.7204814686012,30.0
RR,0,160,295794297308859113,gateway_calibration,sweep:inference_delay=30.0,503.98128191309684,105,818.7204814686012,30.0
RR,0,161,210393235614800979,gateway_calibration,sweep:inference_delay=30.0,689.2017387477488,132,818.7204814686012,30.0
RR,0,162,158638677345441146,gateway_calibration,sweep:inference_delay=30.0,631.0320042441692,129,818.7204814686012,30.0
RR,0,163,3754358161015692053,gateway_calibration,sweep:inference_delay=30.0,693.9560674954618,141,818.7204814686012,30.0
RR,0,164,5218657749178008915,gateway_calibration,sweep:inference_delay=30.0,696.0117854107915,148,818.7204814686012,30.0
RR,0,165,8920886322261654043,gateway_calibration,sweep:inference_delay=30.0,635.2631521529951,132,818.7204814686012,30.0
RR,0,166,4263404572926068159,gateway_calibration,sweep:inference_delay=30.0,564.6761061395973,112,818.7204814686012,30.0
RR,0,167,800077641893200557,gateway_calibration,sweep:inference_delay=30.0,657.3919149862758,121,818.7204814686012,30.0
RR,0,168,4359518394341173958,gateway_calibration,sweep:inference_delay=30.0,776.3452942834459,119,818.7204814686012,30.0
RR,0,169,3202522181741299277,gateway_calibration,sweep:inference_delay=30.0,701.1980765280113,138,818.7204814686012,30.0
RR,0,170,6719874324631973411,gateway_calibration,sweep:inference_delay=30.0,592.8109526752943,117,818.7204814686012,30.0
RR,0,171,6339068512459284645,gateway_calibration,sweep:inference_delay=30.0,608.3334799318098,123,818.7204814686012,30.0
RR,0,172,760223797917341310,gateway_calibration,sweep:inference_delay=30.0,810.2904059010393,138,818.7204814686012,30.0
RR,0,173,5375525822036562425,gateway_calibration,sweep:inference_delay=30.0,639.7276949493621,132,818.7204814686012,30.0
RR,0,174,3132267554183569751,gateway_calibration,sweep:inference_delay=30.0,644.6107463778515,111,818.7204814686012,30.0
RR,0,175,1991985787152931419,gateway_calibration,sweep:inference_delay=30.0,714.7442548187006,144,818.7204814686012,30.0
RR,0,176,8503372633371532639,gateway_calibration,sweep:inference_delay=30.0,801.6849020657507,143,818.7204814686012,30.0
RR,0,177,5167868211877881670,gateway_calibration,sweep:inference_delay=30.0,605.2397712773244,119,818.7204814686012,30.0
RR,0,178,6629358058152837417,gateway_calibration,sweep:inference_delay=30.0,762.7410384056265,159,818.7204814686012,30.0
RR,0,179,7263858174016185819,gateway_calibration,sweep:inference_delay=30.0,731.7572610819273,129,818.7204814686012,30.0
RR,0,180,1629199908698535937,gateway_calibration,sweep:inference_delay=30.0,680.2885662680575,139,818.7204814686012,30.0
RR,0,181,2362324532757989324,gateway_calibration,sweep:inference_delay=30.0,806.0380633946802,150,818.7204814686012,30.0
RR,0,182,3745562956007934871,gateway_calibration,sweep:inference_delay=30.0,670.3198056839451,118,818.7204814686012,30.0
RR,0,183,5768363639817473270,gateway_calibration,sweep:inference_delay=30.0,506.62610466068554,114,818.7204814686012,30.0
RR,0,184,4935842423252634154,gateway_calibration,sweep:inference_delay=30.0,589.8539815503793,119,818.7204814686012,30.0
RR,0,185,1360985820709588174,gateway_calibration,sweep:inference_delay=30.0,725.638219988269,125,818.7204814686012,30.0
RR,0,186,2456436801475330794,gateway_calibration,sweep:inference_delay=30.0,599.6255128259153,125,818.7204814686012,30.0
RR,0,187,4860835594563181343,gateway_calibration,sweep:inference_delay=30.0,681.0908624803685,124,818.7204814686012,30.0
RR,0,188,8505761826603536455,gateway_calibration,sweep:inference_delay=30.0,550.871795268242,115,818.7204814686012,30.0
RR,0,189,7331073423808604975,gateway_calibration,sweep:inference_delay=30.0,558.5132055091516,119,818.7204814686012,30.0
RR,0,190,7835992308368740512,gateway_calibration,sweep:inference_delay=30.0,785.1362952118744,148,818.7204814686012,30.0
RR,0,191,879173937891422519,gateway_calibration,sweep:inference_delay=30.0,693.6735368906355,114,818.7204814686012,30.0
RR,0,192,2387479852708383181,gateway_calibration,sweep:inference_delay=30.0,687.6772048855587,134,818.7204814686012,30.0
RR,0,193,1819361281975582853,gateway_calibration,sweep:inference_delay=30.0,543.8486294446499,129,818.7204814686012,30.0
RR,0,194,1190982861988270275,gateway_calibration,sweep:inference_delay=30.0,716.0671588636413,131,818.7204814686012,30.0
RR,0,195,7861614033661131265,gateway_calibration,sweep:inference_delay=30.0,780.4375846459404,139,818.7204814686012,30.0
RR,0,196,8714403012288335030,gateway_calibration,sweep:inference_delay=30.0,614.4527903705304,121,818.7204814686012,30.0
RR,0,197,5654550101799489893,gateway_calibration,sweep:inference_delay=30.0,644.2586710100481,138,818.7204814686012,30.0
RR,0,198,2196859942714739045,gateway_calibration,sweep:inference_delay=30.0,632.9526837912742,117,818.7204814686012,30.0
RR,0,199,5435996864006686145,gateway_calibration,sweep:inference_delay=30.0,640.3752868407505,126,818.7204814686012,30.0
RR,0,200,8109473372979513335,gateway_calibration,sweep:inference_delay=30.0,682.0767915483559,143,818.7204814686012,30.0
RR,0,201,6364287364262117283,gateway_calibration,sweep:inference_delay=30.0,609.97936886936,108,818.7204814686012,30.0
RR,0,202,5327348258214447244,gateway_calibration,sweep:inference_delay=30.0,647.4791570088246,132,818.7204814686012,30.0
RR,0,203,7849224676499445600,gateway_calibration,sweep:inference_delay=30.0,605.4052740297491,119,818.7204814686012,30.0
RR,0,204,7290634433356193872,gateway_calibration,sweep:inference_delay=30.0,733.1292848841636,128,818.7204814686012,30.0
RR,0,205,3073573718320317796,gateway_calibration,sweep:inference_delay=30.0,667.2628192931585,115,818.7204814686012,30.0
RR,0,206,1242968687683404514,gateway_calibration,sweep:inference_delay=30.0,620.2512637788149,133,818.7204814686012,30.0
RR,0,207,8243763334577973241,gateway_calibration,sweep:inference_delay=30.0,695.0725437047706,122,818.7204814686012,30.0
RR,0,208,900452907831589120,gateway_calibration,sweep:inference_delay=30.0,713.4851226495389,147,818.7204814686012,30.0
RR,0,209,9091822341567882835,gateway_calibration,sweep:inference_delay=30.0,705.4677879783048,120,818.7204814686012,30.0
RR,0,210,1911815028291047721,gateway_calibration,sweep:inference_delay=30.0,616.3399642718725,127,818.7204814686012,30.0
RR,0,211,7737013643693324802,gateway_calibration,sweep:inference_delay=30.0,710.5266507458623,131,818.7204814686012,30.0
RR,0,212,6236317256592065185,gateway_calibration,sweep:inference_delay=30.0,733.9808955175893,126,818.7204814686012,30.0
RR,0,213,5173272943326907382,gateway_calibration,sweep:inference_delay=30.0,675.1864039338533,121,818.7204814686012,30.0
RR,0,214,3924791073772412383,gateway_calibration,sweep:inference_delay=30.0,652.8976344582384,118,818.7204814686012,30.0
RR,0,215,287428934551584555,gateway_calibration,sweep:inference_delay=30.0,768.5238941390412,129,818.7204814686012,30.0
RR,0,216,627355807551774010,gateway_calibration,sweep:inference_delay=30.0,689.938642087164,117,818.7204814686012,30.0
RR,0,217,846378909816816577,gateway_calibration,sweep:inference_delay=30.0,545.3718577000664,111,818.7204814686012,30.0
RR,0,218,6766318448526319023,gateway_calibration,sweep:inference_delay=30.0,703.9954307301747,130,818.7204814686012,30.0
RR,0,219,5919123392613299828,gateway_calibration,sweep:inference_delay=30.0,614.0614835526474,108,818.7204814686012,30.0
RR,0,220,6147384710213884205,gateway_calibration,sweep:inference_delay=30.0,715.6364673035101,138,818.7204814686012,30.0
RR,0,221,8817267800962143768,gateway_calibration,sweep:inference_delay=30.0,698.0276313129156,129,818.7204814686012,30.0
RR,0,222,2493444765615338520,gateway_calibration,sweep:inference_delay=30.0,780.4582306788914,136,818.7204814686012,30.0
RR,0,223,9190904087936903515,gateway_calibration,sweep:inference_delay=30.0,768.7129658055263,144,818.7204814686012,30.0
RR,0,224,327480844210864172,gateway_calibration,sweep:inference_delay=30.0,648.7471272134165,119,818.7204814686012,30.0
RR,0,225,7128256575032042118,gateway_calibration,sweep:inference_delay=30.0,700.7025151774648,127,818.7204814686012,30.0
RR,0,226,7714947406002411712,gateway_calibration,sweep:inference_delay=30.0,752.0006928218655,134,818.7204814686012,30.0
RR,0,227,5672732801933068916,gateway_calibration,sweep:inference_delay=30.0,638.7890559390457,124,818.7204814686012,30.0
RR,0,228,7644612379164663017,gateway_calibration,sweep:inference_delay=30.0,844.5359693244822,127,818.7204814686012,30.0
RR,0,229,1228180816625496130,gateway_calibration,sweep:inference_delay=30.0,712.7023110260002,136,818.7204814686012,30.0
RR,0,230,7963446408193291116,gateway_calibration,sweep:inference_delay=30.0,653.3638563602728,123,818.7204814686012,30.0
RR,0,231,4923445759509201582,gateway_calibration,sweep:inference_delay=30.0,867.9106386564326,143,818.7204814686012,30.0
RR,0,232,4706577674447388338,gateway_calibration,sweep:inference_delay=30.0,514.3701421071748,102,818.7204814686012,30.0
RR,0,233,2416101542385063936,gateway_calibration,sweep:inference_delay=30.0,795.1676730219092,157,818.7204814686012,30.0
RR,0,234,1369867880269492046,gateway_calibration,sweep:inference_delay=30.0,676.1299423533567,134,818.7204814686012,30.0
RR,0,235,1719649097786723627,gateway_calibration,sweep:inference_delay=30.0,805.4510874161998,143,818.7204814686012,30.0
RR,0,236,6761222530280894932,gateway_calibration,sweep:inference_delay=30.0,659.3204807498203,122,818.7204814686012,30.0
RR,0,237,9208491546445881206,gateway_calibration,sweep:inference_delay=30.0,588.8149491963245,128,818.7204814686012,30.0
RR,0,238,1715586102904176211,gateway_calibration,sweep:inference_delay=30.0,627.7153518559556,114,818.7204814686012,30.0
RR,0,239,1984229692596023437,gateway_calibration,sweep:inference_delay=30.0,637.4862790474114,129,818.7204814686012,30.0
RR,0,240,4628473179160689013,gateway_calibration,sweep:inference_delay=30.0,674.0426361442701,121,818.7204814686012,30.0
RR,0,241,8439075655841347094,gateway_calibration,sweep:inference_delay=30.0,644.0241815592788,110,818.7204814686012,30.0
RR,0,242,2433581766598208836,gateway_calibration,sweep:inference_delay=30.0,740.0433964520998,135,818.7204814686012,30.0
RR,0,243,6995727156132924337,gateway_calibration,sweep:inference_delay=30.0,671.1114798312861,121,818.7204814686012,30.0
RR,0,244,2568757412310833002,gateway_calibration,sweep:inference_delay=30.0,652.9328078808969,117,818.7204814686012,30.0
RR,0,245,1403336540043224207,gateway_calibration,sweep:inference_delay=30.0,785.6313309795194,145,818.7204814686012,30.0
RR,0,246,630790940037585381,gateway_calibration,sweep:inference_delay=30.0,588.0872420436824,109,818.7204814686012,30.0
RR,0,247,7242103166925192518,gateway_calibration,sweep:inference_delay=30.0,629.8085004852602,126,818.7204814686012,30.0
RR,0,248,531624271325835990,gateway_calibration,sweep:inference_delay=30.0,804.3647530376794,134,818.7204814686012,30.0
RR,0,249,1088702076464491823,gateway_calibration,sweep:inference_delay=30.0,876.3151949308875,149,818.7204814686012,30.0
RR,0,250,7087237810224659604,gateway_calibration,sweep:inference_delay=30.0,753.8936475050759,125,818.7204814686012,30.0
RR,0,251,7515660863153710059,gateway_calibration,sweep:inference_delay=30.0,690.8947803784106,120,818.7204814686012,30.0
RR,0,252,6658260585676008030,gateway_calibration,sweep:inference_delay=30.0,598.5186830345,123,818.7204814686012,30.0
RR,0,253,1175197585439484695,gateway_calibration,sweep:inference_delay=30.0,716.7111711030107,118,818.7204814686012,30.0
RR,0,254,5534205900655622182,gateway_calibration,sweep:inference_delay=30.0,642.0104542845894,118,818.7204814686012,30.0
RR,0,255,675414098306511793,gateway_calibration,sweep:inference_delay=30.0,604.433081987281,113,818.7204814686012,30.0
RR,0,256,7775371437984102243,gateway_calibration,sweep:inference_delay=30.0,687.4326160595335,126,818.7204814686012,30.0
RR,0,257,4855772479761260082,gateway_calibration,sweep:inference_delay=30.0,628.3101597081421,125,818.7204814686012,30.0
RR,0,258,4829388874310392223,gateway_calibration,sweep:inference_delay=30.0,727.839934894443,132,818.7204814686012,30.0
RR,0,259,3021541178235323378,gateway_calibration,sweep:inference_delay=30.0,655.3662822457566,115,818.7204814686012,30.0
RR,0,260,6375880895612902738,gateway_calibration,sweep:inference_delay=30.0,514.184657653969,107,818.7204814686012,30.0
RR,0,261,5579565486230563812,gateway_calibration,sweep:inference_delay=30.0,525.0289338908362,113,818.7204814686012,30.0
RR,0,262,8441092364334721167,gateway_calibration,sweep:inference_delay=30.0,681.3230549104762,118,818.7204814686012,30.0
RR,0,263,8435499192358502610,gateway_calibration,sweep:inference_delay=30.0,604.7663274302943,109,818.7204814686012,30.0
RR,0,264,6804064178662423748,gateway_calibration,sweep:inference_delay=30.0,648.232049100126,104,818.7204814686012,30.0
RR,0,265,8569847838464667562,gateway_calibration,sweep:inference_delay=30.0,624.7880788920147,119,818.7204814686012,30.0
RR,0,266,5120606081560907159,gateway_calibration,sweep:inference_delay=30.0,750.8796038189691,137,818.7204814686012,30.0
RR,0,267,5207262382818439031,gateway_calibration,sweep:inference_delay=30.0,727.319432678567,134,818.7204814686012,30.0
RR,0,268,3442292112640223841,gateway_calibration,sweep:inference_delay=30.0,652.0480608566575,111,818.7204814686012,30.0
RR,0,269,5818996211091326253,gateway_calibration,sweep:inference_delay=30.0,573.3736547586442,109,818.7204814686012,30.0
RR,0,270,6764198380445265401,gateway_calibration,sweep:inference_delay=30.0,619.1784970526564,133,818.7204814686012,30.0
RR,0,271,2814387925985499749,gateway_calibration,sweep:inference_delay=30.0,813.3621609830612,142,818.7204814686012,30.0
RR,0,272,163544811853512893,gateway_calibration,sweep:inference_delay=30.0,598.6701858183834,109,818.7204814686012,30.0
RR,0,273,5249539880746800401,gateway_calibration,sweep:inference_delay=30.0,773.6298274192313,140,818.7204814686012,30.0
RR,0,274,3813367517673736119,gateway_calibration,sweep:inference_delay=30.0,728.9670825882998,144,818.7204814686012,30.0
RR,0,275,1259670189834288748,gateway_calibration,sweep:inference_delay=30.0,644.1344913763247,128,818.7204814686012,30.0
RR,0,276,8410598137000833641,gateway_calibration,sweep:inference_delay=30.0,636.074599277734,142,818.7204814686012,30.0
RR,0,277,1185151382987079039,gateway_calibration,sweep:inference_delay=30.0,676.8502811100434,101,818.7204814686012,30.0
RR,0,278,5397428248508408359,gateway_calibration,sweep:inference_delay=30.0,769.9005453717461,139,818.7204814686012,30.0
RR,0,279,5998957008792425662,gateway_calibration,sweep:inference_delay=30.0,590.4656958249785,137,818.7204814686012,30.0
RR,0,280,2089131610951051531,gateway_calibration,sweep:inference_delay=30.0,702.4047865518171,124,818.7204814686012,30.0
RR,0,281,2012755443966374785,gateway_calibration,sweep:inference_delay=30.0,761.4740397340266,117,818.7204814686012,30.0
RR,0,282,2114597933973768864,gateway_calibration,sweep:inference_delay=30.0,670.684755036334,131,818.7204814686012,30.0
RR,0,283,8831878129511333025,gateway_calibration,sweep:inference_delay=30.0,860.7355439432031,149,818.7204814686012,30.0
RR,0,284,6987438354251427288,gateway_calibration,sweep:inference_delay=30.0,593.4717981516297,105,818.7204814686012,30.0
RR,0,285,8054880921775618110,gateway_calibration,sweep:inference_delay=30.0,708.6131083185236,123,818.7204814686012,30.0
RR,0,286,999695391193574422,gateway_calibration,sweep:inference_delay=30.0,696.2950244037778,104,818.7204814686012,30.0
RR,0,287,892170020453467268,gateway_calibration,sweep:inference_delay=30.0,638.6057322196917,129,818.7204814686012,30.0
RR,0,288,6498345339573010197,gateway_calibration,sweep:inference_delay=30.0,649.8299258549583,116,818.7204814686012,30.0
RR,0,289,4469973512306689967,gateway_calibration,sweep:inference_delay=30.0,678.0401050411497,123,818.7204814686012,30.0
RR,0,290,6145075238160613470,gateway_calibration,sweep:inference_delay=30.0,637.3339774614966,144,818.7204814686012,30.0
RR,0,291,7343731827567482166,gateway_calibration,sweep:inference_delay=30.0,624.6339793053661,129,818.7204814686012,30.0
RR,0,292,7207404045751536361,gateway_calibration,sweep:inference_delay=30.0,610.8158488915645,123,818.7204814686012,30.0
RR,0,293,6326546302111431267,gateway_calibration,sweep:inference_delay=30.0,642.2998101044907,114,818.7204814686012,30.0
RR,0,294,7307030084760122045,gateway_calibration,sweep:inference_delay=30.0,715.6527440989828,131,818.7204814686012,30.0
RR,0,295,1579854418888006766,gateway_calibration,sweep:inference_delay=30.0,580.4044795748565,120,818.7204814686012,30.0
RR,0,296,8536628755610221125,gateway_calibration,sweep:inference_delay=30.0,697.9387574455562,136,818.7204814686012,30.0
RR,0,297,5855263497734871592,gateway_calibration,sweep:inference_delay=30.0,684.5223154704755,125,818.7204814686012,30.0
RR,0,298,1792559488456258481,gateway_calibration,sweep:inference_delay=30.0,631.0037130401591,124,818.7204814686012,30.0
RR,0,299,8049580192305164843,gateway_calibration,sweep:inference_delay=30.0,938.8993294336467,154,818.7204814686012,30.0
RR,0,300,6198720795388793523,gateway_calibration,sweep:inference_delay=30.0,634.2740321679022,113,818.7204814686012,30.0
RR,0,301,955614989788427435,gateway_calibration,sweep:inference_delay=30.0,642.2951977433812,125,818.7204814686012,30.0
RR,0,302,7628500191118833262,gateway_calibration,sweep:inference_delay=30.0,495.19223540413196,117,818.7204814686012,30.0
RR,0,303,6074602968274594591,gateway_calibration,sweep:inference_delay=30.0,795.1304422821316,151,818.7204814686012,30.0
RR,0,304,1080467180128978309,gateway_calibration,sweep:inference_delay=30.0,557.7109322797205,105,818.7204814686012,30.0
RR,0,305,4950941931779226754,gateway_calibration,sweep:inference_delay=30.0,676.8227855658653,138,818.7204814686012,30.0
RR,0,306,735371492720512407,gateway_calibration,sweep:inference_delay=30.0,812.783205555258,136,818.7204814686012,30.0
RR,0,307,3752354279933834363,gateway_calibration,sweep:inference_delay=30.0,700.0152027584647,126,818.7204814686012,30.0
RR,0,308,8859474702215683466,gateway_calibration,sweep:inference_delay=30.0,690.1169265766937,130,818.7204814686012,30.0
RR,0,309,1406307472094146112,gateway_calibration,sweep:inference_delay=30.0,562.2739340586029,131,818.7204814686012,30.0
RR,0,310,2647644007311650294,gateway_calibration,sweep:inference_delay=30.0,632.3518762882202,119,818.7204814686012,30.0
RR,0,311,6198766878795138347,gateway_calibration,sweep:inference_delay=30.0,705.2015011562236,131,818.7204814686012,30.0
RR,0,312,1087423144175922732,gateway_calibration,sweep:inference_delay=30.0,817.9296242753865,136,818.7204814686012,30.0
RR,0,313,6355807458236973872,gateway_calibration,sweep:inference_delay=30.0,905.2709020834255,147,818.7204814686012,30.0
RR,0,314,7301325227001219296,gateway_calibration,sweep:inference_delay=30.0,672.2550855638092,123,818.7204814686012,30.0
RR,0,315,6876919181157572195,gateway_calibration,sweep:inference_delay=30.0,737.165739372893,134,818.7204814686012,30.0
RR,0,316,8421298549038886963,gateway_calibration,sweep:inference_delay=30.0,692.714282991955,133,818.7204814686012,30.0
RR,0,317,2490896537666272156,gateway_calibration,sweep:inference_delay=30.0,643.6208400522403,118,818.7204814686012,30.0
RR,0,318,7270920481051876257,gateway_calibration,sweep:inference_delay=30.0,768.235118680557,141,818.7204814686012,30.0
RR,0,319,6960784023868008789,gateway_calibration,sweep:inference_delay=30.0,620.8555868839223,132,818.7204814686012,30.0
RR,0,320,5545754432117480532,gateway_calibration,sweep:inference_delay=30.0,613.7768705221662,126,818.7204814686012,30.0
RR,0,321,578390938685017941,gateway_calibration,sweep:inference_delay=30.0,593.9432297453882,133,818.7204814686012,30.0
RR,0,322,7383515654249746266,gateway_calibration,sweep:inference_delay=30.0,717.6143226913177,116,818.7204814686012,30.0
RR,0,323,6142601005104639093,gateway_calibration,sweep:inference_delay=30.0,561.4276079017966,117,818.7204814686012,30.0
RR,0,324,8495920089238598724,gateway_calibration,sweep:inference_delay=30.0,622.7404761510911,123,818.7204814686012,30.0
RR,0,325,6854650115340109561,gateway_calibration,sweep:inference_delay=30.0,799.3639757384062,141,818.7204814686012,30.0
RR,0,326,8928683183009620738,gateway_calibration,sweep:inference_delay=30.0,808.8183604741163,144,818.7204814686012,30.0
RR,0,327,2666580511981378890,gateway_calibration,sweep:inference_delay=30.0,604.6973496294211,114,818.7204814686012,30.0
RR,0,328,2494307082954553179,gateway_calibration,sweep:inference_delay=30.0,685.8023728565986,131,818.7204814686012,30.0
RR,0,329,3666315322142078229,gateway_calibration,sweep:inference_delay=30.0,532.8460337284911,115,818.7204814686012,30.0
RR,0,330,7704187437627028487,gateway_calibration,sweep:inference_delay=30.0,551.1603298228831,111,818.7204814686012,30.0
RR,0,331,3431336093909338017,gateway_calibration,sweep:inference_delay=30.0,487.02101176701893,103,818.7204814686012,30.0
RR,0,332,2079006404624295292,gateway_calibration,sweep:inference_delay=30.0,599.1882818136539,129,818.7204814686012,30.0
RR,0,333,7574275676032283702,gateway_calibration,sweep:inference_delay=30.0,776.181940097576,131,818.7204814686012,30.0
RR,0,334,8071057027304536181,gateway_calibration,sweep:inference_delay=30.0,676.4121584418458,116,818.7204814686012,30.0
RR,0,335,6367645851811828917,gateway_calibration,sweep:inference_delay=30.0,672.1296612749161,119,818.7204814686012,30.0
RR,0,336,5649927572993911748,gateway_calibration,sweep:inference_delay=30.0,676.6091965141497,131,818.7204814686012,30.0
RR,0,337,2021955138078522011,gateway_calibration,sweep:inference_delay=30.0,691.4247158216582,130,818.7204814686012,30.0
RR,0,338,2024557761289031430,gateway_calibration,sweep:inference_delay=30.0,843.6604105590345,146,818.7204814686012,30.0
RR,0,339,8391778338976191094,gateway_calibration,sweep:inference_delay=30.0,694.5676821169319,118,818.7204814686012,30.0
RR,0,340,4441762986505142260,gateway_calibration,sweep:inference_delay=30.0,670.9901827428088,112,818.7204814686012,30.0
RR,0,341,3908519603221341037,gateway_calibration,sweep:inference_delay=30.0,720.917755840737,132,818.7204814686012,30.0
RR,0,342,4757892652450559695,gateway_calibration,sweep:inference_delay=30.0,696.3676391350666,139,818.7204814686012,30.0
RR,0,343,9218031426779920414,gateway_calibration,sweep:inference_delay=30.0,698.7463752221066,129,818.7204814686012,30.0
RR,0,344,6608496275771042444,gateway_calibration,sweep:inference_delay=30.0,659.6199415384293,127,818.7204814686012,30.0
RR,0,345,8927583166079033125,gateway_calibration,sweep:inference_delay=30.0,661.6129009803701,134,818.7204814686012,30.0
RR,0,346,7637156928916779355,gateway_calibration,sweep:inference_delay=30.0,723.2146693108378,139,818.7204814686012,30.0
RR,0,347,6078774153310868919,gateway_calibration,sweep:inference_delay=30.0,570.5470164629053,117,818.7204814686012,30.0
RR,0,348,4994721355660344940,gateway_calibration,sweep:inference_delay=30.0,604.1645640257802,124,818.7204814686012,30.0
RR,0,349,1961467710134892616,gateway_calibration,sweep:inference_delay=30.0,753.864179362462,138,818.7204814686012,30.0
RR,0,350,5467901253939351455,gateway_calibration,sweep:inference_delay=30.0,691.8410179978542,128,818.7204814686012,30.0
RR,0,351,271397199629971332,gateway_calibration,sweep:inference_delay=30.0,687.3932257951858,140,818.7204814686012,30.0
RR,0,352,8457529201520244396,gateway_calibration,sweep:inference_delay=30.0,620.0225799874261,118,818.7204814686012,30.0
RR,0,353,5244532571252578043,gateway_calibration,sweep:inference_delay=30.0,880.7832563549696,144,818.7204814686012,30.0
RR,0,354,6701216595509231687,gateway_calibration,sweep:inference_delay=30.0,561.2018413633247,103,818.7204814686012,30.0
RR,0,355,7252467179907006431,gateway_calibration,sweep:inference_delay=30.0,606.9678068321622,130,818.7204814686012,30.0
RR,0,356,7600155370378975843,gateway_calibration,sweep:inference_delay=30.0,877.4766274070776,130,818.7204814686012,30.0
RR,0,357,7188570311301188523,gateway_calibration,sweep:inference_delay=30.0,692.956158056135,127,818.7204814686012,30.0
RR,0,358,899839965395490991,gateway_calibration,sweep:inference_delay=30.0,796.9316640155287,135,818.7204814686012,30.0
RR,0,359,4529485095654123259,gateway_calibration,sweep:inference_delay=30.0,750.1617124802868,136,818.7204814686012,30.0
RR,0,360,4246772202831402071,gateway_calibration,sweep:inference_delay=30.0,709.7173389595032,132,818.7204814686012,30.0
RR,0,361,7506670321490705116,gateway_calibration,sweep:inference_delay=30.0,661.965971525728,131,818.7204814686012,30.0
RR,0,362,5636881837604743653,gateway_calibration,sweep:inference_delay=30.0,615.7635192332273,112,818.7204814686012,30.0
RR,0,363,3107613976478440407,gateway_calibration,sweep:inference_delay=30.0,594.371330635335,120,818.7204814686012,30.0
RR,0,364,8913804890067057616,gateway_calibration,sweep:inference_delay=30.0,614.091806949239,127,818.7204814686012,30.0
RR,0,365,2655170043071824236,gateway_calibration,sweep:inference_delay=30.0,644.6664825316345,121,818.7204814686012,30.0
RR,0,366,4064252743024866844,gateway_calibration,sweep:inference_delay=30.0,602.6460355732752,112,818.7204814686012,30.0
RR,0,367,5013065536133229117,gateway_calibration,sweep:inference_delay=30.0,671.9764312635893,129,818.7204814686012,30.0
RR,0,368,2606026746748543590,gateway_calibration,sweep:inference_delay=30.0,762.0479384980753,110,818.7204814686012,30.0
RR,0,369,3215402251315620287,gateway_calibration,sweep:inference_delay=30.0,654.3598462449723,122,818.7204814686012,30.0
RR,0,370,2823809376126412825,gateway_calibration,sweep:inference_delay=30.0,669.2070478490309,138,818.7204814686012,30.0
RR,0,371,303192265926455832,gateway_calibration,sweep:inference_delay=30.0,652.4061147036493,121,818.7204814686012,30.0
RR,0,372,1584730525549035275,gateway_calibration,sweep:inference_delay=30.0,782.3967976473823,139,818.7204814686012,30.0
RR,0,373,2935914490827011525,gateway_calibration,sweep:inference_delay=30.0,632.1740966137955,125,818.7204814686012,30.0
RR,0,374,5509642428993810529,gateway_calibration,sweep:inference_delay=30.0,571.2448526677906,114,818.7204814686012,30.0
RR,0,375,8484554096922988201,gateway_calibration,sweep:inference_delay=30.0,794.5897639579672,137,818.7204814686012,30.0
RR,0,376,4257268852589804336,gateway_calibration,sweep:inference_delay=30.0,768.3192349164528,126,818.7204814686012,30.0
RR,0,377,6670162613854771348,gateway_calibration,sweep:inference_delay=30.0,482.6772702866032,114,818.7204814686012,30.0
RR,0,378,6185183152939789382,gateway_calibration,sweep:inference_delay=30.0,585.4724107656865,113,818.7204814686012,30.0
RR,0,379,5000450140733182030,gateway_calibration,sweep:inference_delay=30.0,557.6445505643682,113,818.7204814686012,30.0
RR,0,380,4854349973725077328,gateway_calibration,sweep:inference_delay=30.0,738.9085449873777,119,818.7204814686012,30.0
RR,0,381,4270702952115561767,gateway_calibration,sweep:inference_delay=30.0,693.8843014632519,120,818.7204814686012,30.0
RR,0,382,7110795181948128030,gateway_calibration,sweep:inference_delay=30.0,630.1913735418024,132,818.7204814686012,30.0
RR,0,383,4274613646144481416,gateway_calibration,sweep:inference_delay=30.0,658.4548433042163,125,818.7204814686012,30.0
RR,0,384,1175193649311241253,gateway_calibration,sweep:inference_delay=30.0,695.5227617708704,144,818.7204814686012,30.0
RR,0,385,6235064914419757477,gateway_calibration,sweep:inference_delay=30.0,703.06935466762,133,818.7204814686012,30.0
RR,0,386,4140817241154620066,gateway_calibration,sweep:inference_delay=30.0,806.9991098976205,138,818.7204814686012,30.0
RR,0,387,7755141881615399150,gateway_calibration,sweep:inference_delay=30.0,726.203815176242,131,818.7204814686012,30.0
RR,0,388,4718524044314119930,gateway_calibration,sweep:inference_delay=30.0,725.0814215259796,145,818.7204814686012,30.0
RR,0,389,256806395564619024,gateway_calibration,sweep:inference_delay=30.0,726.7360024396054,119,818.7204814686012,30.0
RR,0,390,2967534867083132435,gateway_calibration,sweep:inference_delay=30.0,717.0852204699918,129,818.7204814686012,30.0
RR,0,391,7559290969552812518,gateway_calibration,sweep:inference_delay=30.0,601.6891651437746,114,818.7204814686012,30.0
RR,0,392,7199857580642039448,gateway_calibration,sweep:inference_delay=30.0,578.4088528900375,124,818.7204814686012,30.0
RR,0,393,4135059324619606430,gateway_calibration,sweep:inference_delay=30.0,836.0147364187087,131,818.7204814686012,30.0
RR,0,394,964553282996356321,gateway_calibration,sweep:inference_delay=30.0,654.7536223507316,132,818.7204814686012,30.0
RR,0,395,5688549830873665172,gateway_calibration,sweep:inference_delay=30.0,460.3453482040428,106,818.7204814686012,30.0
RR,0,396,2742944463439999118,gateway_calibration,sweep:inference_delay=30.0,747.8538875560519,135,818.7204814686012,30.0
RR,0,397,6036923917444201846,gateway_calibration,sweep:inference_delay=30.0,627.9091035479998,132,818.7204814686012,30.0
RR,0,398,5900348103519392260,gateway_calibration,sweep:inference_delay=30.0,668.4471344110373,113,818.7204814686012,30.0
RR,0,399,46625716833458906,gateway_calibration,sweep:inference_delay=30.0,520.6922779444836,116,818.7204814686012,30.0
RR,0,400,6489892115188660923,gateway_calibration,sweep:inference_delay=30.0,602.5324159955512,108,818.7204814686012,30.0
RR,0,401,5795169598857803676,gateway_calibration,sweep:inference_delay=30.0,699.8019784728132,138,818.7204814686012,30.0
RR,0,402,1728690982080054500,gateway_calibration,sweep:inference_delay=30.0,631.401262373663,125,818.7204814686012,30.0
RR,0,403,957054645357889878,gateway_calibration,sweep:inference_delay=30.0,720.2152713595164,116,818.7204814686012,30.0
RR,0,404,5622523196459989414,gateway_calibration,sweep:inference_delay=30.0,749.4727815859293,154,818.7204814686012,30.0
RR,0,405,7353664619293741967,gateway_calibration,sweep:inference_delay=30.0,630.3079391946471,117,818.7204814686012,30.0
RR,0,406,7787306155568069295,gateway_calibration,sweep:inference_delay=30.0,787.7537940281244,142,818.7204814686012,30.0
RR,0,407,7175500333818067788,gateway_calibration,sweep:inference_delay=30.0,696.8862408320463,137,818.7204814686012,30.0
RR,0,408,275501755791803357,gateway_calibration,sweep:inference_delay=30.0,790.0464003086882,142,818.7204814686012,30.0
RR,0,409,6951722889221050632,gateway_calibration,sweep:inference_delay=30.0,640.4967616758823,121,818.7204814686012,30.0
RR,0,410,8002092289136592373,gateway_calibration,sweep:inference_delay=30.0,641.662785062277,115,818.7204814686012,30.0
RR,0,411,7363935075263491028,gateway_calibration,sweep:inference_delay=30.0,758.9029767577475,125,818.7204814686012,30.0
RR,0,412,7968924026301667953,gateway_calibration,sweep:inference_delay=30.0,591.548572145431,113,818.7204814686012,30.0
RR,0,413,7545488451379664747,gateway_calibration,sweep:inference_delay=30.0,741.8479969294983,117,818.7204814686012,30.0
RR,0,414,5596007191922688360,gateway_calibration,sweep:inference_delay=30.0,644.5915944946087,126,818.7204814686012,30.0
RR,0,415,4049363140446211452,gateway_calibration,sweep:inference_delay=30.0,621.4472162186381,120,818.7204814686012,30.0
RR,0,416,2184506667619083899,gateway_calibration,sweep:inference_delay=30.0,660.1973992037854,129,818.7204814686012,30.0
RR,0,417,7762221911486373642,gateway_calibration,sweep:inference_delay=30.0,795.8180260908327,146,818.7204814686012,30.0
RR,0,418,5158135931629161667,gateway_calibration,sweep:inference_delay=30.0,638.6193280259669,134,818.7204814686012,30.0
RR,0,419,52346328105066511,gateway_calibration,sweep:inference_delay=30.0,602.5956481879152,110,818.7204814686012,30.0
RR,0,420,5373309781631019420,gateway_calibration,sweep:inference_delay=30.0,660.4307708005915,130,818.7204814686012,30.0
RR,0,421,8092294721217228179,gateway_calibration,sweep:inference_delay=30.0,833.698044821064,119,818.7204814686012,30.0
RR,0,422,5178508996823040531,gateway_calibration,sweep:inference_delay=30.0,754.6406345527591,128,818.7204814686012,30.0
RR,0,423,1562676647918410293,gateway_calibration,sweep:inference_delay=30.0,690.9265205486952,146,818.7204814686012,30.0
RR,0,424,9055763048706054433,gateway_calibration,sweep:inference_delay=30.0,612.7904189198355,132,818.7204814686012,30.0
RR,0,425,5189157828795636189,gateway_calibration,sweep:inference_delay=30.0,699.5163956046785,126,818.7204814686012,30.0
RR,0,426,492073757527802933,gateway_calibration,sweep:inference_delay=30.0,729.9137986810538,150,818.7204814686012,30.0
RR,0,427,2707720079155108067,gateway_calibration,sweep:inference_delay=30.0,823.6305960302034,117,818.7204814686012,30.0
RR,0,428,70626367624259656,gateway_calibration,sweep:inference_delay=30.0,719.2832030702443,132,818.7204814686012,30.0
RR,0,429,3322764984317674927,gateway_calibration,sweep:inference_delay=30.0,620.9485466573019,129,818.7204814686012,30.0
RR,0,430,6828799096803249627,gateway_calibration,sweep:inference_delay=30.0,700.6509440524253,144,818.7204814686012,30.0
RR,0,431,7103185765657345385,gateway_calibration,sweep:inference_delay=30.0,675.2858682671416,118,818.7204814686012,30.0
RR,0,432,1517529795678806380,gateway_calibration,sweep:inference_delay=30.0,525.4561451180157,114,818.7204814686012,30.0
RR,0,433,6478143195563442386,gateway_calibration,sweep:inference_delay=30.0,677.627124803295,120,818.7204814686012,30.0
RR,0,434,6804272919124092433,gateway_calibration,sweep:inference_delay=30.0,628.8870974267614,109,818.7204814686012,30.0
RR,0,435,3206830044036959689,gateway_calibration,sweep:inference_delay=30.0,594.0619776956506,122,818.7204814686012,30.0
RR,0,436,6924176249823088469,gateway_calibration,sweep:inference_delay=30.0,763.5897946587933,129,818.7204814686012,30.0
RR,0,437,2311676907736431243,gateway_calibration,sweep:inference_delay=30.0,634.2207276529458,113,818.7204814686012,30.0
RR,0,438,3755782677570363045,gateway_calibration,sweep:inference_delay=30.0,692.7117417768463,140,818.7204814686012,30.0
RR,0,439,3574674151854983981,gateway_calibration,sweep:inference_delay=30.0,656.8897378644378,120,818.7204814686012,30.0
RR,0,440,3021862850084846513,gateway_calibration,sweep:inference_delay=30.0,771.1340206030843,130,818.7204814686012,30.0
RR,0,441,6999284532610422846,gateway_calibration,sweep:inference_delay=30.0,827.5494732615816,126,818.7204814686012,30.0
RR,0,442,4745343097296423792,gateway_calibration,sweep:inference_delay=30.0,831.7402610743155,129,818.7204814686012,30.0
RR,0,443,1797908705536911566,gateway_calibration,sweep:inference_delay=30.0,498.60659432648373,114,818.7204814686012,30.0
RR,0,444,6123533151110003122,gateway_calibration,sweep:inference_delay=30.0,670.8229941226666,124,818.7204814686012,30.0
RR,0,445,5779475354917440195,gateway_calibration,sweep:inference_delay=30.0,731.426697946683,125,818.7204814686012,30.0
RR,0,446,2098053745439339073,gateway_calibration,sweep:inference_delay=30.0,632.3484889142765,132,818.7204814686012,30.0
RR,0,447,359553717262825138,gateway_calibration,sweep:inference_delay=30.0,683.1554324229152,121,818.7204814686012,30.0
RR,0,448,4592254995210996458,gateway_calibration,sweep:inference_delay=30.0,751.5806470405976,133,818.7204814686012,30.0
RR,0,449,390204392259427951,gateway_calibration,sweep:inference_delay=30.0,606.4076430538021,115,818.7204814686012,30.0
RR,0,450,8727222639608309888,gateway_calibration,sweep:inference_delay=30.0,607.1222566243804,124,818.7204814686012,30.0
RR,0,451,5528287922250905348,gateway_calibration,sweep:inference_delay=30.0,493.5940562710003,111,818.7204814686012,30.0
RR,0,452,2511167253364624542,gateway_calibration,sweep:inference_delay=30.0,762.1199082923201,125,818.7204814686012,30.0
RR,0,453,5784633412525403130,gateway_calibration,sweep:inference_delay=30.0,589.4143458736767,129,818.7204814686012,30.0
RR,0,454,5239507317027829728,gateway_calibration,sweep:inference_delay=30.0,685.5539649731226,134,818.7204814686012,30.0
RR,0,455,1003879602242186991,gateway_calibration,sweep:inference_delay=30.0,667.8838068519526,140,818.7204814686012,30.0
RR,0,456,2878233962541237610,gateway_calibration,sweep:inference_delay=30.0,649.7441390230553,136,818.7204814686012,30.0
RR,0,457,5693181612197541503,gateway_calibration,sweep:inference_delay=30.0,764.5552504655817,140,818.7204814686012,30.0
RR,0,458,2336266484248827902,gateway_calibration,sweep:inference_delay=30.0,701.4417177383243,123,818.7204814686012,30.0
RR,0,459,2316486004334876346,gateway_calibration,sweep:inference_delay=30.0,577.763513171676,124,818.7204814686012,30.0
RR,0,460,475935033932666608,gateway_calibration,sweep:inference_delay=30.0,685.973526770546,124,818.7204814686012,30.0
RR,0,461,1057320417739480016,gateway_calibration,sweep:inference_delay=30.0,704.2214632067682,143,818.7204814686012,30.0
RR,0,462,2519027733185444071,gateway_calibration,sweep:inference_delay=30.0,694.3252657460847,123,818.7204814686012,30.0
RR,0,463,1058559455744669691,gateway_calibration,sweep:inference_delay=30.0,697.9825973770943,140,818.7204814686012,30.0
RR,0,464,6574832298174142872,gateway_calibration,sweep:inference_delay=30.0,556.5474209119108,115,818.7204814686012,30.0
RR,0,465,884449267052335307,gateway_calibration,sweep:inference_delay=30.0,639.3107546410299,121,818.7204814686012,30.0
RR,0,466,6060741962131816985,gateway_calibration,sweep:inference_delay=30.0,549.4407339449481,110,818.7204814686012,30.0
RR,0,467,6839238204933409532,gateway_calibration,sweep:inference_delay=30.0,743.9601031732632,128,818.7204814686012,30.0
RR,0,468,8496979905210157746,gateway_calibration,sweep:inference_delay=30.0,757.7398422320241,143,818.7204814686012,30.0
RR,0,469,3991177911072989955,gateway_calibration,sweep:inference_delay=30.0,798.2659129274208,139,818.7204814686012,30.0
RR,0,470,3253412560018419094,gateway_calibration,sweep:inference_delay=30.0,599.7187657243484,135,818.7204814686012,30.0
RR,0,471,1188508254992210828,gateway_calibration,sweep:inference_delay=30.0,747.845120252742,124,818.7204814686012,30.0
RR,0,472,376639237916564485,gateway_calibration,sweep:inference_delay=30.0,720.1359694105599,123,818.7204814686012,30.0
RR,0,473,5813076782046801150,gateway_calibration,sweep:inference_delay=30.0,674.6344150423296,122,818.7204814686012,30.0
RR,0,474,7144003500394196389,gateway_calibration,sweep:inference_delay=30.0,804.3629447983823,129,818.7204814686012,30.0
RR,0,475,3468452400471442198,gateway_calibration,sweep:inference_delay=30.0,636.4679281713875,129,818.7204814686012,30.0
RR,0,476,4496027302455460172,gateway_calibration,sweep:inference_delay=30.0,695.3160214119904,134,818.7204814686012,30.0
RR,0,477,2327472833988482556,gateway_calibration,sweep:inference_delay=30.0,564.0144421513949,127,818.7204814686012,30.0
RR,0,478,4278638371775298454,gateway_calibration,sweep:inference_delay=30.0,729.9624709935152,141,818.7204814686012,30.0
RR,0,479,6071174980492026700,gateway_calibration,sweep:inference_delay=30.0,662.5531162726778,135,818.7204814686012,30.0
RR,0,480,7203581437859232887,gateway_calibration,sweep:inference_delay=30.0,638.753017926176,128,818.7204814686012,30.0
RR,0,481,2719210672007653806,gateway_calibration,sweep:inference_delay=30.0,749.499693680849,127,818.7204814686012,30.0
RR,0,482,9124791469596248056,gateway_calibration,sweep:inference_delay=30.0,632.2924853836396,121,818.7204814686012,30.0
RR,0,483,2968576874491023215,gateway_calibration,sweep:inference_delay=30.0,718.744733378461,122,818.7204814686012,30.0
RR,0,484,6332307739886924204,gateway_calibration,sweep:inference_delay=30.0,669.817808155285,128,818.7204814686012,30.0
RR,0,485,5961075872141027170,gateway_calibration,sweep:inference_delay=30.0,602.5828265557566,115,818.7204814686012,30.0
RR,0,486,5248318877212551463,gateway_calibration,sweep:inference_delay=30.0,641.3420561952801,129,818.7204814686012,30.0
RR,0,487,3764088682476505463,gateway_calibration,sweep:inference_delay=30.0,549.8578831772002,103,818.7204814686012,30.0
RR,0,488,8913131374809858282,gateway_calibration,sweep:inference_delay=30.0,632.6190858948363,116,818.7204814686012,30.0
RR,0,489,6758802190763130276,gateway_calibration,sweep:inference_delay=30.0,712.369513575783,133,818.7204814686012,30.0
RR,0,490,1420752393602341325,gateway_calibration,sweep:inference_delay=30.0,528.2975174432273,108,818.7204814686012,30.0
RR,0,491,7462300291057728315,gateway_calibration,sweep:inference_delay=30.0,554.2743807990055,102,818.7204814686012,30.0
RR,0,492,3648150288864304790,gateway_calibration,sweep:inference_delay=30.0,805.0269908429879,117,818.7204814686012,30.0
RR,0,493,5939455183901506022,gateway_calibration,sweep:inference_delay=30.0,733.1848712358325,124,818.7204814686012,30.0
RR,0,494,8156247238467660237,gateway_calibration,sweep:inference_delay=30.0,631.060987278533,118,818.7204814686012,30.0
RR,0,495,1899290733971401023,gateway_calibration,sweep:inference_delay=30.0,653.2144673950849,117,818.7204814686012,30.0
RR,0,496,5655630732912497310,gateway_calibration,sweep:inference_delay=30.0,680.6701070854629,122,818.7204814686012,30.0
RR,0,497,6112456634283222193,gateway_calibration,sweep:inference_delay=30.0,676.1845923591778,126,818.7204814686012,30.0
RR,0,498,6814992484162469007,gateway_calibration,sweep:inference_delay=30.0,656.1145683605133,111,818.7204814686012,30.0
RR,0,499,3057179899601724281,gateway_calibration,sweep:inference_delay=30.0,596.3979003694254,116,818.7204814686012,30.0
TR,0,0,4646265992310020674,gateway_calibration,sweep:inference_delay=30.0,511.131803899867,108,751.193988547413,30.0
TR,0,1,6765155795502284564,gateway_calibration,sweep:inference_delay=30.0,586.717233001426,124,751.193988547413,30.0
TR,0,2,7453771921807850673,gateway_calibration,sweep:inference_delay=30.0,601.8760013785742,106,751.193988547413,30.0
TR,0,3,6038316598693467906,gateway_calibration,sweep:inference_delay=30.0,662.870064982653,116,751.193988547413,30.0
TR,0,4,87375409844899536,gateway_calibration,sweep:inference_delay=30.0,641.3609652160251,100,751.193988547413,30.0
TR,0,5,3867315151749160842,gateway_calibration,sweep:inference_delay=30.0,581.0241711981133,106,751.193988547413,30.0
TR,0,6,1330141275000548084,gateway_calibration,sweep:inference_delay=30.0,580.1987033298101,108,751.193988547413,30.0
TR,0,7,1392756129712244324,gateway_calibration,sweep:inference_delay=30.0,689.5902293213646,131,751.193988547413,30.0
TR,0,8,4545079473340765736,gateway_calibration,sweep:inference_delay=30.0,619.4667167394506,113,751.193988547413,30.0
TR,0,9,1994119473431688354,gateway_calibration,sweep:inference_delay=30.0,762.831306604973,108,751.193988547413,30.0
TR,0,10,5772939349141306780,gateway_calibration,sweep:inference_delay=30.0,573.0062428675293,116,751.193988547413,30.0
TR,0,11,3962197278424912870,gateway_calibration,sweep:inference_delay=30.0,573.2672555986767,114,751.193988547413,30.0
TR,0,12,8716760617352384692,gateway_calibration,sweep:inference_delay=30.0,566.7196378513793,113,751.193988547413,30.0
TR,0,13,5976993202367356331,gateway_calibration,sweep:inference_delay=30.0,714.576520972031,138,751.193988547413,30.0
TR,0,14,8400180034320541813,gateway_calibration,sweep:inference_delay=30.0,609.228839404578,117,751.193988547413,30.0
TR,0,15,7414521598762149984,gateway_calibration,sweep:inference_delay=30.0,562.5033848681655,102,751.193988547413,30.0
TR,0,16,3552674009152491990,gateway_calibration,sweep:inference_delay=30.0,504.55582256056726,109,751.193988547413,30.0
TR,0,17,5754059281988686625,gateway_calibration,sweep:inference_delay=30.0,545.9901647002216,105,751.193988547413,30.0
TR,0,18,8461924849571419879,gateway_calibration,sweep:inference_delay=30.0,656.0938315720613,103,751.193988547413,30.0
TR,0,19,6727805869869070072,gateway_calibration,sweep:inference_delay=30.0,670.6605708698136,128,751.193988547413,30.0
TR,0,20,7158155539420235271,gateway_calibration,sweep:inference_delay=30.0,665.3702320520568,122,751.193988547413,30.0
TR,0,21,94603913074075851,gateway_calibration,sweep:inference_delay=30.0,513.2554783929805,115,751.193988547413,30.0
TR,0,22,8992604762254088815,gateway_calibration,sweep:inference_delay=30.0,659.307049097487,112,751.193988547413,30.0
TR,0,23,3025071593511915444,gateway_calibration,sweep:inference_delay=30.0,642.1560524424855,113,751.193988547413,30.0
TR,0,24,3840952894485000256,gateway_calibration,sweep:inference_delay=30.0,594.581568618967,111,751.193988547413,30.0
TR,0,25,4685632052503020243,gateway_calibration,sweep:inference_delay=30.0,623.9095236676992,102,751.193988547413,30.0
TR,0,26,7497727575023566203,gateway_calibration,sweep:inference_delay=30.0,654.7655811403054,123,751.193988547413,30.0
TR,0,27,5737020963048593930,gateway_calibration,sweep:inference_delay=30.0,695.5116194176107,125,751.193988547413,30.0
TR,0,28,1230579630773162259,gateway_calibration,sweep:inference_delay=30.0,777.9296805264611,137,751.193988547413,30.0
TR,0,29,8938186162844027882,gateway_calibration,sweep:inference_delay=30.0,538.9817335719968,98,751.193988547413,30.0
TR,0,30,4675362998420684775,gateway_calibration,sweep:inference_delay=30.0,827.3892063222856,141,751.193988547413,30.0
TR,0,31,4689562306761909861,gateway_calibration,sweep:inference_delay=30.0,503.1692998747917,103,751.193988547413,30.0
TR,0,32,5269847424732712504,gateway_calibration,sweep:inference_delay=30.0,688.735769708319,113,751.193988547413,30.0
TR,0,33,8884150074155183030,gateway_calibration,sweep:inference_delay=30.0,732.5807729038054,118,751.193988547413,30.0
TR,0,34,8490485793105404955,gateway_calibration,sweep:inference_delay=30.0,541.2543477736212,106,751.193988547413,30.0
TR,0,35,6981095460268886126,gateway_calibration,sweep:inference_delay=30.0,619.1337232163174,124,751.193988547413,30.0
TR,0,36,2121970874719579801,gateway_calibration,sweep:inference_delay=30.0,530.9923032337431,102,751.193988547413,30.0
TR,0,37,7351313777747861374,gateway_calibration,sweep:inference_delay=30.0,622.0776322155651,109,751.193988547413,30.0
TR,0,38,1601734457434870935,gateway_calibration,sweep:inference_delay=30.0,568.7018335297573,114,751.193988547413,30.0
TR,0,39,598359746820991698,gateway_calibration,sweep:inference_delay=30.0,664.2448403298711,112,751.193988547413,30.0
TR,0,40,4522097413488769823,gateway_calibration,sweep:inference_delay=30.0,573.1422941279467,108,751.193988547413,30.0
TR,0,41,5192691382473871712,gateway_calibration,sweep:inference_delay=30.0,464.1995290750984,110,751.193988547413,30.0
TR,0,42,1501447123648652632,gateway_calibration,sweep:inference_delay=30.0,567.992230965635,112,751.193988547413,30.0
TR,0,43,7478704903442648784,gateway_calibration,sweep:inference_delay=30.0,684.9563856825511,116,751.193988547413,30.0
TR,0,44,2991324539251773450,gateway_calibration,sweep:inference_delay=30.0,659.4123449151842,114,751.193988547413,30.0
TR,0,45,51992977886498625,gateway_calibration,sweep:inference_delay=30.0,608.5171918654814,121,751.193988547413,30.0
TR,0,46,602350704226098336,gateway_calibration,sweep:inference_delay=30.0,693.2651523163772,117,751.193988547413,30.0
TR,0,47,2644062958438999070,gateway_calibration,sweep:inference_delay=30.0,616.2146102966816,98,751.193988547413,30.0
TR,0,48,6606647839630506802,gateway_calibration,sweep:inference_delay=30.0,477.8627093222076,96,751.193988547413,30.0
TR,0,49,7107793105163264398,gateway_calibration,sweep:inference_delay=30.0,714.0870611467541,121,751.193988547413,30.0
TR,0,50,7710112521227400901,gateway_calibration,sweep:inference_delay=30.0,543.0215330539972,104,751.193988547413,30.0
TR,0,51,760960689260460686,gateway_calibration,sweep:inference_delay=30.0,674.4377901725234,110,751.193988547413,30.0
TR,0,52,8875702856464506264,gateway_calibration,sweep:inference_delay=30.0,669.6541014669951,127,751.193988547413,30.0
TR,0,53,8540639003706940458,gateway_calibration,sweep:inference_delay=30.0,635.2115693999806,137,751.193988547413,30.0
TR,0,54,2669716973981934345,gateway_calibration,sweep:inference_delay=30.0,659.4287708204893,116,751.193988547413,30.0
TR,0,55,4551041807437763755,gateway_calibration,sweep:inference_delay=30.0,688.3802127907195,117,751.193988547413,30.0
TR,0,56,6830815701440259768,gateway_calibration,sweep:inference_delay=30.0,552.191318742367,118,751.193988547413,30.0
TR,0,57,5821065030332517476,gateway_calibration,sweep:inference_delay=30.0,626.8847364837634,125,751.193988547413,30.0
TR,0,58,966272615161568068,gateway_calibration,sweep:inference_delay=30.0,559.4451537211044,117,751.193988547413,30.0
TR,0,59,3020397929596991131,gateway_calibration,sweep:inference_delay=30.0,638.5040537909156,131,751.193988547413,30.0
TR,0,60,4876673020805571348,gateway_calibration,sweep:inference_delay=30.0,620.872082073751,107,751.193988547413,30.0
TR,0,61,2127147400157427823,gateway_calibration,sweep:inference_delay=30.0,649.2097499075339,123,751.193988547413,30.0
TR,0,62,2435756484395413418,gateway_calibration,sweep:inference_delay=30.0,571.3180062975133,116,751.193988547413,30.0
TR,0,63,8156232732602260117,gateway_calibration,sweep:inference_delay=30.0,512.650889378448,97,751.193988547413,30.0
TR,0,64,2520351817144325672,gateway_calibration,sweep:inference_delay=30.0,754.177187433813,111,751.193988547413,30.0
TR,0,65,6743661996043427433,gateway_calibration,sweep:inference_delay=30.0,609.3602569986781,111,751.193988547413,30.0
TR,0,66,1930822409829630645,gateway_calibration,sweep:inference_delay=30.0,649.079704476995,123,751.193988547413,30.0
TR,0,67,828267104777247680,gateway_calibration,sweep:inference_delay=30.0,498.94924763069974,98,751.193988547413,30.0
TR,0,68,6422693838277863715,gateway_calibration,sweep:inference_delay=30.0,499.31653483410736,110,751.193988547413,30.0
TR,0,69,3215939930161602728,gateway_calibration,sweep:inference_delay=30.0,718.2983269831354,134,751.193988547413,30.0
TR,0,70,2617938025819791376,gateway_calibration,sweep:inference_delay=30.0,565.0970859521589,131,751.193988547413,30.0
TR,0,71,1878300840406119831,gateway_calibration,sweep:inference_delay=30.0,647.9046486076984,114,751.193988547413,30.0
TR,0,72,6939588787074301977,gateway_calibration,sweep:inference_delay=30.0,720.2928027713256,122,751.193988547413,30.0
TR,0,73,1591805714747674980,gateway_calibration,sweep:inference_delay=30.0,615.6590809547896,124,751.193988547413,30.0
TR,0,74,7961860350901178029,gateway_calibration,sweep:inference_delay=30.0,710.9844781932268,126,751.193988547413,30.0
TR,0,75,2145582198287218050,gateway_calibration,sweep:inference_delay=30.0,518.9684106766607,114,751.193988547413,30.0
TR,0,76,8222619686645982316,gateway_calibration,sweep:inference_delay=30.0,643.1335086876795,114,751.193988547413,30.0
TR,0,77,3017394542879048912,gateway_calibration,sweep:inference_delay=30.0,862.9505370396977,131,751.193988547413,30.0
TR,0,78,2063577142363276290,gateway_calibration,sweep:inference_delay=30.0,575.8120851883384,120,751.193988547413,30.0
TR,0,79,8723338786070204072,gateway_calibration,sweep:inference_delay=30.0,494.9552511214521,111,751.193988547413,30.0
TR,0,80,5057600791296213626,gateway_calibration,sweep:inference_delay=30.0,530.8864651578291,98,751.193988547413,30.0
TR,0,81,1729372588853315612,gateway_calibration,sweep:inference_delay=30.0,663.1904725735403,109,751.193988547413,30.0
TR,0,82,5018245115217703489,gateway_calibration,sweep:inference_delay=30.0,601.8152328344095,127,751.193988547413,30.0
TR,0,83,3841751891908091734,gateway_calibration,sweep:inference_delay=30.0,635.6309024322945,116,751.193988547413,30.0
TR,0,84,8612887648822983914,gateway_calibration,sweep:inference_delay=30.0,689.801330559983,121,751.193988547413,30.0
TR,0,85,3077172824843013576,gateway_calibration,sweep:inference_delay=30.0,490.7653246301077,99,751.193988547413,30.0
TR,0,86,9015711668469515506,gateway_calibration,sweep:inference_delay=30.0,603.8106072015781,120,751.193988547413,30.0
TR,0,87,6971598294023142201,gateway_calibration,sweep:inference_delay=30.0,556.2826719600931,115,751.193988547413,30.0
TR,0,88,3408303297398070530,gateway_calibration,sweep:inference_delay=30.0,661.5615744353713,118,751.193988547413,30.0
TR,0,89,2622369853253871202,gateway_calibration,sweep:inference_delay=30.0,706.4476395414888,128,751.193988547413,30.0
TR,0,90,4532333112924369503,gateway_calibration,sweep:inference_delay=30.0,594.5269957005557,126,751.193988547413,30.0
TR,0,91,258220235270059840,gateway_calibration,sweep:inference_delay=30.0,530.3138604710147,114,751.193988547413,30.0
TR,0,92,9121525784758303932,gateway_calibration,sweep:inference_delay=30.0,648.2575109672529,101,751.193988547413,30.0
TR,0,93,5701744002545022942,gateway_calibration,sweep:inference_delay=30.0,599.4576618881581,125,751.193988547413,30.0
TR,0,94,1283580568831957713,gateway_calibration,sweep:inference_delay=30.0,622.0217901837023,109,751.193988547413,30.0
TR,0,95,7856016468581357863,gateway_calibration,sweep:inference_delay=30.0,558.6942041350916,110,751.193988547413,30.0
TR,0,96,216823390460890009,gateway_calibration,sweep:inference_delay=30.0,544.8635497024818,108,751.193988547413,30.0
TR,0,97,1895730328899284671,gateway_calibration,sweep:inference_delay=30.0,676.0401938310662,108,751.193988547413,30.0
TR,0,98,4224515432734088430,gateway_calibration,sweep:inference_delay=30.0,648.5107593311529,120,751.193988547413,30.0
TR,0,99,3740081061938348119,gateway_calibration,sweep:inference_delay=30.0,571.8834335093911,107,751.193988547413,30.0
TR,0,100,5877148042415794253,gateway_calibration,sweep:inference_delay=30.0,541.692370786777,111,751.193988547413,30.0
TR,0,101,4520631680886790755,gateway_calibration,sweep:inference_delay=30.0,578.5526884346325,107,751.193988547413,30.0
TR,0,102,5664908341390488204,gateway_calibration,sweep:inference_delay=30.0,687.6156251419488,125,751.193988547413,30.0
TR,0,103,1148475249534458371,gateway_calibration,sweep:inference_delay=30.0,519.3853187505841,91,751.193988547413,30.0
TR,0,104,5959130271727844232,gateway_calibration,sweep:inference_delay=30.0,678.6812980703354,125,751.193988547413,30.0
TR,0,105,2650251439107955805,gateway_calibration,sweep:inference_delay=30.0,613.1214479015107,108,751.193988547413,30.0
TR,0,106,1827020857452970546,gateway_calibration,sweep:inference_delay=30.0,500.54458452213703,104,751.193988547413,30.0
TR,0,107,1560641906266634301,gateway_calibration,sweep:inference_delay=30.0,715.3513778030325,134,751.193988547413,30.0
TR,0,108,6411313234486682724,gateway_calibration,sweep:inference_delay=30.0,670.5457540615262,118,751.193988547413,30.0
TR,0,109,8955386174188834346,gateway_calibration,sweep:inference_delay=30.0,547.0276337282488,118,751.193988547413,30.0
TR,0,110,5614357387706823833,gateway_calibration,sweep:inference_delay=30.0,514.7729577971598,104,751.193988547413,30.0
TR,0,111,2976681883615342654,gateway_calibration,sweep:inference_delay=30.0,590.9804946231509,106,751.193988547413,30.0
TR,0,112,3419219193214305953,gateway_calibration,sweep:inference_delay=30.0,715.6297639074007,115,751.193988547413,30.0
TR,0,113,7427282938059462016,gateway_calibration,sweep:inference_delay=30.0,789.2858348446274,123,751.193988547413,30.0
TR,0,114,8121048096449038266,gateway_calibration,sweep:inference_delay=30.0,645.3780204248665,132,751.193988547413,30.0
TR,0,115,682591630018224747,gateway_calibration,sweep:inference_delay=30.0,610.3317927847536,115,751.193988547413,30.0
TR,0,116,2444431396807791605,gateway_calibration,sweep:inference_delay=30.0,634.6514153852472,119,751.193988547413,30.0
TR,0,117,6955382133627204735,gateway_calibration,sweep:inference_delay=30.0,729.4921905263055,127,751.193988547413,30.0
TR,0,118,5168327284209078028,gateway_calibration,sweep:inference_delay=30.0,567.2583210479606,111,751.193988547413,30.0
TR,0,119,7114250514277597616,gateway_calibration,sweep:inference_delay=30.0,633.337451924378,111,751.193988547413,30.0
TR,0,120,3004815372627659233,gateway_calibration,sweep:inference_delay=30.0,622.8534202495409,109,751.193988547413,30.0
TR,0,121,9135912503271947932,gateway_calibration,sweep:inference_delay=30.0,622.6515872560303,118,751.193988547413,30.0
TR,0,122,2843679074663455784,gateway_calibration,sweep:inference_delay=30.0,521.6556325592072,104,751.193988547413,30.0
TR,0,123,4045278044506051740,gateway_calibration,sweep:inference_delay=30.0,780.8702090099906,123,751.193988547413,30.0
TR,0,124,4383533713461277290,gateway_calibration,sweep:inference_delay=30.0,592.6038718308772,107,751.193988547413,30.0
TR,0,125,6857321391795339044,gateway_calibration,sweep:inference_delay=30.0,664.3813661078308,117,751.193988547413,30.0
TR,0,126,4205096394321614011,gateway_calibration,sweep:inference_delay=30.0,651.5333346767136,115,751.193988547413,30.0
TR,0,127,8479496891818997841,gateway_calibration,sweep:inference_delay=30.0,616.3926138395547,121,751.193988547413,30.0
TR,0,128,6107245545981797345,gateway_calibration,sweep:inference_delay=30.0,692.4539829349161,120,751.193988547413,30.0
TR,0,129,6720389799342966491,gateway_calibration,sweep:inference_delay=30.0,724.2481832851764,127,751.193988547413,30.0
TR,0,130,3927159949562397124,gateway_calibration,sweep:inference_delay=30.0,661.9711746003169,109,751.193988547413,30.0
TR,0,131,7708847031431417770,gateway_calibration,sweep:inference_delay=30.0,538.8373266907132,101,751.193988547413,30.0
TR,0,132,8825608378871468040,gateway_calibration,sweep:inference_delay=30.0,629.4701598866851,120,751.193988547413,30.0
TR,0,133,2918799264240146683,gateway_calibration,sweep:inference_delay=30.0,583.5387067940723,116,751.193988547413,30.0
TR,0,134,1017269874279829192,gateway_calibration,sweep:inference_delay=30.0,702.0239695162478,122,751.193988547413,30.0
TR,0,135,3910142960138945910,gateway_calibration,sweep:inference_delay=30.0,542.6019627287268,118,751.193988547413,30.0
TR,0,136,1288870644010112206,gateway_calibration,sweep:inference_delay=30.0,692.6658178536944,123,751.193988547413,30.0
TR,0,137,5493145724606673572,gateway_calibration,sweep:inference_delay=30.0,684.630607207651,136,751.193988547413,30.0
TR,0,138,241769254024979300,gateway_calibration,sweep:inference_delay=30.0,603.6020985956849,108,751.193988547413,30.0
TR,0,139,5382109834638413780,gateway_calibration,sweep:inference_delay=30.0,555.7415718070321,114,751.193988547413,30.0
TR,0,140,1074890892130604883,gateway_calibration,sweep:inference_delay=30.0,612.4002035884622,120,751.193988547413,30.0
TR,0,141,7641157361098671196,gateway_calibration,sweep:inference_delay=30.0,699.8809325302318,124,751.193988547413,30.0
TR,0,142,3893710544892198245,gateway_calibration,sweep:inference_delay=30.0,584.9931194342173,109,751.193988547413,30.0
TR,0,143,2251607846601896847,gateway_calibration,sweep:inference_delay=30.0,477.20331614122824,100,751.193988547413,30.0
TR,0,144,812385157254392810,gateway_calibration,sweep:inference_delay=30.0,597.9670816765735,103,751.193988547413,30.0
TR,0,145,3978003401855039101,gateway_calibration,sweep:inference_delay=30.0,790.4371753443403,132,751.193988547413,30.0
TR,0,146,5661124525621141696,gateway_calibration,sweep:inference_delay=30.0,586.6628906183121,110,751.193988547413,30.0
TR,0,147,2121086430539047594,gateway_calibration,sweep:inference_delay=30.0,652.1116117760548,124,751.193988547413,30.0
TR,0,148,4355148321066668090,gateway_calibration,sweep:inference_delay=30.0,668.0924975334417,119,751.193988547413,30.0
TR,0,149,4849992942308959342,gateway_calibration,sweep:inference_delay=30.0,650.8930712290172,131,751.193988547413,30.0
TR,0,150,8176514166266544354,gateway_calibration,sweep:inference_delay=30.0,550.4171330732454,109,751.193988547413,30.0
TR,0,151,4931749458132157138,gateway_calibration,sweep:inference_delay=30.0,489.21964441675885,105,751.193988547413,30.0
TR,0,152,2714931529421893701,gateway_calibration,sweep:inference_delay=30.0,548.2284534550344,110,751.193988547413,30.0
TR,0,153,8834835553966406635,gateway_calibration,sweep:inference_delay=30.0,570.5342947211095,110,751.193988547413,30.0
TR,0,154,401977049098510290,gateway_calibration,sweep:inference_delay=30.0,711.9077516853199,130,751.193988547413,30.0
TR,0,155,6710412327095117089,gateway_calibration,sweep:inference_delay=30.0,606.3563420733551,121,751.193988547413,30.0
TR,0,156,4890645197962199329,gateway_calibration,sweep:inference_delay=30.0,508.38870399663057,93,751.193988547413,30.0
TR,0,157,3623421088451905318,gateway_calibration,sweep:inference_delay=30.0,615.091717080652,132,751.193988547413,30.0
TR,0,158,7875400094257671955,gateway_calibration,sweep:inference_delay=30.0,525.165681161216,98,751.193988547413,30.0
TR,0,159,1777437563659334112,gateway_calibration,sweep:inference_delay=30.0,684.5541592186353,128,751.193988547413,30.0
TR,0,160,295794297308859113,gateway_calibration,sweep:inference_delay=30.0,479.49459723698544,101,751.193988547413,30.0
TR,0,161,210393235614800979,gateway_calibration,sweep:inference_delay=30.0,674.042415047493,129,751.193988547413,30.0
TR,0,162,158638677345441146,gateway_calibration,sweep:inference_delay=30.0,661.1944285676921,129,751.193988547413,30.0
TR,0,163,3754358161015692053,gateway_calibration,sweep:inference_delay=30.0,907.140202853284,136,751.193988547413,30.0
TR,0,164,5218657749178008915,gateway_calibration,sweep:inference_delay=30.0,742.3756033038898,129,751.193988547413,30.0
TR,0,165,8920886322261654043,gateway_calibration,sweep:inference_delay=30.0,608.0897884767086,116,751.193988547413,30.0
TR,0,166,4263404572926068159,gateway_calibration,sweep:inference_delay=30.0,568.4433454410107,120,751.193988547413,30.0
TR,0,167,800077641893200557,gateway_calibration,sweep:inference_delay=30.0,579.4507435356444,102,751.193988547413,30.0
TR,0,168,4359518394341173958,gateway_calibration,sweep:inference_delay=30.0,578.0776092862296,104,751.193988547413,30.0
TR,0,169,3202522181741299277,gateway_calibration,sweep:inference_delay=30.0,744.983239813675,136,751.193988547413,30.0
TR,0,170,6719874324631973411,gateway_calibration,sweep:inference_delay=30.0,575.1307142294338,101,751.193988547413,30.0
TR,0,171,6339068512459284645,gateway_calibration,sweep:inference_delay=30.0,537.1144695335753,115,751.193988547413,30.0
TR,0,172,760223797917341310,gateway_calibration,sweep:inference_delay=30.0,742.1078005622546,117,751.193988547413,30.0
TR,0,173,5375525822036562425,gateway_calibration,sweep:inference_delay=30.0,572.6441241843173,108,751.193988547413,30.0
TR,0,174,3132267554183569751,gateway_calibration,sweep:inference_delay=30.0,680.3395967760152,115,751.193988547413,30.0
TR,0,175,1991985787152931419,gateway_calibration,sweep:inference_delay=30.0,714.8967463918736,127,751.193988547413,30.0
TR,0,176,8503372633371532639,gateway_calibration,sweep:inference_delay=30.0,726.7477937115677,138,751.193988547413,30.0
TR,0,177,5167868211877881670,gateway_calibration,sweep:inference_delay=30.0,534.1573753707027,111,751.193988547413,30.0
TR,0,178,6629358058152837417,gateway_calibration,sweep:inference_delay=30.0,611.3524528022667,137,751.193988547413,30.0
TR,0,179,7263858174016185819,gateway_calibration,sweep:inference_delay=30.0,675.7695733712388,131,751.193988547413,30.0
TR,0,180,1629199908698535937,gateway_calibration,sweep:inference_delay=30.0,713.022477478322,141,751.193988547413,30.0
TR,0,181,2362324532757989324,gateway_calibration,sweep:inference_delay=30.0,613.5501798133879,122,751.193988547413,30.0
TR,0,182,3745562956007934871,gateway_calibration,sweep:inference_delay=30.0,652.247865027209,127,751.193988547413,30.0
TR,0,183,5768363639817473270,gateway_calibration,sweep:inference_delay=30.0,506.96130347675717,106,751.193988547413,30.0
TR,0,184,4935842423252634154,gateway_calibration,sweep:inference_delay=30.0,638.3273067729219,127,751.193988547413,30.0
TR,0,185,1360985820709588174,gateway_calibration,sweep:inference_delay=30.0,653.6694592508941,120,751.193988547413,30.0
TR,0,186,2456436801475330794,gateway_calibration,sweep:inference_delay=30.0,746.4423016323433,125,751.193988547413,30.0
TR,0,187,4860835594563181343,gateway_calibration,sweep:inference_delay=30.0,693.4845130224389,126,751.193988547413,30.0
TR,0,188,8505761826603536455,gateway_calibration,sweep:inference_delay=30.0,570.2256588171778,112,751.193988547413,30.0
TR,0,189,7331073423808604975,gateway_calibration,sweep:inference_delay=30.0,527.3415420857534,114,751.193988547413,30.0
TR,0,190,7835992308368740512,gateway_calibration,sweep:inference_delay=30.0,600.9186202398507,122,751.193988547413,30.0
TR,0,191,879173937891422519,gateway_calibration,sweep:inference_delay=30.0,573.4602318581178,107,751.193988547413,30.0
TR,0,192,2387479852708383181,gateway_calibration,sweep:inference_delay=30.0,591.9722832208028,107,751.193988547413,30.0
TR,0,193,1819361281975582853,gateway_calibration,sweep:inference_delay=30.0,606.8658760369651,122,751.193988547413,30.0
TR,0,194,1190982861988270275,gateway_calibration,sweep:inference_delay=30.0,684.8425202024064,122,751.193988547413,30.0
TR,0,195,7861614033661131265,gateway_calibration,sweep:inference_delay=30.0,717.8071763154813,123,751.193988547413,30.0
TR,0,196,8714403012288335030,gateway_calibration,sweep:inference_delay=30.0,658.9193844086507,119,751.193988547413,30.0
TR,0,197,5654550101799489893,gateway_calibration,sweep:inference_delay=30.0,592.9809981539289,117,751.193988547413,30.0
TR,0,198,2196859942714739045,gateway_calibration,sweep:inference_delay=30.0,600.3112412525129,107,751.193988547413,30.0
TR,0,199,5435996864006686145,gateway_calibration,sweep:inference_delay=30.0,486.9545394176129,100,751.193988547413,30.0
TR,0,200,8109473372979513335,gateway_calibration,sweep:inference_delay=30.0,573.3507162442102,125,751.193988547413,30.0
TR,0,201,6364287364262117283,gateway_calibration,sweep:inference_delay=30.0,513.5941251037958,98,751.193988547413,30.0
TR,0,202,5327348258214447244,gateway_calibration,sweep:inference_delay=30.0,510.6070470255228,113,751.193988547413,30.0
TR,0,203,7849224676499445600,gateway_calibration,sweep:inference_delay=30.0,615.2690497746257,115,751.193988547413,30.0
TR,0,204,7290634433356193872,gateway_calibration,sweep:inference_delay=30.0,682.2058970302579,121,751.193988547413,30.0
TR,0,205,3073573718320317796,gateway_calibration,sweep:inference_delay=30.0,549.6622774197673,103,751.193988547413,30.0
TR,0,206,1242968687683404514,gateway_calibration,sweep:inference_delay=30.0,544.5549418766587,112,751.193988547413,30.0
TR,0,207,8243763334577973241,gateway_calibration,sweep:inference_delay=30.0,639.341973005701,121,751.193988547413,30.0
TR,0,208,900452907831589120,gateway_calibration,sweep:inference_delay=30.0,637.1805334351825,124,751.193988547413,30.0
TR,0,209,9091822341567882835,gateway_calibration,sweep:inference_delay=30.0,594.7918460921334,111,751.193988547413,30.0
TR,0,210,1911815028291047721,gateway_calibration,sweep:inference_delay=30.0,689.4300727352513,116,751.193988547413,30.0
TR,0,211,7737013643693324802,gateway_calibration,sweep:inference_delay=30.0,606.408761818112,120,751.193988547413,30.0
TR,0,212,6236317256592065185,gateway_calibration,sweep:inference_delay=30.0,655.116314974344,125,751.193988547413,30.0
TR,0,213,5173272943326907382,gateway_calibration,sweep:inference_delay=30.0,562.6775366895009,115,751.193988547413,30.0
TR,0,214,3924791073772412383,gateway_calibration,sweep:inference_delay=30.0,510.40025490461426,111,751.193988547413,30.0
TR,0,215,287428934551584555,gateway_calibration,sweep:inference_delay=30.0,689.9111796963658,109,751.193988547413,30.0
TR,0,216,627355807551774010,gateway_calibration,sweep:inference_delay=30.0,723.0134084729658,114,751.193988547413,30.0
TR,0,217,846378909816816577,gateway_calibration,sweep:inference_delay=30.0,483.57060753332024,107,751.193988547413,30.0
TR,0,218,6766318448526319023,gateway_calibration,sweep:inference_delay=30.0,658.7055456064082,112,751.193988547413,30.0
TR,0,219,5919123392613299828,gateway_calibration,sweep:inference_delay=30.0,678.920162736642,114,751.193988547413,30.0
TR,0,220,6147384710213884205,gateway_calibration,sweep:inference_delay=30.0,694.5382191064107,136,751.193988547413,30.0
TR,0,221,8817267800962143768,gateway_calibration,sweep:inference_delay=30.0,560.5838430979512,116,751.193988547413,30.0
TR,0,222,2493444765615338520,gateway_calibration,sweep:inference_delay=30.0,725.8660442946685,128,751.193988547413,30.0
TR,0,223,9190904087936903515,gateway_calibration,sweep:inference_delay=30.0,598.7900912068741,113,751.193988547413,30.0
TR,0,224,327480844210864172,gateway_calibration,sweep:inference_delay=30.0,698.8830287528552,124,751.193988547413,30.0
TR,0,225,7128256575032042118,gateway_calibration,sweep:inference_delay=30.0,636.2126921853036,114,751.193988547413,30.0
TR,0,226,7714947406002411712,gateway_calibration,sweep:inference_delay=30.0,877.7070141882889,135,751.193988547413,30.0
TR,0,227,5672732801933068916,gateway_calibration,sweep:inference_delay=30.0,698.8374059136605,122,751.193988547413,30.0
TR,0,228,7644612379164663017,gateway_calibration,sweep:inference_delay=30.0,602.3489517969306,108,751.193988547413,30.0
TR,0,229,1228180816625496130,gateway_calibration,sweep:inference_delay=30.0,671.718883249875,111,751.193988547413,30.0
TR,0,230,7963446408193291116,gateway_calibration,sweep:inference_delay=30.0,531.7839668547105,99,751.193988547413,30.0
TR,0,231,4923445759509201582,gateway_calibration,sweep:inference_delay=30.0,679.3664430522679,101,751.193988547413,30.0
TR,0,232,4706577674447388338,gateway_calibration,sweep:inference_delay=30.0,538.6484289848621,106,751.193988547413,30.0
TR,0,233,2416101542385063936,gateway_calibration,sweep:inference_delay=30.0,599.9733169788589,122,751.193988547413,30.0
TR,0,234,1369867880269492046,gateway_calibration,sweep:inference_delay=30.0,507.7608322098673,108,751.193988547413,30.0
TR,0,235,1719649097786723627,gateway_calibration,sweep:inference_delay=30.0,633.464367208718,113,751.193988547413,30.0
TR,0,236,6761222530280894932,gateway_calibration,sweep:inference_delay=30.0,569.6405298427193,114,751.193988547413,30.0
TR,0,237,9208491546445881206,gateway_calibration,sweep:inference_delay=30.0,533.1817299071135,113,751.193988547413,30.0
TR,0,238,1715586102904176211,gateway_calibration,sweep:inference_delay=30.0,590.0110117311394,118,751.193988547413,30.0
TR,0,239,1984229692596023437,gateway_calibration,sweep:inference_delay=30.0,600.8575584574754,115,751.193988547413,30.0
TR,0,240,4628473179160689013,gateway_calibration,sweep:inference_delay=30.0,608.5318783090956,113,751.193988547413,30.0
TR,0,241,8439075655841347094,gateway_calibration,sweep:inference_delay=30.0,649.6548001140962,106,751.193988547413,30.0
TR,0,242,2433581766598208836,gateway_calibration,sweep:inference_delay=30.0,719.7185620261989,119,751.193988547413,30.0
TR,0,243,6995727156132924337,gateway_calibration,sweep:inference_delay=30.0,590.7594518880112,118,751.193988547413,30.0
TR,0,244,2568757412310833002,gateway_calibration,sweep:inference_delay=30.0,714.0221342969293,106,751.193988547413,30.0
TR,0,245,1403336540043224207,gateway_calibration,sweep:inference_delay=30.0,733.2204725835235,135,751.193988547413,30.0
TR,0,246,630790940037585381,gateway_calibration,sweep:inference_delay=30.0,608.399900774586,110,751.193988547413,30.0
TR,0,247,7242103166925192518,gateway_calibration,sweep:inference_delay=30.0,569.7067838086576,116,751.193988547413,30.0
TR,0,248,531624271325835990,gateway_calibration,sweep:inference_delay=30.0,680.4454412079199,119,751.193988547413,30.0
TR,0,249,1088702076464491823,gateway_calibration,sweep:inference_delay=30.0,797.2934799152514,136,751.193988547413,30.0
TR,0,250,7087237810224659604,gateway_calibration,sweep:inference_delay=30.0,619.1392449378346,111,751.193988547413,30.0
TR,0,251,7515660863153710059,gateway_calibration,sweep:inference_delay=30.0,576.8065245972012,116,751.193988547413,30.0
TR,0,252,6658260585676008030,gateway_calibration,sweep:inference_delay=30.0,688.6521368048616,110,751.193988547413,30.0
TR,0,253,1175197585439484695,gateway_calibration,sweep:inference_delay=30.0,661.474002761274,115,751.193988547413,30.0
TR,0,254,5534205900655622182,gateway_calibration,sweep:inference_delay=30.0,621.8753966769106,111,751.193988547413,30.0
TR,0,255,675414098306511793,gateway_calibration,sweep:inference_delay=30.0,588.8206710983108,97,751.193988547413,30.0
TR,0,256,7775371437984102243,gateway_calibration,sweep:inference_delay=30.0,652.4974759788485,110,751.193988547413,30.0
TR,0,257,4855772479761260082,gateway_calibration,sweep:inference_delay=30.0,670.6007465053007,124,751.193988547413,30.0
TR,0,258,4829388874310392223,gateway_calibration,sweep:inference_delay=30.0,523.3174232701224,110,751.193988547413,30.0
TR,0,259,3021541178235323378,gateway_calibration,sweep:inference_delay=30.0,597.6654126834748,109,751.193988547413,30.0
TR,0,260,6375880895612902738,gateway_calibration,sweep:inference_delay=30.0,467.1577798898111,101,751.193988547413,30.0
TR,0,261,5579565486230563812,gateway_calibration,sweep:inference_delay=30.0,505.9828696089163,98,751.193988547413,30.0
TR,0,262,8441092364334721167,gateway_calibration,sweep:inference_delay=30.0,623.2098369493475,105,751.193988547413,30.0
TR,0,263,8435499192358502610,gateway_calibration,sweep:inference_delay=30.0,590.4126812163548,114,751.193988547413,30.0
TR,0,264,6804064178662423748,gateway_calibration,sweep:inference_delay=30.0,605.2778868332035,108,751.193988547413,30.0
TR,0,265,8569847838464667562,gateway_calibration,sweep:inference_delay=30.0,552.0908036758744,119,751.193988547413,30.0
TR,0,266,5120606081560907159,gateway_calibration,sweep:inference_delay=30.0,617.161328015674,120,751.193988547413,30.0
TR,0,267,5207262382818439031,gateway_calibration,sweep:inference_delay=30.0,681.6520420491554,114,751.193988547413,30.0
TR,0,268,3442292112640223841,gateway_calibration,sweep:inference_delay=30.0,593.1771802287225,114,751.193988547413,30.0
TR,0,269,5818996211091326253,gateway_calibration,sweep:inference_delay=30.0,596.740441548606,103,751.193988547413,30.0
TR,0,270,6764198380445265401,gateway_calibration,sweep:inference_delay=30.0,540.8401602872723,102,751.193988547413,30.0
TR,0,271,2814387925985499749,gateway_calibration,sweep:inference_delay=30.0,613.8049230685508,122,751.193988547413,30.0
TR,0,272,163544811853512893,gateway_calibration,sweep:inference_delay=30.0,558.7180908286902,105,751.193988547413,30.0
TR,0,273,5249539880746800401,gateway_calibration,sweep:inference_delay=30.0,609.5760190311433,109,751.193988547413,30.0
TR,0,274,3813367517673736119,gateway_calibration,sweep:inference_delay=30.0,586.3943467576938,117,751.193988547413,30.0
TR,0,275,1259670189834288748,gateway_calibration,sweep:inference_delay=30.0,605.6210218899921,121,751.193988547413,30.0
TR,0,276,8410598137000833641,gateway_calibration,sweep:inference_delay=30.0,630.4374602766475,123,751.193988547413,30.0
TR,0,277,1185151382987079039,gateway_calibration,sweep:inference_delay=30.0,526.0219718920202,93,751.193988547413,30.0
TR,0,278,5397428248508408359,gateway_calibration,sweep:inference_delay=30.0,636.8839143684588,126,751.193988547413,30.0
TR,0,279,5998957008792425662,gateway_calibration,sweep:inference_delay=30.0,595.6268034781683,125,751.193988547413,30.0
TR,0,280,2089131610951051531,gateway_calibration,sweep:inference_delay=30.0,599.0599539173272,112,751.193988547413,30.0
TR,0,281,2012755443966374785,gateway_calibration,sweep:inference_delay=30.0,734.1509710895383,124,751.193988547413,30.0
TR,0,282,2114597933973768864,gateway_calibration,sweep:inference_delay=30.0,622.9862717651987,121,751.193988547413,30.0
TR,0,283,8831878129511333025,gateway_calibration,sweep:inference_delay=30.0,736.5269916298763,122,751.193988547413,30.0
TR,0,284,6987438354251427288,gateway_calibration,sweep:inference_delay=30.0,543.1718469847536,106,751.193988547413,30.0
TR,0,285,8054880921775618110,gateway_calibration,sweep:inference_delay=30.0,488.2611967836134,94,751.193988547413,30.0
TR,0,286,999695391193574422,gateway_calibration,sweep:inference_delay=30.0,593.2649883629548,108,751.193988547413,30.0
TR,0,287,892170020453467268,gateway_calibration,sweep:inference_delay=30.0,619.6530210448941,100,751.193988547413,30.0
TR,0,288,6498345339573010197,gateway_calibration,sweep:inference_delay=30.0,722.3644645295828,121,751.193988547413,30.0
TR,0,289,4469973512306689967,gateway_calibration,sweep:inference_delay=30.0,537.9479032358589,93,751.193988547413,30.0
TR,0,290,6145075238160613470,gateway_calibration,sweep:inference_delay=30.0,556.1116412392478,131,751.193988547413,30.0
TR,0,291,7343731827567482166,gateway_calibration,sweep:inference_delay=30.0,669.0175590452461,130,751.193988547413,30.0
TR,0,292,7207404045751536361,gateway_calibration,sweep:inference_delay=30.0,541.3696971938798,112,751.193988547413,30.0
TR,0,293,6326546302111431267,gateway_calibration,sweep:inference_delay=30.0,584.8822637332322,101,751.193988547413,30.0
TR,0,294,7307030084760122045,gateway_calibration,sweep:inference_delay=30.0,668.9908051878439,105,751.193988547413,30.0
TR,0,295,1579854418888006766,gateway_calibration,sweep:inference_delay=30.0,626.8613681272823,121,751.193988547413,30.0
TR,0,296,8536628755610221125,gateway_calibration,sweep:inference_delay=30.0,803.6279503976538,130,751.193988547413,30.0
TR,0,297,5855263497734871592,gateway_calibration,sweep:inference_delay=30.0,547.7872000293106,113,751.193988547413,30.0
TR,0,298,1792559488456258481,gateway_calibration,sweep:inference_delay=30.0,570.4268462751929,112,751.193988547413,30.0
TR,0,299,8049580192305164843,gateway_calibration,sweep:inference_delay=30.0,761.1072338175782,129,751.193988547413,30.0
TR,0,300,6198720795388793523,gateway_calibration,sweep:inference_delay=30.0,619.4685918806339,117,751.193988547413,30.0
TR,0,301,955614989788427435,gateway_calibration,sweep:inference_delay=30.0,633.6627605865809,116,751.193988547413,30.0
TR,0,302,7628500191118833262,gateway_calibration,sweep:inference_delay=30.0,507.9117720369392,101,751.193988547413,30.0
TR,0,303,6074602968274594591,gateway_calibration,sweep:inference_delay=30.0,575.526344340696,107,751.193988547413,30.0
TR,0,304,1080467180128978309,gateway_calibration,sweep:inference_delay=30.0,613.0769788199342,127,751.193988547413,30.0
TR,0,305,4950941931779226754,gateway_calibration,sweep:inference_delay=30.0,628.7660731940714,132,751.193988547413,30.0
TR,0,306,735371492720512407,gateway_calibration,sweep:inference_delay=30.0,735.8078654703492,128,751.193988547413,30.0
TR,0,307,3752354279933834363,gateway_calibration,sweep:inference_delay=30.0,637.0132866327625,120,751.193988547413,30.0
TR,0,308,8859474702215683466,gateway_calibration,sweep:inference_delay=30.0,625.3351415698601,110,751.193988547413,30.0
TR,0,309,1406307472094146112,gateway_calibration,sweep:inference_delay=30.0,610.2132388312159,118,751.193988547413,30.0
TR,0,310,2647644007311650294,gateway_calibration,sweep:inference_delay=30.0,558.6920979686619,95,751.193988547413,30.0
TR,0,311,6198766878795138347,gateway_calibration,sweep:inference_delay=30.0,635.3306272499975,113,751.193988547413,30.0
TR,0,312,1087423144175922732,gateway_calibration,sweep:inference_delay=30.0,686.6142651661,122,751.193988547413,30.0
TR,0,313,6355807458236973872,gateway_calibration,sweep:inference_delay=30.0,664.498138140033,107,751.193988547413,30.0
TR,0,314,7301325227001219296,gateway_calibration,sweep:inference_delay=30.0,744.752310009792,109,751.193988547413,30.0
TR,0,315,6876919181157572195,gateway_calibration,sweep:inference_delay=30.0,837.3632935838598,137,751.193988547413,30.0
TR,0,316,8421298549038886963,gateway_calibration,sweep:inference_delay=30.0,693.6976078498577,129,751.193988547413,30.0
TR,0,317,2490896537666272156,gateway_calibration,sweep:inference_delay=30.0,574.4656223136269,108,751.193988547413,30.0
TR,0,318,7270920481051876257,gateway_calibration,sweep:inference_delay=30.0,572.2570064454394,112,751.193988547413,30.0
TR,0,319,6960784023868008789,gateway_calibration,sweep:inference_delay=30.0,652.5906227145905,139,751.193988547413,30.0
TR,0,320,5545754432117480532,gateway_calibration,sweep:inference_delay=30.0,468.4239809037347,92,751.193988547413,30.0
TR,0,321,578390938685017941,gateway_calibration,sweep:inference_delay=30.0,651.5768488784703,135,751.193988547413,30.0
TR,0,322,7383515654249746266,gateway_calibration,sweep:inference_delay=30.0,566.5997215799897,91,751.193988547413,30.0
TR,0,323,6142601005104639093,gateway_calibration,sweep:inference_delay=30.0,536.6663323118134,111,751.193988547413,30.0
TR,0,324,8495920089238598724,gateway_calibration,sweep:inference_delay=30.0,536.7517770516447,104,751.193988547413,30.0
TR,0,325,6854650115340109561,gateway_calibration,sweep:inference_delay=30.0,627.6664750799077,114,751.193988547413,30.0
TR,0,326,8928683183009620738,gateway_calibration,sweep:inference_delay=30.0,798.7112527468138,121,751.193988547413,30.0
TR,0,327,2666580511981378890,gateway_calibration,sweep:inference_delay=30.0,661.8347563713356,115,751.193988547413,30.0
TR,0,328,2494307082954553179,gateway_calibration,sweep:inference_delay=30.0,657.3548873942067,124,751.193988547413,30.0
TR,0,329,3666315322142078229,gateway_calibration,sweep:inference_delay=30.0,485.8806326571575,110,751.193988547413,30.0
TR,0,330,7704187437627028487,gateway_calibration,sweep:inference_delay=30.0,625.3446442993934,107,751.193988547413,30.0
TR,0,331,3431336093909338017,gateway_calibration,sweep:inference_delay=30.0,579.3035625748576,108,751.193988547413,30.0
TR,0,332,2079006404624295292,gateway_calibration,sweep:inference_delay=30.0,579.1804310734835,119,751.193988547413,30.0
TR,0,333,7574275676032283702,gateway_calibration,sweep:inference_delay=30.0,625.440321427381,103,751.193988547413,30.0
TR,0,334,8071057027304536181,gateway_calibration,sweep:inference_delay=30.0,623.9683080773832,120,751.193988547413,30.0
TR,0,335,6367645851811828917,gateway_calibration,sweep:inference_delay=30.0,655.2287676899659,111,751.193988547413,30.0
TR,0,336,5649927572993911748,gateway_calibration,sweep:inference_delay=30.0,584.6998277414147,112,751.193988547413,30.0
TR,0,337,2021955138078522011,gateway_calibration,sweep:inference_delay=30.0,622.555035664736,123,751.193988547413,30.0
TR,0,338,2024557761289031430,gateway_calibration,sweep:inference_delay=30.0,722.8082098995387,126,751.193988547413,30.0
TR,0,339,8391778338976191094,gateway_calibration,sweep:inference_delay=30.0,632.7102478983525,105,751.193988547413,30.0
TR,0,340,4441762986505142260,gateway_calibration,sweep:inference_delay=30.0,579.9324409890247,96,751.193988547413,30.0
TR,0,341,3908519603221341037,gateway_calibration,sweep:inference_delay=30.0,749.0713139228759,126,751.193988547413,30.0
TR,0,342,4757892652450559695,gateway_calibration,sweep:inference_delay=30.0,608.7865184858305,124,751.193988547413,30.0
TR,0,343,9218031426779920414,gateway_calibration,sweep:inference_delay=30.0,648.9076232580002,122,751.193988547413,30.0
TR,0,344,6608496275771042444,gateway_calibration,sweep:inference_delay=30.0,583.9769161026683,117,751.193988547413,30.0
TR,0,345,8927583166079033125,gateway_calibration,sweep:inference_delay=30.0,530.0429486737098,110,751.193988547413,30.0
TR,0,346,7637156928916779355,gateway_calibration,sweep:inference_delay=30.0,620.8937588710925,117,751.193988547413,30.0
TR,0,347,6078774153310868919,gateway_calibration,sweep:inference_delay=30.0,579.2871884843104,105,751.193988547413,30.0
TR,0,348,4994721355660344940,gateway_calibration,sweep:inference_delay=30.0,553.6571938264462,115,751.193988547413,30.0
TR,0,349,1961467710134892616,gateway_calibration,sweep:inference_delay=30.0,601.7183245104959,107,751.193988547413,30.0
TR,0,350,5467901253939351455,gateway_calibration,sweep:inference_delay=30.0,701.531126747999,123,751.193988547413,30.0
TR,0,351,271397199629971332,gateway_calibration,sweep:inference_delay=30.0,611.8248768473136,129,751.193988547413,30.0
TR,0,352,8457529201520244396,gateway_calibration,sweep:inference_delay=30.0,627.4525615694262,115,751.193988547413,30.0
TR,0,353,5244532571252578043,gateway_calibration,sweep:inference_delay=30.0,626.335794128311,107,751.193988547413,30.0
TR,0,354,6701216595509231687,gateway_calibration,sweep:inference_delay=30.0,565.3676531142767,121,751.193988547413,30.0
TR,0,355,7252467179907006431,gateway_calibration,sweep:inference_delay=30.0,590.2374779236864,127,751.193988547413,30.0
TR,0,356,7600155370378975843,gateway_calibration,sweep:inference_delay=30.0,681.1540810801141,120,751.193988547413,30.0
TR,0,357,7188570311301188523,gateway_calibration,sweep:inference_delay=30.0,666.9068780484074,118,751.193988547413,30.0
TR,0,358,899839965395490991,gateway_calibration,sweep:inference_delay=30.0,556.0229112356204,114,751.193988547413,30.0
TR,0,359,4529485095654123259,gateway_calibration,sweep:inference_delay=30.0,745.6032035863049,127,751.193988547413,30.0
TR,0,360,4246772202831402071,gateway_calibration,sweep:inference_delay=30.0,584.814309465918,123,751.193988547413,30.0
TR,0,361,7506670321490705116,gateway_calibration,sweep:inference_delay=30.0,579.8384026005659,112,751.193988547413,30.0
TR,0,362,5636881837604743653,gateway_calibration,sweep:inference_delay=30.0,687.0790246078561,112,751.193988547413,30.0
TR,0,363,3107613976478440407,gateway_calibration,sweep:inference_delay=30.0,551.4847384331856,100,751.193988547413,30.0
TR,0,364,8913804890067057616,gateway_calibration,sweep:inference_delay=30.0,563.5983611823043,112,751.193988547413,30.0
TR,0,365,2655170043071824236,gateway_calibration,sweep:inference_delay=30.0,562.5748854148519,103,751.193988547413,30.0
TR,0,366,4064252743024866844,gateway_calibration,sweep:inference_delay=30.0,654.1054809257629,105,751.193988547413,30.0
TR,0,367,5013065536133229117,gateway_calibration,sweep:inference_delay=30.0,572.5280963355101,115,751.193988547413,30.0
TR,0,368,2606026746748543590,gateway_calibration,sweep:inference_delay=30.0,540.1604192430624,92,751.193988547413,30.0
TR,0,369,3215402251315620287,gateway_calibration,sweep:inference_delay=30.0,520.8431859494951,117,751.193988547413,30.0
TR,0,370,2823809376126412825,gateway_calibration,sweep:inference_delay=30.0,633.7801675272525,128,751.193988547413,30.0
TR,0,371,303192265926455832,gateway_calibration,sweep:inference_delay=30.0,533.4945359290973,107,751.193988547413,30.0
TR,0,372,1584730525549035275,gateway_calibration,sweep:inference_delay=30.0,712.2233171686937,127,751.193988547413,30.0
TR,0,373,2935914490827011525,gateway_calibration,sweep:inference_delay=30.0,622.0792196179302,101,751.193988547413,30.0
TR,0,374,5509642428993810529,gateway_calibration,sweep:inference_delay=30.0,665.6356765789383,112,751.193988547413,30.0
TR,0,375,8484554096922988201,gateway_calibration,sweep:inference_delay=30.0,590.9222754139828,107,751.193988547413,30.0
TR,0,376,4257268852589804336,gateway_calibration,sweep:inference_delay=30.0,643.9684039159738,133,751.193988547413,30.0
TR,0,377,6670162613854771348,gateway_calibration,sweep:inference_delay=30.0,558.8681972578082,114,751.193988547413,30.0
TR,0,378,6185183152939789382,gateway_calibration,sweep:inference_delay=30.0,593.2510541911124,115,751.193988547413,30.0
TR,0,379,5000450140733182030,gateway_calibration,sweep:inference_delay=30.0,574.6762146238657,111,751.193988547413,30.0
TR,0,380,4854349973725077328,gateway_calibration,sweep:inference_delay=30.0,697.2412261719122,105,751.193988547413,30.0
TR,0,381,4270702952115561767,gateway_calibration,sweep:inference_delay=30.0,676.2502599245133,123,751.193988547413,30.0
TR,0,382,7110795181948128030,gateway_calibration,sweep:inference_delay=30.0,533.2639087413205,111,751.193988547413,30.0
TR,0,383,4274613646144481416,gateway_calibration,sweep:inference_delay=30.0,565.2100631550792,118,751.193988547413,30.0
TR,0,384,1175193649311241253,gateway_calibration,sweep:inference_delay=30.0,666.5588146257429,110,751.193988547413,30.0
TR,0,385,6235064914419757477,gateway_calibration,sweep:inference_delay=30.0,563.7839259951803,106,751.193988547413,30.0
TR,0,386,4140817241154620066,gateway_calibration,sweep:inference_delay=30.0,734.3708095628557,125,751.193988547413,30.0
TR,0,387,7755141881615399150,gateway_calibration,sweep:inference_delay=30.0,672.9063146449907,130,751.193988547413,30.0
TR,0,388,4718524044314119930,gateway_calibration,sweep:inference_delay=30.0,634.5837816728068,118,751.193988547413,30.0
TR,0,389,256806395564619024,gateway_calibration,sweep:inference_delay=30.0,646.2351669808234,109,751.193988547413,30.0
TR,0,390,2967534867083132435,gateway_calibration,sweep:inference_delay=30.0,692.7101706116385,118,751.193988547413,30.0
TR,0,391,7559290969552812518,gateway_calibration,sweep:inference_delay=30.0,635.3483348346875,122,751.193988547413,30.0
TR,0,392,7199857580642039448,gateway_calibration,sweep:inference_delay=30.0,562.3562165344581,120,751.193988547413,30.0
TR,0,393,4135059324619606430,gateway_calibration,sweep:inference_delay=30.0,651.136430918762,120,751.193988547413,30.0
TR,0,394,964553282996356321,gateway_calibration,sweep:inference_delay=30.0,522.7491505065169,94,751.193988547413,30.0
TR,0,395,5688549830873665172,gateway_calibration,sweep:inference_delay=30.0,560.3275058496877,117,751.193988547413,30.0
TR,0,396,2742944463439999118,gateway_calibration,sweep:inference_delay=30.0,794.411556764287,135,751.193988547413,30.0
TR,0,397,6036923917444201846,gateway_calibration,sweep:inference_delay=30.0,619.0890157068211,127,751.193988547413,30.0
TR,0,398,5900348103519392260,gateway_calibration,sweep:inference_delay=30.0,710.5097163094656,119,751.193988547413,30.0
TR,0,399,46625716833458906,gateway_calibration,sweep:inference_delay=30.0,480.5929030570968,107,751.193988547413,30.0
TR,0,400,6489892115188660923,gateway_calibration,sweep:inference_delay=30.0,615.0958373153021,119,751.193988547413,30.0
TR,0,401,5795169598857803676,gateway_calibration,sweep:inference_delay=30.0,550.2996087762066,109,751.193988547413,30.0
TR,0,402,1728690982080054500,gateway_calibration,sweep:inference_delay=30.0,578.2593650911583,111,751.193988547413,30.0
TR,0,403,957054645357889878,gateway_calibration,sweep:inference_delay=30.0,723.5672953832564,104,751.193988547413,30.0
TR,0,404,5622523196459989414,gateway_calibration,sweep:inference_delay=30.0,592.9150763046235,127,751.193988547413,30.0
TR,0,405,7353664619293741967,gateway_calibration,sweep:inference_delay=30.0,564.8783140286604,121,751.193988547413,30.0
TR,0,406,7787306155568069295,gateway_calibration,sweep:inference_delay=30.0,523.9079434351288,108,751.193988547413,30.0
TR,0,407,7175500333818067788,gateway_calibration,sweep:inference_delay=30.0,725.2551749796482,119,751.193988547413,30.0
TR,0,408,275501755791803357,gateway_calibration,sweep:inference_delay=30.0,572.7348280437734,115,751.193988547413,30.0
TR,0,409,6951722889221050632,gateway_calibration,sweep:inference_delay=30.0,515.7578569358031,112,751.193988547413,30.0
TR,0,410,8002092289136592373,gateway_calibration,sweep:inference_delay=30.0,702.8156428806872,118,751.193988547413,30.0
TR,0,411,7363935075263491028,gateway_calibration,sweep:inference_delay=30.0,552.3263009373935,96,751.193988547413,30.0
TR,0,412,7968924026301667953,gateway_calibration,sweep:inference_delay=30.0,608.8394650093012,112,751.193988547413,30.0
TR,0,413,7545488451379664747,gateway_calibration,sweep:inference_delay=30.0,778.3116844301305,103,751.193988547413,30.0
TR,0,414,5596007191922688360,gateway_calibration,sweep:inference_delay=30.0,742.5198225837057,113,751.193988547413,30.0
TR,0,415,4049363140446211452,gateway_calibration,sweep:inference_delay=30.0,485.6787610177239,102,751.193988547413,30.0
TR,0,416,2184506667619083899,gateway_calibration,sweep:inference_delay=30.0,603.6965853380165,128,751.193988547413,30.0
TR,0,417,7762221911486373642,gateway_calibration,sweep:inference_delay=30.0,823.3936536344936,120,751.193988547413,30.0
TR,0,418,5158135931629161667,gateway_calibration,sweep:inference_delay=30.0,602.5993709742472,112,751.193988547413,30.0
TR,0,419,52346328105066511,gateway_calibration,sweep:inference_delay=30.0,699.847575928246,116,751.193988547413,30.0
TR,0,420,5373309781631019420,gateway_calibration,sweep:inference_delay=30.0,690.0957440694432,117,751.193988547413,30.0
TR,0,421,8092294721217228179,gateway_calibration,sweep:inference_delay=30.0,589.6000544746713,98,751.193988547413,30.0
TR,0,422,5178508996823040531,gateway_calibration,sweep:inference_delay=30.0,571.0617013833869,109,751.193988547413,30.0
TR,0,423,1562676647918410293,gateway_calibration,sweep:inference_delay=30.0,538.5283606648624,118,751.193988547413,30.0
TR,0,424,9055763048706054433,gateway_calibration,sweep:inference_delay=30.0,613.9775171608777,104,751.193988547413,30.0
TR,0,425,5189157828795636189,gateway_calibration,sweep:inference_delay=30.0,593.5514251741336,102,751.193988547413,30.0
TR,0,426,492073757527802933,gateway_calibration,sweep:inference_delay=30.0,594.1912421980667,118,751.193988547413,30.0
TR,0,427,2707720079155108067,gateway_calibration,sweep:inference_delay=30.0,751.9386697802155,109,751.193988547413,30.0
TR,0,428,70626367624259656,gateway_calibration,sweep:inference_delay=30.0,632.5825359221735,110,751.193988547413,30.0
TR,0,429,3322764984317674927,gateway_calibration,sweep:inference_delay=30.0,594.1450027619148,111,751.193988547413,30.0
TR,0,430,6828799096803249627,gateway_calibration,sweep:inference_delay=30.0,595.543144785927,124,751.193988547413,30.0
TR,0,431,7103185765657345385,gateway_calibration,sweep:inference_delay=30.0,601.8831148044684,119,751.193988547413,30.0
TR,0,432,1517529795678806380,gateway_calibration,sweep:inference_delay=30.0,516.554238738463,115,751.193988547413,30.0
TR,0,433,6478143195563442386,gateway_calibration,sweep:inference_delay=30.0,790.4031990674167,130,751.193988547413,30.0
TR,0,434,6804272919124092433,gateway_calibration,sweep:inference_delay=30.0,690.1290699349443,117,751.193988547413,30.0
TR,0,435,3206830044036959689,gateway_calibration,sweep:inference_delay=30.0,666.7145459365581,123,751.193988547413,30.0
TR,0,436,6924176249823088469,gateway_calibration,sweep:inference_delay=30.0,619.1849688128194,107,751.193988547413,30.0
TR,0,437,2311676907736431243,gateway_calibration,sweep:inference_delay=30.0,586.5720957351114,110,751.193988547413,30.0
TR,0,438,3755782677570363045,gateway_calibration,sweep:inference_delay=30.0,612.6458405699632,129,751.193988547413,30.0
TR,0,439,3574674151854983981,gateway_calibration,sweep:inference_delay=30.0,603.3942339006176,114,751.193988547413,30.0
TR,0,440,3021862850084846513,gateway_calibration,sweep:inference_delay=30.0,624.5526475611913,116,751.193988547413,30.0
TR,0,441,6999284532610422846,gateway_calibration,sweep:inference_delay=30.0,693.4412619417293,107,751.193988547413,30.0
TR,0,442,4745343097296423792,gateway_calibration,sweep:inference_delay=30.0,658.0042538012269,112,751.193988547413,30.0
TR,0,443,1797908705536911566,gateway_calibration,sweep:inference_delay=30.0,484.02349681059974,113,751.193988547413,30.0
TR,0,444,6123533151110003122,gateway_calibration,sweep:inference_delay=30.0,793.7336835640708,105,751.193988547413,30.0
TR,0,445,5779475354917440195,gateway_calibration,sweep:inference_delay=30.0,742.7871960595209,126,751.193988547413,30.0
TR,0,446,2098053745439339073,gateway_calibration,sweep:inference_delay=30.0,625.9950174078863,122,751.193988547413,30.0
TR,0,447,359553717262825138,gateway_calibration,sweep:inference_delay=30.0,607.5032914484658,122,751.193988547413,30.0
TR,0,448,4592254995210996458,gateway_calibration,sweep:inference_delay=30.0,706.4126189066719,120,751.193988547413,30.0
TR,0,449,390204392259427951,gateway_calibration,sweep:inference_delay=30.0,588.9200779114238,125,751.193988547413,30.0
TR,0,450,8727222639608309888,gateway_calibration,sweep:inference_delay=30.0,653.994355483445,119,751.193988547413,30.0
TR,0,451,5528287922250905348,gateway_calibration,sweep:inference_delay=30.0,469.2624128116508,107,751.193988547413,30.0
TR,0,452,2511167253364624542,gateway_calibration,sweep:inference_delay=30.0,751.4814413462964,130,751.193988547413,30.0
TR,0,453,5784633412525403130,gateway_calibration,sweep:inference_delay=30.0,745.2403481296678,142,751.193988547413,30.0
TR,0,454,5239507317027829728,gateway_calibration,sweep:inference_delay=30.0,726.4696237557746,114,751.193988547413,30.0
TR,0,455,1003879602242186991,gateway_calibration,sweep:inference_delay=30.0,553.2100502401548,114,751.193988547413,30.0
TR,0,456,2878233962541237610,gateway_calibration,sweep:inference_delay=30.0,714.7718078219837,137,751.193988547413,30.0
TR,0,457,5693181612197541503,gateway_calibration,sweep:inference_delay=30.0,729.9330692447523,130,751.193988547413,30.0
TR,0,458,2336266484248827902,gateway_calibration,sweep:inference_delay=30.0,785.429200006888,122,751.193988547413,30.0
TR,0,459,2316486004334876346,gateway_calibration,sweep:inference_delay=30.0,531.1236176942721,109,751.193988547413,30.0
TR,0,460,475935033932666608,gateway_calibration,sweep:inference_delay=30.0,555.4936076193628,107,751.193988547413,30.0
TR,0,461,1057320417739480016,gateway_calibration,sweep:inference_delay=30.0,611.8159481972469,132,751.193988547413,30.0
TR,0,462,2519027733185444071,gateway_calibration,sweep:inference_delay=30.0,674.4799621724013,110,751.193988547413,30.0
TR,0,463,1058559455744669691,gateway_calibration,sweep:inference_delay=30.0,751.178859452735,122,751.193988547413,30.0
TR,0,464,6574832298174142872,gateway_calibration,sweep:inference_delay=30.0,480.21232142355075,96,751.193988547413,30.0
TR,0,465,884449267052335307,gateway_calibration,sweep:inference_delay=30.0,612.1980606196216,110,751.193988547413,30.0
TR,0,466,6060741962131816985,gateway_calibration,sweep:inference_delay=30.0,534.5892056067205,92,751.193988547413,30.0
TR,0,467,6839238204933409532,gateway_calibration,sweep:inference_delay=30.0,626.291219454089,112,751.193988547413,30.0
TR,0,468,8496979905210157746,gateway_calibration,sweep:inference_delay=30.0,593.0859584506518,120,751.193988547413,30.0
TR,0,469,3991177911072989955,gateway_calibration,sweep:inference_delay=30.0,710.8181233445157,133,751.193988547413,30.0
TR,0,470,3253412560018419094,gateway_calibration,sweep:inference_delay=30.0,628.094036270528,130,751.193988547413,30.0
TR,0,471,1188508254992210828,gateway_calibration,sweep:inference_delay=30.0,661.2166674456229,125,751.193988547413,30.0
TR,0,472,376639237916564485,gateway_calibration,sweep:inference_delay=30.0,544.8791587064411,109,751.193988547413,30.0
TR,0,473,5813076782046801150,gateway_calibration,sweep:inference_delay=30.0,602.2284091422099,109,751.193988547413,30.0
TR,0,474,7144003500394196389,gateway_calibration,sweep:inference_delay=30.0,561.9344022720356,110,751.193988547413,30.0
TR,0,475,3468452400471442198,gateway_calibration,sweep:inference_delay=30.0,798.1468959874993,122,751.193988547413,30.0
TR,0,476,4496027302455460172,gateway_calibration,sweep:inference_delay=30.0,650.6357916135219,119,751.193988547413,30.0
TR,0,477,2327472833988482556,gateway_calibration,sweep:inference_delay=30.0,523.4647539485187,110,751.193988547413,30.0
TR,0,478,4278638371775298454,gateway_calibration,sweep:inference_delay=30.0,638.4568990175818,132,751.193988547413,30.0
TR,0,479,6071174980492026700,gateway_calibration,sweep:inference_delay=30.0,679.9834051859593,124,751.193988547413,30.0
TR,0,480,7203581437859232887,gateway_calibration,sweep:inference_delay=30.0,502.9507539418881,96,751.193988547413,30.0
TR,0,481,2719210672007653806,gateway_calibration,sweep:inference_delay=30.0,679.475891588217,114,751.193988547413,30.0
TR,0,482,9124791469596248056,gateway_calibration,sweep:inference_delay=30.0,594.4116914604108,100,751.193988547413,30.0
TR,0,483,2968576874491023215,gateway_calibration,sweep:inference_delay=30.0,788.1461520324315,126,751.193988547413,30.0
TR,0,484,6332307739886924204,gateway_calibration,sweep:inference_delay=30.0,576.6716531217983,112,751.193988547413,30.0
TR,0,485,5961075872141027170,gateway_calibration,sweep:inference_delay=30.0,558.3753072900303,100,751.193988547413,30.0
TR,0,486,5248318877212551463,gateway_calibration,sweep:inference_delay=30.0,743.0479545801056,139,751.193988547413,30.0
TR,0,487,3764088682476505463,gateway_calibration,sweep:inference_delay=30.0,602.1254186704857,121,751.193988547413,30.0
TR,0,488,8913131374809858282,gateway_calibration,sweep:inference_delay=30.0,576.7861939180317,107,751.193988547413,30.0
TR,0,489,6758802190763130276,gateway_calibration,sweep:inference_delay=30.0,712.8079928773702,114,751.193988547413,30.0
TR,0,490,1420752393602341325,gateway_calibration,sweep:inference_delay=30.0,609.118796876875,103,751.193988547413,30.0
TR,0,491,7462300291057728315,gateway_calibration,sweep:inference_delay=30.0,491.6390658829668,96,751.193988547413,30.0
TR,0,492,3648150288864304790,gateway_calibration,sweep:inference_delay=30.0,600.5193316302169,100,751.193988547413,30.0
TR,0,493,5939455183901506022,gateway_calibration,sweep:inference_delay=30.0,715.1519659222838,114,751.193988547413,30.0
TR,0,494,8156247238467660237,gateway_calibration,sweep:inference_delay=30.0,583.0258595668113,116,751.193988547413,30.0
TR,0,495,1899290733971401023,gateway_calibration,sweep:inference_delay=30.0,582.4684093421504,103,751.193988547413,30.0
TR,0,496,5655630732912497310,gateway_calibration,sweep:inference_delay=30.0,559.2473560116687,107,751.193988547413,30.0
TR,0,497,6112456634283222193,gateway_calibration,sweep:inference_delay=30.0,611.0326418311946,112,751.193988547413,30.0
TR,0,498,6814992484162469007,gateway_calibration,sweep:inference_delay=30.0,650.6510311804892,98,751.193988547413,30.0
TR,0,499,3057179899601724281,gateway_calibration,sweep:inference_delay=30.0,624.4232268652136,110,751.193988547413,30.0
EIR,0,0,4646265992310020674,gateway_calibration,sweep:inference_delay=30.0,610.6276228390543,128,790.809068396611,30.0
EIR,0,1,6765155795502284564,gateway_calibration,sweep:inference_delay=30.0,696.4589885358982,117,790.809068396611,30.0
EIR,0,2,7453771921807850673,gateway_calibration,sweep:inference_delay=30.0,459.0457376028547,101,790.809068396611,30.0
EIR,0,3,6038316598693467906,gateway_calibration,sweep:inference_delay=30.0,690.4689226105693,134,790.809068396611,30.0
EIR,0,4,87375409844899536,gateway_calibration,sweep:inference_delay=30.0,707.3556090272492,114,790.809068396611,30.0
EIR,0,5,3867315151749160842,gateway_calibration,sweep:inference_delay=30.0,571.7309459135605,115,790.809068396611,30.0
EIR,0,6,1330141275000548084,gateway_calibration,sweep:inference_delay=30.0,692.8830811137061,117,790.809068396611,30.0
EIR,0,7,1392756129712244324,gateway_calibration,sweep:inference_delay=30.0,618.4475942679952,120,790.809068396611,30.0
EIR,0,8,4545079473340765736,gateway_calibration,sweep:inference_delay=30.0,687.94748577406,128,790.809068396611,30.0
EIR,0,9,1994119473431688354,gateway_calibration,sweep:inference_delay=30.0,805.7303886574725,133,790.809068396611,30.0
EIR,0,10,5772939349141306780,gateway_calibration,sweep:inference_delay=30.0,746.0427186369759,132,790.809068396611,30.0
EIR,0,11,3962197278424912870,gateway_calibration,sweep:inference_delay=30.0,570.1771661401082,115,790.809068396611,30.0
EIR,0,12,8716760617352384692,gateway_calibration,sweep:inference_delay=30.0,474.8105382919073,115,790.809068396611,30.0
EIR,0,13,5976993202367356331,gateway_calibration,sweep:inference_delay=30.0,682.7067420587038,128,790.809068396611,30.0
EIR,0,14,8400180034320541813,gateway_calibration,sweep:inference_delay=30.0,687.5768309163234,128,790.809068396611,30.0
EIR,0,15,7414521598762149984,gateway_calibration,sweep:inference_delay=30.0,633.7666033880732,135,790.809068396611,30.0
EIR,0,16,3552674009152491990,gateway_calibration,sweep:inference_delay=30.0,605.5629371184315,126,790.809068396611,30.0
EIR,0,17,5754059281988686625,gateway_calibration,sweep:inference_delay=30.0,652.2512551724259,125,790.809068396611,30.0
EIR,0,18,8461924849571419879,gateway_calibration,sweep:inference_delay=30.0,606.3557387792757,130,790.809068396611,30.0
EIR,0,19,6727805869869070072,gateway_calibration,sweep:inference_delay=30.0,568.3786439241388,107,790.809068396611,30.0
EIR,0,20,7158155539420235271,gateway_calibration,sweep:inference_delay=30.0,574.8297619872623,121,790.809068396611,30.0
EIR,0,21,94603913074075851,gateway_calibration,sweep:inference_delay=30.0,558.3194688629521,117,790.809068396611,30.0
EIR,0,22,8992604762254088815,gateway_calibration,sweep:inference_delay=30.0,514.9380819876009,106,790.809068396611,30.0
EIR,0,23,3025071593511915444,gateway_calibration,sweep:inference_delay=30.0,571.587660413824,107,790.809068396611,30.0
EIR,0,24,3840952894485000256,gateway_calibration,sweep:inference_delay=30.0,562.6816341899183,110,790.809068396611,30.0
EIR,0,25,4685632052503020243,gateway_calibration,sweep:inference_delay=30.0,723.4203532882689,134,790.809068396611,30.0
EIR,0,26,7497727575023566203,gateway_calibration,sweep:inference_delay=30.0,625.4625003041444,126,790.809068396611,30.0
EIR,0,27,5737020963048593930,gateway_calibration,sweep:inference_delay=30.0,878.7090698703383,164,790.809068396611,30.0
EIR,0,28,1230579630773162259,gateway_calibration,sweep:inference_delay=30.0,548.0794331632784,110,790.809068396611,30.0
EIR,0,29,8938186162844027882,gateway_calibration,sweep:inference_delay=30.0,520.9033054817335,114,790.809068396611,30.0
EIR,0,30,4675362998420684775,gateway_calibration,sweep:inference_delay=30.0,578.1098064057234,113,790.809068396611,30.0
EIR,0,31,4689562306761909861,gateway_calibration,sweep:inference_delay=30.0,647.5338983253936,135,790.809068396611,30.0
EIR,0,32,5269847424732712504,gateway_calibration,sweep:inference_delay=30.0,513.1463449477282,104,790.809068396611,30.0
EIR,0,33,8884150074155183030,gateway_calibration,sweep:inference_delay=30.0,691.6843434491564,137,790.809068396611,30.0
EIR,0,34,8490485793105404955,gateway_calibration,sweep:inference_delay=30.0,539.1188837707496,109,790.809068396611,30.0
EIR,0,35,6981095460268886126,gateway_calibration,sweep:inference_delay=30.0,490.6538699676858,98,790.809068396611,30.0
EIR,0,36,2121970874719579801,gateway_calibration,sweep:inference_delay=30.0,618.0802472870577,125,790.809068396611,30.0
EIR,0,37,7351313777747861374,gateway_calibration,sweep:inference_delay=30.0,722.1943893332427,120,790.809068396611,30.0
EIR,0,38,1601734457434870935,gateway_calibration,sweep:inference_delay=30.0,694.7822479354685,137,790.809068396611,30.0
EIR,0,39,598359746820991698,gateway_calibration,sweep:inference_delay=30.0,635.1800911462384,116,790.809068396611,30.0
EIR,0,40,4522097413488769823,gateway_calibration,sweep:inference_delay=30.0,652.6598717768442,135,790.809068396611,30.0
EIR,0,41,5192691382473871712,gateway_calibration,sweep:inference_delay=30.0,477.5427560397445,120,790.809068396611,30.0
EIR,0,42,1501447123648652632,gateway_calibration,sweep:inference_delay=30.0,753.1663499979693,135,790.809068396611,30.0
EIR,0,43,7478704903442648784,gateway_calibration,sweep:inference_delay=30.0,753.4784345654245,129,790.809068396611,30.0
EIR,0,44,2991324539251773450,gateway_calibration,sweep:inference_delay=30.0,717.6742976248714,130,790.809068396611,30.0
EIR,0,45,51992977886498625,gateway_calibration,sweep:inference_delay=30.0,553.0170903279683,115,790.809068396611,30.0
EIR,0,46,602350704226098336,gateway_calibration,sweep:inference_delay=30.0,597.8636314063758,126,790.809068396611,30.0
EIR,0,47,2644062958438999070,gateway_calibration,sweep:inference_delay=30.0,700.7240968729079,135,790.809068396611,30.0
EIR,0,48,6606647839630506802,gateway_calibration,sweep:inference_delay=30.0,616.9467640903008,124,790.809068396611,30.0
EIR,0,49,7107793105163264398,gateway_calibration,sweep:inference_delay=30.0,702.1372373005569,117,790.809068396611,30.0
EIR,0,50,7710112521227400901,gateway_calibration,sweep:inference_delay=30.0,612.2567397452077,125,790.809068396611,30.0
EIR,0,51,760960689260460686,gateway_calibration,sweep:inference_delay=30.0,795.3195650409846,139,790.809068396611,30.0
EIR,0,52,8875702856464506264,gateway_calibration,sweep:inference_delay=30.0,599.956533857568,133,790.809068396611,30.0
EIR,0,53,8540639003706940458,gateway_calibration,sweep:inference_delay=30.0,625.3684366566563,117,790.809068396611,30.0
EIR,0,54,2669716973981934345,gateway_calibration,sweep:inference_delay=30.0,819.7936208667254,134,790.809068396611,30.0
EIR,0,55,4551041807437763755,gateway_calibration,sweep:inference_delay=30.0,602.6209863482294,131,790.809068396611,30.0
EIR,0,56,6830815701440259768,gateway_calibration,sweep:inference_delay=30.0,712.123822779408,137,790.809068396611,30.0
EIR,0,57,5821065030332517476,gateway_calibration,sweep:inference_delay=30.0,716.3926502448455,134,790.809068396611,30.0
EIR,0,58,966272615161568068,gateway_calibration,sweep:inference_delay=30.0,690.2244183933059,126,790.809068396611,30.0
EIR,0,59,3020397929596991131,gateway_calibration,sweep:inference_delay=30.0,739.2398740686587,123,790.809068396611,30.0
EIR,0,60,4876673020805571348,gateway_calibration,sweep:inference_delay=30.0,571.5717021822201,108,790.809068396611,30.0
EIR,0,61,2127147400157427823,gateway_calibration,sweep:inference_delay=30.0,601.5802290779515,121,790.809068396611,30.0
EIR,0,62,2435756484395413418,gateway_calibration,sweep:inference_delay=30.0,647.5655469651805,143,790.809068396611,30.0
EIR,0,63,8156232732602260117,gateway_calibration,sweep:inference_delay=30.0,741.7368327683449,126,790.809068396611,30.0
EIR,0,64,2520351817144325672,gateway_calibration,sweep:inference_delay=30.0,887.9135181991008,121,790.809068396611,30.0
EIR,0,65,6743661996043427433,gateway_calibration,sweep:inference_delay=30.0,565.8569905652861,97,790.809068396611,30.0
EIR,0,66,1930822409829630645,gateway_calibration,sweep:inference_delay=30.0,679.7480675591437,139,790.809068396611,30.0
EIR,0,67,828267104777247680,gateway_calibration,sweep:inference_delay=30.0,655.1645203972621,123,790.809068396611,30.0
EIR,0,68,6422693838277863715,gateway_calibration,sweep:inference_delay=30.0,592.8569455575775,131,790.809068396611,30.0
EIR,0,69,3215939930161602728,gateway_calibration,sweep:inference_delay=30.0,801.258496474128,137,790.809068396611,30.0
EIR,0,70,2617938025819791376,gateway_calibration,sweep:inference_delay=30.0,576.2488567935955,135,790.809068396611,30.0
EIR,0,71,1878300840406119831,gateway_calibration,sweep:inference_delay=30.0,824.607853890709,145,790.809068396611,30.0
EIR,0,72,6939588787074301977,gateway_calibration,sweep:inference_delay=30.0,770.6512333760207,120,790.809068396611,30.0
EIR,0,73,1591805714747674980,gateway_calibration,sweep:inference_delay=30.0,762.7233815551383,143,790.809068396611,30.0
EIR,0,74,7961860350901178029,gateway_calibration,sweep:inference_delay=30.0,555.0048098557472,116,790.809068396611,30.0
EIR,0,75,2145582198287218050,gateway_calibration,sweep:inference_delay=30.0,527.4751804078963,123,790.809068396611,30.0
EIR,0,76,8222619686645982316,gateway_calibration,sweep:inference_delay=30.0,828.33808798946,121,790.809068396611,30.0
EIR,0,77,3017394542879048912,gateway_calibration,sweep:inference_delay=30.0,721.7509845369839,125,790.809068396611,30.0
EIR,0,78,2063577142363276290,gateway_calibration,sweep:inference_delay=30.0,733.3921168088032,131,790.809068396611,30.0
EIR,0,79,8723338786070204072,gateway_calibration,sweep:inference_delay=30.0,556.1830407384501,110,790.809068396611,30.0
EIR,0,80,5057600791296213626,gateway_calibration,sweep:inference_delay=30.0,698.8906574199533,123,790.809068396611,30.0
EIR,0,81,1729372588853315612,gateway_calibration,sweep:inference_delay=30.0,650.7483238350969,133,790.809068396611,30.0
EIR,0,82,5018245115217703489,gateway_calibration,sweep:inference_delay=30.0,679.8728633131188,122,790.809068396611,30.0
EIR,0,83,3841751891908091734,gateway_calibration,sweep:inference_delay=30.0,655.5257540910712,124,790.809068396611,30.0
EIR,0,84,8612887648822983914,gateway_calibration,sweep:inference_delay=30.0,684.0855589007534,132,790.809068396611,30.0
EIR,0,85,3077172824843013576,gateway_calibration,sweep:inference_delay=30.0,648.6112139993006,134,790.809068396611,30.0
EIR,0,86,9015711668469515506,gateway_calibration,sweep:inference_delay=30.0,520.46036811577,104,790.809068396611,30.0
EIR,0,87,6971598294023142201,gateway_calibration,sweep:inference_delay=30.0,742.2612034971603,124,790.809068396611,30.0
EIR,0,88,3408303297398070530,gateway_calibration,sweep:inference_delay=30.0,643.6342585042531,128,790.809068396611,30.0
EIR,0,89,2622369853253871202,gateway_calibration,sweep:inference_delay=30.0,677.8804360112337,120,790.809068396611,30.0
EIR,0,90,4532333112924369503,gateway_calibration,sweep:inference_delay=30.0,622.8668585055111,128,790.809068396611,30.0
EIR,0,91,258220235270059840,gateway_calibration,sweep:inference_delay=30.0,694.3186893059786,141,790.809068396611,30.0
EIR,0,92,9121525784758303932,gateway_calibration,sweep:inference_delay=30.0,674.7053753762448,126,790.809068396611,30.0
EIR,0,93,5701744002545022942,gateway_calibration,sweep:inference_delay=30.0,670.6568729108237,118,790.809068396611,30.0
EIR,0,94,1283580568831957713,gateway_calibration,sweep:inference_delay=30.0,776.1606819055032,141,790.809068396611,30.0
EIR,0,95,7856016468581357863,gateway_calibration,sweep:inference_delay=30.0,636.5820535197101,128,790.809068396611,30.0
EIR,0,96,216823390460890009,gateway_calibration,sweep:inference_delay=30.0,517.9530660445741,106,790.809068396611,30.0
EIR,0,97,1895730328899284671,gateway_calibration,sweep:inference_delay=30.0,672.7891787890895,117,790.809068396611,30.0
EIR,0,98,4224515432734088430,gateway_calibration,sweep:inference_delay=30.0,650.3829403094539,127,790.809068396611,30.0
EIR,0,99,3740081061938348119,gateway_calibration,sweep:inference_delay=30.0,677.0106291261047,123,790.809068396611,30.0
EIR,0,100,5877148042415794253,gateway_calibration,sweep:inference_delay=30.0,621.9921023416575,127,790.809068396611,30.0
EIR,0,101,4520631680886790755,gateway_calibration,sweep:inference_delay=30.0,659.2834989430667,127,790.809068396611,30.0
EIR,0,102,5664908341390488204,gateway_calibration,sweep:inference_delay=30.0,701.3842798392006,116,790.809068396611,30.0
EIR,0,103,1148475249534458371,gateway_calibration,sweep:inference_delay=30.0,683.0103999305298,123,790.809068396611,30.0
EIR,0,104,5959130271727844232,gateway_calibration,sweep:inference_delay=30.0,564.8812307889169,125,790.809068396611,30.0
EIR,0,105,2650251439107955805,gateway_calibration,sweep:inference_delay=30.0,765.7067364639154,143,790.809068396611,30.0
EIR,0,106,1827020857452970546,gateway_calibration,sweep:inference_delay=30.0,646.0656011284661,129,790.809068396611,30.0
EIR,0,107,1560641906266634301,gateway_calibration,sweep:inference_delay=30.0,654.382153480112,119,790.809068396611,30.0
EIR,0,108,6411313234486682724,gateway_calibration,sweep:inference_delay=30.0,553.2655029082517,116,790.809068396611,30.0
EIR,0,109,8955386174188834346,gateway_calibration,sweep:inference_delay=30.0,573.7908534868772,123,790.809068396611,30.0
EIR,0,110,5614357387706823833,gateway_calibration,sweep:inference_delay=30.0,612.8960297624571,132,790.809068396611,30.0
EIR,0,111,2976681883615342654,gateway_calibration,sweep:inference_delay=30.0,612.4151605535815,118,790.809068396611,30.0
EIR,0,112,3419219193214305953,gateway_calibration,sweep:inference_delay=30.0,635.4054770735421,135,790.809068396611,30.0
EIR,0,113,7427282938059462016,gateway_calibration,sweep:inference_delay=30.0,738.6435649118692,139,790.809068396611,30.0
EIR,0,114,8121048096449038266,gateway_calibration,sweep:inference_delay=30.0,580.6664640430256,136,790.809068396611,30.0
EIR,0,115,682591630018224747,gateway_calibration,sweep:inference_delay=30.0,519.3907518071901,122,790.809068396611,30.0
EIR,0,116,2444431396807791605,gateway_calibration,sweep:inference_delay=30.0,670.359221102811,120,790.809068396611,30.0
EIR,0,117,6955382133627204735,gateway_calibration,sweep:inference_delay=30.0,703.1996038296588,131,790.809068396611,30.0
EIR,0,118,5168327284209078028,gateway_calibration,sweep:inference_delay=30.0,662.4243375796523,122,790.809068396611,30.0
EIR,0,119,7114250514277597616,gateway_calibration,sweep:inference_delay=30.0,567.9680487368621,121,790.809068396611,30.0
EIR,0,120,3004815372627659233,gateway_calibration,sweep:inference_delay=30.0,711.0414745514263,125,790.809068396611,30.0
EIR,0,121,9135912503271947932,gateway_calibration,sweep:inference_delay=30.0,617.4213689289481,127,790.809068396611,30.0
EIR,0,122,2843679074663455784,gateway_calibration,sweep:inference_delay=30.0,618.8420953674223,119,790.809068396611,30.0
EIR,0,123,4045278044506051740,gateway_calibration,sweep:inference_delay=30.0,781.1587891777547,136,790.809068396611,30.0
EIR,0,124,4383533713461277290,gateway_calibration,sweep:inference_delay=30.0,673.7225581979903,120,790.809068396611,30.0
EIR,0,125,6857321391795339044,gateway_calibration,sweep:inference_delay=30.0,466.78003507354424,105,790.809068396611,30.0
EIR,0,126,4205096394321614011,gateway_calibration,sweep:inference_delay=30.0,553.0062642200165,112,790.809068396611,30.0
EIR,0,127,8479496891818997841,gateway_calibration,sweep:inference_delay=30.0,573.2058191057387,118,790.809068396611,30.0
EIR,0,128,6107245545981797345,gateway_calibration,sweep:inference_delay=30.0,780.8389337404531,132,790.809068396611,30.0
EIR,0,129,6720389799342966491,gateway_calibration,sweep:inference_delay=30.0,796.5131416232784,133,790.809068396611,30.0
EIR,0,130,3927159949562397124,gateway_calibration,sweep:inference_delay=30.0,777.0145943327369,131,790.809068396611,30.0
EIR,0,131,7708847031431417770,gateway_calibration,sweep:inference_delay=30.0,628.3628778231229,121,790.809068396611,30.0
EIR,0,132,8825608378871468040,gateway_calibration,sweep:inference_delay=30.0,812.3412901166668,156,790.809068396611,30.0
EIR,0,133,2918799264240146683,gateway_calibration,sweep:inference_delay=30.0,496.9137195404431,119,790.809068396611,30.0
EIR,0,134,1017269874279829192,gateway_calibration,sweep:inference_delay=30.0,654.3590931304701,140,790.809068396611,30.0
EIR,0,135,3910142960138945910,gateway_calibration,sweep:inference_delay=30.0,585.4701461237187,120,790.809068396611,30.0
EIR,0,136,1288870644010112206,gateway_calibration,sweep:inference_delay=30.0,708.3572942755868,124,790.809068396611,30.0
EIR,0,137,5493145724606673572,gateway_calibration,sweep:inference_delay=30.0,731.1392681730271,140,790.809068396611,30.0
EIR,0,138,241769254024979300,gateway_calibration,sweep:inference_delay=30.0,683.8913356138532,124,790.809068396611,30.0
EIR,0,139,5382109834638413780,gateway_calibration,sweep:inference_delay=30.0,526.5041609307893,101,790.809068396611,30.0
EIR,0,140,1074890892130604883,gateway_calibration,sweep:inference_delay=30.0,691.3306238447582,127,790.809068396611,30.0
EIR,0,141,7641157361098671196,gateway_calibration,sweep:inference_delay=30.0,679.5389327655828,126,790.809068396611,30.0
EIR,0,142,3893710544892198245,gateway_calibration,sweep:inference_delay=30.0,482.1396766502221,107,790.809068396611,30.0
EIR,0,143,2251607846601896847,gateway_calibration,sweep:inference_delay=30.0,647.8350769885764,126,790.809068396611,30.0
EIR,0,144,812385157254392810,gateway_calibration,sweep:inference_delay=30.0,758.2589914639708,134,790.809068396611,30.0
EIR,0,145,3978003401855039101,gateway_calibration,sweep:inference_delay=30.0,695.0226777788841,130,790.809068396611,30.0
EIR,0,146,5661124525621141696,gateway_calibration,sweep:inference_delay=30.0,737.4207452305054,115,790.809068396611,30.0
EIR,0,147,2121086430539047594,gateway_calibration,sweep:inference_delay=30.0,639.3795397631243,128,790.809068396611,30.0
EIR,0,148,4355148321066668090,gateway_calibration,sweep:inference_delay=30.0,632.2908987837009,141,790.809068396611,30.0
EIR,0,149,4849992942308959342,gateway_calibration,sweep:inference_delay=30.0,699.8504897164837,133,790.809068396611,30.0
EIR,0,150,8176514166266544354,gateway_calibration,sweep:inference_delay=30.0,508.0930499490419,109,790.809068396611,30.0
EIR,0,151,4931749458132157138,gateway_calibration,sweep:inference_delay=30.0,599.5287379660524,120,790.809068396611,30.0
EIR,0,152,2714931529421893701,gateway_calibration,sweep:inference_delay=30.0,736.79138926823,148,790.809068396611,30.0
EIR,0,153,8834835553966406635,gateway_calibration,sweep:inference_delay=30.0,609.5676563853817,132,790.809068396611,30.0
EIR,0,154,401977049098510290,gateway_calibration,sweep:inference_delay=30.0,617.0093008168345,105,790.809068396611,30.0
EIR,0,155,6710412327095117089,gateway_calibration,sweep:inference_delay=30.0,616.1059642566507,127,790.809068396611,30.0
EIR,0,156,4890645197962199329,gateway_calibration,sweep:inference_delay=30.0,484.7947425647029,104,790.809068396611,30.0
EIR,0,157,3623421088451905318,gateway_calibration,sweep:inference_delay=30.0,735.4662641147497,123,790.809068396611,30.0
EIR,0,158,7875400094257671955,gateway_calibration,sweep:inference_delay=30.0,606.623756276039,110,790.809068396611,30.0
EIR,0,159,1777437563659334112,gateway_calibration,sweep:inference_delay=30.0,647.3526196025352,130,790.809068396611,30.0
EIR,0,160,295794297308859113,gateway_calibration,sweep:inference_delay=30.0,672.1016004677476,113,790.809068396611,30.0
EIR,0,161,210393235614800979,gateway_calibration,sweep:inference_delay=30.0,674.4263981060237,121,790.809068396611,30.0
EIR,0,162,158638677345441146,gateway_calibration,sweep:inference_delay=30.0,576.5466358798737,115,790.809068396611,30.0
EIR,0,163,3754358161015692053,gateway_calibration,sweep:inference_delay=30.0,737.9285020333397,133,790.809068396611,30.0
EIR,0,164,5218657749178008915,gateway_calibration,sweep:inference_delay=30.0,801.9003370646276,131,790.809068396611,30.0
EIR,0,165,8920886322261654043,gateway_calibration,sweep:inference_delay=30.0,596.6858144384032,128,790.809068396611,30.0
EIR,0,166,4263404572926068159,gateway_calibration,sweep:inference_delay=30.0,571.5784408051768,125,790.809068396611,30.0
EIR,0,167,800077641893200557,gateway_calibration,sweep:inference_delay=30.0,561.6274197832286,112,790.809068396611,30.0
EIR,0,168,4359518394341173958,gateway_calibration,sweep:inference_delay=30.0,724.4977372775106,121,790.809068396611,30.0
EIR,0,169,3202522181741299277,gateway_calibration,sweep:inference_delay=30.0,859.8488791341435,128,790.809068396611,30.0
EIR,0,170,6719874324631973411,gateway_calibration,sweep:inference_delay=30.0,525.2628747074863,113,790.809068396611,30.0
EIR,0,171,6339068512459284645,gateway_calibration,sweep:inference_delay=30.0,623.7538385977953,130,790.809068396611,30.0
EIR,0,172,760223797917341310,gateway_calibration,sweep:inference_delay=30.0,743.6865284645344,132,790.809068396611,30.0
EIR,0,173,5375525822036562425,gateway_calibration,sweep:inference_delay=30.0,521.4579214949636,113,790.809068396611,30.0
EIR,0,174,3132267554183569751,gateway_calibration,sweep:inference_delay=30.0,599.1228709241416,110,790.809068396611,30.0
EIR,0,175,1991985787152931419,gateway_calibration,sweep:inference_delay=30.0,678.8854742170661,134,790.809068396611,30.0
EIR,0,176,8503372633371532639,gateway_calibration,sweep:inference_delay=30.0,652.9892707429615,126,790.809068396611,30.0
EIR,0,177,5167868211877881670,gateway_calibration,sweep:inference_delay=30.0,613.6747874818683,113,790.809068396611,30.0
EIR,0,178,6629358058152837417,gateway_calibration,sweep:inference_delay=30.0,538.4711144322482,125,790.809068396611,30.0
EIR,0,179,7263858174016185819,gateway_calibration,sweep:inference_delay=30.0,646.8297792363774,123,790.809068396611,30.0
EIR,0,180,1629199908698535937,gateway_calibration,sweep:inference_delay=30.0,659.3912789031642,124,790.809068396611,30.0
EIR,0,181,2362324532757989324,gateway_calibration,sweep:inference_delay=30.0,748.672358390676,142,790.809068396611,30.0
EIR,0,182,3745562956007934871,gateway_calibration,sweep:inference_delay=30.0,670.7853261432524,111,790.809068396611,30.0
EIR,0,183,5768363639817473270,gateway_calibration,sweep:inference_delay=30.0,502.71528773666626,113,790.809068396611,30.0
EIR,0,184,4935842423252634154,gateway_calibration,sweep:inference_delay=30.0,484.60045624581323,108,790.809068396611,30.0
EIR,0,185,1360985820709588174,gateway_calibration,sweep:inference_delay=30.0,647.4538472161225,112,790.809068396611,30.0
EIR,0,186,2456436801475330794,gateway_calibration,sweep:inference_delay=30.0,686.0148590047245,120,790.809068396611,30.0
EIR,0,187,4860835594563181343,gateway_calibration,sweep:inference_delay=30.0,617.718341465485,128,790.809068396611,30.0
EIR,0,188,8505761826603536455,gateway_calibration,sweep:inference_delay=30.0,546.3217469507563,121,790.809068396611,30.0
EIR,0,189,7331073423808604975,gateway_calibration,sweep:inference_delay=30.0,627.4575196621613,132,790.809068396611,30.0
EIR,0,190,7835992308368740512,gateway_calibration,sweep:inference_delay=30.0,676.0172313047025,136,790.809068396611,30.0
EIR,0,191,879173937891422519,gateway_calibration,sweep:inference_delay=30.0,859.3306386164683,135,790.809068396611,30.0
EIR,0,192,2387479852708383181,gateway_calibration,sweep:inference_delay=30.0,526.614401625833,118,790.809068396611,30.0
EIR,0,193,1819361281975582853,gateway_calibration,sweep:inference_delay=30.0,659.8829373542237,120,790.809068396611,30.0
EIR,0,194,1190982861988270275,gateway_calibration,sweep:inference_delay=30.0,704.3969058405071,134,790.809068396611,30.0
EIR,0,195,7861614033661131265,gateway_calibration,sweep:inference_delay=30.0,742.1762820899849,130,790.809068396611,30.0
EIR,0,196,8714403012288335030,gateway_calibration,sweep:inference_delay=30.0,701.1717231257953,129,790.809068396611,30.0
EIR,0,197,5654550101799489893,gateway_calibration,sweep:inference_delay=30.0,593.9638170997523,130,790.809068396611,30.0
EIR,0,198,2196859942714739045,gateway_calibration,sweep:inference_delay=30.0,663.9578889256774,116,790.809068396611,30.0
EIR,0,199,5435996864006686145,gateway_calibration,sweep:inference_delay=30.0,595.4162573944127,128,790.809068396611,30.0
EIR,0,200,8109473372979513335,gateway_calibration,sweep:inference_delay=30.0,590.6637351925926,136,790.809068396611,30.0
EIR,0,201,6364287364262117283,gateway_calibration,sweep:inference_delay=30.0,524.8426547637329,104,790.809068396611,30.0
EIR,0,202,5327348258214447244,gateway_calibration,sweep:inference_delay=30.0,683.0931047168041,136,790.809068396611,30.0
EIR,0,203,7849224676499445600,gateway_calibration,sweep:inference_delay=30.0,667.7788948389682,133,790.809068396611,30.0
EIR,0,204,7290634433356193872,gateway_calibration,sweep:inference_delay=30.0,648.7154518683724,145,790.809068396611,30.0
EIR,0,205,3073573718320317796,gateway_calibration,sweep:inference_delay=30.0,654.2804966607691,125,790.809068396611,30.0
EIR,0,206,1242968687683404514,gateway_calibration,sweep:inference_delay=30.0,611.0199661177027,132,790.809068396611,30.0
EIR,0,207,8243763334577973241,gateway_calibration,sweep:inference_delay=30.0,546.337707707332,110,790.809068396611,30.0
EIR,0,208,900452907831589120,gateway_calibration,sweep:inference_delay=30.0,724.6263303818408,141,790.809068396611,30.0
EIR,0,209,9091822341567882835,gateway_calibration,sweep:inference_delay=30.0,639.8672648440029,122,790.809068396611,30.0
EIR,0,210,1911815028291047721,gateway_calibration,sweep:inference_delay=30.0,794.0797440263966,138,790.809068396611,30.0
EIR,0,211,7737013643693324802,gateway_calibration,sweep:inference_delay=30.0,667.1920269905604,118,790.809068396611,30.0
EIR,0,212,6236317256592065185,gateway_calibration,sweep:inference_delay=30.0,761.0459506175428,116,790.809068396611,30.0
EIR,0,213,5173272943326907382,gateway_calibration,sweep:inference_delay=30.0,631.8077011106897,130,790.809068396611,30.0
EIR,0,214,3924791073772412383,gateway_calibration,sweep:inference_delay=30.0,598.8432257847371,109,790.809068396611,30.0
EIR,0,215,287428934551584555,gateway_calibration,sweep:inference_delay=30.0,752.7461710965147,120,790.809068396611,30.0
EIR,0,216,627355807551774010,gateway_calibration,sweep:inference_delay=30.0,600.7294320406533,111,790.809068396611,30.0
EIR,0,217,846378909816816577,gateway_calibration,sweep:inference_delay=30.0,543.1561295953078,113,790.809068396611,30.0
EIR,0,218,6766318448526319023,gateway_calibration,sweep:inference_delay=30.0,629.190317534113,126,790.809068396611,30.0
EIR,0,219,5919123392613299828,gateway_calibration,sweep:inference_delay=30.0,610.7853961799898,122,790.809068396611,30.0
EIR,0,220,6147384710213884205,gateway_calibration,sweep:inference_delay=30.0,623.2191660414284,124,790.809068396611,30.0
EIR,0,221,8817267800962143768,gateway_calibration,sweep:inference_delay=30.0,594.4719780703348,119,790.809068396611,30.0
EIR,0,222,2493444765615338520,gateway_calibration,sweep:inference_delay=30.0,707.5554116892108,121,790.809068396611,30.0
EIR,0,223,9190904087936903515,gateway_calibration,sweep:inference_delay=30.0,670.063054377764,146,790.809068396611,30.0
EIR,0,224,327480844210864172,gateway_calibration,sweep:inference_delay=30.0,561.3598156930095,108,790.809068396611,30.0
EIR,0,225,7128256575032042118,gateway_calibration,sweep:inference_delay=30.0,613.980249371101,121,790.809068396611,30.0
EIR,0,226,7714947406002411712,gateway_calibration,sweep:inference_delay=30.0,758.6561208320098,137,790.809068396611,30.0
EIR,0,227,5672732801933068916,gateway_calibration,sweep:inference_delay=30.0,639.0006953718204,130,790.809068396611,30.0
EIR,0,228,7644612379164663017,gateway_calibration,sweep:inference_delay=30.0,713.4183572593009,120,790.809068396611,30.0
EIR,0,229,1228180816625496130,gateway_calibration,sweep:inference_delay=30.0,617.0561847209535,115,790.809068396611,30.0
EIR,0,230,7963446408193291116,gateway_calibration,sweep:inference_delay=30.0,777.1470843099557,132,790.809068396611,30.0
EIR,0,231,4923445759509201582,gateway_calibration,sweep:inference_delay=30.0,611.2037612691431,126,790.809068396611,30.0
EIR,0,232,4706577674447388338,gateway_calibration,sweep:inference_delay=30.0,635.4228492392356,98,790.809068396611,30.0
EIR,0,233,2416101542385063936,gateway_calibration,sweep:inference_delay=30.0,610.0793871311373,129,790.809068396611,30.0
EIR,0,234,1369867880269492046,gateway_calibration,sweep:inference_delay=30.0,655.6696960192786,119,790.809068396611,30.0
EIR,0,235,1719649097786723627,gateway_calibration,sweep:inference_delay=30.0,559.9732576498969,121,790.809068396611,30.0
EIR,0,236,6761222530280894932,gateway_calibration,sweep:inference_delay=30.0,650.3869817726473,130,790.809068396611,30.0
EIR,0,237,9208491546445881206,gateway_calibration,sweep:inference_delay=30.0,664.1662836274701,118,790.809068396611,30.0
EIR,0,238,1715586102904176211,gateway_calibration,sweep:inference_delay=30.0,571.3841927597603,127,790.809068396611,30.0
EIR,0,239,1984229692596023437,gateway_calibration,sweep:inference_delay=30.0,666.2799687627455,110,790.809068396611,30.0
EIR,0,240,4628473179160689013,gateway_calibration,sweep:inference_delay=30.0,595.484303870418,111,790.809068396611,30.0
EIR,0,241,8439075655841347094,gateway_calibration,sweep:inference_delay=30.0,653.1047000181757,117,790.809068396611,30.0
EIR,0,242,2433581766598208836,gateway_calibration,sweep:inference_delay=30.0,620.9679258271815,116,790.809068396611,30.0
EIR,0,243,6995727156132924337,gateway_calibration,sweep:inference_delay=30.0,576.4483207058548,111,790.809068396611,30.0
EIR,0,244,2568757412310833002,gateway_calibration,sweep:inference_delay=30.0,798.1797323960607,153,790.809068396611,30.0
EIR,0,245,1403336540043224207,gateway_calibration,sweep:inference_delay=30.0,677.0099044853816,130,790.809068396611,30.0
EIR,0,246,630790940037585381,gateway_calibration,sweep:inference_delay=30.0,645.5968988361109,125,790.809068396611,30.0
EIR,0,247,7242103166925192518,gateway_calibration,sweep:inference_delay=30.0,660.8181113803848,127,790.809068396611,30.0
EIR,0,248,531624271325835990,gateway_calibration,sweep:inference_delay=30.0,686.5352219957842,138,790.809068396611,30.0
EIR,0,249,1088702076464491823,gateway_calibration,sweep:inference_delay=30.0,875.4284228628603,146,790.809068396611,30.0
EIR,0,250,7087237810224659604,gateway_calibration,sweep:inference_delay=30.0,748.8391371411424,136,790.809068396611,30.0
EIR,0,251,7515660863153710059,gateway_calibration,sweep:inference_delay=30.0,630.2160488766823,119,790.809068396611,30.0
EIR,0,252,6658260585676008030,gateway_calibration,sweep:inference_delay=30.0,565.5969692650565,115,790.809068396611,30.0
EIR,0,253,1175197585439484695,gateway_calibration,sweep:inference_delay=30.0,670.0908976308483,120,790.809068396611,30.0
EIR,0,254,5534205900655622182,gateway_calibration,sweep:inference_delay=30.0,602.9324603482727,118,790.809068396611,30.0
EIR,0,255,675414098306511793,gateway_calibration,sweep:inference_delay=30.0,684.9778729930007,112,790.809068396611,30.0
EIR,0,256,7775371437984102243,gateway_calibration,sweep:inference_delay=30.0,575.2521010193668,119,790.809068396611,30.0
EIR,0,257,4855772479761260082,gateway_calibration,sweep:inference_delay=30.0,561.6565996747837,107,790.809068396611,30.0
EIR,0,258,4829388874310392223,gateway_calibration,sweep:inference_delay=30.0,794.9569300735445,128,790.809068396611,30.0
EIR,0,259,3021541178235323378,gateway_calibration,sweep:inference_delay=30.0,520.0659851930582,121,790.809068396611,30.0
EIR,0,260,6375880895612902738,gateway_calibration,sweep:inference_delay=30.0,591.1840097625648,120,790.809068396611,30.0
EIR,0,261,5579565486230563812,gateway_calibration,sweep:inference_delay=30.0,634.0356043259031,129,790.809068396611,30.0
EIR,0,262,8441092364334721167,gateway_calibration,sweep:inference_delay=30.0,697.3356617823316,125,790.809068396611,30.0
EIR,0,263,8435499192358502610,gateway_calibration,sweep:inference_delay=30.0,729.2189947202695,134,790.809068396611,30.0
EIR,0,264,6804064178662423748,gateway_calibration,sweep:inference_delay=30.0,788.3725171900132,139,790.809068396611,30.0
EIR,0,265,8569847838464667562,gateway_calibration,sweep:inference_delay=30.0,641.3497053190696,125,790.809068396611,30.0
EIR,0,266,5120606081560907159,gateway_calibration,sweep:inference_delay=30.0,615.4772133060187,134,790.809068396611,30.0
EIR,0,267,5207262382818439031,gateway_calibration,sweep:inference_delay=30.0,731.8042474379896,136,790.809068396611,30.0
EIR,0,268,3442292112640223841,gateway_calibration,sweep:inference_delay=30.0,685.2682016496206,128,790.809068396611,30.0
EIR,0,269,5818996211091326253,gateway_calibration,sweep:inference_delay=30.0,633.2106100341833,127,790.809068396611,30.0
EIR,0,270,6764198380445265401,gateway_calibration,sweep:inference_delay=30.0,500.1447128667212,113,790.809068396611,30.0
EIR,0,271,2814387925985499749,gateway_calibration,sweep:inference_delay=30.0,574.4523972636325,124,790.809068396611,30.0
EIR,0,272,163544811853512893,gateway_calibration,sweep:inference_delay=30.0,595.1178371825422,120,790.809068396611,30.0
EIR,0,273,5249539880746800401,gateway_calibration,sweep:inference_delay=30.0,663.755774967698,114,790.809068396611,30.0
EIR,0,274,3813367517673736119,gateway_calibration,sweep:inference_delay=30.0,626.2342219618433,127,790.809068396611,30.0
EIR,0,275,1259670189834288748,gateway_calibration,sweep:inference_delay=30.0,684.87942350195,117,790.809068396611,30.0
EIR,0,276,8410598137000833641,gateway_calibration,sweep:inference_delay=30.0,627.0015902062299,126,790.809068396611,30.0
EIR,0,277,1185151382987079039,gateway_calibration,sweep:inference_delay=30.0,570.5268140610485,111,790.809068396611,30.0
EIR,0,278,5397428248508408359,gateway_calibration,sweep:inference_delay=30.0,683.510903282111,132,790.809068396611,30.0
EIR,0,279,5998957008792425662,gateway_calibration,sweep:inference_delay=30.0,700.3499642218846,131,790.809068396611,30.0
EIR,0,280,2089131610951051531,gateway_calibration,sweep:inference_delay=30.0,558.0669148758644,119,790.809068396611,30.0
EIR,0,281,2012755443966374785,gateway_calibration,sweep:inference_delay=30.0,643.7220608078037,122,790.809068396611,30.0
EIR,0,282,2114597933973768864,gateway_calibration,sweep:inference_delay=30.0,690.2284614639937,137,790.809068396611,30.0
EIR,0,283,8831878129511333025,gateway_calibration,sweep:inference_delay=30.0,687.7843011002213,114,790.809068396611,30.0
EIR,0,284,6987438354251427288,gateway_calibration,sweep:inference_delay=30.0,531.4952909832324,120,790.809068396611,30.0
EIR,0,285,8054880921775618110,gateway_calibration,sweep:inference_delay=30.0,632.9488222278825,139,790.809068396611,30.0
EIR,0,286,999695391193574422,gateway_calibration,sweep:inference_delay=30.0,618.2723701683275,108,790.809068396611,30.0
EIR,0,287,892170020453467268,gateway_calibration,sweep:inference_delay=30.0,675.2919829129997,134,790.809068396611,30.0
EIR,0,288,6498345339573010197,gateway_calibration,sweep:inference_delay=30.0,477.5266902342765,110,790.809068396611,30.0
EIR,0,289,4469973512306689967,gateway_calibration,sweep:inference_delay=30.0,565.0140727536519,105,790.809068396611,30.0
EIR,0,290,6145075238160613470,gateway_calibration,sweep:inference_delay=30.0,583.9188424161151,152,790.809068396611,30.0
EIR,0,291,7343731827567482166,gateway_calibration,sweep:inference_delay=30.0,549.0312312714332,117,790.809068396611,30.0
EIR,0,292,7207404045751536361,gateway_calibration,sweep:inference_delay=30.0,606.5943207954514,125,790.809068396611,30.0
EIR,0,293,6326546302111431267,gateway_calibration,sweep:inference_delay=30.0,620.8848833430155,110,790.809068396611,30.0
EIR,0,294,7307030084760122045,gateway_calibration,sweep:inference_delay=30.0,542.7070935215222,101,790.809068396611,30.0
EIR,0,295,1579854418888006766,gateway_calibration,sweep:inference_delay=30.0,656.6801134346541,122,790.809068396611,30.0
EIR,0,296,8536628755610221125,gateway_calibration,sweep:inference_delay=30.0,805.2431228743676,145,790.809068396611,30.0
EIR,0,297,5855263497734871592,gateway_calibration,sweep:inference_delay=30.0,634.3557685616748,118,790.809068396611,30.0
EIR,0,298,1792559488456258481,gateway_calibration,sweep:inference_delay=30.0,628.6035246286218,137,790.809068396611,30.0
EIR,0,299,8049580192305164843,gateway_calibration,sweep:inference_delay=30.0,843.1466608255033,137,790.809068396611,30.0
EIR,0,300,6198720795388793523,gateway_calibration,sweep:inference_delay=30.0,615.0271945411226,122,790.809068396611,30.0
EIR,0,301,955614989788427435,gateway_calibration,sweep:inference_delay=30.0,680.7033456574621,117,790.809068396611,30.0
EIR,0,302,7628500191118833262,gateway_calibration,sweep:inference_delay=30.0,556.913399827377,114,790.809068396611,30.0
EIR,0,303,6074602968274594591,gateway_calibration,sweep:inference_delay=30.0,654.7943238990549,135,790.809068396611,30.0
EIR,0,304,1080467180128978309,gateway_calibration,sweep:inference_delay=30.0,689.6600678973894,128,790.809068396611,30.0
EIR,0,305,4950941931779226754,gateway_calibration,sweep:inference_delay=30.0,776.0002032531457,160,790.809068396611,30.0
EIR,0,306,735371492720512407,gateway_calibration,sweep:inference_delay=30.0,763.775319075396,119,790.809068396611,30.0
EIR,0,307,3752354279933834363,gateway_calibration,sweep:inference_delay=30.0,587.6019888563175,139,790.809068396611,30.0
EIR,0,308,8859474702215683466,gateway_calibration,sweep:inference_delay=30.0,619.035739105436,130,790.809068396611,30.0
EIR,0,309,1406307472094146112,gateway_calibration,sweep:inference_delay=30.0,527.7397486631355,122,790.809068396611,30.0
EIR,0,310,2647644007311650294,gateway_calibration,sweep:inference_delay=30.0,674.2838471591383,121,790.809068396611,30.0
EIR,0,311,6198766878795138347,gateway_calibration,sweep:inference_delay=30.0,644.4715909267353,127,790.809068396611,30.0
EIR,0,312,1087423144175922732,gateway_calibration,sweep:inference_delay=30.0,758.3583518244703,134,790.809068396611,30.0
EIR,0,313,6355807458236973872,gateway_calibration,sweep:inference_delay=30.0,603.5612199358768,104,790.809068396611,30.0
EIR,0,314,7301325227001219296,gateway_calibration,sweep:inference_delay=30.0,705.8381056308768,128,790.809068396611,30.0
EIR,0,315,6876919181157572195,gateway_calibration,sweep:inference_delay=30.0,643.8641137521738,125,790.809068396611,30.0
EIR,0,316,8421298549038886963,gateway_calibration,sweep:inference_delay=30.0,771.6963896763192,129,790.809068396611,30.0
EIR,0,317,2490896537666272156,gateway_calibration,sweep:inference_delay=30.0,582.7176304161029,121,790.809068396611,30.0
EIR,0,318,7270920481051876257,gateway_calibration,sweep:inference_delay=30.0,560.7119279533907,125,790.809068396611,30.0
EIR,0,319,6960784023868008789,gateway_calibration,sweep:inference_delay=30.0,570.7070155345716,139,790.809068396611,30.0
EIR,0,320,5545754432117480532,gateway_calibration,sweep:inference_delay=30.0,630.8989857959461,120,790.809068396611,30.0
EIR,0,321,578390938685017941,gateway_calibration,sweep:inference_delay=30.0,620.9265390262107,141,790.809068396611,30.0
EIR,0,322,7383515654249746266,gateway_calibration,sweep:inference_delay=30.0,518.0155327964424,94,790.809068396611,30.0
EIR,0,323,6142601005104639093,gateway_calibration,sweep:inference_delay=30.0,579.9627691582023,112,790.809068396611,30.0
EIR,0,324,8495920089238598724,gateway_calibration,sweep:inference_delay=30.0,572.3026004832656,111,790.809068396611,30.0
EIR,0,325,6854650115340109561,gateway_calibration,sweep:inference_delay=30.0,768.08702948944,147,790.809068396611,30.0
EIR,0,326,8928683183009620738,gateway_calibration,sweep:inference_delay=30.0,838.7846536423218,139,790.809068396611,30.0
EIR,0,327,2666580511981378890,gateway_calibration,sweep:inference_delay=30.0,557.0586233998773,110,790.809068396611,30.0
EIR,0,328,2494307082954553179,gateway_calibration,sweep:inference_delay=30.0,616.3118066765143,140,790.809068396611,30.0
EIR,0,329,3666315322142078229,gateway_calibration,sweep:inference_delay=30.0,532.09001434361,125,790.809068396611,30.0
EIR,0,330,7704187437627028487,gateway_calibration,sweep:inference_delay=30.0,511.4958611237963,114,790.809068396611,30.0
EIR,0,331,3431336093909338017,gateway_calibration,sweep:inference_delay=30.0,580.9271403160493,122,790.809068396611,30.0
EIR,0,332,2079006404624295292,gateway_calibration,sweep:inference_delay=30.0,729.4002132821811,124,790.809068396611,30.0
EIR,0,333,7574275676032283702,gateway_calibration,sweep:inference_delay=30.0,780.6075958689744,120,790.809068396611,30.0
EIR,0,334,8071057027304536181,gateway_calibration,sweep:inference_delay=30.0,757.7820910812067,129,790.809068396611,30.0
EIR,0,335,6367645851811828917,gateway_calibration,sweep:inference_delay=30.0,632.2945472886689,126,790.809068396611,30.0
EIR,0,336,5649927572993911748,gateway_calibration,sweep:inference_delay=30.0,555.0902059347034,112,790.809068396611,30.0
EIR,0,337,2021955138078522011,gateway_calibration,sweep:inference_delay=30.0,542.6199462825722,100,790.809068396611,30.0
EIR,0,338,2024557761289031430,gateway_calibration,sweep:inference_delay=30.0,716.1685199516071,128,790.809068396611,30.0
EIR,0,339,8391778338976191094,gateway_calibration,sweep:inference_delay=30.0,638.7626271315662,112,790.809068396611,30.0
EIR,0,340,4441762986505142260,gateway_calibration,sweep:inference_delay=30.0,812.5995430916886,117,790.809068396611,30.0
EIR,0,341,3908519603221341037,gateway_calibration,sweep:inference_delay=30.0,786.0214840420697,131,790.809068396611,30.0
EIR,0,342,4757892652450559695,gateway_calibration,sweep:inference_delay=30.0,688.09664335139,138,790.809068396611,30.0
EIR,0,343,9218031426779920414,gateway_calibration,sweep:inference_delay=30.0,642.8216942464834,112,790.809068396611,30.0
EIR,0,344,6608496275771042444,gateway_calibration,sweep:inference_delay=30.0,569.4085673442412,134,790.809068396611,30.0
EIR,0,345,8927583166079033125,gateway_calibration,sweep:inference_delay=30.0,578.0999870734817,130,790.809068396611,30.0
EIR,0,346,7637156928916779355,gateway_calibration,sweep:inference_delay=30.0,620.0746414083192,129,790.809068396611,30.0
EIR,0,347,6078774153310868919,gateway_calibration,sweep:inference_delay=30.0,826.6521376070608,138,790.809068396611,30.0
EIR,0,348,4994721355660344940,gateway_calibration,sweep:inference_delay=30.0,624.1141507530604,133,790.809068396611,30.0
EIR,0,349,1961467710134892616,gateway_calibration,sweep:inference_delay=30.0,690.9953650824931,135,790.809068396611,30.0
EIR,0,350,5467901253939351455,gateway_calibration,sweep:inference_delay=30.0,536.0951484670231,114,790.809068396611,30.0
EIR,0,351,271397199629971332,gateway_calibration,sweep:inference_delay=30.0,702.9650628571135,135,790.809068396611,30.0
EIR,0,352,8457529201520244396,gateway_calibration,sweep:inference_delay=30.0,586.7380482686481,125,790.809068396611,30.0
EIR,0,353,5244532571252578043,gateway_calibration,sweep:inference_delay=30.0,707.7102788018924,112,790.809068396611,30.0
EIR,0,354,6701216595509231687,gateway_calibration,sweep:inference_delay=30.0,618.4780655675087,117,790.809068396611,30.0
EIR,0,355,7252467179907006431,gateway_calibration,sweep:inference_delay=30.0,661.3358229737203,136,790.809068396611,30.0
EIR,0,356,7600155370378975843,gateway_calibration,sweep:inference_delay=30.0,733.574987416074,124,790.809068396611,30.0
EIR,0,357,7188570311301188523,gateway_calibration,sweep:inference_delay=30.0,606.1227709211646,128,790.809068396611,30.0
EIR,0,358,899839965395490991,gateway_calibration,sweep:inference_delay=30.0,668.981433038879,110,790.809068396611,30.0
EIR,0,359,4529485095654123259,gateway_calibration,sweep:inference_delay=30.0,608.4930958216253,127,790.809068396611,30.0
EIR,0,360,4246772202831402071,gateway_calibration,sweep:inference_delay=30.0,573.7282614284826,116,790.809068396611,30.0
EIR,0,361,7506670321490705116,gateway_calibration,sweep:inference_delay=30.0,732.6218329634826,137,790.809068396611,30.0
EIR,0,362,5636881837604743653,gateway_calibration,sweep:inference_delay=30.0,781.3026912760054,118,790.809068396611,30.0
EIR,0,363,3107613976478440407,gateway_calibration,sweep:inference_delay=30.0,624.0283372017768,124,790.809068396611,30.0
EIR,0,364,8913804890067057616,gateway_calibration,sweep:inference_delay=30.0,553.7450615014811,106,790.809068396611,30.0
EIR,0,365,2655170043071824236,gateway_calibration,sweep:inference_delay=30.0,685.2718761391399,110,790.809068396611,30.0
EIR,0,366,4064252743024866844,gateway_calibration,sweep:inference_delay=30.0,644.3903673732473,119,790.809068396611,30.0
EIR,0,367,5013065536133229117,gateway_calibration,sweep:inference_delay=30.0,623.2749683730248,111,790.809068396611,30.0
EIR,0,368,2606026746748543590,gateway_calibration,sweep:inference_delay=30.0,583.9212715685476,97,790.809068396611,30.0
EIR,0,369,3215402251315620287,gateway_calibration,sweep:inference_delay=30.0,642.8833630897024,119,790.809068396611,30.0
EIR,0,370,2823809376126412825,gateway_calibration,sweep:inference_delay=30.0,613.3956797571814,134,790.809068396611,30.0
EIR,0,371,303192265926455832,gateway_calibration,sweep:inference_delay=30.0,554.7173759889946,112,790.809068396611,30.0
EIR,0,372,1584730525549035275,gateway_calibration,sweep:inference_delay=30.0,732.5094631641032,142,790.809068396611,30.0
EIR,0,373,2935914490827011525,gateway_calibration,sweep:inference_delay=30.0,654.5446463893927,134,790.809068396611,30.0
EIR,0,374,5509642428993810529,gateway_calibration,sweep:inference_delay=30.0,727.0136671464769,130,790.809068396611,30.0
EIR,0,375,8484554096922988201,gateway_calibration,sweep:inference_delay=30.0,635.9715842317178,125,790.809068396611,30.0
EIR,0,376,4257268852589804336,gateway_calibration,sweep:inference_delay=30.0,613.9447949523975,122,790.809068396611,30.0
EIR,0,377,6670162613854771348,gateway_calibration,sweep:inference_delay=30.0,596.2090190206325,124,790.809068396611,30.0
EIR,0,378,6185183152939789382,gateway_calibration,sweep:inference_delay=30.0,581.031727085363,119,790.809068396611,30.0
EIR,0,379,5000450140733182030,gateway_calibration,sweep:inference_delay=30.0,718.4183844900313,122,790.809068396611,30.0
EIR,0,380,4854349973725077328,gateway_calibration,sweep:inference_delay=30.0,588.50131300043,108,790.809068396611,30.0
EIR,0,381,4270702952115561767,gateway_calibration,sweep:inference_delay=30.0,745.0788264108583,125,790.809068396611,30.0
EIR,0,382,7110795181948128030,gateway_calibration,sweep:inference_delay=30.0,562.402270700213,122,790.809068396611,30.0
EIR,0,383,4274613646144481416,gateway_calibration,sweep:inference_delay=30.0,614.0260195045765,132,790.809068396611,30.0
EIR,0,384,1175193649311241253,gateway_calibration,sweep:inference_delay=30.0,692.3538238540561,144,790.809068396611,30.0
EIR,0,385,6235064914419757477,gateway_calibration,sweep:inference_delay=30.0,735.3511460675961,138,790.809068396611,30.0
EIR,0,386,4140817241154620066,gateway_calibration,sweep:inference_delay=30.0,670.7212524143066,124,790.809068396611,30.0
EIR,0,387,7755141881615399150,gateway_calibration,sweep:inference_delay=30.0,790.6369275739909,140,790.809068396611,30.0
EIR,0,388,4718524044314119930,gateway_calibration,sweep:inference_delay=30.0,678.5508585577859,122,790.809068396611,30.0
EIR,0,389,256806395564619024,gateway_calibration,sweep:inference_delay=30.0,662.5354013352751,121,790.809068396611,30.0
EIR,0,390,2967534867083132435,gateway_calibration,sweep:inference_delay=30.0,619.1193897383407,114,790.809068396611,30.0
EIR,0,391,7559290969552812518,gateway_calibration,sweep:inference_delay=30.0,639.1425793101347,127,790.809068396611,30.0
EIR,0,392,7199857580642039448,gateway_calibration,sweep:inference_delay=30.0,547.4874837577639,115,790.809068396611,30.0
EIR,0,393,4135059324619606430,gateway_calibration,sweep:inference_delay=30.0,735.5081945223301,137,790.809068396611,30.0
EIR,0,394,964553282996356321,gateway_calibration,sweep:inference_delay=30.0,581.5282965582497,122,790.809068396611,30.0
EIR,0,395,5688549830873665172,gateway_calibration,sweep:inference_delay=30.0,648.559876951502,130,790.809068396611,30.0
EIR,0,396,2742944463439999118,gateway_calibration,sweep:inference_delay=30.0,624.5484086782859,126,790.809068396611,30.0
EIR,0,397,6036923917444201846,gateway_calibration,sweep:inference_delay=30.0,692.8137905847386,137,790.809068396611,30.0
EIR,0,398,5900348103519392260,gateway_calibration,sweep:inference_delay=30.0,699.4614567269901,122,790.809068396611,30.0
EIR,0,399,46625716833458906,gateway_calibration,sweep:inference_delay=30.0,582.6856282711088,117,790.809068396611,30.0
EIR,0,400,6489892115188660923,gateway_calibration,sweep:inference_delay=30.0,645.7671599572026,113,790.809068396611,30.0
EIR,0,401,5795169598857803676,gateway_calibration,sweep:inference_delay=30.0,691.9425232219029,127,790.809068396611,30.0
EIR,0,402,1728690982080054500,gateway_calibration,sweep:inference_delay=30.0,664.1396270471793,119,790.809068396611,30.0
EIR,0,403,957054645357889878,gateway_calibration,sweep:inference_delay=30.0,655.612928702639,105,790.809068396611,30.0
EIR,0,404,5622523196459989414,gateway_calibration,sweep:inference_delay=30.0,603.1558130895835,126,790.809068396611,30.0
EIR,0,405,7353664619293741967,gateway_calibration,sweep:inference_delay=30.0,706.807462178715,145,790.809068396611,30.0
EIR,0,406,7787306155568069295,gateway_calibration,sweep:inference_delay=30.0,655.3085859541366,124,790.809068396611,30.0
EIR,0,407,7175500333818067788,gateway_calibration,sweep:inference_delay=30.0,671.418409051568,133,790.809068396611,30.0
EIR,0,408,275501755791803357,gateway_calibration,sweep:inference_delay=30.0,673.6018157582726,123,790.809068396611,30.0
EIR,0,409,6951722889221050632,gateway_calibration,sweep:inference_delay=30.0,605.7113893097124,122,790.809068396611,30.0
EIR,0,410,8002092289136592373,gateway_calibration,sweep:inference_delay=30.0,644.1602479253639,131,790.809068396611,30.0
EIR,0,411,7363935075263491028,gateway_calibration,sweep:inference_delay=30.0,656.4543296791863,124,790.809068396611,30.0
EIR,0,412,7968924026301667953,gateway_calibration,sweep:inference_delay=30.0,660.505414816274,122,790.809068396611,30.0
EIR,0,413,7545488451379664747,gateway_calibration,sweep:inference_delay=30.0,671.0342808960226,112,790.809068396611,30.0
EIR,0,414,5596007191922688360,gateway_calibration,sweep:inference_delay=30.0,624.4155042613215,119,790.809068396611,30.0
EIR,0,415,4049363140446211452,gateway_calibration,sweep:inference_delay=30.0,668.3671974958019,108,790.809068396611,30.0
EIR,0,416,2184506667619083899,gateway_calibration,sweep:inference_delay=30.0,639.5437729125135,137,790.809068396611,30.0
EIR,0,417,7762221911486373642,gateway_calibration,sweep:inference_delay=30.0,799.2027544282591,138,790.809068396611,30.0
EIR,0,418,5158135931629161667,gateway_calibration,sweep:inference_delay=30.0,588.827505407579,121,790.809068396611,30.0
EIR,0,419,52346328105066511,gateway_calibration,sweep:inference_delay=30.0,560.9779148915248,120,790.809068396611,30.0
EIR,0,420,5373309781631019420,gateway_calibration,sweep:inference_delay=30.0,624.7267917352069,126,790.809068396611,30.0
EIR,0,421,8092294721217228179,gateway_calibration,sweep:inference_delay=30.0,522.2244889568444,89,790.809068396611,30.0
EIR,0,422,5178508996823040531,gateway_calibration,sweep:inference_delay=30.0,698.1103354070134,118,790.809068396611,30.0
EIR,0,423,1562676647918410293,gateway_calibration,sweep:inference_delay=30.0,607.1928303188141,127,790.809068396611,30.0
EIR,0,424,9055763048706054433,gateway_calibration,sweep:inference_delay=30.0,625.9993509581685,114,790.809068396611,30.0
EIR,0,425,5189157828795636189,gateway_calibration,sweep:inference_delay=30.0,645.1766097281504,127,790.809068396611,30.0
EIR,0,426,492073757527802933,gateway_calibration,sweep:inference_delay=30.0,560.341719966191,128,790.809068396611,30.0
EIR,0,427,2707720079155108067,gateway_calibration,sweep:inference_delay=30.0,665.7337834994418,115,790.809068396611,30.0
EIR,0,428,70626367624259656,gateway_calibration,sweep:inference_delay=30.0,661.02978271711,121,790.809068396611,30.0
EIR,0,429,3322764984317674927,gateway_calibration,sweep:inference_delay=30.0,720.9228575664531,142,790.809068396611,30.0
EIR,0,430,6828799096803249627,gateway_calibration,sweep:inference_delay=30.0,571.0964413546403,114,790.809068396611,30.0
EIR,0,431,7103185765657345385,gateway_calibration,sweep:inference_delay=30.0,708.4692414815472,124,790.809068396611,30.0
EIR,0,432,1517529795678806380,gateway_calibration,sweep:inference_delay=30.0,486.8196594056147,122,790.809068396611,30.0
EIR,0,433,6478143195563442386,gateway_calibration,sweep:inference_delay=30.0,684.4361442372408,133,790.809068396611,30.0
EIR,0,434,6804272919124092433,gateway_calibration,sweep:inference_delay=30.0,569.8319864343935,108,790.809068396611,30.0
EIR,0,435,3206830044036959689,gateway_calibration,sweep:inference_delay=30.0,477.9434994274066,119,790.809068396611,30.0
EIR,0,436,6924176249823088469,gateway_calibration,sweep:inference_delay=30.0,710.8139708546779,125,790.809068396611,30.0
EIR,0,437,2311676907736431243,gateway_calibration,sweep:inference_delay=30.0,537.8992548570952,105,790.809068396611,30.0
EIR,0,438,3755782677570363045,gateway_calibration,sweep:inference_delay=30.0,582.5683491673025,122,790.809068396611,30.0
EIR,0,439,3574674151854983981,gateway_calibration,sweep:inference_delay=30.0,562.0783912052714,128,790.809068396611,30.0
EIR,0,440,3021862850084846513,gateway_calibration,sweep:inference_delay=30.0,689.7423047752279,125,790.809068396611,30.0
EIR,0,441,6999284532610422846,gateway_calibration,sweep:inference_delay=30.0,616.0649053271322,124,790.809068396611,30.0
EIR,0,442,4745343097296423792,gateway_calibration,sweep:inference_delay=30.0,820.5991458205839,137,790.809068396611,30.0
EIR,0,443,1797908705536911566,gateway_calibration,sweep:inference_delay=30.0,495.4421250725713,100,790.809068396611,30.0
EIR,0,444,6123533151110003122,gateway_calibration,sweep:inference_delay=30.0,608.8173436607353,105,790.809068396611,30.0
EIR,0,445,5779475354917440195,gateway_calibration,sweep:inference_delay=30.0,594.2971968257499,110,790.809068396611,30.0
EIR,0,446,2098053745439339073,gateway_calibration,sweep:inference_delay=30.0,600.4079530114749,128,790.809068396611,30.0
EIR,0,447,359553717262825138,gateway_calibration,sweep:inference_delay=30.0,554.6635167960093,118,790.809068396611,30.0
EIR,0,448,4592254995210996458,gateway_calibration,sweep:inference_delay=30.0,709.0441624862747,135,790.809068396611,30.0
EIR,0,449,390204392259427951,gateway_calibration,sweep:inference_delay=30.0,598.5298157472643,129,790.809068396611,30.0
EIR,0,450,8727222639608309888,gateway_calibration,sweep:inference_delay=30.0,650.1269001214579,113,790.809068396611,30.0
EIR,0,451,5528287922250905348,gateway_calibration,sweep:inference_delay=30.0,464.68050496468265,108,790.809068396611,30.0
EIR,0,452,2511167253364624542,gateway_calibration,sweep:inference_delay=30.0,636.6791360169874,130,790.809068396611,30.0
EIR,0,453,5784633412525403130,gateway_calibration,sweep:inference_delay=30.0,674.7866624716163,129,790.809068396611,30.0
EIR,0,454,5239507317027829728,gateway_calibration,sweep:inference_delay=30.0,696.992741531853,121,790.809068396611,30.0
EIR,0,455,1003879602242186991,gateway_calibration,sweep:inference_delay=30.0,619.8266989234673,117,790.809068396611,30.0
EIR,0,456,2878233962541237610,gateway_calibration,sweep:inference_delay=30.0,590.6178598446462,118,790.809068396611,30.0
EIR,0,457,5693181612197541503,gateway_calibration,sweep:inference_delay=30.0,747.4708968623296,137,790.809068396611,30.0
EIR,0,458,2336266484248827902,gateway_calibration,sweep:inference_delay=30.0,711.0382311714369,125,790.809068396611,30.0
EIR,0,459,2316486004334876346,gateway_calibration,sweep:inference_delay=30.0,605.7009156677196,112,790.809068396611,30.0
EIR,0,460,475935033932666608,gateway_calibration,sweep:inference_delay=30.0,650.0881416684878,120,790.809068396611,30.0
EIR,0,461,1057320417739480016,gateway_calibration,sweep:inference_delay=30.0,681.8716844168476,119,790.809068396611,30.0
EIR,0,462,2519027733185444071,gateway_calibration,sweep:inference_delay=30.0,506.0132123751829,99,790.809068396611,30.0
EIR,0,463,1058559455744669691,gateway_calibration,sweep:inference_delay=30.0,802.9190658345673,134,790.809068396611,30.0
EIR,0,464,6574832298174142872,gateway_calibration,sweep:inference_delay=30.0,690.2696725486214,124,790.809068396611,30.0
EIR,0,465,884449267052335307,gateway_calibration,sweep:inference_delay=30.0,632.5586093526288,117,790.809068396611,30.0
EIR,0,466,6060741962131816985,gateway_calibration,sweep:inference_delay=30.0,567.2718750041118,100,790.809068396611,30.0
EIR,0,467,6839238204933409532,gateway_calibration,sweep:inference_delay=30.0,730.9136321192158,128,790.809068396611,30.0
EIR,0,468,8496979905210157746,gateway_calibration,sweep:inference_delay=30.0,707.7028672031162,139,790.809068396611,30.0
EIR,0,469,3991177911072989955,gateway_calibration,sweep:inference_delay=30.0,661.0703179217935,118,790.809068396611,30.0
EIR,0,470,3253412560018419094,gateway_calibration,sweep:inference_delay=30.0,582.9594806702518,144,790.809068396611,30.0
EIR,0,471,1188508254992210828,gateway_calibration,sweep:inference_delay=30.0,710.8827040311252,125,790.809068396611,30.0
EIR,0,472,376639237916564485,gateway_calibration,sweep:inference_delay=30.0,677.4697613033304,106,790.809068396611,30.0
EIR,0,473,5813076782046801150,gateway_calibration,sweep:inference_delay=30.0,556.7841017676107,115,790.809068396611,30.0
EIR,0,474,7144003500394196389,gateway_calibration,sweep:inference_delay=30.0,719.7494830207647,117,790.809068396611,30.0
EIR,0,475,3468452400471442198,gateway_calibration,sweep:inference_delay=30.0,700.1306272519214,114,790.809068396611,30.0
EIR,0,476,4496027302455460172,gateway_calibration,sweep:inference_delay=30.0,660.8089884530704,123,790.809068396611,30.0
EIR,0,477,2327472833988482556,gateway_calibration,sweep:inference_delay=30.0,410.11446960039257,103,790.809068396611,30.0
EIR,0,478,4278638371775298454,gateway_calibration,sweep:inference_delay=30.0,497.17578906901656,114,790.809068396611,30.0
EIR,0,479,6071174980492026700,gateway_calibration,sweep:inference_delay=30.0,524.5599327309815,99,790.809068396611,30.0
EIR,0,480,7203581437859232887,gateway_calibration,sweep:inference_delay=30.0,660.5915070239806,117,790.809068396611,30.0
EIR,0,481,2719210672007653806,gateway_calibration,sweep:inference_delay=30.0,656.922809202819,121,790.809068396611,30.0
EIR,0,482,9124791469596248056,gateway_calibration,sweep:inference_delay=30.0,605.9447228677647,115,790.809068396611,30.0
EIR,0,483,2968576874491023215,gateway_calibration,sweep:inference_delay=30.0,612.5201419189747,120,790.809068396611,30.0
EIR,0,484,6332307739886924204,gateway_calibration,sweep:inference_delay=30.0,662.7058766098063,128,790.809068396611,30.0
EIR,0,485,5961075872141027170,gateway_calibration,sweep:inference_delay=30.0,627.968804323874,115,790.809068396611,30.0
EIR,0,486,5248318877212551463,gateway_calibration,sweep:inference_delay=30.0,693.371982303575,149,790.809068396611,30.0
EIR,0,487,3764088682476505463,gateway_calibration,sweep:inference_delay=30.0,635.1433804384432,112,790.809068396611,30.0
EIR,0,488,8913131374809858282,gateway_calibration,sweep:inference_delay=30.0,586.3927179593721,112,790.809068396611,30.0
EIR,0,489,6758802190763130276,gateway_calibration,sweep:inference_delay=30.0,777.3176339984203,132,790.809068396611,30.0
EIR,0,490,1420752393602341325,gateway_calibration,sweep:inference_delay=30.0,575.014207440697,118,790.809068396611,30.0
EIR,0,491,7462300291057728315,gateway_calibration,sweep:inference_delay=30.0,514.8242661542166,107,790.809068396611,30.0
EIR,0,492,3648150288864304790,gateway_calibration,sweep:inference_delay=30.0,659.1368059594736,106,790.809068396611,30.0
EIR,0,493,5939455183901506022,gateway_calibration,sweep:inference_delay=30.0,739.1798735814978,119,790.809068396611,30.0
EIR,0,494,8156247238467660237,gateway_calibration,sweep:inference_delay=30.0,688.6415870223497,125,790.809068396611,30.0
EIR,0,495,1899290733971401023,gateway_calibration,sweep:inference_delay=30.0,696.6635670771212,124,790.809068396611,30.0
EIR,0,496,5655630732912497310,gateway_calibration,sweep:inference_delay=30.0,552.646333275881,112,790.809068396611,30.0
EIR,0,497,6112456634283222193,gateway_calibration,sweep:inference_delay=30.0,657.5256591112777,118,790.809068396611,30.0
EIR,0,498,6814992484162469007,gateway_calibration,sweep:inference_delay=30.0,636.037950581908,117,790.809068396611,30.0
EIR,0,499,3057179899601724281,gateway_calibration,sweep:inference_delay=30.0,593.6234071397779,120,790.809068396611,30.0
RR,0,0,5925671834043213193,gateway_calibration,sweep:inference_delay=60.0,710.5695061889087,134,832.3754901241731,60.0
RR,0,1,7200774796780924285,gateway_calibration,sweep:inference_delay=60.0,792.1700987871993,127,832.3754901241731,60.0
RR,0,2,244640105819728982,gateway_calibration,sweep:inference_delay=60.0,621.979547154837,113,832.3754901241731,60.0
RR,0,3,6871732106173078494,gateway_calibration,sweep:inference_delay=60.0,681.3694556580693,115,832.3754901241731,60.0
RR,0,4,2624473912691255020,gateway_calibration,sweep:inference_delay=60.0,654.6124817662648,149,832.3754901241731,60.0
RR,0,5,4852170000500350229,gateway_calibration,sweep:inference_delay=60.0,716.2747845488717,126,832.3754901241731,60.0
RR,0,6,7405769453087309273,gateway_calibration,sweep:inference_delay=60.0,698.6722482835568,126,832.3754901241731,60.0
RR,0,7,6020747788194329085,gateway_calibration,sweep:inference_delay=60.0,660.3492644005236,121,832.3754901241731,60.0
RR,0,8,2557766099584166536,gateway_calibration,sweep:inference_delay=60.0,823.7218927008608,155,832.3754901241731,60.0
RR,0,9,307163048236652169,gateway_calibration,sweep:inference_delay=60.0,759.0058442740049,147,832.3754901241731,60.0
RR,0,10,2287137114387210494,gateway_calibration,sweep:inference_delay=60.0,594.6140441481932,109,832.3754901241731,60.0
RR,0,11,5171567672042810292,gateway_calibration,sweep:inference_delay=60.0,565.079383504389,125,832.3754901241731,60.0
RR,0,12,3150217853715881471,gateway_calibration,sweep:inference_delay=60.0,562.4444898632916,107,832.3754901241731,60.0
RR,0,13,6729138854726146109,gateway_calibration,sweep:inference_delay=60.0,863.6003899577735,150,832.3754901241731,60.0
RR,0,14,350003868632301566,gateway_calibration,sweep:inference_delay=60.0,744.0026545671518,137,832.3754901241731,60.0
RR,0,15,3182658272801421459,gateway_calibration,sweep:inference_delay=60.0,489.8427764491273,107,832.3754901241731,60.0
RR,0,16,5786906965753050933,gateway_calibration,sweep:inference_delay=60.0,732.2695401802519,123,832.3754901241731,60.0
RR,0,17,1101323927115796999,gateway_calibration,sweep:inference_delay=60.0,724.425807577817,146,832.3754901241731,60.0
RR,0,18,1730873763577676706,gateway_calibration,sweep:inference_delay=60.0,661.3563352026683,123,832.3754901241731,60.0
RR,0,19,4135981756762302656,gateway_calibration,sweep:inference_delay=60.0,492.14991305166666,110,832.3754901241731,60.0
RR,0,20,5398874261312174443,gateway_calibration,sweep:inference_delay=60.0,636.2234551978663,120,832.3754901241731,60.0
RR,0,21,1315522661506385694,gateway_calibration,sweep:inference_delay=60.0,576.0710350528822,124,832.3754901241731,60.0
RR,0,22,8735653504623452455,gateway_calibration,sweep:inference_delay=60.0,855.8352089206901,151,832.3754901241731,60.0
RR,0,23,8882376598662411702,gateway_calibration,sweep:inference_delay=60.0,658.4459161341666,115,832.3754901241731,60.0
RR,0,24,4266181314989633071,gateway_calibration,sweep:inference_delay=60.0,817.9015132582052,156,832.3754901241731,60.0
RR,0,25,1444436452734370686,gateway_calibration,sweep:inference_delay=60.0,605.9531476503362,135,832.3754901241731,60.0
RR,0,26,6827974702790794858,gateway_calibration,sweep:inference_delay=60.0,626.430685087002,128,832.3754901241731,60.0
RR,0,27,8782953427441977067,gateway_calibration,sweep:inference_delay=60.0,758.100867669002,131,832.3754901241731,60.0
RR,0,28,6179022528813270415,gateway_calibration,sweep:inference_delay=60.0,623.4376346946967,138,832.3754901241731,60.0
RR,0,29,3290241583549256081,gateway_calibration,sweep:inference_delay=60.0,756.9350425561814,116,832.3754901241731,60.0
RR,0,30,1330772563376733980,gateway_calibration,sweep:inference_delay=60.0,673.7254189325174,135,832.3754901241731,60.0
RR,0,31,6197005625306334731,gateway_calibration,sweep:inference_delay=60.0,818.1103597545756,116,832.3754901241731,60.0
RR,0,32,1989680389922634424,gateway_calibration,sweep:inference_delay=60.0,708.2347102316594,137,832.3754901241731,60.0
RR,0,33,2926768956477606692,gateway_calibration,sweep:inference_delay=60.0,623.4240504657237,116,832.3754901241731,60.0
RR,0,34,85546268098739048,gateway_calibration,sweep:inference_delay=60.0,754.4391708997442,144,832.3754901241731,60.0
RR,0,35,4135620345273063261,gateway_calibration,sweep:inference_delay=60.0,677.3624730322699,135,832.3754901241731,60.0
RR,0,36,8729990995471730760,gateway_calibration,sweep:inference_delay=60.0,624.0839667707442,109,832.3754901241731,60.0
RR,0,37,8282517417841340994,gateway_calibration,sweep:inference_delay=60.0,633.2768966836677,121,832.3754901241731,60.0
RR,0,38,5377923662155920232,gateway_calibration,sweep:inference_delay=60.0,825.9233855358051,154,832.3754901241731,60.0
RR,0,39,9210898660631203433,gateway_calibration,sweep:inference_delay=60.0,838.0950233716881,145,832.3754901241731,60.0
RR,0,40,690912420039443556,gateway_calibration,sweep:inference_delay=60.0,645.2593686873573,132,832.3754901241731,60.0
RR,0,41,6861819066466716948,gateway_calibration,sweep:inference_delay=60.0,586.6933746437174,123,832.3754901241731,60.0
RR,0,42,1804216759764018806,gateway_calibration,sweep:inference_delay=60.0,653.6528219265334,133,832.3754901241731,60.0
RR,0,43,3576708242657760493,gateway_calibration,sweep:inference_delay=60.0,633.3555628639534,119,832.3754901241731,60.0
RR,0,44,4016542059329491765,gateway_calibration,sweep:inference_delay=60.0,748.7198014226412,139,832.3754901241731,60.0
RR,0,45,6776679498000039396,gateway_calibration,sweep:inference_delay=60.0,751.7336312493863,135,832.3754901241731,60.0
RR,0,46,5627357119225329878,gateway_calibration,sweep:inference_delay=60.0,654.5972696227516,131,832.3754901241731,60.0
RR,0,47,6737272488252305460,gateway_calibration,sweep:inference_delay=60.0,621.5323738167666,108,832.3754901241731,60.0
RR,0,48,6193287645901998095,gateway_calibration,sweep:inference_delay=60.0,575.5820039658978,109,832.3754901241731,60.0
RR,0,49,3242226853734419621,gateway_calibration,sweep:inference_delay=60.0,599.4778748054445,137,832.3754901241731,60.0
RR,0,50,4324662286672524518,gateway_calibration,sweep:inference_delay=60.0,648.4215416629903,112,832.3754901241731,60.0
RR,0,51,700868169020563545,gateway_calibration,sweep:inference_delay=60.0,670.8655574907604,123,832.3754901241731,60.0
RR,0,52,1351296881941134287,gateway_calibration,sweep:inference_delay=60.0,662.0609937430777,130,832.3754901241731,60.0
RR,0,53,7574921575841186223,gateway_calibration,sweep:inference_delay=60.0,605.9980560768026,131,832.3754901241731,60.0
RR,0,54,6949832385492730358,gateway_calibration,sweep:inference_delay=60.0,794.9937283785176,136,832.3754901241731,60.0
RR,0,55,615819611968220718,gateway_calibration,sweep:inference_delay=60.0,602.0275489431003,125,832.3754901241731,60.0
RR,0,56,6199591786671423913,gateway_calibration,sweep:inference_delay=60.0,611.2001342483267,132,832.3754901241731,60.0
RR,0,57,1690953994341450416,gateway_calibration,sweep:inference_delay=60.0,694.2575636659672,140,832.3754901241731,60.0
RR,0,58,3301746465389889517,gateway_calibration,sweep:inference_delay=60.0,631.2649709407863,127,832.3754901241731,60.0
RR,0,59,4114380869098667922,gateway_calibration,sweep:inference_delay=60.0,591.5667541066575,126,832.3754901241731,60.0
RR,0,60,4784237357582946533,gateway_calibration,sweep:inference_delay=60.0,669.8712570143362,129,832.3754901241731,60.0
RR,0,61,9214005594818955786,gateway_calibration,sweep:inference_delay=60.0,769.458377148537,140,832.3754901241731,60.0
RR,0,62,5315052654719885967,gateway_calibration,sweep:inference_delay=60.0,503.0053713755383,93,832.3754901241731,60.0
RR,0,63,3741891903405684305,gateway_calibration,sweep:inference_delay=60.0,666.9176781765092,131,832.3754901241731,60.0
RR,0,64,1998211544395869132,gateway_calibration,sweep:inference_delay=60.0,611.8602225671527,131,832.3754901241731,60.0
RR,0,65,8206826027296822859,gateway_calibration,sweep:inference_delay=60.0,850.2502453002842,141,832.3754901241731,60.0
RR,0,66,7779834297490939513,gateway_calibration,sweep:inference_delay=60.0,644.9860193620814,146,832.3754901241731,60.0
RR,0,67,3000902941721884574,gateway_calibration,sweep:inference_delay=60.0,728.5632018532976,143,832.3754901241731,60.0
RR,0,68,3394204688229823294,gateway_calibration,sweep:inference_delay=60.0,768.7288422165667,141,832.3754901241731,60.0
RR,0,69,1964626121850707441,gateway_calibration,sweep:inference_delay=60.0,568.7501106330727,112,832.3754901241731,60.0
RR,0,70,8763267965674036610,gateway_calibration,sweep:inference_delay=60.0,637.9656760891531,133,832.3754901241731,60.0
RR,0,71,5129553531533317421,gateway_calibration,sweep:inference_delay=60.0,695.914501289393,141,832.3754901241731,60.0
RR,0,72,6967977556250596078,gateway_calibration,sweep:inference_delay=60.0,656.9968900135642,115,832.3754901241731,60.0
RR,0,73,9052840749173882203,gateway_calibration,sweep:inference_delay=60.0,941.0215911062153,147,832.3754901241731,60.0
RR,0,74,8215228316090853756,gateway_calibration,sweep:inference_delay=60.0,678.441056985641,119,832.3754901241731,60.0
RR,0,75,5562530762562593277,gateway_calibration,sweep:inference_delay=60.0,634.6041759566143,115,832.3754901241731,60.0
RR,0,76,2104326052418264198,gateway_calibration,sweep:inference_delay=60.0,757.6607029597701,137,832.3754901241731,60.0
RR,0,77,4501043154958180522,gateway_calibration,sweep:inference_delay=60.0,638.6993700267519,118,832.3754901241731,60.0
RR,0,78,4701618699954837716,gateway_calibration,sweep:inference_delay=60.0,871.0749572992042,141,832.3754901241731,60.0
RR,0,79,4795343303295180658,gateway_calibration,sweep:inference_delay=60.0,621.0161649625372,124,832.3754901241731,60.0
RR,0,80,7807913463760248120,gateway_calibration,sweep:inference_delay=60.0,593.1709834215059,121,832.3754901241731,60.0
RR,0,81,351626185254519757,gateway_calibration,sweep:inference_delay=60.0,608.8512742396466,119,832.3754901241731,60.0
RR,0,82,4663555007415928626,gateway_calibration,sweep:inference_delay=60.0,726.5692530570421,130,832.3754901241731,60.0
RR,0,83,6980603065174165863,gateway_calibration,sweep:inference_delay=60.0,627.4689091481526,126,832.3754901241731,60.0
RR,0,84,6014210296524075653,gateway_calibration,sweep:inference_delay=60.0,700.5774432695487,126,832.3754901241731,60.0
RR,0,85,8053996494627394573,gateway_calibration,sweep:inference_delay=60.0,796.3298635741278,132,832.3754901241731,60.0
RR,0,86,4766726171618819464,gateway_calibration,sweep:inference_delay=60.0,714.5559233153239,134,832.3754901241731,60.0
RR,0,87,1089323976394509705,gateway_calibration,sweep:inference_delay=60.0,580.5933186522175,115,832.3754901241731,60.0
RR,0,88,308701452597883893,gateway_calibration,sweep:inference_delay=60.0,717.7662162594011,124,832.3754901241731,60.0
RR,0,89,3957166960628697581,gateway_calibration,sweep:inference_delay=60.0,692.8524377323209,120,832.3754901241731,60.0
RR,0,90,2990571075685670928,gateway_calibration,sweep:inference_delay=60.0,664.6035151410589,120,832.3754901241731,60.0
RR,0,91,6771726644315687128,gateway_calibration,sweep:inference_delay=60.0,762.6072299087159,149,832.3754901241731,60.0
RR,0,92,5668487982102726898,gateway_calibration,sweep:inference_delay=60.0,582.0372573769765,112,832.3754901241731,60.0
RR,0,93,4752481170186424347,gateway_calibration,sweep:inference_delay=60.0,681.7142890194805,129,832.3754901241731,60.0
RR,0,94,5923394494994148874,gateway_calibration,sweep:inference_delay=60.0,581.2656958624056,127,832.3754901241731,60.0
RR,0,95,6520413874538546851,gateway_calibration,sweep:inference_delay=60.0,646.9188153317151,127,832.3754901241731,60.0
RR,0,96,239994153578761337,gateway_calibration,sweep:inference_delay=60.0,832.2067614137912,130,832.3754901241731,60.0
RR,0,97,6270153288531404300,gateway_calibration,sweep:inference_delay=60.0,747.2338349436332,137,832.3754901241731,60.0
RR,0,98,3565046368672158100,gateway_calibration,sweep:inference_delay=60.0,662.3526789706953,122,832.3754901241731,60.0
RR,0,99,7716661645939017075,gateway_calibration,sweep:inference_delay=60.0,719.3166625303679,135,832.3754901241731,60.0
RR,0,100,6198525938119941632,gateway_calibration,sweep:inference_delay=60.0,759.2315737934973,137,832.3754901241731,60.0
RR,0,101,6201911491095788147,gateway_calibration,sweep:inference_delay=60.0,505.7540061885151,109,832.3754901241731,60.0
RR,0,102,7002284550297173130,gateway_calibration,sweep:inference_delay=60.0,615.9457564744077,125,832.3754901241731,60.0
RR,0,103,9096469544292012877,gateway_calibration,sweep:inference_delay=60.0,738.2916224937782,131,832.3754901241731,60.0
RR,0,104,5046812732414126784,gateway_calibration,sweep:inference_delay=60.0,456.1446096045707,88,832.3754901241731,60.0
RR,0,105,2122918515245026320,gateway_calibration,sweep:inference_delay=60.0,736.2940681185615,123,832.3754901241731,60.0
RR,0,106,2200628393840347971,gateway_calibration,sweep:inference_delay=60.0,679.6375872801759,123,832.3754901241731,60.0
RR,0,107,4647943614499239932,gateway_calibration,sweep:inference_delay=60.0,606.836548527165,117,832.3754901241731,60.0
RR,0,108,2292144195330825201,gateway_calibration,sweep:inference_delay=60.0,668.9285767164301,135,832.3754901241731,60.0
RR,0,109,1966974364543921038,gateway_calibration,sweep:inference_delay=60.0,774.2918261386268,138,832.3754901241731,60.0
RR,0,110,3932817853982565774,gateway_calibration,sweep:inference_delay=60.0,656.0332685555458,110,832.3754901241731,60.0
RR,0,111,3528461353277725208,gateway_calibration,sweep:inference_delay=60.0,768.428450118296,140,832.3754901241731,60.0
RR,0,112,3198439789556126820,gateway_calibration,sweep:inference_delay=60.0,563.9732130817082,126,832.3754901241731,60.0
RR,0,113,6792965763312107906,gateway_calibration,sweep:inference_delay=60.0,613.5868501259486,131,832.3754901241731,60.0
RR,0,114,359605905275326758,gateway_calibration,sweep:inference_delay=60.0,767.8932496228331,143,832.3754901241731,60.0
RR,0,115,7031389658833333175,gateway_calibration,sweep:inference_delay=60.0,787.0474231449347,132,832.3754901241731,60.0
RR,0,116,7824367606433952160,gateway_calibration,sweep:inference_delay=60.0,838.8887464417357,130,832.3754901241731,60.0
RR,0,117,7264709129354049751,gateway_calibration,sweep:inference_delay=60.0,606.0699931183647,123,832.3754901241731,60.0
RR,0,118,3726500384806663927,gateway_calibration,sweep:inference_delay=60.0,594.9887311221913,122,832.3754901241731,60.0
RR,0,119,9106190682029771493,gateway_calibration,sweep:inference_delay=60.0,577.4755968118728,110,832.3754901241731,60.0
RR,0,120,730856011410528772,gateway_calibration,sweep:inference_delay=60.0,550.7163146401157,115,832.3754901241731,60.0
RR,0,121,5345612952754084281,gateway_calibration,sweep:inference_delay=60.0,810.8322561162781,135,832.3754901241731,60.0
RR,0,122,8097968943339609110,gateway_calibration,sweep:inference_delay=60.0,740.6081428051685,128,832.3754901241731,60.0
RR,0,123,4192164374944447440,gateway_calibration,sweep:inference_delay=60.0,650.5324896278117,124,832.3754901241731,60.0
RR,0,124,6133177063341409234,gateway_calibration,sweep:inference_delay=60.0,587.9235519111224,121,832.3754901241731,60.0
RR,0,125,1008258460750021318,gateway_calibration,sweep:inference_delay=60.0,735.6936687704429,145,832.3754901241731,60.0
RR,0,126,5050090605617614245,gateway_calibration,sweep:inference_delay=60.0,650.7734926101973,132,832.3754901241731,60.0
RR,0,127,2025488544176842734,gateway_calibration,sweep:inference_delay=60.0,632.6953919953069,125,832.3754901241731,60.0
RR,0,128,2791776503299838304,gateway_calibration,sweep:inference_delay=60.0,605.876901715756,137,832.3754901241731,60.0
RR,0,129,4651654752528753712,gateway_calibration,sweep:inference_delay=60.0,694.1977541176143,134,832.3754901241731,60.0
RR,0,130,3721827010283102737,gateway_calibration,sweep:inference_delay=60.0,735.8487377773961,134,832.3754901241731,60.0
RR,0,131,1408308125171664937,gateway_calibration,sweep:inference_delay=60.0,633.5002161493978,135,832.3754901241731,60.0
RR,0,132,8195342072114219867,gateway_calibration,sweep:inference_delay=60.0,607.3654885721319,122,832.3754901241731,60.0
RR,0,133,9126307450568550253,gateway_calibration,sweep:inference_delay=60.0,680.4171204017641,137,832.3754901241731,60.0
RR,0,134,3846158724809287051,gateway_calibration,sweep:inference_delay=60.0,722.0276583974191,136,832.3754901241731,60.0
RR,0,135,4406775816267758090,gateway_calibration,sweep:inference_delay=60.0,664.8300554024233,121,832.3754901241731,60.0
RR,0,136,6558957418407147573,gateway_calibration,sweep:inference_delay=60.0,726.4982154997303,131,832.3754901241731,60.0
RR,0,137,4915477532633590606,gateway_calibration,sweep:inference_delay=60.0,768.22230130384,141,832.3754901241731,60.0
RR,0,138,3839083447820116925,gateway_calibration,sweep:inference_delay=60.0,638.2244676765451,125,832.3754901241731,60.0
RR,0,139,9044205503061271238,gateway_calibration,sweep:inference_delay=60.0,641.2948156782384,123,832.3754901241731,60.0
RR,0,140,5090423823558501480,gateway_calibration,sweep:inference_delay=60.0,604.077136313143,131,832.3754901241731,60.0
RR,0,141,5487149993906409853,gateway_calibration,sweep:inference_delay=60.0,583.8120170329785,111,832.3754901241731,60.0
RR,0,142,8920689962166812843,gateway_calibration,sweep:inference_delay=60.0,687.8808453364622,136,832.3754901241731,60.0
RR,0,143,6792657073327176892,gateway_calibration,sweep:inference_delay=60.0,710.8577102231845,124,832.3754901241731,60.0
RR,0,144,5319651945289834877,gateway_calibration,sweep:inference_delay=60.0,749.4066316829771,141,832.3754901241731,60.0
RR,0,145,3178687027346046831,gateway_calibration,sweep:inference_delay=60.0,810.6289009088421,132,832.3754901241731,60.0
RR,0,146,6051740162173983434,gateway_calibration,sweep:inference_delay=60.0,656.9718028305284,133,832.3754901241731,60.0
RR,0,147,8721847359575875166,gateway_calibration,sweep:inference_delay=60.0,618.5568214997813,113,832.3754901241731,60.0
RR,0,148,1457099956893214685,gateway_calibration,sweep:inference_delay=60.0,609.7896707900185,110,832.3754901241731,60.0
RR,0,149,5522885814739587393,gateway_calibration,sweep:inference_delay=60.0,735.780966003364,140,832.3754901241731,60.0
RR,0,150,4057400604039888717,gateway_calibration,sweep:inference_delay=60.0,762.998444034683,135,832.3754901241731,60.0
RR,0,151,8359619218187279015,gateway_calibration,sweep:inference_delay=60.0,645.3606905491597,124,832.3754901241731,60.0
RR,0,152,749558041166158543,gateway_calibration,sweep:inference_delay=60.0,565.5271835094621,131,832.3754901241731,60.0
RR,0,153,9136091130387167570,gateway_calibration,sweep:inference_delay=60.0,567.9872619771127,115,832.3754901241731,60.0
RR,0,154,6908411638993647517,gateway_calibration,sweep:inference_delay=60.0,538.0424125091887,114,832.3754901241731,60.0
RR,0,155,3280345037641469408,gateway_calibration,sweep:inference_delay=60.0,705.8489188312586,125,832.3754901241731,60.0
RR,0,156,3939871415154840948,gateway_calibration,sweep:inference_delay=60.0,651.8562332518585,132,832.3754901241731,60.0
RR,0,157,8959410313558835897,gateway_calibration,sweep:inference_delay=60.0,642.6413842769346,121,832.3754901241731,60.0
RR,0,158,6716235226635333234,gateway_calibration,sweep:inference_delay=60.0,589.5359373537761,121,832.3754901241731,60.0
RR,0,159,4314521145888190310,gateway_calibration,sweep:inference_delay=60.0,557.527675466976,128,832.3754901241731,60.0
RR,0,160,4952701568563033900,gateway_calibration,sweep:inference_delay=60.0,581.0883431858559,125,832.3754901241731,60.0
RR,0,161,2472494553412043000,gateway_calibration,sweep:inference_delay=60.0,594.9839307286985,105,832.3754901241731,60.0
RR,0,162,2524745171617986989,gateway_calibration,sweep:inference_delay=60.0,655.6558883866704,140,832.3754901241731,60.0
RR,0,163,2438333776048878068,gateway_calibration,sweep:inference_delay=60.0,737.5846399242665,130,832.3754901241731,60.0
RR,0,164,2959540034191778484,gateway_calibration,sweep:inference_delay=60.0,737.1818402682437,141,832.3754901241731,60.0
RR,0,165,4625529377599593672,gateway_calibration,sweep:inference_delay=60.0,666.3921990251486,126,832.3754901241731,60.0
RR,0,166,26072033219010051,gateway_calibration,sweep:inference_delay=60.0,601.4136246276878,130,832.3754901241731,60.0
RR,0,167,2407502174523466880,gateway_calibration,sweep:inference_delay=60.0,741.5261427319007,124,832.3754901241731,60.0
RR,0,168,8220563747670001356,gateway_calibration,sweep:inference_delay=60.0,733.1594626335215,144,832.3754901241731,60.0
RR,0,169,2706458581357345251,gateway_calibration,sweep:inference_delay=60.0,701.6785137998241,127,832.3754901241731,60.0
RR,0,170,5853477317895438392,gateway_calibration,sweep:inference_delay=60.0,767.4272533356308,130,832.3754901241731,60.0
RR,0,171,6083318482084004390,gateway_calibration,sweep:inference_delay=60.0,683.151331753392,138,832.3754901241731,60.0
RR,0,172,4483866015429282711,gateway_calibration,sweep:inference_delay=60.0,648.9311288485603,110,832.3754901241731,60.0
RR,0,173,2976243022612699587,gateway_calibration,sweep:inference_delay=60.0,730.7822056184938,144,832.3754901241731,60.0
RR,0,174,5322886584860258604,gateway_calibration,sweep:inference_delay=60.0,669.2427505490356,125,832.3754901241731,60.0
RR,0,175,6820032050978084311,gateway_calibration,sweep:inference_delay=60.0,881.796328216085,149,832.3754901241731,60.0
RR,0,176,8489303767544613462,gateway_calibration,sweep:inference_delay=60.0,751.324968500724,131,832.3754901241731,60.0
RR,0,177,3079374517493611841,gateway_calibration,sweep:inference_delay=60.0,669.6570635214142,134,832.3754901241731,60.0
RR,0,178,636162215768450892,gateway_calibration,sweep:inference_delay=60.0,528.3246491938185,124,832.3754901241731,60.0
RR,0,179,1901130526580525150,gateway_calibration,sweep:inference_delay=60.0,642.8400183472219,128,832.3754901241731,60.0
RR,0,180,5534383763525270308,gateway_calibration,sweep:inference_delay=60.0,590.0113000072629,115,832.3754901241731,60.0
RR,0,181,5815651865635755735,gateway_calibration,sweep:inference_delay=60.0,592.2293371052135,109,832.3754901241731,60.0
RR,0,182,6591583009480249280,gateway_calibration,sweep:inference_delay=60.0,633.7831101447794,120,832.3754901241731,60.0
RR,0,183,2519973973571322111,gateway_calibration,sweep:inference_delay=60.0,737.6691595218485,125,832.3754901241731,60.0
RR,0,184,436170991030224740,gateway_calibration,sweep:inference_delay=60.0,730.0163028341146,136,832.3754901241731,60.0
RR,0,185,5582165509926928083,gateway_calibration,sweep:inference_delay=60.0,723.7781405667979,136,832.3754901241731,60.0
RR,0,186,7526288343284835103,gateway_calibration,sweep:inference_delay=60.0,543.0024226963595,111,832.3754901241731,60.0
RR,0,187,7548690764450033378,gateway_calibration,sweep:inference_delay=60.0,570.9185821347774,111,832.3754901241731,60.0
RR,0,188,874977130661516167,gateway_calibration,sweep:inference_delay=60.0,769.7417620811518,132,832.3754901241731,60.0
RR,0,189,7224550817224924610,gateway_calibration,sweep:inference_delay=60.0,848.0436101016281,135,832.3754901241731,60.0
RR,0,190,8517725043733082209,gateway_calibration,sweep:inference_delay=60.0,713.3322490185607,135,832.3754901241731,60.0
RR,0,191,8886408624732860586,gateway_calibration,sweep:inference_delay=60.0,538.3691631731074,102,832.3754901241731,60.0
RR,0,192,7731065814326986337,gateway_calibration,sweep:inference_delay=60.0,650.756509461864,123,832.3754901241731,60.0
RR,0,193,5678114751534605860,gateway_calibration,sweep:inference_delay=60.0,689.6368397282979,112,832.3754901241731,60.0
RR,0,194,8694423250303720657,gateway_calibration,sweep:inference_delay=60.0,660.7576570474797,118,832.3754901241731,60.0
RR,0,195,1982024493125497422,gateway_calibration,sweep:inference_delay=60.0,610.5814075813913,119,832.3754901241731,60.0
RR,0,196,4655480210023723965,gateway_calibration,sweep:inference_delay=60.0,611.1445473754553,117,832.3754901241731,60.0
RR,0,197,8255459077386798376,gateway_calibration,sweep:inference_delay=60.0,505.8649888656256,101,832.3754901241731,60.0
RR,0,198,58072556319482566,gateway_calibration,sweep:inference_delay=60.0,725.3233045927122,145,832.3754901241731,60.0
RR,0,199,2390980510397181190,gateway_calibration,sweep:inference_delay=60.0,670.8096351583499,144,832.3754901241731,60.0
RR,0,200,1177606676618137150,gateway_calibration,sweep:inference_delay=60.0,588.9880765599315,135,832.3754901241731,60.0
RR,0,201,6013704385661178366,gateway_calibration,sweep:inference_delay=60.0,665.2507521606472,128,832.3754901241731,60.0
RR,0,202,6963798066751536595,gateway_calibration,sweep:inference_delay=60.0,843.8274887454801,141,832.3754901241731,60.0
RR,0,203,960187132393068623,gateway_calibration,sweep:inference_delay=60.0,595.7006567902786,114,832.3754901241731,60.0
RR,0,204,2629017193988041416,gateway_calibration,sweep:inference_delay=60.0,644.9898214684066,113,832.3754901241731,60.0
RR,0,205,4809285443316915594,gateway_calibration,sweep:inference_delay=60.0,625.339857697868,116,832.3754901241731,60.0
RR,0,206,6539527456603443057,gateway_calibration,sweep:inference_delay=60.0,597.3364890105465,117,832.3754901241731,60.0
RR,0,207,4606617662085072472,gateway_calibration,sweep:inference_delay=60.0,630.0479529256243,118,832.3754901241731,60.0
RR,0,208,2266001159607333181,gateway_calibration,sweep:inference_delay=60.0,578.2379234742591,122,832.3754901241731,60.0
RR,0,209,2521303332957082099,gateway_calibration,sweep:inference_delay=60.0,581.8639163062476,106,832.3754901241731,60.0
RR,0,210,8016496123059506606,gateway_calibration,sweep:inference_delay=60.0,576.7185857818654,129,832.3754901241731,60.0
RR,0,211,7025142020104207409,gateway_calibration,sweep:inference_delay=60.0,746.7609105387986,129,832.3754901241731,60.0
RR,0,212,1320564824520298748,gateway_calibration,sweep:inference_delay=60.0,655.2589011389163,127,832.3754901241731,60.0
RR,0,213,3136182297844268774,gateway_calibration,sweep:inference_delay=60.0,787.2245933043797,134,832.3754901241731,60.0
RR,0,214,5492724919581810823,gateway_calibration,sweep:inference_delay=60.0,681.8368764457613,125,832.3754901241731,60.0
RR,0,215,1454144729392595872,gateway_calibration,sweep:inference_delay=60.0,829.3676692189698,125,832.3754901241731,60.0
RR,0,216,3193724650312160261,gateway_calibration,sweep:inference_delay=60.0,705.5931043028484,122,832.3754901241731,60.0
RR,0,217,4999065362279291122,gateway_calibration,sweep:inference_delay=60.0,665.3610233202915,117,832.3754901241731,60.0
RR,0,218,5375097581081964512,gateway_calibration,sweep:inference_delay=60.0,738.421890892275,136,832.3754901241731,60.0
RR,0,219,5941145299979418954,gateway_calibration,sweep:inference_delay=60.0,715.1183190154843,121,832.3754901241731,60.0
RR,0,220,7779738233581754744,gateway_calibration,sweep:inference_delay=60.0,659.2598836470531,113,832.3754901241731,60.0
RR,0,221,7492718914349606096,gateway_calibration,sweep:inference_delay=60.0,599.68533998757,130,832.3754901241731,60.0
RR,0,222,7511488189914732341,gateway_calibration,sweep:inference_delay=60.0,650.7895341059999,123,832.3754901241731,60.0
RR,0,223,3021496157574643535,gateway_calibration,sweep:inference_delay=60.0,652.878074095446,135,832.3754901241731,60.0
RR,0,224,3437598796409170360,gateway_calibration,sweep:inference_delay=60.0,598.0684690593375,117,832.3754901241731,60.0
RR,0,225,8652560484070741732,gateway_calibration,sweep:inference_delay=60.0,626.14234079239,102,832.3754901241731,60.0
RR,0,226,2036124737792590648,gateway_calibration,sweep:inference_delay=60.0,582.232640914882,113,832.3754901241731,60.0
RR,0,227,7724485705520509733,gateway_calibration,sweep:inference_delay=60.0,667.1005523262886,134,832.3754901241731,60.0
RR,0,228,2175060204900623068,gateway_calibration,sweep:inference_delay=60.0,661.5727540340528,132,832.3754901241731,60.0
RR,0,229,8135592181065253308,gateway_calibration,sweep:inference_delay=60.0,623.804054737798,121,832.3754901241731,60.0
RR,0,230,2128364356729776621,gateway_calibration,sweep:inference_delay=60.0,910.2726652530094,148,832.3754901241731,60.0
RR,0,231,5152564359607754964,gateway_calibration,sweep:inference_delay=60.0,689.0617259591834,124,832.3754901241731,60.0
RR,0,232,967213131586856229,gateway_calibration,sweep:inference_delay=60.0,753.7042233627711,121,832.3754901241731,60.0
RR,0,233,959724380511254777,gateway_calibration,sweep:inference_delay=60.0,696.3877338438872,115,832.3754901241731,60.0
RR,0,234,910272594264087020,gateway_calibration,sweep:inference_delay=60.0,684.9113994040505,131,832.3754901241731,60.0
RR,0,235,5638855908096048972,gateway_calibration,sweep:inference_delay=60.0,816.8727500277693,128,832.3754901241731,60.0
RR,0,236,4097670355728884880,gateway_calibration,sweep:inference_delay=60.0,619.1924572954674,125,832.3754901241731,60.0
RR,0,237,7691367600926583898,gateway_calibration,sweep:inference_delay=60.0,857.3315015854055,131,832.3754901241731,60.0
RR,0,238,7991612243869270553,gateway_calibration,sweep:inference_delay=60.0,803.9811636511232,135,832.3754901241731,60.0
RR,0,239,3778442068314826430,gateway_calibration,sweep:inference_delay=60.0,698.0820626484925,125,832.3754901241731,60.0
RR,0,240,2774791086218837113,gateway_calibration,sweep:inference_delay=60.0,620.7004960829296,126,832.3754901241731,60.0
RR,0,241,4786774559380256516,gateway_calibration,sweep:inference_delay=60.0,730.8416947346027,132,832.3754901241731,60.0
RR,0,242,5112302470353732024,gateway_calibration,sweep:inference_delay=60.0,693.2106993101529,133,832.3754901241731,60.0
RR,0,243,8762321970589739445,gateway_calibration,sweep:inference_delay=60.0,728.4673381686314,131,832.3754901241731,60.0
RR,0,244,6494895551176269544,gateway_calibration,sweep:inference_delay=60.0,715.1385404559087,135,832.3754901241731,60.0
RR,0,245,933750489618474459,gateway_calibration,sweep:inference_delay=60.0,584.84814002064,107,832.3754901241731,60.0
RR,0,246,6309657726813435268,gateway_calibration,sweep:inference_delay=60.0,709.205799458462,135,832.3754901241731,60.0
RR,0,247,1919920333840170160,gateway_calibration,sweep:inference_delay=60.0,647.2552616874991,144,832.3754901241731,60.0
RR,0,248,1333281103243689586,gateway_calibration,sweep:inference_delay=60.0,732.7832907792837,152,832.3754901241731,60.0
RR,0,249,9163433203158142203,gateway_calibration,sweep:inference_delay=60.0,825.3473421025689,150,832.3754901241731,60.0
RR,0,250,1578029164414163972,gateway_calibration,sweep:inference_delay=60.0,538.1390949482865,118,832.3754901241731,60.0
RR,0,251,3738558744964133235,gateway_calibration,sweep:inference_delay=60.0,652.9801158384771,122,832.3754901241731,60.0
RR,0,252,779712269844859091,gateway_calibration,sweep:inference_delay=60.0,645.5201760892367,128,832.3754901241731,60.0
RR,0,253,6360224032523112178,gateway_calibration,sweep:inference_delay=60.0,645.7946317756023,130,832.3754901241731,60.0
RR,0,254,1099179657609426283,gateway_calibration,sweep:inference_delay=60.0,596.2599541612957,127,832.3754901241731,60.0
RR,0,255,8132697890603474168,gateway_calibration,sweep:inference_delay=60.0,682.4650266939375,131,832.3754901241731,60.0
RR,0,256,8721648293090219600,gateway_calibration,sweep:inference_delay=60.0,691.506322320976,113,832.3754901241731,60.0
RR,0,257,6184433272988834525,gateway_calibration,sweep:inference_delay=60.0,735.3805526722971,127,832.3754901241731,60.0
RR,0,258,2308222130114485520,gateway_calibration,sweep:inference_delay=60.0,796.33371005328,140,832.3754901241731,60.0
RR,0,259,6298429635818364393,gateway_calibration,sweep:inference_delay=60.0,595.4102109184001,123,832.3754901241731,60.0
RR,0,260,2884088473127472648,gateway_calibration,sweep:inference_delay=60.0,647.31084470828,138,832.3754901241731,60.0
RR,0,261,6319158536824339645,gateway_calibration,sweep:inference_delay=60.0,666.504187271051,132,832.3754901241731,60.0
RR,0,262,8730209558167991846,gateway_calibration,sweep:inference_delay=60.0,570.3899905075746,111,832.3754901241731,60.0
RR,0,263,4187341148272842516,gateway_calibration,sweep:inference_delay=60.0,646.9545755803753,126,832.3754901241731,60.0
RR,0,264,4398216521941726562,gateway_calibration,sweep:inference_delay=60.0,619.6619857394247,119,832.3754901241731,60.0
RR,0,265,5120857451885231281,gateway_calibration,sweep:inference_delay=60.0,700.9055144641079,128,832.3754901241731,60.0
RR,0,266,8421217193915774480,gateway_calibration,sweep:inference_delay=60.0,694.5206609019807,131,832.3754901241731,60.0
RR,0,267,9187882147257101966,gateway_calibration,sweep:inference_delay=60.0,695.1574150093162,122,832.3754901241731,60.0
RR,0,268,1115452623583228405,gateway_calibration,sweep:inference_delay=60.0,896.2011339600762,151,832.3754901241731,60.0
RR,0,269,2443432135650253435,gateway_calibration,sweep:inference_delay=60.0,692.8971578904343,139,832.3754901241731,60.0
RR,0,270,8227923531086367088,gateway_calibration,sweep:inference_delay=60.0,658.9976461428702,124,832.3754901241731,60.0
RR,0,271,7059435294684042843,gateway_calibration,sweep:inference_delay=60.0,681.3769737591547,129,832.3754901241731,60.0
RR,0,272,3253951675888402575,gateway_calibration,sweep:inference_delay=60.0,664.5610531505512,129,832.3754901241731,60.0
RR,0,273,2770376358093214595,gateway_calibration,sweep:inference_delay=60.0,615.9117022116739,121,832.3754901241731,60.0
RR,0,274,2998665624981099071,gateway_calibration,sweep:inference_delay=60.0,679.1290204876723,119,832.3754901241731,60.0
RR,0,275,2354129162518116218,gateway_calibration,sweep:inference_delay=60.0,646.3014787996826,126,832.3754901241731,60.0
RR,0,276,7242697652496510808,gateway_calibration,sweep:inference_delay=60.0,659.1229325704379,111,832.3754901241731,60.0
RR,0,277,2183493870572430133,gateway_calibration,sweep:inference_delay=60.0,652.5544210646267,125,832.3754901241731,60.0
RR,0,278,1709283237644276882,gateway_calibration,sweep:inference_delay=60.0,592.2593578180332,117,832.3754901241731,60.0
RR,0,279,6485435642766419118,gateway_calibration,sweep:inference_delay=60.0,744.4272600546719,134,832.3754901241731,60.0
RR,0,280,9197490454256413404,gateway_calibration,sweep:inference_delay=60.0,677.2879734344996,139,832.3754901241731,60.0
RR,0,281,7673750424602925693,gateway_calibration,sweep:inference_delay=60.0,733.878747347504,114,832.3754901241731,60.0
RR,0,282,6866390108351646814,gateway_calibration,sweep:inference_delay=60.0,679.5181184055484,124,832.3754901241731,60.0
RR,0,283,4690573484972615777,gateway_calibration,sweep:inference_delay=60.0,664.572462532002,110,832.3754901241731,60.0
RR,0,284,8952570075583185859,gateway_calibration,sweep:inference_delay=60.0,670.3515621984407,122,832.3754901241731,60.0
RR,0,285,5414293119867331259,gateway_calibration,sweep:inference_delay=60.0,615.3686048930771,125,832.3754901241731,60.0
RR,0,286,6167631769206407053,gateway_calibration,sweep:inference_delay=60.0,569.9092291067254,115,832.3754901241731,60.0
RR,0,287,2864383311512804230,gateway_calibration,sweep:inference_delay=60.0,666.3894620578524,132,832.3754901241731,60.0
RR,0,288,7998394186239108535,gateway_calibration,sweep:inference_delay=60.0,695.1140411890791,137,832.3754901241731,60.0
RR,0,289,6589540626489105805,gateway_calibration,sweep:inference_delay=60.0,642.7383155686233,116,832.3754901241731,60.0
RR,0,290,2915287089998200243,gateway_calibration,sweep:inference_delay=60.0,526.2931407645175,120,832.3754901241731,60.0
RR,0,291,3904057471860905282,gateway_calibration,sweep:inference_delay=60.0,680.7399187776734,123,832.3754901241731,60.0
RR,0,292,4088031778830002806,gateway_calibration,sweep:inference_delay=60.0,719.9810418090867,121,832.3754901241731,60.0
RR,0,293,840017651364718833,gateway_calibration,sweep:inference_delay=60.0,852.3158897905635,150,832.3754901241731,60.0
RR,0,294,2746529631044775475,gateway_calibration,sweep:inference_delay=60.0,698.1301043341713,105,832.3754901241731,60.0
RR,0,295,6552848129186572899,gateway_calibration,sweep:inference_delay=60.0,664.3763808151384,127,832.3754901241731,60.0
RR,0,296,2434548791584525637,gateway_calibration,sweep:inference_delay=60.0,767.6456830810993,134,832.3754901241731,60.0
RR,0,297,6472879526079623779,gateway_calibration,sweep:inference_delay=60.0,802.7917173218367,134,832.3754901241731,60.0
RR,0,298,1762201677701566618,gateway_calibration,sweep:inference_delay=60.0,710.6098481699988,142,832.3754901241731,60.0
RR,0,299,7005467144618869641,gateway_calibration,sweep:inference_delay=60.0,479.6852341006706,105,832.3754901241731,60.0
RR,0,300,6824146997773470893,gateway_calibration,sweep:inference_delay=60.0,659.1332445298071,137,832.3754901241731,60.0
RR,0,301,6674089459448440670,gateway_calibration,sweep:inference_delay=60.0,648.9260066300566,132,832.3754901241731,60.0
RR,0,302,7516385844388304413,gateway_calibration,sweep:inference_delay=60.0,739.5010012581425,135,832.3754901241731,60.0
RR,0,303,5845230606078243148,gateway_calibration,sweep:inference_delay=60.0,550.1255729267917,112,832.3754901241731,60.0
RR,0,304,8516750574638606222,gateway_calibration,sweep:inference_delay=60.0,576.0619091779388,120,832.3754901241731,60.0
RR,0,305,708245172173040933,gateway_calibration,sweep:inference_delay=60.0,708.3579204618294,132,832.3754901241731,60.0
RR,0,306,8757315283694081525,gateway_calibration,sweep:inference_delay=60.0,611.8308253847421,111,832.3754901241731,60.0
RR,0,307,6397783062301330216,gateway_calibration,sweep:inference_delay=60.0,719.8302512027706,133,832.3754901241731,60.0
RR,0,308,5906195943921828089,gateway_calibration,sweep:inference_delay=60.0,806.5761425208317,141,832.3754901241731,60.0
RR,0,309,2147811714709376242,gateway_calibration,sweep:inference_delay=60.0,597.1678731028973,110,832.3754901241731,60.0
RR,0,310,5230560227738406226,gateway_calibration,sweep:inference_delay=60.0,695.2623266690667,134,832.3754901241731,60.0
RR,0,311,2902221511608850091,gateway_calibration,sweep:inference_delay=60.0,566.2921940387434,118,832.3754901241731,60.0
RR,0,312,3517776898880676382,gateway_calibration,sweep:inference_delay=60.0,599.8459071692429,121,832.3754901241731,60.0
RR,0,313,3722479471804982840,gateway_calibration,sweep:inference_delay=60.0,702.8340052069487,120,832.3754901241731,60.0
RR,0,314,1016719812979174147,gateway_calibration,sweep:inference_delay=60.0,658.6266933841988,118,832.3754901241731,60.0
RR,0,315,4676922500917435219,gateway_calibration,sweep:inference_delay=60.0,725.3805299335046,129,832.3754901241731,60.0
RR,0,316,7230659404703642923,gateway_calibration,sweep:inference_delay=60.0,822.0741813724953,137,832.3754901241731,60.0
RR,0,317,8467527741861766830,gateway_calibration,sweep:inference_delay=60.0,650.6640579699882,118,832.3754901241731,60.0
RR,0,318,8043214787730583635,gateway_calibration,sweep:inference_delay=60.0,656.7145837659871,135,832.3754901241731,60.0
RR,0,319,3855459559265449080,gateway_calibration,sweep:inference_delay=60.0,835.5813356214325,139,832.3754901241731,60.0
RR,0,320,8840495914078723000,gateway_calibration,sweep:inference_delay=60.0,738.4893421038126,126,832.3754901241731,60.0
RR,0,321,4043511708303462840,gateway_calibration,sweep:inference_delay=60.0,568.2338596037948,112,832.3754901241731,60.0
RR,0,322,4412435780714555101,gateway_calibration,sweep:inference_delay=60.0,623.8904563900252,116,832.3754901241731,60.0
RR,0,323,4822574414782510866,gateway_calibration,sweep:inference_delay=60.0,750.558313854787,120,832.3754901241731,60.0
RR,0,324,8293621831985792938,gateway_calibration,sweep:inference_delay=60.0,705.6439648880578,143,832.3754901241731,60.0
RR,0,325,3112215189970979597,gateway_calibration,sweep:inference_delay=60.0,673.9645656574571,105,832.3754901241731,60.0
RR,0,326,3797900480981673923,gateway_calibration,sweep:inference_delay=60.0,680.1990981996739,145,832.3754901241731,60.0
RR,0,327,8101813693116383256,gateway_calibration,sweep:inference_delay=60.0,618.9524864631838,118,832.3754901241731,60.0
RR,0,328,8083267630336495215,gateway_calibration,sweep:inference_delay=60.0,690.2818836532508,134,832.3754901241731,60.0
RR,0,329,2784607114464551871,gateway_calibration,sweep:inference_delay=60.0,570.5156723197312,101,832.3754901241731,60.0
RR,0,330,5390260669672676879,gateway_calibration,sweep:inference_delay=60.0,597.5675412091717,114,832.3754901241731,60.0
RR,0,331,8313042430893266487,gateway_calibration,sweep:inference_delay=60.0,655.1642662019348,113,832.3754901241731,60.0
RR,0,332,3354250725693952879,gateway_calibration,sweep:inference_delay=60.0,919.2078976031586,145,832.3754901241731,60.0
RR,0,333,1304433911202347156,gateway_calibration,sweep:inference_delay=60.0,623.8151796942071,115,832.3754901241731,60.0
RR,0,334,7959635154566692671,gateway_calibration,sweep:inference_delay=60.0,592.1885306435723,140,832.3754901241731,60.0
RR,0,335,917283676645360835,gateway_calibration,sweep:inference_delay=60.0,692.2459445782662,121,832.3754901241731,60.0
RR,0,336,7935659110077460165,gateway_calibration,sweep:inference_delay=60.0,760.1034587126868,144,832.3754901241731,60.0
RR,0,337,2563617758809221551,gateway_calibration,sweep:inference_delay=60.0,554.8526231032304,130,832.3754901241731,60.0
RR,0,338,9180954029830038816,gateway_calibration,sweep:inference_delay=60.0,648.1968910896863,117,832.3754901241731,60.0
RR,0,339,5732140722760769194,gateway_calibration,sweep:inference_delay=60.0,782.3467059472731,131,832.3754901241731,60.0
RR,0,340,5043435875305240286,gateway_calibration,sweep:inference_delay=60.0,697.3802424404196,142,832.3754901241731,60.0
RR,0,341,7454617137407884717,gateway_calibration,sweep:inference_delay=60.0,691.218694494134,130,832.3754901241731,60.0
RR,0,342,3478496833840774494,gateway_calibration,sweep:inference_delay=60.0,859.5359942520314,141,832.3754901241731,60.0
RR,0,343,5286622649654368294,gateway_calibration,sweep:inference_delay=60.0,613.87305079393,112,832.3754901241731,60.0
RR,0,344,2706340831088961417,gateway_calibration,sweep:inference_delay=60.0,688.763600865033,140,832.3754901241731,60.0
RR,0,345,4313574104709374014,gateway_calibration,sweep:inference_delay=60.0,666.591836900323,119,832.3754901241731,60.0
RR,0,346,6927266394871686831,gateway_calibration,sweep:inference_delay=60.0,596.8458180141615,111,832.3754901241731,60.0
RR,0,347,1286822237609029695,gateway_calibration,sweep:inference_delay=60.0,676.2009951838196,122,832.3754901241731,60.0
RR,0,348,1803951148244179810,gateway_calibration,sweep:inference_delay=60.0,638.5749923001513,126,832.3754901241731,60.0
RR,0,349,4804014593881931300,gateway_calibration,sweep:inference_delay=60.0,811.749607715418,145,832.3754901241731,60.0
RR,0,350,1438098908055595399,gateway_calibration,sweep:inference_delay=60.0,764.7315783349202,133,832.3754901241731,60.0
RR,0,351,9144102225294551756,gateway_calibration,sweep:inference_delay=60.0,692.9045248272665,134,832.3754901241731,60.0
RR,0,352,3760364677056326194,gateway_calibration,sweep:inference_delay=60.0,582.3699328679168,125,832.3754901241731,60.0
RR,0,353,1954735617136578147,gateway_calibration,sweep:inference_delay=60.0,792.9530375142447,134,832.3754901241731,60.0
RR,0,354,446163800165153357,gateway_calibration,sweep:inference_delay=60.0,656.7035890335128,128,832.3754901241731,60.0
RR,0,355,7701743723118365561,gateway_calibration,sweep:inference_delay=60.0,598.7540363363233,128,832.3754901241731,60.0
RR,0,356,1784449570877994139,gateway_calibration,sweep:inference_delay=60.0,711.4635529072464,140,832.3754901241731,60.0
RR,0,357,8940757624953840084,gateway_calibration,sweep:inference_delay=60.0,705.7978391385758,140,832.3754901241731,60.0
RR,0,358,2109221474240513167,gateway_calibration,sweep:inference_delay=60.0,706.3299175603414,124,832.3754901241731,60.0
RR,0,359,8740340969830657313,gateway_calibration,sweep:inference_delay=60.0,656.5091965562405,119,832.3754901241731,60.0
RR,0,360,190235062551360531,gateway_calibration,sweep:inference_delay=60.0,711.4636034499676,131,832.3754901241731,60.0
RR,0,361,8815325403017100030,gateway_calibration,sweep:inference_delay=60.0,591.5912391380585,114,832.3754901241731,60.0
RR,0,362,7386864306167862664,gateway_calibration,sweep:inference_delay=60.0,655.6741889069917,124,832.3754901241731,60.0
RR,0,363,8015774873800147939,gateway_calibration,sweep:inference_delay=60.0,633.4705354970953,131,832.3754901241731,60.0
RR,0,364,4868848963892332736,gateway_calibration,sweep:inference_delay=60.0,594.1019376020635,121,832.3754901241731,60.0
RR,0,365,2120066478423343416,gateway_calibration,sweep:inference_delay=60.0,605.5641196519373,126,832.3754901241731,60.0
RR,0,366,4142520916237936731,gateway_calibration,sweep:inference_delay=60.0,751.487850172822,141,832.3754901241731,60.0
RR,0,367,2855788132433714917,gateway_calibration,sweep:inference_delay=60.0,744.2943328109334,127,832.3754901241731,60.0
RR,0,368,3324969549632546456,gateway_calibration,sweep:inference_delay=60.0,715.0341050280144,148,832.3754901241731,60.0
RR,0,369,2636752436573704776,gateway_calibration,sweep:inference_delay=60.0,727.145414941243,134,832.3754901241731,60.0
RR,0,370,436618842362896894,gateway_calibration,sweep:inference_delay=60.0,788.3453777493737,154,832.3754901241731,60.0
RR,0,371,4154739209815120992,gateway_calibration,sweep:inference_delay=60.0,733.4044922572704,114,832.3754901241731,60.0
RR,0,372,6484313015052992649,gateway_calibration,sweep:inference_delay=60.0,936.2105808005927,136,832.3754901241731,60.0
RR,0,373,2400490471603380382,gateway_calibration,sweep:inference_delay=60.0,661.1737770168384,116,832.3754901241731,60.0
RR,0,374,7124302024336555287,gateway_calibration,sweep:inference_delay=60.0,799.3307202139581,130,832.3754901241731,60.0
RR,0,375,8331012489468049255,gateway_calibration,sweep:inference_delay=60.0,567.4952252162141,123,832.3754901241731,60.0
RR,0,376,2242521658732086713,gateway_calibration,sweep:inference_delay=60.0,756.2452821748655,138,832.3754901241731,60.0
RR,0,377,3212890783345820114,gateway_calibration,sweep:inference_delay=60.0,749.8065120501966,143,832.3754901241731,60.0
RR,0,378,7191462216521099809,gateway_calibration,sweep:inference_delay=60.0,597.877784149993,102,832.3754901241731,60.0
RR,0,379,8198537800395146579,gateway_calibration,sweep:inference_delay=60.0,633.9783364626269,139,832.3754901241731,60.0
RR,0,380,3771222401264076616,gateway_calibration,sweep:inference_delay=60.0,540.3814714625126,99,832.3754901241731,60.0
RR,0,381,1782097719503408197,gateway_calibration,sweep:inference_delay=60.0,772.203085881002,118,832.3754901241731,60.0
RR,0,382,2015100142507932523,gateway_calibration,sweep:inference_delay=60.0,657.1830889977969,136,832.3754901241731,60.0
RR,0,383,2382575548880952641,gateway_calibration,sweep:inference_delay=60.0,781.3525943767819,130,832.3754901241731,60.0
RR,0,384,6279186096369446205,gateway_calibration,sweep:inference_delay=60.0,647.101436978923,131,832.3754901241731,60.0
RR,0,385,3915580439041825299,gateway_calibration,sweep:inference_delay=60.0,647.5376764363357,142,832.3754901241731,60.0
RR,0,386,8290536254506859606,gateway_calibration,sweep:inference_delay=60.0,686.1449574463131,111,832.3754901241731,60.0
RR,0,387,1444140400076221309,gateway_calibration,sweep:inference_delay=60.0,571.1656783766016,120,832.3754901241731,60.0
RR,0,388,7506267796157791645,gateway_calibration,sweep:inference_delay=60.0,673.2391567942849,129,832.3754901241731,60.0
RR,0,389,5590594667887228929,gateway_calibration,sweep:inference_delay=60.0,589.4636189528396,112,832.3754901241731,60.0
RR,0,390,7602308166861182330,gateway_calibration,sweep:inference_delay=60.0,889.2591576230556,129,832.3754901241731,60.0
RR,0,391,1634250776667977571,gateway_calibration,sweep:inference_delay=60.0,667.1335589642856,120,832.3754901241731,60.0
RR,0,392,5548831941175894566,gateway_calibration,sweep:inference_delay=60.0,742.3165483988533,118,832.3754901241731,60.0
RR,0,393,335383031920322337,gateway_calibration,sweep:inference_delay=60.0,733.5615433598564,140,832.3754901241731,60.0
RR,0,394,210513646879952799,gateway_calibration,sweep:inference_delay=60.0,857.7108996974723,130,832.3754901241731,60.0
RR,0,395,7782466147209532778,gateway_calibration,sweep:inference_delay=60.0,706.0162739877949,136,832.3754901241731,60.0
RR,0,396,2369325798853596163,gateway_calibration,sweep:inference_delay=60.0,674.8504690086157,125,832.3754901241731,60.0
RR,0,397,4319955539416839715,gateway_calibration,sweep:inference_delay=60.0,740.0254046916034,126,832.3754901241731,60.0
RR,0,398,7418072323328550173,gateway_calibration,sweep:inference_delay=60.0,734.0887019886743,124,832.3754901241731,60.0
RR,0,399,7753813660901100367,gateway_calibration,sweep:inference_delay=60.0,733.7740946092763,141,832.3754901241731,60.0
RR,0,400,7566203794888862017,gateway_calibration,sweep:inference_delay=60.0,643.7464344821999,132,832.3754901241731,60.0
RR,0,401,7850847819976423992,gateway_calibration,sweep:inference_delay=60.0,623.9335834290758,131,832.3754901241731,60.0
RR,0,402,340957494970872786,gateway_calibration,sweep:inference_delay=60.0,721.4386364908922,130,832.3754901241731,60.0
RR,0,403,6547589590805279659,gateway_calibration,sweep:inference_delay=60.0,591.3934196902394,106,832.3754901241731,60.0
RR,0,404,5312765862630709871,gateway_calibration,sweep:inference_delay=60.0,607.0096912074708,121,832.3754901241731,60.0
RR,0,405,7029855541985075200,gateway_calibration,sweep:inference_delay=60.0,620.1337985663911,131,832.3754901241731,60.0
RR,0,406,5599591926802178609,gateway_calibration,sweep:inference_delay=60.0,576.6902285739706,118,832.3754901241731,60.0
RR,0,407,3668523224650517563,gateway_calibration,sweep:inference_delay=60.0,793.4339579002954,132,832.3754901241731,60.0
RR,0,408,7627501010329771859,gateway_calibration,sweep:inference_delay=60.0,634.0210059631827,122,832.3754901241731,60.0
RR,0,409,1694085020057918690,gateway_calibration,sweep:inference_delay=60.0,621.8925115668558,128,832.3754901241731,60.0
RR,0,410,7154027721805166261,gateway_calibration,sweep:inference_delay=60.0,656.6749066422118,119,832.3754901241731,60.0
RR,0,411,5212724888629999943,gateway_calibration,sweep:inference_delay=60.0,636.0525324316579,129,832.3754901241731,60.0
RR,0,412,3904793019027647056,gateway_calibration,sweep:inference_delay=60.0,606.1003704591453,130,832.3754901241731,60.0
RR,0,413,2491029590166711534,gateway_calibration,sweep:inference_delay=60.0,664.2608529119367,123,832.3754901241731,60.0
RR,0,414,1934156978821050416,gateway_calibration,sweep:inference_delay=60.0,808.150523651708,136,832.3754901241731,60.0
RR,0,415,7774937575177173494,gateway_calibration,sweep:inference_delay=60.0,631.8674286974092,128,832.3754901241731,60.0
RR,0,416,8467453198927367469,gateway_calibration,sweep:inference_delay=60.0,672.3393810668352,112,832.3754901241731,60.0
RR,0,417,5064112646078101374,gateway_calibration,sweep:inference_delay=60.0,741.8278187294324,144,832.3754901241731,60.0
RR,0,418,4499142663673522710,gateway_calibration,sweep:inference_delay=60.0,649.7433097850808,110,832.3754901241731,60.0
RR,0,419,8281224658163198894,gateway_calibration,sweep:inference_delay=60.0,729.1575362537096,124,832.3754901241731,60.0
RR,0,420,1510208696287227341,gateway_calibration,sweep:inference_delay=60.0,841.6195809077124,142,832.3754901241731,60.0
RR,0,421,3448027833592599790,gateway_calibration,sweep:inference_delay=60.0,904.0844990039438,147,832.3754901241731,60.0
RR,0,422,1163347352468060028,gateway_calibration,sweep:inference_delay=60.0,684.4204139320607,126,832.3754901241731,60.0
RR,0,423,2386704637839396438,gateway_calibration,sweep:inference_delay=60.0,721.5343103695294,137,832.3754901241731,60.0
RR,0,424,7273815556583704906,gateway_calibration,sweep:inference_delay=60.0,798.7933378157022,132,832.3754901241731,60.0
RR,0,425,7460407926668604862,gateway_calibration,sweep:inference_delay=60.0,637.3590580689331,129,832.3754901241731,60.0
RR,0,426,2027841167943317880,gateway_calibration,sweep:inference_delay=60.0,690.5093377461034,130,832.3754901241731,60.0
RR,0,427,5910191595586075262,gateway_calibration,sweep:inference_delay=60.0,645.2327781551767,112,832.3754901241731,60.0
RR,0,428,6891807864365790713,gateway_calibration,sweep:inference_delay=60.0,780.4488733434987,130,832.3754901241731,60.0
RR,0,429,2567717704654605896,gateway_calibration,sweep:inference_delay=60.0,557.8917717691631,110,832.3754901241731,60.0
RR,0,430,3284461271249536174,gateway_calibration,sweep:inference_delay=60.0,724.5714853422414,139,832.3754901241731,60.0
RR,0,431,2053256856871480440,gateway_calibration,sweep:inference_delay=60.0,704.7497428435826,111,832.3754901241731,60.0
RR,0,432,334080743412450270,gateway_calibration,sweep:inference_delay=60.0,748.537937434341,147,832.3754901241731,60.0
RR,0,433,2220634845690529914,gateway_calibration,sweep:inference_delay=60.0,662.2664899112702,118,832.3754901241731,60.0
RR,0,434,2702643020670812359,gateway_calibration,sweep:inference_delay=60.0,683.6918576050032,117,832.3754901241731,60.0
RR,0,435,5996310107585996520,gateway_calibration,sweep:inference_delay=60.0,700.1917635823212,122,832.3754901241731,60.0
RR,0,436,8306717605141008710,gateway_calibration,sweep:inference_delay=60.0,641.3284102108277,135,832.3754901241731,60.0
RR,0,437,180327155282103361,gateway_calibration,sweep:inference_delay=60.0,633.5038847552629,136,832.3754901241731,60.0
RR,0,438,415190517015808529,gateway_calibration,sweep:inference_delay=60.0,762.8623804058021,133,832.3754901241731,60.0
RR,0,439,3733121263260394551,gateway_calibration,sweep:inference_delay=60.0,715.6850584619397,131,832.3754901241731,60.0
RR,0,440,2543741671885269843,gateway_calibration,sweep:inference_delay=60.0,829.7889859819782,133,832.3754901241731,60.0
RR,0,441,7381396006840745389,gateway_calibration,sweep:inference_delay=60.0,800.6482859891504,119,832.3754901241731,60.0
RR,0,442,7977466004671564359,gateway_calibration,sweep:inference_delay=60.0,529.3112023226195,110,832.3754901241731,60.0
RR,0,443,3393280067524434099,gateway_calibration,sweep:inference_delay=60.0,609.8702815971947,126,832.3754901241731,60.0
RR,0,444,9021185368232883357,gateway_calibration,sweep:inference_delay=60.0,617.5795036190831,103,832.3754901241731,60.0
RR,0,445,6006661884604870826,gateway_calibration,sweep:inference_delay=60.0,704.4067226536604,128,832.3754901241731,60.0
RR,0,446,2547637478689435143,gateway_calibration,sweep:inference_delay=60.0,685.9739378609873,134,832.3754901241731,60.0
RR,0,447,7249429518898963462,gateway_calibration,sweep:inference_delay=60.0,639.1928857676489,118,832.3754901241731,60.0
RR,0,448,1210927588871217748,gateway_calibration,sweep:inference_delay=60.0,647.9836632596752,110,832.3754901241731,60.0
RR,0,449,4117899830966687288,gateway_calibration,sweep:inference_delay=60.0,725.9647222888838,138,832.3754901241731,60.0
RR,0,450,1912706084618515979,gateway_calibration,sweep:inference_delay=60.0,578.0367986463071,117,832.3754901241731,60.0
RR,0,451,5066115501063646648,gateway_calibration,sweep:inference_delay=60.0,606.3908157698407,131,832.3754901241731,60.0
RR,0,452,4828214725025356559,gateway_calibration,sweep:inference_delay=60.0,753.165112567922,140,832.3754901241731,60.0
RR,0,453,865180428699890449,gateway_calibration,sweep:inference_delay=60.0,599.0435717283472,122,832.3754901241731,60.0
RR,0,454,7606121604459046482,gateway_calibration,sweep:inference_delay=60.0,849.3934818918441,153,832.3754901241731,60.0
RR,0,455,6551979865526317624,gateway_calibration,sweep:inference_delay=60.0,676.8896624472461,121,832.3754901241731,60.0
RR,0,456,9000618037235225990,gateway_calibration,sweep:inference_delay=60.0,717.5952530323086,126,832.3754901241731,60.0
RR,0,457,2879686047975165764,gateway_calibration,sweep:inference_delay=60.0,753.6618368846924,142,832.3754901241731,60.0
RR,0,458,3678261611846562188,gateway_calibration,sweep:inference_delay=60.0,668.1886644792993,137,832.3754901241731,60.0
RR,0,459,3652662298193198765,gateway_calibration,sweep:inference_delay=60.0,810.170845868749,115,832.3754901241731,60.0
RR,0,460,7057443649716246195,gateway_calibration,sweep:inference_delay=60.0,714.7316356012316,126,832.3754901241731,60.0
RR,0,461,6233472917703218381,gateway_calibration,sweep:inference_delay=60.0,571.3847812948922,119,832.3754901241731,60.0
RR,0,462,7942578925254984813,gateway_calibration,sweep:inference_delay=60.0,623.2575448168765,118,832.3754901241731,60.0
RR,0,463,5135113568697070171,gateway_calibration,sweep:inference_delay=60.0,683.3027725083748,129,832.3754901241731,60.0
RR,0,464,2499505161033275928,gateway_calibration,sweep:inference_delay=60.0,617.0935602929089,124,832.3754901241731,60.0
RR,0,465,6526205269096202879,gateway_calibration,sweep:inference_delay=60.0,528.5793459751445,112,832.3754901241731,60.0
RR,0,466,5243364798388865345,gateway_calibration,sweep:inference_delay=60.0,785.1004433485904,131,832.3754901241731,60.0
RR,0,467,8728348762520788905,gateway_calibration,sweep:inference_delay=60.0,609.0343503347636,124,832.3754901241731,60.0
RR,0,468,5174536173195331725,gateway_calibration,sweep:inference_delay=60.0,560.0345398856956,116,832.3754901241731,60.0
RR,0,469,6371396906232711269,gateway_calibration,sweep:inference_delay=60.0,711.2249507520941,130,832.3754901241731,60.0
RR,0,470,1303404836211053210,gateway_calibration,sweep:inference_delay=60.0,728.0378262886097,129,832.3754901241731,60.0
RR,0,471,3848808834466956824,gateway_calibration,sweep:inference_delay=60.0,713.599974091972,129,832.3754901241731,60.0
RR,0,472,8075469981195853443,gateway_calibration,sweep:inference_delay=60.0,606.8315732195931,127,832.3754901241731,60.0
RR,0,473,8247790104339075220,gateway_calibration,sweep:inference_delay=60.0,771.9429586657451,127,832.3754901241731,60.0
RR,0,474,4781195944178275016,gateway_calibration,sweep:inference_delay=60.0,715.234273601682,128,832.3754901241731,60.0
RR,0,475,4660130386960396636,gateway_calibration,sweep:inference_delay=60.0,535.1234802172081,126,832.3754901241731,60.0
RR,0,476,2959687355322645191,gateway_calibration,sweep:inference_delay=60.0,750.6374726815017,126,832.3754901241731,60.0
RR,0,477,7426581732081607528,gateway_calibration,sweep:inference_delay=60.0,850.1500375835191,140,832.3754901241731,60.0
RR,0,478,3277415886847101271,gateway_calibration,sweep:inference_delay=60.0,515.4108266785129,117,832.3754901241731,60.0
RR,0,479,7819628919966289396,gateway_calibration,sweep:inference_delay=60.0,690.9027933355794,139,832.3754901241731,60.0
RR,0,480,3014093634186805974,gateway_calibration,sweep:inference_delay=60.0,561.115315113205,123,832.3754901241731,60.0
RR,0,481,6455634424393644820,gateway_calibration,sweep:inference_delay=60.0,534.7977882270528,120,832.3754901241731,60.0
RR,0,482,1266240066517604464,gateway_calibration,sweep:inference_delay=60.0,878.0717493541762,139,832.3754901241731,60.0
RR,0,483,1358664353656246193,gateway_calibration,sweep:inference_delay=60.0,654.9963422780479,124,832.3754901241731,60.0
RR,0,484,2790159774800246686,gateway_calibration,sweep:inference_delay=60.0,781.8175506537274,135,832.3754901241731,60.0
RR,0,485,3022175909817816809,gateway_calibration,sweep:inference_delay=60.0,729.3274958152551,134,832.3754901241731,60.0
RR,0,486,1620085416105483286,gateway_calibration,sweep:inference_delay=60.0,804.0389872923973,138,832.3754901241731,60.0
RR,0,487,3615759328743481157,gateway_calibration,sweep:inference_delay=60.0,554.4377556302562,117,832.3754901241731,60.0
RR,0,488,800912091304796356,gateway_calibration,sweep:inference_delay=60.0,713.7304499648577,122,832.3754901241731,60.0
RR,0,489,841615316589366693,gateway_calibration,sweep:inference_delay=60.0,618.7882717587084,117,832.3754901241731,60.0
RR,0,490,6132090651127104936,gateway_calibration,sweep:inference_delay=60.0,697.8630259317616,138,832.3754901241731,60.0
RR,0,491,6856836764910229726,gateway_calibration,sweep:inference_delay=60.0,608.7256744829622,132,832.3754901241731,60.0
RR,0,492,8316318317592313964,gateway_calibration,sweep:inference_delay=60.0,614.8377239038141,126,832.3754901241731,60.0
RR,0,493,1410746592404927882,gateway_calibration,sweep:inference_delay=60.0,559.7790043375695,120,832.3754901241731,60.0
RR,0,494,5176773376626027551,gateway_calibration,sweep:inference_delay=60.0,493.1383597846094,113,832.3754901241731,60.0
RR,0,495,7377936158967290251,gateway_calibration,sweep:inference_delay=60.0,681.6308516876816,126,832.3754901241731,60.0
RR,0,496,3151955082242644399,gateway_calibration,sweep:inference_delay=60.0,496.7335163560905,113,832.3754901241731,60.0
RR,0,497,2589481377016481821,gateway_calibration,sweep:inference_delay=60.0,695.8183839943563,145,832.3754901241731,60.0
RR,0,498,8385888315498173193,gateway_calibration,sweep:inference_delay=60.0,602.8954294221314,109,832.3754901241731,60.0
RR,0,499,9060691058988962408,gateway_calibration,sweep:inference_delay=60.0,572.1922190291524,114,832.3754901241731,60.0
TR,0,0,5925671834043213193,gateway_calibration,sweep:inference_delay=60.0,593.1822712571432,120,774.9638142569848,60.0
TR,0,1,7200774796780924285,gateway_calibration,sweep:inference_delay=60.0,831.3861230784681,127,774.9638142569848,60.0
TR,0,2,244640105819728982,gateway_calibration,sweep:inference_delay=60.0,511.9773235278847,100,774.9638142569848,60.0
TR,0,3,6871732106173078494,gateway_calibration,sweep:inference_delay=60.0,578.2860968475995,105,774.9638142569848,60.0
TR,0,4,2624473912691255020,gateway_calibration,sweep:inference_delay=60.0,576.5324885480966,137,774.9638142569848,60.0
TR,0,5,4852170000500350229,gateway_calibration,sweep:inference_delay=60.0,629.9865391328781,106,774.9638142569848,60.0
TR,0,6,7405769453087309273,gateway_calibration,sweep:inference_delay=60.0,561.9134394943701,107,774.9638142569848,60.0
TR,0,7,6020747788194329085,gateway_calibration,sweep:inference_delay=60.0,637.7934939597521,117,774.9638142569848,60.0
TR,0,8,2557766099584166536,gateway_calibration,sweep:inference_delay=60.0,666.9067952618052,140,774.9638142569848,60.0
TR,0,9,307163048236652169,gateway_calibration,sweep:inference_delay=60.0,690.9938198476507,130,774.9638142569848,60.0
TR,0,10,2287137114387210494,gateway_calibration,sweep:inference_delay=60.0,589.1606411170735,101,774.9638142569848,60.0
TR,0,11,5171567672042810292,gateway_calibration,sweep:inference_delay=60.0,554.3093703536456,122,774.9638142569848,60.0
TR,0,12,3150217853715881471,gateway_calibration,sweep:inference_delay=60.0,610.1917600819546,117,774.9638142569848,60.0
TR,0,13,6729138854726146109,gateway_calibration,sweep:inference_delay=60.0,835.957680523475,142,774.9638142569848,60.0
TR,0,14,350003868632301566,gateway_calibration,sweep:inference_delay=60.0,704.309668918229,118,774.9638142569848,60.0
TR,0,15,3182658272801421459,gateway_calibration,sweep:inference_delay=60.0,503.7965634327383,108,774.9638142569848,60.0
TR,0,16,5786906965753050933,gateway_calibration,sweep:inference_delay=60.0,615.1602316372118,116,774.9638142569848,60.0
TR,0,17,1101323927115796999,gateway_calibration,sweep:inference_delay=60.0,671.7908588625422,126,774.9638142569848,60.0
TR,0,18,1730873763577676706,gateway_calibration,sweep:inference_delay=60.0,585.1301249588529,110,774.9638142569848,60.0
TR,0,19,4135981756762302656,gateway_calibration,sweep:inference_delay=60.0,465.7951683737339,96,774.9638142569848,60.0
TR,0,20,5398874261312174443,gateway_calibration,sweep:inference_delay=60.0,517.7729296339921,113,774.9638142569848,60.0
TR,0,21,1315522661506385694,gateway_calibration,sweep:inference_delay=60.0,663.4324197374581,115,774.9638142569848,60.0
TR,0,22,8735653504623452455,gateway_calibration,sweep:inference_delay=60.0,891.1829997470253,147,774.9638142569848,60.0
TR,0,23,8882376598662411702,gateway_calibration,sweep:inference_delay=60.0,592.666512884765,106,774.9638142569848,60.0
TR,0,24,4266181314989633071,gateway_calibration,sweep:inference_delay=60.0,782.7264938087166,128,774.9638142569848,60.0
TR,0,25,1444436452734370686,gateway_calibration,sweep:inference_delay=60.0,593.1906937136322,130,774.9638142569848,60.0
TR,0,26,6827974702790794858,gateway_calibration,sweep:inference_delay=60.0,505.9441899357825,101,774.9638142569848,60.0
TR,0,27,8782953427441977067,gateway_calibration,sweep:inference_delay=60.0,631.9914225969075,120,774.9638142569848,60.0
TR,0,28,6179022528813270415,gateway_calibration,sweep:inference_delay=60.0,504.60887446519666,109,774.9638142569848,60.0
TR,0,29,3290241583549256081,gateway_calibration,sweep:inference_delay=60.0,582.3708775520256,108,774.9638142569848,60.0
TR,0,30,1330772563376733980,gateway_calibration,sweep:inference_delay=60.0,711.0874804975447,133,774.9638142569848,60.0
TR,0,31,6197005625306334731,gateway_calibration,sweep:inference_delay=60.0,694.0013574975945,112,774.9638142569848,60.0
TR,0,32,1989680389922634424,gateway_calibration,sweep:inference_delay=60.0,550.9877383626817,109,774.9638142569848,60.0
TR,0,33,2926768956477606692,gateway_calibration,sweep:inference_delay=60.0,568.1301136530743,112,774.9638142569848,60.0
TR,0,34,85546268098739048,gateway_calibration,sweep:inference_delay=60.0,679.5315735527458,133,774.9638142569848,60.0
TR,0,35,4135620345273063261,gateway_calibration,sweep:inference_delay=60.0,755.4304035008117,130,774.9638142569848,60.0
TR,0,36,8729990995471730760,gateway_calibration,sweep:inference_delay=60.0,505.2453327434356,93,774.9638142569848,60.0
TR,0,37,8282517417841340994,gateway_calibration,sweep:inference_delay=60.0,737.7062772329642,122,774.9638142569848,60.0
TR,0,38,5377923662155920232,gateway_calibration,sweep:inference_delay=60.0,680.5110956962092,123,774.9638142569848,60.0
TR,0,39,9210898660631203433,gateway_calibration,sweep:inference_delay=60.0,798.7258007134203,133,774.9638142569848,60.0
TR,0,40,690912420039443556,gateway_calibration,sweep:inference_delay=60.0,529.1810348801664,104,774.9638142569848,60.0
TR,0,41,6861819066466716948,gateway_calibration,sweep:inference_delay=60.0,553.8805406080716,108,774.9638142569848,60.0
TR,0,42,1804216759764018806,gateway_calibration,sweep:inference_delay=60.0,536.6842984140284,110,774.9638142569848,60.0
TR,0,43,3576708242657760493,gateway_calibration,sweep:inference_delay=60.0,525.3920349175816,103,774.9638142569848,60.0
TR,0,44,4016542059329491765,gateway_calibration,sweep:inference_delay=60.0,692.0144205223526,121,774.9638142569848,60.0
TR,0,45,6776679498000039396,gateway_calibration,sweep:inference_delay=60.0,671.3085059132022,127,774.9638142569848,60.0
TR,0,46,5627357119225329878,gateway_calibration,sweep:inference_delay=60.0,598.0061497970853,111,774.9638142569848,60.0
TR,0,47,6737272488252305460,gateway_calibration,sweep:inference_delay=60.0,503.894803233675,96,774.9638142569848,60.0
TR,0,48,6193287645901998095,gateway_calibration,sweep:inference_delay=60.0,580.781102322286,107,774.9638142569848,60.0
TR,0,49,3242226853734419621,gateway_calibration,sweep:inference_delay=60.0,605.3201589163295,128,774.9638142569848,60.0
TR,0,50,4324662286672524518,gateway_calibration,sweep:inference_delay=60.0,548.367071759407,113,774.9638142569848,60.0
TR,0,51,700868169020563545,gateway_calibration,sweep:inference_delay=60.0,653.3851334431348,120,774.9638142569848,60.0
TR,0,52,1351296881941134287,gateway_calibration,sweep:inference_delay=60.0,641.7252915534601,122,774.9638142569848,60.0
TR,0,53,7574921575841186223,gateway_calibration,sweep:inference_delay=60.0,622.0436009456447,124,774.9638142569848,60.0
TR,0,54,6949832385492730358,gateway_calibration,sweep:inference_delay=60.0,680.4590743447958,114,774.9638142569848,60.0
TR,0,55,615819611968220718,gateway_calibration,sweep:inference_delay=60.0,594.2742547888435,122,774.9638142569848,60.0
TR,0,56,6199591786671423913,gateway_calibration,sweep:inference_delay=60.0,645.2337907744319,123,774.9638142569848,60.0
TR,0,57,1690953994341450416,gateway_calibration,sweep:inference_delay=60.0,596.8451076458973,126,774.9638142569848,60.0
TR,0,58,3301746465389889517,gateway_calibration,sweep:inference_delay=60.0,565.7298964087549,120,774.9638142569848,60.0
TR,0,59,4114380869098667922,gateway_calibration,sweep:inference_delay=60.0,617.1212879835599,118,774.9638142569848,60.0
TR,0,60,4784237357582946533,gateway_calibration,sweep:inference_delay=60.0,617.719122255792,106,774.9638142569848,60.0
TR,0,61,9214005594818955786,gateway_calibration,sweep:inference_delay=60.0,609.4215581549171,110,774.9638142569848,60.0
TR,0,62,5315052654719885967,gateway_calibration,sweep:inference_delay=60.0,468.9339455863864,91,774.9638142569848,60.0
TR,0,63,3741891903405684305,gateway_calibration,sweep:inference_delay=60.0,642.7353551209757,119,774.9638142569848,60.0
TR,0,64,1998211544395869132,gateway_calibration,sweep:inference_delay=60.0,675.5794527164385,117,774.9638142569848,60.0
TR,0,65,8206826027296822859,gateway_calibration,sweep:inference_delay=60.0,723.390996641009,126,774.9638142569848,60.0
TR,0,66,7779834297490939513,gateway_calibration,sweep:inference_delay=60.0,688.923002956617,141,774.9638142569848,60.0
TR,0,67,3000902941721884574,gateway_calibration,sweep:inference_delay=60.0,618.6077976916478,121,774.9638142569848,60.0
TR,0,68,3394204688229823294,gateway_calibration,sweep:inference_delay=60.0,639.988667612584,128,774.9638142569848,60.0
TR,0,69,1964626121850707441,gateway_calibration,sweep:inference_delay=60.0,578.0745456190919,107,774.9638142569848,60.0
TR,0,70,8763267965674036610,gateway_calibration,sweep:inference_delay=60.0,599.6518874637584,114,774.9638142569848,60.0
TR,0,71,5129553531533317421,gateway_calibration,sweep:inference_delay=60.0,550.597851992253,116,774.9638142569848,60.0
TR,0,72,6967977556250596078,gateway_calibration,sweep:inference_delay=60.0,645.8098698262684,121,774.9638142569848,60.0
TR,0,73,9052840749173882203,gateway_calibration,sweep:inference_delay=60.0,1041.0203887248172,153,774.9638142569848,60.0
TR,0,74,8215228316090853756,gateway_calibration,sweep:inference_delay=60.0,524.7544186547939,112,774.9638142569848,60.0
TR,0,75,5562530762562593277,gateway_calibration,sweep:inference_delay=60.0,627.9309440330002,102,774.9638142569848,60.0
TR,0,76,2104326052418264198,gateway_calibration,sweep:inference_delay=60.0,633.9620366429941,122,774.9638142569848,60.0
TR,0,77,4501043154958180522,gateway_calibration,sweep:inference_delay=60.0,527.0519034351775,93,774.9638142569848,60.0
TR,0,78,4701618699954837716,gateway_calibration,sweep:inference_delay=60.0,707.6501676200166,123,774.9638142569848,60.0
TR,0,79,4795343303295180658,gateway_calibration,sweep:inference_delay=60.0,631.5484766214802,114,774.9638142569848,60.0
TR,0,80,7807913463760248120,gateway_calibration,sweep:inference_delay=60.0,584.1097954450505,109,774.9638142569848,60.0
TR,0,81,351626185254519757,gateway_calibration,sweep:inference_delay=60.0,549.4105434762436,111,774.9638142569848,60.0
TR,0,82,4663555007415928626,gateway_calibration,sweep:inference_delay=60.0,699.792961286291,122,774.9638142569848,60.0
TR,0,83,6980603065174165863,gateway_calibration,sweep:inference_delay=60.0,624.1331132402481,113,774.9638142569848,60.0
TR,0,84,6014210296524075653,gateway_calibration,sweep:inference_delay=60.0,635.8573209259025,107,774.9638142569848,60.0
TR,0,85,8053996494627394573,gateway_calibration,sweep:inference_delay=60.0,765.9799491075775,101,774.9638142569848,60.0
TR,0,86,4766726171618819464,gateway_calibration,sweep:inference_delay=60.0,617.6090617434411,125,774.9638142569848,60.0
TR,0,87,1089323976394509705,gateway_calibration,sweep:inference_delay=60.0,563.4339539974268,108,774.9638142569848,60.0
TR,0,88,308701452597883893,gateway_calibration,sweep:inference_delay=60.0,665.3252429946435,107,774.9638142569848,60.0
TR,0,89,3957166960628697581,gateway_calibration,sweep:inference_delay=60.0,709.888217660017,124,774.9638142569848,60.0
TR,0,90,2990571075685670928,gateway_calibration,sweep:inference_delay=60.0,595.2826748832084,113,774.9638142569848,60.0
TR,0,91,6771726644315687128,gateway_calibration,sweep:inference_delay=60.0,660.9662561732426,132,774.9638142569848,60.0
TR,0,92,5668487982102726898,gateway_calibration,sweep:inference_delay=60.0,590.8776168136353,108,774.9638142569848,60.0
TR,0,93,4752481170186424347,gateway_calibration,sweep:inference_delay=60.0,631.680831737323,117,774.9638142569848,60.0
TR,0,94,5923394494994148874,gateway_calibration,sweep:inference_delay=60.0,518.280573756474,121,774.9638142569848,60.0
TR,0,95,6520413874538546851,gateway_calibration,sweep:inference_delay=60.0,581.4720345014889,124,774.9638142569848,60.0
TR,0,96,239994153578761337,gateway_calibration,sweep:inference_delay=60.0,835.4079207760373,119,774.9638142569848,60.0
TR,0,97,6270153288531404300,gateway_calibration,sweep:inference_delay=60.0,647.264939811941,117,774.9638142569848,60.0
TR,0,98,3565046368672158100,gateway_calibration,sweep:inference_delay=60.0,605.6842844221875,115,774.9638142569848,60.0
TR,0,99,7716661645939017075,gateway_calibration,sweep:inference_delay=60.0,564.7242089055115,112,774.9638142569848,60.0
TR,0,100,6198525938119941632,gateway_calibration,sweep:inference_delay=60.0,691.1053782477925,121,774.9638142569848,60.0
TR,0,101,6201911491095788147,gateway_calibration,sweep:inference_delay=60.0,484.7816960705,106,774.9638142569848,60.0
TR,0,102,7002284550297173130,gateway_calibration,sweep:inference_delay=60.0,690.5640908330444,123,774.9638142569848,60.0
TR,0,103,9096469544292012877,gateway_calibration,sweep:inference_delay=60.0,604.9694061515232,111,774.9638142569848,60.0
TR,0,104,5046812732414126784,gateway_calibration,sweep:inference_delay=60.0,525.1633890403051,104,774.9638142569848,60.0
TR,0,105,2122918515245026320,gateway_calibration,sweep:inference_delay=60.0,629.6696122797463,105,774.9638142569848,60.0
TR,0,106,2200628393840347971,gateway_calibration,sweep:inference_delay=60.0,593.8480248285734,102,774.9638142569848,60.0
TR,0,107,4647943614499239932,gateway_calibration,sweep:inference_delay=60.0,565.7695235211663,112,774.9638142569848,60.0
TR,0,108,2292144195330825201,gateway_calibration,sweep:inference_delay=60.0,745.5941920051409,137,774.9638142569848,60.0
TR,0,109,1966974364543921038,gateway_calibration,sweep:inference_delay=60.0,659.9977696389151,131,774.9638142569848,60.0
TR,0,110,3932817853982565774,gateway_calibration,sweep:inference_delay=60.0,583.6728162313634,101,774.9638142569848,60.0
TR,0,111,3528461353277725208,gateway_calibration,sweep:inference_delay=60.0,679.0476782525099,125,774.9638142569848,60.0
TR,0,112,3198439789556126820,gateway_calibration,sweep:inference_delay=60.0,529.0709842285822,109,774.9638142569848,60.0
TR,0,113,6792965763312107906,gateway_calibration,sweep:inference_delay=60.0,670.8145605910812,124,774.9638142569848,60.0
TR,0,114,359605905275326758,gateway_calibration,sweep:inference_delay=60.0,708.1990199655477,121,774.9638142569848,60.0
TR,0,115,7031389658833333175,gateway_calibration,sweep:inference_delay=60.0,700.6996255697147,109,774.9638142569848,60.0
TR,0,116,7824367606433952160,gateway_calibration,sweep:inference_delay=60.0,646.9413609833366,117,774.9638142569848,60.0
TR,0,117,7264709129354049751,gateway_calibration,sweep:inference_delay=60.0,555.3608909787995,119,774.9638142569848,60.0
TR,0,118,3726500384806663927,gateway_calibration,sweep:inference_delay=60.0,522.7546579525944,118,774.9638142569848,60.0
TR,0,119,9106190682029771493,gateway_calibration,sweep:inference_delay=60.0,545.8623290528067,104,774.9638142569848,60.0
TR,0,120,730856011410528772,gateway_calibration,sweep:inference_delay=60.0,542.3968765565601,108,774.9638142569848,60.0
TR,0,121,5345612952754084281,gateway_calibration,sweep:inference_delay=60.0,766.0719942269969,124,774.9638142569848,60.0
TR,0,122,8097968943339609110,gateway_calibration,sweep:inference_delay=60.0,642.2639494052606,110,774.9638142569848,60.0
TR,0,123,4192164374944447440,gateway_calibration,sweep:inference_delay=60.0,657.2148789175843,125,774.9638142569848,60.0
TR,0,124,6133177063341409234,gateway_calibration,sweep:inference_delay=60.0,515.1003322745513,101,774.9638142569848,60.0
TR,0,125,1008258460750021318,gateway_calibration,sweep:inference_delay=60.0,653.0387065923981,124,774.9638142569848,60.0
TR,0,126,5050090605617614245,gateway_calibration,sweep:inference_delay=60.0,545.1806783939362,111,774.9638142569848,60.0
TR,0,127,2025488544176842734,gateway_calibration,sweep:inference_delay=60.0,533.7708346763667,109,774.9638142569848,60.0
TR,0,128,2791776503299838304,gateway_calibration,sweep:inference_delay=60.0,671.8122266535623,128,774.9638142569848,60.0
TR,0,129,4651654752528753712,gateway_calibration,sweep:inference_delay=60.0,568.9285171235485,109,774.9638142569848,60.0
TR,0,130,3721827010283102737,gateway_calibration,sweep:inference_delay=60.0,525.9051611263776,110,774.9638142569848,60.0
TR,0,131,1408308125171664937,gateway_calibration,sweep:inference_delay=60.0,631.3725917541343,121,774.9638142569848,60.0
TR,0,132,8195342072114219867,gateway_calibration,sweep:inference_delay=60.0,717.57121821472,115,774.9638142569848,60.0
TR,0,133,9126307450568550253,gateway_calibration,sweep:inference_delay=60.0,594.2279678201796,112,774.9638142569848,60.0
TR,0,134,3846158724809287051,gateway_calibration,sweep:inference_delay=60.0,619.6394546266396,127,774.9638142569848,60.0
TR,0,135,4406775816267758090,gateway_calibration,sweep:inference_delay=60.0,786.955557694392,128,774.9638142569848,60.0
TR,0,136,6558957418407147573,gateway_calibration,sweep:inference_delay=60.0,570.6275100272161,106,774.9638142569848,60.0
TR,0,137,4915477532633590606,gateway_calibration,sweep:inference_delay=60.0,646.6767530079677,113,774.9638142569848,60.0
TR,0,138,3839083447820116925,gateway_calibration,sweep:inference_delay=60.0,524.0806997423772,119,774.9638142569848,60.0
TR,0,139,9044205503061271238,gateway_calibration,sweep:inference_delay=60.0,641.1774956453356,116,774.9638142569848,60.0
TR,0,140,5090423823558501480,gateway_calibration,sweep:inference_delay=60.0,573.7578211796165,125,774.9638142569848,60.0
TR,0,141,5487149993906409853,gateway_calibration,sweep:inference_delay=60.0,564.8549997437361,117,774.9638142569848,60.0
TR,0,142,8920689962166812843,gateway_calibration,sweep:inference_delay=60.0,708.8924483979963,121,774.9638142569848,60.0
TR,0,143,6792657073327176892,gateway_calibration,sweep:inference_delay=60.0,579.8359716639042,120,774.9638142569848,60.0
TR,0,144,5319651945289834877,gateway_calibration,sweep:inference_delay=60.0,641.4903366177032,124,774.9638142569848,60.0
TR,0,145,3178687027346046831,gateway_calibration,sweep:inference_delay=60.0,793.1733375765874,114,774.9638142569848,60.0
TR,0,146,6051740162173983434,gateway_calibration,sweep:inference_delay=60.0,707.424021174346,111,774.9638142569848,60.0
TR,0,147,8721847359575875166,gateway_calibration,sweep:inference_delay=60.0,581.4367747342272,103,774.9638142569848,60.0
TR,0,148,1457099956893214685,gateway_calibration,sweep:inference_delay=60.0,630.9146914268556,120,774.9638142569848,60.0
TR,0,149,5522885814739587393,gateway_calibration,sweep:inference_delay=60.0,633.8343544864447,119,774.9638142569848,60.0
TR,0,150,4057400604039888717,gateway_calibration,sweep:inference_delay=60.0,493.1380100827123,103,774.9638142569848,60.0
TR,0,151,8359619218187279015,gateway_calibration,sweep:inference_delay=60.0,616.5502528097584,107,774.9638142569848,60.0
TR,0,152,749558041166158543,gateway_calibration,sweep:inference_delay=60.0,513.116071714941,115,774.9638142569848,60.0
TR,0,153,9136091130387167570,gateway_calibration,sweep:inference_delay=60.0,574.2641502598004,100,774.9638142569848,60.0
TR,0,154,6908411638993647517,gateway_calibration,sweep:inference_delay=60.0,437.45487487500947,101,774.9638142569848,60.0
TR,0,155,3280345037641469408,gateway_calibration,sweep:inference_delay=60.0,617.8093482208329,114,774.9638142569848,60.0
TR,0,156,3939871415154840948,gateway_calibration,sweep:inference_delay=60.0,541.2118197146974,103,774.9638142569848,60.0
TR,0,157,8959410313558835897,gateway_calibration,sweep:inference_delay=60.0,621.8069022657965,122,774.9638142569848,60.0
TR,0,158,6716235226635333234,gateway_calibration,sweep:inference_delay=60.0,660.7878729057795,109,774.9638142569848,60.0
TR,0,159,4314521145888190310,gateway_calibration,sweep:inference_delay=60.0,539.8449522263551,123,774.9638142569848,60.0
TR,0,160,4952701568563033900,gateway_calibration,sweep:inference_delay=60.0,558.370400458901,111,774.9638142569848,60.0
TR,0,161,2472494553412043000,gateway_calibration,sweep:inference_delay=60.0,646.7613351121196,101,774.9638142569848,60.0
TR,0,162,2524745171617986989,gateway_calibration,sweep:inference_delay=60.0,640.7379464642703,123,774.9638142569848,60.0
TR,0,163,2438333776048878068,gateway_calibration,sweep:inference_delay=60.0,695.5190625985528,109,774.9638142569848,60.0
TR,0,164,2959540034191778484,gateway_calibration,sweep:inference_delay=60.0,766.4606006245664,132,774.9638142569848,60.0
TR,0,165,4625529377599593672,gateway_calibration,sweep:inference_delay=60.0,520.9690522028679,115,774.9638142569848,60.0
TR,0,166,26072033219010051,gateway_calibration,sweep:inference_delay=60.0,551.1991878573532,113,774.9638142569848,60.0
TR,0,167,2407502174523466880,gateway_calibration,sweep:inference_delay=60.0,618.5691328394247,116,774.9638142569848,60.0
TR,0,168,8220563747670001356,gateway_calibration,sweep:inference_delay=60.0,778.2158046872428,126,774.9638142569848,60.0
TR,0,169,2706458581357345251,gateway_calibration,sweep:inference_delay=60.0,671.792427072883,107,774.9638142569848,60.0
TR,0,170,5853477317895438392,gateway_calibration,sweep:inference_delay=60.0,627.4771891043131,114,774.9638142569848,60.0
TR,0,171,6083318482084004390,gateway_calibration,sweep:inference_delay=60.0,670.934118356676,119,774.9638142569848,60.0
TR,0,172,4483866015429282711,gateway_calibration,sweep:inference_delay=60.0,476.88208123596644,100,774.9638142569848,60.0
TR,0,173,2976243022612699587,gateway_calibration,sweep:inference_delay=60.0,611.3678499070375,123,774.9638142569848,60.0
TR,0,174,5322886584860258604,gateway_calibration,sweep:inference_delay=60.0,638.0875257658967,110,774.9638142569848,60.0
TR,0,175,6820032050978084311,gateway_calibration,sweep:inference_delay=60.0,872.3118392980513,127,774.9638142569848,60.0
TR,0,176,8489303767544613462,gateway_calibration,sweep:inference_delay=60.0,690.8296681742316,119,774.9638142569848,60.0
TR,0,177,3079374517493611841,gateway_calibration,sweep:inference_delay=60.0,631.4990078127231,115,774.9638142569848,60.0
TR,0,178,636162215768450892,gateway_calibration,sweep:inference_delay=60.0,581.3034583599672,126,774.9638142569848,60.0
TR,0,179,1901130526580525150,gateway_calibration,sweep:inference_delay=60.0,674.8797735765977,125,774.9638142569848,60.0
TR,0,180,5534383763525270308,gateway_calibration,sweep:inference_delay=60.0,612.3183408637977,115,774.9638142569848,60.0
TR,0,181,5815651865635755735,gateway_calibration,sweep:inference_delay=60.0,534.1698433645912,100,774.9638142569848,60.0
TR,0,182,6591583009480249280,gateway_calibration,sweep:inference_delay=60.0,635.7417893891646,112,774.9638142569848,60.0
TR,0,183,2519973973571322111,gateway_calibration,sweep:inference_delay=60.0,644.535060282067,108,774.9638142569848,60.0
TR,0,184,436170991030224740,gateway_calibration,sweep:inference_delay=60.0,633.8980437202348,120,774.9638142569848,60.0
TR,0,185,5582165509926928083,gateway_calibration,sweep:inference_delay=60.0,637.9254614566593,105,774.9638142569848,60.0
TR,0,186,7526288343284835103,gateway_calibration,sweep:inference_delay=60.0,459.4612654612546,101,774.9638142569848,60.0
TR,0,187,7548690764450033378,gateway_calibration,sweep:inference_delay=60.0,586.977318332583,109,774.9638142569848,60.0
TR,0,188,874977130661516167,gateway_calibration,sweep:inference_delay=60.0,562.1878603699406,111,774.9638142569848,60.0
TR,0,189,7224550817224924610,gateway_calibration,sweep:inference_delay=60.0,716.8143023311488,123,774.9638142569848,60.0
TR,0,190,8517725043733082209,gateway_calibration,sweep:inference_delay=60.0,678.8380828779666,112,774.9638142569848,60.0
TR,0,191,8886408624732860586,gateway_calibration,sweep:inference_delay=60.0,476.5603539980132,100,774.9638142569848,60.0
TR,0,192,7731065814326986337,gateway_calibration,sweep:inference_delay=60.0,575.6785025180515,112,774.9638142569848,60.0
TR,0,193,5678114751534605860,gateway_calibration,sweep:inference_delay=60.0,642.7397074127307,107,774.9638142569848,60.0
TR,0,194,8694423250303720657,gateway_calibration,sweep:inference_delay=60.0,517.6002381064496,102,774.9638142569848,60.0
TR,0,195,1982024493125497422,gateway_calibration,sweep:inference_delay=60.0,648.4351244954837,127,774.9638142569848,60.0
TR,0,196,4655480210023723965,gateway_calibration,sweep:inference_delay=60.0,615.4705021496467,98,774.9638142569848,60.0
TR,0,197,8255459077386798376,gateway_calibration,sweep:inference_delay=60.0,456.4246524523024,96,774.9638142569848,60.0
TR,0,198,58072556319482566,gateway_calibration,sweep:inference_delay=60.0,693.7687363631912,117,774.9638142569848,60.0
TR,0,199,2390980510397181190,gateway_calibration,sweep:inference_delay=60.0,582.17221971107,112,774.9638142569848,60.0
TR,0,200,1177606676618137150,gateway_calibration,sweep:inference_delay=60.0,570.8751914926405,122,774.9638142569848,60.0
TR,0,201,6013704385661178366,gateway_calibration,sweep:inference_delay=60.0,645.819866770969,132,774.9638142569848,60.0
TR,0,202,6963798066751536595,gateway_calibration,sweep:inference_delay=60.0,734.6369918334099,128,774.9638142569848,60.0
TR,0,203,960187132393068623,gateway_calibration,sweep:inference_delay=60.0,521.7002512074556,101,774.9638142569848,60.0
TR,0,204,2629017193988041416,gateway_calibration,sweep:inference_delay=60.0,659.9974412646405,112,774.9638142569848,60.0
TR,0,205,4809285443316915594,gateway_calibration,sweep:inference_delay=60.0,577.2859822109899,107,774.9638142569848,60.0
TR,0,206,6539527456603443057,gateway_calibration,sweep:inference_delay=60.0,509.72498615821104,110,774.9638142569848,60.0
TR,0,207,4606617662085072472,gateway_calibration,sweep:inference_delay=60.0,568.3238728808178,112,774.9638142569848,60.0
TR,0,208,2266001159607333181,gateway_calibration,sweep:inference_delay=60.0,596.4869448043555,106,774.9638142569848,60.0
TR,0,209,2521303332957082099,gateway_calibration,sweep:inference_delay=60.0,541.952759994684,98,774.9638142569848,60.0
TR,0,210,8016496123059506606,gateway_calibration,sweep:inference_delay=60.0,630.7329522346969,123,774.9638142569848,60.0
TR,0,211,7025142020104207409,gateway_calibration,sweep:inference_delay=60.0,551.4935536460188,103,774.9638142569848,60.0
TR,0,212,1320564824520298748,gateway_calibration,sweep:inference_delay=60.0,711.3541369635963,129,774.9638142569848,60.0
TR,0,213,3136182297844268774,gateway_calibration,sweep:inference_delay=60.0,623.8980620941237,109,774.9638142569848,60.0
TR,0,214,5492724919581810823,gateway_calibration,sweep:inference_delay=60.0,514.4149330190219,109,774.9638142569848,60.0
TR,0,215,1454144729392595872,gateway_calibration,sweep:inference_delay=60.0,873.0838044613578,117,774.9638142569848,60.0
TR,0,216,3193724650312160261,gateway_calibration,sweep:inference_delay=60.0,678.3285790877447,115,774.9638142569848,60.0
TR,0,217,4999065362279291122,gateway_calibration,sweep:inference_delay=60.0,591.8288617575116,101,774.9638142569848,60.0
TR,0,218,5375097581081964512,gateway_calibration,sweep:inference_delay=60.0,774.8919383891218,121,774.9638142569848,60.0
TR,0,219,5941145299979418954,gateway_calibration,sweep:inference_delay=60.0,707.0963992848459,105,774.9638142569848,60.0
TR,0,220,7779738233581754744,gateway_calibration,sweep:inference_delay=60.0,553.1802951065474,99,774.9638142569848,60.0
TR,0,221,7492718914349606096,gateway_calibration,sweep:inference_delay=60.0,560.8579564059104,118,774.9638142569848,60.0
TR,0,222,7511488189914732341,gateway_calibration,sweep:inference_delay=60.0,782.8404088907752,133,774.9638142569848,60.0
TR,0,223,3021496157574643535,gateway_calibration,sweep:inference_delay=60.0,535.8049660650319,119,774.9638142569848,60.0
TR,0,224,3437598796409170360,gateway_calibration,sweep:inference_delay=60.0,559.4736717169994,109,774.9638142569848,60.0
TR,0,225,8652560484070741732,gateway_calibration,sweep:inference_delay=60.0,675.5393666603669,111,774.9638142569848,60.0
TR,0,226,2036124737792590648,gateway_calibration,sweep:inference_delay=60.0,624.0426236793865,108,774.9638142569848,60.0
TR,0,227,7724485705520509733,gateway_calibration,sweep:inference_delay=60.0,634.542383331293,111,774.9638142569848,60.0
TR,0,228,2175060204900623068,gateway_calibration,sweep:inference_delay=60.0,646.1941060884233,124,774.9638142569848,60.0
TR,0,229,8135592181065253308,gateway_calibration,sweep:inference_delay=60.0,542.9332730431381,104,774.9638142569848,60.0
TR,0,230,2128364356729776621,gateway_calibration,sweep:inference_delay=60.0,742.8339251588499,136,774.9638142569848,60.0
TR,0,231,5152564359607754964,gateway_calibration,sweep:inference_delay=60.0,810.7214099581956,133,774.9638142569848,60.0
TR,0,232,967213131586856229,gateway_calibration,sweep:inference_delay=60.0,560.6278411123511,106,774.9638142569848,60.0
TR,0,233,959724380511254777,gateway_calibration,sweep:inference_delay=60.0,548.6867056560554,105,774.9638142569848,60.0
TR,0,234,910272594264087020,gateway_calibration,sweep:inference_delay=60.0,685.3315313020645,107,774.9638142569848,60.0
TR,0,235,5638855908096048972,gateway_calibration,sweep:inference_delay=60.0,562.2067618641219,98,774.9638142569848,60.0
TR,0,236,4097670355728884880,gateway_calibration,sweep:inference_delay=60.0,648.4170920135923,120,774.9638142569848,60.0
TR,0,237,7691367600926583898,gateway_calibration,sweep:inference_delay=60.0,684.201389225483,123,774.9638142569848,60.0
TR,0,238,7991612243869270553,gateway_calibration,sweep:inference_delay=60.0,626.3084185255801,120,774.9638142569848,60.0
TR,0,239,3778442068314826430,gateway_calibration,sweep:inference_delay=60.0,536.0250629134695,105,774.9638142569848,60.0
TR,0,240,2774791086218837113,gateway_calibration,sweep:inference_delay=60.0,546.4109306486813,119,774.9638142569848,60.0
TR,0,241,4786774559380256516,gateway_calibration,sweep:inference_delay=60.0,609.4038099686373,121,774.9638142569848,60.0
TR,0,242,5112302470353732024,gateway_calibration,sweep:inference_delay=60.0,760.1364847569159,132,774.9638142569848,60.0
TR,0,243,8762321970589739445,gateway_calibration,sweep:inference_delay=60.0,584.3161998776176,128,774.9638142569848,60.0
TR,0,244,6494895551176269544,gateway_calibration,sweep:inference_delay=60.0,699.5107339321121,127,774.9638142569848,60.0
TR,0,245,933750489618474459,gateway_calibration,sweep:inference_delay=60.0,584.711340080192,106,774.9638142569848,60.0
TR,0,246,6309657726813435268,gateway_calibration,sweep:inference_delay=60.0,575.8313954238699,116,774.9638142569848,60.0
TR,0,247,1919920333840170160,gateway_calibration,sweep:inference_delay=60.0,545.4911214402694,109,774.9638142569848,60.0
TR,0,248,1333281103243689586,gateway_calibration,sweep:inference_delay=60.0,725.2714442323016,146,774.9638142569848,60.0
TR,0,249,9163433203158142203,gateway_calibration,sweep:inference_delay=60.0,626.4834176924589,119,774.9638142569848,60.0
TR,0,250,1578029164414163972,gateway_calibration,sweep:inference_delay=60.0,540.2703312198424,121,774.9638142569848,60.0
TR,0,251,3738558744964133235,gateway_calibration,sweep:inference_delay=60.0,471.8771904222456,102,774.9638142569848,60.0
TR,0,252,779712269844859091,gateway_calibration,sweep:inference_delay=60.0,597.3840111973187,126,774.9638142569848,60.0
TR,0,253,6360224032523112178,gateway_calibration,sweep:inference_delay=60.0,522.1609872473854,104,774.9638142569848,60.0
TR,0,254,1099179657609426283,gateway_calibration,sweep:inference_delay=60.0,568.4936435710345,106,774.9638142569848,60.0
TR,0,255,8132697890603474168,gateway_calibration,sweep:inference_delay=60.0,655.2913805247827,122,774.9638142569848,60.0
TR,0,256,8721648293090219600,gateway_calibration,sweep:inference_delay=60.0,785.198505010114,113,774.9638142569848,60.0
TR,0,257,6184433272988834525,gateway_calibration,sweep:inference_delay=60.0,574.9301862778163,111,774.9638142569848,60.0
TR,0,258,2308222130114485520,gateway_calibration,sweep:inference_delay=60.0,787.213239583541,138,774.9638142569848,60.0
TR,0,259,6298429635818364393,gateway_calibration,sweep:inference_delay=60.0,546.4866557599439,115,774.9638142569848,60.0
TR,0,260,2884088473127472648,gateway_calibration,sweep:inference_delay=60.0,517.3285988399675,112,774.9638142569848,60.0
TR,0,261,6319158536824339645,gateway_calibration,sweep:inference_delay=60.0,748.4764416497309,123,774.9638142569848,60.0
TR,0,262,8730209558167991846,gateway_calibration,sweep:inference_delay=60.0,543.0025314725754,104,774.9638142569848,60.0
TR,0,263,4187341148272842516,gateway_calibration,sweep:inference_delay=60.0,601.1722640291376,118,774.9638142569848,60.0
TR,0,264,4398216521941726562,gateway_calibration,sweep:inference_delay=60.0,619.4038874082715,115,774.9638142569848,60.0
TR,0,265,5120857451885231281,gateway_calibration,sweep:inference_delay=60.0,630.8331333019311,116,774.9638142569848,60.0
TR,0,266,8421217193915774480,gateway_calibration,sweep:inference_delay=60.0,622.3733765736522,117,774.9638142569848,60.0
TR,0,267,9187882147257101966,gateway_calibration,sweep:inference_delay=60.0,657.9408406207285,129,774.9638142569848,60.0
TR,0,268,1115452623583228405,gateway_calibration,sweep:inference_delay=60.0,762.20211040685,129,774.9638142569848,60.0
TR,0,269,2443432135650253435,gateway_calibration,sweep:inference_delay=60.0,678.8932819014295,120,774.9638142569848,60.0
TR,0,270,8227923531086367088,gateway_calibration,sweep:inference_delay=60.0,549.5273205121872,108,774.9638142569848,60.0
TR,0,271,7059435294684042843,gateway_calibration,sweep:inference_delay=60.0,678.8841846170809,132,774.9638142569848,60.0
TR,0,272,3253951675888402575,gateway_calibration,sweep:inference_delay=60.0,690.9961546843175,121,774.9638142569848,60.0
TR,0,273,2770376358093214595,gateway_calibration,sweep:inference_delay=60.0,586.5828977754928,113,774.9638142569848,60.0
TR,0,274,2998665624981099071,gateway_calibration,sweep:inference_delay=60.0,720.5950229306014,121,774.9638142569848,60.0
TR,0,275,2354129162518116218,gateway_calibration,sweep:inference_delay=60.0,697.6287987835188,130,774.9638142569848,60.0
TR,0,276,7242697652496510808,gateway_calibration,sweep:inference_delay=60.0,718.2523511242701,111,774.9638142569848,60.0
TR,0,277,2183493870572430133,gateway_calibration,sweep:inference_delay=60.0,717.2241409687284,111,774.9638142569848,60.0
TR,0,278,1709283237644276882,gateway_calibration,sweep:inference_delay=60.0,464.70283372723117,105,774.9638142569848,60.0
TR,0,279,6485435642766419118,gateway_calibration,sweep:inference_delay=60.0,744.506295657371,128,774.9638142569848,60.0
TR,0,280,9197490454256413404,gateway_calibration,sweep:inference_delay=60.0,574.6093743470636,102,774.9638142569848,60.0
TR,0,281,7673750424602925693,gateway_calibration,sweep:inference_delay=60.0,699.8688943110798,114,774.9638142569848,60.0
TR,0,282,6866390108351646814,gateway_calibration,sweep:inference_delay=60.0,581.4045129854767,112,774.9638142569848,60.0
TR,0,283,4690573484972615777,gateway_calibration,sweep:inference_delay=60.0,706.7815364117525,112,774.9638142569848,60.0
TR,0,284,8952570075583185859,gateway_calibration,sweep:inference_delay=60.0,638.6689582955802,117,774.9638142569848,60.0
TR,0,285,5414293119867331259,gateway_calibration,sweep:inference_delay=60.0,542.7709856156981,115,774.9638142569848,60.0
TR,0,286,6167631769206407053,gateway_calibration,sweep:inference_delay=60.0,515.9648515152952,110,774.9638142569848,60.0
TR,0,287,2864383311512804230,gateway_calibration,sweep:inference_delay=60.0,705.1003857337528,117,774.9638142569848,60.0
TR,0,288,7998394186239108535,gateway_calibration,sweep:inference_delay=60.0,556.9062335408893,117,774.9638142569848,60.0
TR,0,289,6589540626489105805,gateway_calibration,sweep:inference_delay=60.0,701.922951402775,121,774.9638142569848,60.0
TR,0,290,2915287089998200243,gateway_calibration,sweep:inference_delay=60.0,504.34530049187777,109,774.9638142569848,60.0
TR,0,291,3904057471860905282,gateway_calibration,sweep:inference_delay=60.0,560.7423020871801,118,774.9638142569848,60.0
TR,0,292,4088031778830002806,gateway_calibration,sweep:inference_delay=60.0,630.556092273139,110,774.9638142569848,60.0
TR,0,293,840017651364718833,gateway_calibration,sweep:inference_delay=60.0,642.7541412672475,115,774.9638142569848,60.0
TR,0,294,2746529631044775475,gateway_calibration,sweep:inference_delay=60.0,673.9826961153589,101,774.9638142569848,60.0
TR,0,295,6552848129186572899,gateway_calibration,sweep:inference_delay=60.0,759.4227022073663,144,774.9638142569848,60.0
TR,0,296,2434548791584525637,gateway_calibration,sweep:inference_delay=60.0,700.9034241937899,130,774.9638142569848,60.0
TR,0,297,6472879526079623779,gateway_calibration,sweep:inference_delay=60.0,642.7504742219518,109,774.9638142569848,60.0
TR,0,298,1762201677701566618,gateway_calibration,sweep:inference_delay=60.0,631.1701445749507,135,774.9638142569848,60.0
TR,0,299,7005467144618869641,gateway_calibration,sweep:inference_delay=60.0,479.51326230213436,101,774.9638142569848,60.0
TR,0,300,6824146997773470893,gateway_calibration,sweep:inference_delay=60.0,579.8433366732736,129,774.9638142569848,60.0
TR,0,301,6674089459448440670,gateway_calibration,sweep:inference_delay=60.0,634.9852460308946,111,774.9638142569848,60.0
TR,0,302,7516385844388304413,gateway_calibration,sweep:inference_delay=60.0,613.5024541103221,121,774.9638142569848,60.0
TR,0,303,5845230606078243148,gateway_calibration,sweep:inference_delay=60.0,624.7675269395041,104,774.9638142569848,60.0
TR,0,304,8516750574638606222,gateway_calibration,sweep:inference_delay=60.0,528.7341743861385,112,774.9638142569848,60.0
TR,0,305,708245172173040933,gateway_calibration,sweep:inference_delay=60.0,642.757516102797,103,774.9638142569848,60.0
TR,0,306,8757315283694081525,gateway_calibration,sweep:inference_delay=60.0,518.8641852084638,97,774.9638142569848,60.0
TR,0,307,6397783062301330216,gateway_calibration,sweep:inference_delay=60.0,677.7320309319997,110,774.9638142569848,60.0
TR,0,308,5906195943921828089,gateway_calibration,sweep:inference_delay=60.0,652.2251976516438,131,774.9638142569848,60.0
TR,0,309,2147811714709376242,gateway_calibration,sweep:inference_delay=60.0,644.1237141427636,124,774.9638142569848,60.0
TR,0,310,5230560227738406226,gateway_calibration,sweep:inference_delay=60.0,594.0901135393718,120,774.9638142569848,60.0
TR,0,311,2902221511608850091,gateway_calibration,sweep:inference_delay=60.0,507.11170135537793,109,774.9638142569848,60.0
TR,0,312,3517776898880676382,gateway_calibration,sweep:inference_delay=60.0,447.34390137777405,92,774.9638142569848,60.0
TR,0,313,3722479471804982840,gateway_calibration,sweep:inference_delay=60.0,588.0483814188211,109,774.9638142569848,60.0
TR,0,314,1016719812979174147,gateway_calibration,sweep:inference_delay=60.0,574.7066587278341,104,774.9638142569848,60.0
TR,0,315,4676922500917435219,gateway_calibration,sweep:inference_delay=60.0,627.4002262099507,110,774.9638142569848,60.0
TR,0,316,7230659404703642923,gateway_calibration,sweep:inference_delay=60.0,720.9247344602518,112,774.9638142569848,60.0
TR,0,317,8467527741861766830,gateway_calibration,sweep:inference_delay=60.0,704.648870687701,116,774.9638142569848,60.0
TR,0,318,8043214787730583635,gateway_calibration,sweep:inference_delay=60.0,507.97284816601666,114,774.9638142569848,60.0
TR,0,319,3855459559265449080,gateway_calibration,sweep:inference_delay=60.0,706.7164577198027,124,774.9638142569848,60.0
TR,0,320,8840495914078723000,gateway_calibration,sweep:inference_delay=60.0,768.6554893129581,131,774.9638142569848,60.0
TR,0,321,4043511708303462840,gateway_calibration,sweep:inference_delay=60.0,622.9644817908676,120,774.9638142569848,60.0
TR,0,322,4412435780714555101,gateway_calibration,sweep:inference_delay=60.0,560.7157964438287,112,774.9638142569848,60.0
TR,0,323,4822574414782510866,gateway_calibration,sweep:inference_delay=60.0,807.3941964978386,121,774.9638142569848,60.0
TR,0,324,8293621831985792938,gateway_calibration,sweep:inference_delay=60.0,655.1311928477822,134,774.9638142569848,60.0
TR,0,325,3112215189970979597,gateway_calibration,sweep:inference_delay=60.0,617.1879735576521,99,774.9638142569848,60.0
TR,0,326,3797900480981673923,gateway_calibration,sweep:inference_delay=60.0,537.3023101494113,108,774.9638142569848,60.0
TR,0,327,8101813693116383256,gateway_calibration,sweep:inference_delay=60.0,529.0764740041576,95,774.9638142569848,60.0
TR,0,328,8083267630336495215,gateway_calibration,sweep:inference_delay=60.0,634.2826794269776,120,774.9638142569848,60.0
TR,0,329,2784607114464551871,gateway_calibration,sweep:inference_delay=60.0,574.7019293015976,110,774.9638142569848,60.0
TR,0,330,5390260669672676879,gateway_calibration,sweep:inference_delay=60.0,552.4881560978664,114,774.9638142569848,60.0
TR,0,331,8313042430893266487,gateway_calibration,sweep:inference_delay=60.0,562.5704988435801,114,774.9638142569848,60.0
TR,0,332,3354250725693952879,gateway_calibration,sweep:inference_delay=60.0,776.329455746384,130,774.9638142569848,60.0
TR,0,333,1304433911202347156,gateway_calibration,sweep:inference_delay=60.0,607.1478749395562,109,774.9638142569848,60.0
TR,0,334,7959635154566692671,gateway_calibration,sweep:inference_delay=60.0,576.8757206797601,122,774.9638142569848,60.0
TR,0,335,917283676645360835,gateway_calibration,sweep:inference_delay=60.0,629.7850974251467,120,774.9638142569848,60.0
TR,0,336,7935659110077460165,gateway_calibration,sweep:inference_delay=60.0,702.0809902357569,126,774.9638142569848,60.0
TR,0,337,2563617758809221551,gateway_calibration,sweep:inference_delay=60.0,568.8648766482395,120,774.9638142569848,60.0
TR,0,338,9180954029830038816,gateway_calibration,sweep:inference_delay=60.0,599.7204967047296,98,774.9638142569848,60.0
TR,0,339,5732140722760769194,gateway_calibration,sweep:inference_delay=60.0,704.2592143357899,120,774.9638142569848,60.0
TR,0,340,5043435875305240286,gateway_calibration,sweep:inference_delay=60.0,680.4574495429295,126,774.9638142569848,60.0
TR,0,341,7454617137407884717,gateway_calibration,sweep:inference_delay=60.0,786.3351389017174,123,774.9638142569848,60.0
TR,0,342,3478496833840774494,gateway_calibration,sweep:inference_delay=60.0,706.4229749325201,124,774.9638142569848,60.0
TR,0,343,5286622649654368294,gateway_calibration,sweep:inference_delay=60.0,725.9644263171302,112,774.9638142569848,60.0
TR,0,344,2706340831088961417,gateway_calibration,sweep:inference_delay=60.0,630.4802815996437,125,774.9638142569848,60.0
TR,0,345,4313574104709374014,gateway_calibration,sweep:inference_delay=60.0,719.5728921723022,111,774.9638142569848,60.0
TR,0,346,6927266394871686831,gateway_calibration,sweep:inference_delay=60.0,763.4203908089526,101,774.9638142569848,60.0
TR,0,347,1286822237609029695,gateway_calibration,sweep:inference_delay=60.0,589.2274015318376,111,774.9638142569848,60.0
TR,0,348,1803951148244179810,gateway_calibration,sweep:inference_delay=60.0,733.3125991563531,135,774.9638142569848,60.0
TR,0,349,4804014593881931300,gateway_calibration,sweep:inference_delay=60.0,714.4061838486975,129,774.9638142569848,60.0
TR,0,350,1438098908055595399,gateway_calibration,sweep:inference_delay=60.0,679.5077527150872,120,774.9638142569848,60.0
TR,0,351,9144102225294551756,gateway_calibration,sweep:inference_delay=60.0,626.2349729843573,119,774.9638142569848,60.0
TR,0,352,3760364677056326194,gateway_calibration,sweep:inference_delay=60.0,592.4370249640858,123,774.9638142569848,60.0
TR,0,353,1954735617136578147,gateway_calibration,sweep:inference_delay=60.0,670.1461562546966,116,774.9638142569848,60.0
TR,0,354,446163800165153357,gateway_calibration,sweep:inference_delay=60.0,517.5241398879768,107,774.9638142569848,60.0
TR,0,355,7701743723118365561,gateway_calibration,sweep:inference_delay=60.0,564.3321203409149,109,774.9638142569848,60.0
TR,0,356,1784449570877994139,gateway_calibration,sweep:inference_delay=60.0,614.0469067229458,117,774.9638142569848,60.0
TR,0,357,8940757624953840084,gateway_calibration,sweep:inference_delay=60.0,696.7085493153604,136,774.9638142569848,60.0
TR,0,358,2109221474240513167,gateway_calibration,sweep:inference_delay=60.0,625.4611863678401,118,774.9638142569848,60.0
TR,0,359,8740340969830657313,gateway_calibration,sweep:inference_delay=60.0,576.2986864083938,103,774.9638142569848,60.0
TR,0,360,190235062551360531,gateway_calibration,sweep:inference_delay=60.0,575.088217206042,113,774.9638142569848,60.0
TR,0,361,8815325403017100030,gateway_calibration,sweep:inference_delay=60.0,586.0000716544539,115,774.9638142569848,60.0
TR,0,362,7386864306167862664,gateway_calibration,sweep:inference_delay=60.0,553.4231885977817,107,774.9638142569848,60.0
TR,0,363,8015774873800147939,gateway_calibration,sweep:inference_delay=60.0,575.9353853860412,108,774.9638142569848,60.0
TR,0,364,4868848963892332736,gateway_calibration,sweep:inference_delay=60.0,604.9253532433429,114,774.9638142569848,60.0
TR,0,365,2120066478423343416,gateway_calibration,sweep:inference_delay=60.0,495.1399132459436,107,774.9638142569848,60.0
TR,0,366,4142520916237936731,gateway_calibration,sweep:inference_delay=60.0,686.0796818789909,136,774.9638142569848,60.0
TR,0,367,2855788132433714917,gateway_calibration,sweep:inference_delay=60.0,690.1254122944429,113,774.9638142569848,60.0
TR,0,368,3324969549632546456,gateway_calibration,sweep:inference_delay=60.0,710.7547224195613,125,774.9638142569848,60.0
TR,0,369,2636752436573704776,gateway_calibration,sweep:inference_delay=60.0,705.595429240337,126,774.9638142569848,60.0
TR,0,370,436618842362896894,gateway_calibration,sweep:inference_delay=60.0,645.2975115498367,115,774.9638142569848,60.0
TR,0,371,4154739209815120992,gateway_calibration,sweep:inference_delay=60.0,598.7080487282201,107,774.9638142569848,60.0
TR,0,372,6484313015052992649,gateway_calibration,sweep:inference_delay=60.0,770.7730781892968,133,774.9638142569848,60.0
TR,0,373,2400490471603380382,gateway_calibration,sweep:inference_delay=60.0,497.4748413923112,98,774.9638142569848,60.0
TR,0,374,7124302024336555287,gateway_calibration,sweep:inference_delay=60.0,595.3722007193902,113,774.9638142569848,60.0
TR,0,375,8331012489468049255,gateway_calibration,sweep:inference_delay=60.0,480.8044111438492,106,774.9638142569848,60.0
TR,0,376,2242521658732086713,gateway_calibration,sweep:inference_delay=60.0,639.7678570531169,116,774.9638142569848,60.0
TR,0,377,3212890783345820114,gateway_calibration,sweep:inference_delay=60.0,602.8830720663285,120,774.9638142569848,60.0
TR,0,378,7191462216521099809,gateway_calibration,sweep:inference_delay=60.0,601.2663661381189,111,774.9638142569848,60.0
TR,0,379,8198537800395146579,gateway_calibration,sweep:inference_delay=60.0,485.13926845446076,108,774.9638142569848,60.0
TR,0,380,3771222401264076616,gateway_calibration,sweep:inference_delay=60.0,538.2823481087397,99,774.9638142569848,60.0
TR,0,381,1782097719503408197,gateway_calibration,sweep:inference_delay=60.0,787.2192433324244,131,774.9638142569848,60.0
TR,0,382,2015100142507932523,gateway_calibration,sweep:inference_delay=60.0,671.9676974371018,129,774.9638142569848,60.0
TR,0,383,2382575548880952641,gateway_calibration,sweep:inference_delay=60.0,821.3944200726138,133,774.9638142569848,60.0
TR,0,384,6279186096369446205,gateway_calibration,sweep:inference_delay=60.0,570.2565054523992,111,774.9638142569848,60.0
TR,0,385,3915580439041825299,gateway_calibration,sweep:inference_delay=60.0,622.0772803799614,120,774.9638142569848,60.0
TR,0,386,8290536254506859606,gateway_calibration,sweep:inference_delay=60.0,574.6372890531104,100,774.9638142569848,60.0
TR,0,387,1444140400076221309,gateway_calibration,sweep:inference_delay=60.0,433.281077870119,98,774.9638142569848,60.0
TR,0,388,7506267796157791645,gateway_calibration,sweep:inference_delay=60.0,678.4754281501603,129,774.9638142569848,60.0
TR,0,389,5590594667887228929,gateway_calibration,sweep:inference_delay=60.0,626.8766379703462,119,774.9638142569848,60.0
TR,0,390,7602308166861182330,gateway_calibration,sweep:inference_delay=60.0,714.0143695407536,120,774.9638142569848,60.0
TR,0,391,1634250776667977571,gateway_calibration,sweep:inference_delay=60.0,514.6003409508189,108,774.9638142569848,60.0
TR,0,392,5548831941175894566,gateway_calibration,sweep:inference_delay=60.0,542.4069233560527,105,774.9638142569848,60.0
TR,0,393,335383031920322337,gateway_calibration,sweep:inference_delay=60.0,616.7348956500126,120,774.9638142569848,60.0
TR,0,394,210513646879952799,gateway_calibration,sweep:inference_delay=60.0,730.4010330068908,111,774.9638142569848,60.0
TR,0,395,7782466147209532778,gateway_calibration,sweep:inference_delay=60.0,730.1618341450367,129,774.9638142569848,60.0
TR,0,396,2369325798853596163,gateway_calibration,sweep:inference_delay=60.0,541.3025954712622,100,774.9638142569848,60.0
TR,0,397,4319955539416839715,gateway_calibration,sweep:inference_delay=60.0,580.8464909518254,98,774.9638142569848,60.0
TR,0,398,7418072323328550173,gateway_calibration,sweep:inference_delay=60.0,554.618151120662,107,774.9638142569848,60.0
TR,0,399,7753813660901100367,gateway_calibration,sweep:inference_delay=60.0,617.7952917322715,113,774.9638142569848,60.0
TR,0,400,7566203794888862017,gateway_calibration,sweep:inference_delay=60.0,632.6273683635759,128,774.9638142569848,60.0
TR,0,401,7850847819976423992,gateway_calibration,sweep:inference_delay=60.0,535.4191236237896,120,774.9638142569848,60.0
TR,0,402,340957494970872786,gateway_calibration,sweep:inference_delay=60.0,688.6338038585343,120,774.9638142569848,60.0
TR,0,403,6547589590805279659,gateway_calibration,sweep:inference_delay=60.0,522.3061743575363,103,774.9638142569848,60.0
TR,0,404,5312765862630709871,gateway_calibration,sweep:inference_delay=60.0,500.17456024605207,105,774.9638142569848,60.0
TR,0,405,7029855541985075200,gateway_calibration,sweep:inference_delay=60.0,495.2433590737864,106,774.9638142569848,60.0
TR,0,406,5599591926802178609,gateway_calibration,sweep:inference_delay=60.0,508.31271709644665,116,774.9638142569848,60.0
TR,0,407,3668523224650517563,gateway_calibration,sweep:inference_delay=60.0,615.2419578904244,119,774.9638142569848,60.0
TR,0,408,7627501010329771859,gateway_calibration,sweep:inference_delay=60.0,650.0830920213351,107,774.9638142569848,60.0
TR,0,409,1694085020057918690,gateway_calibration,sweep:inference_delay=60.0,573.9003629370081,116,774.9638142569848,60.0
TR,0,410,7154027721805166261,gateway_calibration,sweep:inference_delay=60.0,598.1904201526047,116,774.9638142569848,60.0
TR,0,411,5212724888629999943,gateway_calibration,sweep:inference_delay=60.0,551.2189246960268,103,774.9638142569848,60.0
TR,0,412,3904793019027647056,gateway_calibration,sweep:inference_delay=60.0,558.8377008447122,112,774.9638142569848,60.0
TR,0,413,2491029590166711534,gateway_calibration,sweep:inference_delay=60.0,626.6946864527947,112,774.9638142569848,60.0
TR,0,414,1934156978821050416,gateway_calibration,sweep:inference_delay=60.0,735.5375743594176,113,774.9638142569848,60.0
TR,0,415,7774937575177173494,gateway_calibration,sweep:inference_delay=60.0,591.395903747714,112,774.9638142569848,60.0
TR,0,416,8467453198927367469,gateway_calibration,sweep:inference_delay=60.0,495.2209368393583,98,774.9638142569848,60.0
TR,0,417,5064112646078101374,gateway_calibration,sweep:inference_delay=60.0,706.563815018104,123,774.9638142569848,60.0
TR,0,418,4499142663673522710,gateway_calibration,sweep:inference_delay=60.0,568.2743285452887,96,774.9638142569848,60.0
TR,0,419,8281224658163198894,gateway_calibration,sweep:inference_delay=60.0,514.4288802418056,103,774.9638142569848,60.0
TR,0,420,1510208696287227341,gateway_calibration,sweep:inference_delay=60.0,718.3963410667361,111,774.9638142569848,60.0
TR,0,421,3448027833592599790,gateway_calibration,sweep:inference_delay=60.0,843.2062599810357,131,774.9638142569848,60.0
TR,0,422,1163347352468060028,gateway_calibration,sweep:inference_delay=60.0,560.6258739746797,124,774.9638142569848,60.0
TR,0,423,2386704637839396438,gateway_calibration,sweep:inference_delay=60.0,689.8639771137678,117,774.9638142569848,60.0
TR,0,424,7273815556583704906,gateway_calibration,sweep:inference_delay=60.0,713.8706103376065,114,774.9638142569848,60.0
TR,0,425,7460407926668604862,gateway_calibration,sweep:inference_delay=60.0,626.7027002312211,114,774.9638142569848,60.0
TR,0,426,2027841167943317880,gateway_calibration,sweep:inference_delay=60.0,736.7075729679773,122,774.9638142569848,60.0
TR,0,427,5910191595586075262,gateway_calibration,sweep:inference_delay=60.0,614.0124925873369,99,774.9638142569848,60.0
TR,0,428,6891807864365790713,gateway_calibration,sweep:inference_delay=60.0,651.3607587899199,117,774.9638142569848,60.0
TR,0,429,2567717704654605896,gateway_calibration,sweep:inference_delay=60.0,605.4694668840046,107,774.9638142569848,60.0
TR,0,430,3284461271249536174,gateway_calibration,sweep:inference_delay=60.0,515.1840580060568,102,774.9638142569848,60.0
TR,0,431,2053256856871480440,gateway_calibration,sweep:inference_delay=60.0,755.4381176191365,111,774.9638142569848,60.0
TR,0,432,334080743412450270,gateway_calibration,sweep:inference_delay=60.0,608.8103377813187,112,774.9638142569848,60.0
TR,0,433,2220634845690529914,gateway_calibration,sweep:inference_delay=60.0,612.1515301613919,116,774.9638142569848,60.0
TR,0,434,2702643020670812359,gateway_calibration,sweep:inference_delay=60.0,746.3552675420144,110,774.9638142569848,60.0
TR,0,435,5996310107585996520,gateway_calibration,sweep:inference_delay=60.0,645.1671657139268,103,774.9638142569848,60.0
TR,0,436,8306717605141008710,gateway_calibration,sweep:inference_delay=60.0,587.4425067455637,123,774.9638142569848,60.0
TR,0,437,180327155282103361,gateway_calibration,sweep:inference_delay=60.0,563.6849336655381,111,774.9638142569848,60.0
TR,0,438,415190517015808529,gateway_calibration,sweep:inference_delay=60.0,594.1114759707147,110,774.9638142569848,60.0
TR,0,439,3733121263260394551,gateway_calibration,sweep:inference_delay=60.0,644.7533645521997,116,774.9638142569848,60.0
TR,0,440,2543741671885269843,gateway_calibration,sweep:inference_delay=60.0,789.1958842359765,128,774.9638142569848,60.0
TR,0,441,7381396006840745389,gateway_calibration,sweep:inference_delay=60.0,826.4685983260475,112,774.9638142569848,60.0
TR,0,442,7977466004671564359,gateway_calibration,sweep:inference_delay=60.0,510.30904055873793,106,774.9638142569848,60.0
TR,0,443,3393280067524434099,gateway_calibration,sweep:inference_delay=60.0,546.3106784106377,116,774.9638142569848,60.0
TR,0,444,9021185368232883357,gateway_calibration,sweep:inference_delay=60.0,474.39354456560096,96,774.9638142569848,60.0
TR,0,445,6006661884604870826,gateway_calibration,sweep:inference_delay=60.0,562.0428843176106,105,774.9638142569848,60.0
TR,0,446,2547637478689435143,gateway_calibration,sweep:inference_delay=60.0,659.0047477729102,127,774.9638142569848,60.0
TR,0,447,7249429518898963462,gateway_calibration,sweep:inference_delay=60.0,579.1472311171219,115,774.9638142569848,60.0
TR,0,448,1210927588871217748,gateway_calibration,sweep:inference_delay=60.0,727.7728089573075,118,774.9638142569848,60.0
TR,0,449,4117899830966687288,gateway_calibration,sweep:inference_delay=60.0,720.949270458334,126,774.9638142569848,60.0
TR,0,450,1912706084618515979,gateway_calibration,sweep:inference_delay=60.0,503.4814111171744,94,774.9638142569848,60.0
TR,0,451,5066115501063646648,gateway_calibration,sweep:inference_delay=60.0,601.8200789412867,122,774.9638142569848,60.0
TR,0,452,4828214725025356559,gateway_calibration,sweep:inference_delay=60.0,594.521857380237,108,774.9638142569848,60.0
TR,0,453,865180428699890449,gateway_calibration,sweep:inference_delay=60.0,560.9009016797088,107,774.9638142569848,60.0
TR,0,454,7606121604459046482,gateway_calibration,sweep:inference_delay=60.0,770.1091944094358,122,774.9638142569848,60.0
TR,0,455,6551979865526317624,gateway_calibration,sweep:inference_delay=60.0,589.812276458754,111,774.9638142569848,60.0
TR,0,456,9000618037235225990,gateway_calibration,sweep:inference_delay=60.0,563.9484132787926,113,774.9638142569848,60.0
TR,0,457,2879686047975165764,gateway_calibration,sweep:inference_delay=60.0,680.9477600890119,116,774.9638142569848,60.0
TR,0,458,3678261611846562188,gateway_calibration,sweep:inference_delay=60.0,609.383513078101,116,774.9638142569848,60.0
TR,0,459,3652662298193198765,gateway_calibration,sweep:inference_delay=60.0,722.7123734139445,115,774.9638142569848,60.0
TR,0,460,7057443649716246195,gateway_calibration,sweep:inference_delay=60.0,614.0328567179765,120,774.9638142569848,60.0
TR,0,461,6233472917703218381,gateway_calibration,sweep:inference_delay=60.0,496.0954149506721,103,774.9638142569848,60.0
TR,0,462,7942578925254984813,gateway_calibration,sweep:inference_delay=60.0,516.7356217206354,111,774.9638142569848,60.0
TR,0,463,5135113568697070171,gateway_calibration,sweep:inference_delay=60.0,591.51343750889,118,774.9638142569848,60.0
TR,0,464,2499505161033275928,gateway_calibration,sweep:inference_delay=60.0,517.7099074148975,100,774.9638142569848,60.0
TR,0,465,6526205269096202879,gateway_calibration,sweep:inference_delay=60.0,593.3611511712887,110,774.9638142569848,60.0
TR,0,466,5243364798388865345,gateway_calibration,sweep:inference_delay=60.0,621.7411817021776,112,774.9638142569848,60.0
TR,0,467,8728348762520788905,gateway_calibration,sweep:inference_delay=60.0,818.7153656360384,118,774.9638142569848,60.0
TR,0,468,5174536173195331725,gateway_calibration,sweep:inference_delay=60.0,587.6268873304756,106,774.9638142569848,60.0
TR,0,469,6371396906232711269,gateway_calibration,sweep:inference_delay=60.0,635.9109961665201,118,774.9638142569848,60.0
TR,0,470,1303404836211053210,gateway_calibration,sweep:inference_delay=60.0,680.751243392206,111,774.9638142569848,60.0
TR,0,471,3848808834466956824,gateway_calibration,sweep:inference_delay=60.0,617.3862611752734,119,774.9638142569848,60.0
TR,0,472,8075469981195853443,gateway_calibration,sweep:inference_delay=60.0,646.0756877468226,108,774.9638142569848,60.0
TR,0,473,8247790104339075220,gateway_calibration,sweep:inference_delay=60.0,697.0243216360122,123,774.9638142569848,60.0
TR,0,474,4781195944178275016,gateway_calibration,sweep:inference_delay=60.0,642.4048560264754,114,774.9638142569848,60.0
TR,0,475,4660130386960396636,gateway_calibration,sweep:inference_delay=60.0,546.4470881663044,118,774.9638142569848,60.0
TR,0,476,2959687355322645191,gateway_calibration,sweep:inference_delay=60.0,717.3214345112699,119,774.9638142569848,60.0
TR,0,477,7426581732081607528,gateway_calibration,sweep:inference_delay=60.0,537.2036905705465,92,774.9638142569848,60.0
TR,0,478,3277415886847101271,gateway_calibration,sweep:inference_delay=60.0,531.1657984130604,121,774.9638142569848,60.0
TR,0,479,7819628919966289396,gateway_calibration,sweep:inference_delay=60.0,651.1466674599263,129,774.9638142569848,60.0
TR,0,480,3014093634186805974,gateway_calibration,sweep:inference_delay=60.0,492.77257536147243,101,774.9638142569848,60.0
TR,0,481,6455634424393644820,gateway_calibration,sweep:inference_delay=60.0,576.1536319949599,105,774.9638142569848,60.0
TR,0,482,1266240066517604464,gateway_calibration,sweep:inference_delay=60.0,700.278340976357,117,774.9638142569848,60.0
TR,0,483,1358664353656246193,gateway_calibration,sweep:inference_delay=60.0,664.9977509956108,125,774.9638142569848,60.0
TR,0,484,2790159774800246686,gateway_calibration,sweep:inference_delay=60.0,550.1598485365445,108,774.9638142569848,60.0
TR,0,485,3022175909817816809,gateway_calibration,sweep:inference_delay=60.0,761.7845503467014,124,774.9638142569848,60.0
TR,0,486,1620085416105483286,gateway_calibration,sweep:inference_delay=60.0,617.1524278142115,111,774.9638142569848,60.0
TR,0,487,3615759328743481157,gateway_calibration,sweep:inference_delay=60.0,571.8229917807735,113,774.9638142569848,60.0
TR,0,488,800912091304796356,gateway_calibration,sweep:inference_delay=60.0,606.684298200462,114,774.9638142569848,60.0
TR,0,489,841615316589366693,gateway_calibration,sweep:inference_delay=60.0,514.8871380520382,106,774.9638142569848,60.0
TR,0,490,6132090651127104936,gateway_calibration,sweep:inference_delay=60.0,643.8152576707828,118,774.9638142569848,60.0
TR,0,491,6856836764910229726,gateway_calibration,sweep:inference_delay=60.0,549.9217204433734,117,774.9638142569848,60.0
TR,0,492,8316318317592313964,gateway_calibration,sweep:inference_delay=60.0,596.427963544444,118,774.9638142569848,60.0
TR,0,493,1410746592404927882,gateway_calibration,sweep:inference_delay=60.0,558.1552854169272,123,774.9638142569848,60.0
TR,0,494,5176773376626027551,gateway_calibration,sweep:inference_delay=60.0,509.91284163541695,111,774.9638142569848,60.0
TR,0,495,7377936158967290251,gateway_calibration,sweep:inference_delay=60.0,585.9451804761442,115,774.9638142569848,60.0
TR,0,496,3151955082242644399,gateway_calibration,sweep:inference_delay=60.0,464.577439890899,101,774.9638142569848,60.0
TR,0,497,2589481377016481821,gateway_calibration,sweep:inference_delay=60.0,743.7574291090624,121,774.9638142569848,60.0
TR,0,498,8385888315498173193,gateway_calibration,sweep:inference_delay=60.0,684.8182835469215,112,774.9638142569848,60.0
TR,0,499,9060691058988962408,gateway_calibration,sweep:inference_delay=60.0,511.995960367868,112,774.9638142569848,60.0
EIR,0,0,5925671834043213193,gateway_calibration,sweep:inference_delay=60.0,649.6351777751842,134,763.7448320670604,60.0
EIR,0,1,7200774796780924285,gateway_calibration,sweep:inference_delay=60.0,558.2494164117279,136,763.7448320670604,60.0
EIR,0,2,244640105819728982,gateway_calibration,sweep:inference_delay=60.0,612.8205858792642,125,763.7448320670604,60.0
EIR,0,3,6871732106173078494,gateway_calibration,sweep:inference_delay=60.0,586.0176697767297,116,763.7448320670604,60.0
EIR,0,4,2624473912691255020,gateway_calibration,sweep:inference_delay=60.0,572.9955530476631,124,763.7448320670604,60.0
EIR,0,5,4852170000500350229,gateway_calibration,sweep:inference_delay=60.0,596.6728541624747,110,763.7448320670604,60.0
EIR,0,6,7405769453087309273,gateway_calibration,sweep:inference_delay=60.0,633.229552772196,128,763.7448320670604,60.0
EIR,0,7,6020747788194329085,gateway_calibration,sweep:inference_delay=60.0,580.8761325281303,120,763.7448320670604,60.0
EIR,0,8,2557766099584166536,gateway_calibration,sweep:inference_delay=60.0,684.3695536494218,147,763.7448320670604,60.0
EIR,0,9,307163048236652169,gateway_calibration,sweep:inference_delay=60.0,700.7134179090745,138,763.7448320670604,60.0
EIR,0,10,2287137114387210494,gateway_calibration,sweep:inference_delay=60.0,541.3205760466041,108,763.7448320670604,60.0
EIR,0,11,5171567672042810292,gateway_calibration,sweep:inference_delay=60.0,550.4429670263257,125,763.7448320670604,60.0
EIR,0,12,3150217853715881471,gateway_calibration,sweep:inference_delay=60.0,512.4130078137753,105,763.7448320670604,60.0
EIR,0,13,6729138854726146109,gateway_calibration,sweep:inference_delay=60.0,785.0053197001971,151,763.7448320670604,60.0
EIR,0,14,350003868632301566,gateway_calibration,sweep:inference_delay=60.0,598.9185765164259,106,763.7448320670604,60.0
EIR,0,15,3182658272801421459,gateway_calibration,sweep:inference_delay=60.0,423.5254476968295,105,763.7448320670604,60.0
EIR,0,16,5786906965753050933,gateway_calibration,sweep:inference_delay=60.0,636.1086299720141,126,763.7448320670604,60.0
EIR,0,17,1101323927115796999,gateway_calibration,sweep:inference_delay=60.0,695.1050120753143,120,763.7448320670604,60.0
EIR,0,18,1730873763577676706,gateway_calibration,sweep:inference_delay=60.0,559.5498912672973,109,763.7448320670604,60.0
EIR,0,19,4135981756762302656,gateway_calibration,sweep:inference_delay=60.0,545.4033033589868,127,763.7448320670604,60.0
EIR,0,20,5398874261312174443,gateway_calibration,sweep:inference_delay=60.0,599.3893528870468,132,763.7448320670604,60.0
EIR,0,21,1315522661506385694,gateway_calibration,sweep:inference_delay=60.0,658.1637393544839,118,763.7448320670604,60.0
EIR,0,22,8735653504623452455,gateway_calibration,sweep:inference_delay=60.0,679.3819578847141,137,763.7448320670604,60.0
EIR,0,23,8882376598662411702,gateway_calibration,sweep:inference_delay=60.0,694.1448133715172,136,763.7448320670604,60.0
EIR,0,24,4266181314989633071,gateway_calibration,sweep:inference_delay=60.0,760.4768938594136,130,763.7448320670604,60.0
EIR,0,25,1444436452734370686,gateway_calibration,sweep:inference_delay=60.0,501.10016175539675,114,763.7448320670604,60.0
EIR,0,26,6827974702790794858,gateway_calibration,sweep:inference_delay=60.0,568.7278181617401,107,763.7448320670604,60.0
EIR,0,27,8782953427441977067,gateway_calibration,sweep:inference_delay=60.0,679.5992103940715,126,763.7448320670604,60.0
EIR,0,28,6179022528813270415,gateway_calibration,sweep:inference_delay=60.0,593.6207698222138,128,763.7448320670604,60.0
EIR,0,29,3290241583549256081,gateway_calibration,sweep:inference_delay=60.0,494.90640723552013,122,763.7448320670604,60.0
EIR,0,30,1330772563376733980,gateway_calibration,sweep:inference_delay=60.0,537.2473562437298,116,763.7448320670604,60.0
EIR,0,31,6197005625306334731,gateway_calibration,sweep:inference_delay=60.0,670.7286088900687,135,763.7448320670604,60.0
EIR,0,32,1989680389922634424,gateway_calibration,sweep:inference_delay=60.0,603.0522350277404,125,763.7448320670604,60.0
EIR,0,33,2926768956477606692,gateway_calibration,sweep:inference_delay=60.0,580.9219291627985,131,763.7448320670604,60.0
EIR,0,34,85546268098739048,gateway_calibration,sweep:inference_delay=60.0,425.28168916176975,97,763.7448320670604,60.0
EIR,0,35,4135620345273063261,gateway_calibration,sweep:inference_delay=60.0,638.1101149888177,131,763.7448320670604,60.0
EIR,0,36,8729990995471730760,gateway_calibration,sweep:inference_delay=60.0,506.2691924825743,108,763.7448320670604,60.0
EIR,0,37,8282517417841340994,gateway_calibration,sweep:inference_delay=60.0,687.263024945031,136,763.7448320670604,60.0
EIR,0,38,5377923662155920232,gateway_calibration,sweep:inference_delay=60.0,668.2330021417006,133,763.7448320670604,60.0
EIR,0,39,9210898660631203433,gateway_calibration,sweep:inference_delay=60.0,806.4419127464932,138,763.7448320670604,60.0
EIR,0,40,690912420039443556,gateway_calibration,sweep:inference_delay=60.0,564.7469065425212,117,763.7448320670604,60.0
EIR,0,41,6861819066466716948,gateway_calibration,sweep:inference_delay=60.0,554.6304529343763,119,763.7448320670604,60.0
EIR,0,42,1804216759764018806,gateway_calibration,sweep:inference_delay=60.0,512.4927128927652,121,763.7448320670604,60.0
EIR,0,43,3576708242657760493,gateway_calibration,sweep:inference_delay=60.0,784.4132990902673,123,763.7448320670604,60.0
EIR,0,44,4016542059329491765,gateway_calibration,sweep:inference_delay=60.0,541.5353585447474,125,763.7448320670604,60.0
EIR,0,45,6776679498000039396,gateway_calibration,sweep:inference_delay=60.0,695.814115067228,135,763.7448320670604,60.0
EIR,0,46,5627357119225329878,gateway_calibration,sweep:inference_delay=60.0,635.8428419990436,138,763.7448320670604,60.0
EIR,0,47,6737272488252305460,gateway_calibration,sweep:inference_delay=60.0,576.4607095052176,119,763.7448320670604,60.0
EIR,0,48,6193287645901998095,gateway_calibration,sweep:inference_delay=60.0,572.1073432385326,131,763.7448320670604,60.0
EIR,0,49,3242226853734419621,gateway_calibration,sweep:inference_delay=60.0,577.0365606829572,126,763.7448320670604,60.0
EIR,0,50,4324662286672524518,gateway_calibration,sweep:inference_delay=60.0,574.2820393293377,112,763.7448320670604,60.0
EIR,0,51,700868169020563545,gateway_calibration,sweep:inference_delay=60.0,640.7800916816834,129,763.7448320670604,60.0
EIR,0,52,1351296881941134287,gateway_calibration,sweep:inference_delay=60.0,542.4126080504029,138,763.7448320670604,60.0
EIR,0,53,7574921575841186223,gateway_calibration,sweep:inference_delay=60.0,737.9537487943348,138,763.7448320670604,60.0
EIR,0,54,6949832385492730358,gateway_calibration,sweep:inference_delay=60.0,639.2081237300038,128,763.7448320670604,60.0
EIR,0,55,615819611968220718,gateway_calibration,sweep:inference_delay=60.0,573.2882846331379,124,763.7448320670604,60.0
EIR,0,56,6199591786671423913,gateway_calibration,sweep:inference_delay=60.0,598.8370415218963,130,763.7448320670604,60.0
EIR,0,57,1690953994341450416,gateway_calibration,sweep:inference_delay=60.0,684.4414298877223,130,763.7448320670604,60.0
EIR,0,58,3301746465389889517,gateway_calibration,sweep:inference_delay=60.0,463.60034226273734,119,763.7448320670604,60.0
EIR,0,59,4114380869098667922,gateway_calibration,sweep:inference_delay=60.0,632.3200878183899,126,763.7448320670604,60.0
EIR,0,60,4784237357582946533,gateway_calibration,sweep:inference_delay=60.0,571.793340220491,110,763.7448320670604,60.0
EIR,0,61,9214005594818955786,gateway_calibration,sweep:inference_delay=60.0,702.4407482230904,138,763.7448320670604,60.0
EIR,0,62,5315052654719885967,gateway_calibration,sweep:inference_delay=60.0,634.0790805384962,118,763.7448320670604,60.0
EIR,0,63,3741891903405684305,gateway_calibration,sweep:inference_delay=60.0,739.1490337975342,116,763.7448320670604,60.0
EIR,0,64,1998211544395869132,gateway_calibration,sweep:inference_delay=60.0,736.3519865249245,134,763.7448320670604,60.0
EIR,0,65,8206826027296822859,gateway_calibration,sweep:inference_delay=60.0,708.3886428103079,141,763.7448320670604,60.0
EIR,0,66,7779834297490939513,gateway_calibration,sweep:inference_delay=60.0,536.3983428806089,121,763.7448320670604,60.0
EIR,0,67,3000902941721884574,gateway_calibration,sweep:inference_delay=60.0,548.0278660703331,114,763.7448320670604,60.0
EIR,0,68,3394204688229823294,gateway_calibration,sweep:inference_delay=60.0,505.1374407180275,117,763.7448320670604,60.0
EIR,0,69,1964626121850707441,gateway_calibration,sweep:inference_delay=60.0,597.4939383427361,131,763.7448320670604,60.0
EIR,0,70,8763267965674036610,gateway_calibration,sweep:inference_delay=60.0,565.8295464955658,123,763.7448320670604,60.0
EIR,0,71,5129553531533317421,gateway_calibration,sweep:inference_delay=60.0,630.189970580064,130,763.7448320670604,60.0
EIR,0,72,6967977556250596078,gateway_calibration,sweep:inference_delay=60.0,587.6403308208137,125,763.7448320670604,60.0
EIR,0,73,9052840749173882203,gateway_calibration,sweep:inference_delay=60.0,734.60049659547,148,763.7448320670604,60.0
EIR,0,74,8215228316090853756,gateway_calibration,sweep:inference_delay=60.0,529.565507098535,117,763.7448320670604,60.0
EIR,0,75,5562530762562593277,gateway_calibration,sweep:inference_delay=60.0,535.1062946578581,115,763.7448320670604,60.0
EIR,0,76,2104326052418264198,gateway_calibration,sweep:inference_delay=60.0,623.1473298620592,127,763.7448320670604,60.0
EIR,0,77,4501043154958180522,gateway_calibration,sweep:inference_delay=60.0,570.3584456046843,115,763.7448320670604,60.0
EIR,0,78,4701618699954837716,gateway_calibration,sweep:inference_delay=60.0,671.8351012377647,125,763.7448320670604,60.0
EIR,0,79,4795343303295180658,gateway_calibration,sweep:inference_delay=60.0,609.2076427207776,113,763.7448320670604,60.0
EIR,0,80,7807913463760248120,gateway_calibration,sweep:inference_delay=60.0,578.6850110371654,137,763.7448320670604,60.0
EIR,0,81,351626185254519757,gateway_calibration,sweep:inference_delay=60.0,565.3999810812825,116,763.7448320670604,60.0
EIR,0,82,4663555007415928626,gateway_calibration,sweep:inference_delay=60.0,544.2025439904274,122,763.7448320670604,60.0
EIR,0,83,6980603065174165863,gateway_calibration,sweep:inference_delay=60.0,544.7524872916865,118,763.7448320670604,60.0
EIR,0,84,6014210296524075653,gateway_calibration,sweep:inference_delay=60.0,622.0373083040225,117,763.7448320670604,60.0
EIR,0,85,8053996494627394573,gateway_calibration,sweep:inference_delay=60.0,690.5732814832697,129,763.7448320670604,60.0
EIR,0,86,4766726171618819464,gateway_calibration,sweep:inference_delay=60.0,734.801954244895,139,763.7448320670604,60.0
EIR,0,87,1089323976394509705,gateway_calibration,sweep:inference_delay=60.0,633.1623401136058,127,763.7448320670604,60.0
EIR,0,88,308701452597883893,gateway_calibration,sweep:inference_delay=60.0,712.7751032708729,128,763.7448320670604,60.0
EIR,0,89,3957166960628697581,gateway_calibration,sweep:inference_delay=60.0,823.8260778366416,137,763.7448320670604,60.0
EIR,0,90,2990571075685670928,gateway_calibration,sweep:inference_delay=60.0,590.0512210868841,133,763.7448320670604,60.0
EIR,0,91,6771726644315687128,gateway_calibration,sweep:inference_delay=60.0,591.7016870647881,123,763.7448320670604,60.0
EIR,0,92,5668487982102726898,gateway_calibration,sweep:inference_delay=60.0,646.1045587486543,119,763.7448320670604,60.0
EIR,0,93,4752481170186424347,gateway_calibration,sweep:inference_delay=60.0,556.4025760338092,119,763.7448320670604,60.0
EIR,0,94,5923394494994148874,gateway_calibration,sweep:inference_delay=60.0,665.2092175397947,142,763.7448320670604,60.0
EIR,0,95,6520413874538546851,gateway_calibration,sweep:inference_delay=60.0,607.2223478517194,124,763.7448320670604,60.0
EIR,0,96,239994153578761337,gateway_calibration,sweep:inference_delay=60.0,603.2028191880883,99,763.7448320670604,60.0
EIR,0,97,6270153288531404300,gateway_calibration,sweep:inference_delay=60.0,488.21614417914884,115,763.7448320670604,60.0
EIR,0,98,3565046368672158100,gateway_calibration,sweep:inference_delay=60.0,683.8480752281124,130,763.7448320670604,60.0
EIR,0,99,7716661645939017075,gateway_calibration,sweep:inference_delay=60.0,484.9208168436106,110,763.7448320670604,60.0
EIR,0,100,6198525938119941632,gateway_calibration,sweep:inference_delay=60.0,493.5558800157847,114,763.7448320670604,60.0
EIR,0,101,6201911491095788147,gateway_calibration,sweep:inference_delay=60.0,578.5082487713457,110,763.7448320670604,60.0
EIR,0,102,7002284550297173130,gateway_calibration,sweep:inference_delay=60.0,687.103097789867,138,763.7448320670604,60.0
EIR,0,103,9096469544292012877,gateway_calibration,sweep:inference_delay=60.0,553.2200491072387,115,763.7448320670604,60.0
EIR,0,104,5046812732414126784,gateway_calibration,sweep:inference_delay=60.0,521.6902544191505,112,763.7448320670604,60.0
EIR,0,105,2122918515245026320,gateway_calibration,sweep:inference_delay=60.0,690.8583554368967,132,763.7448320670604,60.0
EIR,0,106,2200628393840347971,gateway_calibration,sweep:inference_delay=60.0,527.8191055942558,108,763.7448320670604,60.0
EIR,0,107,4647943614499239932,gateway_calibration,sweep:inference_delay=60.0,527.9306226090644,122,763.7448320670604,60.0
EIR,0,108,2292144195330825201,gateway_calibration,sweep:inference_delay=60.0,689.756436157237,143,763.7448320670604,60.0
EIR,0,109,1966974364543921038,gateway_calibration,sweep:inference_delay=60.0,632.7672851799447,145,763.7448320670604,60.0
EIR,0,110,3932817853982565774,gateway_calibration,sweep:inference_delay=60.0,572.4193389416735,97,763.7448320670604,60.0
EIR,0,111,3528461353277725208,gateway_calibration,sweep:inference_delay=60.0,558.3314776046292,128,763.7448320670604,60.0
EIR,0,112,3198439789556126820,gateway_calibration,sweep:inference_delay=60.0,568.6059343560513,125,763.7448320670604,60.0
EIR,0,113,6792965763312107906,gateway_calibration,sweep:inference_delay=60.0,545.1881736367358,127,763.7448320670604,60.0
EIR,0,114,359605905275326758,gateway_calibration,sweep:inference_delay=60.0,732.7061094891778,119,763.7448320670604,60.0
EIR,0,115,7031389658833333175,gateway_calibration,sweep:inference_delay=60.0,596.0357413996536,121,763.7448320670604,60.0
EIR,0,116,7824367606433952160,gateway_calibration,sweep:inference_delay=60.0,609.2130205119743,119,763.7448320670604,60.0
EIR,0,117,7264709129354049751,gateway_calibration,sweep:inference_delay=60.0,670.4954787465613,134,763.7448320670604,60.0
EIR,0,118,3726500384806663927,gateway_calibration,sweep:inference_delay=60.0,538.990438355948,120,763.7448320670604,60.0
EIR,0,119,9106190682029771493,gateway_calibration,sweep:inference_delay=60.0,589.2728817897895,126,763.7448320670604,60.0
EIR,0,120,730856011410528772,gateway_calibration,sweep:inference_delay=60.0,491.2190411707218,103,763.7448320670604,60.0
EIR,0,121,5345612952754084281,gateway_calibration,sweep:inference_delay=60.0,729.5719938646524,134,763.7448320670604,60.0
EIR,0,122,8097968943339609110,gateway_calibration,sweep:inference_delay=60.0,586.4346009857346,126,763.7448320670604,60.0
EIR,0,123,4192164374944447440,gateway_calibration,sweep:inference_delay=60.0,668.1764571898855,136,763.7448320670604,60.0
EIR,0,124,6133177063341409234,gateway_calibration,sweep:inference_delay=60.0,560.3629893501096,122,763.7448320670604,60.0
EIR,0,125,1008258460750021318,gateway_calibration,sweep:inference_delay=60.0,528.4759693015135,144,763.7448320670604,60.0
EIR,0,126,5050090605617614245,gateway_calibration,sweep:inference_delay=60.0,587.6540021951131,122,763.7448320670604,60.0
EIR,0,127,2025488544176842734,gateway_calibration,sweep:inference_delay=60.0,523.8107904250196,112,763.7448320670604,60.0
EIR,0,128,2791776503299838304,gateway_calibration,sweep:inference_delay=60.0,547.2644463187371,122,763.7448320670604,60.0
EIR,0,129,4651654752528753712,gateway_calibration,sweep:inference_delay=60.0,560.2072232752377,107,763.7448320670604,60.0
EIR,0,130,3721827010283102737,gateway_calibration,sweep:inference_delay=60.0,652.8246416493963,113,763.7448320670604,60.0
EIR,0,131,1408308125171664937,gateway_calibration,sweep:inference_delay=60.0,651.7287491112444,135,763.7448320670604,60.0
EIR,0,132,8195342072114219867,gateway_calibration,sweep:inference_delay=60.0,581.72396320852,121,763.7448320670604,60.0
EIR,0,133,9126307450568550253,gateway_calibration,sweep:inference_delay=60.0,599.049222860004,129,763.7448320670604,60.0
EIR,0,134,3846158724809287051,gateway_calibration,sweep:inference_delay=60.0,644.2253554942462,137,763.7448320670604,60.0
EIR,0,135,4406775816267758090,gateway_calibration,sweep:inference_delay=60.0,558.8451423838611,116,763.7448320670604,60.0
EIR,0,136,6558957418407147573,gateway_calibration,sweep:inference_delay=60.0,559.4649357356116,131,763.7448320670604,60.0
EIR,0,137,4915477532633590606,gateway_calibration,sweep:inference_delay=60.0,627.959130825273,108,763.7448320670604,60.0
EIR,0,138,3839083447820116925,gateway_calibration,sweep:inference_delay=60.0,613.918686507496,116,763.7448320670604,60.0
EIR,0,139,9044205503061271238,gateway_calibration,sweep:inference_delay=60.0,757.8964156599393,130,763.7448320670604,60.0
EIR,0,140,5090423823558501480,gateway_calibration,sweep:inference_delay=60.0,536.4264670326182,113,763.7448320670604,60.0
EIR,0,141,5487149993906409853,gateway_calibration,sweep:inference_delay=60.0,583.7020453462643,131,763.7448320670604,60.0
EIR,0,142,8920689962166812843,gateway_calibration,sweep:inference_delay=60.0,521.2123849509582,121,763.7448320670604,60.0
EIR,0,143,6792657073327176892,gateway_calibration,sweep:inference_delay=60.0,590.5030690655726,122,763.7448320670604,60.0
EIR,0,144,5319651945289834877,gateway_calibration,sweep:inference_delay=60.0,592.6477394109017,123,763.7448320670604,60.0
EIR,0,145,3178687027346046831,gateway_calibration,sweep:inference_delay=60.0,535.7518300618628,116,763.7448320670604,60.0
EIR,0,146,6051740162173983434,gateway_calibration,sweep:inference_delay=60.0,764.9250043105349,137,763.7448320670604,60.0
EIR,0,147,8721847359575875166,gateway_calibration,sweep:inference_delay=60.0,636.018487645313,113,763.7448320670604,60.0
EIR,0,148,1457099956893214685,gateway_calibration,sweep:inference_delay=60.0,672.3384054028905,115,763.7448320670604,60.0
EIR,0,149,5522885814739587393,gateway_calibration,sweep:inference_delay=60.0,599.0234504374114,124,763.7448320670604,60.0
EIR,0,150,4057400604039888717,gateway_calibration,sweep:inference_delay=60.0,733.2316702930003,152,763.7448320670604,60.0
EIR,0,151,8359619218187279015,gateway_calibration,sweep:inference_delay=60.0,628.180474056553,125,763.7448320670604,60.0
EIR,0,152,749558041166158543,gateway_calibration,sweep:inference_delay=60.0,547.3691982824128,118,763.7448320670604,60.0
EIR,0,153,9136091130387167570,gateway_calibration,sweep:inference_delay=60.0,597.3904795887545,121,763.7448320670604,60.0
EIR,0,154,6908411638993647517,gateway_calibration,sweep:inference_delay=60.0,501.4464396376774,106,763.7448320670604,60.0
EIR,0,155,3280345037641469408,gateway_calibration,sweep:inference_delay=60.0,668.3719410361509,123,763.7448320670604,60.0
EIR,0,156,3939871415154840948,gateway_calibration,sweep:inference_delay=60.0,754.5027791250053,129,763.7448320670604,60.0
EIR,0,157,8959410313558835897,gateway_calibration,sweep:inference_delay=60.0,611.4038199256629,133,763.7448320670604,60.0
EIR,0,158,6716235226635333234,gateway_calibration,sweep:inference_delay=60.0,520.3237946997069,114,763.7448320670604,60.0
EIR,0,159,4314521145888190310,gateway_calibration,sweep:inference_delay=60.0,506.7649004620436,122,763.7448320670604,60.0
EIR,0,160,4952701568563033900,gateway_calibration,sweep:inference_delay=60.0,561.1971695865393,134,763.7448320670604,60.0
EIR,0,161,2472494553412043000,gateway_calibration,sweep:inference_delay=60.0,605.4954569605758,123,763.7448320670604,60.0
EIR,0,162,2524745171617986989,gateway_calibration,sweep:inference_delay=60.0,628.0047878180014,121,763.7448320670604,60.0
EIR,0,163,2438333776048878068,gateway_calibration,sweep:inference_delay=60.0,600.7914814130042,132,763.7448320670604,60.0
EIR,0,164,2959540034191778484,gateway_calibration,sweep:inference_delay=60.0,675.721390976678,131,763.7448320670604,60.0
EIR,0,165,4625529377599593672,gateway_calibration,sweep:inference_delay=60.0,607.1405990063777,120,763.7448320670604,60.0
EIR,0,166,26072033219010051,gateway_calibration,sweep:inference_delay=60.0,528.0330892026523,114,763.7448320670604,60.0
EIR,0,167,2407502174523466880,gateway_calibration,sweep:inference_delay=60.0,662.2984053155567,134,763.7448320670604,60.0
EIR,0,168,8220563747670001356,gateway_calibration,sweep:inference_delay=60.0,708.1885391506808,150,763.7448320670604,60.0
EIR,0,169,2706458581357345251,gateway_calibration,sweep:inference_delay=60.0,686.6908935661817,118,763.7448320670604,60.0
EIR,0,170,5853477317895438392,gateway_calibration,sweep:inference_delay=60.0,566.6498530507795,100,763.7448320670604,60.0
EIR,0,171,6083318482084004390,gateway_calibration,sweep:inference_delay=60.0,543.0432570658619,119,763.7448320670604,60.0
EIR,0,172,4483866015429282711,gateway_calibration,sweep:inference_delay=60.0,526.6411340922806,114,763.7448320670604,60.0
EIR,0,173,2976243022612699587,gateway_calibration,sweep:inference_delay=60.0,799.1731987907954,133,763.7448320670604,60.0
EIR,0,174,5322886584860258604,gateway_calibration,sweep:inference_delay=60.0,701.3968364604549,120,763.7448320670604,60.0
EIR,0,175,6820032050978084311,gateway_calibration,sweep:inference_delay=60.0,762.8103798180819,129,763.7448320670604,60.0
EIR,0,176,8489303767544613462,gateway_calibration,sweep:inference_delay=60.0,637.9196652326634,120,763.7448320670604,60.0
EIR,0,177,3079374517493611841,gateway_calibration,sweep:inference_delay=60.0,490.20785145382837,118,763.7448320670604,60.0
EIR,0,178,636162215768450892,gateway_calibration,sweep:inference_delay=60.0,555.5722852792339,131,763.7448320670604,60.0
EIR,0,179,1901130526580525150,gateway_calibration,sweep:inference_delay=60.0,634.2054890288703,118,763.7448320670604,60.0
EIR,0,180,5534383763525270308,gateway_calibration,sweep:inference_delay=60.0,745.9809256261641,139,763.7448320670604,60.0
EIR,0,181,5815651865635755735,gateway_calibration,sweep:inference_delay=60.0,510.97146926222194,103,763.7448320670604,60.0
EIR,0,182,6591583009480249280,gateway_calibration,sweep:inference_delay=60.0,561.6594668708325,113,763.7448320670604,60.0
EIR,0,183,2519973973571322111,gateway_calibration,sweep:inference_delay=60.0,512.4952267890219,118,763.7448320670604,60.0
EIR,0,184,436170991030224740,gateway_calibration,sweep:inference_delay=60.0,634.3259907791486,113,763.7448320670604,60.0
EIR,0,185,5582165509926928083,gateway_calibration,sweep:inference_delay=60.0,650.0265417123095,123,763.7448320670604,60.0
EIR,0,186,7526288343284835103,gateway_calibration,sweep:inference_delay=60.0,387.9850296934592,104,763.7448320670604,60.0
EIR,0,187,7548690764450033378,gateway_calibration,sweep:inference_delay=60.0,709.2700443748541,138,763.7448320670604,60.0
EIR,0,188,874977130661516167,gateway_calibration,sweep:inference_delay=60.0,561.8298626690494,115,763.7448320670604,60.0
EIR,0,189,7224550817224924610,gateway_calibration,sweep:inference_delay=60.0,590.8417171387193,126,763.7448320670604,60.0
EIR,0,190,8517725043733082209,gateway_calibration,sweep:inference_delay=60.0,521.6558062339046,121,763.7448320670604,60.0
EIR,0,191,8886408624732860586,gateway_calibration,sweep:inference_delay=60.0,489.0171303667991,100,763.7448320670604,60.0
EIR,0,192,7731065814326986337,gateway_calibration,sweep:inference_delay=60.0,685.1046578994034,122,763.7448320670604,60.0
EIR,0,193,5678114751534605860,gateway_calibration,sweep:inference_delay=60.0,661.9862620116791,118,763.7448320670604,60.0
EIR,0,194,8694423250303720657,gateway_calibration,sweep:inference_delay=60.0,667.9150739114535,135,763.7448320670604,60.0
EIR,0,195,1982024493125497422,gateway_calibration,sweep:inference_delay=60.0,578.4672932044933,105,763.7448320670604,60.0
EIR,0,196,4655480210023723965,gateway_calibration,sweep:inference_delay=60.0,582.877995185414,120,763.7448320670604,60.0
EIR,0,197,8255459077386798376,gateway_calibration,sweep:inference_delay=60.0,543.2187241299625,126,763.7448320670604,60.0
EIR,0,198,58072556319482566,gateway_calibration,sweep:inference_delay=60.0,573.4425735114837,127,763.7448320670604,60.0
EIR,0,199,2390980510397181190,gateway_calibration,sweep:inference_delay=60.0,596.9653355875579,128,763.7448320670604,60.0
EIR,0,200,1177606676618137150,gateway_calibration,sweep:inference_delay=60.0,564.205244390411,141,763.7448320670604,60.0
EIR,0,201,6013704385661178366,gateway_calibration,sweep:inference_delay=60.0,648.1477336807716,125,763.7448320670604,60.0
EIR,0,202,6963798066751536595,gateway_calibration,sweep:inference_delay=60.0,568.033870692481,133,763.7448320670604,60.0
EIR,0,203,960187132393068623,gateway_calibration,sweep:inference_delay=60.0,570.7180501453815,123,763.7448320670604,60.0
EIR,0,204,2629017193988041416,gateway_calibration,sweep:inference_delay=60.0,591.2023996648392,117,763.7448320670604,60.0
EIR,0,205,4809285443316915594,gateway_calibration,sweep:inference_delay=60.0,577.5940174083123,107,763.7448320670604,60.0
EIR,0,206,6539527456603443057,gateway_calibration,sweep:inference_delay=60.0,651.7441497710855,136,763.7448320670604,60.0
EIR,0,207,4606617662085072472,gateway_calibration,sweep:inference_delay=60.0,486.01960351765763,114,763.7448320670604,60.0
EIR,0,208,2266001159607333181,gateway_calibration,sweep:inference_delay=60.0,666.9036229597831,123,763.7448320670604,60.0
EIR,0,209,2521303332957082099,gateway_calibration,sweep:inference_delay=60.0,483.07688102324755,106,763.7448320670604,60.0
EIR,0,210,8016496123059506606,gateway_calibration,sweep:inference_delay=60.0,442.92149009356984,113,763.7448320670604,60.0
EIR,0,211,7025142020104207409,gateway_calibration,sweep:inference_delay=60.0,744.0326291487587,129,763.7448320670604,60.0
EIR,0,212,1320564824520298748,gateway_calibration,sweep:inference_delay=60.0,679.6221984211793,134,763.7448320670604,60.0
EIR,0,213,3136182297844268774,gateway_calibration,sweep:inference_delay=60.0,637.8483663171129,121,763.7448320670604,60.0
EIR,0,214,5492724919581810823,gateway_calibration,sweep:inference_delay=60.0,595.9862149083805,126,763.7448320670604,60.0
EIR,0,215,1454144729392595872,gateway_calibration,sweep:inference_delay=60.0,722.5602551872237,128,763.7448320670604,60.0
EIR,0,216,3193724650312160261,gateway_calibration,sweep:inference_delay=60.0,814.1433116166096,128,763.7448320670604,60.0
EIR,0,217,4999065362279291122,gateway_calibration,sweep:inference_delay=60.0,558.4514561948339,113,763.7448320670604,60.0
EIR,0,218,5375097581081964512,gateway_calibration,sweep:inference_delay=60.0,638.3302217778713,110,763.7448320670604,60.0
EIR,0,219,5941145299979418954,gateway_calibration,sweep:inference_delay=60.0,630.6020830787181,123,763.7448320670604,60.0
EIR,0,220,7779738233581754744,gateway_calibration,sweep:inference_delay=60.0,536.5805391907577,122,763.7448320670604,60.0
EIR,0,221,7492718914349606096,gateway_calibration,sweep:inference_delay=60.0,472.37323808290836,115,763.7448320670604,60.0
EIR,0,222,7511488189914732341,gateway_calibration,sweep:inference_delay=60.0,704.545910940651,118,763.7448320670604,60.0
EIR,0,223,3021496157574643535,gateway_calibration,sweep:inference_delay=60.0,587.7034457473685,129,763.7448320670604,60.0
EIR,0,224,3437598796409170360,gateway_calibration,sweep:inference_delay=60.0,644.4623759143948,129,763.7448320670604,60.0
EIR,0,225,8652560484070741732,gateway_calibration,sweep:inference_delay=60.0,498.9795849490251,96,763.7448320670604,60.0
EIR,0,226,2036124737792590648,gateway_calibration,sweep:inference_delay=60.0,612.5068845130791,118,763.7448320670604,60.0
EIR,0,227,7724485705520509733,gateway_calibration,sweep:inference_delay=60.0,703.6979926262546,138,763.7448320670604,60.0
EIR,0,228,2175060204900623068,gateway_calibration,sweep:inference_delay=60.0,552.2333253609901,114,763.7448320670604,60.0
EIR,0,229,8135592181065253308,gateway_calibration,sweep:inference_delay=60.0,603.9513277229107,121,763.7448320670604,60.0
EIR,0,230,2128364356729776621,gateway_calibration,sweep:inference_delay=60.0,755.5065739157526,143,763.7448320670604,60.0
EIR,0,231,5152564359607754964,gateway_calibration,sweep:inference_delay=60.0,716.9818252472495,129,763.7448320670604,60.0
EIR,0,232,967213131586856229,gateway_calibration,sweep:inference_delay=60.0,565.0444229764425,135,763.7448320670604,60.0
EIR,0,233,959724380511254777,gateway_calibration,sweep:inference_delay=60.0,587.807724220581,131,763.7448320670604,60.0
EIR,0,234,910272594264087020,gateway_calibration,sweep:inference_delay=60.0,554.4218700175771,105,763.7448320670604,60.0
EIR,0,235,5638855908096048972,gateway_calibration,sweep:inference_delay=60.0,644.4267009362741,117,763.7448320670604,60.0
EIR,0,236,4097670355728884880,gateway_calibration,sweep:inference_delay=60.0,629.471094712336,140,763.7448320670604,60.0
EIR,0,237,7691367600926583898,gateway_calibration,sweep:inference_delay=60.0,638.9560469080071,106,763.7448320670604,60.0
EIR,0,238,7991612243869270553,gateway_calibration,sweep:inference_delay=60.0,705.1487643303404,125,763.7448320670604,60.0
EIR,0,239,3778442068314826430,gateway_calibration,sweep:inference_delay=60.0,643.5638198327975,127,763.7448320670604,60.0
EIR,0,240,2774791086218837113,gateway_calibration,sweep:inference_delay=60.0,635.3905862121688,121,763.7448320670604,60.0
EIR,0,241,4786774559380256516,gateway_calibration,sweep:inference_delay=60.0,602.9095450708229,135,763.7448320670604,60.0
EIR,0,242,5112302470353732024,gateway_calibration,sweep:inference_delay=60.0,726.7760588577198,129,763.7448320670604,60.0
EIR,0,243,8762321970589739445,gateway_calibration,sweep:inference_delay=60.0,523.1871836386682,123,763.7448320670604,60.0
EIR,0,244,6494895551176269544,gateway_calibration,sweep:inference_delay=60.0,653.8783575314403,127,763.7448320670604,60.0
EIR,0,245,933750489618474459,gateway_calibration,sweep:inference_delay=60.0,556.6265719285972,103,763.7448320670604,60.0
EIR,0,246,6309657726813435268,gateway_calibration,sweep:inference_delay=60.0,607.1145019536204,124,763.7448320670604,60.0
EIR,0,247,1919920333840170160,gateway_calibration,sweep:inference_delay=60.0,518.9609995320926,125,763.7448320670604,60.0
EIR,0,248,1333281103243689586,gateway_calibration,sweep:inference_delay=60.0,559.1057408579876,130,763.7448320670604,60.0
EIR,0,249,9163433203158142203,gateway_calibration,sweep:inference_delay=60.0,737.8920762587325,137,763.7448320670604,60.0
EIR,0,250,1578029164414163972,gateway_calibration,sweep:inference_delay=60.0,610.0670818944587,127,763.7448320670604,60.0
EIR,0,251,3738558744964133235,gateway_calibration,sweep:inference_delay=60.0,732.3436678414276,122,763.7448320670604,60.0
EIR,0,252,779712269844859091,gateway_calibration,sweep:inference_delay=60.0,643.3985262918648,121,763.7448320670604,60.0
EIR,0,253,6360224032523112178,gateway_calibration,sweep:inference_delay=60.0,626.2640850221234,125,763.7448320670604,60.0
EIR,0,254,1099179657609426283,gateway_calibration,sweep:inference_delay=60.0,765.5475639473037,124,763.7448320670604,60.0
EIR,0,255,8132697890603474168,gateway_calibration,sweep:inference_delay=60.0,640.8427353161921,107,763.7448320670604,60.0
EIR,0,256,8721648293090219600,gateway_calibration,sweep:inference_delay=60.0,711.0977085128256,130,763.7448320670604,60.0
EIR,0,257,6184433272988834525,gateway_calibration,sweep:inference_delay=60.0,540.8930574987,117,763.7448320670604,60.0
EIR,0,258,2308222130114485520,gateway_calibration,sweep:inference_delay=60.0,690.3878847499777,139,763.7448320670604,60.0
EIR,0,259,6298429635818364393,gateway_calibration,sweep:inference_delay=60.0,485.813575703637,105,763.7448320670604,60.0
EIR,0,260,2884088473127472648,gateway_calibration,sweep:inference_delay=60.0,569.1202479446209,141,763.7448320670604,60.0
EIR,0,261,6319158536824339645,gateway_calibration,sweep:inference_delay=60.0,646.452434471253,135,763.7448320670604,60.0
EIR,0,262,8730209558167991846,gateway_calibration,sweep:inference_delay=60.0,533.0180475042172,120,763.7448320670604,60.0
EIR,0,263,4187341148272842516,gateway_calibration,sweep:inference_delay=60.0,667.3205387990456,150,763.7448320670604,60.0
EIR,0,264,4398216521941726562,gateway_calibration,sweep:inference_delay=60.0,613.1406826180865,131,763.7448320670604,60.0
EIR,0,265,5120857451885231281,gateway_calibration,sweep:inference_delay=60.0,647.988717027615,134,763.7448320670604,60.0
EIR,0,266,8421217193915774480,gateway_calibration,sweep:inference_delay=60.0,611.3387951135625,122,763.7448320670604,60.0
EIR,0,267,9187882147257101966,gateway_calibration,sweep:inference_delay=60.0,636.7283492309238,131,763.7448320670604,60.0
EIR,0,268,1115452623583228405,gateway_calibration,sweep:inference_delay=60.0,666.6907794545527,126,763.7448320670604,60.0
EIR,0,269,2443432135650253435,gateway_calibration,sweep:inference_delay=60.0,633.4618286076836,126,763.7448320670604,60.0
EIR,0,270,8227923531086367088,gateway_calibration,sweep:inference_delay=60.0,576.3053132222,135,763.7448320670604,60.0
EIR,0,271,7059435294684042843,gateway_calibration,sweep:inference_delay=60.0,659.2649781128723,129,763.7448320670604,60.0
EIR,0,272,3253951675888402575,gateway_calibration,sweep:inference_delay=60.0,671.5257670373026,124,763.7448320670604,60.0
EIR,0,273,2770376358093214595,gateway_calibration,sweep:inference_delay=60.0,586.4694409151514,117,763.7448320670604,60.0
EIR,0,274,2998665624981099071,gateway_calibration,sweep:inference_delay=60.0,652.0169741104127,132,763.7448320670604,60.0
EIR,0,275,2354129162518116218,gateway_calibration,sweep:inference_delay=60.0,722.6076007266591,117,763.7448320670604,60.0
EIR,0,276,7242697652496510808,gateway_calibration,sweep:inference_delay=60.0,798.4167993652486,145,763.7448320670604,60.0
EIR,0,277,2183493870572430133,gateway_calibration,sweep:inference_delay=60.0,625.0342147712968,137,763.7448320670604,60.0
EIR,0,278,1709283237644276882,gateway_calibration,sweep:inference_delay=60.0,617.3760046224161,123,763.7448320670604,60.0
EIR,0,279,6485435642766419118,gateway_calibration,sweep:inference_delay=60.0,763.7079575721707,134,763.7448320670604,60.0
EIR,0,280,9197490454256413404,gateway_calibration,sweep:inference_delay=60.0,643.7800810184776,130,763.7448320670604,60.0
EIR,0,281,7673750424602925693,gateway_calibration,sweep:inference_delay=60.0,598.0918002510189,125,763.7448320670604,60.0
EIR,0,282,6866390108351646814,gateway_calibration,sweep:inference_delay=60.0,708.1633772338863,141,763.7448320670604,60.0
EIR,0,283,4690573484972615777,gateway_calibration,sweep:inference_delay=60.0,712.6484241914617,130,763.7448320670604,60.0
EIR,0,284,8952570075583185859,gateway_calibration,sweep:inference_delay=60.0,553.6967087357077,108,763.7448320670604,60.0
EIR,0,285,5414293119867331259,gateway_calibration,sweep:inference_delay=60.0,556.363293261463,113,763.7448320670604,60.0
EIR,0,286,6167631769206407053,gateway_calibration,sweep:inference_delay=60.0,542.2643964010822,116,763.7448320670604,60.0
EIR,0,287,2864383311512804230,gateway_calibration,sweep:inference_delay=60.0,631.0428863457989,116,763.7448320670604,60.0
EIR,0,288,7998394186239108535,gateway_calibration,sweep:inference_delay=60.0,528.7495968937881,117,763.7448320670604,60.0
EIR,0,289,6589540626489105805,gateway_calibration,sweep:inference_delay=60.0,514.5822274093875,113,763.7448320670604,60.0
EIR,0,290,2915287089998200243,gateway_calibration,sweep:inference_delay=60.0,594.5479095275758,118,763.7448320670604,60.0
EIR,0,291,3904057471860905282,gateway_calibration,sweep:inference_delay=60.0,665.6952487705742,120,763.7448320670604,60.0
EIR,0,292,4088031778830002806,gateway_calibration,sweep:inference_delay=60.0,565.7365742714958,117,763.7448320670604,60.0
EIR,0,293,840017651364718833,gateway_calibration,sweep:inference_delay=60.0,690.3633983409851,127,763.7448320670604,60.0
EIR,0,294,2746529631044775475,gateway_calibration,sweep:inference_delay=60.0,744.2792177149539,122,763.7448320670604,60.0
EIR,0,295,6552848129186572899,gateway_calibration,sweep:inference_delay=60.0,463.90791651352475,104,763.7448320670604,60.0
EIR,0,296,2434548791584525637,gateway_calibration,sweep:inference_delay=60.0,815.7594473740011,148,763.7448320670604,60.0
EIR,0,297,6472879526079623779,gateway_calibration,sweep:inference_delay=60.0,715.0251729497314,130,763.7448320670604,60.0
EIR,0,298,1762201677701566618,gateway_calibration,sweep:inference_delay=60.0,638.661729269621,138,763.7448320670604,60.0
EIR,0,299,7005467144618869641,gateway_calibration,sweep:inference_delay=60.0,492.75956554359243,114,763.7448320670604,60.0
EIR,0,300,6824146997773470893,gateway_calibration,sweep:inference_delay=60.0,627.7280847709592,132,763.7448320670604,60.0
EIR,0,301,6674089459448440670,gateway_calibration,sweep:inference_delay=60.0,583.396078929053,124,763.7448320670604,60.0
EIR,0,302,7516385844388304413,gateway_calibration,sweep:inference_delay=60.0,606.8776842660235,119,763.7448320670604,60.0
EIR,0,303,5845230606078243148,gateway_calibration,sweep:inference_delay=60.0,602.1102423839591,125,763.7448320670604,60.0
EIR,0,304,8516750574638606222,gateway_calibration,sweep:inference_delay=60.0,611.1269769686703,132,763.7448320670604,60.0
EIR,0,305,708245172173040933,gateway_calibration,sweep:inference_delay=60.0,668.6918470836946,121,763.7448320670604,60.0
EIR,0,306,8757315283694081525,gateway_calibration,sweep:inference_delay=60.0,533.3425467436257,126,763.7448320670604,60.0
EIR,0,307,6397783062301330216,gateway_calibration,sweep:inference_delay=60.0,597.1661323873429,125,763.7448320670604,60.0
EIR,0,308,5906195943921828089,gateway_calibration,sweep:inference_delay=60.0,694.4343859280871,145,763.7448320670604,60.0
EIR,0,309,2147811714709376242,gateway_calibration,sweep:inference_delay=60.0,539.7214505015056,110,763.7448320670604,60.0
EIR,0,310,5230560227738406226,gateway_calibration,sweep:inference_delay=60.0,643.8703100304028,146,763.7448320670604,60.0
EIR,0,311,2902221511608850091,gateway_calibration,sweep:inference_delay=60.0,471.79952122936237,105,763.7448320670604,60.0
EIR,0,312,3517776898880676382,gateway_calibration,sweep:inference_delay=60.0,529.890692458247,118,763.7448320670604,60.0
EIR,0,313,3722479471804982840,gateway_calibration,sweep:inference_delay=60.0,495.04582958751735,124,763.7448320670604,60.0
EIR,0,314,1016719812979174147,gateway_calibration,sweep:inference_delay=60.0,569.1504646977567,121,763.7448320670604,60.0
EIR,0,315,4676922500917435219,gateway_calibration,sweep:inference_delay=60.0,733.9227854158931,126,763.7448320670604,60.0
EIR,0,316,7230659404703642923,gateway_calibration,sweep:inference_delay=60.0,644.4369893971835,125,763.7448320670604,60.0
EIR,0,317,8467527741861766830,gateway_calibration,sweep:inference_delay=60.0,649.8397024660616,122,763.7448320670604,60.0
EIR,0,318,8043214787730583635,gateway_calibration,sweep:inference_delay=60.0,648.5718411368383,123,763.7448320670604,60.0
EIR,0,319,3855459559265449080,gateway_calibration,sweep:inference_delay=60.0,603.2753684720684,127,763.7448320670604,60.0
EIR,0,320,8840495914078723000,gateway_calibration,sweep:inference_delay=60.0,771.7850179724079,142,763.7448320670604,60.0
EIR,0,321,4043511708303462840,gateway_calibration,sweep:inference_delay=60.0,690.3398610722171,127,763.7448320670604,60.0
EIR,0,322,4412435780714555101,gateway_calibration,sweep:inference_delay=60.0,574.7728652930006,125,763.7448320670604,60.0
EIR,0,323,4822574414782510866,gateway_calibration,sweep:inference_delay=60.0,673.9647154782034,115,763.7448320670604,60.0
EIR,0,324,8293621831985792938,gateway_calibration,sweep:inference_delay=60.0,757.6002629940707,147,763.7448320670604,60.0
EIR,0,325,3112215189970979597,gateway_calibration,sweep:inference_delay=60.0,583.2679848395912,129,763.7448320670604,60.0
EIR,0,326,3797900480981673923,gateway_calibration,sweep:inference_delay=60.0,666.6403778097329,134,763.7448320670604,60.0
EIR,0,327,8101813693116383256,gateway_calibration,sweep:inference_delay=60.0,667.0489766291003,120,763.7448320670604,60.0
EIR,0,328,8083267630336495215,gateway_calibration,sweep:inference_delay=60.0,525.4100244112681,117,763.7448320670604,60.0
EIR,0,329,2784607114464551871,gateway_calibration,sweep:inference_delay=60.0,663.5809717180762,110,763.7448320670604,60.0
EIR,0,330,5390260669672676879,gateway_calibration,sweep:inference_delay=60.0,486.8284796874841,100,763.7448320670604,60.0
EIR,0,331,8313042430893266487,gateway_calibration,sweep:inference_delay=60.0,694.5557079286342,130,763.7448320670604,60.0
EIR,0,332,3354250725693952879,gateway_calibration,sweep:inference_delay=60.0,719.7085569129504,129,763.7448320670604,60.0
EIR,0,333,1304433911202347156,gateway_calibration,sweep:inference_delay=60.0,658.3444743970363,116,763.7448320670604,60.0
EIR,0,334,7959635154566692671,gateway_calibration,sweep:inference_delay=60.0,649.0608524941839,131,763.7448320670604,60.0
EIR,0,335,917283676645360835,gateway_calibration,sweep:inference_delay=60.0,693.224640596584,133,763.7448320670604,60.0
EIR,0,336,7935659110077460165,gateway_calibration,sweep:inference_delay=60.0,620.5868246878568,133,763.7448320670604,60.0
EIR,0,337,2563617758809221551,gateway_calibration,sweep:inference_delay=60.0,612.1044048669953,130,763.7448320670604,60.0
EIR,0,338,9180954029830038816,gateway_calibration,sweep:inference_delay=60.0,624.8642331949134,129,763.7448320670604,60.0
EIR,0,339,5732140722760769194,gateway_calibration,sweep:inference_delay=60.0,635.3556414486678,135,763.7448320670604,60.0
EIR,0,340,5043435875305240286,gateway_calibration,sweep:inference_delay=60.0,543.9218536521361,121,763.7448320670604,60.0
EIR,0,341,7454617137407884717,gateway_calibration,sweep:inference_delay=60.0,684.7982659265483,125,763.7448320670604,60.0
EIR,0,342,3478496833840774494,gateway_calibration,sweep:inference_delay=60.0,680.0337937756738,135,763.7448320670604,60.0
EIR,0,343,5286622649654368294,gateway_calibration,sweep:inference_delay=60.0,552.1898683964224,101,763.7448320670604,60.0
EIR,0,344,2706340831088961417,gateway_calibration,sweep:inference_delay=60.0,693.1674210566011,133,763.7448320670604,60.0
EIR,0,345,4313574104709374014,gateway_calibration,sweep:inference_delay=60.0,542.6448068628428,107,763.7448320670604,60.0
EIR,0,346,6927266394871686831,gateway_calibration,sweep:inference_delay=60.0,643.5502757348036,120,763.7448320670604,60.0
EIR,0,347,1286822237609029695,gateway_calibration,sweep:inference_delay=60.0,706.2840240940044,117,763.7448320670604,60.0
EIR,0,348,1803951148244179810,gateway_calibration,sweep:inference_delay=60.0,641.2864552703861,128,763.7448320670604,60.0
EIR,0,349,4804014593881931300,gateway_calibration,sweep:inference_delay=60.0,684.9669568019277,132,763.7448320670604,60.0
EIR,0,350,1438098908055595399,gateway_calibration,sweep:inference_delay=60.0,629.5883918387509,138,763.7448320670604,60.0
EIR,0,351,9144102225294551756,gateway_calibration,sweep:inference_delay=60.0,561.8357521296825,102,763.7448320670604,60.0
EIR,0,352,3760364677056326194,gateway_calibration,sweep:inference_delay=60.0,505.9139372653282,115,763.7448320670604,60.0
EIR,0,353,1954735617136578147,gateway_calibration,sweep:inference_delay=60.0,650.8536699885675,118,763.7448320670604,60.0
EIR,0,354,446163800165153357,gateway_calibration,sweep:inference_delay=60.0,611.3198400013771,124,763.7448320670604,60.0
EIR,0,355,7701743723118365561,gateway_calibration,sweep:inference_delay=60.0,606.1596423140613,114,763.7448320670604,60.0
EIR,0,356,1784449570877994139,gateway_calibration,sweep:inference_delay=60.0,628.0088573454154,125,763.7448320670604,60.0
EIR,0,357,8940757624953840084,gateway_calibration,sweep:inference_delay=60.0,700.8438528114382,136,763.7448320670604,60.0
EIR,0,358,2109221474240513167,gateway_calibration,sweep:inference_delay=60.0,515.0081824260379,115,763.7448320670604,60.0
EIR,0,359,8740340969830657313,gateway_calibration,sweep:inference_delay=60.0,779.146350397459,113,763.7448320670604,60.0
EIR,0,360,190235062551360531,gateway_calibration,sweep:inference_delay=60.0,676.0149685029457,134,763.7448320670604,60.0
EIR,0,361,8815325403017100030,gateway_calibration,sweep:inference_delay=60.0,692.859472326614,111,763.7448320670604,60.0
EIR,0,362,7386864306167862664,gateway_calibration,sweep:inference_delay=60.0,617.0839581245356,119,763.7448320670604,60.0
EIR,0,363,8015774873800147939,gateway_calibration,sweep:inference_delay=60.0,517.4897590670936,123,763.7448320670604,60.0
EIR,0,364,4868848963892332736,gateway_calibration,sweep:inference_delay=60.0,596.3711951288476,123,763.7448320670604,60.0
EIR,0,365,2120066478423343416,gateway_calibration,sweep:inference_delay=60.0,537.7018632333163,134,763.7448320670604,60.0
EIR,0,366,4142520916237936731,gateway_calibration,sweep:inference_delay=60.0,620.5140092596033,137,763.7448320670604,60.0
EIR,0,367,2855788132433714917,gateway_calibration,sweep:inference_delay=60.0,622.2332811464972,122,763.7448320670604,60.0
EIR,0,368,3324969549632546456,gateway_calibration,sweep:inference_delay=60.0,654.291337075005,136,763.7448320670604,60.0
EIR,0,369,2636752436573704776,gateway_calibration,sweep:inference_delay=60.0,740.2870873257164,136,763.7448320670604,60.0
EIR,0,370,436618842362896894,gateway_calibration,sweep:inference_delay=60.0,598.5631940893744,123,763.7448320670604,60.0
EIR,0,371,4154739209815120992,gateway_calibration,sweep:inference_delay=60.0,502.82653277826313,109,763.7448320670604,60.0
EIR,0,372,6484313015052992649,gateway_calibration,sweep:inference_delay=60.0,649.2331646126404,132,763.7448320670604,60.0
EIR,0,373,2400490471603380382,gateway_calibration,sweep:inference_delay=60.0,641.1793549977599,134,763.7448320670604,60.0
EIR,0,374,7124302024336555287,gateway_calibration,sweep:inference_delay=60.0,698.8889399341555,132,763.7448320670604,60.0
EIR,0,375,8331012489468049255,gateway_calibration,sweep:inference_delay=60.0,568.3348619672266,120,763.7448320670604,60.0
EIR,0,376,2242521658732086713,gateway_calibration,sweep:inference_delay=60.0,473.26444869086805,102,763.7448320670604,60.0
EIR,0,377,3212890783345820114,gateway_calibration,sweep:inference_delay=60.0,550.1671899900997,109,763.7448320670604,60.0
EIR,0,378,7191462216521099809,gateway_calibration,sweep:inference_delay=60.0,557.6539697588832,115,763.7448320670604,60.0
EIR,0,379,8198537800395146579,gateway_calibration,sweep:inference_delay=60.0,582.6161501768606,121,763.7448320670604,60.0
EIR,0,380,3771222401264076616,gateway_calibration,sweep:inference_delay=60.0,765.5899130876497,128,763.7448320670604,60.0
EIR,0,381,1782097719503408197,gateway_calibration,sweep:inference_delay=60.0,606.8111028103822,124,763.7448320670604,60.0
EIR,0,382,2015100142507932523,gateway_calibration,sweep:inference_delay=60.0,609.8327618381015,117,763.7448320670604,60.0
EIR,0,383,2382575548880952641,gateway_calibration,sweep:inference_delay=60.0,773.7596159163547,144,763.7448320670604,60.0
EIR,0,384,6279186096369446205,gateway_calibration,sweep:inference_delay=60.0,532.3812253060031,119,763.7448320670604,60.0
EIR,0,385,3915580439041825299,gateway_calibration,sweep:inference_delay=60.0,593.4777168268158,132,763.7448320670604,60.0
EIR,0,386,8290536254506859606,gateway_calibration,sweep:inference_delay=60.0,646.2440488505185,111,763.7448320670604,60.0
EIR,0,387,1444140400076221309,gateway_calibration,sweep:inference_delay=60.0,522.3150053587887,118,763.7448320670604,60.0
EIR,0,388,7506267796157791645,gateway_calibration,sweep:inference_delay=60.0,695.0119901903126,135,763.7448320670604,60.0
EIR,0,389,5590594667887228929,gateway_calibration,sweep:inference_delay=60.0,550.6526867175376,113,763.7448320670604,60.0
EIR,0,390,7602308166861182330,gateway_calibration,sweep:inference_delay=60.0,709.1171112143031,136,763.7448320670604,60.0
EIR,0,391,1634250776667977571,gateway_calibration,sweep:inference_delay=60.0,557.9933994974443,122,763.7448320670604,60.0
EIR,0,392,5548831941175894566,gateway_calibration,sweep:inference_delay=60.0,614.4887633321706,123,763.7448320670604,60.0
EIR,0,393,335383031920322337,gateway_calibration,sweep:inference_delay=60.0,459.2226095970997,105,763.7448320670604,60.0
EIR,0,394,210513646879952799,gateway_calibration,sweep:inference_delay=60.0,634.852964834851,129,763.7448320670604,60.0
EIR,0,395,7782466147209532778,gateway_calibration,sweep:inference_delay=60.0,595.0954094195152,124,763.7448320670604,60.0
EIR,0,396,2369325798853596163,gateway_calibration,sweep:inference_delay=60.0,846.7637828390725,143,763.7448320670604,60.0
EIR,0,397,4319955539416839715,gateway_calibration,sweep:inference_delay=60.0,750.5398431463097,120,763.7448320670604,60.0
EIR,0,398,7418072323328550173,gateway_calibration,sweep:inference_delay=60.0,720.2632947016158,131,763.7448320670604,60.0
EIR,0,399,7753813660901100367,gateway_calibration,sweep:inference_delay=60.0,746.0078960829519,145,763.7448320670604,60.0
EIR,0,400,7566203794888862017,gateway_calibration,sweep:inference_delay=60.0,585.9033557025294,118,763.7448320670604,60.0
EIR,0,401,7850847819976423992,gateway_calibration,sweep:inference_delay=60.0,554.6701131360579,129,763.7448320670604,60.0
EIR,0,402,340957494970872786,gateway_calibration,sweep:inference_delay=60.0,572.6051612310308,111,763.7448320670604,60.0
EIR,0,403,6547589590805279659,gateway_calibration,sweep:inference_delay=60.0,700.051736745243,134,763.7448320670604,60.0
EIR,0,404,5312765862630709871,gateway_calibration,sweep:inference_delay=60.0,529.5829851267947,110,763.7448320670604,60.0
EIR,0,405,7029855541985075200,gateway_calibration,sweep:inference_delay=60.0,556.2282269184198,128,763.7448320670604,60.0
EIR,0,406,5599591926802178609,gateway_calibration,sweep:inference_delay=60.0,492.7991482056445,110,763.7448320670604,60.0
EIR,0,407,3668523224650517563,gateway_calibration,sweep:inference_delay=60.0,694.7522098754388,130,763.7448320670604,60.0
EIR,0,408,7627501010329771859,gateway_calibration,sweep:inference_delay=60.0,793.991823769159,125,763.7448320670604,60.0
EIR,0,409,1694085020057918690,gateway_calibration,sweep:inference_delay=60.0,535.0636177613834,104,763.7448320670604,60.0
EIR,0,410,7154027721805166261,gateway_calibration,sweep:inference_delay=60.0,534.6041779516991,115,763.7448320670604,60.0
EIR,0,411,5212724888629999943,gateway_calibration,sweep:inference_delay=60.0,616.7376363611024,113,763.7448320670604,60.0
EIR,0,412,3904793019027647056,gateway_calibration,sweep:inference_delay=60.0,534.9972534481115,113,763.7448320670604,60.0
EIR,0,413,2491029590166711534,gateway_calibration,sweep:inference_delay=60.0,672.3378186743776,130,763.7448320670604,60.0
EIR,0,414,1934156978821050416,gateway_calibration,sweep:inference_delay=60.0,681.5038196549208,120,763.7448320670604,60.0
EIR,0,415,7774937575177173494,gateway_calibration,sweep:inference_delay=60.0,647.872082134126,126,763.7448320670604,60.0
EIR,0,416,8467453198927367469,gateway_calibration,sweep:inference_delay=60.0,659.1298692218326,116,763.7448320670604,60.0
EIR,0,417,5064112646078101374,gateway_calibration,sweep:inference_delay=60.0,600.9720165085361,127,763.7448320670604,60.0
EIR,0,418,4499142663673522710,gateway_calibration,sweep:inference_delay=60.0,507.2634944644858,116,763.7448320670604,60.0
EIR,0,419,8281224658163198894,gateway_calibration,sweep:inference_delay=60.0,666.6748294803845,123,763.7448320670604,60.0
EIR,0,420,1510208696287227341,gateway_calibration,sweep:inference_delay=60.0,763.3022386769462,124,763.7448320670604,60.0
EIR,0,421,3448027833592599790,gateway_calibration,sweep:inference_delay=60.0,672.6929535896049,133,763.7448320670604,60.0
EIR,0,422,1163347352468060028,gateway_calibration,sweep:inference_delay=60.0,640.6979394986116,151,763.7448320670604,60.0
EIR,0,423,2386704637839396438,gateway_calibration,sweep:inference_delay=60.0,549.4327753295463,132,763.7448320670604,60.0
EIR,0,424,7273815556583704906,gateway_calibration,sweep:inference_delay=60.0,443.5247042966566,110,763.7448320670604,60.0
EIR,0,425,7460407926668604862,gateway_calibration,sweep:inference_delay=60.0,639.8968070417573,136,763.7448320670604,60.0
EIR,0,426,2027841167943317880,gateway_calibration,sweep:inference_delay=60.0,648.6373927584488,111,763.7448320670604,60.0
EIR,0,427,5910191595586075262,gateway_calibration,sweep:inference_delay=60.0,655.7490376598533,113,763.7448320670604,60.0
EIR,0,428,6891807864365790713,gateway_calibration,sweep:inference_delay=60.0,629.2430628399453,127,763.7448320670604,60.0
EIR,0,429,2567717704654605896,gateway_calibration,sweep:inference_delay=60.0,624.3235145278402,124,763.7448320670604,60.0
EIR,0,430,3284461271249536174,gateway_calibration,sweep:inference_delay=60.0,601.5575516685086,127,763.7448320670604,60.0
EIR,0,431,2053256856871480440,gateway_calibration,sweep:inference_delay=60.0,628.1381825002305,111,763.7448320670604,60.0
EIR,0,432,334080743412450270,gateway_calibration,sweep:inference_delay=60.0,572.6454648954087,134,763.7448320670604,60.0
EIR,0,433,2220634845690529914,gateway_calibration,sweep:inference_delay=60.0,625.0562411976866,129,763.7448320670604,60.0
EIR,0,434,2702643020670812359,gateway_calibration,sweep:inference_delay=60.0,797.1148072887075,137,763.7448320670604,60.0
EIR,0,435,5996310107585996520,gateway_calibration,sweep:inference_delay=60.0,764.4454474699651,116,763.7448320670604,60.0
EIR,0,436,8306717605141008710,gateway_calibration,sweep:inference_delay=60.0,524.5362915978493,114,763.7448320670604,60.0
EIR,0,437,180327155282103361,gateway_calibration,sweep:inference_delay=60.0,654.0443564904155,127,763.7448320670604,60.0
EIR,0,438,415190517015808529,gateway_calibration,sweep:inference_delay=60.0,628.1979516656305,125,763.7448320670604,60.0
EIR,0,439,3733121263260394551,gateway_calibration,sweep:inference_delay=60.0,714.18093806687,134,763.7448320670604,60.0
EIR,0,440,2543741671885269843,gateway_calibration,sweep:inference_delay=60.0,590.7715476406016,128,763.7448320670604,60.0
EIR,0,441,7381396006840745389,gateway_calibration,sweep:inference_delay=60.0,808.6565827927476,123,763.7448320670604,60.0
EIR,0,442,7977466004671564359,gateway_calibration,sweep:inference_delay=60.0,558.6247162835302,122,763.7448320670604,60.0
EIR,0,443,3393280067524434099,gateway_calibration,sweep:inference_delay=60.0,643.7881807502437,127,763.7448320670604,60.0
EIR,0,444,9021185368232883357,gateway_calibration,sweep:inference_delay=60.0,672.5457801872599,112,763.7448320670604,60.0
EIR,0,445,6006661884604870826,gateway_calibration,sweep:inference_delay=60.0,533.967933515256,106,763.7448320670604,60.0
EIR,0,446,2547637478689435143,gateway_calibration,sweep:inference_delay=60.0,786.4716677094091,141,763.7448320670604,60.0
EIR,0,447,7249429518898963462,gateway_calibration,sweep:inference_delay=60.0,626.8499764233229,121,763.7448320670604,60.0
EIR,0,448,1210927588871217748,gateway_calibration,sweep:inference_delay=60.0,619.5900351928819,133,763.7448320670604,60.0
EIR,0,449,4117899830966687288,gateway_calibration,sweep:inference_delay=60.0,781.3041936033587,134,763.7448320670604,60.0
EIR,0,450,1912706084618515979,gateway_calibration,sweep:inference_delay=60.0,645.1634967891641,118,763.7448320670604,60.0
EIR,0,451,5066115501063646648,gateway_calibration,sweep:inference_delay=60.0,614.2413963423287,133,763.7448320670604,60.0
EIR,0,452,4828214725025356559,gateway_calibration,sweep:inference_delay=60.0,611.1950702643329,130,763.7448320670604,60.0
EIR,0,453,865180428699890449,gateway_calibration,sweep:inference_delay=60.0,592.0657203017662,121,763.7448320670604,60.0
EIR,0,454,7606121604459046482,gateway_calibration,sweep:inference_delay=60.0,640.6449886364633,117,763.7448320670604,60.0
EIR,0,455,6551979865526317624,gateway_calibration,sweep:inference_delay=60.0,669.4438601396707,120,763.7448320670604,60.0
EIR,0,456,9000618037235225990,gateway_calibration,sweep:inference_delay=60.0,561.6594158351473,120,763.7448320670604,60.0
EIR,0,457,2879686047975165764,gateway_calibration,sweep:inference_delay=60.0,715.824448121044,135,763.7448320670604,60.0
EIR,0,458,3678261611846562188,gateway_calibration,sweep:inference_delay=60.0,720.6741817449713,123,763.7448320670604,60.0
EIR,0,459,3652662298193198765,gateway_calibration,sweep:inference_delay=60.0,616.3044803651293,113,763.7448320670604,60.0
EIR,0,460,7057443649716246195,gateway_calibration,sweep:inference_delay=60.0,634.8223461001621,128,763.7448320670604,60.0
EIR,0,461,6233472917703218381,gateway_calibration,sweep:inference_delay=60.0,659.9855227707751,134,763.7448320670604,60.0
EIR,0,462,7942578925254984813,gateway_calibration,sweep:inference_delay=60.0,593.9944190495014,127,763.7448320670604,60.0
EIR,0,463,5135113568697070171,gateway_calibration,sweep:inference_delay=60.0,770.3683581574669,133,763.7448320670604,60.0
EIR,0,464,2499505161033275928,gateway_calibration,sweep:inference_delay=60.0,583.4661609006911,126,763.7448320670604,60.0
EIR,0,465,6526205269096202879,gateway_calibration,sweep:inference_delay=60.0,551.7543124651311,111,763.7448320670604,60.0
EIR,0,466,5243364798388865345,gateway_calibration,sweep:inference_delay=60.0,794.5010572326308,154,763.7448320670604,60.0
EIR,0,467,8728348762520788905,gateway_calibration,sweep:inference_delay=60.0,512.4851692102858,116,763.7448320670604,60.0
EIR,0,468,5174536173195331725,gateway_calibration,sweep:inference_delay=60.0,685.3985281100723,106,763.7448320670604,60.0
EIR,0,469,6371396906232711269,gateway_calibration,sweep:inference_delay=60.0,624.4791489762426,113,763.7448320670604,60.0
EIR,0,470,1303404836211053210,gateway_calibration,sweep:inference_delay=60.0,676.0405002067107,113,763.7448320670604,60.0
EIR,0,471,3848808834466956824,gateway_calibration,sweep:inference_delay=60.0,818.6802928243649,155,763.7448320670604,60.0
EIR,0,472,8075469981195853443,gateway_calibration,sweep:inference_delay=60.0,559.4774792908215,128,763.7448320670604,60.0
EIR,0,473,8247790104339075220,gateway_calibration,sweep:inference_delay=60.0,406.97848580113555,99,763.7448320670604,60.0
EIR,0,474,4781195944178275016,gateway_calibration,sweep:inference_delay=60.0,817.854814808668,127,763.7448320670604,60.0
EIR,0,475,4660130386960396636,gateway_calibration,sweep:inference_delay=60.0,578.016866521532,126,763.7448320670604,60.0
EIR,0,476,2959687355322645191,gateway_calibration,sweep:inference_delay=60.0,688.2894612466116,125,763.7448320670604,60.0
EIR,0,477,7426581732081607528,gateway_calibration,sweep:inference_delay=60.0,701.5054341330944,109,763.7448320670604,60.0
EIR,0,478,3277415886847101271,gateway_calibration,sweep:inference_delay=60.0,507.58600255169966,118,763.7448320670604,60.0
EIR,0,479,7819628919966289396,gateway_calibration,sweep:inference_delay=60.0,561.4085737116251,125,763.7448320670604,60.0
EIR,0,480,3014093634186805974,gateway_calibration,sweep:inference_delay=60.0,642.2623311219148,127,763.7448320670604,60.0
EIR,0,481,6455634424393644820,gateway_calibration,sweep:inference_delay=60.0,466.5803969212224,118,763.7448320670604,60.0
EIR,0,482,1266240066517604464,gateway_calibration,sweep:inference_delay=60.0,623.1678419274655,116,763.7448320670604,60.0
EIR,0,483,1358664353656246193,gateway_calibration,sweep:inference_delay=60.0,529.807357213536,116,763.7448320670604,60.0
EIR,0,484,2790159774800246686,gateway_calibration,sweep:inference_delay=60.0,541.8380167226295,114,763.7448320670604,60.0
EIR,0,485,3022175909817816809,gateway_calibration,sweep:inference_delay=60.0,659.2327618038736,124,763.7448320670604,60.0
EIR,0,486,1620085416105483286,gateway_calibration,sweep:inference_delay=60.0,613.290350270069,116,763.7448320670604,60.0
EIR,0,487,3615759328743481157,gateway_calibration,sweep:inference_delay=60.0,601.8197808089584,112,763.7448320670604,60.0
EIR,0,488,800912091304796356,gateway_calibration,sweep:inference_delay=60.0,601.3111547991482,116,763.7448320670604,60.0
EIR,0,489,841615316589366693,gateway_calibration,sweep:inference_delay=60.0,577.3232951912219,117,763.7448320670604,60.0
EIR,0,490,6132090651127104936,gateway_calibration,sweep:inference_delay=60.0,641.9858322836965,121,763.7448320670604,60.0
EIR,0,491,6856836764910229726,gateway_calibration,sweep:inference_delay=60.0,498.4932626315625,115,763.7448320670604,60.0
EIR,0,492,8316318317592313964,gateway_calibration,sweep:inference_delay=60.0,529.3062780495333,116,763.7448320670604,60.0
EIR,0,493,1410746592404927882,gateway_calibration,sweep:inference_delay=60.0,517.9869240260432,118,763.7448320670604,60.0
EIR,0,494,5176773376626027551,gateway_calibration,sweep:inference_delay=60.0,460.95576893374727,112,763.7448320670604,60.0
EIR,0,495,7377936158967290251,gateway_calibration,sweep:inference_delay=60.0,737.510538841291,128,763.7448320670604,60.0
EIR,0,496,3151955082242644399,gateway_calibration,sweep:inference_delay=60.0,538.7915488310476,120,763.7448320670604,60.0
EIR,0,497,2589481377016481821,gateway_calibration,sweep:inference_delay=60.0,606.3844819759852,126,763.7448320670604,60.0
EIR,0,498,8385888315498173193,gateway_calibration,sweep:inference_delay=60.0,537.4171613948955,109,763.7448320670604,60.0
EIR,0,499,9060691058988962408,gateway_calibration,sweep:inference_delay=60.0,652.0752209762206,127,763.7448320670604,60.0
RR,0,0,8036731051795696847,gateway_calibration,sweep:inference_delay=120.0,618.3387122958015,122,811.8948887729708,120.0
RR,0,1,2128378717801581300,gateway_calibration,sweep:inference_delay=120.0,791.1991179629396,148,811.8948887729708,120.0
RR,0,2,7177745571597894137,gateway_calibration,sweep:inference_delay=120.0,760.7854853809914,138,811.8948887729708,120.0
RR,0,3,321977035273129233,gateway_calibration,sweep:inference_delay=120.0,687.5836209987073,121,811.8948887729708,120.0
RR,0,4,2911213254354472119,gateway_calibration,sweep:inference_delay=120.0,522.7476339206249,119,811.8948887729708,120.0
RR,0,5,139047244617656402,gateway_calibration,sweep:inference_delay=120.0,569.2561094305661,120,811.8948887729708,120.0
RR,0,6,7411281804023778409,gateway_calibration,sweep:inference_delay=120.0,634.5256826878826,124,811.8948887729708,120.0
RR,0,7,7945570116242832042,gateway_calibration,sweep:inference_delay=120.0,562.629191354228,123,811.8948887729708,120.0
RR,0,8,6685591798483375709,gateway_calibration,sweep:inference_delay=120.0,671.9716823130367,129,811.8948887729708,120.0
RR,0,9,6767906266655133565,gateway_calibration,sweep:inference_delay=120.0,634.4624589353925,125,811.8948887729708,120.0
RR,0,10,846349045140295972,gateway_calibration,sweep:inference_delay=120.0,630.836461006487,119,811.8948887729708,120.0
RR,0,11,1120677988609704296,gateway_calibration,sweep:inference_delay=120.0,685.3766902457849,133,811.8948887729708,120.0
RR,0,12,2975040016454880150,gateway_calibration,sweep:inference_delay=120.0,676.5812213519954,145,811.8948887729708,120.0
RR,0,13,2263125071953343910,gateway_calibration,sweep:inference_delay=120.0,729.3728291415391,115,811.8948887729708,120.0
RR,0,14,6082266652772237126,gateway_calibration,sweep:inference_delay=120.0,637.8290568233892,114,811.8948887729708,120.0
RR,0,15,9207915390131819589,gateway_calibration,sweep:inference_delay=120.0,748.6974061856944,151,811.8948887729708,120.0
RR,0,16,6239689445897068530,gateway_calibration,sweep:inference_delay=120.0,597.0434978812069,126,811.8948887729708,120.0
RR,0,17,4189416336934168272,gateway_calibration,sweep:inference_delay=120.0,691.8395755672389,133,811.8948887729708,120.0
RR,0,18,6741519903544597041,gateway_calibration,sweep:inference_delay=120.0,764.3012004056718,146,811.8948887729708,120.0
RR,0,19,3719557772681541291,gateway_calibration,sweep:inference_delay=120.0,775.3571005841368,141,811.8948887729708,120.0
RR,0,20,5233075283486061606,gateway_calibration,sweep:inference_delay=120.0,679.5787101172805,129,811.8948887729708,120.0
RR,0,21,4213902241994746557,gateway_calibration,sweep:inference_delay=120.0,671.3575393899746,125,811.8948887729708,120.0
RR,0,22,7041185026462623384,gateway_calibration,sweep:inference_delay=120.0,731.7534013753462,134,811.8948887729708,120.0
RR,0,23,9125252092298614234,gateway_calibration,sweep:inference_delay=120.0,714.533759014651,135,811.8948887729708,120.0
RR,0,24,6528168268310673320,gateway_calibration,sweep:inference_delay=120.0,603.3351534918526,127,811.8948887729708,120.0
RR,0,25,1871697079373000166,gateway_calibration,sweep:inference_delay=120.0,697.1076824220077,123,811.8948887729708,120.0
RR,0,26,6351860891301108483,gateway_calibration,sweep:inference_delay=120.0,613.7172398105417,131,811.8948887729708,120.0
RR,0,27,4030374892139354574,gateway_calibration,sweep:inference_delay=120.0,693.6336294149222,130,811.8948887729708,120.0
RR,0,28,4547205867014004645,gateway_calibration,sweep:inference_delay=120.0,776.3248205140718,144,811.8948887729708,120.0
RR,0,29,659600910195753407,gateway_calibration,sweep:inference_delay=120.0,723.7837121311361,120,811.8948887729708,120.0
RR,0,30,8829629362228703057,gateway_calibration,sweep:inference_delay=120.0,658.315861052641,105,811.8948887729708,120.0
RR,0,31,270692318566629997,gateway_calibration,sweep:inference_delay=120.0,564.3503250948844,117,811.8948887729708,120.0
RR,0,32,1826769237763708176,gateway_calibration,sweep:inference_delay=120.0,643.5034117236663,109,811.8948887729708,120.0
RR,0,33,3614037007974844615,gateway_calibration,sweep:inference_delay=120.0,610.997642859788,117,811.8948887729708,120.0
RR,0,34,6520725137534887227,gateway_calibration,sweep:inference_delay=120.0,545.0456342486706,118,811.8948887729708,120.0
RR,0,35,8686711041613234479,gateway_calibration,sweep:inference_delay=120.0,647.6046783985466,121,811.8948887729708,120.0
RR,0,36,4006558892082110347,gateway_calibration,sweep:inference_delay=120.0,682.4563805326865,124,811.8948887729708,120.0
RR,0,37,4707161720208592257,gateway_calibration,sweep:inference_delay=120.0,697.5826369962156,122,811.8948887729708,120.0
RR,0,38,3665316241602670458,gateway_calibration,sweep:inference_delay=120.0,569.5096697668529,101,811.8948887729708,120.0
RR,0,39,6923643328102961104,gateway_calibration,sweep:inference_delay=120.0,546.5553213549441,120,811.8948887729708,120.0
RR,0,40,3295026522809611131,gateway_calibration,sweep:inference_delay=120.0,859.1436743323156,127,811.8948887729708,120.0
RR,0,41,190120081133343260,gateway_calibration,sweep:inference_delay=120.0,657.1192894913949,119,811.8948887729708,120.0
RR,0,42,4574787343486799036,gateway_calibration,sweep:inference_delay=120.0,682.5791651465166,144,811.8948887729708,120.0
RR,0,43,6605426027220966756,gateway_calibration,sweep:inference_delay=120.0,751.8812485679848,127,811.8948887729708,120.0
RR,0,44,2623762011001900907,gateway_calibration,sweep:inference_delay=120.0,869.2163833991974,132,811.8948887729708,120.0
RR,0,45,8096278851507169098,gateway_calibration,sweep:inference_delay=120.0,670.5604847948255,121,811.8948887729708,120.0
RR,0,46,2756737274613203563,gateway_calibration,sweep:inference_delay=120.0,550.6899288692189,120,811.8948887729708,120.0
RR,0,47,6350397072227189226,gateway_calibration,sweep:inference_delay=120.0,540.0382210875376,105,811.8948887729708,120.0
RR,0,48,3005347417830014128,gateway_calibration,sweep:inference_delay=120.0,653.5527882164278,119,811.8948887729708,120.0
RR,0,49,1849408098025923139,gateway_calibration,sweep:inference_delay=120.0,736.155304337849,138,811.8948887729708,120.0
RR,0,50,3737944776819637884,gateway_calibration,sweep:inference_delay=120.0,697.914287536279,130,811.8948887729708,120.0
RR,0,51,2262621732906907656,gateway_calibration,sweep:inference_delay=120.0,709.6802967041824,116,811.8948887729708,120.0
RR,0,52,2995819816870064849,gateway_calibration,sweep:inference_delay=120.0,562.4376740516659,128,811.8948887729708,120.0
RR,0,53,3728515986524797229,gateway_calibration,sweep:inference_delay=120.0,765.9363431857462,118,811.8948887729708,120.0
RR,0,54,1765010940803072852,gateway_calibration,sweep:inference_delay=120.0,622.068275039097,119,811.8948887729708,120.0
RR,0,55,4923675351607621738,gateway_calibration,sweep:inference_delay=120.0,754.1023127947585,120,811.8948887729708,120.0
RR,0,56,1397266726594196858,gateway_calibration,sweep:inference_delay=120.0,578.622956276141,111,811.8948887729708,120.0
RR,0,57,4209694591982713694,gateway_calibration,sweep:inference_delay=120.0,808.4730710504563,132,811.8948887729708,120.0
RR,0,58,3279996204145041100,gateway_calibration,sweep:inference_delay=120.0,755.2902445369324,145,811.8948887729708,120.0
RR,0,59,5116252182003053622,gateway_calibration,sweep:inference_delay=120.0,635.0536552948972,115,811.8948887729708,120.0
RR,0,60,4341501562650100615,gateway_calibration,sweep:inference_delay=120.0,628.751087955544,122,811.8948887729708,120.0
RR,0,61,3240875435387170686,gateway_calibration,sweep:inference_delay=120.0,750.7224509559296,131,811.8948887729708,120.0
RR,0,62,7479355200999873314,gateway_calibration,sweep:inference_delay=120.0,670.2969139562152,138,811.8948887729708,120.0
RR,0,63,6731136510474628045,gateway_calibration,sweep:inference_delay=120.0,853.3025625865757,146,811.8948887729708,120.0
RR,0,64,8872175733939082526,gateway_calibration,sweep:inference_delay=120.0,574.7607796327796,114,811.8948887729708,120.0
RR,0,65,4944610821067332083,gateway_calibration,sweep:inference_delay=120.0,799.0104891448228,131,811.8948887729708,120.0
RR,0,66,954649918214741151,gateway_calibration,sweep:inference_delay=120.0,657.8736889513867,127,811.8948887729708,120.0
RR,0,67,2794068681305138267,gateway_calibration,sweep:inference_delay=120.0,873.4811568666349,126,811.8948887729708,120.0
RR,0,68,9067777111824440710,gateway_calibration,sweep:inference_delay=120.0,687.7471504270022,124,811.8948887729708,120.0
RR,0,69,8452729685612985944,gateway_calibration,sweep:inference_delay=120.0,705.2652197740655,127,811.8948887729708,120.0
RR,0,70,181145910553420059,gateway_calibration,sweep:inference_delay=120.0,584.2346809244482,118,811.8948887729708,120.0
RR,0,71,5717030231500496223,gateway_calibration,sweep:inference_delay=120.0,733.5825267169215,122,811.8948887729708,120.0
RR,0,72,2006358750043754697,gateway_calibration,sweep:inference_delay=120.0,644.1233263774395,117,811.8948887729708,120.0
RR,0,73,6602814385525237300,gateway_calibration,sweep:inference_delay=120.0,649.51119629031,130,811.8948887729708,120.0
RR,0,74,5300542729743427717,gateway_calibration,sweep:inference_delay=120.0,553.1719038867028,101,811.8948887729708,120.0
RR,0,75,5977656651490336794,gateway_calibration,sweep:inference_delay=120.0,654.7708296757954,138,811.8948887729708,120.0
RR,0,76,7188665872288134226,gateway_calibration,sweep:inference_delay=120.0,582.3400156972278,118,811.8948887729708,120.0
RR,0,77,7376263044572863579,gateway_calibration,sweep:inference_delay=120.0,583.5777109745922,123,811.8948887729708,120.0
RR,0,78,2345616737724320884,gateway_calibration,sweep:inference_delay=120.0,647.5518421183327,130,811.8948887729708,120.0
RR,0,79,5707217177699820007,gateway_calibration,sweep:inference_delay=120.0,664.5982961744103,127,811.8948887729708,120.0
RR,0,80,8057888347752520338,gateway_calibration,sweep:inference_delay=120.0,710.8806987745447,127,811.8948887729708,120.0
RR,0,81,6496818809215510478,gateway_calibration,sweep:inference_delay=120.0,543.7015514959162,101,811.8948887729708,120.0
RR,0,82,870444610220634545,gateway_calibration,sweep:inference_delay=120.0,614.038214030414,105,811.8948887729708,120.0
RR,0,83,1535784564813827840,gateway_calibration,sweep:inference_delay=120.0,653.1125812227081,132,811.8948887729708,120.0
RR,0,84,3594576687878915603,gateway_calibration,sweep:inference_delay=120.0,611.021707536189,119,811.8948887729708,120.0
RR,0,85,554925909877903392,gateway_calibration,sweep:inference_delay=120.0,691.7371347708863,128,811.8948887729708,120.0
RR,0,86,265912523015110492,gateway_calibration,sweep:inference_delay=120.0,716.6552585389884,129,811.8948887729708,120.0
RR,0,87,114971434828024289,gateway_calibration,sweep:inference_delay=120.0,613.8636778650175,117,811.8948887729708,120.0
RR,0,88,9003514082571586289,gateway_calibration,sweep:inference_delay=120.0,573.5312933900894,118,811.8948887729708,120.0
RR,0,89,6947414167365596755,gateway_calibration,sweep:inference_delay=120.0,589.5434416932846,113,811.8948887729708,120.0
RR,0,90,6273248317596974121,gateway_calibration,sweep:inference_delay=120.0,592.0980257518738,122,811.8948887729708,120.0
RR,0,91,7113739890253909491,gateway_calibration,sweep:inference_delay=120.0,614.7994888199528,124,811.8948887729708,120.0
RR,0,92,7150950187368213008,gateway_calibration,sweep:inference_delay=120.0,719.7800378207833,146,811.8948887729708,120.0
RR,0,93,4545838888737097159,gateway_calibration,sweep:inference_delay=120.0,592.885939518496,131,811.8948887729708,120.0
RR,0,94,2693267282068812368,gateway_calibration,sweep:inference_delay=120.0,600.3119427633161,119,811.8948887729708,120.0
RR,0,95,8401534751514855770,gateway_calibration,sweep:inference_delay=120.0,694.2567695155011,137,811.8948887729708,120.0
RR,0,96,3582378367471849773,gateway_calibration,sweep:inference_delay=120.0,657.5427247373059,121,811.8948887729708,120.0
RR,0,97,2420665028120152050,gateway_calibration,sweep:inference_delay=120.0,652.5982450769155,136,811.8948887729708,120.0
RR,0,98,8995442771252414579,gateway_calibration,sweep:inference_delay=120.0,793.1477942095884,130,811.8948887729708,120.0
RR,0,99,3895060447910631949,gateway_calibration,sweep:inference_delay=120.0,784.5523143036071,128,811.8948887729708,120.0
RR,0,100,8264888329648885073,gateway_calibration,sweep:inference_delay=120.0,621.3930621976316,125,811.8948887729708,120.0
RR,0,101,7274610738412725698,gateway_calibration,sweep:inference_delay=120.0,719.5002121468734,128,811.8948887729708,120.0
RR,0,102,3625171039433202342,gateway_calibration,sweep:inference_delay=120.0,605.8633037900925,117,811.8948887729708,120.0
RR,0,103,8352058444654392896,gateway_calibration,sweep:inference_delay=120.0,565.0709142565667,122,811.8948887729708,120.0
RR,0,104,684053446764385831,gateway_calibration,sweep:inference_delay=120.0,722.4353869230182,134,811.8948887729708,120.0
RR,0,105,7268435109048244160,gateway_calibration,sweep:inference_delay=120.0,839.9000404765392,128,811.8948887729708,120.0
RR,0,106,1604451260809304742,gateway_calibration,sweep:inference_delay=120.0,709.5156819243557,122,811.8948887729708,120.0
RR,0,107,7651845589855276591,gateway_calibration,sweep:inference_delay=120.0,616.6439188623197,122,811.8948887729708,120.0
RR,0,108,1414614157738789589,gateway_calibration,sweep:inference_delay=120.0,625.9156364484683,120,811.8948887729708,120.0
RR,0,109,4914147933676431607,gateway_calibration,sweep:inference_delay=120.0,703.8453585535806,118,811.8948887729708,120.0
RR,0,110,2570222592833390480,gateway_calibration,sweep:inference_delay=120.0,525.4520741550409,114,811.8948887729708,120.0
RR,0,111,7990502665982586688,gateway_calibration,sweep:inference_delay=120.0,714.2559179376626,141,811.8948887729708,120.0
RR,0,112,3805035063534601021,gateway_calibration,sweep:inference_delay=120.0,545.7248236739749,104,811.8948887729708,120.0
RR,0,113,4417044920089852412,gateway_calibration,sweep:inference_delay=120.0,591.73625068608,117,811.8948887729708,120.0
RR,0,114,6334807533502451717,gateway_calibration,sweep:inference_delay=120.0,478.5134218427094,100,811.8948887729708,120.0
RR,0,115,7524984460206993043,gateway_calibration,sweep:inference_delay=120.0,718.7718413508543,133,811.8948887729708,120.0
RR,0,116,3124828781285962871,gateway_calibration,sweep:inference_delay=120.0,703.1180859761628,123,811.8948887729708,120.0
RR,0,117,1767474675873701535,gateway_calibration,sweep:inference_delay=120.0,652.682363855755,126,811.8948887729708,120.0
RR,0,118,8973797561283388546,gateway_calibration,sweep:inference_delay=120.0,629.5938346995855,129,811.8948887729708,120.0
RR,0,119,4307046673896554036,gateway_calibration,sweep:inference_delay=120.0,673.3192791440173,138,811.8948887729708,120.0
RR,0,120,8038140248790287795,gateway_calibration,sweep:inference_delay=120.0,792.1080987683065,141,811.8948887729708,120.0
RR,0,121,3566246839156152055,gateway_calibration,sweep:inference_delay=120.0,636.882333904248,132,811.8948887729708,120.0
RR,0,122,6801862266734305162,gateway_calibration,sweep:inference_delay=120.0,617.9586851996719,124,811.8948887729708,120.0
RR,0,123,3350043528928066806,gateway_calibration,sweep:inference_delay=120.0,678.1663114715741,143,811.8948887729708,120.0
RR,0,124,349327036036519238,gateway_calibration,sweep:inference_delay=120.0,622.9250636840283,121,811.8948887729708,120.0
RR,0,125,4585850751453145332,gateway_calibration,sweep:inference_delay=120.0,709.127883638685,123,811.8948887729708,120.0
RR,0,126,5992033390853803272,gateway_calibration,sweep:inference_delay=120.0,681.4923862227291,125,811.8948887729708,120.0
RR,0,127,6280689151977863024,gateway_calibration,sweep:inference_delay=120.0,612.8159422036372,131,811.8948887729708,120.0
RR,0,128,3744522835747781419,gateway_calibration,sweep:inference_delay=120.0,570.730064581647,116,811.8948887729708,120.0
RR,0,129,22604107074164959,gateway_calibration,sweep:inference_delay=120.0,719.1216661430481,123,811.8948887729708,120.0
RR,0,130,7811823912934367967,gateway_calibration,sweep:inference_delay=120.0,660.7913079014597,134,811.8948887729708,120.0
RR,0,131,1855618440851964815,gateway_calibration,sweep:inference_delay=120.0,802.3217498734058,133,811.8948887729708,120.0
RR,0,132,6654031255743330119,gateway_calibration,sweep:inference_delay=120.0,665.7119839795328,126,811.8948887729708,120.0
RR,0,133,2309284370004846551,gateway_calibration,sweep:inference_delay=120.0,569.6733685471459,120,811.8948887729708,120.0
RR,0,134,7948265674611804291,gateway_calibration,sweep:inference_delay=120.0,551.812162283215,126,811.8948887729708,120.0
RR,0,135,2895977809530887612,gateway_calibration,sweep:inference_delay=120.0,644.5665721032224,131,811.8948887729708,120.0
RR,0,136,6925444871017543369,gateway_calibration,sweep:inference_delay=120.0,605.0685658576024,133,811.8948887729708,120.0
RR,0,137,2643308760604576322,gateway_calibration,sweep:inference_delay=120.0,672.9178265614155,122,811.8948887729708,120.0
RR,0,138,3265759630407072829,gateway_calibration,sweep:inference_delay=120.0,733.0309860861465,121,811.8948887729708,120.0
RR,0,139,6324336961074959945,gateway_calibration,sweep:inference_delay=120.0,686.0689799136525,128,811.8948887729708,120.0
RR,0,140,2400380402600603884,gateway_calibration,sweep:inference_delay=120.0,551.3686986973017,125,811.8948887729708,120.0
RR,0,141,1229116711477621676,gateway_calibration,sweep:inference_delay=120.0,718.1706607801318,125,811.8948887729708,120.0
RR,0,142,1715389922696898590,gateway_calibration,sweep:inference_delay=120.0,745.2176596219898,141,811.8948887729708,120.0
RR,0,143,7648311482766512494,gateway_calibration,sweep:inference_delay=120.0,653.208087855763,132,811.8948887729708,120.0
RR,0,144,6531868126715391925,gateway_calibration,sweep:inference_delay=120.0,673.7314507442926,116,811.8948887729708,120.0
RR,0,145,7697727226795877055,gateway_calibration,sweep:inference_delay=120.0,718.9837297383772,134,811.8948887729708,120.0
RR,0,146,7139343216672780697,gateway_calibration,sweep:inference_delay=120.0,617.6307228536143,137,811.8948887729708,120.0
RR,0,147,4171352737666312076,gateway_calibration,sweep:inference_delay=120.0,759.0994751539766,132,811.8948887729708,120.0
RR,0,148,3203909840178936063,gateway_calibration,sweep:inference_delay=120.0,825.4109912299867,119,811.8948887729708,120.0
RR,0,149,5847051986289619065,gateway_calibration,sweep:inference_delay=120.0,771.1004784765483,131,811.8948887729708,120.0
RR,0,150,2478305579768410870,gateway_calibration,sweep:inference_delay=120.0,731.0112844260956,132,811.8948887729708,120.0
RR,0,151,3957306658479476702,gateway_calibration,sweep:inference_delay=120.0,779.3906238367881,157,811.8948887729708,120.0
RR,0,152,2746480323654583224,gateway_calibration,sweep:inference_delay=120.0,692.4420415504749,128,811.8948887729708,120.0
RR,0,153,6398403096932459155,gateway_calibration,sweep:inference_delay=120.0,714.7175310060514,129,811.8948887729708,120.0
RR,0,154,6675510495501789471,gateway_calibration,sweep:inference_delay=120.0,883.8006227467324,139,811.8948887729708,120.0
RR,0,155,494270940587192159,gateway_calibration,sweep:inference_delay=120.0,741.4844429034547,138,811.8948887729708,120.0
RR,0,156,1314150973648291335,gateway_calibration,sweep:inference_delay=120.0,629.0689176480014,122,811.8948887729708,120.0
RR,0,157,1046068322981350854,gateway_calibration,sweep:inference_delay=120.0,619.8071950961265,115,811.8948887729708,120.0
RR,0,158,7726832373723160669,gateway_calibration,sweep:inference_delay=120.0,765.6621806291403,132,811.8948887729708,120.0
RR,0,159,6044338243883471124,gateway_calibration,sweep:inference_delay=120.0,585.4545720813569,124,811.8948887729708,120.0
RR,0,160,3012144016836338329,gateway_calibration,sweep:inference_delay=120.0,751.6981162289944,141,811.8948887729708,120.0
RR,0,161,3798130836065386581,gateway_calibration,sweep:inference_delay=120.0,513.422893097286,116,811.8948887729708,120.0
RR,0,162,8007109525245762865,gateway_calibration,sweep:inference_delay=120.0,711.3275434939458,133,811.8948887729708,120.0
RR,0,163,8527448663960487480,gateway_calibration,sweep:inference_delay=120.0,652.3928622892246,120,811.8948887729708,120.0
RR,0,164,9182859503065592094,gateway_calibration,sweep:inference_delay=120.0,769.9946612898107,126,811.8948887729708,120.0
RR,0,165,2989323713760396637,gateway_calibration,sweep:inference_delay=120.0,706.9562372286373,131,811.8948887729708,120.0
RR,0,166,2794993780552368806,gateway_calibration,sweep:inference_delay=120.0,673.7366590230372,124,811.8948887729708,120.0
RR,0,167,874322464044867744,gateway_calibration,sweep:inference_delay=120.0,700.6228682695618,124,811.8948887729708,120.0
RR,0,168,7100594090777969737,gateway_calibration,sweep:inference_delay=120.0,646.4884240943614,115,811.8948887729708,120.0
RR,0,169,4629037505039135906,gateway_calibration,sweep:inference_delay=120.0,698.4833967526176,148,811.8948887729708,120.0
RR,0,170,630701263330800892,gateway_calibration,sweep:inference_delay=120.0,632.5232204890531,122,811.8948887729708,120.0
RR,0,171,8871198421946725020,gateway_calibration,sweep:inference_delay=120.0,536.283418347788,109,811.8948887729708,120.0
RR,0,172,8912138531917728012,gateway_calibration,sweep:inference_delay=120.0,685.8695732013724,129,811.8948887729708,120.0
RR,0,173,3653869330978086845,gateway_calibration,sweep:inference_delay=120.0,728.2892659592142,143,811.8948887729708,120.0
RR,0,174,2912656082320696213,gateway_calibration,sweep:inference_delay=120.0,612.8968138765716,120,811.8948887729708,120.0
RR,0,175,1103808177218260850,gateway_calibration,sweep:inference_delay=120.0,767.9209683753368,124,811.8948887729708,120.0
RR,0,176,2607542736586343506,gateway_calibration,sweep:inference_delay=120.0,709.0030799207932,128,811.8948887729708,120.0
RR,0,177,5401839981527236179,gateway_calibration,sweep:inference_delay=120.0,628.0860673289438,141,811.8948887729708,120.0
RR,0,178,1450702982167167399,gateway_calibration,sweep:inference_delay=120.0,611.1615619464635,116,811.8948887729708,120.0
RR,0,179,7908275443879586133,gateway_calibration,sweep:inference_delay=120.0,574.8906768598825,94,811.8948887729708,120.0
RR,0,180,3600684947555163035,gateway_calibration,sweep:inference_delay=120.0,634.0222341548738,127,811.8948887729708,120.0
RR,0,181,4178242610893716375,gateway_calibration,sweep:inference_delay=120.0,735.1850836675143,130,811.8948887729708,120.0
RR,0,182,4494778843327139306,gateway_calibration,sweep:inference_delay=120.0,643.5417457799506,125,811.8948887729708,120.0
RR,0,183,2826608622401613745,gateway_calibration,sweep:inference_delay=120.0,582.7948416816171,122,811.8948887729708,120.0
RR,0,184,7221136235133890390,gateway_calibration,sweep:inference_delay=120.0,646.1099903889927,103,811.8948887729708,120.0
RR,0,185,3134834239808558805,gateway_calibration,sweep:inference_delay=120.0,799.2352303947777,121,811.8948887729708,120.0
RR,0,186,6256907574798196359,gateway_calibration,sweep:inference_delay=120.0,662.4107692915609,117,811.8948887729708,120.0
RR,0,187,6090002248537186525,gateway_calibration,sweep:inference_delay=120.0,673.0327994065746,118,811.8948887729708,120.0
RR,0,188,4585201551430038406,gateway_calibration,sweep:inference_delay=120.0,645.8105519061203,108,811.8948887729708,120.0
RR,0,189,4063961418024661453,gateway_calibration,sweep:inference_delay=120.0,668.6948449723152,133,811.8948887729708,120.0
RR,0,190,7392966350009478103,gateway_calibration,sweep:inference_delay=120.0,631.2995611851295,122,811.8948887729708,120.0
RR,0,191,1492848989790091794,gateway_calibration,sweep:inference_delay=120.0,652.9633914209024,137,811.8948887729708,120.0
RR,0,192,4101053994456336667,gateway_calibration,sweep:inference_delay=120.0,674.7305564168284,125,811.8948887729708,120.0
RR,0,193,8074710743001151938,gateway_calibration,sweep:inference_delay=120.0,783.0829307046282,126,811.8948887729708,120.0
RR,0,194,5212631311981154672,gateway_calibration,sweep:inference_delay=120.0,758.7090992170829,129,811.8948887729708,120.0
RR,0,195,8908719840785199984,gateway_calibration,sweep:inference_delay=120.0,726.85201481488,127,811.8948887729708,120.0
RR,0,196,999450169447551854,gateway_calibration,sweep:inference_delay=120.0,681.3683811294609,124,811.8948887729708,120.0
RR,0,197,7125862823855781758,gateway_calibration,sweep:inference_delay=120.0,640.3480239328878,131,811.8948887729708,120.0
RR,0,198,3965643102500890651,gateway_calibration,sweep:inference_delay=120.0,761.5136872458551,138,811.8948887729708,120.0
RR,0,199,6932222452324672083,gateway_calibration,sweep:inference_delay=120.0,704.2706782059684,137,811.8948887729708,120.0
RR,0,200,5131547027963983215,gateway_calibration,sweep:inference_delay=120.0,615.0708486551879,116,811.8948887729708,120.0
RR,0,201,8795956433253082031,gateway_calibration,sweep:inference_delay=120.0,857.9216432164276,147,811.8948887729708,120.0
RR,0,202,5586803065317287809,gateway_calibration,sweep:inference_delay=120.0,536.5217825828727,126,811.8948887729708,120.0
RR,0,203,7631054467362521232,gateway_calibration,sweep:inference_delay=120.0,648.2105771801824,114,811.8948887729708,120.0
RR,0,204,6979455941945298785,gateway_calibration,sweep:inference_delay=120.0,656.3096140676898,129,811.8948887729708,120.0
RR,0,205,3215455092438663344,gateway_calibration,sweep:inference_delay=120.0,851.699028888352,135,811.8948887729708,120.0
RR,0,206,3434548944717048963,gateway_calibration,sweep:inference_delay=120.0,720.6144046951808,135,811.8948887729708,120.0
RR,0,207,3801140529048407208,gateway_calibration,sweep:inference_delay=120.0,602.4187018002798,112,811.8948887729708,120.0
RR,0,208,4650610890705572386,gateway_calibration,sweep:inference_delay=120.0,746.0327989411277,119,811.8948887729708,120.0
RR,0,209,4352460632243557309,gateway_calibration,sweep:inference_delay=120.0,595.2905505127444,129,811.8948887729708,120.0
RR,0,210,9110062983510645812,gateway_calibration,sweep:inference_delay=120.0,547.7160039896424,109,811.8948887729708,120.0
RR,0,211,6201333201696179521,gateway_calibration,sweep:inference_delay=120.0,847.0957830580433,128,811.8948887729708,120.0
RR,0,212,3020690967515742441,gateway_calibration,sweep:inference_delay=120.0,631.6828426929654,122,811.8948887729708,120.0
RR,0,213,5113598565957210646,gateway_calibration,sweep:inference_delay=120.0,811.6684533035402,128,811.8948887729708,120.0
RR,0,214,5901440036817739874,gateway_calibration,sweep:inference_delay=120.0,580.7475391978409,124,811.8948887729708,120.0
RR,0,215,7236115084614346493,gateway_calibration,sweep:inference_delay=120.0,778.9940183523736,142,811.8948887729708,120.0
RR,0,216,6312640476743377220,gateway_calibration,sweep:inference_delay=120.0,751.1118338435793,129,811.8948887729708,120.0
RR,0,217,306681076932402718,gateway_calibration,sweep:inference_delay=120.0,553.9605750095699,125,811.8948887729708,120.0
RR,0,218,6156217252091306802,gateway_calibration,sweep:inference_delay=120.0,715.756521253649,142,811.8948887729708,120.0
RR,0,219,8264284432273424094,gateway_calibration,sweep:inference_delay=120.0,615.6584257031805,121,811.8948887729708,120.0
RR,0,220,4189708814111903148,gateway_calibration,sweep:inference_delay=120.0,631.0237540966668,139,811.8948887729708,120.0
RR,0,221,7889772267027158736,gateway_calibration,sweep:inference_delay=120.0,623.8433363994806,124,811.8948887729708,120.0
RR,0,222,7108543156613227755,gateway_calibration,sweep:inference_delay=120.0,635.9794657013992,131,811.8948887729708,120.0
RR,0,223,9042358047221550168,gateway_calibration,sweep:inference_delay=120.0,743.5645787427834,137,811.8948887729708,120.0
RR,0,224,7705833442954675368,gateway_calibration,sweep:inference_delay=120.0,738.1861423364181,141,811.8948887729708,120.0
RR,0,225,3398952373332817631,gateway_calibration,sweep:inference_delay=120.0,684.5503523243026,127,811.8948887729708,120.0
RR,0,226,6379903412322593579,gateway_calibration,sweep:inference_delay=120.0,668.1399483997171,126,811.8948887729708,120.0
RR,0,227,9012033674670575392,gateway_calibration,sweep:inference_delay=120.0,847.9594422318918,134,811.8948887729708,120.0
RR,0,228,122473416203944900,gateway_calibration,sweep:inference_delay=120.0,618.9962306665533,124,811.8948887729708,120.0
RR,0,229,4940575097158153538,gateway_calibration,sweep:inference_delay=120.0,738.1090914004554,139,811.8948887729708,120.0
RR,0,230,664636542461107033,gateway_calibration,sweep:inference_delay=120.0,608.9745983472727,121,811.8948887729708,120.0
RR,0,231,7797235987269723090,gateway_calibration,sweep:inference_delay=120.0,816.197162692157,137,811.8948887729708,120.0
RR,0,232,1879781091084643382,gateway_calibration,sweep:inference_delay=120.0,608.520650410211,117,811.8948887729708,120.0
RR,0,233,4714659863506023876,gateway_calibration,sweep:inference_delay=120.0,697.5690142216657,120,811.8948887729708,120.0
RR,0,234,7804705855740254499,gateway_calibration,sweep:inference_delay=120.0,676.8596078232904,124,811.8948887729708,120.0
RR,0,235,8095260548169304391,gateway_calibration,sweep:inference_delay=120.0,832.0089629588948,138,811.8948887729708,120.0
RR,0,236,906194003259344186,gateway_calibration,sweep:inference_delay=120.0,689.9721755167868,132,811.8948887729708,120.0
RR,0,237,6032627608173626597,gateway_calibration,sweep:inference_delay=120.0,741.8172330863756,139,811.8948887729708,120.0
RR,0,238,3738554641044770615,gateway_calibration,sweep:inference_delay=120.0,728.3691698285592,130,811.8948887729708,120.0
RR,0,239,3476742330592022135,gateway_calibration,sweep:inference_delay=120.0,633.5005953274044,124,811.8948887729708,120.0
RR,0,240,5316200749281988572,gateway_calibration,sweep:inference_delay=120.0,633.9882082058883,124,811.8948887729708,120.0
RR,0,241,2190819566577267643,gateway_calibration,sweep:inference_delay=120.0,526.6263018889972,104,811.8948887729708,120.0
RR,0,242,857814540465728394,gateway_calibration,sweep:inference_delay=120.0,744.8812844224932,142,811.8948887729708,120.0
RR,0,243,109803938375533372,gateway_calibration,sweep:inference_delay=120.0,682.0007577059692,135,811.8948887729708,120.0
RR,0,244,6449002674717386074,gateway_calibration,sweep:inference_delay=120.0,801.694088884324,135,811.8948887729708,120.0
RR,0,245,6215265584772556378,gateway_calibration,sweep:inference_delay=120.0,680.1236581363867,125,811.8948887729708,120.0
RR,0,246,199577232507299735,gateway_calibration,sweep:inference_delay=120.0,559.2310202392403,113,811.8948887729708,120.0
RR,0,247,3297804610065436098,gateway_calibration,sweep:inference_delay=120.0,775.6325326821787,115,811.8948887729708,120.0
RR,0,248,8907551494262326324,gateway_calibration,sweep:inference_delay=120.0,678.6642912822368,138,811.8948887729708,120.0
RR,0,249,1529709659005367054,gateway_calibration,sweep:inference_delay=120.0,600.0297690050993,123,811.8948887729708,120.0
RR,0,250,7884667387257020777,gateway_calibration,sweep:inference_delay=120.0,754.556968640252,121,811.8948887729708,120.0
RR,0,251,8726530387776396798,gateway_calibration,sweep:inference_delay=120.0,612.7803392117377,125,811.8948887729708,120.0
RR,0,252,1433911575792678866,gateway_calibration,sweep:inference_delay=120.0,746.6753841327213,139,811.8948887729708,120.0
RR,0,253,8710010161275645775,gateway_calibration,sweep:inference_delay=120.0,612.672560836092,116,811.8948887729708,120.0
RR,0,254,9170084412448947529,gateway_calibration,sweep:inference_delay=120.0,673.74926460919,121,811.8948887729708,120.0
RR,0,255,6091439753238647021,gateway_calibration,sweep:inference_delay=120.0,790.3070510892976,150,811.8948887729708,120.0
RR,0,256,4958860573296819115,gateway_calibration,sweep:inference_delay=120.0,667.9071544509708,127,811.8948887729708,120.0
RR,0,257,6874253744034462075,gateway_calibration,sweep:inference_delay=120.0,576.9516350000355,120,811.8948887729708,120.0
RR,0,258,408698351800002150,gateway_calibration,sweep:inference_delay=120.0,592.8312015331627,123,811.8948887729708,120.0
RR,0,259,7114059880909457078,gateway_calibration,sweep:inference_delay=120.0,682.5584746796379,115,811.8948887729708,120.0
RR,0,260,3448280226404936529,gateway_calibration,sweep:inference_delay=120.0,678.8800173492966,132,811.8948887729708,120.0
RR,0,261,5872279131893372988,gateway_calibration,sweep:inference_delay=120.0,544.760264856882,108,811.8948887729708,120.0
RR,0,262,4627364965127169209,gateway_calibration,sweep:inference_delay=120.0,771.8984288502191,122,811.8948887729708,120.0
RR,0,263,2817182897332708445,gateway_calibration,sweep:inference_delay=120.0,637.4677502205182,138,811.8948887729708,120.0
RR,0,264,3226495020468035601,gateway_calibration,sweep:inference_delay=120.0,785.9525160157008,134,811.8948887729708,120.0
RR,0,265,1891893400209499536,gateway_calibration,sweep:inference_delay=120.0,758.3586063518618,154,811.8948887729708,120.0
RR,0,266,7186354472000501983,gateway_calibration,sweep:inference_delay=120.0,650.3918127856066,135,811.8948887729708,120.0
RR,0,267,3398097153274306013,gateway_calibration,sweep:inference_delay=120.0,706.0106874339192,114,811.8948887729708,120.0
RR,0,268,7079618195772881812,gateway_calibration,sweep:inference_delay=120.0,667.7738424331616,136,811.8948887729708,120.0
RR,0,269,1281974242019890468,gateway_calibration,sweep:inference_delay=120.0,750.2384984160941,136,811.8948887729708,120.0
RR,0,270,1668979423577633302,gateway_calibration,sweep:inference_delay=120.0,661.8290276437134,131,811.8948887729708,120.0
RR,0,271,8822582446820559509,gateway_calibration,sweep:inference_delay=120.0,668.1953980471233,110,811.8948887729708,120.0
RR,0,272,7453523994327535760,gateway_calibration,sweep:inference_delay=120.0,736.9162028089336,141,811.8948887729708,120.0
RR,0,273,7710916241064065990,gateway_calibration,sweep:inference_delay=120.0,701.7267132262432,136,811.8948887729708,120.0
RR,0,274,6539162118770290116,gateway_calibration,sweep:inference_delay=120.0,789.9595485202309,140,811.8948887729708,120.0
RR,0,275,9007356165936029249,gateway_calibration,sweep:inference_delay=120.0,680.4818454025802,123,811.8948887729708,120.0
RR,0,276,5850868262486113660,gateway_calibration,sweep:inference_delay=120.0,635.0656826040494,125,811.8948887729708,120.0
RR,0,277,7268909925070436634,gateway_calibration,sweep:inference_delay=120.0,665.661519689267,110,811.8948887729708,120.0
RR,0,278,5430337678375502373,gateway_calibration,sweep:inference_delay=120.0,692.117111372377,120,811.8948887729708,120.0
RR,0,279,8281359645921020172,gateway_calibration,sweep:inference_delay=120.0,580.76845130227,112,811.8948887729708,120.0
RR,0,280,7474852812176008087,gateway_calibration,sweep:inference_delay=120.0,735.011209759777,120,811.8948887729708,120.0
RR,0,281,948484256977648338,gateway_calibration,sweep:inference_delay=120.0,615.538645834874,121,811.8948887729708,120.0
RR,0,282,4373062170352625796,gateway_calibration,sweep:inference_delay=120.0,595.9670940602755,114,811.8948887729708,120.0
RR,0,283,2010434461530052851,gateway_calibration,sweep:inference_delay=120.0,667.8237649233761,127,811.8948887729708,120.0
RR,0,284,8100330337422475980,gateway_calibration,sweep:inference_delay=120.0,591.7818850376,115,811.8948887729708,120.0
RR,0,285,8700526850317622350,gateway_calibration,sweep:inference_delay=120.0,644.1519739413385,111,811.8948887729708,120.0
RR,0,286,239344597376704809,gateway_calibration,sweep:inference_delay=120.0,836.6735939215719,119,811.8948887729708,120.0
RR,0,287,7208117757902773816,gateway_calibration,sweep:inference_delay=120.0,617.3090624611889,123,811.8948887729708,120.0
RR,0,288,8196379105820061157,gateway_calibration,sweep:inference_delay=120.0,639.8540439261131,129,811.8948887729708,120.0
RR,0,289,607845435956440232,gateway_calibration,sweep:inference_delay=120.0,586.2785585542425,113,811.8948887729708,120.0
RR,0,290,1966496262722936813,gateway_calibration,sweep:inference_delay=120.0,800.0142166120746,133,811.8948887729708,120.0
RR,0,291,3538681840675748965,gateway_calibration,sweep:inference_delay=120.0,713.908384778597,126,811.8948887729708,120.0
RR,0,292,1463054627243614100,gateway_calibration,sweep:inference_delay=120.0,669.349856719125,144,811.8948887729708,120.0
RR,0,293,3266938492871088362,gateway_calibration,sweep:inference_delay=120.0,678.4258799700428,124,811.8948887729708,120.0
RR,0,294,6307345622284421562,gateway_calibration,sweep:inference_delay=120.0,605.587868719808,121,811.8948887729708,120.0
RR,0,295,7249330951015271482,gateway_calibration,sweep:inference_delay=120.0,553.9218091016191,114,811.8948887729708,120.0
RR,0,296,4336001068304131232,gateway_calibration,sweep:inference_delay=120.0,676.0614183141598,122,811.8948887729708,120.0
RR,0,297,2299533976421598545,gateway_calibration,sweep:inference_delay=120.0,656.5684124682995,129,811.8948887729708,120.0
RR,0,298,3240096295067119963,gateway_calibration,sweep:inference_delay=120.0,671.5420451567608,127,811.8948887729708,120.0
RR,0,299,6947517536517669413,gateway_calibration,sweep:inference_delay=120.0,638.6039458221668,122,811.8948887729708,120.0
RR,0,300,3615274215111648575,gateway_calibration,sweep:inference_delay=120.0,634.2226478833294,115,811.8948887729708,120.0
RR,0,301,8601699498832652966,gateway_calibration,sweep:inference_delay=120.0,751.265011941754,132,811.8948887729708,120.0
RR,0,302,6498947026691221311,gateway_calibration,sweep:inference_delay=120.0,685.4011297193473,126,811.8948887729708,120.0
RR,0,303,2023830876125335412,gateway_calibration,sweep:inference_delay=120.0,502.0369980390956,110,811.8948887729708,120.0
RR,0,304,6668057049205785508,gateway_calibration,sweep:inference_delay=120.0,642.804069896729,110,811.8948887729708,120.0
RR,0,305,972426871952470794,gateway_calibration,sweep:inference_delay=120.0,642.0189623762087,130,811.8948887729708,120.0
RR,0,306,4085980888004490386,gateway_calibration,sweep:inference_delay=120.0,625.3201562288857,111,811.8948887729708,120.0
RR,0,307,5899060696247741828,gateway_calibration,sweep:inference_delay=120.0,640.4703232679686,126,811.8948887729708,120.0
RR,0,308,6716881207755170120,gateway_calibration,sweep:inference_delay=120.0,670.2777476492696,137,811.8948887729708,120.0
RR,0,309,2913033553703153339,gateway_calibration,sweep:inference_delay=120.0,751.8434051371246,129,811.8948887729708,120.0
RR,0,310,6472430399910470893,gateway_calibration,sweep:inference_delay=120.0,596.2495779914058,125,811.8948887729708,120.0
RR,0,311,5786538029600997702,gateway_calibration,sweep:inference_delay=120.0,738.815646762551,144,811.8948887729708,120.0
RR,0,312,9194421470345674394,gateway_calibration,sweep:inference_delay=120.0,675.0622788397798,123,811.8948887729708,120.0
RR,0,313,4594121479844421633,gateway_calibration,sweep:inference_delay=120.0,622.227226452255,125,811.8948887729708,120.0
RR,0,314,8208745424675179099,gateway_calibration,sweep:inference_delay=120.0,737.9544354835689,128,811.8948887729708,120.0
RR,0,315,8091692001852291938,gateway_calibration,sweep:inference_delay=120.0,832.8445869334645,119,811.8948887729708,120.0
RR,0,316,8198648240195395918,gateway_calibration,sweep:inference_delay=120.0,679.4533967317489,133,811.8948887729708,120.0
RR,0,317,7249583067471668859,gateway_calibration,sweep:inference_delay=120.0,691.132037402773,136,811.8948887729708,120.0
RR,0,318,3837137836462479129,gateway_calibration,sweep:inference_delay=120.0,653.0886520269207,123,811.8948887729708,120.0
RR,0,319,6539991850880362014,gateway_calibration,sweep:inference_delay=120.0,740.4973091381755,133,811.8948887729708,120.0
RR,0,320,2224697815941001946,gateway_calibration,sweep:inference_delay=120.0,731.3413276634498,129,811.8948887729708,120.0
RR,0,321,6114963703611859362,gateway_calibration,sweep:inference_delay=120.0,798.5340266366247,140,811.8948887729708,120.0
RR,0,322,195140210401165787,gateway_calibration,sweep:inference_delay=120.0,631.9997979993369,141,811.8948887729708,120.0
RR,0,323,6659619998631776941,gateway_calibration,sweep:inference_delay=120.0,570.0152769942874,104,811.8948887729708,120.0
RR,0,324,7120813819222659707,gateway_calibration,sweep:inference_delay=120.0,878.1596840684873,131,811.8948887729708,120.0
RR,0,325,6774444348763995658,gateway_calibration,sweep:inference_delay=120.0,622.039781698686,115,811.8948887729708,120.0
RR,0,326,4850043671201831257,gateway_calibration,sweep:inference_delay=120.0,674.844413191041,127,811.8948887729708,120.0
RR,0,327,7806357730825919044,gateway_calibration,sweep:inference_delay=120.0,733.9719881290406,125,811.8948887729708,120.0
RR,0,328,5501563936572777030,gateway_calibration,sweep:inference_delay=120.0,748.1120105590959,126,811.8948887729708,120.0
RR,0,329,4114176341225639366,gateway_calibration,sweep:inference_delay=120.0,686.0452702072103,127,811.8948887729708,120.0
RR,0,330,8423063922294622079,gateway_calibration,sweep:inference_delay=120.0,616.1020865341853,113,811.8948887729708,120.0
RR,0,331,963155771364400202,gateway_calibration,sweep:inference_delay=120.0,801.1221509071095,128,811.8948887729708,120.0
RR,0,332,6909447279653752656,gateway_calibration,sweep:inference_delay=120.0,757.9569818362411,152,811.8948887729708,120.0
RR,0,333,6942379951347826786,gateway_calibration,sweep:inference_delay=120.0,650.8973903485861,113,811.8948887729708,120.0
RR,0,334,6811899438781075660,gateway_calibration,sweep:inference_delay=120.0,661.3342966356252,122,811.8948887729708,120.0
RR,0,335,1957473825461321269,gateway_calibration,sweep:inference_delay=120.0,733.8589567925192,129,811.8948887729708,120.0
RR,0,336,2535395259601600383,gateway_calibration,sweep:inference_delay=120.0,701.9510911274356,135,811.8948887729708,120.0
RR,0,337,7499345641990961458,gateway_calibration,sweep:inference_delay=120.0,606.6294929022918,103,811.8948887729708,120.0
RR,0,338,2528873120497957601,gateway_calibration,sweep:inference_delay=120.0,901.4172533942539,162,811.8948887729708,120.0
RR,0,339,8679936124247055674,gateway_calibration,sweep:inference_delay=120.0,710.0674211337157,130,811.8948887729708,120.0
RR,0,340,2840468023605956744,gateway_calibration,sweep:inference_delay=120.0,670.233414391809,126,811.8948887729708,120.0
RR,0,341,1190338611397781600,gateway_calibration,sweep:inference_delay=120.0,655.2095502508804,116,811.8948887729708,120.0
RR,0,342,7072305608308917306,gateway_calibration,sweep:inference_delay=120.0,607.3898942401061,124,811.8948887729708,120.0
RR,0,343,6940384386291869062,gateway_calibration,sweep:inference_delay=120.0,581.824108365876,117,811.8948887729708,120.0
RR,0,344,9100927083450735115,gateway_calibration,sweep:inference_delay=120.0,680.3008275097507,128,811.8948887729708,120.0
RR,0,345,8325319464015471457,gateway_calibration,sweep:inference_delay=120.0,573.7831360286558,110,811.8948887729708,120.0
RR,0,346,3894299769466572410,gateway_calibration,sweep:inference_delay=120.0,749.796104573737,147,811.8948887729708,120.0
RR,0,347,6393358636141596389,gateway_calibration,sweep:inference_delay=120.0,776.6564280196848,134,811.8948887729708,120.0
RR,0,348,3341952981121461829,gateway_calibration,sweep:inference_delay=120.0,537.1530808496619,122,811.8948887729708,120.0
RR,0,349,7303707367493804429,gateway_calibration,sweep:inference_delay=120.0,548.440562366774,111,811.8948887729708,120.0
RR,0,350,4155289482649960502,gateway_calibration,sweep:inference_delay=120.0,740.7864278313967,119,811.8948887729708,120.0
RR,0,351,8166025039485491372,gateway_calibration,sweep:inference_delay=120.0,650.5821064291596,141,811.8948887729708,120.0
RR,0,352,4337177749538546778,gateway_calibration,sweep:inference_delay=120.0,582.1827844105626,98,811.8948887729708,120.0
RR,0,353,3464983365478709651,gateway_calibration,sweep:inference_delay=120.0,707.0588800065643,134,811.8948887729708,120.0
RR,0,354,4181805393221580531,gateway_calibration,sweep:inference_delay=120.0,611.4145090661225,123,811.8948887729708,120.0
RR,0,355,2016915801989093899,gateway_calibration,sweep:inference_delay=120.0,754.3408973353002,128,811.8948887729708,120.0
RR,0,356,332739090942856489,gateway_calibration,sweep:inference_delay=120.0,793.2076640903065,135,811.8948887729708,120.0
RR,0,357,6418239464839540574,gateway_calibration,sweep:inference_delay=120.0,825.9613341494662,142,811.8948887729708,120.0
RR,0,358,1576100065629541018,gateway_calibration,sweep:inference_delay=120.0,687.2995424197792,144,811.8948887729708,120.0
RR,0,359,1418964388637756277,gateway_calibration,sweep:inference_delay=120.0,780.4633278529418,112,811.8948887729708,120.0
RR,0,360,7723648588439060272,gateway_calibration,sweep:inference_delay=120.0,544.2674128091871,113,811.8948887729708,120.0
RR,0,361,3165070543608162582,gateway_calibration,sweep:inference_delay=120.0,640.6238703544161,113,811.8948887729708,120.0
RR,0,362,8245906499654011511,gateway_calibration,sweep:inference_delay=120.0,733.4165797769651,137,811.8948887729708,120.0
RR,0,363,3659487611861416895,gateway_calibration,sweep:inference_delay=120.0,738.2611355195157,134,811.8948887729708,120.0
RR,0,364,6578913215482432805,gateway_calibration,sweep:inference_delay=120.0,632.5822753908006,124,811.8948887729708,120.0
RR,0,365,8391582007449460846,gateway_calibration,sweep:inference_delay=120.0,657.8291194495376,120,811.8948887729708,120.0
RR,0,366,5771692311104329529,gateway_calibration,sweep:inference_delay=120.0,634.3046699520163,115,811.8948887729708,120.0
RR,0,367,3218013020085204010,gateway_calibration,sweep:inference_delay=120.0,572.7725056804692,118,811.8948887729708,120.0
RR,0,368,1283546103320648778,gateway_calibration,sweep:inference_delay=120.0,660.7257827689398,132,811.8948887729708,120.0
RR,0,369,3940613324692891259,gateway_calibration,sweep:inference_delay=120.0,535.9489298822243,106,811.8948887729708,120.0
RR,0,370,6007484302087867777,gateway_calibration,sweep:inference_delay=120.0,661.6814413453166,116,811.8948887729708,120.0
RR,0,371,485243909634237452,gateway_calibration,sweep:inference_delay=120.0,662.3808154654029,131,811.8948887729708,120.0
RR,0,372,7815247250523029036,gateway_calibration,sweep:inference_delay=120.0,517.1952366677945,106,811.8948887729708,120.0
RR,0,373,2285456286036941059,gateway_calibration,sweep:inference_delay=120.0,819.3519717232405,125,811.8948887729708,120.0
RR,0,374,1364554825991949622,gateway_calibration,sweep:inference_delay=120.0,557.7669756998329,113,811.8948887729708,120.0
RR,0,375,1107280333031586721,gateway_calibration,sweep:inference_delay=120.0,740.5881729240227,127,811.8948887729708,120.0
RR,0,376,6396355708942284405,gateway_calibration,sweep:inference_delay=120.0,622.7081581653531,130,811.8948887729708,120.0
RR,0,377,8934455783887412238,gateway_calibration,sweep:inference_delay=120.0,626.2618221714944,112,811.8948887729708,120.0
RR,0,378,7555471601432773213,gateway_calibration,sweep:inference_delay=120.0,751.4118827481861,133,811.8948887729708,120.0
RR,0,379,3548897198408580608,gateway_calibration,sweep:inference_delay=120.0,775.7415675988614,118,811.8948887729708,120.0
RR,0,380,6443188350052175022,gateway_calibration,sweep:inference_delay=120.0,704.717273101728,116,811.8948887729708,120.0
RR,0,381,673342858458360326,gateway_calibration,sweep:inference_delay=120.0,625.9928146676245,113,811.8948887729708,120.0
RR,0,382,3722576532797583272,gateway_calibration,sweep:inference_delay=120.0,700.0333504704805,125,811.8948887729708,120.0
RR,0,383,9166809957256527404,gateway_calibration,sweep:inference_delay=120.0,560.2395459270034,117,811.8948887729708,120.0
RR,0,384,3445631602782070954,gateway_calibration,sweep:inference_delay=120.0,870.9576037840089,137,811.8948887729708,120.0
RR,0,385,7908017833334917964,gateway_calibration,sweep:inference_delay=120.0,690.1994989232542,142,811.8948887729708,120.0
RR,0,386,7318014624326262181,gateway_calibration,sweep:inference_delay=120.0,736.9059540238818,118,811.8948887729708,120.0
RR,0,387,517744888720078660,gateway_calibration,sweep:inference_delay=120.0,767.9915237844612,135,811.8948887729708,120.0
RR,0,388,651843541374212829,gateway_calibration,sweep:inference_delay=120.0,704.1197681072688,130,811.8948887729708,120.0
RR,0,389,5866099239119450849,gateway_calibration,sweep:inference_delay=120.0,683.6729288050931,130,811.8948887729708,120.0
RR,0,390,6479401326892934536,gateway_calibration,sweep:inference_delay=120.0,708.441020372533,134,811.8948887729708,120.0
RR,0,391,4357246266682099290,gateway_calibration,sweep:inference_delay=120.0,807.9208816391236,129,811.8948887729708,120.0
RR,0,392,1925353243008185577,gateway_calibration,sweep:inference_delay=120.0,690.3627001392637,135,811.8948887729708,120.0
RR,0,393,2959734554237432936,gateway_calibration,sweep:inference_delay=120.0,837.6693913908294,136,811.8948887729708,120.0
RR,0,394,3084757209228572454,gateway_calibration,sweep:inference_delay=120.0,772.15197592049,140,811.8948887729708,120.0
RR,0,395,7092254597711438791,gateway_calibration,sweep:inference_delay=120.0,662.2722308761121,125,811.8948887729708,120.0
RR,0,396,6497391125545010202,gateway_calibration,sweep:inference_delay=120.0,688.4231735004828,123,811.8948887729708,120.0
RR,0,397,1954595604002493885,gateway_calibration,sweep:inference_delay=120.0,624.6831748114231,129,811.8948887729708,120.0
RR,0,398,2430610431817991162,gateway_calibration,sweep:inference_delay=120.0,586.7411863943399,128,811.8948887729708,120.0
RR,0,399,8600701293685412378,gateway_calibration,sweep:inference_delay=120.0,579.7747025180752,119,811.8948887729708,120.0
RR,0,400,2180632233742875127,gateway_calibration,sweep:inference_delay=120.0,667.7616338375084,123,811.8948887729708,120.0
RR,0,401,8614504956763952918,gateway_calibration,sweep:inference_delay=120.0,649.3261234774791,119,811.8948887729708,120.0
RR,0,402,5598188346354825220,gateway_calibration,sweep:inference_delay=120.0,642.6907182945142,128,811.8948887729708,120.0
RR,0,403,4457182625849329571,gateway_calibration,sweep:inference_delay=120.0,701.9115793389203,121,811.8948887729708,120.0
RR,0,404,5428053095735619386,gateway_calibration,sweep:inference_delay=120.0,522.9383875996702,111,811.8948887729708,120.0
RR,0,405,1101405500483529718,gateway_calibration,sweep:inference_delay=120.0,773.1557213419925,142,811.8948887729708,120.0
RR,0,406,7906526476448119685,gateway_calibration,sweep:inference_delay=120.0,650.3174162254428,119,811.8948887729708,120.0
RR,0,407,6846582542994904954,gateway_calibration,sweep:inference_delay=120.0,665.2820779875902,130,811.8948887729708,120.0
RR,0,408,6355420337751119951,gateway_calibration,sweep:inference_delay=120.0,711.5655432454682,138,811.8948887729708,120.0
RR,0,409,4309073721572023332,gateway_calibration,sweep:inference_delay=120.0,749.6103772194186,123,811.8948887729708,120.0
RR,0,410,1783511987524471242,gateway_calibration,sweep:inference_delay=120.0,719.8279894411875,141,811.8948887729708,120.0
RR,0,411,688225865259363063,gateway_calibration,sweep:inference_delay=120.0,595.6606468241383,114,811.8948887729708,120.0
RR,0,412,3561531273195373329,gateway_calibration,sweep:inference_delay=120.0,677.2339987333123,126,811.8948887729708,120.0
RR,0,413,1463045945983616086,gateway_calibration,sweep:inference_delay=120.0,734.2558378353338,137,811.8948887729708,120.0
RR,0,414,8085263336484615663,gateway_calibration,sweep:inference_delay=120.0,630.381466674848,126,811.8948887729708,120.0
RR,0,415,6818204896612990382,gateway_calibration,sweep:inference_delay=120.0,635.8049720283592,127,811.8948887729708,120.0
RR,0,416,4787535775649479837,gateway_calibration,sweep:inference_delay=120.0,695.9249651100541,136,811.8948887729708,120.0
RR,0,417,7120093027717629489,gateway_calibration,sweep:inference_delay=120.0,768.8603933791956,150,811.8948887729708,120.0
RR,0,418,2453711198318152044,gateway_calibration,sweep:inference_delay=120.0,649.6353217918125,136,811.8948887729708,120.0
RR,0,419,406150715592396966,gateway_calibration,sweep:inference_delay=120.0,767.1588567105314,132,811.8948887729708,120.0
RR,0,420,920275832482914948,gateway_calibration,sweep:inference_delay=120.0,620.6948508802716,132,811.8948887729708,120.0
RR,0,421,2002028926825469421,gateway_calibration,sweep:inference_delay=120.0,928.8529163187466,142,811.8948887729708,120.0
RR,0,422,4896878052045358124,gateway_calibration,sweep:inference_delay=120.0,725.4404626961476,116,811.8948887729708,120.0
RR,0,423,6683191440465508984,gateway_calibration,sweep:inference_delay=120.0,666.305075500334,130,811.8948887729708,120.0
RR,0,424,1760285810053153879,gateway_calibration,sweep:inference_delay=120.0,763.3172496351781,134,811.8948887729708,120.0
RR,0,425,3365395940816934593,gateway_calibration,sweep:inference_delay=120.0,758.59963452403,135,811.8948887729708,120.0
RR,0,426,8867131221415116525,gateway_calibration,sweep:inference_delay=120.0,787.6014197763961,131,811.8948887729708,120.0
RR,0,427,8849389123497511053,gateway_calibration,sweep:inference_delay=120.0,703.8712061480207,128,811.8948887729708,120.0
RR,0,428,3224326882109622349,gateway_calibration,sweep:inference_delay=120.0,709.0543690861343,142,811.8948887729708,120.0
RR,0,429,2869759132837474588,gateway_calibration,sweep:inference_delay=120.0,689.3540019417436,142,811.8948887729708,120.0
RR,0,430,6843835351340785466,gateway_calibration,sweep:inference_delay=120.0,706.5144366836997,127,811.8948887729708,120.0
RR,0,431,3475078977621011008,gateway_calibration,sweep:inference_delay=120.0,785.0381035551382,139,811.8948887729708,120.0
RR,0,432,8907803077037518749,gateway_calibration,sweep:inference_delay=120.0,905.1748264907521,144,811.8948887729708,120.0
RR,0,433,2002572303120845316,gateway_calibration,sweep:inference_delay=120.0,692.4433938910423,126,811.8948887729708,120.0
RR,0,434,3413195451912775677,gateway_calibration,sweep:inference_delay=120.0,574.5607715673066,113,811.8948887729708,120.0
RR,0,435,5740385237983876808,gateway_calibration,sweep:inference_delay=120.0,700.4112209897868,131,811.8948887729708,120.0
RR,0,436,3077945029123790592,gateway_calibration,sweep:inference_delay=120.0,649.1050940612296,142,811.8948887729708,120.0
RR,0,437,7324154474223676898,gateway_calibration,sweep:inference_delay=120.0,717.2586306431966,130,811.8948887729708,120.0
RR,0,438,1900970705987808200,gateway_calibration,sweep:inference_delay=120.0,654.1529351822325,118,811.8948887729708,120.0
RR,0,439,6150809488467598347,gateway_calibration,sweep:inference_delay=120.0,709.8895672602191,116,811.8948887729708,120.0
RR,0,440,220128403613890372,gateway_calibration,sweep:inference_delay=120.0,683.767432282062,123,811.8948887729708,120.0
RR,0,441,6271294209477916436,gateway_calibration,sweep:inference_delay=120.0,644.581169448478,142,811.8948887729708,120.0
RR,0,442,6008414876222458704,gateway_calibration,sweep:inference_delay=120.0,753.6242883357563,136,811.8948887729708,120.0
RR,0,443,5972146538533843926,gateway_calibration,sweep:inference_delay=120.0,695.9080764231439,124,811.8948887729708,120.0
RR,0,444,8593510701146317893,gateway_calibration,sweep:inference_delay=120.0,637.0836463046301,136,811.8948887729708,120.0
RR,0,445,7332317739902392457,gateway_calibration,sweep:inference_delay=120.0,593.2302634270459,113,811.8948887729708,120.0
RR,0,446,3788921420244164398,gateway_calibration,sweep:inference_delay=120.0,646.157663783456,144,811.8948887729708,120.0
RR,0,447,6833070853286134013,gateway_calibration,sweep:inference_delay=120.0,616.4717132170631,136,811.8948887729708,120.0
RR,0,448,789756351310223277,gateway_calibration,sweep:inference_delay=120.0,765.0650548166926,126,811.8948887729708,120.0
RR,0,449,4270914900929590131,gateway_calibration,sweep:inference_delay=120.0,644.0385181794356,131,811.8948887729708,120.0
RR,0,450,2916600267775945391,gateway_calibration,sweep:inference_delay=120.0,786.2104539807901,146,811.8948887729708,120.0
RR,0,451,7865394099123103372,gateway_calibration,sweep:inference_delay=120.0,740.7556921618611,123,811.8948887729708,120.0
RR,0,452,6878568839612009929,gateway_calibration,sweep:inference_delay=120.0,674.2298274126349,120,811.8948887729708,120.0
RR,0,453,7286431639741038160,gateway_calibration,sweep:inference_delay=120.0,693.0144323951608,140,811.8948887729708,120.0
RR,0,454,3314342873522113059,gateway_calibration,sweep:inference_delay=120.0,717.3184463669538,131,811.8948887729708,120.0
RR,0,455,714198247593536416,gateway_calibration,sweep:inference_delay=120.0,851.5947076303033,132,811.8948887729708,120.0
RR,0,456,5319056387298350299,gateway_calibration,sweep:inference_delay=120.0,653.8160163432833,141,811.8948887729708,120.0
RR,0,457,7103892642868369489,gateway_calibration,sweep:inference_delay=120.0,780.9478519037949,125,811.8948887729708,120.0
RR,0,458,5685415850880973905,gateway_calibration,sweep:inference_delay=120.0,690.7504163518365,126,811.8948887729708,120.0
RR,0,459,6138515570841490940,gateway_calibration,sweep:inference_delay=120.0,692.1461122100227,129,811.8948887729708,120.0
RR,0,460,2307837250095720160,gateway_calibration,sweep:inference_delay=120.0,623.5407296892433,131,811.8948887729708,120.0
RR,0,461,2662514867513221233,gateway_calibration,sweep:inference_delay=120.0,644.8608365520928,132,811.8948887729708,120.0
RR,0,462,7427504247291449257,gateway_calibration,sweep:inference_delay=120.0,682.3305476517911,119,811.8948887729708,120.0
RR,0,463,2260830215410799705,gateway_calibration,sweep:inference_delay=120.0,516.1814369847535,120,811.8948887729708,120.0
RR,0,464,4211312173450715460,gateway_calibration,sweep:inference_delay=120.0,762.6279557004925,137,811.8948887729708,120.0
RR,0,465,969348806269122836,gateway_calibration,sweep:inference_delay=120.0,687.8530253092376,112,811.8948887729708,120.0
RR,0,466,5474794398053147603,gateway_calibration,sweep:inference_delay=120.0,677.3026337260152,120,811.8948887729708,120.0
RR,0,467,6609661420881015552,gateway_calibration,sweep:inference_delay=120.0,742.6097055184528,149,811.8948887729708,120.0
RR,0,468,4004423262991435156,gateway_calibration,sweep:inference_delay=120.0,730.949936474954,129,811.8948887729708,120.0
RR,0,469,442699829528417808,gateway_calibration,sweep:inference_delay=120.0,663.0506647909905,133,811.8948887729708,120.0
RR,0,470,7794076181158343171,gateway_calibration,sweep:inference_delay=120.0,691.563641845045,132,811.8948887729708,120.0
RR,0,471,4651429676899311408,gateway_calibration,sweep:inference_delay=120.0,661.1866133696275,129,811.8948887729708,120.0
RR,0,472,1637145280189386079,gateway_calibration,sweep:inference_delay=120.0,500.77200674165323,116,811.8948887729708,120.0
RR,0,473,3313131632171036482,gateway_calibration,sweep:inference_delay=120.0,696.7440891580717,119,811.8948887729708,120.0
RR,0,474,477199139363392736,gateway_calibration,sweep:inference_delay=120.0,724.7057051268274,115,811.8948887729708,120.0
RR,0,475,8185235164671387808,gateway_calibration,sweep:inference_delay=120.0,539.7665109312629,126,811.8948887729708,120.0
RR,0,476,601371364243837911,gateway_calibration,sweep:inference_delay=120.0,655.7010985566542,131,811.8948887729708,120.0
RR,0,477,5871230511968226326,gateway_calibration,sweep:inference_delay=120.0,722.2671081455536,132,811.8948887729708,120.0
RR,0,478,8582892411005687751,gateway_calibration,sweep:inference_delay=120.0,678.0482346546103,123,811.8948887729708,120.0
RR,0,479,3803344615371967039,gateway_calibration,sweep:inference_delay=120.0,664.4725772533656,130,811.8948887729708,120.0
RR,0,480,2841506547229435321,gateway_calibration,sweep:inference_delay=120.0,632.6048511387462,118,811.8948887729708,120.0
RR,0,481,4082484971381251509,gateway_calibration,sweep:inference_delay=120.0,678.6520614782883,134,811.8948887729708,120.0
RR,0,482,3789479325724163783,gateway_calibration,sweep:inference_delay=120.0,615.1107195290125,127,811.8948887729708,120.0
RR,0,483,3918921078179492450,gateway_calibration,sweep:inference_delay=120.0,632.7653534424119,128,811.8948887729708,120.0
RR,0,484,7325215107882890520,gateway_calibration,sweep:inference_delay=120.0,788.4290259142736,132,811.8948887729708,120.0
RR,0,485,2011311524918672502,gateway_calibration,sweep:inference_delay=120.0,692.6373696020007,140,811.8948887729708,120.0
RR,0,486,433146228864654956,gateway_calibration,sweep:inference_delay=120.0,752.0779181815237,132,811.8948887729708,120.0
RR,0,487,4640216123622801019,gateway_calibration,sweep:inference_delay=120.0,575.8973197940855,124,811.8948887729708,120.0
RR,0,488,1089038234634826266,gateway_calibration,sweep:inference_delay=120.0,563.5665456302269,122,811.8948887729708,120.0
RR,0,489,3541253095700549252,gateway_calibration,sweep:inference_delay=120.0,728.5122549081195,128,811.8948887729708,120.0
RR,0,490,5412464624135735307,gateway_calibration,sweep:inference_delay=120.0,696.6723033287941,132,811.8948887729708,120.0
RR,0,491,6951812241895617114,gateway_calibration,sweep:inference_delay=120.0,757.0197531731615,128,811.8948887729708,120.0
RR,0,492,1593417155544740852,gateway_calibration,sweep:inference_delay=120.0,625.8284329690448,112,811.8948887729708,120.0
RR,0,493,6879185803535008127,gateway_calibration,sweep:inference_delay=120.0,638.1350018856643,135,811.8948887729708,120.0
RR,0,494,1293766441747331112,gateway_calibration,sweep:inference_delay=120.0,838.0457907654289,146,811.8948887729708,120.0
RR,0,495,9028701532409915234,gateway_calibration,sweep:inference_delay=120.0,739.1790556684142,127,811.8948887729708,120.0
RR,0,496,18634332415558389,gateway_calibration,sweep:inference_delay=120.0,697.1045011485986,130,811.8948887729708,120.0
RR,0,497,4382052694131464363,gateway_calibration,sweep:inference_delay=120.0,803.7544002769367,132,811.8948887729708,120.0
RR,0,498,6941079027236749428,gateway_calibration,sweep:inference_delay=120.0,731.198552630901,112,811.8948887729708,120.0
RR,0,499,910979023553684901,gateway_calibration,sweep:inference_delay=120.0,655.5597254446593,119,811.8948887729708,120.0
TR,0,0,8036731051795696847,gateway_calibration,sweep:inference_delay=120.0,579.2615054295015,114,764.2245433436171,120.0
TR,0,1,2128378717801581300,gateway_calibration,sweep:inference_delay=120.0,778.8228602891235,136,764.2245433436171,120.0
TR,0,2,7177745571597894137,gateway_calibration,sweep:inference_delay=120.0,649.3156932214611,116,764.2245433436171,120.0
TR,0,3,321977035273129233,gateway_calibration,sweep:inference_delay=120.0,574.6977723760413,104,764.2245433436171,120.0
TR,0,4,2911213254354472119,gateway_calibration,sweep:inference_delay=120.0,560.7016190377004,113,764.2245433436171,120.0
TR,0,5,139047244617656402,gateway_calibration,sweep:inference_delay=120.0,618.912664506406,124,764.2245433436171,120.0
TR,0,6,7411281804023778409,gateway_calibration,sweep:inference_delay=120.0,667.8636099313246,127,764.2245433436171,120.0
TR,0,7,7945570116242832042,gateway_calibration,sweep:inference_delay=120.0,515.9716872540196,107,764.2245433436171,120.0
TR,0,8,6685591798483375709,gateway_calibration,sweep:inference_delay=120.0,660.9037041009508,128,764.2245433436171,120.0
TR,0,9,6767906266655133565,gateway_calibration,sweep:inference_delay=120.0,557.6820829140345,109,764.2245433436171,120.0
TR,0,10,846349045140295972,gateway_calibration,sweep:inference_delay=120.0,588.8855893627731,103,764.2245433436171,120.0
TR,0,11,1120677988609704296,gateway_calibration,sweep:inference_delay=120.0,547.8861913312363,108,764.2245433436171,120.0
TR,0,12,2975040016454880150,gateway_calibration,sweep:inference_delay=120.0,571.4058468497317,124,764.2245433436171,120.0
TR,0,13,2263125071953343910,gateway_calibration,sweep:inference_delay=120.0,662.3715229674907,109,764.2245433436171,120.0
TR,0,14,6082266652772237126,gateway_calibration,sweep:inference_delay=120.0,614.8705773509708,111,764.2245433436171,120.0
TR,0,15,9207915390131819589,gateway_calibration,sweep:inference_delay=120.0,610.9033842417349,123,764.2245433436171,120.0
TR,0,16,6239689445897068530,gateway_calibration,sweep:inference_delay=120.0,700.9491090172385,116,764.2245433436171,120.0
TR,0,17,4189416336934168272,gateway_calibration,sweep:inference_delay=120.0,710.1677057240538,125,764.2245433436171,120.0
TR,0,18,6741519903544597041,gateway_calibration,sweep:inference_delay=120.0,624.8096292557325,129,764.2245433436171,120.0
TR,0,19,3719557772681541291,gateway_calibration,sweep:inference_delay=120.0,600.1200273961259,110,764.2245433436171,120.0
TR,0,20,5233075283486061606,gateway_calibration,sweep:inference_delay=120.0,694.8518520889295,118,764.2245433436171,120.0
TR,0,21,4213902241994746557,gateway_calibration,sweep:inference_delay=120.0,623.5834637719353,116,764.2245433436171,120.0
TR,0,22,7041185026462623384,gateway_calibration,sweep:inference_delay=120.0,641.8176364429414,118,764.2245433436171,120.0
TR,0,23,9125252092298614234,gateway_calibration,sweep:inference_delay=120.0,660.3966833400161,123,764.2245433436171,120.0
TR,0,24,6528168268310673320,gateway_calibration,sweep:inference_delay=120.0,549.2409511283062,120,764.2245433436171,120.0
TR,0,25,1871697079373000166,gateway_calibration,sweep:inference_delay=120.0,536.8500501052426,99,764.2245433436171,120.0
TR,0,26,6351860891301108483,gateway_calibration,sweep:inference_delay=120.0,601.2554751935425,120,764.2245433436171,120.0
TR,0,27,4030374892139354574,gateway_calibration,sweep:inference_delay=120.0,500.3341598033696,97,764.2245433436171,120.0
TR,0,28,4547205867014004645,gateway_calibration,sweep:inference_delay=120.0,674.767874462359,140,764.2245433436171,120.0
TR,0,29,659600910195753407,gateway_calibration,sweep:inference_delay=120.0,552.6682488479364,93,764.2245433436171,120.0
TR,0,30,8829629362228703057,gateway_calibration,sweep:inference_delay=120.0,719.7717256723515,114,764.2245433436171,120.0
TR,0,31,270692318566629997,gateway_calibration,sweep:inference_delay=120.0,528.1375905831057,103,764.2245433436171,120.0
TR,0,32,1826769237763708176,gateway_calibration,sweep:inference_delay=120.0,639.4592622595153,111,764.2245433436171,120.0
TR,0,33,3614037007974844615,gateway_calibration,sweep:inference_delay=120.0,581.3847044232915,109,764.2245433436171,120.0
TR,0,34,6520725137534887227,gateway_calibration,sweep:inference_delay=120.0,496.5423518947953,107,764.2245433436171,120.0
TR,0,35,8686711041613234479,gateway_calibration,sweep:inference_delay=120.0,584.457356616982,103,764.2245433436171,120.0
TR,0,36,4006558892082110347,gateway_calibration,sweep:inference_delay=120.0,517.7094466637321,108,764.2245433436171,120.0
TR,0,37,4707161720208592257,gateway_calibration,sweep:inference_delay=120.0,598.4668052186029,112,764.2245433436171,120.0
TR,0,38,3665316241602670458,gateway_calibration,sweep:inference_delay=120.0,507.764130715692,88,764.2245433436171,120.0
TR,0,39,6923643328102961104,gateway_calibration,sweep:inference_delay=120.0,558.4861416977972,106,764.2245433436171,120.0
TR,0,40,3295026522809611131,gateway_calibration,sweep:inference_delay=120.0,718.1577071396573,113,764.2245433436171,120.0
TR,0,41,190120081133343260,gateway_calibration,sweep:inference_delay=120.0,589.4598938568957,90,764.2245433436171,120.0
TR,0,42,4574787343486799036,gateway_calibration,sweep:inference_delay=120.0,546.940348802427,119,764.2245433436171,120.0
TR,0,43,6605426027220966756,gateway_calibration,sweep:inference_delay=120.0,600.5648259288977,88,764.2245433436171,120.0
TR,0,44,2623762011001900907,gateway_calibration,sweep:inference_delay=120.0,733.1422858533901,118,764.2245433436171,120.0
TR,0,45,8096278851507169098,gateway_calibration,sweep:inference_delay=120.0,699.0261489626876,127,764.2245433436171,120.0
TR,0,46,2756737274613203563,gateway_calibration,sweep:inference_delay=120.0,547.4121526541267,112,764.2245433436171,120.0
TR,0,47,6350397072227189226,gateway_calibration,sweep:inference_delay=120.0,556.5934763818227,99,764.2245433436171,120.0
TR,0,48,3005347417830014128,gateway_calibration,sweep:inference_delay=120.0,673.1260968221034,113,764.2245433436171,120.0
TR,0,49,1849408098025923139,gateway_calibration,sweep:inference_delay=120.0,698.8220819295802,135,764.2245433436171,120.0
TR,0,50,3737944776819637884,gateway_calibration,sweep:inference_delay=120.0,624.0818272948583,109,764.2245433436171,120.0
TR,0,51,2262621732906907656,gateway_calibration,sweep:inference_delay=120.0,665.488847828512,116,764.2245433436171,120.0
TR,0,52,2995819816870064849,gateway_calibration,sweep:inference_delay=120.0,572.2117635989556,108,764.2245433436171,120.0
TR,0,53,3728515986524797229,gateway_calibration,sweep:inference_delay=120.0,674.4791435121044,106,764.2245433436171,120.0
TR,0,54,1765010940803072852,gateway_calibration,sweep:inference_delay=120.0,564.2294819901458,117,764.2245433436171,120.0
TR,0,55,4923675351607621738,gateway_calibration,sweep:inference_delay=120.0,674.8459153813169,116,764.2245433436171,120.0
TR,0,56,1397266726594196858,gateway_calibration,sweep:inference_delay=120.0,468.3318111598023,101,764.2245433436171,120.0
TR,0,57,4209694591982713694,gateway_calibration,sweep:inference_delay=120.0,764.5367014046456,126,764.2245433436171,120.0
TR,0,58,3279996204145041100,gateway_calibration,sweep:inference_delay=120.0,650.6765810662773,123,764.2245433436171,120.0
TR,0,59,5116252182003053622,gateway_calibration,sweep:inference_delay=120.0,470.99835524739757,94,764.2245433436171,120.0
TR,0,60,4341501562650100615,gateway_calibration,sweep:inference_delay=120.0,594.0607167830605,117,764.2245433436171,120.0
TR,0,61,3240875435387170686,gateway_calibration,sweep:inference_delay=120.0,675.0281973228897,120,764.2245433436171,120.0
TR,0,62,7479355200999873314,gateway_calibration,sweep:inference_delay=120.0,563.1645048133095,115,764.2245433436171,120.0
TR,0,63,6731136510474628045,gateway_calibration,sweep:inference_delay=120.0,687.9230899529526,124,764.2245433436171,120.0
TR,0,64,8872175733939082526,gateway_calibration,sweep:inference_delay=120.0,497.45206285791323,92,764.2245433436171,120.0
TR,0,65,4944610821067332083,gateway_calibration,sweep:inference_delay=120.0,836.7604420433399,107,764.2245433436171,120.0
TR,0,66,954649918214741151,gateway_calibration,sweep:inference_delay=120.0,692.7969120620097,112,764.2245433436171,120.0
TR,0,67,2794068681305138267,gateway_calibration,sweep:inference_delay=120.0,593.2147765577319,101,764.2245433436171,120.0
TR,0,68,9067777111824440710,gateway_calibration,sweep:inference_delay=120.0,586.9226640682249,115,764.2245433436171,120.0
TR,0,69,8452729685612985944,gateway_calibration,sweep:inference_delay=120.0,551.6882772905155,111,764.2245433436171,120.0
TR,0,70,181145910553420059,gateway_calibration,sweep:inference_delay=120.0,611.0175126143903,101,764.2245433436171,120.0
TR,0,71,5717030231500496223,gateway_calibration,sweep:inference_delay=120.0,677.0962259944371,120,764.2245433436171,120.0
TR,0,72,2006358750043754697,gateway_calibration,sweep:inference_delay=120.0,660.2401591690409,111,764.2245433436171,120.0
TR,0,73,6602814385525237300,gateway_calibration,sweep:inference_delay=120.0,577.4609524490546,113,764.2245433436171,120.0
TR,0,74,5300542729743427717,gateway_calibration,sweep:inference_delay=120.0,477.7318234482597,98,764.2245433436171,120.0
TR,0,75,5977656651490336794,gateway_calibration,sweep:inference_delay=120.0,548.4353986741799,118,764.2245433436171,120.0
TR,0,76,7188665872288134226,gateway_calibration,sweep:inference_delay=120.0,532.2293139987408,104,764.2245433436171,120.0
TR,0,77,7376263044572863579,gateway_calibration,sweep:inference_delay=120.0,550.687928422338,115,764.2245433436171,120.0
TR,0,78,2345616737724320884,gateway_calibration,sweep:inference_delay=120.0,605.0140311702112,112,764.2245433436171,120.0
TR,0,79,5707217177699820007,gateway_calibration,sweep:inference_delay=120.0,603.0079614723334,118,764.2245433436171,120.0
TR,0,80,8057888347752520338,gateway_calibration,sweep:inference_delay=120.0,578.0247593692901,105,764.2245433436171,120.0
TR,0,81,6496818809215510478,gateway_calibration,sweep:inference_delay=120.0,567.113588727935,100,764.2245433436171,120.0
TR,0,82,870444610220634545,gateway_calibration,sweep:inference_delay=120.0,639.8222479741199,115,764.2245433436171,120.0
TR,0,83,1535784564813827840,gateway_calibration,sweep:inference_delay=120.0,500.1264906832076,105,764.2245433436171,120.0
TR,0,84,3594576687878915603,gateway_calibration,sweep:inference_delay=120.0,608.8223390912493,111,764.2245433436171,120.0
TR,0,85,554925909877903392,gateway_calibration,sweep:inference_delay=120.0,547.0655423968977,108,764.2245433436171,120.0
TR,0,86,265912523015110492,gateway_calibration,sweep:inference_delay=120.0,575.5695410776,120,764.2245433436171,120.0
TR,0,87,114971434828024289,gateway_calibration,sweep:inference_delay=120.0,527.5102846091818,103,764.2245433436171,120.0
TR,0,88,9003514082571586289,gateway_calibration,sweep:inference_delay=120.0,672.1602444520302,139,764.2245433436171,120.0
TR,0,89,6947414167365596755,gateway_calibration,sweep:inference_delay=120.0,447.6045307501646,95,764.2245433436171,120.0
TR,0,90,6273248317596974121,gateway_calibration,sweep:inference_delay=120.0,604.2289043150867,127,764.2245433436171,120.0
TR,0,91,7113739890253909491,gateway_calibration,sweep:inference_delay=120.0,668.8810621487743,105,764.2245433436171,120.0
TR,0,92,7150950187368213008,gateway_calibration,sweep:inference_delay=120.0,725.5352060283276,133,764.2245433436171,120.0
TR,0,93,4545838888737097159,gateway_calibration,sweep:inference_delay=120.0,586.1280049817947,107,764.2245433436171,120.0
TR,0,94,2693267282068812368,gateway_calibration,sweep:inference_delay=120.0,637.8791196245857,114,764.2245433436171,120.0
TR,0,95,8401534751514855770,gateway_calibration,sweep:inference_delay=120.0,536.1407446630069,119,764.2245433436171,120.0
TR,0,96,3582378367471849773,gateway_calibration,sweep:inference_delay=120.0,558.1228289873364,101,764.2245433436171,120.0
TR,0,97,2420665028120152050,gateway_calibration,sweep:inference_delay=120.0,482.67452283992435,94,764.2245433436171,120.0
TR,0,98,8995442771252414579,gateway_calibration,sweep:inference_delay=120.0,755.8728197357423,134,764.2245433436171,120.0
TR,0,99,3895060447910631949,gateway_calibration,sweep:inference_delay=120.0,671.1309403650841,112,764.2245433436171,120.0
TR,0,100,8264888329648885073,gateway_calibration,sweep:inference_delay=120.0,582.1408004901931,115,764.2245433436171,120.0
TR,0,101,7274610738412725698,gateway_calibration,sweep:inference_delay=120.0,614.8527551557072,118,764.2245433436171,120.0
TR,0,102,3625171039433202342,gateway_calibration,sweep:inference_delay=120.0,585.0176313480358,116,764.2245433436171,120.0
TR,0,103,8352058444654392896,gateway_calibration,sweep:inference_delay=120.0,511.2749289082525,114,764.2245433436171,120.0
TR,0,104,684053446764385831,gateway_calibration,sweep:inference_delay=120.0,622.5191020617035,127,764.2245433436171,120.0
TR,0,105,7268435109048244160,gateway_calibration,sweep:inference_delay=120.0,644.2416518304587,107,764.2245433436171,120.0
TR,0,106,1604451260809304742,gateway_calibration,sweep:inference_delay=120.0,563.5959427108755,114,764.2245433436171,120.0
TR,0,107,7651845589855276591,gateway_calibration,sweep:inference_delay=120.0,672.3371947932633,129,764.2245433436171,120.0
TR,0,108,1414614157738789589,gateway_calibration,sweep:inference_delay=120.0,571.9401916114457,104,764.2245433436171,120.0
TR,0,109,4914147933676431607,gateway_calibration,sweep:inference_delay=120.0,748.9867774182777,117,764.2245433436171,120.0
TR,0,110,2570222592833390480,gateway_calibration,sweep:inference_delay=120.0,586.5397467614093,124,764.2245433436171,120.0
TR,0,111,7990502665982586688,gateway_calibration,sweep:inference_delay=120.0,806.5748844568986,137,764.2245433436171,120.0
TR,0,112,3805035063534601021,gateway_calibration,sweep:inference_delay=120.0,589.3281517381101,95,764.2245433436171,120.0
TR,0,113,4417044920089852412,gateway_calibration,sweep:inference_delay=120.0,477.9233624880249,97,764.2245433436171,120.0
TR,0,114,6334807533502451717,gateway_calibration,sweep:inference_delay=120.0,546.6619817936415,103,764.2245433436171,120.0
TR,0,115,7524984460206993043,gateway_calibration,sweep:inference_delay=120.0,631.9611920526398,122,764.2245433436171,120.0
TR,0,116,3124828781285962871,gateway_calibration,sweep:inference_delay=120.0,625.8340388788489,110,764.2245433436171,120.0
TR,0,117,1767474675873701535,gateway_calibration,sweep:inference_delay=120.0,504.51550226908995,111,764.2245433436171,120.0
TR,0,118,8973797561283388546,gateway_calibration,sweep:inference_delay=120.0,437.3304558956265,101,764.2245433436171,120.0
TR,0,119,4307046673896554036,gateway_calibration,sweep:inference_delay=120.0,676.3540778540985,132,764.2245433436171,120.0
TR,0,120,8038140248790287795,gateway_calibration,sweep:inference_delay=120.0,691.1135157910498,126,764.2245433436171,120.0
TR,0,121,3566246839156152055,gateway_calibration,sweep:inference_delay=120.0,569.2645398771906,110,764.2245433436171,120.0
TR,0,122,6801862266734305162,gateway_calibration,sweep:inference_delay=120.0,549.7194898825916,110,764.2245433436171,120.0
TR,0,123,3350043528928066806,gateway_calibration,sweep:inference_delay=120.0,576.073784688597,127,764.2245433436171,120.0
TR,0,124,349327036036519238,gateway_calibration,sweep:inference_delay=120.0,458.690674381019,86,764.2245433436171,120.0
TR,0,125,4585850751453145332,gateway_calibration,sweep:inference_delay=120.0,827.7803423986917,125,764.2245433436171,120.0
TR,0,126,5992033390853803272,gateway_calibration,sweep:inference_delay=120.0,492.28011559756914,93,764.2245433436171,120.0
TR,0,127,6280689151977863024,gateway_calibration,sweep:inference_delay=120.0,534.9706795124022,116,764.2245433436171,120.0
TR,0,128,3744522835747781419,gateway_calibration,sweep:inference_delay=120.0,551.2984248845022,105,764.2245433436171,120.0
TR,0,129,22604107074164959,gateway_calibration,sweep:inference_delay=120.0,663.671966806747,123,764.2245433436171,120.0
TR,0,130,7811823912934367967,gateway_calibration,sweep:inference_delay=120.0,702.4486896257227,138,764.2245433436171,120.0
TR,0,131,1855618440851964815,gateway_calibration,sweep:inference_delay=120.0,745.1869708296839,125,764.2245433436171,120.0
TR,0,132,6654031255743330119,gateway_calibration,sweep:inference_delay=120.0,538.2520533890133,104,764.2245433436171,120.0
TR,0,133,2309284370004846551,gateway_calibration,sweep:inference_delay=120.0,731.6971140671495,125,764.2245433436171,120.0
TR,0,134,7948265674611804291,gateway_calibration,sweep:inference_delay=120.0,554.8683837762172,120,764.2245433436171,120.0
TR,0,135,2895977809530887612,gateway_calibration,sweep:inference_delay=120.0,617.2608865071579,116,764.2245433436171,120.0
TR,0,136,6925444871017543369,gateway_calibration,sweep:inference_delay=120.0,643.4693554807396,115,764.2245433436171,120.0
TR,0,137,2643308760604576322,gateway_calibration,sweep:inference_delay=120.0,696.8504348086274,113,764.2245433436171,120.0
TR,0,138,3265759630407072829,gateway_calibration,sweep:inference_delay=120.0,632.485187983284,107,764.2245433436171,120.0
TR,0,139,6324336961074959945,gateway_calibration,sweep:inference_delay=120.0,577.3500149528863,119,764.2245433436171,120.0
TR,0,140,2400380402600603884,gateway_calibration,sweep:inference_delay=120.0,492.2467215206276,98,764.2245433436171,120.0
TR,0,141,1229116711477621676,gateway_calibration,sweep:inference_delay=120.0,720.1426389289663,124,764.2245433436171,120.0
TR,0,142,1715389922696898590,gateway_calibration,sweep:inference_delay=120.0,596.5255219669971,105,764.2245433436171,120.0
TR,0,143,7648311482766512494,gateway_calibration,sweep:inference_delay=120.0,712.873098603085,129,764.2245433436171,120.0
TR,0,144,6531868126715391925,gateway_calibration,sweep:inference_delay=120.0,566.2561352246419,100,764.2245433436171,120.0
TR,0,145,7697727226795877055,gateway_calibration,sweep:inference_delay=120.0,700.4831072178308,131,764.2245433436171,120.0
TR,0,146,7139343216672780697,gateway_calibration,sweep:inference_delay=120.0,631.216165352752,136,764.2245433436171,120.0
TR,0,147,4171352737666312076,gateway_calibration,sweep:inference_delay=120.0,662.0365985245791,128,764.2245433436171,120.0
TR,0,148,3203909840178936063,gateway_calibration,sweep:inference_delay=120.0,712.2470092812272,117,764.2245433436171,120.0
TR,0,149,5847051986289619065,gateway_calibration,sweep:inference_delay=120.0,653.6108635498861,123,764.2245433436171,120.0
TR,0,150,2478305579768410870,gateway_calibration,sweep:inference_delay=120.0,708.1921161375208,134,764.2245433436171,120.0
TR,0,151,3957306658479476702,gateway_calibration,sweep:inference_delay=120.0,713.0056271213602,149,764.2245433436171,120.0
TR,0,152,2746480323654583224,gateway_calibration,sweep:inference_delay=120.0,678.7096705591094,130,764.2245433436171,120.0
TR,0,153,6398403096932459155,gateway_calibration,sweep:inference_delay=120.0,626.8382597342468,109,764.2245433436171,120.0
TR,0,154,6675510495501789471,gateway_calibration,sweep:inference_delay=120.0,708.8206933881743,126,764.2245433436171,120.0
TR,0,155,494270940587192159,gateway_calibration,sweep:inference_delay=120.0,724.2873630009243,125,764.2245433436171,120.0
TR,0,156,1314150973648291335,gateway_calibration,sweep:inference_delay=120.0,555.6075140495308,108,764.2245433436171,120.0
TR,0,157,1046068322981350854,gateway_calibration,sweep:inference_delay=120.0,494.74075650579016,98,764.2245433436171,120.0
TR,0,158,7726832373723160669,gateway_calibration,sweep:inference_delay=120.0,651.3177396176469,119,764.2245433436171,120.0
TR,0,159,6044338243883471124,gateway_calibration,sweep:inference_delay=120.0,603.0023599579465,108,764.2245433436171,120.0
TR,0,160,3012144016836338329,gateway_calibration,sweep:inference_delay=120.0,626.169495243722,115,764.2245433436171,120.0
TR,0,161,3798130836065386581,gateway_calibration,sweep:inference_delay=120.0,524.8797832518417,118,764.2245433436171,120.0
TR,0,162,8007109525245762865,gateway_calibration,sweep:inference_delay=120.0,633.515435934648,118,764.2245433436171,120.0
TR,0,163,8527448663960487480,gateway_calibration,sweep:inference_delay=120.0,566.9341200263506,100,764.2245433436171,120.0
TR,0,164,9182859503065592094,gateway_calibration,sweep:inference_delay=120.0,684.6623955659594,109,764.2245433436171,120.0
TR,0,165,2989323713760396637,gateway_calibration,sweep:inference_delay=120.0,660.1586536327488,119,764.2245433436171,120.0
TR,0,166,2794993780552368806,gateway_calibration,sweep:inference_delay=120.0,680.8980222544492,133,764.2245433436171,120.0
TR,0,167,874322464044867744,gateway_calibration,sweep:inference_delay=120.0,612.1588589200367,104,764.2245433436171,120.0
TR,0,168,7100594090777969737,gateway_calibration,sweep:inference_delay=120.0,591.9243584987347,103,764.2245433436171,120.0
TR,0,169,4629037505039135906,gateway_calibration,sweep:inference_delay=120.0,710.5279385501092,134,764.2245433436171,120.0
TR,0,170,630701263330800892,gateway_calibration,sweep:inference_delay=120.0,606.890530631891,123,764.2245433436171,120.0
TR,0,171,8871198421946725020,gateway_calibration,sweep:inference_delay=120.0,472.3168662643813,97,764.2245433436171,120.0
TR,0,172,8912138531917728012,gateway_calibration,sweep:inference_delay=120.0,626.9767690153163,107,764.2245433436171,120.0
TR,0,173,3653869330978086845,gateway_calibration,sweep:inference_delay=120.0,542.5865125551768,102,764.2245433436171,120.0
TR,0,174,2912656082320696213,gateway_calibration,sweep:inference_delay=120.0,559.3645727259594,114,764.2245433436171,120.0
TR,0,175,1103808177218260850,gateway_calibration,sweep:inference_delay=120.0,641.0675467928841,105,764.2245433436171,120.0
TR,0,176,2607542736586343506,gateway_calibration,sweep:inference_delay=120.0,734.3056178206418,114,764.2245433436171,120.0
TR,0,177,5401839981527236179,gateway_calibration,sweep:inference_delay=120.0,570.2609406414639,137,764.2245433436171,120.0
TR,0,178,1450702982167167399,gateway_calibration,sweep:inference_delay=120.0,571.4977669906473,109,764.2245433436171,120.0
TR,0,179,7908275443879586133,gateway_calibration,sweep:inference_delay=120.0,556.5944790050895,108,764.2245433436171,120.0
TR,0,180,3600684947555163035,gateway_calibration,sweep:inference_delay=120.0,546.9182615678571,106,764.2245433436171,120.0
TR,0,181,4178242610893716375,gateway_calibration,sweep:inference_delay=120.0,617.6660474593855,115,764.2245433436171,120.0
TR,0,182,4494778843327139306,gateway_calibration,sweep:inference_delay=120.0,522.9672637552684,111,764.2245433436171,120.0
TR,0,183,2826608622401613745,gateway_calibration,sweep:inference_delay=120.0,630.7679467588415,125,764.2245433436171,120.0
TR,0,184,7221136235133890390,gateway_calibration,sweep:inference_delay=120.0,598.6055494747446,104,764.2245433436171,120.0
TR,0,185,3134834239808558805,gateway_calibration,sweep:inference_delay=120.0,580.7199573082654,107,764.2245433436171,120.0
TR,0,186,6256907574798196359,gateway_calibration,sweep:inference_delay=120.0,664.9527711793278,118,764.2245433436171,120.0
TR,0,187,6090002248537186525,gateway_calibration,sweep:inference_delay=120.0,657.0489371018045,120,764.2245433436171,120.0
TR,0,188,4585201551430038406,gateway_calibration,sweep:inference_delay=120.0,627.1512641523772,105,764.2245433436171,120.0
TR,0,189,4063961418024661453,gateway_calibration,sweep:inference_delay=120.0,608.0237574632921,120,764.2245433436171,120.0
TR,0,190,7392966350009478103,gateway_calibration,sweep:inference_delay=120.0,549.6240230442897,108,764.2245433436171,120.0
TR,0,191,1492848989790091794,gateway_calibration,sweep:inference_delay=120.0,574.3298042080428,125,764.2245433436171,120.0
TR,0,192,4101053994456336667,gateway_calibration,sweep:inference_delay=120.0,568.6799041636024,104,764.2245433436171,120.0
TR,0,193,8074710743001151938,gateway_calibration,sweep:inference_delay=120.0,565.5945379695994,106,764.2245433436171,120.0
TR,0,194,5212631311981154672,gateway_calibration,sweep:inference_delay=120.0,760.346700846243,130,764.2245433436171,120.0
TR,0,195,8908719840785199984,gateway_calibration,sweep:inference_delay=120.0,667.2850520588615,112,764.2245433436171,120.0
TR,0,196,999450169447551854,gateway_calibration,sweep:inference_delay=120.0,757.7948681970531,111,764.2245433436171,120.0
TR,0,197,7125862823855781758,gateway_calibration,sweep:inference_delay=120.0,627.9694643625602,131,764.2245433436171,120.0
TR,0,198,3965643102500890651,gateway_calibration,sweep:inference_delay=120.0,735.8552669371895,125,764.2245433436171,120.0
TR,0,199,6932222452324672083,gateway_calibration,sweep:inference_delay=120.0,562.3553671463063,118,764.2245433436171,120.0
TR,0,200,5131547027963983215,gateway_calibration,sweep:inference_delay=120.0,598.9199059467591,104,764.2245433436171,120.0
TR,0,201,8795956433253082031,gateway_calibration,sweep:inference_delay=120.0,740.5558577032922,139,764.2245433436171,120.0
TR,0,202,5586803065317287809,gateway_calibration,sweep:inference_delay=120.0,478.50309898906477,106,764.2245433436171,120.0
TR,0,203,7631054467362521232,gateway_calibration,sweep:inference_delay=120.0,714.1522025389764,107,764.2245433436171,120.0
TR,0,204,6979455941945298785,gateway_calibration,sweep:inference_delay=120.0,544.5990183598083,115,764.2245433436171,120.0
TR,0,205,3215455092438663344,gateway_calibration,sweep:inference_delay=120.0,641.2274611801965,116,764.2245433436171,120.0
TR,0,206,3434548944717048963,gateway_calibration,sweep:inference_delay=120.0,629.8572827472948,120,764.2245433436171,120.0
TR,0,207,3801140529048407208,gateway_calibration,sweep:inference_delay=120.0,442.6100529937707,89,764.2245433436171,120.0
TR,0,208,4650610890705572386,gateway_calibration,sweep:inference_delay=120.0,808.8635076417814,116,764.2245433436171,120.0
TR,0,209,4352460632243557309,gateway_calibration,sweep:inference_delay=120.0,528.9985632177879,118,764.2245433436171,120.0
TR,0,210,9110062983510645812,gateway_calibration,sweep:inference_delay=120.0,552.7057185077845,112,764.2245433436171,120.0
TR,0,211,6201333201696179521,gateway_calibration,sweep:inference_delay=120.0,731.4990739329526,123,764.2245433436171,120.0
TR,0,212,3020690967515742441,gateway_calibration,sweep:inference_delay=120.0,700.4314790394216,108,764.2245433436171,120.0
TR,0,213,5113598565957210646,gateway_calibration,sweep:inference_delay=120.0,809.8535941048581,116,764.2245433436171,120.0
TR,0,214,5901440036817739874,gateway_calibration,sweep:inference_delay=120.0,526.9514375359541,110,764.2245433436171,120.0
TR,0,215,7236115084614346493,gateway_calibration,sweep:inference_delay=120.0,685.0021993380316,128,764.2245433436171,120.0
TR,0,216,6312640476743377220,gateway_calibration,sweep:inference_delay=120.0,680.2047021195286,131,764.2245433436171,120.0
TR,0,217,306681076932402718,gateway_calibration,sweep:inference_delay=120.0,552.5757119808866,104,764.2245433436171,120.0
TR,0,218,6156217252091306802,gateway_calibration,sweep:inference_delay=120.0,649.9975490790439,120,764.2245433436171,120.0
TR,0,219,8264284432273424094,gateway_calibration,sweep:inference_delay=120.0,614.2099784873973,121,764.2245433436171,120.0
TR,0,220,4189708814111903148,gateway_calibration,sweep:inference_delay=120.0,566.5954691616543,126,764.2245433436171,120.0
TR,0,221,7889772267027158736,gateway_calibration,sweep:inference_delay=120.0,658.015434163791,115,764.2245433436171,120.0
TR,0,222,7108543156613227755,gateway_calibration,sweep:inference_delay=120.0,688.5892554117164,127,764.2245433436171,120.0
TR,0,223,9042358047221550168,gateway_calibration,sweep:inference_delay=120.0,587.490576713928,112,764.2245433436171,120.0
TR,0,224,7705833442954675368,gateway_calibration,sweep:inference_delay=120.0,692.947923797202,115,764.2245433436171,120.0
TR,0,225,3398952373332817631,gateway_calibration,sweep:inference_delay=120.0,563.0539619403869,121,764.2245433436171,120.0
TR,0,226,6379903412322593579,gateway_calibration,sweep:inference_delay=120.0,583.925896646158,105,764.2245433436171,120.0
TR,0,227,9012033674670575392,gateway_calibration,sweep:inference_delay=120.0,724.3162201460107,112,764.2245433436171,120.0
TR,0,228,122473416203944900,gateway_calibration,sweep:inference_delay=120.0,690.1664808906379,127,764.2245433436171,120.0
TR,0,229,4940575097158153538,gateway_calibration,sweep:inference_delay=120.0,709.2328872395531,118,764.2245433436171,120.0
TR,0,230,664636542461107033,gateway_calibration,sweep:inference_delay=120.0,540.955390683335,99,764.2245433436171,120.0
TR,0,231,7797235987269723090,gateway_calibration,sweep:inference_delay=120.0,836.0778322028364,113,764.2245433436171,120.0
TR,0,232,1879781091084643382,gateway_calibration,sweep:inference_delay=120.0,584.3496441940775,120,764.2245433436171,120.0
TR,0,233,4714659863506023876,gateway_calibration,sweep:inference_delay=120.0,606.8497355124867,106,764.2245433436171,120.0
TR,0,234,7804705855740254499,gateway_calibration,sweep:inference_delay=120.0,650.0679088109988,115,764.2245433436171,120.0
TR,0,235,8095260548169304391,gateway_calibration,sweep:inference_delay=120.0,723.8702635307475,127,764.2245433436171,120.0
TR,0,236,906194003259344186,gateway_calibration,sweep:inference_delay=120.0,595.7745657553182,97,764.2245433436171,120.0
TR,0,237,6032627608173626597,gateway_calibration,sweep:inference_delay=120.0,650.2707602465638,119,764.2245433436171,120.0
TR,0,238,3738554641044770615,gateway_calibration,sweep:inference_delay=120.0,569.8311204448238,129,764.2245433436171,120.0
TR,0,239,3476742330592022135,gateway_calibration,sweep:inference_delay=120.0,625.3211835074036,112,764.2245433436171,120.0
TR,0,240,5316200749281988572,gateway_calibration,sweep:inference_delay=120.0,677.8437904078944,109,764.2245433436171,120.0
TR,0,241,2190819566577267643,gateway_calibration,sweep:inference_delay=120.0,586.9847686231562,104,764.2245433436171,120.0
TR,0,242,857814540465728394,gateway_calibration,sweep:inference_delay=120.0,772.1201971900563,131,764.2245433436171,120.0
TR,0,243,109803938375533372,gateway_calibration,sweep:inference_delay=120.0,598.2530909811541,118,764.2245433436171,120.0
TR,0,244,6449002674717386074,gateway_calibration,sweep:inference_delay=120.0,744.9943184132418,119,764.2245433436171,120.0
TR,0,245,6215265584772556378,gateway_calibration,sweep:inference_delay=120.0,534.4407922280749,109,764.2245433436171,120.0
TR,0,246,199577232507299735,gateway_calibration,sweep:inference_delay=120.0,504.7454537672226,105,764.2245433436171,120.0
TR,0,247,3297804610065436098,gateway_calibration,sweep:inference_delay=120.0,823.142202623443,120,764.2245433436171,120.0
TR,0,248,8907551494262326324,gateway_calibration,sweep:inference_delay=120.0,569.2219139155367,128,764.2245433436171,120.0
TR,0,249,1529709659005367054,gateway_calibration,sweep:inference_delay=120.0,573.5547243450877,109,764.2245433436171,120.0
TR,0,250,7884667387257020777,gateway_calibration,sweep:inference_delay=120.0,785.4242975581988,95,764.2245433436171,120.0
TR,0,251,8726530387776396798,gateway_calibration,sweep:inference_delay=120.0,565.9861120841731,114,764.2245433436171,120.0
TR,0,252,1433911575792678866,gateway_calibration,sweep:inference_delay=120.0,637.0072023627005,124,764.2245433436171,120.0
TR,0,253,8710010161275645775,gateway_calibration,sweep:inference_delay=120.0,474.2418540676401,101,764.2245433436171,120.0
TR,0,254,9170084412448947529,gateway_calibration,sweep:inference_delay=120.0,522.1092575328925,115,764.2245433436171,120.0
TR,0,255,6091439753238647021,gateway_calibration,sweep:inference_delay=120.0,571.7385326116987,115,764.2245433436171,120.0
TR,0,256,4958860573296819115,gateway_calibration,sweep:inference_delay=120.0,580.2503487663863,118,764.2245433436171,120.0
TR,0,257,6874253744034462075,gateway_calibration,sweep:inference_delay=120.0,567.2177757138971,109,764.2245433436171,120.0
TR,0,258,408698351800002150,gateway_calibration,sweep:inference_delay=120.0,442.16382934700977,100,764.2245433436171,120.0
TR,0,259,7114059880909457078,gateway_calibration,sweep:inference_delay=120.0,674.9004538394438,108,764.2245433436171,120.0
TR,0,260,3448280226404936529,gateway_calibration,sweep:inference_delay=120.0,693.8456633836665,120,764.2245433436171,120.0
TR,0,261,5872279131893372988,gateway_calibration,sweep:inference_delay=120.0,532.9549926287681,104,764.2245433436171,120.0
TR,0,262,4627364965127169209,gateway_calibration,sweep:inference_delay=120.0,692.8586854339403,107,764.2245433436171,120.0
TR,0,263,2817182897332708445,gateway_calibration,sweep:inference_delay=120.0,727.237167038918,129,764.2245433436171,120.0
TR,0,264,3226495020468035601,gateway_calibration,sweep:inference_delay=120.0,705.9010126562587,117,764.2245433436171,120.0
TR,0,265,1891893400209499536,gateway_calibration,sweep:inference_delay=120.0,817.3510671630997,136,764.2245433436171,120.0
TR,0,266,7186354472000501983,gateway_calibration,sweep:inference_delay=120.0,603.240857676024,124,764.2245433436171,120.0
TR,0,267,3398097153274306013,gateway_calibration,sweep:inference_delay=120.0,505.16420489932125,99,764.2245433436171,120.0
TR,0,268,7079618195772881812,gateway_calibration,sweep:inference_delay=120.0,645.5889819426634,128,764.2245433436171,120.0
TR,0,269,1281974242019890468,gateway_calibration,sweep:inference_delay=120.0,821.1633009755539,123,764.2245433436171,120.0
TR,0,270,1668979423577633302,gateway_calibration,sweep:inference_delay=120.0,615.1696283125319,124,764.2245433436171,120.0
TR,0,271,8822582446820559509,gateway_calibration,sweep:inference_delay=120.0,713.671552865713,107,764.2245433436171,120.0
TR,0,272,7453523994327535760,gateway_calibration,sweep:inference_delay=120.0,684.5002481621351,122,764.2245433436171,120.0
TR,0,273,7710916241064065990,gateway_calibration,sweep:inference_delay=120.0,643.0669255612837,124,764.2245433436171,120.0
TR,0,274,6539162118770290116,gateway_calibration,sweep:inference_delay=120.0,605.3758436087945,98,764.2245433436171,120.0
TR,0,275,9007356165936029249,gateway_calibration,sweep:inference_delay=120.0,583.342021163342,107,764.2245433436171,120.0
TR,0,276,5850868262486113660,gateway_calibration,sweep:inference_delay=120.0,653.6150623436322,122,764.2245433436171,120.0
TR,0,277,7268909925070436634,gateway_calibration,sweep:inference_delay=120.0,531.9369130348905,106,764.2245433436171,120.0
TR,0,278,5430337678375502373,gateway_calibration,sweep:inference_delay=120.0,645.9200804822635,119,764.2245433436171,120.0
TR,0,279,8281359645921020172,gateway_calibration,sweep:inference_delay=120.0,599.0406290226869,91,764.2245433436171,120.0
TR,0,280,7474852812176008087,gateway_calibration,sweep:inference_delay=120.0,700.3491791313563,117,764.2245433436171,120.0
TR,0,281,948484256977648338,gateway_calibration,sweep:inference_delay=120.0,518.4360474678982,106,764.2245433436171,120.0
TR,0,282,4373062170352625796,gateway_calibration,sweep:inference_delay=120.0,490.8627267752424,106,764.2245433436171,120.0
TR,0,283,2010434461530052851,gateway_calibration,sweep:inference_delay=120.0,615.9452879851062,109,764.2245433436171,120.0
TR,0,284,8100330337422475980,gateway_calibration,sweep:inference_delay=120.0,744.2501930607515,119,764.2245433436171,120.0
TR,0,285,8700526850317622350,gateway_calibration,sweep:inference_delay=120.0,628.105648331427,93,764.2245433436171,120.0
TR,0,286,239344597376704809,gateway_calibration,sweep:inference_delay=120.0,663.8142612146919,109,764.2245433436171,120.0
TR,0,287,7208117757902773816,gateway_calibration,sweep:inference_delay=120.0,460.109261582693,86,764.2245433436171,120.0
TR,0,288,8196379105820061157,gateway_calibration,sweep:inference_delay=120.0,637.2458586607755,109,764.2245433436171,120.0
TR,0,289,607845435956440232,gateway_calibration,sweep:inference_delay=120.0,548.9221539059027,113,764.2245433436171,120.0
TR,0,290,1966496262722936813,gateway_calibration,sweep:inference_delay=120.0,760.9327136565669,121,764.2245433436171,120.0
TR,0,291,3538681840675748965,gateway_calibration,sweep:inference_delay=120.0,597.1076049459342,120,764.2245433436171,120.0
TR,0,292,1463054627243614100,gateway_calibration,sweep:inference_delay=120.0,527.0826471371136,108,764.2245433436171,120.0
TR,0,293,3266938492871088362,gateway_calibration,sweep:inference_delay=120.0,642.4359381697328,129,764.2245433436171,120.0
TR,0,294,6307345622284421562,gateway_calibration,sweep:inference_delay=120.0,643.4986721038825,119,764.2245433436171,120.0
TR,0,295,7249330951015271482,gateway_calibration,sweep:inference_delay=120.0,571.9199576916908,109,764.2245433436171,120.0
TR,0,296,4336001068304131232,gateway_calibration,sweep:inference_delay=120.0,641.1387253275279,116,764.2245433436171,120.0
TR,0,297,2299533976421598545,gateway_calibration,sweep:inference_delay=120.0,541.6816085455981,107,764.2245433436171,120.0
TR,0,298,3240096295067119963,gateway_calibration,sweep:inference_delay=120.0,556.9364208881843,106,764.2245433436171,120.0
TR,0,299,6947517536517669413,gateway_calibration,sweep:inference_delay=120.0,744.3678425658844,136,764.2245433436171,120.0
TR,0,300,3615274215111648575,gateway_calibration,sweep:inference_delay=120.0,495.4143242355835,91,764.2245433436171,120.0
TR,0,301,8601699498832652966,gateway_calibration,sweep:inference_delay=120.0,744.2040616368773,133,764.2245433436171,120.0
TR,0,302,6498947026691221311,gateway_calibration,sweep:inference_delay=120.0,609.6109577364198,121,764.2245433436171,120.0
TR,0,303,2023830876125335412,gateway_calibration,sweep:inference_delay=120.0,389.4953198627667,93,764.2245433436171,120.0
TR,0,304,6668057049205785508,gateway_calibration,sweep:inference_delay=120.0,616.9582360484114,105,764.2245433436171,120.0
TR,0,305,972426871952470794,gateway_calibration,sweep:inference_delay=120.0,603.2614895678446,119,764.2245433436171,120.0
TR,0,306,4085980888004490386,gateway_calibration,sweep:inference_delay=120.0,564.9557747829316,103,764.2245433436171,120.0
TR,0,307,5899060696247741828,gateway_calibration,sweep:inference_delay=120.0,630.7352555092765,111,764.2245433436171,120.0
TR,0,308,6716881207755170120,gateway_calibration,sweep:inference_delay=120.0,628.754848205122,126,764.2245433436171,120.0
TR,0,309,2913033553703153339,gateway_calibration,sweep:inference_delay=120.0,591.7819408461189,108,764.2245433436171,120.0
TR,0,310,6472430399910470893,gateway_calibration,sweep:inference_delay=120.0,600.1605038019105,120,764.2245433436171,120.0
TR,0,311,5786538029600997702,gateway_calibration,sweep:inference_delay=120.0,649.9933449639035,123,764.2245433436171,120.0
TR,0,312,9194421470345674394,gateway_calibration,sweep:inference_delay=120.0,744.0548994875957,122,764.2245433436171,120.0
TR,0,313,4594121479844421633,gateway_calibration,sweep:inference_delay=120.0,529.3739841669853,114,764.2245433436171,120.0
TR,0,314,8208745424675179099,gateway_calibration,sweep:inference_delay=120.0,670.7312625812089,116,764.2245433436171,120.0
TR,0,315,8091692001852291938,gateway_calibration,sweep:inference_delay=120.0,811.93831888331,117,764.2245433436171,120.0
TR,0,316,8198648240195395918,gateway_calibration,sweep:inference_delay=120.0,563.1925694916212,115,764.2245433436171,120.0
TR,0,317,7249583067471668859,gateway_calibration,sweep:inference_delay=120.0,578.1759770258403,112,764.2245433436171,120.0
TR,0,318,3837137836462479129,gateway_calibration,sweep:inference_delay=120.0,682.9804839788567,127,764.2245433436171,120.0
TR,0,319,6539991850880362014,gateway_calibration,sweep:inference_delay=120.0,721.2952256238148,121,764.2245433436171,120.0
TR,0,320,2224697815941001946,gateway_calibration,sweep:inference_delay=120.0,780.2629750739562,122,764.2245433436171,120.0
TR,0,321,6114963703611859362,gateway_calibration,sweep:inference_delay=120.0,747.7225838086421,123,764.2245433436171,120.0
TR,0,322,195140210401165787,gateway_calibration,sweep:inference_delay=120.0,653.763139585353,136,764.2245433436171,120.0
TR,0,323,6659619998631776941,gateway_calibration,sweep:inference_delay=120.0,577.0564497668397,112,764.2245433436171,120.0
TR,0,324,7120813819222659707,gateway_calibration,sweep:inference_delay=120.0,768.7816965161909,120,764.2245433436171,120.0
TR,0,325,6774444348763995658,gateway_calibration,sweep:inference_delay=120.0,554.8204191330425,121,764.2245433436171,120.0
TR,0,326,4850043671201831257,gateway_calibration,sweep:inference_delay=120.0,592.659763471089,122,764.2245433436171,120.0
TR,0,327,7806357730825919044,gateway_calibration,sweep:inference_delay=120.0,636.5396396467215,118,764.2245433436171,120.0
TR,0,328,5501563936572777030,gateway_calibration,sweep:inference_delay=120.0,646.53505422751,120,764.2245433436171,120.0
TR,0,329,4114176341225639366,gateway_calibration,sweep:inference_delay=120.0,635.3662987158134,123,764.2245433436171,120.0
TR,0,330,8423063922294622079,gateway_calibration,sweep:inference_delay=120.0,607.0800040071433,120,764.2245433436171,120.0
TR,0,331,963155771364400202,gateway_calibration,sweep:inference_delay=120.0,681.1431504090316,111,764.2245433436171,120.0
TR,0,332,6909447279653752656,gateway_calibration,sweep:inference_delay=120.0,764.2081139719841,130,764.2245433436171,120.0
TR,0,333,6942379951347826786,gateway_calibration,sweep:inference_delay=120.0,581.4654132937792,106,764.2245433436171,120.0
TR,0,334,6811899438781075660,gateway_calibration,sweep:inference_delay=120.0,764.0494797182703,121,764.2245433436171,120.0
TR,0,335,1957473825461321269,gateway_calibration,sweep:inference_delay=120.0,651.5582573653365,123,764.2245433436171,120.0
TR,0,336,2535395259601600383,gateway_calibration,sweep:inference_delay=120.0,594.3664582740007,127,764.2245433436171,120.0
TR,0,337,7499345641990961458,gateway_calibration,sweep:inference_delay=120.0,498.722485958431,104,764.2245433436171,120.0
TR,0,338,2528873120497957601,gateway_calibration,sweep:inference_delay=120.0,800.076981900274,127,764.2245433436171,120.0
TR,0,339,8679936124247055674,gateway_calibration,sweep:inference_delay=120.0,534.8042761039371,96,764.2245433436171,120.0
TR,0,340,2840468023605956744,gateway_calibration,sweep:inference_delay=120.0,510.02769912585336,107,764.2245433436171,120.0
TR,0,341,1190338611397781600,gateway_calibration,sweep:inference_delay=120.0,756.0746154008253,123,764.2245433436171,120.0
TR,0,342,7072305608308917306,gateway_calibration,sweep:inference_delay=120.0,617.6126751635446,117,764.2245433436171,120.0
TR,0,343,6940384386291869062,gateway_calibration,sweep:inference_delay=120.0,547.2422110911008,107,764.2245433436171,120.0
TR,0,344,9100927083450735115,gateway_calibration,sweep:inference_delay=120.0,553.866785541985,117,764.2245433436171,120.0
TR,0,345,8325319464015471457,gateway_calibration,sweep:inference_delay=120.0,554.1759994859807,124,764.2245433436171,120.0
TR,0,346,3894299769466572410,gateway_calibration,sweep:inference_delay=120.0,649.7226020754795,115,764.2245433436171,120.0
TR,0,347,6393358636141596389,gateway_calibration,sweep:inference_delay=120.0,753.9598973480506,120,764.2245433436171,120.0
TR,0,348,3341952981121461829,gateway_calibration,sweep:inference_delay=120.0,680.1587968400898,120,764.2245433436171,120.0
TR,0,349,7303707367493804429,gateway_calibration,sweep:inference_delay=120.0,622.7076445103061,121,764.2245433436171,120.0
TR,0,350,4155289482649960502,gateway_calibration,sweep:inference_delay=120.0,700.6345929600509,118,764.2245433436171,120.0
TR,0,351,8166025039485491372,gateway_calibration,sweep:inference_delay=120.0,618.6861202453225,116,764.2245433436171,120.0
TR,0,352,4337177749538546778,gateway_calibration,sweep:inference_delay=120.0,643.3294885853246,122,764.2245433436171,120.0
TR,0,353,3464983365478709651,gateway_calibration,sweep:inference_delay=120.0,722.345979447476,114,764.2245433436171,120.0
TR,0,354,4181805393221580531,gateway_calibration,sweep:inference_delay=120.0,573.5261520023789,112,764.2245433436171,120.0
TR,0,355,2016915801989093899,gateway_calibration,sweep:inference_delay=120.0,524.1474338818927,95,764.2245433436171,120.0
TR,0,356,332739090942856489,gateway_calibration,sweep:inference_delay=120.0,915.4505662438382,126,764.2245433436171,120.0
TR,0,357,6418239464839540574,gateway_calibration,sweep:inference_delay=120.0,631.7901363232594,131,764.2245433436171,120.0
TR,0,358,1576100065629541018,gateway_calibration,sweep:inference_delay=120.0,528.0935137819278,116,764.2245433436171,120.0
TR,0,359,1418964388637756277,gateway_calibration,sweep:inference_delay=120.0,697.9370271758125,114,764.2245433436171,120.0
TR,0,360,7723648588439060272,gateway_calibration,sweep:inference_delay=120.0,492.3351523228201,99,764.2245433436171,120.0
TR,0,361,3165070543608162582,gateway_calibration,sweep:inference_delay=120.0,651.062361159439,110,764.2245433436171,120.0
TR,0,362,8245906499654011511,gateway_calibration,sweep:inference_delay=120.0,653.204216378206,120,764.2245433436171,120.0
TR,0,363,3659487611861416895,gateway_calibration,sweep:inference_delay=120.0,687.4795980512952,117,764.2245433436171,120.0
TR,0,364,6578913215482432805,gateway_calibration,sweep:inference_delay=120.0,554.398334133052,116,764.2245433436171,120.0
TR,0,365,8391582007449460846,gateway_calibration,sweep:inference_delay=120.0,523.6196721424571,114,764.2245433436171,120.0
TR,0,366,5771692311104329529,gateway_calibration,sweep:inference_delay=120.0,676.8845379890219,119,764.2245433436171,120.0
TR,0,367,3218013020085204010,gateway_calibration,sweep:inference_delay=120.0,523.9083131704043,105,764.2245433436171,120.0
TR,0,368,1283546103320648778,gateway_calibration,sweep:inference_delay=120.0,801.5812599904191,139,764.2245433436171,120.0
TR,0,369,3940613324692891259,gateway_calibration,sweep:inference_delay=120.0,548.9650118413524,95,764.2245433436171,120.0
TR,0,370,6007484302087867777,gateway_calibration,sweep:inference_delay=120.0,714.4883176312036,112,764.2245433436171,120.0
TR,0,371,485243909634237452,gateway_calibration,sweep:inference_delay=120.0,554.6040280912019,101,764.2245433436171,120.0
TR,0,372,7815247250523029036,gateway_calibration,sweep:inference_delay=120.0,556.9884497364022,102,764.2245433436171,120.0
TR,0,373,2285456286036941059,gateway_calibration,sweep:inference_delay=120.0,614.0206564582311,108,764.2245433436171,120.0
TR,0,374,1364554825991949622,gateway_calibration,sweep:inference_delay=120.0,547.288787019915,117,764.2245433436171,120.0
TR,0,375,1107280333031586721,gateway_calibration,sweep:inference_delay=120.0,785.4941191874989,126,764.2245433436171,120.0
TR,0,376,6396355708942284405,gateway_calibration,sweep:inference_delay=120.0,622.121443402463,121,764.2245433436171,120.0
TR,0,377,8934455783887412238,gateway_calibration,sweep:inference_delay=120.0,736.6170221872085,120,764.2245433436171,120.0
TR,0,378,7555471601432773213,gateway_calibration,sweep:inference_delay=120.0,525.3955439225905,109,764.2245433436171,120.0
TR,0,379,3548897198408580608,gateway_calibration,sweep:inference_delay=120.0,735.4437268282874,125,764.2245433436171,120.0
TR,0,380,6443188350052175022,gateway_calibration,sweep:inference_delay=120.0,742.9068358488497,120,764.2245433436171,120.0
TR,0,381,673342858458360326,gateway_calibration,sweep:inference_delay=120.0,621.1771850715969,111,764.2245433436171,120.0
TR,0,382,3722576532797583272,gateway_calibration,sweep:inference_delay=120.0,511.72431887524516,114,764.2245433436171,120.0
TR,0,383,9166809957256527404,gateway_calibration,sweep:inference_delay=120.0,581.8702222666359,107,764.2245433436171,120.0
TR,0,384,3445631602782070954,gateway_calibration,sweep:inference_delay=120.0,603.3147816679998,104,764.2245433436171,120.0
TR,0,385,7908017833334917964,gateway_calibration,sweep:inference_delay=120.0,542.5568522156113,112,764.2245433436171,120.0
TR,0,386,7318014624326262181,gateway_calibration,sweep:inference_delay=120.0,665.6334134170302,110,764.2245433436171,120.0
TR,0,387,517744888720078660,gateway_calibration,sweep:inference_delay=120.0,548.9190472901686,108,764.2245433436171,120.0
TR,0,388,651843541374212829,gateway_calibration,sweep:inference_delay=120.0,654.6504957665938,122,764.2245433436171,120.0
TR,0,389,5866099239119450849,gateway_calibration,sweep:inference_delay=120.0,547.862301384538,116,764.2245433436171,120.0
TR,0,390,6479401326892934536,gateway_calibration,sweep:inference_delay=120.0,576.6754527028698,119,764.2245433436171,120.0
TR,0,391,4357246266682099290,gateway_calibration,sweep:inference_delay=120.0,646.0013975138249,106,764.2245433436171,120.0
TR,0,392,1925353243008185577,gateway_calibration,sweep:inference_delay=120.0,635.2786666619271,117,764.2245433436171,120.0
TR,0,393,2959734554237432936,gateway_calibration,sweep:inference_delay=120.0,580.998470107343,114,764.2245433436171,120.0
TR,0,394,3084757209228572454,gateway_calibration,sweep:inference_delay=120.0,609.7088780396472,122,764.2245433436171,120.0
TR,0,395,7092254597711438791,gateway_calibration,sweep:inference_delay=120.0,672.5007441774586,117,764.2245433436171,120.0
TR,0,396,6497391125545010202,gateway_calibration,sweep:inference_delay=120.0,521.2215341932083,107,764.2245433436171,120.0
TR,0,397,1954595604002493885,gateway_calibration,sweep:inference_delay=120.0,581.7892823950166,110,764.2245433436171,120.0
TR,0,398,2430610431817991162,gateway_calibration,sweep:inference_delay=120.0,556.6072479882837,117,764.2245433436171,120.0
TR,0,399,8600701293685412378,gateway_calibration,sweep:inference_delay=120.0,595.8506753716671,117,764.2245433436171,120.0
TR,0,400,2180632233742875127,gateway_calibration,sweep:inference_delay=120.0,726.4154424417825,132,764.2245433436171,120.0
TR,0,401,8614504956763952918,gateway_calibration,sweep:inference_delay=120.0,607.5913675432616,104,764.2245433436171,120.0
TR,0,402,5598188346354825220,gateway_calibration,sweep:inference_delay=120.0,546.7781434924034,112,764.2245433436171,120.0
TR,0,403,4457182625849329571,gateway_calibration,sweep:inference_delay=120.0,676.5194607795847,118,764.2245433436171,120.0
TR,0,404,5428053095735619386,gateway_calibration,sweep:inference_delay=120.0,692.9871641187349,117,764.2245433436171,120.0
TR,0,405,1101405500483529718,gateway_calibration,sweep:inference_delay=120.0,632.5398052917857,113,764.2245433436171,120.0
TR,0,406,7906526476448119685,gateway_calibration,sweep:inference_delay=120.0,681.3614485894198,130,764.2245433436171,120.0
TR,0,407,6846582542994904954,gateway_calibration,sweep:inference_delay=120.0,609.9833731945262,114,764.2245433436171,120.0
TR,0,408,6355420337751119951,gateway_calibration,sweep:inference_delay=120.0,643.9127577457126,120,764.2245433436171,120.0
TR,0,409,4309073721572023332,gateway_calibration,sweep:inference_delay=120.0,674.5105867629645,109,764.2245433436171,120.0
TR,0,410,1783511987524471242,gateway_calibration,sweep:inference_delay=120.0,540.3653695972465,109,764.2245433436171,120.0
TR,0,411,688225865259363063,gateway_calibration,sweep:inference_delay=120.0,570.5661318621617,105,764.2245433436171,120.0
TR,0,412,3561531273195373329,gateway_calibration,sweep:inference_delay=120.0,583.7888205648654,116,764.2245433436171,120.0
TR,0,413,1463045945983616086,gateway_calibration,sweep:inference_delay=120.0,692.6704569540417,124,764.2245433436171,120.0
TR,0,414,8085263336484615663,gateway_calibration,sweep:inference_delay=120.0,563.1662715878027,111,764.2245433436171,120.0
TR,0,415,6818204896612990382,gateway_calibration,sweep:inference_delay=120.0,590.0200415761434,114,764.2245433436171,120.0
TR,0,416,4787535775649479837,gateway_calibration,sweep:inference_delay=120.0,633.2028895800887,112,764.2245433436171,120.0
TR,0,417,7120093027717629489,gateway_calibration,sweep:inference_delay=120.0,628.4280579563385,127,764.2245433436171,120.0
TR,0,418,2453711198318152044,gateway_calibration,sweep:inference_delay=120.0,551.3332562331099,105,764.2245433436171,120.0
TR,0,419,406150715592396966,gateway_calibration,sweep:inference_delay=120.0,702.5123484855164,114,764.2245433436171,120.0
TR,0,420,920275832482914948,gateway_calibration,sweep:inference_delay=120.0,653.2855845914511,132,764.2245433436171,120.0
TR,0,421,2002028926825469421,gateway_calibration,sweep:inference_delay=120.0,686.134549573849,116,764.2245433436171,120.0
TR,0,422,4896878052045358124,gateway_calibration,sweep:inference_delay=120.0,570.2452713068017,102,764.2245433436171,120.0
TR,0,423,6683191440465508984,gateway_calibration,sweep:inference_delay=120.0,665.9186256997718,129,764.2245433436171,120.0
TR,0,424,1760285810053153879,gateway_calibration,sweep:inference_delay=120.0,654.5617156436722,103,764.2245433436171,120.0
TR,0,425,3365395940816934593,gateway_calibration,sweep:inference_delay=120.0,569.6679352764442,119,764.2245433436171,120.0
TR,0,426,8867131221415116525,gateway_calibration,sweep:inference_delay=120.0,650.5693726300171,122,764.2245433436171,120.0
TR,0,427,8849389123497511053,gateway_calibration,sweep:inference_delay=120.0,624.0330608173791,129,764.2245433436171,120.0
TR,0,428,3224326882109622349,gateway_calibration,sweep:inference_delay=120.0,634.8116969914843,127,764.2245433436171,120.0
TR,0,429,2869759132837474588,gateway_calibration,sweep:inference_delay=120.0,724.1511278717674,121,764.2245433436171,120.0
TR,0,430,6843835351340785466,gateway_calibration,sweep:inference_delay=120.0,778.1188378825875,118,764.2245433436171,120.0
TR,0,431,3475078977621011008,gateway_calibration,sweep:inference_delay=120.0,755.5491497617514,130,764.2245433436171,120.0
TR,0,432,8907803077037518749,gateway_calibration,sweep:inference_delay=120.0,892.543529981131,124,764.2245433436171,120.0
TR,0,433,2002572303120845316,gateway_calibration,sweep:inference_delay=120.0,572.0867737991944,111,764.2245433436171,120.0
TR,0,434,3413195451912775677,gateway_calibration,sweep:inference_delay=120.0,649.8061609267347,117,764.2245433436171,120.0
TR,0,435,5740385237983876808,gateway_calibration,sweep:inference_delay=120.0,559.258315449517,102,764.2245433436171,120.0
TR,0,436,3077945029123790592,gateway_calibration,sweep:inference_delay=120.0,685.8982452818733,123,764.2245433436171,120.0
TR,0,437,7324154474223676898,gateway_calibration,sweep:inference_delay=120.0,605.8888412829967,112,764.2245433436171,120.0
TR,0,438,1900970705987808200,gateway_calibration,sweep:inference_delay=120.0,625.9412348786643,127,764.2245433436171,120.0
TR,0,439,6150809488467598347,gateway_calibration,sweep:inference_delay=120.0,608.697753144408,102,764.2245433436171,120.0
TR,0,440,220128403613890372,gateway_calibration,sweep:inference_delay=120.0,570.1750822459267,115,764.2245433436171,120.0
TR,0,441,6271294209477916436,gateway_calibration,sweep:inference_delay=120.0,712.3019440164624,146,764.2245433436171,120.0
TR,0,442,6008414876222458704,gateway_calibration,sweep:inference_delay=120.0,607.3334114262955,111,764.2245433436171,120.0
TR,0,443,5972146538533843926,gateway_calibration,sweep:inference_delay=120.0,620.8087369641905,111,764.2245433436171,120.0
TR,0,444,8593510701146317893,gateway_calibration,sweep:inference_delay=120.0,597.4831574938955,118,764.2245433436171,120.0
TR,0,445,7332317739902392457,gateway_calibration,sweep:inference_delay=120.0,612.9812332779272,111,764.2245433436171,120.0
TR,0,446,3788921420244164398,gateway_calibration,sweep:inference_delay=120.0,673.1477432502847,133,764.2245433436171,120.0
TR,0,447,6833070853286134013,gateway_calibration,sweep:inference_delay=120.0,675.4233284953328,135,764.2245433436171,120.0
TR,0,448,789756351310223277,gateway_calibration,sweep:inference_delay=120.0,727.1911495760382,116,764.2245433436171,120.0
TR,0,449,4270914900929590131,gateway_calibration,sweep:inference_delay=120.0,471.38604311410984,102,764.2245433436171,120.0
TR,0,450,2916600267775945391,gateway_calibration,sweep:inference_delay=120.0,645.7624862065462,109,764.2245433436171,120.0
TR,0,451,7865394099123103372,gateway_calibration,sweep:inference_delay=120.0,681.9558650698789,124,764.2245433436171,120.0
TR,0,452,6878568839612009929,gateway_calibration,sweep:inference_delay=120.0,638.0522887547088,117,764.2245433436171,120.0
TR,0,453,7286431639741038160,gateway_calibration,sweep:inference_delay=120.0,585.9284653840414,117,764.2245433436171,120.0
TR,0,454,3314342873522113059,gateway_calibration,sweep:inference_delay=120.0,654.4737980891697,124,764.2245433436171,120.0
TR,0,455,714198247593536416,gateway_calibration,sweep:inference_delay=120.0,706.0897748115304,108,764.2245433436171,120.0
TR,0,456,5319056387298350299,gateway_calibration,sweep:inference_delay=120.0,731.7781791909443,140,764.2245433436171,120.0
TR,0,457,7103892642868369489,gateway_calibration,sweep:inference_delay=120.0,635.0399179843347,114,764.2245433436171,120.0
TR,0,458,5685415850880973905,gateway_calibration,sweep:inference_delay=120.0,579.8480624579366,110,764.2245433436171,120.0
TR,0,459,6138515570841490940,gateway_calibration,sweep:inference_delay=120.0,740.3392359263312,128,764.2245433436171,120.0
TR,0,460,2307837250095720160,gateway_calibration,sweep:inference_delay=120.0,533.1186534658477,108,764.2245433436171,120.0
TR,0,461,2662514867513221233,gateway_calibration,sweep:inference_delay=120.0,639.8692181044358,119,764.2245433436171,120.0
TR,0,462,7427504247291449257,gateway_calibration,sweep:inference_delay=120.0,576.1261231179576,108,764.2245433436171,120.0
TR,0,463,2260830215410799705,gateway_calibration,sweep:inference_delay=120.0,569.3996824688612,120,764.2245433436171,120.0
TR,0,464,4211312173450715460,gateway_calibration,sweep:inference_delay=120.0,593.0600601353489,116,764.2245433436171,120.0
TR,0,465,969348806269122836,gateway_calibration,sweep:inference_delay=120.0,667.7067592891678,124,764.2245433436171,120.0
TR,0,466,5474794398053147603,gateway_calibration,sweep:inference_delay=120.0,626.7506523137866,120,764.2245433436171,120.0
TR,0,467,6609661420881015552,gateway_calibration,sweep:inference_delay=120.0,687.4039378805038,129,764.2245433436171,120.0
TR,0,468,4004423262991435156,gateway_calibration,sweep:inference_delay=120.0,711.8950287027751,125,764.2245433436171,120.0
TR,0,469,442699829528417808,gateway_calibration,sweep:inference_delay=120.0,874.2537054410649,136,764.2245433436171,120.0
TR,0,470,7794076181158343171,gateway_calibration,sweep:inference_delay=120.0,602.0329299663556,119,764.2245433436171,120.0
TR,0,471,4651429676899311408,gateway_calibration,sweep:inference_delay=120.0,546.040171685178,111,764.2245433436171,120.0
TR,0,472,1637145280189386079,gateway_calibration,sweep:inference_delay=120.0,551.7649718962593,108,764.2245433436171,120.0
TR,0,473,3313131632171036482,gateway_calibration,sweep:inference_delay=120.0,518.5615963612447,99,764.2245433436171,120.0
TR,0,474,477199139363392736,gateway_calibration,sweep:inference_delay=120.0,582.8327841588181,105,764.2245433436171,120.0
TR,0,475,8185235164671387808,gateway_calibration,sweep:inference_delay=120.0,564.9227343228649,125,764.2245433436171,120.0
TR,0,476,601371364243837911,gateway_calibration,sweep:inference_delay=120.0,566.693236178926,111,764.2245433436171,120.0
TR,0,477,5871230511968226326,gateway_calibration,sweep:inference_delay=120.0,602.6180870800101,109,764.2245433436171,120.0
TR,0,478,8582892411005687751,gateway_calibration,sweep:inference_delay=120.0,509.0362818653199,108,764.2245433436171,120.0
TR,0,479,3803344615371967039,gateway_calibration,sweep:inference_delay=120.0,605.4858197154304,110,764.2245433436171,120.0
TR,0,480,2841506547229435321,gateway_calibration,sweep:inference_delay=120.0,678.2979265636814,110,764.2245433436171,120.0
TR,0,481,4082484971381251509,gateway_calibration,sweep:inference_delay=120.0,618.358691764314,114,764.2245433436171,120.0
TR,0,482,3789479325724163783,gateway_calibration,sweep:inference_delay=120.0,605.8153443176519,125,764.2245433436171,120.0
TR,0,483,3918921078179492450,gateway_calibration,sweep:inference_delay=120.0,600.2686032900953,111,764.2245433436171,120.0
TR,0,484,7325215107882890520,gateway_calibration,sweep:inference_delay=120.0,912.8315874812622,129,764.2245433436171,120.0
TR,0,485,2011311524918672502,gateway_calibration,sweep:inference_delay=120.0,681.4488767289829,124,764.2245433436171,120.0
TR,0,486,433146228864654956,gateway_calibration,sweep:inference_delay=120.0,716.9909256881873,125,764.2245433436171,120.0
TR,0,487,4640216123622801019,gateway_calibration,sweep:inference_delay=120.0,575.0389577053379,108,764.2245433436171,120.0
TR,0,488,1089038234634826266,gateway_calibration,sweep:inference_delay=120.0,512.2730758269479,98,764.2245433436171,120.0
TR,0,489,3541253095700549252,gateway_calibration,sweep:inference_delay=120.0,583.6314889681042,97,764.2245433436171,120.0
TR,0,490,5412464624135735307,gateway_calibration,sweep:inference_delay=120.0,656.0059482706887,134,764.2245433436171,120.0
TR,0,491,6951812241895617114,gateway_calibration,sweep:inference_delay=120.0,545.8588258683988,110,764.2245433436171,120.0
TR,0,492,1593417155544740852,gateway_calibration,sweep:inference_delay=120.0,669.9574277627805,110,764.2245433436171,120.0
TR,0,493,6879185803535008127,gateway_calibration,sweep:inference_delay=120.0,565.1116756990215,114,764.2245433436171,120.0
TR,0,494,1293766441747331112,gateway_calibration,sweep:inference_delay=120.0,880.6526547288,145,764.2245433436171,120.0
TR,0,495,9028701532409915234,gateway_calibration,sweep:inference_delay=120.0,629.4337733694455,124,764.2245433436171,120.0
TR,0,496,18634332415558389,gateway_calibration,sweep:inference_delay=120.0,545.8501919777397,105,764.2245433436171,120.0
TR,0,497,4382052694131464363,gateway_calibration,sweep:inference_delay=120.0,678.2797341948445,124,764.2245433436171,120.0
TR,0,498,6941079027236749428,gateway_calibration,sweep:inference_delay=120.0,649.4711739574233,103,764.2245433436171,120.0
TR,0,499,910979023553684901,gateway_calibration,sweep:inference_delay=120.0,597.8841654553735,102,764.2245433436171,120.0
EIR,0,0,8036731051795696847,gateway_calibration,sweep:inference_delay=120.0,622.1428451460695,119,716.0914114519288,120.0
EIR,0,1,2128378717801581300,gateway_calibration,sweep:inference_delay=120.0,685.0996152421122,142,716.0914114519288,120.0
EIR,0,2,7177745571597894137,gateway_calibration,sweep:inference_delay=120.0,546.3141629788331,140,716.0914114519288,120.0
EIR,0,3,321977035273129233,gateway_calibration,sweep:inference_delay=120.0,609.8825921260697,114,716.0914114519288,120.0
EIR,0,4,2911213254354472119,gateway_calibration,sweep:inference_delay=120.0,481.68380924774954,118,716.0914114519288,120.0
EIR,0,5,139047244617656402,gateway_calibration,sweep:inference_delay=120.0,657.4236200299631,143,716.0914114519288,120.0
EIR,0,6,7411281804023778409,gateway_calibration,sweep:inference_delay=120.0,522.7252429480627,131,716.0914114519288,120.0
EIR,0,7,7945570116242832042,gateway_calibration,sweep:inference_delay=120.0,530.1953308832334,113,716.0914114519288,120.0
EIR,0,8,6685591798483375709,gateway_calibration,sweep:inference_delay=120.0,488.0429534014669,127,716.0914114519288,120.0
EIR,0,9,6767906266655133565,gateway_calibration,sweep:inference_delay=120.0,585.9437229074202,113,716.0914114519288,120.0
EIR,0,10,846349045140295972,gateway_calibration,sweep:inference_delay=120.0,505.5628785630161,125,716.0914114519288,120.0
EIR,0,11,1120677988609704296,gateway_calibration,sweep:inference_delay=120.0,562.2914522401263,134,716.0914114519288,120.0
EIR,0,12,2975040016454880150,gateway_calibration,sweep:inference_delay=120.0,596.4141644676297,146,716.0914114519288,120.0
EIR,0,13,2263125071953343910,gateway_calibration,sweep:inference_delay=120.0,601.3402859714448,125,716.0914114519288,120.0
EIR,0,14,6082266652772237126,gateway_calibration,sweep:inference_delay=120.0,490.266728259737,113,716.0914114519288,120.0
EIR,0,15,9207915390131819589,gateway_calibration,sweep:inference_delay=120.0,491.4021029392339,115,716.0914114519288,120.0
EIR,0,16,6239689445897068530,gateway_calibration,sweep:inference_delay=120.0,582.2882735645505,107,716.0914114519288,120.0
EIR,0,17,4189416336934168272,gateway_calibration,sweep:inference_delay=120.0,631.3395108117952,145,716.0914114519288,120.0
EIR,0,18,6741519903544597041,gateway_calibration,sweep:inference_delay=120.0,583.3205703179925,113,716.0914114519288,120.0
EIR,0,19,3719557772681541291,gateway_calibration,sweep:inference_delay=120.0,652.7703837948147,119,716.0914114519288,120.0
EIR,0,20,5233075283486061606,gateway_calibration,sweep:inference_delay=120.0,518.8555104445387,113,716.0914114519288,120.0
EIR,0,21,4213902241994746557,gateway_calibration,sweep:inference_delay=120.0,636.8955931102104,137,716.0914114519288,120.0
EIR,0,22,7041185026462623384,gateway_calibration,sweep:inference_delay=120.0,669.9894505854516,131,716.0914114519288,120.0
EIR,0,23,9125252092298614234,gateway_calibration,sweep:inference_delay=120.0,511.9617068529455,111,716.0914114519288,120.0
EIR,0,24,6528168268310673320,gateway_calibration,sweep:inference_delay=120.0,562.5602976613487,143,716.0914114519288,120.0
EIR,0,25,1871697079373000166,gateway_calibration,sweep:inference_delay=120.0,572.0950775178494,117,716.0914114519288,120.0
EIR,0,26,6351860891301108483,gateway_calibration,sweep:inference_delay=120.0,440.7288393895626,115,716.0914114519288,120.0
EIR,0,27,4030374892139354574,gateway_calibration,sweep:inference_delay=120.0,510.72461382491895,128,716.0914114519288,120.0
EIR,0,28,4547205867014004645,gateway_calibration,sweep:inference_delay=120.0,611.9132830424905,123,716.0914114519288,120.0
EIR,0,29,659600910195753407,gateway_calibration,sweep:inference_delay=120.0,521.6488149172567,122,716.0914114519288,120.0
EIR,0,30,8829629362228703057,gateway_calibration,sweep:inference_delay=120.0,667.5633973516728,110,716.0914114519288,120.0
EIR,0,31,270692318566629997,gateway_calibration,sweep:inference_delay=120.0,505.97676839535916,124,716.0914114519288,120.0
EIR,0,32,1826769237763708176,gateway_calibration,sweep:inference_delay=120.0,568.0027807685981,122,716.0914114519288,120.0
EIR,0,33,3614037007974844615,gateway_calibration,sweep:inference_delay=120.0,412.9745827853988,103,716.0914114519288,120.0
EIR,0,34,6520725137534887227,gateway_calibration,sweep:inference_delay=120.0,440.80348307548593,119,716.0914114519288,120.0
EIR,0,35,8686711041613234479,gateway_calibration,sweep:inference_delay=120.0,660.0762972602067,130,716.0914114519288,120.0
EIR,0,36,4006558892082110347,gateway_calibration,sweep:inference_delay=120.0,588.0930643431399,123,716.0914114519288,120.0
EIR,0,37,4707161720208592257,gateway_calibration,sweep:inference_delay=120.0,452.4458781868725,120,716.0914114519288,120.0
EIR,0,38,3665316241602670458,gateway_calibration,sweep:inference_delay=120.0,507.129323546996,104,716.0914114519288,120.0
EIR,0,39,6923643328102961104,gateway_calibration,sweep:inference_delay=120.0,530.9133553814395,129,716.0914114519288,120.0
EIR,0,40,3295026522809611131,gateway_calibration,sweep:inference_delay=120.0,686.4953146838541,144,716.0914114519288,120.0
EIR,0,41,190120081133343260,gateway_calibration,sweep:inference_delay=120.0,668.1578894964842,135,716.0914114519288,120.0
EIR,0,42,4574787343486799036,gateway_calibration,sweep:inference_delay=120.0,693.1848616935034,142,716.0914114519288,120.0
EIR,0,43,6605426027220966756,gateway_calibration,sweep:inference_delay=120.0,437.01225829066135,121,716.0914114519288,120.0
EIR,0,44,2623762011001900907,gateway_calibration,sweep:inference_delay=120.0,532.4758789689162,116,716.0914114519288,120.0
EIR,0,45,8096278851507169098,gateway_calibration,sweep:inference_delay=120.0,536.5813694777945,119,716.0914114519288,120.0
EIR,0,46,2756737274613203563,gateway_calibration,sweep:inference_delay=120.0,520.1264126158907,123,716.0914114519288,120.0
EIR,0,47,6350397072227189226,gateway_calibration,sweep:inference_delay=120.0,404.50126537120843,114,716.0914114519288,120.0
EIR,0,48,3005347417830014128,gateway_calibration,sweep:inference_delay=120.0,663.8060167247194,132,716.0914114519288,120.0
EIR,0,49,1849408098025923139,gateway_calibration,sweep:inference_delay=120.0,614.253156481551,148,716.0914114519288,120.0
EIR,0,50,3737944776819637884,gateway_calibration,sweep:inference_delay=120.0,484.3351438692267,109,716.0914114519288,120.0
EIR,0,51,2262621732906907656,gateway_calibration,sweep:inference_delay=120.0,531.1749316570507,113,716.0914114519288,120.0
EIR,0,52,2995819816870064849,gateway_calibration,sweep:inference_delay=120.0,604.5306619666392,145,716.0914114519288,120.0
EIR,0,53,3728515986524797229,gateway_calibration,sweep:inference_delay=120.0,773.6934917216169,133,716.0914114519288,120.0
EIR,0,54,1765010940803072852,gateway_calibration,sweep:inference_delay=120.0,569.993519669481,118,716.0914114519288,120.0
EIR,0,55,4923675351607621738,gateway_calibration,sweep:inference_delay=120.0,617.6307865627524,119,716.0914114519288,120.0
EIR,0,56,1397266726594196858,gateway_calibration,sweep:inference_delay=120.0,524.0050240898082,119,716.0914114519288,120.0
EIR,0,57,4209694591982713694,gateway_calibration,sweep:inference_delay=120.0,544.0588526991082,131,716.0914114519288,120.0
EIR,0,58,3279996204145041100,gateway_calibration,sweep:inference_delay=120.0,591.8784027423086,129,716.0914114519288,120.0
EIR,0,59,5116252182003053622,gateway_calibration,sweep:inference_delay=120.0,534.4326204006231,119,716.0914114519288,120.0
EIR,0,60,4341501562650100615,gateway_calibration,sweep:inference_delay=120.0,408.01882263051664,93,716.0914114519288,120.0
EIR,0,61,3240875435387170686,gateway_calibration,sweep:inference_delay=120.0,578.9089295188751,126,716.0914114519288,120.0
EIR,0,62,7479355200999873314,gateway_calibration,sweep:inference_delay=120.0,439.90191525649016,101,716.0914114519288,120.0
EIR,0,63,6731136510474628045,gateway_calibration,sweep:inference_delay=120.0,587.0111079887517,128,716.0914114519288,120.0
EIR,0,64,8872175733939082526,gateway_calibration,sweep:inference_delay=120.0,591.0146216582183,102,716.0914114519288,120.0
EIR,0,65,4944610821067332083,gateway_calibration,sweep:inference_delay=120.0,626.3253694969875,114,716.0914114519288,120.0
EIR,0,66,954649918214741151,gateway_calibration,sweep:inference_delay=120.0,603.3749500403151,110,716.0914114519288,120.0
EIR,0,67,2794068681305138267,gateway_calibration,sweep:inference_delay=120.0,514.0949707792967,126,716.0914114519288,120.0
EIR,0,68,9067777111824440710,gateway_calibration,sweep:inference_delay=120.0,461.742580029517,123,716.0914114519288,120.0
EIR,0,69,8452729685612985944,gateway_calibration,sweep:inference_delay=120.0,584.3372054435787,118,716.0914114519288,120.0
EIR,0,70,181145910553420059,gateway_calibration,sweep:inference_delay=120.0,686.1387866378519,131,716.0914114519288,120.0
EIR,0,71,5717030231500496223,gateway_calibration,sweep:inference_delay=120.0,564.9707547820449,142,716.0914114519288,120.0
EIR,0,72,2006358750043754697,gateway_calibration,sweep:inference_delay=120.0,560.9975191834914,120,716.0914114519288,120.0
EIR,0,73,6602814385525237300,gateway_calibration,sweep:inference_delay=120.0,488.6780187847388,112,716.0914114519288,120.0
EIR,0,74,5300542729743427717,gateway_calibration,sweep:inference_delay=120.0,495.7516334476228,112,716.0914114519288,120.0
EIR,0,75,5977656651490336794,gateway_calibration,sweep:inference_delay=120.0,511.1021961430216,127,716.0914114519288,120.0
EIR,0,76,7188665872288134226,gateway_calibration,sweep:inference_delay=120.0,546.7989087630144,137,716.0914114519288,120.0
EIR,0,77,7376263044572863579,gateway_calibration,sweep:inference_delay=120.0,509.8005943639573,119,716.0914114519288,120.0
EIR,0,78,2345616737724320884,gateway_calibration,sweep:inference_delay=120.0,426.573002309211,131,716.0914114519288,120.0
EIR,0,79,5707217177699820007,gateway_calibration,sweep:inference_delay=120.0,540.308548954349,117,716.0914114519288,120.0
EIR,0,80,8057888347752520338,gateway_calibration,sweep:inference_delay=120.0,485.9711757790596,115,716.0914114519288,120.0
EIR,0,81,6496818809215510478,gateway_calibration,sweep:inference_delay=120.0,555.426488338754,117,716.0914114519288,120.0
EIR,0,82,870444610220634545,gateway_calibration,sweep:inference_delay=120.0,717.7967883450242,122,716.0914114519288,120.0
EIR,0,83,1535784564813827840,gateway_calibration,sweep:inference_delay=120.0,496.55641579493965,118,716.0914114519288,120.0
EIR,0,84,3594576687878915603,gateway_calibration,sweep:inference_delay=120.0,760.0326620676377,123,716.0914114519288,120.0
EIR,0,85,554925909877903392,gateway_calibration,sweep:inference_delay=120.0,524.3807860070559,118,716.0914114519288,120.0
EIR,0,86,265912523015110492,gateway_calibration,sweep:inference_delay=120.0,340.8948042348391,116,716.0914114519288,120.0
EIR,0,87,114971434828024289,gateway_calibration,sweep:inference_delay=120.0,567.3938113221334,118,716.0914114519288,120.0
EIR,0,88,9003514082571586289,gateway_calibration,sweep:inference_delay=120.0,627.908867476277,113,716.0914114519288,120.0
EIR,0,89,6947414167365596755,gateway_calibration,sweep:inference_delay=120.0,539.1728773005864,124,716.0914114519288,120.0
EIR,0,90,6273248317596974121,gateway_calibration,sweep:inference_delay=120.0,560.1752680070455,127,716.0914114519288,120.0
EIR,0,91,7113739890253909491,gateway_calibration,sweep:inference_delay=120.0,554.1256643856003,138,716.0914114519288,120.0
EIR,0,92,7150950187368213008,gateway_calibration,sweep:inference_delay=120.0,587.169239001716,126,716.0914114519288,120.0
EIR,0,93,4545838888737097159,gateway_calibration,sweep:inference_delay=120.0,670.355794427794,131,716.0914114519288,120.0
EIR,0,94,2693267282068812368,gateway_calibration,sweep:inference_delay=120.0,724.3279504245755,141,716.0914114519288,120.0
EIR,0,95,8401534751514855770,gateway_calibration,sweep:inference_delay=120.0,516.7692177375245,124,716.0914114519288,120.0
EIR,0,96,3582378367471849773,gateway_calibration,sweep:inference_delay=120.0,545.1783321294263,129,716.0914114519288,120.0
EIR,0,97,2420665028120152050,gateway_calibration,sweep:inference_delay=120.0,641.7586690346391,114,716.0914114519288,120.0
EIR,0,98,8995442771252414579,gateway_calibration,sweep:inference_delay=120.0,719.3727293110167,126,716.0914114519288,120.0
EIR,0,99,3895060447910631949,gateway_calibration,sweep:inference_delay=120.0,729.2292979926217,121,716.0914114519288,120.0
EIR,0,100,8264888329648885073,gateway_calibration,sweep:inference_delay=120.0,550.0413374290815,125,716.0914114519288,120.0
EIR,0,101,7274610738412725698,gateway_calibration,sweep:inference_delay=120.0,540.7720567517124,118,716.0914114519288,120.0
EIR,0,102,3625171039433202342,gateway_calibration,sweep:inference_delay=120.0,527.3199519778635,104,716.0914114519288,120.0
EIR,0,103,8352058444654392896,gateway_calibration,sweep:inference_delay=120.0,537.757733367039,136,716.0914114519288,120.0
EIR,0,104,684053446764385831,gateway_calibration,sweep:inference_delay=120.0,493.5583946239883,116,716.0914114519288,120.0
EIR,0,105,7268435109048244160,gateway_calibration,sweep:inference_delay=120.0,517.6514430858447,136,716.0914114519288,120.0
EIR,0,106,1604451260809304742,gateway_calibration,sweep:inference_delay=120.0,724.6013429154646,140,716.0914114519288,120.0
EIR,0,107,7651845589855276591,gateway_calibration,sweep:inference_delay=120.0,744.5226584529369,144,716.0914114519288,120.0
EIR,0,108,1414614157738789589,gateway_calibration,sweep:inference_delay=120.0,468.51221776634395,108,716.0914114519288,120.0
EIR,0,109,4914147933676431607,gateway_calibration,sweep:inference_delay=120.0,620.8248435713786,116,716.0914114519288,120.0
EIR,0,110,2570222592833390480,gateway_calibration,sweep:inference_delay=120.0,581.8144075586353,119,716.0914114519288,120.0
EIR,0,111,7990502665982586688,gateway_calibration,sweep:inference_delay=120.0,603.5777977634283,147,716.0914114519288,120.0
EIR,0,112,3805035063534601021,gateway_calibration,sweep:inference_delay=120.0,387.98300954744514,101,716.0914114519288,120.0
EIR,0,113,4417044920089852412,gateway_calibration,sweep:inference_delay=120.0,557.8888369213339,130,716.0914114519288,120.0
EIR,0,114,6334807533502451717,gateway_calibration,sweep:inference_delay=120.0,525.6949104143599,104,716.0914114519288,120.0
EIR,0,115,7524984460206993043,gateway_calibration,sweep:inference_delay=120.0,540.8910122782247,117,716.0914114519288,120.0
EIR,0,116,3124828781285962871,gateway_calibration,sweep:inference_delay=120.0,686.3756178186296,136,716.0914114519288,120.0
EIR,0,117,1767474675873701535,gateway_calibration,sweep:inference_delay=120.0,460.5709563011279,127,716.0914114519288,120.0
EIR,0,118,8973797561283388546,gateway_calibration,sweep:inference_delay=120.0,532.1789053740604,130,716.0914114519288,120.0
EIR,0,119,4307046673896554036,gateway_calibration,sweep:inference_delay=120.0,565.9533735733701,129,716.0914114519288,120.0
EIR,0,120,8038140248790287795,gateway_calibration,sweep:inference_delay=120.0,764.5392661333939,145,716.0914114519288,120.0
EIR,0,121,3566246839156152055,gateway_calibration,sweep:inference_delay=120.0,494.55747239595183,113,716.0914114519288,120.0
EIR,0,122,6801862266734305162,gateway_calibration,sweep:inference_delay=120.0,519.1287394955099,122,716.0914114519288,120.0
EIR,0,123,3350043528928066806,gateway_calibration,sweep:inference_delay=120.0,535.4808491745008,144,716.0914114519288,120.0
EIR,0,124,349327036036519238,gateway_calibration,sweep:inference_delay=120.0,560.2179397486829,136,716.0914114519288,120.0
EIR,0,125,4585850751453145332,gateway_calibration,sweep:inference_delay=120.0,674.560547894207,135,716.0914114519288,120.0
EIR,0,126,5992033390853803272,gateway_calibration,sweep:inference_delay=120.0,744.2818386426585,131,716.0914114519288,120.0
EIR,0,127,6280689151977863024,gateway_calibration,sweep:inference_delay=120.0,463.7383732009256,114,716.0914114519288,120.0
EIR,0,128,3744522835747781419,gateway_calibration,sweep:inference_delay=120.0,540.706698638404,104,716.0914114519288,120.0
EIR,0,129,22604107074164959,gateway_calibration,sweep:inference_delay=120.0,656.9004847694657,120,716.0914114519288,120.0
EIR,0,130,7811823912934367967,gateway_calibration,sweep:inference_delay=120.0,524.0890627578391,122,716.0914114519288,120.0
EIR,0,131,1855618440851964815,gateway_calibration,sweep:inference_delay=120.0,734.8884119822799,142,716.0914114519288,120.0
EIR,0,132,6654031255743330119,gateway_calibration,sweep:inference_delay=120.0,525.0466972859282,129,716.0914114519288,120.0
EIR,0,133,2309284370004846551,gateway_calibration,sweep:inference_delay=120.0,460.1341804754011,115,716.0914114519288,120.0
EIR,0,134,7948265674611804291,gateway_calibration,sweep:inference_delay=120.0,503.5459974743676,136,716.0914114519288,120.0
EIR,0,135,2895977809530887612,gateway_calibration,sweep:inference_delay=120.0,543.9496231772953,119,716.0914114519288,120.0
EIR,0,136,6925444871017543369,gateway_calibration,sweep:inference_delay=120.0,555.0494696104321,125,716.0914114519288,120.0
EIR,0,137,2643308760604576322,gateway_calibration,sweep:inference_delay=120.0,475.55951643715275,118,716.0914114519288,120.0
EIR,0,138,3265759630407072829,gateway_calibration,sweep:inference_delay=120.0,663.9684467474021,130,716.0914114519288,120.0
EIR,0,139,6324336961074959945,gateway_calibration,sweep:inference_delay=120.0,560.5724901693354,122,716.0914114519288,120.0
EIR,0,140,2400380402600603884,gateway_calibration,sweep:inference_delay=120.0,543.4749161227345,121,716.0914114519288,120.0
EIR,0,141,1229116711477621676,gateway_calibration,sweep:inference_delay=120.0,637.4904237025315,154,716.0914114519288,120.0
EIR,0,142,1715389922696898590,gateway_calibration,sweep:inference_delay=120.0,538.2667338632422,119,716.0914114519288,120.0
EIR,0,143,7648311482766512494,gateway_calibration,sweep:inference_delay=120.0,619.3404409877876,122,716.0914114519288,120.0
EIR,0,144,6531868126715391925,gateway_calibration,sweep:inference_delay=120.0,648.7515327836475,125,716.0914114519288,120.0
EIR,0,145,7697727226795877055,gateway_calibration,sweep:inference_delay=120.0,826.35434171394,133,716.0914114519288,120.0
EIR,0,146,7139343216672780697,gateway_calibration,sweep:inference_delay=120.0,547.5945464924399,131,716.0914114519288,120.0
EIR,0,147,4171352737666312076,gateway_calibration,sweep:inference_delay=120.0,441.7498621046772,129,716.0914114519288,120.0
EIR,0,148,3203909840178936063,gateway_calibration,sweep:inference_delay=120.0,532.3164312602079,116,716.0914114519288,120.0
EIR,0,149,5847051986289619065,gateway_calibration,sweep:inference_delay=120.0,502.2959422487402,114,716.0914114519288,120.0
EIR,0,150,2478305579768410870,gateway_calibration,sweep:inference_delay=120.0,655.8230717051582,137,716.0914114519288,120.0
EIR,0,151,3957306658479476702,gateway_calibration,sweep:inference_delay=120.0,651.6725170463203,130,716.0914114519288,120.0
EIR,0,152,2746480323654583224,gateway_calibration,sweep:inference_delay=120.0,597.4673292001247,121,716.0914114519288,120.0
EIR,0,153,6398403096932459155,gateway_calibration,sweep:inference_delay=120.0,567.2138661076204,119,716.0914114519288,120.0
EIR,0,154,6675510495501789471,gateway_calibration,sweep:inference_delay=120.0,644.6657608328462,125,716.0914114519288,120.0
EIR,0,155,494270940587192159,gateway_calibration,sweep:inference_delay=120.0,488.86007930632417,119,716.0914114519288,120.0
EIR,0,156,1314150973648291335,gateway_calibration,sweep:inference_delay=120.0,439.5524629096128,107,716.0914114519288,120.0
EIR,0,157,1046068322981350854,gateway_calibration,sweep:inference_delay=120.0,432.58984419462456,113,716.0914114519288,120.0
EIR,0,158,7726832373723160669,gateway_calibration,sweep:inference_delay=120.0,475.26506839982073,127,716.0914114519288,120.0
EIR,0,159,6044338243883471124,gateway_calibration,sweep:inference_delay=120.0,536.9710096352865,115,716.0914114519288,120.0
EIR,0,160,3012144016836338329,gateway_calibration,sweep:inference_delay=120.0,524.8948426381654,130,716.0914114519288,120.0
EIR,0,161,3798130836065386581,gateway_calibration,sweep:inference_delay=120.0,460.6052261149711,119,716.0914114519288,120.0
EIR,0,162,8007109525245762865,gateway_calibration,sweep:inference_delay=120.0,516.2501706549233,134,716.0914114519288,120.0
EIR,0,163,8527448663960487480,gateway_calibration,sweep:inference_delay=120.0,512.5431925745352,127,716.0914114519288,120.0
EIR,0,164,9182859503065592094,gateway_calibration,sweep:inference_delay=120.0,670.936010900538,129,716.0914114519288,120.0
EIR,0,165,2989323713760396637,gateway_calibration,sweep:inference_delay=120.0,370.51607686620207,109,716.0914114519288,120.0
EIR,0,166,2794993780552368806,gateway_calibration,sweep:inference_delay=120.0,491.2547916201389,123,716.0914114519288,120.0
EIR,0,167,874322464044867744,gateway_calibration,sweep:inference_delay=120.0,479.1650700444997,112,716.0914114519288,120.0
EIR,0,168,7100594090777969737,gateway_calibration,sweep:inference_delay=120.0,563.4331959323627,127,716.0914114519288,120.0
EIR,0,169,4629037505039135906,gateway_calibration,sweep:inference_delay=120.0,661.7068115305067,154,716.0914114519288,120.0
EIR,0,170,630701263330800892,gateway_calibration,sweep:inference_delay=120.0,554.672017097546,110,716.0914114519288,120.0
EIR,0,171,8871198421946725020,gateway_calibration,sweep:inference_delay=120.0,465.3234074930531,131,716.0914114519288,120.0
EIR,0,172,8912138531917728012,gateway_calibration,sweep:inference_delay=120.0,546.6764752251255,124,716.0914114519288,120.0
EIR,0,173,3653869330978086845,gateway_calibration,sweep:inference_delay=120.0,486.2582938432992,120,716.0914114519288,120.0
EIR,0,174,2912656082320696213,gateway_calibration,sweep:inference_delay=120.0,385.17581791553414,115,716.0914114519288,120.0
EIR,0,175,1103808177218260850,gateway_calibration,sweep:inference_delay=120.0,483.6140249695928,108,716.0914114519288,120.0
EIR,0,176,2607542736586343506,gateway_calibration,sweep:inference_delay=120.0,567.607852157129,119,716.0914114519288,120.0
EIR,0,177,5401839981527236179,gateway_calibration,sweep:inference_delay=120.0,451.6398577194217,126,716.0914114519288,120.0
EIR,0,178,1450702982167167399,gateway_calibration,sweep:inference_delay=120.0,313.7432992251117,98,716.0914114519288,120.0
EIR,0,179,7908275443879586133,gateway_calibration,sweep:inference_delay=120.0,455.3773020181044,114,716.0914114519288,120.0
EIR,0,180,3600684947555163035,gateway_calibration,sweep:inference_delay=120.0,439.7088336814436,117,716.0914114519288,120.0
EIR,0,181,4178242610893716375,gateway_calibration,sweep:inference_delay=120.0,508.36267753166646,127,716.0914114519288,120.0
EIR,0,182,4494778843327139306,gateway_calibration,sweep:inference_delay=120.0,600.8894821111162,135,716.0914114519288,120.0
EIR,0,183,2826608622401613745,gateway_calibration,sweep:inference_delay=120.0,387.9981225077625,118,716.0914114519288,120.0
EIR,0,184,7221136235133890390,gateway_calibration,sweep:inference_delay=120.0,623.4222269378757,126,716.0914114519288,120.0
EIR,0,185,3134834239808558805,gateway_calibration,sweep:inference_delay=120.0,534.7567848432974,124,716.0914114519288,120.0
EIR,0,186,6256907574798196359,gateway_calibration,sweep:inference_delay=120.0,597.0189070804488,120,716.0914114519288,120.0
EIR,0,187,6090002248537186525,gateway_calibration,sweep:inference_delay=120.0,552.170937596795,105,716.0914114519288,120.0
EIR,0,188,4585201551430038406,gateway_calibration,sweep:inference_delay=120.0,606.0879378775666,112,716.0914114519288,120.0
EIR,0,189,4063961418024661453,gateway_calibration,sweep:inference_delay=120.0,393.9955413439047,113,716.0914114519288,120.0
EIR,0,190,7392966350009478103,gateway_calibration,sweep:inference_delay=120.0,519.9895514129174,110,716.0914114519288,120.0
EIR,0,191,1492848989790091794,gateway_calibration,sweep:inference_delay=120.0,574.9753280261255,127,716.0914114519288,120.0
EIR,0,192,4101053994456336667,gateway_calibration,sweep:inference_delay=120.0,626.0922575824325,115,716.0914114519288,120.0
EIR,0,193,8074710743001151938,gateway_calibration,sweep:inference_delay=120.0,546.0882931746635,126,716.0914114519288,120.0
EIR,0,194,5212631311981154672,gateway_calibration,sweep:inference_delay=120.0,685.8038879177536,126,716.0914114519288,120.0
EIR,0,195,8908719840785199984,gateway_calibration,sweep:inference_delay=120.0,704.935135590333,140,716.0914114519288,120.0
EIR,0,196,999450169447551854,gateway_calibration,sweep:inference_delay=120.0,495.6232353429567,113,716.0914114519288,120.0
EIR,0,197,7125862823855781758,gateway_calibration,sweep:inference_delay=120.0,645.391215810648,143,716.0914114519288,120.0
EIR,0,198,3965643102500890651,gateway_calibration,sweep:inference_delay=120.0,567.2577575687953,125,716.0914114519288,120.0
EIR,0,199,6932222452324672083,gateway_calibration,sweep:inference_delay=120.0,562.3804666543115,129,716.0914114519288,120.0
EIR,0,200,5131547027963983215,gateway_calibration,sweep:inference_delay=120.0,473.29304268098315,123,716.0914114519288,120.0
EIR,0,201,8795956433253082031,gateway_calibration,sweep:inference_delay=120.0,659.0712472148186,135,716.0914114519288,120.0
EIR,0,202,5586803065317287809,gateway_calibration,sweep:inference_delay=120.0,442.22780256320476,126,716.0914114519288,120.0
EIR,0,203,7631054467362521232,gateway_calibration,sweep:inference_delay=120.0,539.7712911186339,124,716.0914114519288,120.0
EIR,0,204,6979455941945298785,gateway_calibration,sweep:inference_delay=120.0,562.6567690909249,117,716.0914114519288,120.0
EIR,0,205,3215455092438663344,gateway_calibration,sweep:inference_delay=120.0,563.467913143218,114,716.0914114519288,120.0
EIR,0,206,3434548944717048963,gateway_calibration,sweep:inference_delay=120.0,658.460698878969,124,716.0914114519288,120.0
EIR,0,207,3801140529048407208,gateway_calibration,sweep:inference_delay=120.0,525.6659687437857,105,716.0914114519288,120.0
EIR,0,208,4650610890705572386,gateway_calibration,sweep:inference_delay=120.0,628.1202665564305,114,716.0914114519288,120.0
EIR,0,209,4352460632243557309,gateway_calibration,sweep:inference_delay=120.0,627.7552601714968,143,716.0914114519288,120.0
EIR,0,210,9110062983510645812,gateway_calibration,sweep:inference_delay=120.0,562.8861624771412,119,716.0914114519288,120.0
EIR,0,211,6201333201696179521,gateway_calibration,sweep:inference_delay=120.0,585.6044482655623,132,716.0914114519288,120.0
EIR,0,212,3020690967515742441,gateway_calibration,sweep:inference_delay=120.0,615.3916022563751,126,716.0914114519288,120.0
EIR,0,213,5113598565957210646,gateway_calibration,sweep:inference_delay=120.0,553.6489647575783,123,716.0914114519288,120.0
EIR,0,214,5901440036817739874,gateway_calibration,sweep:inference_delay=120.0,467.76459991240364,124,716.0914114519288,120.0
EIR,0,215,7236115084614346493,gateway_calibration,sweep:inference_delay=120.0,532.4895486144086,128,716.0914114519288,120.0
EIR,0,216,6312640476743377220,gateway_calibration,sweep:inference_delay=120.0,550.612247686611,134,716.0914114519288,120.0
EIR,0,217,306681076932402718,gateway_calibration,sweep:inference_delay=120.0,499.22406659118997,116,716.0914114519288,120.0
EIR,0,218,6156217252091306802,gateway_calibration,sweep:inference_delay=120.0,579.6812904533857,138,716.0914114519288,120.0
EIR,0,219,8264284432273424094,gateway_calibration,sweep:inference_delay=120.0,520.9591721257013,114,716.0914114519288,120.0
EIR,0,220,4189708814111903148,gateway_calibration,sweep:inference_delay=120.0,401.0222360129525,103,716.0914114519288,120.0
EIR,0,221,7889772267027158736,gateway_calibration,sweep:inference_delay=120.0,473.6408515226872,116,716.0914114519288,120.0
EIR,0,222,7108543156613227755,gateway_calibration,sweep:inference_delay=120.0,601.3053287120589,142,716.0914114519288,120.0
EIR,0,223,9042358047221550168,gateway_calibration,sweep:inference_delay=120.0,473.4176442811353,109,716.0914114519288,120.0
EIR,0,224,7705833442954675368,gateway_calibration,sweep:inference_delay=120.0,646.9968315636108,135,716.0914114519288,120.0
EIR,0,225,3398952373332817631,gateway_calibration,sweep:inference_delay=120.0,735.9495837225481,122,716.0914114519288,120.0
EIR,0,226,6379903412322593579,gateway_calibration,sweep:inference_delay=120.0,618.9839105609327,122,716.0914114519288,120.0
EIR,0,227,9012033674670575392,gateway_calibration,sweep:inference_delay=120.0,728.2852760233703,127,716.0914114519288,120.0
EIR,0,228,122473416203944900,gateway_calibration,sweep:inference_delay=120.0,519.129184081312,136,716.0914114519288,120.0
EIR,0,229,4940575097158153538,gateway_calibration,sweep:inference_delay=120.0,514.4869821028667,130,716.0914114519288,120.0
EIR,0,230,664636542461107033,gateway_calibration,sweep:inference_delay=120.0,565.4814279117908,120,716.0914114519288,120.0
EIR,0,231,7797235987269723090,gateway_calibration,sweep:inference_delay=120.0,515.0514300409035,139,716.0914114519288,120.0
EIR,0,232,1879781091084643382,gateway_calibration,sweep:inference_delay=120.0,682.127447294166,120,716.0914114519288,120.0
EIR,0,233,4714659863506023876,gateway_calibration,sweep:inference_delay=120.0,559.4477275301698,137,716.0914114519288,120.0
EIR,0,234,7804705855740254499,gateway_calibration,sweep:inference_delay=120.0,544.3879304670728,129,716.0914114519288,120.0
EIR,0,235,8095260548169304391,gateway_calibration,sweep:inference_delay=120.0,726.5906551283076,135,716.0914114519288,120.0
EIR,0,236,906194003259344186,gateway_calibration,sweep:inference_delay=120.0,695.0387062524711,138,716.0914114519288,120.0
EIR,0,237,6032627608173626597,gateway_calibration,sweep:inference_delay=120.0,595.4886993874167,124,716.0914114519288,120.0
EIR,0,238,3738554641044770615,gateway_calibration,sweep:inference_delay=120.0,673.8349411491639,136,716.0914114519288,120.0
EIR,0,239,3476742330592022135,gateway_calibration,sweep:inference_delay=120.0,577.951969761448,125,716.0914114519288,120.0
EIR,0,240,5316200749281988572,gateway_calibration,sweep:inference_delay=120.0,482.4048049185121,119,716.0914114519288,120.0
EIR,0,241,2190819566577267643,gateway_calibration,sweep:inference_delay=120.0,454.9727352208863,97,716.0914114519288,120.0
EIR,0,242,857814540465728394,gateway_calibration,sweep:inference_delay=120.0,466.259120901061,126,716.0914114519288,120.0
EIR,0,243,109803938375533372,gateway_calibration,sweep:inference_delay=120.0,559.1414742937876,125,716.0914114519288,120.0
EIR,0,244,6449002674717386074,gateway_calibration,sweep:inference_delay=120.0,756.2030390351929,131,716.0914114519288,120.0
EIR,0,245,6215265584772556378,gateway_calibration,sweep:inference_delay=120.0,586.7792350524987,125,716.0914114519288,120.0
EIR,0,246,199577232507299735,gateway_calibration,sweep:inference_delay=120.0,568.0482661480529,108,716.0914114519288,120.0
EIR,0,247,3297804610065436098,gateway_calibration,sweep:inference_delay=120.0,410.2818690719031,110,716.0914114519288,120.0
EIR,0,248,8907551494262326324,gateway_calibration,sweep:inference_delay=120.0,501.82547972400926,126,716.0914114519288,120.0
EIR,0,249,1529709659005367054,gateway_calibration,sweep:inference_delay=120.0,592.3494246048937,121,716.0914114519288,120.0
EIR,0,250,7884667387257020777,gateway_calibration,sweep:inference_delay=120.0,704.772916176076,138,716.0914114519288,120.0
EIR,0,251,8726530387776396798,gateway_calibration,sweep:inference_delay=120.0,630.1350437289585,118,716.0914114519288,120.0
EIR,0,252,1433911575792678866,gateway_calibration,sweep:inference_delay=120.0,488.9750359244136,138,716.0914114519288,120.0
EIR,0,253,8710010161275645775,gateway_calibration,sweep:inference_delay=120.0,512.3361340643719,108,716.0914114519288,120.0
EIR,0,254,9170084412448947529,gateway_calibration,sweep:inference_delay=120.0,617.9458512522654,112,716.0914114519288,120.0
EIR,0,255,6091439753238647021,gateway_calibration,sweep:inference_delay=120.0,632.9769688641281,125,716.0914114519288,120.0
EIR,0,256,4958860573296819115,gateway_calibration,sweep:inference_delay=120.0,535.2811405467702,127,716.0914114519288,120.0
EIR,0,257,6874253744034462075,gateway_calibration,sweep:inference_delay=120.0,505.02020726326907,101,716.0914114519288,120.0
EIR,0,258,408698351800002150,gateway_calibration,sweep:inference_delay=120.0,514.2043000707831,120,716.0914114519288,120.0
EIR,0,259,7114059880909457078,gateway_calibration,sweep:inference_delay=120.0,497.6055536876389,106,716.0914114519288,120.0
EIR,0,260,3448280226404936529,gateway_calibration,sweep:inference_delay=120.0,579.5640343106791,124,716.0914114519288,120.0
EIR,0,261,5872279131893372988,gateway_calibration,sweep:inference_delay=120.0,389.006402735912,112,716.0914114519288,120.0
EIR,0,262,4627364965127169209,gateway_calibration,sweep:inference_delay=120.0,508.3489561120024,117,716.0914114519288,120.0
EIR,0,263,2817182897332708445,gateway_calibration,sweep:inference_delay=120.0,652.8987457566644,139,716.0914114519288,120.0
EIR,0,264,3226495020468035601,gateway_calibration,sweep:inference_delay=120.0,517.4854413655517,131,716.0914114519288,120.0
EIR,0,265,1891893400209499536,gateway_calibration,sweep:inference_delay=120.0,675.4499056538161,135,716.0914114519288,120.0
EIR,0,266,7186354472000501983,gateway_calibration,sweep:inference_delay=120.0,558.3775074432926,138,716.0914114519288,120.0
EIR,0,267,3398097153274306013,gateway_calibration,sweep:inference_delay=120.0,541.9130222433628,123,716.0914114519288,120.0
EIR,0,268,7079618195772881812,gateway_calibration,sweep:inference_delay=120.0,761.3406283577934,132,716.0914114519288,120.0
EIR,0,269,1281974242019890468,gateway_calibration,sweep:inference_delay=120.0,561.5010107835955,127,716.0914114519288,120.0
EIR,0,270,1668979423577633302,gateway_calibration,sweep:inference_delay=120.0,626.8561931264412,130,716.0914114519288,120.0
EIR,0,271,8822582446820559509,gateway_calibration,sweep:inference_delay=120.0,660.2643397013646,126,716.0914114519288,120.0
EIR,0,272,7453523994327535760,gateway_calibration,sweep:inference_delay=120.0,598.9375038364698,123,716.0914114519288,120.0
EIR,0,273,7710916241064065990,gateway_calibration,sweep:inference_delay=120.0,604.5517651314913,136,716.0914114519288,120.0
EIR,0,274,6539162118770290116,gateway_calibration,sweep:inference_delay=120.0,614.4034735386118,138,716.0914114519288,120.0
EIR,0,275,9007356165936029249,gateway_calibration,sweep:inference_delay=120.0,615.5236962400734,117,716.0914114519288,120.0
EIR,0,276,5850868262486113660,gateway_calibration,sweep:inference_delay=120.0,546.5835218586815,122,716.0914114519288,120.0
EIR,0,277,7268909925070436634,gateway_calibration,sweep:inference_delay=120.0,604.1941264405458,108,716.0914114519288,120.0
EIR,0,278,5430337678375502373,gateway_calibration,sweep:inference_delay=120.0,402.36435325861487,108,716.0914114519288,120.0
EIR,0,279,8281359645921020172,gateway_calibration,sweep:inference_delay=120.0,536.004701935811,118,716.0914114519288,120.0
EIR,0,280,7474852812176008087,gateway_calibration,sweep:inference_delay=120.0,516.6933094186853,119,716.0914114519288,120.0
EIR,0,281,948484256977648338,gateway_calibration,sweep:inference_delay=120.0,551.9345366624285,119,716.0914114519288,120.0
EIR,0,282,4373062170352625796,gateway_calibration,sweep:inference_delay=120.0,443.67347544580275,113,716.0914114519288,120.0
EIR,0,283,2010434461530052851,gateway_calibration,sweep:inference_delay=120.0,573.6975633861832,151,716.0914114519288,120.0
EIR,0,284,8100330337422475980,gateway_calibration,sweep:inference_delay=120.0,513.884602184003,99,716.0914114519288,120.0
EIR,0,285,8700526850317622350,gateway_calibration,sweep:inference_delay=120.0,550.7470852108572,118,716.0914114519288,120.0
EIR,0,286,239344597376704809,gateway_calibration,sweep:inference_delay=120.0,541.5935220148164,122,716.0914114519288,120.0
EIR,0,287,7208117757902773816,gateway_calibration,sweep:inference_delay=120.0,384.87867985199887,105,716.0914114519288,120.0
EIR,0,288,8196379105820061157,gateway_calibration,sweep:inference_delay=120.0,635.2647858511515,129,716.0914114519288,120.0
EIR,0,289,607845435956440232,gateway_calibration,sweep:inference_delay=120.0,543.7380503377905,124,716.0914114519288,120.0
EIR,0,290,1966496262722936813,gateway_calibration,sweep:inference_delay=120.0,568.8651876890231,129,716.0914114519288,120.0
EIR,0,291,3538681840675748965,gateway_calibration,sweep:inference_delay=120.0,519.9471398827985,122,716.0914114519288,120.0
EIR,0,292,1463054627243614100,gateway_calibration,sweep:inference_delay=120.0,615.5797787870624,122,716.0914114519288,120.0
EIR,0,293,3266938492871088362,gateway_calibration,sweep:inference_delay=120.0,521.7291599603545,129,716.0914114519288,120.0
EIR,0,294,6307345622284421562,gateway_calibration,sweep:inference_delay=120.0,520.0048318416108,117,716.0914114519288,120.0
EIR,0,295,7249330951015271482,gateway_calibration,sweep:inference_delay=120.0,450.956210809738,113,716.0914114519288,120.0
EIR,0,296,4336001068304131232,gateway_calibration,sweep:inference_delay=120.0,566.5064603636639,115,716.0914114519288,120.0
EIR,0,297,2299533976421598545,gateway_calibration,sweep:inference_delay=120.0,431.89333167036204,117,716.0914114519288,120.0
EIR,0,298,3240096295067119963,gateway_calibration,sweep:inference_delay=120.0,498.10149811806855,112,716.0914114519288,120.0
EIR,0,299,6947517536517669413,gateway_calibration,sweep:inference_delay=120.0,452.8213787669676,116,716.0914114519288,120.0
EIR,0,300,3615274215111648575,gateway_calibration,sweep:inference_delay=120.0,385.0061796088727,102,716.0914114519288,120.0
EIR,0,301,8601699498832652966,gateway_calibration,sweep:inference_delay=120.0,690.8322883790034,132,716.0914114519288,120.0
EIR,0,302,6498947026691221311,gateway_calibration,sweep:inference_delay=120.0,568.2342129356168,133,716.0914114519288,120.0
EIR,0,303,2023830876125335412,gateway_calibration,sweep:inference_delay=120.0,467.43183698435905,123,716.0914114519288,120.0
EIR,0,304,6668057049205785508,gateway_calibration,sweep:inference_delay=120.0,539.790225651187,118,716.0914114519288,120.0
EIR,0,305,972426871952470794,gateway_calibration,sweep:inference_delay=120.0,533.3527865828386,117,716.0914114519288,120.0
EIR,0,306,4085980888004490386,gateway_calibration,sweep:inference_delay=120.0,449.7508042762263,128,716.0914114519288,120.0
EIR,0,307,5899060696247741828,gateway_calibration,sweep:inference_delay=120.0,495.79730303657993,130,716.0914114519288,120.0
EIR,0,308,6716881207755170120,gateway_calibration,sweep:inference_delay=120.0,500.4875507440401,120,716.0914114519288,120.0
EIR,0,309,2913033553703153339,gateway_calibration,sweep:inference_delay=120.0,589.1125119905757,131,716.0914114519288,120.0
EIR,0,310,6472430399910470893,gateway_calibration,sweep:inference_delay=120.0,542.6975858667297,121,716.0914114519288,120.0
EIR,0,311,5786538029600997702,gateway_calibration,sweep:inference_delay=120.0,687.6338849562075,123,716.0914114519288,120.0
EIR,0,312,9194421470345674394,gateway_calibration,sweep:inference_delay=120.0,600.4739575046331,130,716.0914114519288,120.0
EIR,0,313,4594121479844421633,gateway_calibration,sweep:inference_delay=120.0,468.7892684366284,126,716.0914114519288,120.0
EIR,0,314,8208745424675179099,gateway_calibration,sweep:inference_delay=120.0,622.7660955022764,112,716.0914114519288,120.0
EIR,0,315,8091692001852291938,gateway_calibration,sweep:inference_delay=120.0,569.4010008964696,119,716.0914114519288,120.0
EIR,0,316,8198648240195395918,gateway_calibration,sweep:inference_delay=120.0,503.2035015071256,124,716.0914114519288,120.0
EIR,0,317,7249583067471668859,gateway_calibration,sweep:inference_delay=120.0,506.73846002749104,125,716.0914114519288,120.0
EIR,0,318,3837137836462479129,gateway_calibration,sweep:inference_delay=120.0,714.6915879064496,128,716.0914114519288,120.0
EIR,0,319,6539991850880362014,gateway_calibration,sweep:inference_delay=120.0,567.883646467598,108,716.0914114519288,120.0
EIR,0,320,2224697815941001946,gateway_calibration,sweep:inference_delay=120.0,502.4712156680386,128,716.0914114519288,120.0
EIR,0,321,6114963703611859362,gateway_calibration,sweep:inference_delay=120.0,643.8668563302956,130,716.0914114519288,120.0
EIR,0,322,195140210401165787,gateway_calibration,sweep:inference_delay=120.0,680.3550489277927,140,716.0914114519288,120.0
EIR,0,323,6659619998631776941,gateway_calibration,sweep:inference_delay=120.0,515.319479465539,119,716.0914114519288,120.0
EIR,0,324,7120813819222659707,gateway_calibration,sweep:inference_delay=120.0,615.2717426610005,132,716.0914114519288,120.0
EIR,0,325,6774444348763995658,gateway_calibration,sweep:inference_delay=120.0,484.36402684413855,109,716.0914114519288,120.0
EIR,0,326,4850043671201831257,gateway_calibration,sweep:inference_delay=120.0,512.577113855997,115,716.0914114519288,120.0
EIR,0,327,7806357730825919044,gateway_calibration,sweep:inference_delay=120.0,605.5225645322449,123,716.0914114519288,120.0
EIR,0,328,5501563936572777030,gateway_calibration,sweep:inference_delay=120.0,473.5089576242716,121,716.0914114519288,120.0
EIR,0,329,4114176341225639366,gateway_calibration,sweep:inference_delay=120.0,576.9736395984165,114,716.0914114519288,120.0
EIR,0,330,8423063922294622079,gateway_calibration,sweep:inference_delay=120.0,535.3561291678755,115,716.0914114519288,120.0
EIR,0,331,963155771364400202,gateway_calibration,sweep:inference_delay=120.0,636.2412797191661,117,716.0914114519288,120.0
EIR,0,332,6909447279653752656,gateway_calibration,sweep:inference_delay=120.0,596.0465242172481,132,716.0914114519288,120.0
EIR,0,333,6942379951347826786,gateway_calibration,sweep:inference_delay=120.0,584.7529764341353,122,716.0914114519288,120.0
EIR,0,334,6811899438781075660,gateway_calibration,sweep:inference_delay=120.0,543.0501597347248,123,716.0914114519288,120.0
EIR,0,335,1957473825461321269,gateway_calibration,sweep:inference_delay=120.0,509.60865381908377,118,716.0914114519288,120.0
EIR,0,336,2535395259601600383,gateway_calibration,sweep:inference_delay=120.0,557.3726900283583,134,716.0914114519288,120.0
EIR,0,337,7499345641990961458,gateway_calibration,sweep:inference_delay=120.0,457.6326365265649,120,716.0914114519288,120.0
EIR,0,338,2528873120497957601,gateway_calibration,sweep:inference_delay=120.0,615.3112031451814,129,716.0914114519288,120.0
EIR,0,339,8679936124247055674,gateway_calibration,sweep:inference_delay=120.0,729.6273843488451,138,716.0914114519288,120.0
EIR,0,340,2840468023605956744,gateway_calibration,sweep:inference_delay=120.0,414.3483637034566,110,716.0914114519288,120.0
EIR,0,341,1190338611397781600,gateway_calibration,sweep:inference_delay=120.0,590.4142602558952,111,716.0914114519288,120.0
EIR,0,342,7072305608308917306,gateway_calibration,sweep:inference_delay=120.0,553.7239059273518,121,716.0914114519288,120.0
EIR,0,343,6940384386291869062,gateway_calibration,sweep:inference_delay=120.0,647.9753505409526,133,716.0914114519288,120.0
EIR,0,344,9100927083450735115,gateway_calibration,sweep:inference_delay=120.0,569.6096798827324,118,716.0914114519288,120.0
EIR,0,345,8325319464015471457,gateway_calibration,sweep:inference_delay=120.0,517.5298966491474,140,716.0914114519288,120.0
EIR,0,346,3894299769466572410,gateway_calibration,sweep:inference_delay=120.0,716.057647168672,147,716.0914114519288,120.0
EIR,0,347,6393358636141596389,gateway_calibration,sweep:inference_delay=120.0,658.1043887394876,129,716.0914114519288,120.0
EIR,0,348,3341952981121461829,gateway_calibration,sweep:inference_delay=120.0,725.133430979747,129,716.0914114519288,120.0
EIR,0,349,7303707367493804429,gateway_calibration,sweep:inference_delay=120.0,420.76546492642234,107,716.0914114519288,120.0
EIR,0,350,4155289482649960502,gateway_calibration,sweep:inference_delay=120.0,662.4300011336935,117,716.0914114519288,120.0
EIR,0,351,8166025039485491372,gateway_calibration,sweep:inference_delay=120.0,471.882327467678,129,716.0914114519288,120.0
EIR,0,352,4337177749538546778,gateway_calibration,sweep:inference_delay=120.0,553.2287993053428,129,716.0914114519288,120.0
EIR,0,353,3464983365478709651,gateway_calibration,sweep:inference_delay=120.0,610.8214804331338,114,716.0914114519288,120.0
EIR,0,354,4181805393221580531,gateway_calibration,sweep:inference_delay=120.0,654.8830973714392,143,716.0914114519288,120.0
EIR,0,355,2016915801989093899,gateway_calibration,sweep:inference_delay=120.0,560.5047538502836,122,716.0914114519288,120.0
EIR,0,356,332739090942856489,gateway_calibration,sweep:inference_delay=120.0,637.5042782449909,119,716.0914114519288,120.0
EIR,0,357,6418239464839540574,gateway_calibration,sweep:inference_delay=120.0,563.9312461393233,147,716.0914114519288,120.0
EIR,0,358,1576100065629541018,gateway_calibration,sweep:inference_delay=120.0,714.8016336241205,131,716.0914114519288,120.0
EIR,0,359,1418964388637756277,gateway_calibration,sweep:inference_delay=120.0,581.9216015327075,123,716.0914114519288,120.0
EIR,0,360,7723648588439060272,gateway_calibration,sweep:inference_delay=120.0,572.4366450281061,127,716.0914114519288,120.0
EIR,0,361,3165070543608162582,gateway_calibration,sweep:inference_delay=120.0,563.4631510159805,112,716.0914114519288,120.0
EIR,0,362,8245906499654011511,gateway_calibration,sweep:inference_delay=120.0,630.8529667848563,129,716.0914114519288,120.0
EIR,0,363,3659487611861416895,gateway_calibration,sweep:inference_delay=120.0,589.6686839897574,108,716.0914114519288,120.0
EIR,0,364,6578913215482432805,gateway_calibration,sweep:inference_delay=120.0,502.2069742926914,127,716.0914114519288,120.0
EIR,0,365,8391582007449460846,gateway_calibration,sweep:inference_delay=120.0,522.1881044537147,119,716.0914114519288,120.0
EIR,0,366,5771692311104329529,gateway_calibration,sweep:inference_delay=120.0,550.8862329504703,132,716.0914114519288,120.0
EIR,0,367,3218013020085204010,gateway_calibration,sweep:inference_delay=120.0,491.63025637196887,124,716.0914114519288,120.0
EIR,0,368,1283546103320648778,gateway_calibration,sweep:inference_delay=120.0,570.6380835920578,122,716.0914114519288,120.0
EIR,0,369,3940613324692891259,gateway_calibration,sweep:inference_delay=120.0,527.4328087651131,116,716.0914114519288,120.0
EIR,0,370,6007484302087867777,gateway_calibration,sweep:inference_delay=120.0,531.6162306130556,124,716.0914114519288,120.0
EIR,0,371,485243909634237452,gateway_calibration,sweep:inference_delay=120.0,523.3724004990195,122,716.0914114519288,120.0
EIR,0,372,7815247250523029036,gateway_calibration,sweep:inference_delay=120.0,447.80356943614277,104,716.0914114519288,120.0
EIR,0,373,2285456286036941059,gateway_calibration,sweep:inference_delay=120.0,635.1424149574862,126,716.0914114519288,120.0
EIR,0,374,1364554825991949622,gateway_calibration,sweep:inference_delay=120.0,542.7630349030723,131,716.0914114519288,120.0
EIR,0,375,1107280333031586721,gateway_calibration,sweep:inference_delay=120.0,551.0208196939966,121,716.0914114519288,120.0
EIR,0,376,6396355708942284405,gateway_calibration,sweep:inference_delay=120.0,505.18935757351085,132,716.0914114519288,120.0
EIR,0,377,8934455783887412238,gateway_calibration,sweep:inference_delay=120.0,621.4188156234746,127,716.0914114519288,120.0
EIR,0,378,7555471601432773213,gateway_calibration,sweep:inference_delay=120.0,396.75808625572944,122,716.0914114519288,120.0
EIR,0,379,3548897198408580608,gateway_calibration,sweep:inference_delay=120.0,665.4366313014771,139,716.0914114519288,120.0
EIR,0,380,6443188350052175022,gateway_calibration,sweep:inference_delay=120.0,470.5971017616854,107,716.0914114519288,120.0
EIR,0,381,673342858458360326,gateway_calibration,sweep:inference_delay=120.0,599.0955592392266,120,716.0914114519288,120.0
EIR,0,382,3722576532797583272,gateway_calibration,sweep:inference_delay=120.0,737.5017289199412,130,716.0914114519288,120.0
EIR,0,383,9166809957256527404,gateway_calibration,sweep:inference_delay=120.0,504.5789959843587,119,716.0914114519288,120.0
EIR,0,384,3445631602782070954,gateway_calibration,sweep:inference_delay=120.0,429.8411792432094,117,716.0914114519288,120.0
EIR,0,385,7908017833334917964,gateway_calibration,sweep:inference_delay=120.0,452.82661798556177,115,716.0914114519288,120.0
EIR,0,386,7318014624326262181,gateway_calibration,sweep:inference_delay=120.0,570.4889256217771,135,716.0914114519288,120.0
EIR,0,387,517744888720078660,gateway_calibration,sweep:inference_delay=120.0,634.1547488905919,125,716.0914114519288,120.0
EIR,0,388,651843541374212829,gateway_calibration,sweep:inference_delay=120.0,557.4308483112704,123,716.0914114519288,120.0
EIR,0,389,5866099239119450849,gateway_calibration,sweep:inference_delay=120.0,578.5717101744876,112,716.0914114519288,120.0
EIR,0,390,6479401326892934536,gateway_calibration,sweep:inference_delay=120.0,628.2574032928575,153,716.0914114519288,120.0
EIR,0,391,4357246266682099290,gateway_calibration,sweep:inference_delay=120.0,541.4580678049392,102,716.0914114519288,120.0
EIR,0,392,1925353243008185577,gateway_calibration,sweep:inference_delay=120.0,755.0024100025776,150,716.0914114519288,120.0
EIR,0,393,2959734554237432936,gateway_calibration,sweep:inference_delay=120.0,694.5530382361092,128,716.0914114519288,120.0
EIR,0,394,3084757209228572454,gateway_calibration,sweep:inference_delay=120.0,607.6880975517253,124,716.0914114519288,120.0
EIR,0,395,7092254597711438791,gateway_calibration,sweep:inference_delay=120.0,532.852878832635,116,716.0914114519288,120.0
EIR,0,396,6497391125545010202,gateway_calibration,sweep:inference_delay=120.0,547.3427043171014,115,716.0914114519288,120.0
EIR,0,397,1954595604002493885,gateway_calibration,sweep:inference_delay=120.0,517.3408346986308,129,716.0914114519288,120.0
EIR,0,398,2430610431817991162,gateway_calibration,sweep:inference_delay=120.0,470.80911857999934,133,716.0914114519288,120.0
EIR,0,399,8600701293685412378,gateway_calibration,sweep:inference_delay=120.0,442.12750240190263,113,716.0914114519288,120.0
EIR,0,400,2180632233742875127,gateway_calibration,sweep:inference_delay=120.0,569.7551872052084,120,716.0914114519288,120.0
EIR,0,401,8614504956763952918,gateway_calibration,sweep:inference_delay=120.0,587.4208456487241,120,716.0914114519288,120.0
EIR,0,402,5598188346354825220,gateway_calibration,sweep:inference_delay=120.0,565.6400662828278,129,716.0914114519288,120.0
EIR,0,403,4457182625849329571,gateway_calibration,sweep:inference_delay=120.0,559.6092383818533,126,716.0914114519288,120.0
EIR,0,404,5428053095735619386,gateway_calibration,sweep:inference_delay=120.0,576.8391121558805,115,716.0914114519288,120.0
EIR,0,405,1101405500483529718,gateway_calibration,sweep:inference_delay=120.0,633.254711675676,137,716.0914114519288,120.0
EIR,0,406,7906526476448119685,gateway_calibration,sweep:inference_delay=120.0,681.41261131239,124,716.0914114519288,120.0
EIR,0,407,6846582542994904954,gateway_calibration,sweep:inference_delay=120.0,582.5135176363893,119,716.0914114519288,120.0
EIR,0,408,6355420337751119951,gateway_calibration,sweep:inference_delay=120.0,435.41988793958967,132,716.0914114519288,120.0
EIR,0,409,4309073721572023332,gateway_calibration,sweep:inference_delay=120.0,674.8631833003029,120,716.0914114519288,120.0
EIR,0,410,1783511987524471242,gateway_calibration,sweep:inference_delay=120.0,545.0070760124229,131,716.0914114519288,120.0
EIR,0,411,688225865259363063,gateway_calibration,sweep:inference_delay=120.0,620.3373213377027,122,716.0914114519288,120.0
EIR,0,412,3561531273195373329,gateway_calibration,sweep:inference_delay=120.0,529.6481829074254,130,716.0914114519288,120.0
EIR,0,413,1463045945983616086,gateway_calibration,sweep:inference_delay=120.0,579.4182965792761,114,716.0914114519288,120.0
EIR,0,414,8085263336484615663,gateway_calibration,sweep:inference_delay=120.0,436.7861477515915,116,716.0914114519288,120.0
EIR,0,415,6818204896612990382,gateway_calibration,sweep:inference_delay=120.0,467.03655083298577,119,716.0914114519288,120.0
EIR,0,416,4787535775649479837,gateway_calibration,sweep:inference_delay=120.0,716.7329328338097,131,716.0914114519288,120.0
EIR,0,417,7120093027717629489,gateway_calibration,sweep:inference_delay=120.0,746.6709293255124,134,716.0914114519288,120.0
EIR,0,418,2453711198318152044,gateway_calibration,sweep:inference_delay=120.0,342.29278489879863,123,716.0914114519288,120.0
EIR,0,419,406150715592396966,gateway_calibration,sweep:inference_delay=120.0,584.9557242378429,138,716.0914114519288,120.0
EIR,0,420,920275832482914948,gateway_calibration,sweep:inference_delay=120.0,595.6994015349292,124,716.0914114519288,120.0
EIR,0,421,2002028926825469421,gateway_calibration,sweep:inference_delay=120.0,501.69817003485826,121,716.0914114519288,120.0
EIR,0,422,4896878052045358124,gateway_calibration,sweep:inference_delay=120.0,401.79315858088717,126,716.0914114519288,120.0
EIR,0,423,6683191440465508984,gateway_calibration,sweep:inference_delay=120.0,457.3902136775485,116,716.0914114519288,120.0
EIR,0,424,1760285810053153879,gateway_calibration,sweep:inference_delay=120.0,822.5911594360642,144,716.0914114519288,120.0
EIR,0,425,3365395940816934593,gateway_calibration,sweep:inference_delay=120.0,607.4864933076915,124,716.0914114519288,120.0
EIR,0,426,8867131221415116525,gateway_calibration,sweep:inference_delay=120.0,605.4944085490007,126,716.0914114519288,120.0
EIR,0,427,8849389123497511053,gateway_calibration,sweep:inference_delay=120.0,570.7254299157681,129,716.0914114519288,120.0
EIR,0,428,3224326882109622349,gateway_calibration,sweep:inference_delay=120.0,680.6392469488258,134,716.0914114519288,120.0
EIR,0,429,2869759132837474588,gateway_calibration,sweep:inference_delay=120.0,634.5458213616406,135,716.0914114519288,120.0
EIR,0,430,6843835351340785466,gateway_calibration,sweep:inference_delay=120.0,518.4536003192377,107,716.0914114519288,120.0
EIR,0,431,3475078977621011008,gateway_calibration,sweep:inference_delay=120.0,462.52740577428466,115,716.0914114519288,120.0
EIR,0,432,8907803077037518749,gateway_calibration,sweep:inference_delay=120.0,662.8150778683332,130,716.0914114519288,120.0
EIR,0,433,2002572303120845316,gateway_calibration,sweep:inference_delay=120.0,535.3919666257498,125,716.0914114519288,120.0
EIR,0,434,3413195451912775677,gateway_calibration,sweep:inference_delay=120.0,507.5061537164478,130,716.0914114519288,120.0
EIR,0,435,5740385237983876808,gateway_calibration,sweep:inference_delay=120.0,689.2371412716557,128,716.0914114519288,120.0
EIR,0,436,3077945029123790592,gateway_calibration,sweep:inference_delay=120.0,609.7549400522413,132,716.0914114519288,120.0
EIR,0,437,7324154474223676898,gateway_calibration,sweep:inference_delay=120.0,495.135845323878,130,716.0914114519288,120.0
EIR,0,438,1900970705987808200,gateway_calibration,sweep:inference_delay=120.0,537.2645407555601,115,716.0914114519288,120.0
EIR,0,439,6150809488467598347,gateway_calibration,sweep:inference_delay=120.0,550.5449223909695,121,716.0914114519288,120.0
EIR,0,440,220128403613890372,gateway_calibration,sweep:inference_delay=120.0,559.1548520071814,115,716.0914114519288,120.0
EIR,0,441,6271294209477916436,gateway_calibration,sweep:inference_delay=120.0,477.43031958182644,130,716.0914114519288,120.0
EIR,0,442,6008414876222458704,gateway_calibration,sweep:inference_delay=120.0,618.3918286530984,136,716.0914114519288,120.0
EIR,0,443,5972146538533843926,gateway_calibration,sweep:inference_delay=120.0,461.2495919251415,104,716.0914114519288,120.0
EIR,0,444,8593510701146317893,gateway_calibration,sweep:inference_delay=120.0,599.7100231444361,129,716.0914114519288,120.0
EIR,0,445,7332317739902392457,gateway_calibration,sweep:inference_delay=120.0,507.02474662344406,114,716.0914114519288,120.0
EIR,0,446,3788921420244164398,gateway_calibration,sweep:inference_delay=120.0,603.4942553026729,140,716.0914114519288,120.0
EIR,0,447,6833070853286134013,gateway_calibration,sweep:inference_delay=120.0,577.9444720913792,122,716.0914114519288,120.0
EIR,0,448,789756351310223277,gateway_calibration,sweep:inference_delay=120.0,625.654250324563,124,716.0914114519288,120.0
EIR,0,449,4270914900929590131,gateway_calibration,sweep:inference_delay=120.0,548.3548307477643,147,716.0914114519288,120.0
EIR,0,450,2916600267775945391,gateway_calibration,sweep:inference_delay=120.0,611.2149110857605,129,716.0914114519288,120.0
EIR,0,451,7865394099123103372,gateway_calibration,sweep:inference_delay=120.0,552.5523135036344,117,716.0914114519288,120.0
EIR,0,452,6878568839612009929,gateway_calibration,sweep:inference_delay=120.0,404.6779701281753,108,716.0914114519288,120.0
EIR,0,453,7286431639741038160,gateway_calibration,sweep:inference_delay=120.0,643.232705414158,138,716.0914114519288,120.0
EIR,0,454,3314342873522113059,gateway_calibration,sweep:inference_delay=120.0,703.2633200240471,129,716.0914114519288,120.0
EIR,0,455,714198247593536416,gateway_calibration,sweep:inference_delay=120.0,564.7750176900612,135,716.0914114519288,120.0
EIR,0,456,5319056387298350299,gateway_calibration,sweep:inference_delay=120.0,604.1782577194573,144,716.0914114519288,120.0
EIR,0,457,7103892642868369489,gateway_calibration,sweep:inference_delay=120.0,474.50493970866694,110,716.0914114519288,120.0
EIR,0,458,5685415850880973905,gateway_calibration,sweep:inference_delay=120.0,424.522798087423,103,716.0914114519288,120.0
EIR,0,459,6138515570841490940,gateway_calibration,sweep:inference_delay=120.0,489.83054371297226,118,716.0914114519288,120.0
EIR,0,460,2307837250095720160,gateway_calibration,sweep:inference_delay=120.0,439.30096481456735,111,716.0914114519288,120.0
EIR,0,461,2662514867513221233,gateway_calibration,sweep:inference_delay=120.0,556.2759778751026,119,716.0914114519288,120.0
EIR,0,462,7427504247291449257,gateway_calibration,sweep:inference_delay=120.0,647.6156249438017,126,716.0914114519288,120.0
EIR,0,463,2260830215410799705,gateway_calibration,sweep:inference_delay=120.0,642.2987376798077,116,716.0914114519288,120.0
EIR,0,464,4211312173450715460,gateway_calibration,sweep:inference_delay=120.0,653.4882165392725,139,716.0914114519288,120.0
EIR,0,465,969348806269122836,gateway_calibration,sweep:inference_delay=120.0,503.3172271309561,115,716.0914114519288,120.0
EIR,0,466,5474794398053147603,gateway_calibration,sweep:inference_delay=120.0,525.9655434153724,116,716.0914114519288,120.0
EIR,0,467,6609661420881015552,gateway_calibration,sweep:inference_delay=120.0,681.1764872604725,133,716.0914114519288,120.0
EIR,0,468,4004423262991435156,gateway_calibration,sweep:inference_delay=120.0,469.5121248375799,116,716.0914114519288,120.0
EIR,0,469,442699829528417808,gateway_calibration,sweep:inference_delay=120.0,713.7669923590904,139,716.0914114519288,120.0
EIR,0,470,7794076181158343171,gateway_calibration,sweep:inference_delay=120.0,543.0491192586999,137,716.0914114519288,120.0
EIR,0,471,4651429676899311408,gateway_calibration,sweep:inference_delay=120.0,559.2413370958623,125,716.0914114519288,120.0
EIR,0,472,1637145280189386079,gateway_calibration,sweep:inference_delay=120.0,639.7662117355126,121,716.0914114519288,120.0
EIR,0,473,3313131632171036482,gateway_calibration,sweep:inference_delay=120.0,536.823653755359,110,716.0914114519288,120.0
EIR,0,474,477199139363392736,gateway_calibration,sweep:inference_delay=120.0,557.8686100876699,126,716.0914114519288,120.0
EIR,0,475,8185235164671387808,gateway_calibration,sweep:inference_delay=120.0,574.7933968175242,129,716.0914114519288,120.0
EIR,0,476,601371364243837911,gateway_calibration,sweep:inference_delay=120.0,514.7780916401226,111,716.0914114519288,120.0
EIR,0,477,5871230511968226326,gateway_calibration,sweep:inference_delay=120.0,509.281952965484,129,716.0914114519288,120.0
EIR,0,478,8582892411005687751,gateway_calibration,sweep:inference_delay=120.0,448.25860006843476,101,716.0914114519288,120.0
EIR,0,479,3803344615371967039,gateway_calibration,sweep:inference_delay=120.0,644.7135617882725,123,716.0914114519288,120.0
EIR,0,480,2841506547229435321,gateway_calibration,sweep:inference_delay=120.0,566.4483486917085,115,716.0914114519288,120.0
EIR,0,481,4082484971381251509,gateway_calibration,sweep:inference_delay=120.0,633.5449485571604,134,716.0914114519288,120.0
EIR,0,482,3789479325724163783,gateway_calibration,sweep:inference_delay=120.0,501.45035685182864,116,716.0914114519288,120.0
EIR,0,483,3918921078179492450,gateway_calibration,sweep:inference_delay=120.0,540.9775530672192,120,716.0914114519288,120.0
EIR,0,484,7325215107882890520,gateway_calibration,sweep:inference_delay=120.0,705.5557685811393,136,716.0914114519288,120.0
EIR,0,485,2011311524918672502,gateway_calibration,sweep:inference_delay=120.0,585.0256740810983,126,716.0914114519288,120.0
EIR,0,486,433146228864654956,gateway_calibration,sweep:inference_delay=120.0,577.1744947259319,130,716.0914114519288,120.0
EIR,0,487,4640216123622801019,gateway_calibration,sweep:inference_delay=120.0,485.83465059335066,117,716.0914114519288,120.0
EIR,0,488,1089038234634826266,gateway_calibration,sweep:inference_delay=120.0,366.35255098465353,111,716.0914114519288,120.0
EIR,0,489,3541253095700549252,gateway_calibration,sweep:inference_delay=120.0,507.5652756664949,128,716.0914114519288,120.0
EIR,0,490,5412464624135735307,gateway_calibration,sweep:inference_delay=120.0,742.0368934658065,157,716.0914114519288,120.0
EIR,0,491,6951812241895617114,gateway_calibration,sweep:inference_delay=120.0,620.7119951990747,123,716.0914114519288,120.0
EIR,0,492,1593417155544740852,gateway_calibration,sweep:inference_delay=120.0,584.3619332082701,101,716.0914114519288,120.0
EIR,0,493,6879185803535008127,gateway_calibration,sweep:inference_delay=120.0,648.5713582823884,131,716.0914114519288,120.0
EIR,0,494,1293766441747331112,gateway_calibration,sweep:inference_delay=120.0,708.6489706670012,122,716.0914114519288,120.0
EIR,0,495,9028701532409915234,gateway_calibration,sweep:inference_delay=120.0,658.0438657430366,126,716.0914114519288,120.0
EIR,0,496,18634332415558389,gateway_calibration,sweep:inference_delay=120.0,527.3386156485748,129,716.0914114519288,120.0
EIR,0,497,4382052694131464363,gateway_calibration,sweep:inference_delay=120.0,455.82100166608024,109,716.0914114519288,120.0
EIR,0,498,6941079027236749428,gateway_calibration,sweep:inference_delay=120.0,714.0145214189498,136,716.0914114519288,120.0
EIR,0,499,910979023553684901,gateway_calibration,sweep:inference_delay=120.0,319.1411793741246,102,716.0914114519288,120.0
