strategy,state_h1,trial_index,scenario_seed,seed_phase,seed_namespace,gateway_threshold,detected,pre_onset_alarm,detection_time,first_alarm_time,transmissions,max_gateway_evidence
RR,0,0,8315828300015138575,evaluation,demo_baseline,819.5647448623124,0,0,inf,inf,150,773.00072283701
RR,0,1,2589058694672046149,evaluation,demo_baseline,819.5647448623124,0,0,inf,inf,141,768.8520907425334
RR,0,2,3912380690491058408,evaluation,demo_baseline,819.5647448623124,0,0,inf,inf,127,652.8410732272418
RR,0,3,7189249197400664292,evaluation,demo_baseline,819.5647448623124,0,0,inf,inf,121,663.8275069029238
RR,0,4,2135757163734473418,evaluation,demo_baseline,819.5647448623124,0,0,inf,inf,123,668.1439462055802
RR,0,5,3364503239213802317,evaluation,demo_baseline,819.5647448623124,0,0,inf,inf,121,600.2173089503963
RR,0,6,7539353583017658569,evaluation,demo_baseline,819.5647448623124,0,0,inf,inf,123,720.3939481149761
RR,0,7,8330565317864026483,evaluation,demo_baseline,819.5647448623124,0,0,inf,inf,135,682.053437988029
RR,0,8,8336854074523314653,evaluation,demo_baseline,819.5647448623124,0,0,inf,inf,108,675.310677975408
RR,0,9,1439534662995932468,evaluation,demo_baseline,819.5647448623124,0,0,inf,inf,108,540.9747610605673
RR,0,10,403450600575040551,evaluation,demo_baseline,819.5647448623124,0,0,inf,inf,126,674.3351377558472
RR,0,11,1367098129868535150,evaluation,demo_baseline,819.5647448623124,0,0,inf,inf,128,675.639647921423
RR,0,12,7177198302246180043,evaluation,demo_baseline,819.5647448623124,0,0,inf,inf,117,681.5391239890333
RR,0,13,8691403762426590425,evaluation,demo_baseline,819.5647448623124,0,0,inf,inf,119,679.1134080096465
RR,0,14,8057904011494164264,evaluation,demo_baseline,819.5647448623124,0,0,inf,inf,125,635.1096952132755
RR,0,15,2227625005242326887,evaluation,demo_baseline,819.5647448623124,0,0,inf,inf,126,580.0703176903186
RR,0,16,4647814045698886606,evaluation,demo_baseline,819.5647448623124,0,0,inf,inf,142,708.6836978825005
RR,0,17,5269750830313049007,evaluation,demo_baseline,819.5647448623124,0,0,inf,inf,120,601.3599329035051
RR,0,18,3733949990917274907,evaluation,demo_baseline,819.5647448623124,0,0,inf,inf,105,618.051900198267
RR,0,19,8747120756552282334,evaluation,demo_baseline,819.5647448623124,0,0,inf,inf,123,722.3796902654025
RR,0,20,1674448202983016654,evaluation,demo_baseline,819.5647448623124,0,0,inf,inf,119,643.0037711628809
RR,0,21,4422930891708610404,evaluation,demo_baseline,819.5647448623124,0,0,inf,inf,124,781.267244595093
RR,0,22,5550056219953502198,evaluation,demo_baseline,819.5647448623124,0,0,inf,inf,110,560.541781590485
RR,0,23,2049356816231662047,evaluation,demo_baseline,819.5647448623124,0,0,inf,inf,128,646.7298848290227
RR,0,24,4797913517479131468,evaluation,demo_baseline,819.5647448623124,0,0,inf,inf,132,655.7279262905356
RR,0,25,4871691984843614124,evaluation,demo_baseline,819.5647448623124,0,0,inf,inf,137,796.6415684897663
RR,0,26,4075758536689957671,evaluation,demo_baseline,819.5647448623124,0,0,inf,inf,117,623.3245984240928
RR,0,27,8878222907217355992,evaluation,demo_baseline,819.5647448623124,0,0,inf,inf,126,682.1922569387125
RR,0,28,7774809978331428548,evaluation,demo_baseline,819.5647448623124,0,0,inf,inf,125,690.7797387881182
RR,0,29,511177674527172836,evaluation,demo_baseline,819.5647448623124,0,0,inf,inf,112,605.3659419767325
RR,0,30,3698522455421506692,evaluation,demo_baseline,819.5647448623124,0,0,inf,inf,126,665.2985673117238
RR,0,31,6448796625139115390,evaluation,demo_baseline,819.5647448623124,0,0,inf,inf,124,623.1282366000718
RR,0,32,768313240590450258,evaluation,demo_baseline,819.5647448623124,0,0,inf,inf,111,516.4195107791429
RR,0,33,1862341845071672316,evaluation,demo_baseline,819.5647448623124,0,0,inf,295.0,147,840.3442691039628
RR,0,34,3049180199916467067,evaluation,demo_baseline,819.5647448623124,0,0,inf,inf,111,614.1105110078985
RR,0,35,5295499855304977778,evaluation,demo_baseline,819.5647448623124,0,0,inf,inf,127,628.8890277385605
RR,0,36,2348147057610941654,evaluation,demo_baseline,819.5647448623124,0,0,inf,inf,112,618.1486720030938
RR,0,37,1934186039656517342,evaluation,demo_baseline,819.5647448623124,0,0,inf,inf,131,713.0824261383864
RR,0,38,7038535231496075990,evaluation,demo_baseline,819.5647448623124,0,0,inf,inf,121,724.7790212515645
RR,0,39,2954300654708185313,evaluation,demo_baseline,819.5647448623124,0,0,inf,inf,138,703.8404711836545
RR,0,40,2349705437200219561,evaluation,demo_baseline,819.5647448623124,0,0,inf,inf,134,701.1211915051665
RR,0,41,5657631752003412122,evaluation,demo_baseline,819.5647448623124,0,0,inf,inf,116,728.2307377523084
RR,0,42,3721410523112128903,evaluation,demo_baseline,819.5647448623124,0,0,inf,inf,147,750.14791745912
RR,0,43,4343828058437461617,evaluation,demo_baseline,819.5647448623124,0,0,inf,inf,141,739.7436566430481
RR,0,44,8129694159867878953,evaluation,demo_baseline,819.5647448623124,0,0,inf,inf,108,626.4869345328822
RR,0,45,1012346802321990265,evaluation,demo_baseline,819.5647448623124,0,0,inf,inf,132,697.0336402500819
RR,0,46,8834144819597184882,evaluation,demo_baseline,819.5647448623124,0,0,inf,inf,129,764.9417956401742
RR,0,47,5326716034676896856,evaluation,demo_baseline,819.5647448623124,0,0,inf,inf,121,667.0336860534126
RR,0,48,809459864856922661,evaluation,demo_baseline,819.5647448623124,0,0,inf,inf,129,703.2680874900069
RR,0,49,5609997191401315582,evaluation,demo_baseline,819.5647448623124,0,0,inf,inf,129,604.769844704274
RR,0,50,6561940814107291883,evaluation,demo_baseline,819.5647448623124,0,0,inf,inf,124,666.9746711713193
RR,0,51,7390534108511910940,evaluation,demo_baseline,819.5647448623124,0,0,inf,inf,118,665.3328121735867
RR,0,52,3898817676540964145,evaluation,demo_baseline,819.5647448623124,0,0,inf,inf,115,666.9227918457758
RR,0,53,3684717902764399453,evaluation,demo_baseline,819.5647448623124,0,0,inf,inf,123,665.1748580755732
RR,0,54,5330745581218748837,evaluation,demo_baseline,819.5647448623124,0,0,inf,291.0,147,866.9930626590718
RR,0,55,8206492661065333313,evaluation,demo_baseline,819.5647448623124,0,0,inf,inf,135,782.3845530740018
RR,0,56,7914724786801584336,evaluation,demo_baseline,819.5647448623124,0,0,inf,inf,115,539.674679621843
RR,0,57,8495186938144887771,evaluation,demo_baseline,819.5647448623124,0,0,inf,inf,134,656.0676357115852
RR,0,58,5568585825426263321,evaluation,demo_baseline,819.5647448623124,0,0,inf,inf,102,541.7984013122422
RR,0,59,3450784606469645768,evaluation,demo_baseline,819.5647448623124,0,0,inf,inf,110,586.3160029309182
RR,0,60,7868648427290903317,evaluation,demo_baseline,819.5647448623124,0,0,inf,inf,123,727.6324253165849
RR,0,61,5006833357930119871,evaluation,demo_baseline,819.5647448623124,0,0,inf,inf,121,667.7137728599444
RR,0,62,3202004460161144461,evaluation,demo_baseline,819.5647448623124,0,0,inf,inf,144,637.0836340758538
RR,0,63,3793393410832483048,evaluation,demo_baseline,819.5647448623124,0,0,inf,inf,120,623.2073141777203
RR,0,64,1424275288562350746,evaluation,demo_baseline,819.5647448623124,0,0,inf,inf,113,655.4942207328518
RR,0,65,6044083603539688778,evaluation,demo_baseline,819.5647448623124,0,0,inf,inf,130,707.1098396290251
RR,0,66,1828498653315050171,evaluation,demo_baseline,819.5647448623124,0,0,inf,inf,138,668.0587719650827
RR,0,67,7123207119133683282,evaluation,demo_baseline,819.5647448623124,0,0,inf,inf,134,685.6785902490941
RR,0,68,5227944740682486201,evaluation,demo_baseline,819.5647448623124,0,0,inf,inf,127,684.0150392822081
RR,0,69,8542735433682289396,evaluation,demo_baseline,819.5647448623124,0,0,inf,inf,130,527.9986428724978
RR,0,70,4513633514630404042,evaluation,demo_baseline,819.5647448623124,0,0,inf,inf,134,694.2130742415086
RR,0,71,2428901845049991853,evaluation,demo_baseline,819.5647448623124,0,0,inf,inf,122,634.4989431295961
RR,0,72,5924385039458608987,evaluation,demo_baseline,819.5647448623124,0,0,inf,inf,127,748.709286815695
RR,0,73,221484857659129890,evaluation,demo_baseline,819.5647448623124,0,0,inf,inf,120,724.6401425644538
RR,0,74,7126521785065948752,evaluation,demo_baseline,819.5647448623124,0,0,inf,inf,117,567.149749212272
RR,0,75,7719245403796220061,evaluation,demo_baseline,819.5647448623124,0,0,inf,inf,137,722.8615427791216
RR,0,76,7117348258861620405,evaluation,demo_baseline,819.5647448623124,0,0,inf,inf,118,594.3465958364832
RR,0,77,1001674907955777260,evaluation,demo_baseline,819.5647448623124,0,0,inf,inf,134,626.1741330691725
RR,0,78,6809732566005704955,evaluation,demo_baseline,819.5647448623124,0,0,inf,inf,133,751.1092469795037
RR,0,79,3774708437562421838,evaluation,demo_baseline,819.5647448623124,0,0,inf,inf,126,725.91952290421
RR,0,80,372891196637898511,evaluation,demo_baseline,819.5647448623124,0,0,inf,inf,127,593.531947846611
RR,0,81,2124818191516182983,evaluation,demo_baseline,819.5647448623124,0,0,inf,inf,117,592.5440233398544
RR,0,82,1675218070713847680,evaluation,demo_baseline,819.5647448623124,0,0,inf,246.0,150,836.7118363078329
RR,0,83,1694459367498099434,evaluation,demo_baseline,819.5647448623124,0,0,inf,inf,116,661.2757805395967
RR,0,84,2199942422144539482,evaluation,demo_baseline,819.5647448623124,0,0,inf,inf,129,661.8505676014189
RR,0,85,8201228363736974388,evaluation,demo_baseline,819.5647448623124,0,0,inf,inf,134,696.1317643392999
RR,0,86,1395340397644043079,evaluation,demo_baseline,819.5647448623124,0,0,inf,inf,118,557.2980779980419
RR,0,87,2835947092609634046,evaluation,demo_baseline,819.5647448623124,0,0,inf,inf,133,704.7000064406575
RR,0,88,1725939892482416948,evaluation,demo_baseline,819.5647448623124,0,0,inf,inf,125,605.0767339829949
RR,0,89,988659235323357003,evaluation,demo_baseline,819.5647448623124,0,0,inf,inf,124,678.3024689555571
RR,0,90,6127994859659385986,evaluation,demo_baseline,819.5647448623124,0,0,inf,inf,111,499.5820146504715
RR,0,91,3823193446537638648,evaluation,demo_baseline,819.5647448623124,0,0,inf,inf,124,667.4165409934285
RR,0,92,2323716458830241006,evaluation,demo_baseline,819.5647448623124,0,0,inf,inf,139,695.5122841637959
RR,0,93,8697034705014155314,evaluation,demo_baseline,819.5647448623124,0,0,inf,inf,115,547.7518432924567
RR,0,94,4401736749453632889,evaluation,demo_baseline,819.5647448623124,0,0,inf,inf,130,707.6842067876469
RR,0,95,7513445520107158507,evaluation,demo_baseline,819.5647448623124,0,0,inf,inf,122,694.2536719640988
RR,0,96,7960482070256129716,evaluation,demo_baseline,819.5647448623124,0,0,inf,inf,115,619.0514310320708
RR,0,97,3757166803382697373,evaluation,demo_baseline,819.5647448623124,0,0,inf,inf,134,603.4665194082158
RR,0,98,3952761675854382509,evaluation,demo_baseline,819.5647448623124,0,0,inf,inf,101,566.8364332897429
RR,0,99,5055936548634180453,evaluation,demo_baseline,819.5647448623124,0,0,inf,inf,141,642.0214833626814
RR,0,100,4774283870144676586,evaluation,demo_baseline,819.5647448623124,0,0,inf,inf,111,654.3765157823008
RR,0,101,8648403802192730858,evaluation,demo_baseline,819.5647448623124,0,0,inf,inf,130,639.8593936332808
RR,0,102,9037014098373301576,evaluation,demo_baseline,819.5647448623124,0,0,inf,inf,143,764.3553464654887
RR,0,103,9168318438115510318,evaluation,demo_baseline,819.5647448623124,0,0,inf,inf,129,802.3893056143809
RR,0,104,6382023250120434759,evaluation,demo_baseline,819.5647448623124,0,0,inf,inf,142,777.1920405072005
RR,0,105,7568186419761377402,evaluation,demo_baseline,819.5647448623124,0,0,inf,inf,118,614.1433736543748
RR,0,106,8153424829484084538,evaluation,demo_baseline,819.5647448623124,0,0,inf,inf,116,529.4628972420402
RR,0,107,1002447274709812391,evaluation,demo_baseline,819.5647448623124,0,0,inf,inf,129,634.9832124533459
RR,0,108,6422459778428784549,evaluation,demo_baseline,819.5647448623124,0,0,inf,inf,128,753.398684518979
RR,0,109,8579521247433863476,evaluation,demo_baseline,819.5647448623124,0,0,inf,inf,117,648.0084375062056
RR,0,110,6466165372788774034,evaluation,demo_baseline,819.5647448623124,0,0,inf,inf,121,724.3621990817354
RR,0,111,2902198924924821698,evaluation,demo_baseline,819.5647448623124,0,0,inf,inf,129,654.1600949800285
RR,0,112,6251439104937950663,evaluation,demo_baseline,819.5647448623124,0,0,inf,inf,147,779.2328315418154
RR,0,113,8935977319629763453,evaluation,demo_baseline,819.5647448623124,0,0,inf,inf,125,638.9552693373716
RR,0,114,4873709172951123416,evaluation,demo_baseline,819.5647448623124,0,0,inf,inf,116,673.9316085683391
RR,0,115,457578819484374350,evaluation,demo_baseline,819.5647448623124,0,0,inf,inf,117,634.2767323001002
RR,0,116,2301055749050973438,evaluation,demo_baseline,819.5647448623124,0,0,inf,inf,128,697.0717774134923
RR,0,117,3993516796362525322,evaluation,demo_baseline,819.5647448623124,0,0,inf,inf,123,687.7790145464999
RR,0,118,4185116054655952797,evaluation,demo_baseline,819.5647448623124,0,0,inf,inf,124,599.7439684495331
RR,0,119,6776786601103953961,evaluation,demo_baseline,819.5647448623124,0,0,inf,inf,127,719.4340076101506
RR,0,120,5687204834419242949,evaluation,demo_baseline,819.5647448623124,0,0,inf,inf,128,809.5975168772219
RR,0,121,7940975965866013313,evaluation,demo_baseline,819.5647448623124,0,0,inf,inf,140,765.1535544071172
RR,0,122,1377882019177964030,evaluation,demo_baseline,819.5647448623124,0,0,inf,inf,148,753.7823483856794
RR,0,123,4289526853085321402,evaluation,demo_baseline,819.5647448623124,0,0,inf,inf,132,690.5584540147116
RR,0,124,5739960566305834670,evaluation,demo_baseline,819.5647448623124,0,0,inf,116.0,133,843.0405577317862
RR,0,125,5492207295940658426,evaluation,demo_baseline,819.5647448623124,0,0,inf,inf,134,770.6348473496153
RR,0,126,7427001385683907958,evaluation,demo_baseline,819.5647448623124,0,0,inf,inf,127,629.5092943196944
RR,0,127,7743644937423682683,evaluation,demo_baseline,819.5647448623124,0,0,inf,inf,112,598.1191705909195
RR,0,128,8018319068930680349,evaluation,demo_baseline,819.5647448623124,0,0,inf,inf,119,617.1935405169753
RR,0,129,2176505955342191449,evaluation,demo_baseline,819.5647448623124,0,0,inf,inf,121,654.0825882822892
RR,0,130,2702365399587953851,evaluation,demo_baseline,819.5647448623124,0,0,inf,inf,119,665.6443855342299
RR,0,131,4387336119570270950,evaluation,demo_baseline,819.5647448623124,0,0,inf,inf,117,585.6784864071668
RR,0,132,807945637353752699,evaluation,demo_baseline,819.5647448623124,0,0,inf,inf,135,794.4160410024591
RR,0,133,1325858997366371527,evaluation,demo_baseline,819.5647448623124,0,0,inf,inf,114,513.156421657038
RR,0,134,4663080992027280908,evaluation,demo_baseline,819.5647448623124,0,0,inf,inf,127,669.9053823135303
RR,0,135,4143683916987439616,evaluation,demo_baseline,819.5647448623124,0,0,inf,inf,127,678.8953019641208
RR,0,136,3064517866530443006,evaluation,demo_baseline,819.5647448623124,0,0,inf,inf,128,766.3306597683879
RR,0,137,5793432237948827024,evaluation,demo_baseline,819.5647448623124,0,0,inf,inf,129,641.1525978119959
RR,0,138,1609698312102347715,evaluation,demo_baseline,819.5647448623124,0,0,inf,inf,135,702.4969822857577
RR,0,139,7929559675540928477,evaluation,demo_baseline,819.5647448623124,0,0,inf,inf,112,575.5180102907775
RR,0,140,4933874789534009221,evaluation,demo_baseline,819.5647448623124,0,0,inf,inf,147,750.0555546330156
RR,0,141,3411139477370042319,evaluation,demo_baseline,819.5647448623124,0,0,inf,inf,137,799.5088071102405
RR,0,142,1706119043472725960,evaluation,demo_baseline,819.5647448623124,0,0,inf,inf,146,646.409136464387
RR,0,143,2810787836868541502,evaluation,demo_baseline,819.5647448623124,0,0,inf,inf,121,704.5100547148213
RR,0,144,5910676894528357789,evaluation,demo_baseline,819.5647448623124,0,0,inf,inf,118,562.5492856224711
RR,0,145,6080036975447466187,evaluation,demo_baseline,819.5647448623124,0,0,inf,inf,133,783.5834317960721
RR,0,146,5866910972905104632,evaluation,demo_baseline,819.5647448623124,0,0,inf,inf,130,604.1213511195566
RR,0,147,8088822916726089030,evaluation,demo_baseline,819.5647448623124,0,0,inf,inf,122,592.6864528179813
RR,0,148,6967607101949569837,evaluation,demo_baseline,819.5647448623124,0,0,inf,inf,110,585.0217011864805
RR,0,149,7717973578809857698,evaluation,demo_baseline,819.5647448623124,0,0,inf,inf,122,792.3397295901138
RR,0,150,412117427588174213,evaluation,demo_baseline,819.5647448623124,0,0,inf,inf,129,582.9803832775434
RR,0,151,8598646082802460633,evaluation,demo_baseline,819.5647448623124,0,0,inf,inf,136,710.6797841646165
RR,0,152,3389866420632309427,evaluation,demo_baseline,819.5647448623124,0,0,inf,inf,118,620.2105575669844
RR,0,153,1148014922171373667,evaluation,demo_baseline,819.5647448623124,0,0,inf,inf,127,721.262456192049
RR,0,154,2308110590422214293,evaluation,demo_baseline,819.5647448623124,0,0,inf,inf,123,628.7895225798756
RR,0,155,8349817835333041239,evaluation,demo_baseline,819.5647448623124,0,0,inf,inf,147,743.7111694184543
RR,0,156,2001945415323899660,evaluation,demo_baseline,819.5647448623124,0,0,inf,inf,108,659.1948151694528
RR,0,157,5578741118799328358,evaluation,demo_baseline,819.5647448623124,0,0,inf,inf,116,668.4801514644406
RR,0,158,8849415872538146585,evaluation,demo_baseline,819.5647448623124,0,0,inf,inf,119,620.4102440628349
RR,0,159,8932076981191545441,evaluation,demo_baseline,819.5647448623124,0,0,inf,inf,129,648.6433574558971
RR,0,160,6027831861163546351,evaluation,demo_baseline,819.5647448623124,0,0,inf,inf,105,557.0428769123438
RR,0,161,6762470027973039997,evaluation,demo_baseline,819.5647448623124,0,0,inf,inf,135,798.1888778354943
RR,0,162,7607898323523804230,evaluation,demo_baseline,819.5647448623124,0,0,inf,inf,121,595.1260319210851
RR,0,163,7489072133202015122,evaluation,demo_baseline,819.5647448623124,0,0,inf,inf,135,680.7668065944519
RR,0,164,6057815042149688010,evaluation,demo_baseline,819.5647448623124,0,0,inf,inf,151,762.7799515299109
RR,0,165,555809831539059107,evaluation,demo_baseline,819.5647448623124,0,0,inf,inf,129,711.5061945379488
RR,0,166,137165365706400803,evaluation,demo_baseline,819.5647448623124,0,0,inf,inf,138,692.1820138871171
RR,0,167,8199347422414054693,evaluation,demo_baseline,819.5647448623124,0,0,inf,inf,137,651.1942970075314
RR,0,168,2272664669379667755,evaluation,demo_baseline,819.5647448623124,0,0,inf,inf,118,554.7938480094241
RR,0,169,8565935985534765879,evaluation,demo_baseline,819.5647448623124,0,0,inf,inf,126,610.3811765981634
RR,0,170,436802622851837427,evaluation,demo_baseline,819.5647448623124,0,0,inf,inf,121,637.904633358913
RR,0,171,5820001312380741079,evaluation,demo_baseline,819.5647448623124,0,0,inf,inf,123,593.8425201622382
RR,0,172,7230980735571165607,evaluation,demo_baseline,819.5647448623124,0,0,inf,inf,133,752.7103399197421
RR,0,173,5365887727348214009,evaluation,demo_baseline,819.5647448623124,0,0,inf,inf,122,613.9126683369796
RR,0,174,259468879761581828,evaluation,demo_baseline,819.5647448623124,0,0,inf,inf,114,658.0948904504521
RR,0,175,2629201499705246135,evaluation,demo_baseline,819.5647448623124,0,0,inf,inf,138,719.9053039523428
RR,0,176,9151785611130454139,evaluation,demo_baseline,819.5647448623124,0,0,inf,inf,141,728.7543176975131
RR,0,177,2080857935943151338,evaluation,demo_baseline,819.5647448623124,0,0,inf,133.0,150,825.5408318595225
RR,0,178,7255721740907796955,evaluation,demo_baseline,819.5647448623124,0,0,inf,inf,117,715.297778214026
RR,0,179,282806325148905442,evaluation,demo_baseline,819.5647448623124,0,0,inf,inf,146,814.1037085358854
RR,0,180,4327843412328143253,evaluation,demo_baseline,819.5647448623124,0,0,inf,inf,132,708.4841446775016
RR,0,181,7554214704469705828,evaluation,demo_baseline,819.5647448623124,0,0,inf,inf,129,672.6604154831556
RR,0,182,372033253070165673,evaluation,demo_baseline,819.5647448623124,0,0,inf,inf,112,618.6475689588203
RR,0,183,3847113345599734447,evaluation,demo_baseline,819.5647448623124,0,0,inf,inf,130,627.5496462139439
RR,0,184,1021110207311580117,evaluation,demo_baseline,819.5647448623124,0,0,inf,inf,130,763.3462079482067
RR,0,185,5025754157023424747,evaluation,demo_baseline,819.5647448623124,0,0,inf,inf,120,594.1726813607274
RR,0,186,7577473686421641047,evaluation,demo_baseline,819.5647448623124,0,0,inf,inf,111,578.7273186103446
RR,0,187,7640721361940362351,evaluation,demo_baseline,819.5647448623124,0,0,inf,inf,136,681.1224468723183
RR,0,188,1938191983132117964,evaluation,demo_baseline,819.5647448623124,0,0,inf,inf,136,742.2294295545599
RR,0,189,147195179281821981,evaluation,demo_baseline,819.5647448623124,0,0,inf,inf,112,667.9747905787566
RR,0,190,6223621752646292415,evaluation,demo_baseline,819.5647448623124,0,0,inf,inf,141,811.3148889097453
RR,0,191,8504614897485528654,evaluation,demo_baseline,819.5647448623124,0,0,inf,inf,130,581.8754748859474
RR,0,192,973797489253229575,evaluation,demo_baseline,819.5647448623124,0,0,inf,inf,137,759.8580413825619
RR,0,193,7484875010619697461,evaluation,demo_baseline,819.5647448623124,0,0,inf,inf,110,593.1837316110906
RR,0,194,4983765708906329473,evaluation,demo_baseline,819.5647448623124,0,0,inf,inf,119,578.1480726457042
RR,0,195,7192676307995343464,evaluation,demo_baseline,819.5647448623124,0,0,inf,inf,120,813.1752192733627
RR,0,196,8322613895625262460,evaluation,demo_baseline,819.5647448623124,0,0,inf,inf,132,736.6653375387248
RR,0,197,1056100879355259624,evaluation,demo_baseline,819.5647448623124,0,0,inf,259.0,132,833.4383338756065
RR,0,198,2937666210746612494,evaluation,demo_baseline,819.5647448623124,0,0,inf,inf,146,752.4635100868397
RR,0,199,6048222142335240471,evaluation,demo_baseline,819.5647448623124,0,0,inf,inf,137,623.8798404456145
RR,0,200,518649668556020520,evaluation,demo_baseline,819.5647448623124,0,0,inf,inf,123,646.4463239548035
RR,0,201,6493709783380665916,evaluation,demo_baseline,819.5647448623124,0,0,inf,inf,113,588.4273523183114
RR,0,202,6080649322694407771,evaluation,demo_baseline,819.5647448623124,0,0,inf,inf,120,614.8908745548862
RR,0,203,1212941049270520922,evaluation,demo_baseline,819.5647448623124,0,0,inf,inf,135,777.3362186126027
RR,0,204,4507966009285087887,evaluation,demo_baseline,819.5647448623124,0,0,inf,inf,136,621.6894349198707
RR,0,205,6979776226756407660,evaluation,demo_baseline,819.5647448623124,0,0,inf,inf,124,720.9787160478057
RR,0,206,6602571972763550227,evaluation,demo_baseline,819.5647448623124,0,0,inf,inf,115,562.4660636760007
RR,0,207,3778138714285411537,evaluation,demo_baseline,819.5647448623124,0,0,inf,inf,136,659.3059079997187
RR,0,208,3512020664436081388,evaluation,demo_baseline,819.5647448623124,0,0,inf,inf,127,685.8227751769545
RR,0,209,5999355272221116398,evaluation,demo_baseline,819.5647448623124,0,0,inf,inf,121,729.6087855460487
RR,0,210,2568022372767318950,evaluation,demo_baseline,819.5647448623124,0,0,inf,inf,130,711.9337710866496
RR,0,211,8410666538842800584,evaluation,demo_baseline,819.5647448623124,0,0,inf,inf,125,550.19810257927
RR,0,212,6769310588976880707,evaluation,demo_baseline,819.5647448623124,0,0,inf,inf,128,667.8828833504193
RR,0,213,7316545277199860201,evaluation,demo_baseline,819.5647448623124,0,0,inf,inf,138,690.646458232165
RR,0,214,2010077027987444354,evaluation,demo_baseline,819.5647448623124,0,0,inf,inf,134,765.3464836900055
RR,0,215,6426098854169245462,evaluation,demo_baseline,819.5647448623124,0,0,inf,inf,123,664.5784786182913
RR,0,216,2945586554575041851,evaluation,demo_baseline,819.5647448623124,0,0,inf,inf,109,607.3526974168379
RR,0,217,793428042662504073,evaluation,demo_baseline,819.5647448623124,0,0,inf,inf,124,799.5375268506236
RR,0,218,6198178918400070052,evaluation,demo_baseline,819.5647448623124,0,0,inf,inf,116,759.5077583573724
RR,0,219,5522986016909223171,evaluation,demo_baseline,819.5647448623124,0,0,inf,inf,138,800.4665208703238
RR,0,220,139451029033927231,evaluation,demo_baseline,819.5647448623124,0,0,inf,inf,123,635.27856699973
RR,0,221,4382385053401513678,evaluation,demo_baseline,819.5647448623124,0,0,inf,inf,121,749.9591446268189
RR,0,222,1733637350240349050,evaluation,demo_baseline,819.5647448623124,0,0,inf,inf,140,753.0706972623169
RR,0,223,115950730590107760,evaluation,demo_baseline,819.5647448623124,0,0,inf,inf,131,668.9331002232686
RR,0,224,1843069504627712112,evaluation,demo_baseline,819.5647448623124,0,0,inf,inf,126,641.286234226901
RR,0,225,1102232689684483932,evaluation,demo_baseline,819.5647448623124,0,0,inf,inf,130,748.0554274212843
RR,0,226,5767989469869675512,evaluation,demo_baseline,819.5647448623124,0,0,inf,inf,114,561.6111799290264
RR,0,227,3421712134992673577,evaluation,demo_baseline,819.5647448623124,0,0,inf,inf,124,632.4700726104357
RR,0,228,7553981341101018340,evaluation,demo_baseline,819.5647448623124,0,0,inf,inf,133,644.3595378349671
RR,0,229,7451786676419618099,evaluation,demo_baseline,819.5647448623124,0,0,inf,inf,121,751.4542323326323
RR,0,230,1043704851871488685,evaluation,demo_baseline,819.5647448623124,0,0,inf,inf,118,813.7060963073142
RR,0,231,7198951292413429352,evaluation,demo_baseline,819.5647448623124,0,0,inf,inf,110,541.7487082731956
RR,0,232,6403244895977953095,evaluation,demo_baseline,819.5647448623124,0,0,inf,inf,116,737.764587108601
RR,0,233,277100300351400626,evaluation,demo_baseline,819.5647448623124,0,0,inf,inf,119,694.4727861186949
RR,0,234,8662386769486164841,evaluation,demo_baseline,819.5647448623124,0,0,inf,inf,131,663.3318618804735
RR,0,235,4251056207278346721,evaluation,demo_baseline,819.5647448623124,0,0,inf,inf,120,602.2867129195171
RR,0,236,4303991475156722044,evaluation,demo_baseline,819.5647448623124,0,0,inf,inf,119,629.3535850234016
RR,0,237,4773535207670945031,evaluation,demo_baseline,819.5647448623124,0,0,inf,252.0,144,828.6196886047546
RR,0,238,8605284804182914172,evaluation,demo_baseline,819.5647448623124,0,0,inf,inf,144,742.6561318771696
RR,0,239,4306421643085336113,evaluation,demo_baseline,819.5647448623124,0,0,inf,inf,123,674.9047110045777
RR,0,240,2925946151796340439,evaluation,demo_baseline,819.5647448623124,0,0,inf,inf,125,739.6249670205044
RR,0,241,796912072274948349,evaluation,demo_baseline,819.5647448623124,0,0,inf,inf,105,618.4627305863637
RR,0,242,5372228405523563845,evaluation,demo_baseline,819.5647448623124,0,0,inf,inf,131,693.9653141090532
RR,0,243,4140792192556976658,evaluation,demo_baseline,819.5647448623124,0,0,inf,inf,124,659.9831606468794
RR,0,244,1665648110936572683,evaluation,demo_baseline,819.5647448623124,0,0,inf,inf,125,655.1697255690971
RR,0,245,5836769696869351426,evaluation,demo_baseline,819.5647448623124,0,0,inf,inf,133,736.0381398167336
RR,0,246,7021095595029184463,evaluation,demo_baseline,819.5647448623124,0,0,inf,296.0,131,835.0823795155492
RR,0,247,9023183915080514054,evaluation,demo_baseline,819.5647448623124,0,0,inf,inf,123,597.8004003316998
RR,0,248,3797790028228964607,evaluation,demo_baseline,819.5647448623124,0,0,inf,inf,138,754.1183831531994
RR,0,249,7353453280430166130,evaluation,demo_baseline,819.5647448623124,0,0,inf,inf,117,647.5728145429383
RR,0,250,3633555931827397861,evaluation,demo_baseline,819.5647448623124,0,0,inf,inf,104,580.3793758623249
RR,0,251,9206793749564725879,evaluation,demo_baseline,819.5647448623124,0,0,inf,inf,131,643.8363549764741
RR,0,252,7837731655786224972,evaluation,demo_baseline,819.5647448623124,0,0,inf,inf,125,675.9738676017733
RR,0,253,3785594029806709871,evaluation,demo_baseline,819.5647448623124,0,0,inf,inf,112,576.0491859337013
RR,0,254,3612878603079400879,evaluation,demo_baseline,819.5647448623124,0,0,inf,inf,133,688.8407048723795
RR,0,255,4296451278734207083,evaluation,demo_baseline,819.5647448623124,0,0,inf,inf,113,658.8143836250291
RR,0,256,7765703592321710604,evaluation,demo_baseline,819.5647448623124,0,0,inf,inf,116,616.6512960923604
RR,0,257,7165029052551542843,evaluation,demo_baseline,819.5647448623124,0,0,inf,inf,121,586.7513701296007
RR,0,258,6597871058867155590,evaluation,demo_baseline,819.5647448623124,0,0,inf,inf,119,652.7841997287882
RR,0,259,5978272051685569626,evaluation,demo_baseline,819.5647448623124,0,0,inf,inf,142,653.6247134296495
RR,0,260,5976683844617959601,evaluation,demo_baseline,819.5647448623124,0,0,inf,inf,121,625.5444630726806
RR,0,261,4427241528495031103,evaluation,demo_baseline,819.5647448623124,0,0,inf,inf,130,724.9985565499152
RR,0,262,3726223160237576916,evaluation,demo_baseline,819.5647448623124,0,0,inf,inf,130,611.3727694371161
RR,0,263,7197494529223839682,evaluation,demo_baseline,819.5647448623124,0,0,inf,inf,116,618.5415266247201
RR,0,264,2030586880026507704,evaluation,demo_baseline,819.5647448623124,0,0,inf,inf,137,784.4810801431804
RR,0,265,9222356347829546681,evaluation,demo_baseline,819.5647448623124,0,0,inf,inf,122,577.7248897019418
RR,0,266,1230013054892569791,evaluation,demo_baseline,819.5647448623124,0,0,inf,inf,127,594.2048367152595
RR,0,267,7196756926706743523,evaluation,demo_baseline,819.5647448623124,0,0,inf,inf,123,615.0183534213435
RR,0,268,6665040081368981454,evaluation,demo_baseline,819.5647448623124,0,0,inf,inf,134,595.9857633377084
RR,0,269,3563918011287354438,evaluation,demo_baseline,819.5647448623124,0,0,inf,inf,125,719.5267190017728
RR,0,270,5703082102425793143,evaluation,demo_baseline,819.5647448623124,0,0,inf,inf,147,696.1790792909101
RR,0,271,7644704260965864536,evaluation,demo_baseline,819.5647448623124,0,0,inf,inf,127,652.2920036012699
RR,0,272,3905217037543721279,evaluation,demo_baseline,819.5647448623124,0,0,inf,inf,113,568.4586388974873
RR,0,273,1128599536355003028,evaluation,demo_baseline,819.5647448623124,0,0,inf,inf,130,710.1440485339133
RR,0,274,5037037098284453549,evaluation,demo_baseline,819.5647448623124,0,0,inf,inf,125,678.1491227111621
RR,0,275,4968732524386214337,evaluation,demo_baseline,819.5647448623124,0,0,inf,inf,117,625.6753429055889
RR,0,276,8531805802742849344,evaluation,demo_baseline,819.5647448623124,0,0,inf,inf,127,618.1323264148982
RR,0,277,4784929776676455917,evaluation,demo_baseline,819.5647448623124,0,0,inf,inf,131,772.6666949943592
RR,0,278,4578220562513634502,evaluation,demo_baseline,819.5647448623124,0,0,inf,289.0,155,928.1688051288547
RR,0,279,7937991658133079781,evaluation,demo_baseline,819.5647448623124,0,0,inf,inf,131,692.9597693374355
RR,0,280,9026332519488547615,evaluation,demo_baseline,819.5647448623124,0,0,inf,161.0,151,898.457998936561
RR,0,281,2389122057314347451,evaluation,demo_baseline,819.5647448623124,0,0,inf,inf,129,694.1853813096295
RR,0,282,8850834791278605968,evaluation,demo_baseline,819.5647448623124,0,0,inf,inf,122,633.2498670319484
RR,0,283,5329053395906647801,evaluation,demo_baseline,819.5647448623124,0,0,inf,inf,127,722.04377755692
RR,0,284,2634153964774702909,evaluation,demo_baseline,819.5647448623124,0,0,inf,inf,122,604.425805780297
RR,0,285,8443055662693070608,evaluation,demo_baseline,819.5647448623124,0,0,inf,inf,135,693.4011790559381
RR,0,286,6876886447574768834,evaluation,demo_baseline,819.5647448623124,0,0,inf,inf,134,687.9360025712551
RR,0,287,8405074736943812733,evaluation,demo_baseline,819.5647448623124,0,0,inf,inf,122,579.5915644893396
RR,0,288,1720651264909722329,evaluation,demo_baseline,819.5647448623124,0,0,inf,inf,109,670.9398123601798
RR,0,289,3667273171607761821,evaluation,demo_baseline,819.5647448623124,0,0,inf,inf,129,592.2734978666815
RR,0,290,4062305696969794993,evaluation,demo_baseline,819.5647448623124,0,0,inf,inf,127,743.8499487790853
RR,0,291,502567128709761817,evaluation,demo_baseline,819.5647448623124,0,0,inf,inf,110,494.9306941253865
RR,0,292,216849370311576336,evaluation,demo_baseline,819.5647448623124,0,0,inf,inf,116,683.9672759413963
RR,0,293,5821361134638117809,evaluation,demo_baseline,819.5647448623124,0,0,inf,inf,114,510.36728398918984
RR,0,294,8270141684058823810,evaluation,demo_baseline,819.5647448623124,0,0,inf,inf,116,700.538960958309
RR,0,295,3385933658418074416,evaluation,demo_baseline,819.5647448623124,0,0,inf,inf,123,815.277488132415
RR,0,296,5813693927838375610,evaluation,demo_baseline,819.5647448623124,0,0,inf,inf,126,586.3242893720983
RR,0,297,4910531466480561200,evaluation,demo_baseline,819.5647448623124,0,0,inf,inf,129,723.6253679608129
RR,0,298,7323118616958994260,evaluation,demo_baseline,819.5647448623124,0,0,inf,inf,123,632.3820408828242
RR,0,299,4710604127280554294,evaluation,demo_baseline,819.5647448623124,0,0,inf,inf,105,559.404629078584
RR,0,300,8493351575643454032,evaluation,demo_baseline,819.5647448623124,0,0,inf,inf,127,638.5608559407793
RR,0,301,1055848660474972897,evaluation,demo_baseline,819.5647448623124,0,0,inf,inf,113,747.294682177573
RR,0,302,2210493286629944708,evaluation,demo_baseline,819.5647448623124,0,0,inf,inf,136,763.4069886803503
RR,0,303,2636895874881834172,evaluation,demo_baseline,819.5647448623124,0,0,inf,inf,121,638.6339675019859
RR,0,304,6779703046849393222,evaluation,demo_baseline,819.5647448623124,0,0,inf,inf,109,587.8030542983771
RR,0,305,4841235863574434614,evaluation,demo_baseline,819.5647448623124,0,0,inf,inf,117,775.5746366515751
RR,0,306,1978244907929982802,evaluation,demo_baseline,819.5647448623124,0,0,inf,inf,144,739.5385712059139
RR,0,307,8434514405305633702,evaluation,demo_baseline,819.5647448623124,0,0,inf,211.0,145,830.7873938327435
RR,0,308,1744721805959607682,evaluation,demo_baseline,819.5647448623124,0,0,inf,inf,145,782.73105413635
RR,0,309,2892958622483548773,evaluation,demo_baseline,819.5647448623124,0,0,inf,inf,125,615.1984311062824
RR,0,310,8114865965475682810,evaluation,demo_baseline,819.5647448623124,0,0,inf,inf,109,571.1383096551988
RR,0,311,6327745923486595545,evaluation,demo_baseline,819.5647448623124,0,0,inf,inf,136,644.4843451768764
RR,0,312,1210116409272983705,evaluation,demo_baseline,819.5647448623124,0,0,inf,inf,117,599.0184146076824
RR,0,313,41766527973741635,evaluation,demo_baseline,819.5647448623124,0,0,inf,inf,118,583.1008693010999
RR,0,314,7027869340598039287,evaluation,demo_baseline,819.5647448623124,0,0,inf,inf,115,616.5338030854308
RR,0,315,5192832489434814471,evaluation,demo_baseline,819.5647448623124,0,0,inf,inf,141,741.738150107769
RR,0,316,6319433704498413433,evaluation,demo_baseline,819.5647448623124,0,0,inf,inf,131,682.5825634138506
RR,0,317,1728123169626317868,evaluation,demo_baseline,819.5647448623124,0,0,inf,inf,130,756.9026796122189
RR,0,318,9027833870638903882,evaluation,demo_baseline,819.5647448623124,0,0,inf,inf,136,755.2948533663518
RR,0,319,8005717421129057456,evaluation,demo_baseline,819.5647448623124,0,0,inf,inf,121,689.5757340499397
RR,0,320,2312169078444107985,evaluation,demo_baseline,819.5647448623124,0,0,inf,inf,129,635.0468006096563
RR,0,321,4392988648656831171,evaluation,demo_baseline,819.5647448623124,0,0,inf,inf,115,528.0355357084993
RR,0,322,2851119823384185380,evaluation,demo_baseline,819.5647448623124,0,0,inf,inf,108,520.2754576855318
RR,0,323,1244363750475111587,evaluation,demo_baseline,819.5647448623124,0,0,inf,inf,134,712.2775489565182
RR,0,324,3140345811194797990,evaluation,demo_baseline,819.5647448623124,0,0,inf,inf,119,689.5028338436085
RR,0,325,8743378556852144772,evaluation,demo_baseline,819.5647448623124,0,0,inf,inf,133,631.5410673100182
RR,0,326,5343753722023850539,evaluation,demo_baseline,819.5647448623124,0,0,inf,inf,112,604.564482764183
RR,0,327,3880555676316000921,evaluation,demo_baseline,819.5647448623124,0,0,inf,inf,129,766.6134093372407
RR,0,328,8566246955366187131,evaluation,demo_baseline,819.5647448623124,0,0,inf,193.0,131,858.477100836559
RR,0,329,6275831587155259650,evaluation,demo_baseline,819.5647448623124,0,0,inf,inf,137,740.011577656948
RR,0,330,6331146840500867356,evaluation,demo_baseline,819.5647448623124,0,0,inf,inf,121,663.3325544183515
RR,0,331,2986661700386791459,evaluation,demo_baseline,819.5647448623124,0,0,inf,inf,138,728.7018862661607
RR,0,332,5193839620419267549,evaluation,demo_baseline,819.5647448623124,0,0,inf,inf,134,718.5997988907984
RR,0,333,8275599768806677138,evaluation,demo_baseline,819.5647448623124,0,0,inf,inf,112,646.8396052653812
RR,0,334,9056961089631383811,evaluation,demo_baseline,819.5647448623124,0,0,inf,inf,117,583.9676805545146
RR,0,335,8639396009953516430,evaluation,demo_baseline,819.5647448623124,0,0,inf,inf,110,730.6454630220632
RR,0,336,5693010925784292975,evaluation,demo_baseline,819.5647448623124,0,0,inf,inf,116,676.0149500465168
RR,0,337,5586051495594088300,evaluation,demo_baseline,819.5647448623124,0,0,inf,inf,123,734.1367264570886
RR,0,338,747209027662713493,evaluation,demo_baseline,819.5647448623124,0,0,inf,inf,114,566.6714753801068
RR,0,339,5209686627295675033,evaluation,demo_baseline,819.5647448623124,0,0,inf,inf,144,705.6463105570762
RR,0,340,4663256123157051361,evaluation,demo_baseline,819.5647448623124,0,0,inf,inf,123,664.1113719187398
RR,0,341,4423773294277102067,evaluation,demo_baseline,819.5647448623124,0,0,inf,inf,113,600.6489232070861
RR,0,342,490185666020609092,evaluation,demo_baseline,819.5647448623124,0,0,inf,inf,135,707.0819170061991
RR,0,343,4957852769666506336,evaluation,demo_baseline,819.5647448623124,0,0,inf,inf,114,642.6501931678905
RR,0,344,7203438160252848523,evaluation,demo_baseline,819.5647448623124,0,0,inf,inf,130,659.6235594086148
RR,0,345,5319849703231445897,evaluation,demo_baseline,819.5647448623124,0,0,inf,inf,122,626.1427136745172
RR,0,346,6277809952158715233,evaluation,demo_baseline,819.5647448623124,0,0,inf,inf,136,608.6362804174827
RR,0,347,2961262017183382251,evaluation,demo_baseline,819.5647448623124,0,0,inf,inf,135,698.804665224826
RR,0,348,7038696015132269934,evaluation,demo_baseline,819.5647448623124,0,0,inf,inf,142,707.3335368310151
RR,0,349,4940131981589064541,evaluation,demo_baseline,819.5647448623124,0,0,inf,inf,113,633.8513410654227
RR,0,350,5278733855919350252,evaluation,demo_baseline,819.5647448623124,0,0,inf,inf,125,670.5049290412378
RR,0,351,7049603552951105851,evaluation,demo_baseline,819.5647448623124,0,0,inf,inf,121,588.907552872408
RR,0,352,4609804683069965927,evaluation,demo_baseline,819.5647448623124,0,0,inf,inf,130,651.3889236633105
RR,0,353,799665075788052532,evaluation,demo_baseline,819.5647448623124,0,0,inf,inf,123,640.7302207167273
RR,0,354,4244858524762015690,evaluation,demo_baseline,819.5647448623124,0,0,inf,inf,140,779.7892105313401
RR,0,355,1556768764682232303,evaluation,demo_baseline,819.5647448623124,0,0,inf,inf,146,786.3548864010082
RR,0,356,1505698682641078134,evaluation,demo_baseline,819.5647448623124,0,0,inf,inf,135,655.9123637610137
RR,0,357,3866731967429579048,evaluation,demo_baseline,819.5647448623124,0,0,inf,inf,125,510.2128863592326
RR,0,358,2664372362423539911,evaluation,demo_baseline,819.5647448623124,0,0,inf,inf,120,711.4328055959248
RR,0,359,2207386232000577220,evaluation,demo_baseline,819.5647448623124,0,0,inf,inf,137,706.7231506875372
RR,0,360,793629356110637129,evaluation,demo_baseline,819.5647448623124,0,0,inf,inf,117,711.3714868377364
RR,0,361,3778516945052411668,evaluation,demo_baseline,819.5647448623124,0,0,inf,inf,114,675.2575990435686
RR,0,362,1332446756178136154,evaluation,demo_baseline,819.5647448623124,0,0,inf,inf,114,535.9392099263843
RR,0,363,2021576292014195733,evaluation,demo_baseline,819.5647448623124,0,0,inf,inf,118,639.190402510772
RR,0,364,4572108385551411864,evaluation,demo_baseline,819.5647448623124,0,0,inf,inf,143,778.9822726591493
RR,0,365,219430751272852770,evaluation,demo_baseline,819.5647448623124,0,0,inf,inf,130,774.7479038896987
RR,0,366,8269053036236356749,evaluation,demo_baseline,819.5647448623124,0,0,inf,inf,118,574.4026861383313
RR,0,367,5488019945494207558,evaluation,demo_baseline,819.5647448623124,0,0,inf,inf,143,756.5730125878521
RR,0,368,9211123266268921731,evaluation,demo_baseline,819.5647448623124,0,0,inf,inf,136,720.6924377638937
RR,0,369,6839899334313099827,evaluation,demo_baseline,819.5647448623124,0,0,inf,inf,110,610.4281714479547
RR,0,370,2859443414598322397,evaluation,demo_baseline,819.5647448623124,0,0,inf,inf,113,625.7960205483975
RR,0,371,8245067279248499523,evaluation,demo_baseline,819.5647448623124,0,0,inf,inf,129,614.1895582052056
RR,0,372,5534675759024796463,evaluation,demo_baseline,819.5647448623124,0,0,inf,inf,125,618.5928191019983
RR,0,373,3043557233195640025,evaluation,demo_baseline,819.5647448623124,0,0,inf,inf,132,670.3633589593318
RR,0,374,172095221257705517,evaluation,demo_baseline,819.5647448623124,0,0,inf,inf,125,591.9408976124539
RR,0,375,4040722569764669526,evaluation,demo_baseline,819.5647448623124,0,0,inf,inf,129,651.3487950670387
RR,0,376,972229400433159238,evaluation,demo_baseline,819.5647448623124,0,0,inf,inf,111,598.2602169242497
RR,0,377,4272269269507268722,evaluation,demo_baseline,819.5647448623124,0,0,inf,inf,118,577.6241607280243
RR,0,378,7956466937684276734,evaluation,demo_baseline,819.5647448623124,0,0,inf,inf,114,627.118511510588
RR,0,379,4785995792478133182,evaluation,demo_baseline,819.5647448623124,0,0,inf,inf,132,803.8723215172296
RR,0,380,1376926567487303433,evaluation,demo_baseline,819.5647448623124,0,0,inf,inf,149,788.7413398033827
RR,0,381,4655505743658736163,evaluation,demo_baseline,819.5647448623124,0,0,inf,inf,134,686.0623712901779
RR,0,382,7120752789104754434,evaluation,demo_baseline,819.5647448623124,0,0,inf,inf,120,572.5126239266787
RR,0,383,792735638990057263,evaluation,demo_baseline,819.5647448623124,0,0,inf,inf,127,772.1489758451929
RR,0,384,6250251390550570341,evaluation,demo_baseline,819.5647448623124,0,0,inf,inf,105,550.6742604026024
RR,0,385,2555868869517475824,evaluation,demo_baseline,819.5647448623124,0,0,inf,inf,124,796.5523682476284
RR,0,386,5616116443204936991,evaluation,demo_baseline,819.5647448623124,0,0,inf,inf,113,481.58442857362616
RR,0,387,7386264891519787269,evaluation,demo_baseline,819.5647448623124,0,0,inf,258.0,137,846.0964846394547
RR,0,388,5126297944054772800,evaluation,demo_baseline,819.5647448623124,0,0,inf,inf,122,589.8105897858404
RR,0,389,2933819364637268715,evaluation,demo_baseline,819.5647448623124,0,0,inf,inf,117,653.8806479824126
RR,0,390,6272809591853348147,evaluation,demo_baseline,819.5647448623124,0,0,inf,inf,115,594.2072525112671
RR,0,391,4339014216059128202,evaluation,demo_baseline,819.5647448623124,0,0,inf,inf,116,635.4534387188016
RR,0,392,3599661972587589629,evaluation,demo_baseline,819.5647448623124,0,0,inf,inf,127,577.7636200031742
RR,0,393,7767225383438767488,evaluation,demo_baseline,819.5647448623124,0,0,inf,inf,127,730.1527706254049
RR,0,394,3413665714383763967,evaluation,demo_baseline,819.5647448623124,0,0,inf,inf,113,598.6681646479866
RR,0,395,3253941498128559159,evaluation,demo_baseline,819.5647448623124,0,0,inf,129.0,141,822.1168551186447
RR,0,396,20835885183533337,evaluation,demo_baseline,819.5647448623124,0,0,inf,inf,125,673.6218875378001
RR,0,397,745677707859084409,evaluation,demo_baseline,819.5647448623124,0,0,inf,inf,114,628.5460686172956
RR,0,398,819170369803189545,evaluation,demo_baseline,819.5647448623124,0,0,inf,inf,114,556.1755634081434
RR,0,399,7680526043466432002,evaluation,demo_baseline,819.5647448623124,0,0,inf,inf,152,711.8151571450821
RR,0,400,2851897271461770799,evaluation,demo_baseline,819.5647448623124,0,0,inf,inf,140,777.1100360622686
RR,0,401,5931478444402299320,evaluation,demo_baseline,819.5647448623124,0,0,inf,inf,136,691.7951414536536
RR,0,402,4782052255509307381,evaluation,demo_baseline,819.5647448623124,0,0,inf,inf,153,654.7011976511749
RR,0,403,6324025766956001326,evaluation,demo_baseline,819.5647448623124,0,0,inf,inf,135,630.2203058571957
RR,0,404,2814740039776440512,evaluation,demo_baseline,819.5647448623124,0,0,inf,inf,128,728.6721636022642
RR,0,405,9196999692333793328,evaluation,demo_baseline,819.5647448623124,0,0,inf,inf,112,725.8234556714945
RR,0,406,2633226880603871267,evaluation,demo_baseline,819.5647448623124,0,0,inf,inf,125,633.210283349764
RR,0,407,6432394011941680267,evaluation,demo_baseline,819.5647448623124,0,0,inf,inf,126,647.8403085552976
RR,0,408,7745226466817262668,evaluation,demo_baseline,819.5647448623124,0,0,inf,inf,123,705.8728759757809
RR,0,409,4241383714231553921,evaluation,demo_baseline,819.5647448623124,0,0,inf,inf,116,633.1766470465599
RR,0,410,5203041581118646130,evaluation,demo_baseline,819.5647448623124,0,0,inf,inf,111,617.6042671672737
RR,0,411,5770570744868048505,evaluation,demo_baseline,819.5647448623124,0,0,inf,inf,110,656.5139991904003
RR,0,412,2991591618246490557,evaluation,demo_baseline,819.5647448623124,0,0,inf,inf,116,634.6070193757013
RR,0,413,2686255344903223315,evaluation,demo_baseline,819.5647448623124,0,0,inf,inf,111,629.2867365694435
RR,0,414,2046211405030020369,evaluation,demo_baseline,819.5647448623124,0,0,inf,inf,124,588.7925580230919
RR,0,415,7216176809060233195,evaluation,demo_baseline,819.5647448623124,0,0,inf,inf,114,640.1484804718394
RR,0,416,6111931453751489781,evaluation,demo_baseline,819.5647448623124,0,0,inf,inf,123,630.8869359987559
RR,0,417,1382807859513263138,evaluation,demo_baseline,819.5647448623124,0,0,inf,inf,125,664.7784904645761
RR,0,418,3160593327977031446,evaluation,demo_baseline,819.5647448623124,0,0,inf,inf,125,784.717221282094
RR,0,419,5240181438638899838,evaluation,demo_baseline,819.5647448623124,0,0,inf,inf,112,605.4801512256181
RR,0,420,8130349273361010323,evaluation,demo_baseline,819.5647448623124,0,0,inf,inf,109,600.4052017373826
RR,0,421,5645299502994919672,evaluation,demo_baseline,819.5647448623124,0,0,inf,inf,129,651.7299789251748
RR,0,422,8837637459921139281,evaluation,demo_baseline,819.5647448623124,0,0,inf,inf,152,723.8333848565758
RR,0,423,5784060488693617510,evaluation,demo_baseline,819.5647448623124,0,0,inf,inf,109,605.2428862705691
RR,0,424,5045276410183974553,evaluation,demo_baseline,819.5647448623124,0,0,inf,inf,129,719.8997920613691
RR,0,425,1218733435157470108,evaluation,demo_baseline,819.5647448623124,0,0,inf,inf,119,544.2021847954452
RR,0,426,2124650253869831852,evaluation,demo_baseline,819.5647448623124,0,0,inf,inf,119,722.0492709049216
RR,0,427,914852165995576681,evaluation,demo_baseline,819.5647448623124,0,0,inf,inf,119,790.7451443068927
RR,0,428,8059502200743056450,evaluation,demo_baseline,819.5647448623124,0,0,inf,inf,118,650.3755894009665
RR,0,429,4975629254747303789,evaluation,demo_baseline,819.5647448623124,0,0,inf,inf,120,575.5385209504634
RR,0,430,2419592673876213587,evaluation,demo_baseline,819.5647448623124,0,0,inf,inf,121,592.7001106908438
RR,0,431,4261054580085587810,evaluation,demo_baseline,819.5647448623124,0,0,inf,inf,141,789.4608817051507
RR,0,432,1333214999771282965,evaluation,demo_baseline,819.5647448623124,0,0,inf,inf,123,781.178582397203
RR,0,433,3662497922445060192,evaluation,demo_baseline,819.5647448623124,0,0,inf,inf,127,558.0396232928185
RR,0,434,1866214074934714395,evaluation,demo_baseline,819.5647448623124,0,0,inf,inf,104,538.5899498967184
RR,0,435,6953600916809769616,evaluation,demo_baseline,819.5647448623124,0,0,inf,inf,113,617.8699142177898
RR,0,436,2159013872641725966,evaluation,demo_baseline,819.5647448623124,0,0,inf,inf,125,607.9639150198766
RR,0,437,1792150299827425663,evaluation,demo_baseline,819.5647448623124,0,0,inf,inf,135,695.455656235918
RR,0,438,476212618570053186,evaluation,demo_baseline,819.5647448623124,0,0,inf,inf,142,703.261070826511
RR,0,439,5809996808361728498,evaluation,demo_baseline,819.5647448623124,0,0,inf,inf,126,708.685045792617
RR,0,440,1401441113415266885,evaluation,demo_baseline,819.5647448623124,0,0,inf,inf,130,631.071828293101
RR,0,441,3766827271515177874,evaluation,demo_baseline,819.5647448623124,0,0,inf,inf,134,678.4005815477894
RR,0,442,4473500326415769577,evaluation,demo_baseline,819.5647448623124,0,0,inf,inf,150,780.25376043498
RR,0,443,2410444319069082188,evaluation,demo_baseline,819.5647448623124,0,0,inf,inf,153,681.3462579853865
RR,0,444,3067958457259905036,evaluation,demo_baseline,819.5647448623124,0,0,inf,inf,112,544.301284392983
RR,0,445,3616584605040994895,evaluation,demo_baseline,819.5647448623124,0,0,inf,inf,107,556.5453339378776
RR,0,446,6351903769866984807,evaluation,demo_baseline,819.5647448623124,0,0,inf,inf,116,594.4694819344735
RR,0,447,4263412290479921179,evaluation,demo_baseline,819.5647448623124,0,0,inf,inf,121,671.3928945741309
RR,0,448,5623981870126122353,evaluation,demo_baseline,819.5647448623124,0,0,inf,inf,130,671.3673472292762
RR,0,449,4441059241026689110,evaluation,demo_baseline,819.5647448623124,0,0,inf,inf,125,645.6803067508782
RR,0,450,5071546945909116362,evaluation,demo_baseline,819.5647448623124,0,0,inf,inf,129,699.2195728697351
RR,0,451,930313784368240076,evaluation,demo_baseline,819.5647448623124,0,0,inf,inf,125,714.4160788030379
RR,0,452,8019290117566530356,evaluation,demo_baseline,819.5647448623124,0,0,inf,inf,143,738.3559063014643
RR,0,453,7966826887842018894,evaluation,demo_baseline,819.5647448623124,0,0,inf,inf,122,702.5292658277046
RR,0,454,7532992208328370068,evaluation,demo_baseline,819.5647448623124,0,0,inf,inf,123,767.7866575245303
RR,0,455,1751019466765076211,evaluation,demo_baseline,819.5647448623124,0,0,inf,inf,110,569.3130029127105
RR,0,456,1232652525532605146,evaluation,demo_baseline,819.5647448623124,0,0,inf,inf,142,709.5482371179104
RR,0,457,4251503085325112689,evaluation,demo_baseline,819.5647448623124,0,0,inf,inf,125,676.8555459448021
RR,0,458,6662895322606496561,evaluation,demo_baseline,819.5647448623124,0,0,inf,inf,124,730.2733281257742
RR,0,459,3847379472863713180,evaluation,demo_baseline,819.5647448623124,0,0,inf,inf,137,719.8918691701715
RR,0,460,781509980673260915,evaluation,demo_baseline,819.5647448623124,0,0,inf,inf,128,695.0342092189833
RR,0,461,5956694384749043447,evaluation,demo_baseline,819.5647448623124,0,0,inf,inf,131,768.8622032552594
RR,0,462,6331139418170774270,evaluation,demo_baseline,819.5647448623124,0,0,inf,inf,121,602.1070496443041
RR,0,463,952754563010443711,evaluation,demo_baseline,819.5647448623124,0,0,inf,260.0,128,862.6712697925711
RR,0,464,8829104698420761535,evaluation,demo_baseline,819.5647448623124,0,0,inf,inf,122,587.9101822330796
RR,0,465,5616138098932903846,evaluation,demo_baseline,819.5647448623124,0,0,inf,inf,124,671.4240860008878
RR,0,466,5039372688598817108,evaluation,demo_baseline,819.5647448623124,0,0,inf,inf,127,670.2033249856661
RR,0,467,1062651519225928901,evaluation,demo_baseline,819.5647448623124,0,0,inf,inf,134,724.072728698413
RR,0,468,6277692156558481744,evaluation,demo_baseline,819.5647448623124,0,0,inf,122.0,147,908.1625385516363
RR,0,469,4407174567279206824,evaluation,demo_baseline,819.5647448623124,0,0,inf,inf,131,649.9051060922538
RR,0,470,7569454761127720727,evaluation,demo_baseline,819.5647448623124,0,0,inf,inf,129,688.4510828265489
RR,0,471,8856949998017418236,evaluation,demo_baseline,819.5647448623124,0,0,inf,inf,110,669.0963487669975
RR,0,472,3367980504654377533,evaluation,demo_baseline,819.5647448623124,0,0,inf,inf,122,581.5228011195268
RR,0,473,802639678431690929,evaluation,demo_baseline,819.5647448623124,0,0,inf,inf,109,589.9514241440684
RR,0,474,2656997181187803568,evaluation,demo_baseline,819.5647448623124,0,0,inf,inf,130,616.7061203365895
RR,0,475,2939025825463014100,evaluation,demo_baseline,819.5647448623124,0,0,inf,inf,121,710.9006399550949
RR,0,476,707940062214248965,evaluation,demo_baseline,819.5647448623124,0,0,inf,inf,136,622.0078781914931
RR,0,477,6038591321445641055,evaluation,demo_baseline,819.5647448623124,0,0,inf,inf,109,566.1186078566776
RR,0,478,7650288672002029282,evaluation,demo_baseline,819.5647448623124,0,0,inf,inf,152,744.8404110230424
RR,0,479,6603641203435602292,evaluation,demo_baseline,819.5647448623124,0,0,inf,inf,131,696.4975851679008
RR,0,480,5316045169328545924,evaluation,demo_baseline,819.5647448623124,0,0,inf,inf,130,623.0877445856963
RR,0,481,8239057740594649341,evaluation,demo_baseline,819.5647448623124,0,0,inf,inf,127,679.9820005403576
RR,0,482,724674526326734041,evaluation,demo_baseline,819.5647448623124,0,0,inf,inf,110,523.8546813925092
RR,0,483,2977579609584968359,evaluation,demo_baseline,819.5647448623124,0,0,inf,inf,139,755.4024923222272
RR,0,484,6968860258284085811,evaluation,demo_baseline,819.5647448623124,0,0,inf,inf,128,650.4050705326421
RR,0,485,7281221640412521284,evaluation,demo_baseline,819.5647448623124,0,0,inf,inf,128,678.1397041969511
RR,0,486,1955507321665345925,evaluation,demo_baseline,819.5647448623124,0,0,inf,inf,132,623.9193744797032
RR,0,487,213551185131901137,evaluation,demo_baseline,819.5647448623124,0,0,inf,inf,117,601.6802302693634
RR,0,488,399292329553338527,evaluation,demo_baseline,819.5647448623124,0,0,inf,inf,145,713.8384640768259
RR,0,489,2522965074039064985,evaluation,demo_baseline,819.5647448623124,0,0,inf,inf,133,672.5677793687942
RR,0,490,9044695617953545594,evaluation,demo_baseline,819.5647448623124,0,0,inf,inf,124,691.3735853354686
RR,0,491,5798720311718554834,evaluation,demo_baseline,819.5647448623124,0,0,inf,inf,125,789.8459665650951
RR,0,492,8437533508318653911,evaluation,demo_baseline,819.5647448623124,0,0,inf,inf,113,695.6132883278442
RR,0,493,2587872942163494736,evaluation,demo_baseline,819.5647448623124,0,0,inf,inf,142,818.8551366162878
RR,0,494,2622531383096143465,evaluation,demo_baseline,819.5647448623124,0,0,inf,inf,119,696.0007623096938
RR,0,495,2583058891942831735,evaluation,demo_baseline,819.5647448623124,0,0,inf,inf,112,605.8824186737162
RR,0,496,1710921811427812321,evaluation,demo_baseline,819.5647448623124,0,0,inf,285.0,153,843.60542479544
RR,0,497,8779983608257665676,evaluation,demo_baseline,819.5647448623124,0,0,inf,inf,118,611.5803772625021
RR,0,498,132241731370319846,evaluation,demo_baseline,819.5647448623124,0,0,inf,inf,114,634.4935535676365
RR,0,499,4630405329460913659,evaluation,demo_baseline,819.5647448623124,0,0,inf,inf,118,629.9918665113779
RR,0,500,6215273735482021627,evaluation,demo_baseline,819.5647448623124,0,0,inf,inf,102,585.7042250077751
RR,0,501,6709817812473471890,evaluation,demo_baseline,819.5647448623124,0,0,inf,inf,120,510.72571962233656
RR,0,502,420124516681337941,evaluation,demo_baseline,819.5647448623124,0,0,inf,inf,112,726.1661990406349
RR,0,503,4319859657663827025,evaluation,demo_baseline,819.5647448623124,0,0,inf,inf,127,737.8118167498463
RR,0,504,3402224252341565470,evaluation,demo_baseline,819.5647448623124,0,0,inf,inf,123,625.1494642031387
RR,0,505,3965147746489812949,evaluation,demo_baseline,819.5647448623124,0,0,inf,inf,124,589.5509493650076
RR,0,506,2923366174287053838,evaluation,demo_baseline,819.5647448623124,0,0,inf,inf,102,536.7604431563998
RR,0,507,7222062703562427048,evaluation,demo_baseline,819.5647448623124,0,0,inf,182.0,137,830.2345437763995
RR,0,508,1094597683085608209,evaluation,demo_baseline,819.5647448623124,0,0,inf,inf,117,674.9135009871683
RR,0,509,1914005971173928955,evaluation,demo_baseline,819.5647448623124,0,0,inf,inf,121,629.71192120172
RR,0,510,7067103182073732084,evaluation,demo_baseline,819.5647448623124,0,0,inf,inf,143,764.8176091101815
RR,0,511,2945494236844481237,evaluation,demo_baseline,819.5647448623124,0,0,inf,inf,142,784.7336890692827
RR,0,512,1113098036842179245,evaluation,demo_baseline,819.5647448623124,0,0,inf,inf,125,638.4946996405715
RR,0,513,5343154005493710243,evaluation,demo_baseline,819.5647448623124,0,0,inf,inf,130,694.3681964733258
RR,0,514,566889610031331072,evaluation,demo_baseline,819.5647448623124,0,0,inf,inf,140,737.0110646421765
RR,0,515,5762772214498318752,evaluation,demo_baseline,819.5647448623124,0,0,inf,inf,127,661.9454426998936
RR,0,516,4001549859494864618,evaluation,demo_baseline,819.5647448623124,0,0,inf,inf,119,735.1852321892698
RR,0,517,8352064541585595225,evaluation,demo_baseline,819.5647448623124,0,0,inf,inf,123,731.1456367264589
RR,0,518,4091948738824297741,evaluation,demo_baseline,819.5647448623124,0,0,inf,inf,113,601.3218893527538
RR,0,519,2704015865262788065,evaluation,demo_baseline,819.5647448623124,0,0,inf,inf,120,621.7040344980156
RR,0,520,6675885362643373168,evaluation,demo_baseline,819.5647448623124,0,0,inf,inf,129,697.4630213690275
RR,0,521,8654083488913184777,evaluation,demo_baseline,819.5647448623124,0,0,inf,inf,131,792.3276553980978
RR,0,522,8366700432652984307,evaluation,demo_baseline,819.5647448623124,0,0,inf,inf,143,717.5427317200426
RR,0,523,5534513594030296830,evaluation,demo_baseline,819.5647448623124,0,0,inf,inf,117,581.186606512573
RR,0,524,7311896212066179456,evaluation,demo_baseline,819.5647448623124,0,0,inf,inf,124,675.7670999588934
RR,0,525,6686292752349307143,evaluation,demo_baseline,819.5647448623124,0,0,inf,inf,118,702.7105451154158
RR,0,526,8793598445980183266,evaluation,demo_baseline,819.5647448623124,0,0,inf,inf,126,609.9368895254071
RR,0,527,1756543354973169440,evaluation,demo_baseline,819.5647448623124,0,0,inf,inf,143,751.1656303808186
RR,0,528,8782681226091828293,evaluation,demo_baseline,819.5647448623124,0,0,inf,230.0,146,982.9995801809482
RR,0,529,1718818675925466636,evaluation,demo_baseline,819.5647448623124,0,0,inf,inf,124,591.90921829292
RR,0,530,7252314329556534603,evaluation,demo_baseline,819.5647448623124,0,0,inf,inf,107,523.9174962225912
RR,0,531,8378448439960748303,evaluation,demo_baseline,819.5647448623124,0,0,inf,inf,118,634.5860861515779
RR,0,532,8193311249958951906,evaluation,demo_baseline,819.5647448623124,0,0,inf,inf,105,524.5075637319992
RR,0,533,6637003245890201417,evaluation,demo_baseline,819.5647448623124,0,0,inf,inf,107,569.7232727257871
RR,0,534,4553774538467934261,evaluation,demo_baseline,819.5647448623124,0,0,inf,inf,107,571.9851035330007
RR,0,535,6318882430213856875,evaluation,demo_baseline,819.5647448623124,0,0,inf,inf,119,715.0015164766322
RR,0,536,2777935207230293991,evaluation,demo_baseline,819.5647448623124,0,0,inf,190.0,153,833.318778040814
RR,0,537,1476300765025879463,evaluation,demo_baseline,819.5647448623124,0,0,inf,inf,129,729.5661017516394
RR,0,538,8310285984935163162,evaluation,demo_baseline,819.5647448623124,0,0,inf,293.0,147,825.5437072102027
RR,0,539,2746840523153965341,evaluation,demo_baseline,819.5647448623124,0,0,inf,inf,137,744.8569780955072
RR,0,540,7155905593924719507,evaluation,demo_baseline,819.5647448623124,0,0,inf,inf,134,772.2276788695327
RR,0,541,4693779298819202097,evaluation,demo_baseline,819.5647448623124,0,0,inf,inf,124,695.0570640792952
RR,0,542,4158737030049975553,evaluation,demo_baseline,819.5647448623124,0,0,inf,inf,121,647.2446713390646
RR,0,543,9209364678241428223,evaluation,demo_baseline,819.5647448623124,0,0,inf,inf,107,606.7216466428698
RR,0,544,6014011123887416759,evaluation,demo_baseline,819.5647448623124,0,0,inf,inf,129,617.0802642730637
RR,0,545,712095545280277381,evaluation,demo_baseline,819.5647448623124,0,0,inf,inf,140,795.7448916747
RR,0,546,7023686828711650002,evaluation,demo_baseline,819.5647448623124,0,0,inf,inf,122,736.3281368854496
RR,0,547,5689242836425757217,evaluation,demo_baseline,819.5647448623124,0,0,inf,inf,118,480.8081144059776
RR,0,548,3799637021491411311,evaluation,demo_baseline,819.5647448623124,0,0,inf,234.0,155,862.9841910316258
RR,0,549,4870692286938684710,evaluation,demo_baseline,819.5647448623124,0,0,inf,inf,149,817.1022384143916
RR,0,550,9129123698377579526,evaluation,demo_baseline,819.5647448623124,0,0,inf,inf,130,657.8222186009431
RR,0,551,1131196370968318990,evaluation,demo_baseline,819.5647448623124,0,0,inf,inf,142,790.8802390302089
RR,0,552,6229102489525963189,evaluation,demo_baseline,819.5647448623124,0,0,inf,inf,112,586.7683581753037
RR,0,553,3786577073532131534,evaluation,demo_baseline,819.5647448623124,0,0,inf,inf,122,815.6211230217996
RR,0,554,8766457777307262450,evaluation,demo_baseline,819.5647448623124,0,0,inf,inf,127,645.4495227311203
RR,0,555,5445372096171222729,evaluation,demo_baseline,819.5647448623124,0,0,inf,inf,137,629.3864971719961
RR,0,556,2037241228882408006,evaluation,demo_baseline,819.5647448623124,0,0,inf,inf,126,623.5631486944831
RR,0,557,8079414235100082278,evaluation,demo_baseline,819.5647448623124,0,0,inf,inf,127,761.0219185367938
RR,0,558,8010266279320967694,evaluation,demo_baseline,819.5647448623124,0,0,inf,inf,124,672.0439117810733
RR,0,559,2759971193653410619,evaluation,demo_baseline,819.5647448623124,0,0,inf,inf,122,672.5789486653412
RR,0,560,647744758500193663,evaluation,demo_baseline,819.5647448623124,0,0,inf,inf,119,597.057892040974
RR,0,561,533302559336163511,evaluation,demo_baseline,819.5647448623124,0,0,inf,inf,129,699.7117075198097
RR,0,562,7818292385717402271,evaluation,demo_baseline,819.5647448623124,0,0,inf,inf,130,750.0469285471695
RR,0,563,638667943025068167,evaluation,demo_baseline,819.5647448623124,0,0,inf,inf,122,771.3021671254543
RR,0,564,7283999025726165972,evaluation,demo_baseline,819.5647448623124,0,0,inf,inf,135,697.7402850591288
RR,0,565,4450800436384244138,evaluation,demo_baseline,819.5647448623124,0,0,inf,inf,124,675.5526494404056
RR,0,566,3582495623535340786,evaluation,demo_baseline,819.5647448623124,0,0,inf,inf,144,671.2904315850524
RR,0,567,1215181354933371485,evaluation,demo_baseline,819.5647448623124,0,0,inf,inf,122,637.4780670246698
RR,0,568,2232389905865164181,evaluation,demo_baseline,819.5647448623124,0,0,inf,inf,124,672.7167692928693
RR,0,569,230296020472004507,evaluation,demo_baseline,819.5647448623124,0,0,inf,inf,124,651.1741426867458
RR,0,570,5191397021102989730,evaluation,demo_baseline,819.5647448623124,0,0,inf,inf,134,641.4141568301949
RR,0,571,2129522048623995397,evaluation,demo_baseline,819.5647448623124,0,0,inf,inf,121,591.120159098453
RR,0,572,8495092146758186525,evaluation,demo_baseline,819.5647448623124,0,0,inf,inf,113,735.224430840598
RR,0,573,4250695201514731981,evaluation,demo_baseline,819.5647448623124,0,0,inf,inf,120,614.690524806854
RR,0,574,5217223108302918319,evaluation,demo_baseline,819.5647448623124,0,0,inf,inf,111,683.5892375509588
RR,0,575,8821270826193756628,evaluation,demo_baseline,819.5647448623124,0,0,inf,inf,124,681.342081399168
RR,0,576,2542206463552483954,evaluation,demo_baseline,819.5647448623124,0,0,inf,inf,124,635.5841692807148
RR,0,577,3120220457669121838,evaluation,demo_baseline,819.5647448623124,0,0,inf,inf,119,538.0081924106154
RR,0,578,6651583166772832402,evaluation,demo_baseline,819.5647448623124,0,0,inf,inf,133,666.72203820878
RR,0,579,6593029238476614164,evaluation,demo_baseline,819.5647448623124,0,0,inf,inf,121,589.7569612055233
RR,0,580,6589002886023507628,evaluation,demo_baseline,819.5647448623124,0,0,inf,inf,109,586.7700526279172
RR,0,581,5653139470929406534,evaluation,demo_baseline,819.5647448623124,0,0,inf,inf,129,784.7324777652096
RR,0,582,3576637672989784493,evaluation,demo_baseline,819.5647448623124,0,0,inf,inf,129,662.1300811840509
RR,0,583,5472371410337330650,evaluation,demo_baseline,819.5647448623124,0,0,inf,inf,126,612.904987546959
RR,0,584,5033456717844606301,evaluation,demo_baseline,819.5647448623124,0,0,inf,inf,116,595.4021753984865
RR,0,585,1159381416158803290,evaluation,demo_baseline,819.5647448623124,0,0,inf,inf,132,622.3207894184375
RR,0,586,8221576588125449370,evaluation,demo_baseline,819.5647448623124,0,0,inf,inf,130,714.7245289881724
RR,0,587,1284880111342983968,evaluation,demo_baseline,819.5647448623124,0,0,inf,inf,124,621.7242846685829
RR,0,588,7717719225451796354,evaluation,demo_baseline,819.5647448623124,0,0,inf,inf,131,769.4832854117934
RR,0,589,922022647538746740,evaluation,demo_baseline,819.5647448623124,0,0,inf,inf,127,794.0319851528145
RR,0,590,5451664796022626093,evaluation,demo_baseline,819.5647448623124,0,0,inf,inf,114,599.3722102060628
RR,0,591,2243582706106103358,evaluation,demo_baseline,819.5647448623124,0,0,inf,inf,128,750.7658152141379
RR,0,592,4410212012739459675,evaluation,demo_baseline,819.5647448623124,0,0,inf,inf,124,658.77048348334
RR,0,593,2945530004049210174,evaluation,demo_baseline,819.5647448623124,0,0,inf,inf,135,707.4412753283349
RR,0,594,1680078549887198842,evaluation,demo_baseline,819.5647448623124,0,0,inf,inf,129,684.8552395313634
RR,0,595,4361221558018944067,evaluation,demo_baseline,819.5647448623124,0,0,inf,196.0,146,841.1932462478198
RR,0,596,4075746822936164644,evaluation,demo_baseline,819.5647448623124,0,0,inf,inf,121,630.1883130971146
RR,0,597,1237728452097359964,evaluation,demo_baseline,819.5647448623124,0,0,inf,inf,112,597.472534025642
RR,0,598,2107470986047659569,evaluation,demo_baseline,819.5647448623124,0,0,inf,inf,132,689.972731282665
RR,0,599,3756610283205620794,evaluation,demo_baseline,819.5647448623124,0,0,inf,inf,113,528.9458047907713
RR,0,600,1841016929396325739,evaluation,demo_baseline,819.5647448623124,0,0,inf,inf,149,752.8380280860391
RR,0,601,2967693637165072517,evaluation,demo_baseline,819.5647448623124,0,0,inf,inf,147,802.0970707489575
RR,0,602,5891012874464255646,evaluation,demo_baseline,819.5647448623124,0,0,inf,inf,131,684.1643593884748
RR,0,603,2056923738317759884,evaluation,demo_baseline,819.5647448623124,0,0,inf,inf,125,721.6445978582233
RR,0,604,2922577904912735496,evaluation,demo_baseline,819.5647448623124,0,0,inf,inf,132,794.8382111118268
RR,0,605,3495801800538428158,evaluation,demo_baseline,819.5647448623124,0,0,inf,inf,122,793.8746260335196
RR,0,606,8279885237749909074,evaluation,demo_baseline,819.5647448623124,0,0,inf,inf,119,636.0646088901094
RR,0,607,6632930219427968617,evaluation,demo_baseline,819.5647448623124,0,0,inf,inf,128,719.4100017458068
RR,0,608,8171397582441539950,evaluation,demo_baseline,819.5647448623124,0,0,inf,inf,129,669.8814422301378
RR,0,609,8077278321264939706,evaluation,demo_baseline,819.5647448623124,0,0,inf,inf,130,582.2392815027198
RR,0,610,5034097285756366803,evaluation,demo_baseline,819.5647448623124,0,0,inf,inf,120,564.2006774298633
RR,0,611,8704111456312108995,evaluation,demo_baseline,819.5647448623124,0,0,inf,inf,122,661.659582625255
RR,0,612,3014171628907433227,evaluation,demo_baseline,819.5647448623124,0,0,inf,inf,113,694.5087869732758
RR,0,613,8311984036116927883,evaluation,demo_baseline,819.5647448623124,0,0,inf,inf,108,663.1121870654257
RR,0,614,4669516755796260946,evaluation,demo_baseline,819.5647448623124,0,0,inf,inf,138,692.5133984515342
RR,0,615,405508573548493638,evaluation,demo_baseline,819.5647448623124,0,0,inf,inf,128,687.5661055745143
RR,0,616,1181764824223633919,evaluation,demo_baseline,819.5647448623124,0,0,inf,inf,120,741.2769014246376
RR,0,617,7280563289470646429,evaluation,demo_baseline,819.5647448623124,0,0,inf,inf,117,588.8567917130604
RR,0,618,4869003345127682787,evaluation,demo_baseline,819.5647448623124,0,0,inf,inf,117,697.0886643503374
RR,0,619,4514338021999177524,evaluation,demo_baseline,819.5647448623124,0,0,inf,inf,121,686.0073213970244
RR,0,620,3524833816354821786,evaluation,demo_baseline,819.5647448623124,0,0,inf,inf,120,542.4416458325596
RR,0,621,2353228047741491937,evaluation,demo_baseline,819.5647448623124,0,0,inf,inf,128,685.5743499828378
RR,0,622,7977502911919071634,evaluation,demo_baseline,819.5647448623124,0,0,inf,inf,110,535.4005341941466
RR,0,623,986721466373718720,evaluation,demo_baseline,819.5647448623124,0,0,inf,inf,123,685.8150117941018
RR,0,624,8369130418007088544,evaluation,demo_baseline,819.5647448623124,0,0,inf,inf,146,693.6417351974744
RR,0,625,2981911695694036995,evaluation,demo_baseline,819.5647448623124,0,0,inf,inf,122,686.5188349818831
RR,0,626,4895456888233324114,evaluation,demo_baseline,819.5647448623124,0,0,inf,inf,132,612.808316849871
RR,0,627,4900097843018470960,evaluation,demo_baseline,819.5647448623124,0,0,inf,inf,140,680.5845112340925
RR,0,628,1737812350101045641,evaluation,demo_baseline,819.5647448623124,0,0,inf,266.0,132,835.0700988570472
RR,0,629,643745114819292948,evaluation,demo_baseline,819.5647448623124,0,0,inf,inf,125,667.7548444025422
RR,0,630,641818923576531977,evaluation,demo_baseline,819.5647448623124,0,0,inf,inf,119,649.3335417432346
RR,0,631,7804707407616477742,evaluation,demo_baseline,819.5647448623124,0,0,inf,inf,127,701.1143645676882
RR,0,632,7318578036028009364,evaluation,demo_baseline,819.5647448623124,0,0,inf,inf,128,699.427061332137
RR,0,633,8568665636531124265,evaluation,demo_baseline,819.5647448623124,0,0,inf,inf,123,594.1906024322092
RR,0,634,6657413178717593311,evaluation,demo_baseline,819.5647448623124,0,0,inf,inf,130,616.1818107399439
RR,0,635,6168744110608156896,evaluation,demo_baseline,819.5647448623124,0,0,inf,inf,130,653.5388874974236
RR,0,636,7337018363320106067,evaluation,demo_baseline,819.5647448623124,0,0,inf,inf,133,649.7187669404435
RR,0,637,3754200407575868148,evaluation,demo_baseline,819.5647448623124,0,0,inf,inf,126,701.5912359724186
RR,0,638,7550734367440316327,evaluation,demo_baseline,819.5647448623124,0,0,inf,inf,122,687.1168536265935
RR,0,639,5079976146968897931,evaluation,demo_baseline,819.5647448623124,0,0,inf,263.0,119,836.2289413848486
RR,0,640,2672896447908006519,evaluation,demo_baseline,819.5647448623124,0,0,inf,inf,139,755.7783156030345
RR,0,641,7088353786028538814,evaluation,demo_baseline,819.5647448623124,0,0,inf,inf,125,680.8848926671202
RR,0,642,4757983659847375420,evaluation,demo_baseline,819.5647448623124,0,0,inf,229.0,151,916.236773550127
RR,0,643,4907494202742022844,evaluation,demo_baseline,819.5647448623124,0,0,inf,183.0,130,823.3896694408555
RR,0,644,2506690015439996230,evaluation,demo_baseline,819.5647448623124,0,0,inf,inf,114,583.8238847623694
RR,0,645,8362001381790622138,evaluation,demo_baseline,819.5647448623124,0,0,inf,inf,92,510.51692740666
RR,0,646,5070914608073642233,evaluation,demo_baseline,819.5647448623124,0,0,inf,inf,127,600.8163236081406
RR,0,647,9114797597949097570,evaluation,demo_baseline,819.5647448623124,0,0,inf,247.0,137,868.6107094973027
RR,0,648,849294553247917446,evaluation,demo_baseline,819.5647448623124,0,0,inf,227.0,148,855.467789233208
RR,0,649,2428196831812735007,evaluation,demo_baseline,819.5647448623124,0,0,inf,inf,129,648.182491731146
RR,0,650,6442895128918698185,evaluation,demo_baseline,819.5647448623124,0,0,inf,inf,117,570.9598622138737
RR,0,651,2553143057077400102,evaluation,demo_baseline,819.5647448623124,0,0,inf,inf,112,598.7992800883188
RR,0,652,5185456235004436862,evaluation,demo_baseline,819.5647448623124,0,0,inf,271.0,146,867.7473557329964
RR,0,653,8428501423407488880,evaluation,demo_baseline,819.5647448623124,0,0,inf,inf,131,710.5768144279268
RR,0,654,2265248053840660133,evaluation,demo_baseline,819.5647448623124,0,0,inf,inf,141,741.9470610476736
RR,0,655,3229714018533073922,evaluation,demo_baseline,819.5647448623124,0,0,inf,inf,123,665.3455630753195
RR,0,656,3817641202396133022,evaluation,demo_baseline,819.5647448623124,0,0,inf,inf,142,750.8616302134441
RR,0,657,7911888198129400737,evaluation,demo_baseline,819.5647448623124,0,0,inf,269.0,138,856.2275286775979
RR,0,658,8651488128523568109,evaluation,demo_baseline,819.5647448623124,0,0,inf,inf,113,647.1509195455301
RR,0,659,8756996182645722580,evaluation,demo_baseline,819.5647448623124,0,0,inf,inf,123,640.0630543017772
RR,0,660,1258195364516154589,evaluation,demo_baseline,819.5647448623124,0,0,inf,inf,140,705.6841108778254
RR,0,661,1400379972565253586,evaluation,demo_baseline,819.5647448623124,0,0,inf,inf,120,647.916507615753
RR,0,662,1757914467023181341,evaluation,demo_baseline,819.5647448623124,0,0,inf,inf,133,666.2525700688647
RR,0,663,7181820271709159926,evaluation,demo_baseline,819.5647448623124,0,0,inf,inf,129,675.7671016386814
RR,0,664,2127787366564496717,evaluation,demo_baseline,819.5647448623124,0,0,inf,209.0,137,909.7722168223088
RR,0,665,9010716946600818426,evaluation,demo_baseline,819.5647448623124,0,0,inf,inf,128,809.9220262353425
RR,0,666,6912925628032923774,evaluation,demo_baseline,819.5647448623124,0,0,inf,inf,131,701.5661947774647
RR,0,667,7514541448562552265,evaluation,demo_baseline,819.5647448623124,0,0,inf,inf,144,754.6814197811667
RR,0,668,2439982973812316257,evaluation,demo_baseline,819.5647448623124,0,0,inf,inf,138,781.1143819587493
RR,0,669,8240798963995962033,evaluation,demo_baseline,819.5647448623124,0,0,inf,inf,125,590.1657060295245
RR,0,670,280065140697333484,evaluation,demo_baseline,819.5647448623124,0,0,inf,inf,125,643.072703669779
RR,0,671,8211257626607542990,evaluation,demo_baseline,819.5647448623124,0,0,inf,inf,126,686.7901769827536
RR,0,672,7359468005101201339,evaluation,demo_baseline,819.5647448623124,0,0,inf,inf,137,694.5302982573154
RR,0,673,9146778214316120067,evaluation,demo_baseline,819.5647448623124,0,0,inf,inf,117,601.8878111388228
RR,0,674,9110407964102053495,evaluation,demo_baseline,819.5647448623124,0,0,inf,inf,118,635.5936428964443
RR,0,675,4706353810542241908,evaluation,demo_baseline,819.5647448623124,0,0,inf,inf,116,709.2153465811583
RR,0,676,6931539923691525162,evaluation,demo_baseline,819.5647448623124,0,0,inf,inf,114,579.2316638894854
RR,0,677,797677400921221957,evaluation,demo_baseline,819.5647448623124,0,0,inf,inf,121,750.5100958366313
RR,0,678,7933643538392148954,evaluation,demo_baseline,819.5647448623124,0,0,inf,inf,135,778.0661373641527
RR,0,679,1950172378880948481,evaluation,demo_baseline,819.5647448623124,0,0,inf,inf,106,569.7053983127333
RR,0,680,4370740818096961966,evaluation,demo_baseline,819.5647448623124,0,0,inf,inf,122,573.4313531723028
RR,0,681,5366177039971860054,evaluation,demo_baseline,819.5647448623124,0,0,inf,inf,134,766.2915317682474
RR,0,682,116292085973427057,evaluation,demo_baseline,819.5647448623124,0,0,inf,inf,119,612.8299269330554
RR,0,683,2337822075723258915,evaluation,demo_baseline,819.5647448623124,0,0,inf,inf,115,622.2654726872731
RR,0,684,4633711903802192880,evaluation,demo_baseline,819.5647448623124,0,0,inf,293.0,132,873.9776204824311
RR,0,685,5859108343432505864,evaluation,demo_baseline,819.5647448623124,0,0,inf,inf,130,679.7005589478816
RR,0,686,2169014766149175540,evaluation,demo_baseline,819.5647448623124,0,0,inf,inf,124,687.3154745593636
RR,0,687,7017405350145008561,evaluation,demo_baseline,819.5647448623124,0,0,inf,inf,114,560.1036492966682
RR,0,688,406991270135679327,evaluation,demo_baseline,819.5647448623124,0,0,inf,inf,133,649.1397792939299
RR,0,689,189542338660401093,evaluation,demo_baseline,819.5647448623124,0,0,inf,inf,122,712.7949399562385
RR,0,690,4261372713712695920,evaluation,demo_baseline,819.5647448623124,0,0,inf,inf,121,582.7534275211259
RR,0,691,4545595996391005752,evaluation,demo_baseline,819.5647448623124,0,0,inf,inf,119,619.9819626149337
RR,0,692,3710975021326330471,evaluation,demo_baseline,819.5647448623124,0,0,inf,inf,127,778.9002828797221
RR,0,693,3275184070648226813,evaluation,demo_baseline,819.5647448623124,0,0,inf,inf,124,729.7832203295907
RR,0,694,2767202628612182175,evaluation,demo_baseline,819.5647448623124,0,0,inf,inf,108,595.3774723180768
RR,0,695,5217438450394750221,evaluation,demo_baseline,819.5647448623124,0,0,inf,inf,130,628.9051097498169
RR,0,696,3641074478409910061,evaluation,demo_baseline,819.5647448623124,0,0,inf,inf,116,650.0254226322068
RR,0,697,915275891904388496,evaluation,demo_baseline,819.5647448623124,0,0,inf,inf,133,619.5414230591138
RR,0,698,4690533884538999763,evaluation,demo_baseline,819.5647448623124,0,0,inf,inf,130,727.7307425228962
RR,0,699,4185915291693657818,evaluation,demo_baseline,819.5647448623124,0,0,inf,inf,138,665.0777682792656
RR,0,700,8756158610720978114,evaluation,demo_baseline,819.5647448623124,0,0,inf,inf,137,701.8193521129227
RR,0,701,3831447845373009535,evaluation,demo_baseline,819.5647448623124,0,0,inf,241.0,140,875.8547241640842
RR,0,702,8057520957767125225,evaluation,demo_baseline,819.5647448623124,0,0,inf,inf,131,700.8782121629966
RR,0,703,3611337672629374398,evaluation,demo_baseline,819.5647448623124,0,0,inf,inf,122,674.3430371145979
RR,0,704,6071326023311365244,evaluation,demo_baseline,819.5647448623124,0,0,inf,inf,120,608.8186058810574
RR,0,705,4883915356578042391,evaluation,demo_baseline,819.5647448623124,0,0,inf,inf,114,654.6604940256839
RR,0,706,7735524975660049452,evaluation,demo_baseline,819.5647448623124,0,0,inf,inf,107,574.5970671360004
RR,0,707,22814342022756962,evaluation,demo_baseline,819.5647448623124,0,0,inf,inf,122,692.9285947072299
RR,0,708,8605910915295361699,evaluation,demo_baseline,819.5647448623124,0,0,inf,inf,120,546.7965498788913
RR,0,709,3184682165179426558,evaluation,demo_baseline,819.5647448623124,0,0,inf,inf,111,601.8370885542533
RR,0,710,214517954827886987,evaluation,demo_baseline,819.5647448623124,0,0,inf,inf,128,634.8828274279628
RR,0,711,5970449429065868382,evaluation,demo_baseline,819.5647448623124,0,0,inf,inf,115,526.380960582418
RR,0,712,3369071420407472947,evaluation,demo_baseline,819.5647448623124,0,0,inf,inf,130,686.0896828235394
RR,0,713,7865676440016900200,evaluation,demo_baseline,819.5647448623124,0,0,inf,inf,126,656.435175982637
RR,0,714,3980757164143467899,evaluation,demo_baseline,819.5647448623124,0,0,inf,inf,151,662.6642167847151
RR,0,715,808388267005521648,evaluation,demo_baseline,819.5647448623124,0,0,inf,inf,127,701.9112333750201
RR,0,716,181727356409640503,evaluation,demo_baseline,819.5647448623124,0,0,inf,inf,128,636.095070493047
RR,0,717,3440062774936223012,evaluation,demo_baseline,819.5647448623124,0,0,inf,inf,120,701.1428054840286
RR,0,718,8201588422054420125,evaluation,demo_baseline,819.5647448623124,0,0,inf,inf,121,722.8874883493434
RR,0,719,698711405217837383,evaluation,demo_baseline,819.5647448623124,0,0,inf,inf,131,660.7997178794943
RR,0,720,3916197222543316646,evaluation,demo_baseline,819.5647448623124,0,0,inf,inf,141,790.3195088156403
RR,0,721,6077452399637917297,evaluation,demo_baseline,819.5647448623124,0,0,inf,inf,128,598.0076460035824
RR,0,722,5366845018133645614,evaluation,demo_baseline,819.5647448623124,0,0,inf,inf,134,635.3954275252502
RR,0,723,2384358657937450851,evaluation,demo_baseline,819.5647448623124,0,0,inf,inf,122,639.4629826835188
RR,0,724,5340222208644529272,evaluation,demo_baseline,819.5647448623124,0,0,inf,inf,107,637.1402936081444
RR,0,725,6179067020199254819,evaluation,demo_baseline,819.5647448623124,0,0,inf,inf,120,729.7974108352479
RR,0,726,6711848699539156789,evaluation,demo_baseline,819.5647448623124,0,0,inf,inf,128,778.9166462604153
RR,0,727,9129964658800966927,evaluation,demo_baseline,819.5647448623124,0,0,inf,inf,124,597.1605892394871
RR,0,728,7179754108702611049,evaluation,demo_baseline,819.5647448623124,0,0,inf,inf,120,652.4859110573998
RR,0,729,3689708642547582726,evaluation,demo_baseline,819.5647448623124,0,0,inf,217.0,134,877.9268071053978
RR,0,730,4238547921663877389,evaluation,demo_baseline,819.5647448623124,0,0,inf,inf,116,620.2788446815581
RR,0,731,5658622403622506574,evaluation,demo_baseline,819.5647448623124,0,0,inf,inf,143,771.4984197798364
RR,0,732,853076762427085452,evaluation,demo_baseline,819.5647448623124,0,0,inf,inf,108,519.3723817311857
RR,0,733,8496123487953585597,evaluation,demo_baseline,819.5647448623124,0,0,inf,inf,129,573.3063846307974
RR,0,734,783034026082938910,evaluation,demo_baseline,819.5647448623124,0,0,inf,inf,131,714.9150848717753
RR,0,735,860122187388684589,evaluation,demo_baseline,819.5647448623124,0,0,inf,inf,122,761.9091224511337
RR,0,736,7739964066433150214,evaluation,demo_baseline,819.5647448623124,0,0,inf,291.0,133,831.580487085665
RR,0,737,1514823664665649467,evaluation,demo_baseline,819.5647448623124,0,0,inf,inf,119,513.6224923301772
RR,0,738,96340703239709075,evaluation,demo_baseline,819.5647448623124,0,0,inf,inf,126,742.2940459436948
RR,0,739,2995163222770893249,evaluation,demo_baseline,819.5647448623124,0,0,inf,inf,134,728.3993528340593
RR,0,740,4507080485294187979,evaluation,demo_baseline,819.5647448623124,0,0,inf,inf,120,614.07995284045
RR,0,741,4556083360560616807,evaluation,demo_baseline,819.5647448623124,0,0,inf,inf,116,732.7650597530067
RR,0,742,7011140609650095001,evaluation,demo_baseline,819.5647448623124,0,0,inf,inf,140,792.9241640370603
RR,0,743,8420357267908279069,evaluation,demo_baseline,819.5647448623124,0,0,inf,inf,119,595.9027909288956
RR,0,744,4017675932546827423,evaluation,demo_baseline,819.5647448623124,0,0,inf,inf,126,672.757527990152
RR,0,745,1007680908515191314,evaluation,demo_baseline,819.5647448623124,0,0,inf,inf,122,746.1970388331468
RR,0,746,8802797086179339769,evaluation,demo_baseline,819.5647448623124,0,0,inf,inf,129,609.4399327897261
RR,0,747,5946138678594260968,evaluation,demo_baseline,819.5647448623124,0,0,inf,inf,119,620.8028430842313
RR,0,748,5212153819715077149,evaluation,demo_baseline,819.5647448623124,0,0,inf,inf,125,742.9190712262038
RR,0,749,8692283958916242697,evaluation,demo_baseline,819.5647448623124,0,0,inf,inf,132,805.606891318076
RR,0,750,2330782307711401962,evaluation,demo_baseline,819.5647448623124,0,0,inf,inf,127,642.2554354711788
RR,0,751,1776124739170071502,evaluation,demo_baseline,819.5647448623124,0,0,inf,inf,119,636.5428682085835
RR,0,752,6773689929294677222,evaluation,demo_baseline,819.5647448623124,0,0,inf,inf,136,713.7334967823041
RR,0,753,8226818398579292545,evaluation,demo_baseline,819.5647448623124,0,0,inf,inf,126,632.8756883173812
RR,0,754,1021320019932468015,evaluation,demo_baseline,819.5647448623124,0,0,inf,inf,117,578.811680849651
RR,0,755,7897758871095309537,evaluation,demo_baseline,819.5647448623124,0,0,inf,inf,125,700.0428392604515
RR,0,756,3883850224952710649,evaluation,demo_baseline,819.5647448623124,0,0,inf,inf,119,638.2070383643517
RR,0,757,241692156537760657,evaluation,demo_baseline,819.5647448623124,0,0,inf,inf,121,598.9771020557444
RR,0,758,8801824724160444712,evaluation,demo_baseline,819.5647448623124,0,0,inf,inf,132,676.5043825031306
RR,0,759,4577814621105966697,evaluation,demo_baseline,819.5647448623124,0,0,inf,inf,136,723.3782296933397
RR,0,760,1065099833877985715,evaluation,demo_baseline,819.5647448623124,0,0,inf,inf,121,750.3982857313147
RR,0,761,8080955874120989318,evaluation,demo_baseline,819.5647448623124,0,0,inf,inf,130,706.4156051169233
RR,0,762,67395301418488168,evaluation,demo_baseline,819.5647448623124,0,0,inf,inf,121,598.7723495023106
RR,0,763,1966435124735962563,evaluation,demo_baseline,819.5647448623124,0,0,inf,inf,115,667.4840652531916
RR,0,764,8264488927666645761,evaluation,demo_baseline,819.5647448623124,0,0,inf,inf,120,693.3791507823564
RR,0,765,5640475649003644862,evaluation,demo_baseline,819.5647448623124,0,0,inf,inf,122,643.2122693080607
RR,0,766,4697777765272455688,evaluation,demo_baseline,819.5647448623124,0,0,inf,inf,133,792.5849553657876
RR,0,767,3674071458716502765,evaluation,demo_baseline,819.5647448623124,0,0,inf,inf,132,630.8516914789244
RR,0,768,8438174336202846777,evaluation,demo_baseline,819.5647448623124,0,0,inf,inf,113,718.6170252092186
RR,0,769,7877810138138603905,evaluation,demo_baseline,819.5647448623124,0,0,inf,inf,143,736.8137243386674
RR,0,770,7717216705984317967,evaluation,demo_baseline,819.5647448623124,0,0,inf,inf,141,699.0282193911062
RR,0,771,8188584634222759161,evaluation,demo_baseline,819.5647448623124,0,0,inf,inf,129,706.3878771040106
RR,0,772,8574706713415693495,evaluation,demo_baseline,819.5647448623124,0,0,inf,inf,121,720.2873890476674
RR,0,773,1603028157387314399,evaluation,demo_baseline,819.5647448623124,0,0,inf,inf,122,730.8387381974621
RR,0,774,583667744434501109,evaluation,demo_baseline,819.5647448623124,0,0,inf,inf,137,619.9043377534464
RR,0,775,6162206836477849574,evaluation,demo_baseline,819.5647448623124,0,0,inf,inf,120,617.2346989342293
RR,0,776,7589030069736851067,evaluation,demo_baseline,819.5647448623124,0,0,inf,inf,126,733.5412107291573
RR,0,777,7788919486499818422,evaluation,demo_baseline,819.5647448623124,0,0,inf,inf,124,759.6425178913951
RR,0,778,1341691193104596440,evaluation,demo_baseline,819.5647448623124,0,0,inf,inf,132,594.5090257730682
RR,0,779,3753606155415050021,evaluation,demo_baseline,819.5647448623124,0,0,inf,inf,140,788.5147112907644
RR,0,780,7706055362663901563,evaluation,demo_baseline,819.5647448623124,0,0,inf,inf,128,665.8031727177258
RR,0,781,3648796665865676704,evaluation,demo_baseline,819.5647448623124,0,0,inf,inf,125,694.5654165171272
RR,0,782,6486310133208526960,evaluation,demo_baseline,819.5647448623124,0,0,inf,inf,133,691.0264750600577
RR,0,783,1234012736460114351,evaluation,demo_baseline,819.5647448623124,0,0,inf,inf,128,802.6283224618309
RR,0,784,4157805298492906235,evaluation,demo_baseline,819.5647448623124,0,0,inf,inf,126,532.0580331729395
RR,0,785,2638642701199222606,evaluation,demo_baseline,819.5647448623124,0,0,inf,inf,125,645.4004235853454
RR,0,786,8679691606950803534,evaluation,demo_baseline,819.5647448623124,0,0,inf,inf,109,566.0728592429928
RR,0,787,4250970119329097527,evaluation,demo_baseline,819.5647448623124,0,0,inf,inf,129,753.0426837959894
RR,0,788,3471005898281313488,evaluation,demo_baseline,819.5647448623124,0,0,inf,inf,138,790.8184951664974
RR,0,789,4232610531524016850,evaluation,demo_baseline,819.5647448623124,0,0,inf,inf,101,518.071488378203
RR,0,790,2882553905796681995,evaluation,demo_baseline,819.5647448623124,0,0,inf,inf,119,591.1563055679701
RR,0,791,5664956531058440104,evaluation,demo_baseline,819.5647448623124,0,0,inf,inf,114,690.954682763774
RR,0,792,4956731345261927670,evaluation,demo_baseline,819.5647448623124,0,0,inf,inf,119,631.620858949788
RR,0,793,6218921582820899581,evaluation,demo_baseline,819.5647448623124,0,0,inf,inf,125,636.7286261618988
RR,0,794,6599983908136782426,evaluation,demo_baseline,819.5647448623124,0,0,inf,inf,112,536.1217511177817
RR,0,795,4892549796232546767,evaluation,demo_baseline,819.5647448623124,0,0,inf,285.0,148,952.0172044555618
RR,0,796,4135902691257322096,evaluation,demo_baseline,819.5647448623124,0,0,inf,inf,107,616.356282843527
RR,0,797,4677035851375455402,evaluation,demo_baseline,819.5647448623124,0,0,inf,inf,127,632.4483678581801
RR,0,798,7720752162762025998,evaluation,demo_baseline,819.5647448623124,0,0,inf,inf,134,642.8365538676879
RR,0,799,1111468164821926576,evaluation,demo_baseline,819.5647448623124,0,0,inf,inf,124,675.4365515619517
RR,0,800,3114835332791804152,evaluation,demo_baseline,819.5647448623124,0,0,inf,inf,121,591.4755301258606
RR,0,801,5878912982267747538,evaluation,demo_baseline,819.5647448623124,0,0,inf,inf,142,794.7952617194725
RR,0,802,8282932742636101010,evaluation,demo_baseline,819.5647448623124,0,0,inf,inf,108,665.0974122312514
RR,0,803,6545133664947626126,evaluation,demo_baseline,819.5647448623124,0,0,inf,inf,137,690.2079088467372
RR,0,804,2235943790187986463,evaluation,demo_baseline,819.5647448623124,0,0,inf,inf,121,707.2878422457775
RR,0,805,8918616075573147701,evaluation,demo_baseline,819.5647448623124,0,0,inf,inf,127,710.6285500770153
RR,0,806,2007270211108394084,evaluation,demo_baseline,819.5647448623124,0,0,inf,inf,115,620.8863560617584
RR,0,807,280976218329059657,evaluation,demo_baseline,819.5647448623124,0,0,inf,inf,150,747.9050684762035
RR,0,808,6247325622469128122,evaluation,demo_baseline,819.5647448623124,0,0,inf,inf,129,686.102369408175
RR,0,809,6321000741653902116,evaluation,demo_baseline,819.5647448623124,0,0,inf,inf,135,664.4479820889097
RR,0,810,1709239528094257344,evaluation,demo_baseline,819.5647448623124,0,0,inf,inf,126,649.899326638877
RR,0,811,8756112764621213011,evaluation,demo_baseline,819.5647448623124,0,0,inf,inf,129,686.5896463251026
RR,0,812,7521054428976769962,evaluation,demo_baseline,819.5647448623124,0,0,inf,inf,114,661.5882199775097
RR,0,813,6031289478941284026,evaluation,demo_baseline,819.5647448623124,0,0,inf,inf,138,653.1553242491523
RR,0,814,1379554150436975211,evaluation,demo_baseline,819.5647448623124,0,0,inf,inf,134,711.152077191504
RR,0,815,4961289146993548731,evaluation,demo_baseline,819.5647448623124,0,0,inf,inf,124,754.2641582992285
RR,0,816,3398310547899404746,evaluation,demo_baseline,819.5647448623124,0,0,inf,inf,142,737.0646833284176
RR,0,817,375773631259770069,evaluation,demo_baseline,819.5647448623124,0,0,inf,inf,141,752.6514002705176
RR,0,818,6114806628422297551,evaluation,demo_baseline,819.5647448623124,0,0,inf,inf,150,767.9510555004836
RR,0,819,578372701937635587,evaluation,demo_baseline,819.5647448623124,0,0,inf,inf,126,709.7271474135164
RR,0,820,6060526126527238448,evaluation,demo_baseline,819.5647448623124,0,0,inf,inf,114,626.6119949244777
RR,0,821,1575220790143308995,evaluation,demo_baseline,819.5647448623124,0,0,inf,inf,133,627.7349289739295
RR,0,822,6207800103820256849,evaluation,demo_baseline,819.5647448623124,0,0,inf,inf,114,569.5237186747215
RR,0,823,2534750769200470300,evaluation,demo_baseline,819.5647448623124,0,0,inf,inf,139,674.9442402771215
RR,0,824,8075983324494404181,evaluation,demo_baseline,819.5647448623124,0,0,inf,inf,115,578.156203596757
RR,0,825,321516844074173735,evaluation,demo_baseline,819.5647448623124,0,0,inf,inf,139,782.903232597082
RR,0,826,2327665406290131065,evaluation,demo_baseline,819.5647448623124,0,0,inf,inf,115,721.3194868027388
RR,0,827,6042477647006079193,evaluation,demo_baseline,819.5647448623124,0,0,inf,inf,123,653.6562893849358
RR,0,828,2094651071012979622,evaluation,demo_baseline,819.5647448623124,0,0,inf,inf,123,629.5798812241951
RR,0,829,1436318083474838413,evaluation,demo_baseline,819.5647448623124,0,0,inf,inf,122,706.4868610844993
RR,0,830,5771317766318701655,evaluation,demo_baseline,819.5647448623124,0,0,inf,inf,125,613.030590738512
RR,0,831,1336687011647945902,evaluation,demo_baseline,819.5647448623124,0,0,inf,inf,135,725.6510991084518
RR,0,832,2793121475090418895,evaluation,demo_baseline,819.5647448623124,0,0,inf,inf,121,639.4591516965279
RR,0,833,8042658261876443367,evaluation,demo_baseline,819.5647448623124,0,0,inf,inf,145,754.9728398076493
RR,0,834,6686877937254725873,evaluation,demo_baseline,819.5647448623124,0,0,inf,inf,125,621.5789062151447
RR,0,835,7065003746153690827,evaluation,demo_baseline,819.5647448623124,0,0,inf,inf,133,805.2333047357356
RR,0,836,7176103257422336436,evaluation,demo_baseline,819.5647448623124,0,0,inf,inf,142,747.1467148680588
RR,0,837,4531768074171687851,evaluation,demo_baseline,819.5647448623124,0,0,inf,inf,124,728.6735780596445
RR,0,838,7641010954582247228,evaluation,demo_baseline,819.5647448623124,0,0,inf,inf,127,704.7364032241446
RR,0,839,2387335239565825358,evaluation,demo_baseline,819.5647448623124,0,0,inf,inf,137,659.632284936465
RR,0,840,7483649040404103385,evaluation,demo_baseline,819.5647448623124,0,0,inf,inf,107,531.9875086138625
RR,0,841,7746051939212463555,evaluation,demo_baseline,819.5647448623124,0,0,inf,inf,111,550.9481093188228
RR,0,842,268593952582948123,evaluation,demo_baseline,819.5647448623124,0,0,inf,277.0,145,876.396585409694
RR,0,843,7686033614308745523,evaluation,demo_baseline,819.5647448623124,0,0,inf,inf,127,654.7951357568761
RR,0,844,2722732416510094059,evaluation,demo_baseline,819.5647448623124,0,0,inf,inf,112,695.7432223415914
RR,0,845,8170713343068956501,evaluation,demo_baseline,819.5647448623124,0,0,inf,inf,135,607.7371495905853
RR,0,846,1531841035163969646,evaluation,demo_baseline,819.5647448623124,0,0,inf,inf,124,624.4347920122875
RR,0,847,5479274956069016701,evaluation,demo_baseline,819.5647448623124,0,0,inf,inf,125,713.1123190694227
RR,0,848,3755939582470519372,evaluation,demo_baseline,819.5647448623124,0,0,inf,inf,121,548.1995423739702
RR,0,849,335099440444184019,evaluation,demo_baseline,819.5647448623124,0,0,inf,inf,119,638.8921847467171
RR,0,850,4831651727951341514,evaluation,demo_baseline,819.5647448623124,0,0,inf,inf,108,543.8035545624539
RR,0,851,1849025593426114873,evaluation,demo_baseline,819.5647448623124,0,0,inf,inf,118,598.4776010831647
RR,0,852,7145064022810870784,evaluation,demo_baseline,819.5647448623124,0,0,inf,inf,135,692.4102066531134
RR,0,853,3036913468392401530,evaluation,demo_baseline,819.5647448623124,0,0,inf,inf,134,634.2257917455572
RR,0,854,2144007831118118913,evaluation,demo_baseline,819.5647448623124,0,0,inf,inf,129,611.7286735092383
RR,0,855,6460314022148072072,evaluation,demo_baseline,819.5647448623124,0,0,inf,inf,127,637.01227407406
RR,0,856,8861427404877059023,evaluation,demo_baseline,819.5647448623124,0,0,inf,inf,132,771.2514907719947
RR,0,857,6082347765913664849,evaluation,demo_baseline,819.5647448623124,0,0,inf,285.0,136,842.5144866132243
RR,0,858,8835538252089640546,evaluation,demo_baseline,819.5647448623124,0,0,inf,inf,133,717.6124823442228
RR,0,859,2387448647390490926,evaluation,demo_baseline,819.5647448623124,0,0,inf,inf,112,653.1993018363513
RR,0,860,5878942330669759671,evaluation,demo_baseline,819.5647448623124,0,0,inf,inf,125,572.9308333959483
RR,0,861,2830164860866095841,evaluation,demo_baseline,819.5647448623124,0,0,inf,inf,120,605.1992950274945
RR,0,862,2758413383434720622,evaluation,demo_baseline,819.5647448623124,0,0,inf,inf,127,718.1790140798025
RR,0,863,7932884622148197735,evaluation,demo_baseline,819.5647448623124,0,0,inf,inf,123,656.8984145321873
RR,0,864,7526882528976835428,evaluation,demo_baseline,819.5647448623124,0,0,inf,inf,129,606.250012497784
RR,0,865,5651249149578633290,evaluation,demo_baseline,819.5647448623124,0,0,inf,inf,128,598.809137611179
RR,0,866,5236490131976381212,evaluation,demo_baseline,819.5647448623124,0,0,inf,inf,132,698.5850266366142
RR,0,867,6227104775381513504,evaluation,demo_baseline,819.5647448623124,0,0,inf,inf,135,710.8773375986076
RR,0,868,6674007509854657719,evaluation,demo_baseline,819.5647448623124,0,0,inf,inf,132,684.251350999198
RR,0,869,1620498270435020364,evaluation,demo_baseline,819.5647448623124,0,0,inf,inf,125,679.2237856703628
RR,0,870,3922615174106881567,evaluation,demo_baseline,819.5647448623124,0,0,inf,inf,121,769.4098401729212
RR,0,871,2555463034780090353,evaluation,demo_baseline,819.5647448623124,0,0,inf,inf,154,775.640410467392
RR,0,872,3825170457048344261,evaluation,demo_baseline,819.5647448623124,0,0,inf,inf,115,617.1373649730938
RR,0,873,4574256131437394499,evaluation,demo_baseline,819.5647448623124,0,0,inf,inf,115,660.4732997029404
RR,0,874,4116264458772372425,evaluation,demo_baseline,819.5647448623124,0,0,inf,inf,112,621.889501579642
RR,0,875,9062887639335493430,evaluation,demo_baseline,819.5647448623124,0,0,inf,inf,136,731.947468428507
RR,0,876,9185531262614715352,evaluation,demo_baseline,819.5647448623124,0,0,inf,inf,131,616.7304783086458
RR,0,877,5917474056027006031,evaluation,demo_baseline,819.5647448623124,0,0,inf,inf,135,751.0380673728619
RR,0,878,1097075771410191601,evaluation,demo_baseline,819.5647448623124,0,0,inf,inf,135,788.3016596676996
RR,0,879,2044296395205536655,evaluation,demo_baseline,819.5647448623124,0,0,inf,inf,127,664.178041987079
RR,0,880,6114283741462859516,evaluation,demo_baseline,819.5647448623124,0,0,inf,inf,122,651.2808307964972
RR,0,881,3393242869465151977,evaluation,demo_baseline,819.5647448623124,0,0,inf,inf,130,710.3044586342357
RR,0,882,5437259389763069691,evaluation,demo_baseline,819.5647448623124,0,0,inf,inf,141,752.081663227196
RR,0,883,9177561575102712230,evaluation,demo_baseline,819.5647448623124,0,0,inf,inf,141,735.9191367264123
RR,0,884,1653359932965376563,evaluation,demo_baseline,819.5647448623124,0,0,inf,inf,124,775.7232294293764
RR,0,885,1826004506371682887,evaluation,demo_baseline,819.5647448623124,0,0,inf,inf,142,632.7183837817797
RR,0,886,8553600494232544325,evaluation,demo_baseline,819.5647448623124,0,0,inf,inf,120,495.40017503782866
RR,0,887,3114667693056851658,evaluation,demo_baseline,819.5647448623124,0,0,inf,inf,139,810.0132913968981
RR,0,888,1825554192325238472,evaluation,demo_baseline,819.5647448623124,0,0,inf,inf,125,707.1936411041322
RR,0,889,4846054591311082747,evaluation,demo_baseline,819.5647448623124,0,0,inf,inf,126,592.9289922008317
RR,0,890,6658566304735934970,evaluation,demo_baseline,819.5647448623124,0,0,inf,inf,131,647.2088929672924
RR,0,891,1519012270475851630,evaluation,demo_baseline,819.5647448623124,0,0,inf,inf,126,685.2984524091581
RR,0,892,7807393225460839906,evaluation,demo_baseline,819.5647448623124,0,0,inf,inf,131,654.6747871625612
RR,0,893,1122401862323472218,evaluation,demo_baseline,819.5647448623124,0,0,inf,inf,122,711.5224293166189
RR,0,894,3920559572639758571,evaluation,demo_baseline,819.5647448623124,0,0,inf,inf,143,762.0707228613489
RR,0,895,4242342574030484679,evaluation,demo_baseline,819.5647448623124,0,0,inf,inf,123,639.857301468262
RR,0,896,4390398860623276256,evaluation,demo_baseline,819.5647448623124,0,0,inf,inf,113,554.646691276998
RR,0,897,1950006348459947994,evaluation,demo_baseline,819.5647448623124,0,0,inf,inf,128,678.6443523295028
RR,0,898,3638367160092179235,evaluation,demo_baseline,819.5647448623124,0,0,inf,inf,110,593.2833071455088
RR,0,899,98285692500065084,evaluation,demo_baseline,819.5647448623124,0,0,inf,inf,106,498.2713554651453
RR,0,900,2748333128046526190,evaluation,demo_baseline,819.5647448623124,0,0,inf,inf,113,648.5303159098328
RR,0,901,2510518307384866002,evaluation,demo_baseline,819.5647448623124,0,0,inf,inf,127,696.7543697331943
RR,0,902,3455533224391835809,evaluation,demo_baseline,819.5647448623124,0,0,inf,inf,141,737.3251663757733
RR,0,903,3592924468065818467,evaluation,demo_baseline,819.5647448623124,0,0,inf,inf,130,705.334779267805
RR,0,904,7890914121303621991,evaluation,demo_baseline,819.5647448623124,0,0,inf,inf,127,810.4995434838953
RR,0,905,2686274149536198769,evaluation,demo_baseline,819.5647448623124,0,0,inf,inf,120,610.0544385458659
RR,0,906,6787637628746678964,evaluation,demo_baseline,819.5647448623124,0,0,inf,inf,118,692.9472493394186
RR,0,907,2206223368352038419,evaluation,demo_baseline,819.5647448623124,0,0,inf,inf,135,675.278972192702
RR,0,908,5735081464123927192,evaluation,demo_baseline,819.5647448623124,0,0,inf,inf,152,751.185435288987
RR,0,909,6594434257405199389,evaluation,demo_baseline,819.5647448623124,0,0,inf,292.0,121,850.7817676282211
RR,0,910,4017107224882781449,evaluation,demo_baseline,819.5647448623124,0,0,inf,inf,127,654.0506505945453
RR,0,911,5525000406049770523,evaluation,demo_baseline,819.5647448623124,0,0,inf,inf,130,726.3089002158779
RR,0,912,6394257270251150800,evaluation,demo_baseline,819.5647448623124,0,0,inf,inf,135,768.16980928982
RR,0,913,7872069436382017808,evaluation,demo_baseline,819.5647448623124,0,0,inf,inf,136,684.2708487945049
RR,0,914,2287492740206447130,evaluation,demo_baseline,819.5647448623124,0,0,inf,inf,127,753.1255147962461
RR,0,915,4615106223119448688,evaluation,demo_baseline,819.5647448623124,0,0,inf,inf,139,741.2899832941476
RR,0,916,7999351355642925225,evaluation,demo_baseline,819.5647448623124,0,0,inf,inf,134,643.739014073972
RR,0,917,4473705892819720308,evaluation,demo_baseline,819.5647448623124,0,0,inf,inf,142,662.0637877293008
RR,0,918,3055341692844642133,evaluation,demo_baseline,819.5647448623124,0,0,inf,inf,119,588.6390060625101
RR,0,919,6388223872046308030,evaluation,demo_baseline,819.5647448623124,0,0,inf,inf,108,565.6655496530991
RR,0,920,5665111837224487341,evaluation,demo_baseline,819.5647448623124,0,0,inf,inf,114,713.8103340126395
RR,0,921,1251158738595136807,evaluation,demo_baseline,819.5647448623124,0,0,inf,inf,134,785.753447628892
RR,0,922,4697216540363169182,evaluation,demo_baseline,819.5647448623124,0,0,inf,inf,132,685.7056378898099
RR,0,923,7610256322468380727,evaluation,demo_baseline,819.5647448623124,0,0,inf,inf,124,692.5716944702027
RR,0,924,4249243835306048334,evaluation,demo_baseline,819.5647448623124,0,0,inf,inf,125,678.574732944689
RR,0,925,873188501796104926,evaluation,demo_baseline,819.5647448623124,0,0,inf,inf,125,744.94226597299
RR,0,926,6772656530970389072,evaluation,demo_baseline,819.5647448623124,0,0,inf,inf,134,640.4945954660516
RR,0,927,8804357862543024162,evaluation,demo_baseline,819.5647448623124,0,0,inf,inf,126,716.9161058186008
RR,0,928,4129530560616221461,evaluation,demo_baseline,819.5647448623124,0,0,inf,inf,123,676.2624598588671
RR,0,929,6571113414135217541,evaluation,demo_baseline,819.5647448623124,0,0,inf,inf,150,709.7150297756418
RR,0,930,5050531538708976765,evaluation,demo_baseline,819.5647448623124,0,0,inf,248.0,129,831.1716206372284
RR,0,931,2842559231127800509,evaluation,demo_baseline,819.5647448623124,0,0,inf,inf,126,617.4520324517051
RR,0,932,7992858432907918719,evaluation,demo_baseline,819.5647448623124,0,0,inf,inf,115,705.225116712944
RR,0,933,7293994699849646640,evaluation,demo_baseline,819.5647448623124,0,0,inf,inf,118,594.3555519750174
RR,0,934,5723557750187935606,evaluation,demo_baseline,819.5647448623124,0,0,inf,inf,150,758.8280691924732
RR,0,935,8107801424296651548,evaluation,demo_baseline,819.5647448623124,0,0,inf,inf,150,815.21706797596
RR,0,936,1801400040715096121,evaluation,demo_baseline,819.5647448623124,0,0,inf,inf,120,613.2716886612329
RR,0,937,8383598148049991154,evaluation,demo_baseline,819.5647448623124,0,0,inf,inf,133,675.2532880930407
RR,0,938,6877711578243341525,evaluation,demo_baseline,819.5647448623124,0,0,inf,inf,101,456.6171832420254
RR,0,939,6368279674487275930,evaluation,demo_baseline,819.5647448623124,0,0,inf,inf,146,778.4498736835113
RR,0,940,5554657199347762219,evaluation,demo_baseline,819.5647448623124,0,0,inf,inf,116,621.9100409605525
RR,0,941,2983733445090150223,evaluation,demo_baseline,819.5647448623124,0,0,inf,inf,127,582.2677527663348
RR,0,942,5752096996667692101,evaluation,demo_baseline,819.5647448623124,0,0,inf,inf,119,580.1140576297763
RR,0,943,3937808535105022231,evaluation,demo_baseline,819.5647448623124,0,0,inf,inf,138,774.186314007889
RR,0,944,9206771011145685894,evaluation,demo_baseline,819.5647448623124,0,0,inf,inf,127,713.4066910412603
RR,0,945,9086646494679360246,evaluation,demo_baseline,819.5647448623124,0,0,inf,inf,123,758.9918200323466
RR,0,946,3107715834224855660,evaluation,demo_baseline,819.5647448623124,0,0,inf,inf,139,662.1280156608871
RR,0,947,5136466910148280821,evaluation,demo_baseline,819.5647448623124,0,0,inf,inf,117,528.0205930292996
RR,0,948,5258288240673473795,evaluation,demo_baseline,819.5647448623124,0,0,inf,inf,134,621.1179625894739
RR,0,949,2459924870251508570,evaluation,demo_baseline,819.5647448623124,0,0,inf,inf,115,651.2196866689425
RR,0,950,6938636345377317037,evaluation,demo_baseline,819.5647448623124,0,0,inf,inf,118,536.191487852176
RR,0,951,5012475122910609109,evaluation,demo_baseline,819.5647448623124,0,0,inf,inf,118,766.6668023192726
RR,0,952,2722265930137553793,evaluation,demo_baseline,819.5647448623124,0,0,inf,inf,123,643.0873142168251
RR,0,953,7489255969435034229,evaluation,demo_baseline,819.5647448623124,0,0,inf,inf,132,706.5505340589808
RR,0,954,4785293921042354079,evaluation,demo_baseline,819.5647448623124,0,0,inf,inf,119,600.007377624026
RR,0,955,4406090800070796402,evaluation,demo_baseline,819.5647448623124,0,0,inf,inf,132,663.4729305241593
RR,0,956,2339040493489817012,evaluation,demo_baseline,819.5647448623124,0,0,inf,inf,129,619.4190674714129
RR,0,957,1340306970753500542,evaluation,demo_baseline,819.5647448623124,0,0,inf,inf,118,571.0152339034117
RR,0,958,3798231692372590249,evaluation,demo_baseline,819.5647448623124,0,0,inf,inf,141,690.827818897531
RR,0,959,5046458089591068896,evaluation,demo_baseline,819.5647448623124,0,0,inf,inf,144,712.0791867734641
RR,0,960,433966393110677499,evaluation,demo_baseline,819.5647448623124,0,0,inf,inf,122,732.240112379735
RR,0,961,1661556802554831662,evaluation,demo_baseline,819.5647448623124,0,0,inf,inf,122,692.3731161014691
RR,0,962,4537201799982029908,evaluation,demo_baseline,819.5647448623124,0,0,inf,inf,120,586.3231991748027
RR,0,963,1990713249795651085,evaluation,demo_baseline,819.5647448623124,0,0,inf,inf,140,767.694352912087
RR,0,964,7161617960182501955,evaluation,demo_baseline,819.5647448623124,0,0,inf,inf,126,616.031533437958
RR,0,965,4430165767544412415,evaluation,demo_baseline,819.5647448623124,0,0,inf,inf,136,680.5392209664327
RR,0,966,3417362812275039853,evaluation,demo_baseline,819.5647448623124,0,0,inf,inf,137,676.1573417125546
RR,0,967,8759781257421242568,evaluation,demo_baseline,819.5647448623124,0,0,inf,inf,138,775.8109346903358
RR,0,968,3637265030788082685,evaluation,demo_baseline,819.5647448623124,0,0,inf,inf,130,630.5161023419188
RR,0,969,3549762004103663915,evaluation,demo_baseline,819.5647448623124,0,0,inf,inf,136,694.3307017926348
RR,0,970,4003294054606933116,evaluation,demo_baseline,819.5647448623124,0,0,inf,inf,134,810.6462178994548
RR,0,971,1607836239767879916,evaluation,demo_baseline,819.5647448623124,0,0,inf,inf,143,772.8754197189985
RR,0,972,1217045947592049848,evaluation,demo_baseline,819.5647448623124,0,0,inf,inf,127,600.9338676041277
RR,0,973,8010944276387572506,evaluation,demo_baseline,819.5647448623124,0,0,inf,inf,151,777.138002789354
RR,0,974,1077601343812249621,evaluation,demo_baseline,819.5647448623124,0,0,inf,inf,129,751.2966757294714
RR,0,975,5671455838368768701,evaluation,demo_baseline,819.5647448623124,0,0,inf,inf,128,672.9651300389179
RR,0,976,7528029812152234494,evaluation,demo_baseline,819.5647448623124,0,0,inf,inf,133,771.94849011125
RR,0,977,8052929085747167010,evaluation,demo_baseline,819.5647448623124,0,0,inf,inf,142,725.6218445786061
RR,0,978,8003438695469033964,evaluation,demo_baseline,819.5647448623124,0,0,inf,inf,114,728.2040796685385
RR,0,979,1143516891813263368,evaluation,demo_baseline,819.5647448623124,0,0,inf,inf,131,686.4941655876123
RR,0,980,4855668300771424552,evaluation,demo_baseline,819.5647448623124,0,0,inf,inf,129,651.4785602409634
RR,0,981,6433632795905634267,evaluation,demo_baseline,819.5647448623124,0,0,inf,inf,134,657.2683095974778
RR,0,982,4455766872532177109,evaluation,demo_baseline,819.5647448623124,0,0,inf,inf,118,698.8777477491263
RR,0,983,3645357974426168222,evaluation,demo_baseline,819.5647448623124,0,0,inf,inf,130,686.1071214581085
RR,0,984,2397744561618486249,evaluation,demo_baseline,819.5647448623124,0,0,inf,inf,129,603.2732300948032
RR,0,985,6267877749556718787,evaluation,demo_baseline,819.5647448623124,0,0,inf,inf,132,628.936938155917
RR,0,986,1911005867662766649,evaluation,demo_baseline,819.5647448623124,0,0,inf,inf,126,674.3111338538031
RR,0,987,6695394146462253453,evaluation,demo_baseline,819.5647448623124,0,0,inf,inf,136,675.9998546717538
RR,0,988,647341889365653272,evaluation,demo_baseline,819.5647448623124,0,0,inf,inf,125,627.2192405335957
RR,0,989,1734197416768821290,evaluation,demo_baseline,819.5647448623124,0,0,inf,inf,135,720.9467411975609
RR,0,990,9143724692862594398,evaluation,demo_baseline,819.5647448623124,0,0,inf,inf,131,744.5703983937741
RR,0,991,726047482633570379,evaluation,demo_baseline,819.5647448623124,0,0,inf,inf,106,683.0516396504021
RR,0,992,1507084986490251286,evaluation,demo_baseline,819.5647448623124,0,0,inf,inf,131,629.7293795337647
RR,0,993,6310390254041650968,evaluation,demo_baseline,819.5647448623124,0,0,inf,inf,131,715.5058102298202
RR,0,994,1527216937877055171,evaluation,demo_baseline,819.5647448623124,0,0,inf,inf,133,790.8257772491095
RR,0,995,1356459185036212810,evaluation,demo_baseline,819.5647448623124,0,0,inf,inf,125,569.5601281722635
RR,0,996,2737275557639799545,evaluation,demo_baseline,819.5647448623124,0,0,inf,inf,119,658.342413916216
RR,0,997,7901436204874238125,evaluation,demo_baseline,819.5647448623124,0,0,inf,inf,118,636.3297540967814
RR,0,998,8400131494921871813,evaluation,demo_baseline,819.5647448623124,0,0,inf,inf,131,661.2546528172961
RR,0,999,5313608129449300338,evaluation,demo_baseline,819.5647448623124,0,0,inf,inf,134,736.9701356968435
RR,1,0,1066473985622110983,evaluation,demo_baseline,819.5647448623124,1,0,87.0,87.0,113,826.96763045689
RR,1,1,5813573584473306809,evaluation,demo_baseline,819.5647448623124,1,0,110.0,110.0,126,823.6740253925436
RR,1,2,4873566318085378332,evaluation,demo_baseline,819.5647448623124,1,0,95.0,95.0,116,832.5647447676755
RR,1,3,2503776343492840378,evaluation,demo_baseline,819.5647448623124,1,0,69.0,69.0,89,833.490843801279
RR,1,4,2492660115675105983,evaluation,demo_baseline,819.5647448623124,1,0,97.0,97.0,107,864.5331107809369
RR,1,5,2169329854080085244,evaluation,demo_baseline,819.5647448623124,1,0,101.0,101.0,103,827.0061017065631
RR,1,6,7965871624388033283,evaluation,demo_baseline,819.5647448623124,1,0,100.0,100.0,112,832.3543143639967
RR,1,7,7740167798446487471,evaluation,demo_baseline,819.5647448623124,1,0,100.0,100.0,108,820.1892088147877
RR,1,8,5402486978726295287,evaluation,demo_baseline,819.5647448623124,1,0,98.0,98.0,102,873.5773148967555
RR,1,9,8983007115384331360,evaluation,demo_baseline,819.5647448623124,1,0,86.0,86.0,124,822.3521014387428
RR,1,10,809884800007294403,evaluation,demo_baseline,819.5647448623124,1,0,80.0,80.0,107,825.7498862404996
RR,1,11,3138388132273903792,evaluation,demo_baseline,819.5647448623124,1,0,95.0,95.0,97,823.5779764775044
RR,1,12,2690359050389789476,evaluation,demo_baseline,819.5647448623124,1,0,82.0,82.0,103,827.452995243977
RR,1,13,2828061859741468967,evaluation,demo_baseline,819.5647448623124,1,0,83.0,83.0,101,822.1846188510369
RR,1,14,2010767374385551091,evaluation,demo_baseline,819.5647448623124,1,0,85.0,85.0,94,827.0169484990354
RR,1,15,324793871585853126,evaluation,demo_baseline,819.5647448623124,1,0,91.0,91.0,121,820.1857659034872
RR,1,16,4716177871963639941,evaluation,demo_baseline,819.5647448623124,1,0,81.0,81.0,108,828.4446658282374
RR,1,17,7880340552148900957,evaluation,demo_baseline,819.5647448623124,1,0,81.0,81.0,95,820.8332539308035
RR,1,18,2045689336544416763,evaluation,demo_baseline,819.5647448623124,1,0,81.0,81.0,89,830.9454488680676
RR,1,19,4802383266142349553,evaluation,demo_baseline,819.5647448623124,1,0,98.0,98.0,127,824.6019883364297
RR,1,20,2469810689532040213,evaluation,demo_baseline,819.5647448623124,1,0,97.0,97.0,124,820.7591596469044
RR,1,21,6266452857917789648,evaluation,demo_baseline,819.5647448623124,1,0,88.0,88.0,90,822.9512833532924
RR,1,22,45360666105159481,evaluation,demo_baseline,819.5647448623124,1,0,87.0,87.0,96,830.0191094027658
RR,1,23,2404522252398285420,evaluation,demo_baseline,819.5647448623124,1,0,74.0,74.0,91,825.8308419108832
RR,1,24,6744665474862063282,evaluation,demo_baseline,819.5647448623124,1,0,94.0,94.0,106,829.5271894785197
RR,1,25,4799879920925864987,evaluation,demo_baseline,819.5647448623124,1,0,87.0,87.0,106,820.3654797520771
RR,1,26,7401914829522072675,evaluation,demo_baseline,819.5647448623124,1,0,99.0,99.0,103,822.6238893700023
RR,1,27,2587050974433999043,evaluation,demo_baseline,819.5647448623124,1,0,108.0,108.0,117,824.1332615130698
RR,1,28,2094355101024099549,evaluation,demo_baseline,819.5647448623124,1,0,92.0,92.0,122,825.4523628425486
RR,1,29,666161468935903042,evaluation,demo_baseline,819.5647448623124,1,0,83.0,83.0,96,825.6386626833427
RR,1,30,8896912609821221507,evaluation,demo_baseline,819.5647448623124,1,0,95.0,95.0,117,826.1464782737983
RR,1,31,2874368564211510982,evaluation,demo_baseline,819.5647448623124,1,0,85.0,85.0,99,820.2575893971384
RR,1,32,7361645728683188092,evaluation,demo_baseline,819.5647448623124,1,0,94.0,94.0,106,819.9992337196358
RR,1,33,6813125272189121781,evaluation,demo_baseline,819.5647448623124,1,0,71.0,71.0,90,853.6771061596751
RR,1,34,6708252820596296599,evaluation,demo_baseline,819.5647448623124,1,0,85.0,85.0,104,823.5839361956823
RR,1,35,2849626272700294131,evaluation,demo_baseline,819.5647448623124,1,0,83.0,83.0,107,819.9984966381696
RR,1,36,3507767338886145995,evaluation,demo_baseline,819.5647448623124,1,0,86.0,86.0,90,824.76666893277
RR,1,37,433310358712388974,evaluation,demo_baseline,819.5647448623124,1,0,80.0,80.0,108,820.0516615862094
RR,1,38,5092811226926717471,evaluation,demo_baseline,819.5647448623124,1,0,93.0,93.0,125,823.3377041718292
RR,1,39,114126162878690815,evaluation,demo_baseline,819.5647448623124,1,0,96.0,96.0,100,830.5626619561699
RR,1,40,2283991440704041753,evaluation,demo_baseline,819.5647448623124,1,0,89.0,89.0,107,834.0506554073033
RR,1,41,4132386842926793205,evaluation,demo_baseline,819.5647448623124,1,0,98.0,98.0,110,829.8624714801138
RR,1,42,3562084834731771229,evaluation,demo_baseline,819.5647448623124,1,0,95.0,95.0,109,822.7750370928304
RR,1,43,2320352282109449722,evaluation,demo_baseline,819.5647448623124,1,0,83.0,83.0,94,820.3752557494215
RR,1,44,3325926095492097898,evaluation,demo_baseline,819.5647448623124,1,0,71.0,71.0,96,835.9840607768111
RR,1,45,4431155095294442631,evaluation,demo_baseline,819.5647448623124,1,0,80.0,80.0,86,823.1405075742105
RR,1,46,3047511193169526279,evaluation,demo_baseline,819.5647448623124,1,0,97.0,97.0,113,825.4247863476265
RR,1,47,2385137554012117547,evaluation,demo_baseline,819.5647448623124,1,0,85.0,85.0,99,822.8080492784121
RR,1,48,2750809423474429335,evaluation,demo_baseline,819.5647448623124,1,0,99.0,99.0,104,821.3013156059989
RR,1,49,3544727229348702775,evaluation,demo_baseline,819.5647448623124,1,0,84.0,84.0,104,820.1599668611663
RR,1,50,547825109226389202,evaluation,demo_baseline,819.5647448623124,1,0,100.0,100.0,100,821.5365189334884
RR,1,51,7393608014363492700,evaluation,demo_baseline,819.5647448623124,1,0,96.0,96.0,126,830.8840830972422
RR,1,52,5789427914542750794,evaluation,demo_baseline,819.5647448623124,1,0,83.0,83.0,100,824.0778334031361
RR,1,53,3023316795004264921,evaluation,demo_baseline,819.5647448623124,1,0,79.0,79.0,81,830.8432088072121
RR,1,54,6011922496766501375,evaluation,demo_baseline,819.5647448623124,1,0,100.0,100.0,106,827.5619284267402
RR,1,55,8233662744818231871,evaluation,demo_baseline,819.5647448623124,1,0,86.0,86.0,96,823.8425379305102
RR,1,56,6973991114250085007,evaluation,demo_baseline,819.5647448623124,1,0,106.0,106.0,106,824.725411740048
RR,1,57,9042012027816222431,evaluation,demo_baseline,819.5647448623124,1,0,98.0,98.0,97,844.6655280314004
RR,1,58,2747545918501730047,evaluation,demo_baseline,819.5647448623124,1,0,89.0,89.0,124,826.2819912881224
RR,1,59,4057618537028168293,evaluation,demo_baseline,819.5647448623124,1,0,79.0,79.0,83,821.0944172928475
RR,1,60,8142332930879622631,evaluation,demo_baseline,819.5647448623124,1,0,76.0,76.0,87,833.6250673247824
RR,1,61,2390828036056849177,evaluation,demo_baseline,819.5647448623124,1,0,89.0,89.0,117,819.5906344563055
RR,1,62,4065213245019951025,evaluation,demo_baseline,819.5647448623124,1,0,81.0,81.0,106,826.4844162456384
RR,1,63,6877936965831675331,evaluation,demo_baseline,819.5647448623124,1,0,99.0,99.0,108,821.3834014075271
RR,1,64,2431156698960134699,evaluation,demo_baseline,819.5647448623124,1,0,77.0,77.0,80,828.7603905725963
RR,1,65,80904172126344348,evaluation,demo_baseline,819.5647448623124,1,0,94.0,94.0,110,827.3444229232896
RR,1,66,2044827533775458444,evaluation,demo_baseline,819.5647448623124,1,0,93.0,93.0,106,832.298343236972
RR,1,67,5525706012344779217,evaluation,demo_baseline,819.5647448623124,1,0,83.0,83.0,87,820.7018129700494
RR,1,68,6159488455871925804,evaluation,demo_baseline,819.5647448623124,1,0,86.0,86.0,114,825.6263352564779
RR,1,69,8713851109104884060,evaluation,demo_baseline,819.5647448623124,1,0,83.0,83.0,97,823.9246590024314
RR,1,70,2684492164917064656,evaluation,demo_baseline,819.5647448623124,1,0,95.0,95.0,108,823.2414905376008
RR,1,71,3132997229871557453,evaluation,demo_baseline,819.5647448623124,1,0,77.0,77.0,105,821.0358252013752
RR,1,72,5150641743122120949,evaluation,demo_baseline,819.5647448623124,1,0,95.0,95.0,119,835.4165179210022
RR,1,73,6712710510172151484,evaluation,demo_baseline,819.5647448623124,1,0,76.0,76.0,95,843.8705608792541
RR,1,74,8058088695980177764,evaluation,demo_baseline,819.5647448623124,1,0,82.0,82.0,110,830.4320296058602
RR,1,75,1356971382525106768,evaluation,demo_baseline,819.5647448623124,1,0,69.0,69.0,87,834.5183104979211
RR,1,76,474578323358060582,evaluation,demo_baseline,819.5647448623124,1,0,75.0,75.0,89,822.7362194798905
RR,1,77,2656823605324770899,evaluation,demo_baseline,819.5647448623124,1,0,88.0,88.0,96,821.2946949045058
RR,1,78,8435537523757329758,evaluation,demo_baseline,819.5647448623124,1,0,85.0,85.0,105,827.3607988069223
RR,1,79,2876065676628185878,evaluation,demo_baseline,819.5647448623124,1,0,82.0,82.0,82,820.9807808862657
RR,1,80,2307085635041678367,evaluation,demo_baseline,819.5647448623124,1,0,86.0,86.0,104,830.0658880090866
RR,1,81,5215179678395722704,evaluation,demo_baseline,819.5647448623124,1,0,101.0,101.0,117,828.0356448293107
RR,1,82,3299729435693336043,evaluation,demo_baseline,819.5647448623124,1,0,78.0,78.0,92,824.2215860339414
RR,1,83,5803661582223229385,evaluation,demo_baseline,819.5647448623124,1,0,89.0,89.0,110,822.4820593807398
RR,1,84,1415058373704334356,evaluation,demo_baseline,819.5647448623124,1,0,99.0,99.0,117,823.4419375870519
RR,1,85,1253804263708712721,evaluation,demo_baseline,819.5647448623124,1,0,90.0,90.0,101,820.2176912599314
RR,1,86,2934617728807081384,evaluation,demo_baseline,819.5647448623124,1,0,83.0,83.0,109,829.7821819882133
RR,1,87,2274692182649412485,evaluation,demo_baseline,819.5647448623124,1,0,84.0,84.0,105,823.4621824202461
RR,1,88,4455124698084074247,evaluation,demo_baseline,819.5647448623124,1,0,77.0,77.0,100,820.5622124343457
RR,1,89,4544715828604679530,evaluation,demo_baseline,819.5647448623124,1,0,85.0,85.0,94,820.4992583106908
RR,1,90,8025564000572533061,evaluation,demo_baseline,819.5647448623124,1,0,78.0,78.0,98,822.425764060459
RR,1,91,2820292508103492612,evaluation,demo_baseline,819.5647448623124,1,0,86.0,86.0,89,824.2607335296653
RR,1,92,4446047966311126643,evaluation,demo_baseline,819.5647448623124,1,0,91.0,91.0,113,824.9446439817377
RR,1,93,704240363654473209,evaluation,demo_baseline,819.5647448623124,1,0,84.0,84.0,102,827.0774060222179
RR,1,94,3651454397430011277,evaluation,demo_baseline,819.5647448623124,1,0,93.0,93.0,116,822.598555475879
RR,1,95,3499534603116822888,evaluation,demo_baseline,819.5647448623124,1,0,77.0,77.0,78,825.2851423797564
RR,1,96,1356279781828159184,evaluation,demo_baseline,819.5647448623124,1,0,95.0,95.0,110,820.6279426693111
RR,1,97,5078647927135187826,evaluation,demo_baseline,819.5647448623124,1,0,82.0,82.0,94,823.5463615980623
RR,1,98,650630242798450879,evaluation,demo_baseline,819.5647448623124,1,0,101.0,101.0,119,826.8714857804102
RR,1,99,5152319058461686433,evaluation,demo_baseline,819.5647448623124,1,0,91.0,91.0,120,826.2086349035125
RR,1,100,4824444389601737843,evaluation,demo_baseline,819.5647448623124,1,0,86.0,86.0,102,873.3230756798545
RR,1,101,7096557374992542032,evaluation,demo_baseline,819.5647448623124,1,0,91.0,91.0,97,830.5783855548889
RR,1,102,8204629489962424747,evaluation,demo_baseline,819.5647448623124,1,0,98.0,98.0,126,822.2529372968601
RR,1,103,7279589177307413172,evaluation,demo_baseline,819.5647448623124,1,0,83.0,83.0,103,831.4140708533209
RR,1,104,975547731260377275,evaluation,demo_baseline,819.5647448623124,1,0,105.0,105.0,114,828.9526433822219
RR,1,105,4005294770089447770,evaluation,demo_baseline,819.5647448623124,1,0,83.0,83.0,106,822.6681978474888
RR,1,106,8069007449969258965,evaluation,demo_baseline,819.5647448623124,1,0,105.0,105.0,128,865.6398340219964
RR,1,107,3727920659006731256,evaluation,demo_baseline,819.5647448623124,1,0,69.0,69.0,83,826.6613164489518
RR,1,108,1846263977187642479,evaluation,demo_baseline,819.5647448623124,1,0,87.0,87.0,113,831.2800325399519
RR,1,109,6090021731567269183,evaluation,demo_baseline,819.5647448623124,1,0,89.0,89.0,109,826.1935093145668
RR,1,110,7161964926266562728,evaluation,demo_baseline,819.5647448623124,1,0,92.0,92.0,115,824.7352017029361
RR,1,111,5222397607916180249,evaluation,demo_baseline,819.5647448623124,1,0,78.0,78.0,99,826.0363375958365
RR,1,112,9146217936095664772,evaluation,demo_baseline,819.5647448623124,1,0,94.0,94.0,99,829.4543670825001
RR,1,113,4335986187962637267,evaluation,demo_baseline,819.5647448623124,1,0,82.0,82.0,105,826.1388170721859
RR,1,114,6731642964096471129,evaluation,demo_baseline,819.5647448623124,1,0,90.0,90.0,96,851.8284237347856
RR,1,115,1916991122314463580,evaluation,demo_baseline,819.5647448623124,1,0,80.0,80.0,102,828.0831799440596
RR,1,116,2223980501955333341,evaluation,demo_baseline,819.5647448623124,1,0,81.0,81.0,94,825.3807359328792
RR,1,117,5491938503224254298,evaluation,demo_baseline,819.5647448623124,1,0,102.0,102.0,110,819.6323202300082
RR,1,118,3936903588826686181,evaluation,demo_baseline,819.5647448623124,1,0,95.0,95.0,119,821.2860813216014
RR,1,119,8965657328604914077,evaluation,demo_baseline,819.5647448623124,1,0,82.0,82.0,109,862.8675318361512
RR,1,120,401788261619906604,evaluation,demo_baseline,819.5647448623124,1,0,112.0,112.0,122,823.1684850646926
RR,1,121,5597404763381411292,evaluation,demo_baseline,819.5647448623124,1,0,78.0,78.0,101,822.3052385279267
RR,1,122,1345291602650128072,evaluation,demo_baseline,819.5647448623124,1,0,92.0,92.0,90,824.9549286190535
RR,1,123,5246524224730234674,evaluation,demo_baseline,819.5647448623124,1,0,85.0,85.0,99,831.8872699882194
RR,1,124,8460648655212747037,evaluation,demo_baseline,819.5647448623124,1,0,89.0,89.0,97,827.2197924275699
RR,1,125,2455625049116667363,evaluation,demo_baseline,819.5647448623124,1,0,103.0,103.0,123,827.6727061029801
RR,1,126,2613884981258239084,evaluation,demo_baseline,819.5647448623124,1,0,83.0,83.0,120,844.3927361747312
RR,1,127,6457070947158017611,evaluation,demo_baseline,819.5647448623124,1,0,73.0,73.0,100,830.5133971336674
RR,1,128,4950741620122955615,evaluation,demo_baseline,819.5647448623124,1,0,78.0,78.0,92,827.6899505281292
RR,1,129,1768993847826762190,evaluation,demo_baseline,819.5647448623124,1,0,88.0,88.0,106,821.5392608941339
RR,1,130,1784653071419045060,evaluation,demo_baseline,819.5647448623124,1,0,94.0,94.0,111,827.7283127520238
RR,1,131,4686094951098558600,evaluation,demo_baseline,819.5647448623124,1,0,81.0,81.0,82,821.3863564407369
RR,1,132,1408781236440028823,evaluation,demo_baseline,819.5647448623124,1,0,89.0,89.0,115,833.8427673193017
RR,1,133,2057647738344531757,evaluation,demo_baseline,819.5647448623124,1,0,94.0,94.0,111,821.3926888476075
RR,1,134,3402503506626512659,evaluation,demo_baseline,819.5647448623124,1,0,84.0,84.0,102,820.5277126268128
RR,1,135,1394536730586191603,evaluation,demo_baseline,819.5647448623124,1,0,89.0,89.0,101,822.4078922171169
RR,1,136,9218409281047422977,evaluation,demo_baseline,819.5647448623124,1,0,88.0,88.0,105,824.9540456343939
RR,1,137,2536181505093931769,evaluation,demo_baseline,819.5647448623124,1,0,108.0,108.0,117,830.9575644958478
RR,1,138,1004734376170539198,evaluation,demo_baseline,819.5647448623124,1,0,81.0,81.0,90,824.2915636279224
RR,1,139,1400144977643937795,evaluation,demo_baseline,819.5647448623124,1,0,83.0,83.0,98,842.2891886989228
RR,1,140,7753575177768707654,evaluation,demo_baseline,819.5647448623124,1,0,80.0,80.0,96,852.3898195742813
RR,1,141,289423632868661511,evaluation,demo_baseline,819.5647448623124,1,0,81.0,81.0,103,840.3029035309414
RR,1,142,4742679823286847886,evaluation,demo_baseline,819.5647448623124,1,0,76.0,76.0,90,848.7768551090393
RR,1,143,3920614357584170014,evaluation,demo_baseline,819.5647448623124,1,0,78.0,78.0,92,825.013763100538
RR,1,144,7690094831990617939,evaluation,demo_baseline,819.5647448623124,1,0,83.0,83.0,92,823.9528326261099
RR,1,145,507909936004931564,evaluation,demo_baseline,819.5647448623124,1,0,79.0,79.0,102,825.8478380245994
RR,1,146,775987537222953539,evaluation,demo_baseline,819.5647448623124,1,0,92.0,92.0,93,839.3297972510521
RR,1,147,2728343326794790296,evaluation,demo_baseline,819.5647448623124,1,0,71.0,71.0,86,826.2447467068607
RR,1,148,4098331237795842084,evaluation,demo_baseline,819.5647448623124,1,0,88.0,88.0,102,820.280554286135
RR,1,149,7215550730813261013,evaluation,demo_baseline,819.5647448623124,1,0,77.0,77.0,93,821.2530089276676
RR,1,150,8350432048646793312,evaluation,demo_baseline,819.5647448623124,1,0,99.0,99.0,112,858.0208170068381
RR,1,151,3626554147485130219,evaluation,demo_baseline,819.5647448623124,1,0,87.0,87.0,97,821.4719407400128
RR,1,152,3869627907225695041,evaluation,demo_baseline,819.5647448623124,1,0,83.0,83.0,104,822.8477073287481
RR,1,153,3821211325710260623,evaluation,demo_baseline,819.5647448623124,1,0,80.0,80.0,108,823.4889896076288
RR,1,154,2530735928656387729,evaluation,demo_baseline,819.5647448623124,1,0,84.0,84.0,115,855.5904154042477
RR,1,155,3570554013129502722,evaluation,demo_baseline,819.5647448623124,1,0,94.0,94.0,110,820.1661742967908
RR,1,156,8337937110735833097,evaluation,demo_baseline,819.5647448623124,1,0,92.0,92.0,104,829.6480696250928
RR,1,157,1841144903735679348,evaluation,demo_baseline,819.5647448623124,1,0,90.0,90.0,107,824.0612979348915
RR,1,158,2999777119605780664,evaluation,demo_baseline,819.5647448623124,1,0,96.0,96.0,121,824.5442727775956
RR,1,159,9168506959247030611,evaluation,demo_baseline,819.5647448623124,1,0,74.0,74.0,103,843.1791695005966
RR,1,160,7575725899345640251,evaluation,demo_baseline,819.5647448623124,1,0,89.0,89.0,101,821.4463704395777
RR,1,161,8673819319392782581,evaluation,demo_baseline,819.5647448623124,1,0,89.0,89.0,113,834.1646266958323
RR,1,162,4378201516753052619,evaluation,demo_baseline,819.5647448623124,1,0,93.0,93.0,93,821.7762565462438
RR,1,163,3906943104848344554,evaluation,demo_baseline,819.5647448623124,1,0,98.0,98.0,112,824.1427107297393
RR,1,164,700066907967512474,evaluation,demo_baseline,819.5647448623124,1,0,75.0,75.0,94,824.3081725365837
RR,1,165,6041459795370663749,evaluation,demo_baseline,819.5647448623124,1,0,81.0,81.0,100,820.6539099076732
RR,1,166,3901184126509836808,evaluation,demo_baseline,819.5647448623124,1,0,84.0,84.0,126,828.0086484413893
RR,1,167,1698275969475018247,evaluation,demo_baseline,819.5647448623124,1,0,97.0,97.0,124,822.5335118689245
RR,1,168,6451115777649818970,evaluation,demo_baseline,819.5647448623124,1,0,92.0,92.0,118,826.7384525074481
RR,1,169,8047546886712322928,evaluation,demo_baseline,819.5647448623124,1,0,80.0,80.0,90,834.134232590952
RR,1,170,3151164199800095871,evaluation,demo_baseline,819.5647448623124,1,0,82.0,82.0,89,822.0335841582703
RR,1,171,518572028093419194,evaluation,demo_baseline,819.5647448623124,1,0,103.0,103.0,131,828.9194278957466
RR,1,172,8775663340262912976,evaluation,demo_baseline,819.5647448623124,1,0,78.0,78.0,104,831.6574360561046
RR,1,173,7419078251716992515,evaluation,demo_baseline,819.5647448623124,1,0,110.0,110.0,121,820.9918615226547
RR,1,174,2349376235598560967,evaluation,demo_baseline,819.5647448623124,1,0,70.0,70.0,94,832.8171264111899
RR,1,175,1846405544372219762,evaluation,demo_baseline,819.5647448623124,1,0,83.0,83.0,97,823.925047076738
RR,1,176,2096753873315352750,evaluation,demo_baseline,819.5647448623124,1,0,88.0,88.0,107,820.6279694175835
RR,1,177,3311866372954936291,evaluation,demo_baseline,819.5647448623124,1,0,100.0,100.0,128,820.7175641983923
RR,1,178,1767996713181487678,evaluation,demo_baseline,819.5647448623124,1,0,80.0,80.0,90,822.8917434294016
RR,1,179,2817715376513525026,evaluation,demo_baseline,819.5647448623124,1,0,85.0,85.0,113,824.3592416613195
RR,1,180,6640523523397553345,evaluation,demo_baseline,819.5647448623124,1,0,87.0,87.0,110,822.5413781090161
RR,1,181,4369265974007552251,evaluation,demo_baseline,819.5647448623124,1,0,94.0,94.0,102,825.2237635497476
RR,1,182,3452381524892779798,evaluation,demo_baseline,819.5647448623124,1,0,79.0,79.0,97,835.2498573777408
RR,1,183,5910746852168130179,evaluation,demo_baseline,819.5647448623124,1,0,99.0,99.0,115,822.9035279228734
RR,1,184,3482423631957145609,evaluation,demo_baseline,819.5647448623124,1,0,79.0,79.0,91,821.7400277254728
RR,1,185,754037437260566039,evaluation,demo_baseline,819.5647448623124,1,0,101.0,101.0,103,827.7612898914053
RR,1,186,6076118466423288991,evaluation,demo_baseline,819.5647448623124,1,0,79.0,79.0,83,820.4835127782753
RR,1,187,7801692052217313381,evaluation,demo_baseline,819.5647448623124,1,0,85.0,85.0,99,820.2925706289874
RR,1,188,2427605935357114978,evaluation,demo_baseline,819.5647448623124,1,0,94.0,94.0,116,820.9954136598309
RR,1,189,7044167542551115773,evaluation,demo_baseline,819.5647448623124,1,0,84.0,84.0,106,822.735149922818
RR,1,190,2766952635224903403,evaluation,demo_baseline,819.5647448623124,1,0,102.0,102.0,131,822.4795735191369
RR,1,191,2758724504553494654,evaluation,demo_baseline,819.5647448623124,1,0,92.0,92.0,110,822.2552657272855
RR,1,192,5682976130149394684,evaluation,demo_baseline,819.5647448623124,1,0,80.0,80.0,106,824.3456426282265
RR,1,193,9013416530883102112,evaluation,demo_baseline,819.5647448623124,1,0,96.0,96.0,121,821.5100705521364
RR,1,194,5849584437851213891,evaluation,demo_baseline,819.5647448623124,1,0,89.0,89.0,95,826.4139377210569
RR,1,195,5777380022302442372,evaluation,demo_baseline,819.5647448623124,1,0,85.0,85.0,91,829.2114750494484
RR,1,196,6429982761964695718,evaluation,demo_baseline,819.5647448623124,1,0,95.0,95.0,109,867.0633433080958
RR,1,197,9086854707693919036,evaluation,demo_baseline,819.5647448623124,1,0,94.0,94.0,114,822.4023702769562
RR,1,198,2220680623067445445,evaluation,demo_baseline,819.5647448623124,1,0,93.0,93.0,111,833.2779296808295
RR,1,199,4984595471664046772,evaluation,demo_baseline,819.5647448623124,1,0,109.0,109.0,107,821.0650232337645
RR,1,200,4779389086058639152,evaluation,demo_baseline,819.5647448623124,1,0,88.0,88.0,95,829.2578996230898
RR,1,201,5544723725135212943,evaluation,demo_baseline,819.5647448623124,1,0,94.0,94.0,101,826.9652871624473
RR,1,202,4676490728641050580,evaluation,demo_baseline,819.5647448623124,1,0,85.0,85.0,109,821.1899325169363
RR,1,203,2553873618480111347,evaluation,demo_baseline,819.5647448623124,1,0,68.0,68.0,86,822.2301780321988
RR,1,204,2791137214531554094,evaluation,demo_baseline,819.5647448623124,1,0,73.0,73.0,93,833.3420693910739
RR,1,205,2500708916173349875,evaluation,demo_baseline,819.5647448623124,1,0,85.0,85.0,107,834.2073226404675
RR,1,206,4321654484696136266,evaluation,demo_baseline,819.5647448623124,1,0,85.0,85.0,93,827.6762281850463
RR,1,207,1992168616724569018,evaluation,demo_baseline,819.5647448623124,1,0,83.0,83.0,110,822.483243304698
RR,1,208,5514795636432326829,evaluation,demo_baseline,819.5647448623124,1,0,87.0,87.0,101,824.9856893522765
RR,1,209,3346685585744329521,evaluation,demo_baseline,819.5647448623124,1,0,91.0,91.0,103,819.8620773417537
RR,1,210,5850970647020560038,evaluation,demo_baseline,819.5647448623124,1,0,103.0,103.0,135,821.1272543505819
RR,1,211,5092286021131730627,evaluation,demo_baseline,819.5647448623124,1,0,86.0,86.0,123,830.5600360508469
RR,1,212,3293629081254697375,evaluation,demo_baseline,819.5647448623124,1,0,67.0,67.0,81,820.624452516077
RR,1,213,4102041440676543696,evaluation,demo_baseline,819.5647448623124,1,0,92.0,92.0,118,888.014771015895
RR,1,214,8013594923449118746,evaluation,demo_baseline,819.5647448623124,1,0,78.0,78.0,111,825.4163905370929
RR,1,215,5126035990837853206,evaluation,demo_baseline,819.5647448623124,1,0,89.0,89.0,118,827.1016441267376
RR,1,216,5349426501010318218,evaluation,demo_baseline,819.5647448623124,1,0,101.0,101.0,114,846.3502590831717
RR,1,217,9188698951270604658,evaluation,demo_baseline,819.5647448623124,1,0,99.0,99.0,121,824.3094471122998
RR,1,218,4224841587967604225,evaluation,demo_baseline,819.5647448623124,1,0,61.0,61.0,69,826.5917717947447
RR,1,219,2762482838018251097,evaluation,demo_baseline,819.5647448623124,1,0,111.0,111.0,112,830.2796806752667
RR,1,220,7757230994309795642,evaluation,demo_baseline,819.5647448623124,1,0,83.0,83.0,105,832.8234876930519
RR,1,221,2148340682689421366,evaluation,demo_baseline,819.5647448623124,1,0,82.0,82.0,80,849.3380381899815
RR,1,222,6348944126119619998,evaluation,demo_baseline,819.5647448623124,1,0,79.0,79.0,100,830.2118221420936
RR,1,223,4427512342179325526,evaluation,demo_baseline,819.5647448623124,1,0,89.0,89.0,101,826.1905952728711
RR,1,224,2093911002893239468,evaluation,demo_baseline,819.5647448623124,1,0,81.0,81.0,111,831.3136245183766
RR,1,225,4837705526638584345,evaluation,demo_baseline,819.5647448623124,1,0,91.0,91.0,125,823.3300581257122
RR,1,226,2854582229617366511,evaluation,demo_baseline,819.5647448623124,1,0,82.0,82.0,90,845.4116839230685
RR,1,227,5666892983763344356,evaluation,demo_baseline,819.5647448623124,1,0,99.0,99.0,112,823.914689996003
RR,1,228,5516355158603411160,evaluation,demo_baseline,819.5647448623124,1,0,99.0,99.0,111,823.0145782052157
RR,1,229,5148257933123298205,evaluation,demo_baseline,819.5647448623124,1,0,97.0,97.0,113,823.200143915345
RR,1,230,9111555562954732569,evaluation,demo_baseline,819.5647448623124,1,0,102.0,102.0,125,834.0189257241457
RR,1,231,2916780006750754512,evaluation,demo_baseline,819.5647448623124,1,0,75.0,75.0,89,832.6066324397659
RR,1,232,3005966834248596310,evaluation,demo_baseline,819.5647448623124,1,0,96.0,96.0,120,829.1468860645564
RR,1,233,4512140633438165890,evaluation,demo_baseline,819.5647448623124,1,0,112.0,112.0,122,839.1226930477349
RR,1,234,1722183112058836373,evaluation,demo_baseline,819.5647448623124,1,0,91.0,91.0,111,821.9873561101597
RR,1,235,3035437401865000105,evaluation,demo_baseline,819.5647448623124,1,0,96.0,96.0,116,822.9073902170578
RR,1,236,2547698361853451394,evaluation,demo_baseline,819.5647448623124,1,0,82.0,82.0,93,847.478768639843
RR,1,237,5188322406439848566,evaluation,demo_baseline,819.5647448623124,1,0,90.0,90.0,105,824.0273576062942
RR,1,238,3499512216321158449,evaluation,demo_baseline,819.5647448623124,1,0,94.0,94.0,121,823.4982426744513
RR,1,239,3105646305127985300,evaluation,demo_baseline,819.5647448623124,1,0,90.0,90.0,110,828.1329968969079
RR,1,240,8002258763703317320,evaluation,demo_baseline,819.5647448623124,1,0,80.0,80.0,95,824.202693887207
RR,1,241,2594781258067651488,evaluation,demo_baseline,819.5647448623124,1,0,87.0,87.0,109,832.8667470151397
RR,1,242,5179589427506079705,evaluation,demo_baseline,819.5647448623124,1,0,74.0,74.0,83,841.533952395524
RR,1,243,6894015439264867465,evaluation,demo_baseline,819.5647448623124,1,0,89.0,89.0,115,835.0715232672947
RR,1,244,4131305461457600157,evaluation,demo_baseline,819.5647448623124,1,0,76.0,76.0,110,824.449390436705
RR,1,245,8321450715254997423,evaluation,demo_baseline,819.5647448623124,1,0,90.0,90.0,105,820.2642894481629
RR,1,246,5295007486925344158,evaluation,demo_baseline,819.5647448623124,1,0,85.0,85.0,120,827.3059922010358
RR,1,247,3004910422980512248,evaluation,demo_baseline,819.5647448623124,1,0,66.0,66.0,86,823.8128526399528
RR,1,248,7709033405392206038,evaluation,demo_baseline,819.5647448623124,1,0,111.0,111.0,117,822.9596167214311
RR,1,249,3500680733633504174,evaluation,demo_baseline,819.5647448623124,1,0,85.0,85.0,113,825.6449825338203
RR,1,250,1909291528270208556,evaluation,demo_baseline,819.5647448623124,1,0,65.0,65.0,82,822.7341268083414
RR,1,251,5299660595615988713,evaluation,demo_baseline,819.5647448623124,1,0,92.0,92.0,107,827.9167387356491
RR,1,252,55985407113417753,evaluation,demo_baseline,819.5647448623124,1,0,79.0,79.0,90,822.9585197920081
RR,1,253,6770020609986644290,evaluation,demo_baseline,819.5647448623124,1,0,80.0,80.0,98,826.3914801564016
RR,1,254,288500900739929468,evaluation,demo_baseline,819.5647448623124,1,0,83.0,83.0,93,831.7983765785901
RR,1,255,1952664301019685025,evaluation,demo_baseline,819.5647448623124,1,0,85.0,85.0,111,858.8605764260395
RR,1,256,5672074570671172252,evaluation,demo_baseline,819.5647448623124,1,0,93.0,93.0,102,833.5920921987819
RR,1,257,2240321144341281109,evaluation,demo_baseline,819.5647448623124,1,0,74.0,74.0,96,824.8664058224431
RR,1,258,1198084378536680845,evaluation,demo_baseline,819.5647448623124,1,0,88.0,88.0,95,829.5684038812292
RR,1,259,739835753462123258,evaluation,demo_baseline,819.5647448623124,1,0,93.0,93.0,99,820.5420377528399
RR,1,260,3163204262636308349,evaluation,demo_baseline,819.5647448623124,1,0,94.0,94.0,115,835.4459167843615
RR,1,261,8901778712830824579,evaluation,demo_baseline,819.5647448623124,1,0,97.0,97.0,102,834.3954969358078
RR,1,262,2661145551515810287,evaluation,demo_baseline,819.5647448623124,1,0,98.0,98.0,114,838.752870197154
RR,1,263,762240819132390702,evaluation,demo_baseline,819.5647448623124,1,0,88.0,88.0,104,819.6034457576774
RR,1,264,8958989201267288671,evaluation,demo_baseline,819.5647448623124,1,0,82.0,82.0,93,841.452169531941
RR,1,265,6088579765292784217,evaluation,demo_baseline,819.5647448623124,1,0,82.0,82.0,99,843.5578566264927
RR,1,266,62407658974746996,evaluation,demo_baseline,819.5647448623124,1,0,81.0,81.0,81,844.832435766147
RR,1,267,1615756606646454342,evaluation,demo_baseline,819.5647448623124,1,0,76.0,76.0,95,824.1917069968063
RR,1,268,4849374445964155668,evaluation,demo_baseline,819.5647448623124,1,0,100.0,100.0,106,823.0462465791517
RR,1,269,1023301543037063498,evaluation,demo_baseline,819.5647448623124,1,0,83.0,83.0,108,832.5490122062365
RR,1,270,3012060225086434409,evaluation,demo_baseline,819.5647448623124,1,0,83.0,83.0,107,821.8859261841518
RR,1,271,2609473221826143710,evaluation,demo_baseline,819.5647448623124,1,0,81.0,81.0,87,824.7090489611185
RR,1,272,5096809250935261560,evaluation,demo_baseline,819.5647448623124,1,0,90.0,90.0,108,827.0957574056184
RR,1,273,8033233549890420583,evaluation,demo_baseline,819.5647448623124,1,0,94.0,94.0,117,821.6970433268358
RR,1,274,4334555214761139638,evaluation,demo_baseline,819.5647448623124,1,0,71.0,71.0,82,821.7058915745704
RR,1,275,4214808309450704000,evaluation,demo_baseline,819.5647448623124,1,0,88.0,88.0,96,851.7639435743151
RR,1,276,8309571070576556757,evaluation,demo_baseline,819.5647448623124,1,0,95.0,95.0,101,827.7571911089888
RR,1,277,4829721730881185495,evaluation,demo_baseline,819.5647448623124,1,0,89.0,89.0,119,827.8228492695587
RR,1,278,7720149333207557740,evaluation,demo_baseline,819.5647448623124,1,0,98.0,98.0,123,823.0491017488877
RR,1,279,6197189559974035614,evaluation,demo_baseline,819.5647448623124,1,0,83.0,83.0,112,832.2560872227922
RR,1,280,8461944416061229862,evaluation,demo_baseline,819.5647448623124,1,0,96.0,96.0,111,848.4623198435124
RR,1,281,3272754930719697356,evaluation,demo_baseline,819.5647448623124,1,0,81.0,81.0,98,824.4397460329981
RR,1,282,4407896515141177356,evaluation,demo_baseline,819.5647448623124,1,0,90.0,90.0,116,824.1975595694684
RR,1,283,5254539984500789210,evaluation,demo_baseline,819.5647448623124,1,0,94.0,94.0,112,836.9408382341275
RR,1,284,313179663831261191,evaluation,demo_baseline,819.5647448623124,1,0,94.0,94.0,120,827.8596316571493
RR,1,285,6649024981953717950,evaluation,demo_baseline,819.5647448623124,1,0,86.0,86.0,112,831.8187198103417
RR,1,286,805931424520277777,evaluation,demo_baseline,819.5647448623124,1,0,97.0,97.0,114,824.1317599934931
RR,1,287,195287375971181039,evaluation,demo_baseline,819.5647448623124,1,0,86.0,86.0,103,820.561153351797
RR,1,288,5882386408873664724,evaluation,demo_baseline,819.5647448623124,1,0,98.0,98.0,95,832.7564402668442
RR,1,289,5992778209260480044,evaluation,demo_baseline,819.5647448623124,1,0,84.0,84.0,104,841.9910804637615
RR,1,290,7771316919140652727,evaluation,demo_baseline,819.5647448623124,1,0,82.0,82.0,97,825.1703334309616
RR,1,291,6519206561077442326,evaluation,demo_baseline,819.5647448623124,1,0,115.0,115.0,128,820.6081226374478
RR,1,292,1335816301115970621,evaluation,demo_baseline,819.5647448623124,1,0,91.0,91.0,112,819.6477519840852
RR,1,293,1274179742804856697,evaluation,demo_baseline,819.5647448623124,1,0,87.0,87.0,98,843.7098446201267
RR,1,294,5543301266875470557,evaluation,demo_baseline,819.5647448623124,1,0,72.0,72.0,84,821.8176474914103
RR,1,295,3164306602992263867,evaluation,demo_baseline,819.5647448623124,1,0,82.0,82.0,109,825.5375364805957
RR,1,296,6114057046446179016,evaluation,demo_baseline,819.5647448623124,1,0,99.0,99.0,120,830.2205341619825
RR,1,297,8527968480134108798,evaluation,demo_baseline,819.5647448623124,1,0,84.0,84.0,102,835.9722113136121
RR,1,298,852037498796382898,evaluation,demo_baseline,819.5647448623124,1,0,69.0,69.0,84,828.1335510025623
RR,1,299,3722420289160619340,evaluation,demo_baseline,819.5647448623124,1,0,91.0,91.0,100,823.8904949630631
RR,1,300,2961756588421783517,evaluation,demo_baseline,819.5647448623124,1,0,75.0,75.0,95,838.6043663292467
RR,1,301,2675007097602109623,evaluation,demo_baseline,819.5647448623124,1,0,83.0,83.0,110,831.1825390035993
RR,1,302,3750944096897400875,evaluation,demo_baseline,819.5647448623124,1,0,90.0,90.0,84,866.0789578966071
RR,1,303,3671610270038591141,evaluation,demo_baseline,819.5647448623124,1,0,81.0,81.0,94,820.7826801296925
RR,1,304,8210616398107897086,evaluation,demo_baseline,819.5647448623124,1,0,86.0,86.0,109,837.2398046877958
RR,1,305,7628180842579330257,evaluation,demo_baseline,819.5647448623124,1,0,89.0,89.0,105,822.8500413540291
RR,1,306,4175902145136664352,evaluation,demo_baseline,819.5647448623124,1,0,79.0,79.0,115,828.0011109132371
RR,1,307,8835280650412511071,evaluation,demo_baseline,819.5647448623124,1,0,87.0,87.0,115,820.6078486237584
RR,1,308,4442948061100214714,evaluation,demo_baseline,819.5647448623124,1,0,75.0,75.0,99,842.2869091273529
RR,1,309,1103880890630337749,evaluation,demo_baseline,819.5647448623124,1,0,80.0,80.0,88,827.9773462693788
RR,1,310,270006033090383027,evaluation,demo_baseline,819.5647448623124,1,0,83.0,83.0,104,829.2471367062092
RR,1,311,3795772197497663739,evaluation,demo_baseline,819.5647448623124,1,0,83.0,83.0,93,826.3323947991387
RR,1,312,7114505082081177539,evaluation,demo_baseline,819.5647448623124,1,0,90.0,90.0,100,825.3256200643795
RR,1,313,5228903183853131240,evaluation,demo_baseline,819.5647448623124,1,0,81.0,81.0,90,826.4981396011775
RR,1,314,8525076529859983133,evaluation,demo_baseline,819.5647448623124,1,0,80.0,80.0,97,837.4217440358767
RR,1,315,5154231494068912491,evaluation,demo_baseline,819.5647448623124,1,0,70.0,70.0,94,835.9607327999338
RR,1,316,3020317091282034973,evaluation,demo_baseline,819.5647448623124,1,0,80.0,80.0,114,822.0456269884778
RR,1,317,5140093635501482602,evaluation,demo_baseline,819.5647448623124,1,0,91.0,91.0,107,820.0741470193232
RR,1,318,7912552181169191613,evaluation,demo_baseline,819.5647448623124,1,0,95.0,95.0,110,828.5076494608837
RR,1,319,6197436506065294159,evaluation,demo_baseline,819.5647448623124,1,0,81.0,81.0,106,846.4912486634325
RR,1,320,8163059823026464009,evaluation,demo_baseline,819.5647448623124,1,0,75.0,75.0,92,822.1662959917912
RR,1,321,3365395651703854353,evaluation,demo_baseline,819.5647448623124,1,0,82.0,82.0,107,828.9559323617904
RR,1,322,701277397820995309,evaluation,demo_baseline,819.5647448623124,1,0,102.0,102.0,101,820.272481960057
RR,1,323,8652548404265523145,evaluation,demo_baseline,819.5647448623124,1,0,95.0,95.0,93,845.4820267615567
RR,1,324,757775491807065539,evaluation,demo_baseline,819.5647448623124,1,0,92.0,92.0,100,834.9957532530528
RR,1,325,1123794783716375306,evaluation,demo_baseline,819.5647448623124,1,0,79.0,79.0,88,821.5843742487199
RR,1,326,63021852575742366,evaluation,demo_baseline,819.5647448623124,1,0,85.0,85.0,109,846.16993913722
RR,1,327,4149940365070214780,evaluation,demo_baseline,819.5647448623124,1,0,80.0,80.0,109,821.5556955723583
RR,1,328,6967183155519694800,evaluation,demo_baseline,819.5647448623124,1,0,100.0,100.0,105,821.9294646829765
RR,1,329,4255808134730778724,evaluation,demo_baseline,819.5647448623124,1,0,77.0,77.0,104,825.8699321113143
RR,1,330,7300144294656115463,evaluation,demo_baseline,819.5647448623124,1,0,98.0,98.0,122,820.3332430108793
RR,1,331,3068214035872848040,evaluation,demo_baseline,819.5647448623124,1,0,73.0,73.0,88,842.0155106390243
RR,1,332,770474666782671790,evaluation,demo_baseline,819.5647448623124,1,0,82.0,82.0,100,821.9179193403062
RR,1,333,8082349471273486311,evaluation,demo_baseline,819.5647448623124,1,0,91.0,91.0,116,833.0804903492426
RR,1,334,4945290252008993667,evaluation,demo_baseline,819.5647448623124,1,0,89.0,89.0,102,821.3579448595679
RR,1,335,4796445973772359134,evaluation,demo_baseline,819.5647448623124,1,0,129.0,129.0,111,859.2694944432124
RR,1,336,3665625292645507212,evaluation,demo_baseline,819.5647448623124,1,0,109.0,109.0,130,823.844422766922
RR,1,337,8857012160468141,evaluation,demo_baseline,819.5647448623124,1,0,85.0,85.0,109,820.4775161810251
RR,1,338,3051639984071718120,evaluation,demo_baseline,819.5647448623124,1,0,90.0,90.0,116,822.6023797475603
RR,1,339,9080975694929907853,evaluation,demo_baseline,819.5647448623124,1,0,93.0,93.0,114,852.6174900341298
RR,1,340,1802126790571807975,evaluation,demo_baseline,819.5647448623124,1,0,83.0,83.0,87,835.2625461723837
RR,1,341,7098017236859860684,evaluation,demo_baseline,819.5647448623124,1,0,79.0,79.0,125,830.8430264642844
RR,1,342,8223833631122159804,evaluation,demo_baseline,819.5647448623124,1,0,84.0,84.0,90,821.7846219844524
RR,1,343,3772424198624708308,evaluation,demo_baseline,819.5647448623124,1,0,97.0,97.0,97,828.2710654912265
RR,1,344,7592253486629169280,evaluation,demo_baseline,819.5647448623124,1,0,76.0,76.0,100,823.6149210920919
RR,1,345,6498473543956829537,evaluation,demo_baseline,819.5647448623124,1,0,88.0,88.0,96,823.097931328629
RR,1,346,2541676724991518858,evaluation,demo_baseline,819.5647448623124,1,0,83.0,83.0,108,827.1154935689989
RR,1,347,1687010847518582566,evaluation,demo_baseline,819.5647448623124,1,0,93.0,93.0,120,824.6229360658065
RR,1,348,4040538135029337973,evaluation,demo_baseline,819.5647448623124,1,0,83.0,83.0,114,827.0048332483921
RR,1,349,7236420330005275491,evaluation,demo_baseline,819.5647448623124,1,0,84.0,84.0,111,822.0657277740439
RR,1,350,213025622864668228,evaluation,demo_baseline,819.5647448623124,1,0,79.0,79.0,104,822.8759086017579
RR,1,351,4154349525961765347,evaluation,demo_baseline,819.5647448623124,1,0,80.0,80.0,90,823.4215856336223
RR,1,352,1268146129166235718,evaluation,demo_baseline,819.5647448623124,1,0,83.0,83.0,120,828.005989910557
RR,1,353,4359490368355604459,evaluation,demo_baseline,819.5647448623124,1,0,108.0,108.0,113,825.801544566428
RR,1,354,2695363542365011912,evaluation,demo_baseline,819.5647448623124,1,0,97.0,97.0,115,833.5508208661752
RR,1,355,5463244977232255373,evaluation,demo_baseline,819.5647448623124,1,0,76.0,76.0,89,841.5189328691731
RR,1,356,7567117884969483445,evaluation,demo_baseline,819.5647448623124,1,0,89.0,89.0,106,827.3403619654717
RR,1,357,125439353436948521,evaluation,demo_baseline,819.5647448623124,1,0,93.0,93.0,101,821.7298894930367
RR,1,358,1522817258288993053,evaluation,demo_baseline,819.5647448623124,1,0,93.0,93.0,120,823.6700158702537
RR,1,359,7943561778663778072,evaluation,demo_baseline,819.5647448623124,1,0,83.0,83.0,112,828.5242268826206
RR,1,360,1553603859901869389,evaluation,demo_baseline,819.5647448623124,1,0,82.0,82.0,104,822.8799351637036
RR,1,361,1306560578044466841,evaluation,demo_baseline,819.5647448623124,1,0,102.0,102.0,106,823.9527915828211
RR,1,362,995023735684442636,evaluation,demo_baseline,819.5647448623124,1,0,74.0,74.0,92,832.6969739988585
RR,1,363,3481577381424899951,evaluation,demo_baseline,819.5647448623124,1,0,115.0,115.0,103,828.5932335130032
RR,1,364,3514107052171217493,evaluation,demo_baseline,819.5647448623124,1,0,116.0,116.0,112,820.4309786902982
RR,1,365,4482974201026445148,evaluation,demo_baseline,819.5647448623124,1,0,63.0,63.0,75,822.4671669349489
RR,1,366,2202512040822022138,evaluation,demo_baseline,819.5647448623124,1,0,70.0,70.0,82,820.9548441911141
RR,1,367,4638426767954509837,evaluation,demo_baseline,819.5647448623124,1,0,87.0,87.0,120,832.044973589836
RR,1,368,1950104018952320065,evaluation,demo_baseline,819.5647448623124,1,0,89.0,89.0,110,823.0469437773935
RR,1,369,436056570428375465,evaluation,demo_baseline,819.5647448623124,1,0,99.0,99.0,127,836.1682609443641
RR,1,370,3471063975798913312,evaluation,demo_baseline,819.5647448623124,1,0,91.0,91.0,106,821.1054505372432
RR,1,371,7913476641704091331,evaluation,demo_baseline,819.5647448623124,1,0,79.0,79.0,84,824.9611200530607
RR,1,372,5550847731142110108,evaluation,demo_baseline,819.5647448623124,1,0,97.0,97.0,122,828.0752169601844
RR,1,373,211134837150718048,evaluation,demo_baseline,819.5647448623124,1,0,78.0,78.0,102,835.2899584092889
RR,1,374,2216107115480150187,evaluation,demo_baseline,819.5647448623124,1,0,83.0,83.0,104,821.9619280801783
RR,1,375,8313608621618052209,evaluation,demo_baseline,819.5647448623124,1,0,83.0,83.0,104,825.3468703093024
RR,1,376,1360360051700879451,evaluation,demo_baseline,819.5647448623124,1,0,81.0,81.0,93,820.0303093333438
RR,1,377,7203933341485968159,evaluation,demo_baseline,819.5647448623124,1,0,90.0,90.0,114,843.5255331588762
RR,1,378,2861057552896500334,evaluation,demo_baseline,819.5647448623124,1,0,90.0,90.0,106,833.999765970721
RR,1,379,8923359433374153478,evaluation,demo_baseline,819.5647448623124,1,0,86.0,86.0,104,820.3417567229228
RR,1,380,5753931904662166252,evaluation,demo_baseline,819.5647448623124,1,0,75.0,75.0,84,854.405658166191
RR,1,381,3501734437880088327,evaluation,demo_baseline,819.5647448623124,1,0,74.0,74.0,94,879.0367556769006
RR,1,382,2419175145033631045,evaluation,demo_baseline,819.5647448623124,1,0,86.0,86.0,94,828.2913836314531
RR,1,383,3883815925662823077,evaluation,demo_baseline,819.5647448623124,1,0,78.0,78.0,83,833.0532494715657
RR,1,384,4748365349417827128,evaluation,demo_baseline,819.5647448623124,1,0,90.0,90.0,102,831.8655549076286
RR,1,385,8996006940888292869,evaluation,demo_baseline,819.5647448623124,1,0,79.0,79.0,79,819.6485224916947
RR,1,386,1822947687786870707,evaluation,demo_baseline,819.5647448623124,1,0,91.0,91.0,106,823.6764012613779
RR,1,387,8645303200658027355,evaluation,demo_baseline,819.5647448623124,1,0,78.0,78.0,102,821.1785398236236
RR,1,388,8758265624943388746,evaluation,demo_baseline,819.5647448623124,1,0,79.0,79.0,97,822.0587309007068
RR,1,389,6093447797016601773,evaluation,demo_baseline,819.5647448623124,1,0,92.0,92.0,99,865.469668948366
RR,1,390,2722640124850222306,evaluation,demo_baseline,819.5647448623124,1,0,73.0,73.0,87,821.8800219372589
RR,1,391,4149504826294190089,evaluation,demo_baseline,819.5647448623124,1,0,70.0,70.0,94,830.1107759393573
RR,1,392,1314812459207655120,evaluation,demo_baseline,819.5647448623124,1,0,82.0,82.0,91,820.2937060510827
RR,1,393,1175401672298380609,evaluation,demo_baseline,819.5647448623124,1,0,79.0,79.0,107,825.4770925627803
RR,1,394,4451316255050955501,evaluation,demo_baseline,819.5647448623124,1,0,85.0,85.0,113,831.5604528614708
RR,1,395,8739720123850393626,evaluation,demo_baseline,819.5647448623124,1,0,77.0,77.0,90,875.7917687360334
RR,1,396,1911353879071651121,evaluation,demo_baseline,819.5647448623124,1,0,97.0,97.0,113,836.4632589940527
RR,1,397,2058334767151104888,evaluation,demo_baseline,819.5647448623124,1,0,82.0,82.0,108,822.7132320445251
RR,1,398,6892145402430382576,evaluation,demo_baseline,819.5647448623124,1,0,74.0,74.0,91,822.2212686494637
RR,1,399,7682602155995925499,evaluation,demo_baseline,819.5647448623124,1,0,88.0,88.0,117,823.5585229114506
RR,1,400,6494999782409420824,evaluation,demo_baseline,819.5647448623124,1,0,99.0,99.0,129,826.7432174054934
RR,1,401,8188609886543269228,evaluation,demo_baseline,819.5647448623124,1,0,79.0,79.0,104,841.0107389688001
RR,1,402,1642402450955054616,evaluation,demo_baseline,819.5647448623124,1,0,94.0,94.0,102,829.1837842005659
RR,1,403,3829322066434961670,evaluation,demo_baseline,819.5647448623124,1,0,80.0,80.0,86,827.8003975127958
RR,1,404,5043741933320877208,evaluation,demo_baseline,819.5647448623124,1,0,70.0,70.0,107,820.0302151242762
RR,1,405,7197758448792350977,evaluation,demo_baseline,819.5647448623124,1,0,76.0,76.0,99,827.1110975242295
RR,1,406,743287262708845939,evaluation,demo_baseline,819.5647448623124,1,0,96.0,96.0,133,823.0766585873241
RR,1,407,4192088771575741296,evaluation,demo_baseline,819.5647448623124,1,0,108.0,108.0,113,824.161247575899
RR,1,408,7652578749210068592,evaluation,demo_baseline,819.5647448623124,1,0,92.0,92.0,110,823.7728591278054
RR,1,409,6413478973056741271,evaluation,demo_baseline,819.5647448623124,1,0,93.0,93.0,115,869.9445289518995
RR,1,410,7722888092018853091,evaluation,demo_baseline,819.5647448623124,1,0,84.0,84.0,99,820.2717109567368
RR,1,411,1269079907921368271,evaluation,demo_baseline,819.5647448623124,1,0,79.0,79.0,97,825.2226456615099
RR,1,412,2431941187904643675,evaluation,demo_baseline,819.5647448623124,1,0,101.0,101.0,117,822.7936781812862
RR,1,413,5222592042868586980,evaluation,demo_baseline,819.5647448623124,1,0,85.0,85.0,104,845.4809868454852
RR,1,414,7721612311904615224,evaluation,demo_baseline,819.5647448623124,1,0,82.0,82.0,96,827.7425614588118
RR,1,415,4475751796424821542,evaluation,demo_baseline,819.5647448623124,1,0,78.0,78.0,99,819.8254715072912
RR,1,416,1723557489119839593,evaluation,demo_baseline,819.5647448623124,1,0,89.0,89.0,105,819.7594076903778
RR,1,417,3740277199208911467,evaluation,demo_baseline,819.5647448623124,1,0,91.0,91.0,104,841.6168621469855
RR,1,418,6173411741648478225,evaluation,demo_baseline,819.5647448623124,1,0,85.0,85.0,115,830.135956154117
RR,1,419,8313466055122568875,evaluation,demo_baseline,819.5647448623124,1,0,77.0,77.0,100,836.7476033906808
RR,1,420,701470792540268469,evaluation,demo_baseline,819.5647448623124,1,0,68.0,68.0,87,836.090283445202
RR,1,421,1767252884718924691,evaluation,demo_baseline,819.5647448623124,1,0,76.0,76.0,95,834.1366010239865
RR,1,422,8308198451924746570,evaluation,demo_baseline,819.5647448623124,1,0,69.0,69.0,78,826.8462043708521
RR,1,423,2692015422833753272,evaluation,demo_baseline,819.5647448623124,1,0,78.0,78.0,94,827.0835064567866
RR,1,424,6362092224048147685,evaluation,demo_baseline,819.5647448623124,1,0,79.0,79.0,89,820.2673202702903
RR,1,425,1485204578519034850,evaluation,demo_baseline,819.5647448623124,1,0,85.0,85.0,97,840.4523607494946
RR,1,426,7315155417472911168,evaluation,demo_baseline,819.5647448623124,1,0,101.0,101.0,111,845.0211802148589
RR,1,427,8044157353649696812,evaluation,demo_baseline,819.5647448623124,1,0,91.0,91.0,111,864.6643559275348
RR,1,428,2402397440248365333,evaluation,demo_baseline,819.5647448623124,1,0,74.0,74.0,93,823.3496255035852
RR,1,429,4850911812369724529,evaluation,demo_baseline,819.5647448623124,1,0,77.0,77.0,101,824.2520793544214
RR,1,430,7629072905150737356,evaluation,demo_baseline,819.5647448623124,1,0,86.0,86.0,85,843.7234050247869
RR,1,431,1914832602589501954,evaluation,demo_baseline,819.5647448623124,1,0,80.0,80.0,105,820.5298982930086
RR,1,432,7920589574322283643,evaluation,demo_baseline,819.5647448623124,1,0,85.0,85.0,106,819.865303117057
RR,1,433,3904114399815691611,evaluation,demo_baseline,819.5647448623124,1,0,87.0,87.0,101,845.47929553795
RR,1,434,3528488913108956503,evaluation,demo_baseline,819.5647448623124,1,0,100.0,100.0,135,832.1247784196152
RR,1,435,2088023980088854410,evaluation,demo_baseline,819.5647448623124,1,0,80.0,80.0,110,868.4551981996675
RR,1,436,3285927448818841281,evaluation,demo_baseline,819.5647448623124,1,0,95.0,95.0,112,825.8860233705927
RR,1,437,347762841859316869,evaluation,demo_baseline,819.5647448623124,1,0,101.0,101.0,117,828.0853496409107
RR,1,438,6826125972500549041,evaluation,demo_baseline,819.5647448623124,1,0,72.0,72.0,89,826.8960086669653
RR,1,439,8821974714932661370,evaluation,demo_baseline,819.5647448623124,1,0,86.0,86.0,119,822.2636985174231
RR,1,440,4163481109465436681,evaluation,demo_baseline,819.5647448623124,1,0,102.0,102.0,125,827.4689260110003
RR,1,441,2573017449572240458,evaluation,demo_baseline,819.5647448623124,1,0,91.0,91.0,110,821.7408023437224
RR,1,442,5198084227648373472,evaluation,demo_baseline,819.5647448623124,1,0,86.0,86.0,105,826.5195949643329
RR,1,443,5778551134149917962,evaluation,demo_baseline,819.5647448623124,1,0,87.0,87.0,113,823.0061070140314
RR,1,444,4909129512208428728,evaluation,demo_baseline,819.5647448623124,1,0,95.0,95.0,118,827.1695352200009
RR,1,445,8394708558051124589,evaluation,demo_baseline,819.5647448623124,1,0,98.0,98.0,126,822.9935455598567
RR,1,446,8446200277999003209,evaluation,demo_baseline,819.5647448623124,1,0,100.0,100.0,118,836.8442608300837
RR,1,447,3871682126219306758,evaluation,demo_baseline,819.5647448623124,1,0,89.0,89.0,89,871.554492610953
RR,1,448,6461580491327977277,evaluation,demo_baseline,819.5647448623124,1,0,88.0,88.0,122,821.7078783565445
RR,1,449,8987792911998744775,evaluation,demo_baseline,819.5647448623124,1,0,75.0,75.0,85,825.5318868185277
RR,1,450,4418864799175144131,evaluation,demo_baseline,819.5647448623124,1,0,87.0,87.0,97,827.5194092620587
RR,1,451,5150218179484158899,evaluation,demo_baseline,819.5647448623124,1,0,80.0,80.0,117,824.2998536070387
RR,1,452,7539294879664288373,evaluation,demo_baseline,819.5647448623124,1,0,99.0,99.0,117,827.8705199716449
RR,1,453,7207758502394851263,evaluation,demo_baseline,819.5647448623124,1,0,77.0,77.0,94,858.2794894619176
RR,1,454,6447243531469188310,evaluation,demo_baseline,819.5647448623124,1,0,97.0,97.0,121,832.1224006580203
RR,1,455,2756049546943335165,evaluation,demo_baseline,819.5647448623124,1,0,74.0,74.0,107,829.5036561735953
RR,1,456,4246282260043149814,evaluation,demo_baseline,819.5647448623124,1,0,85.0,85.0,111,821.0831148671451
RR,1,457,9061686232914586272,evaluation,demo_baseline,819.5647448623124,1,0,107.0,107.0,109,827.6180871660343
RR,1,458,7134140213415469525,evaluation,demo_baseline,819.5647448623124,1,0,94.0,94.0,116,820.2160606549762
RR,1,459,572620364948844931,evaluation,demo_baseline,819.5647448623124,1,0,93.0,93.0,104,829.6350587972795
RR,1,460,8626952724415520320,evaluation,demo_baseline,819.5647448623124,1,0,71.0,71.0,93,829.2059382937751
RR,1,461,7114377368760652283,evaluation,demo_baseline,819.5647448623124,1,0,74.0,74.0,82,832.61164429418
RR,1,462,3191121701801909264,evaluation,demo_baseline,819.5647448623124,1,0,90.0,90.0,96,821.6201014567102
RR,1,463,1213450261908324315,evaluation,demo_baseline,819.5647448623124,1,0,107.0,107.0,131,825.6093498787941
RR,1,464,4620909991903346774,evaluation,demo_baseline,819.5647448623124,1,0,85.0,85.0,123,821.4628528914349
RR,1,465,1750061535086525753,evaluation,demo_baseline,819.5647448623124,1,0,80.0,80.0,102,827.3777766588344
RR,1,466,1193849635921540983,evaluation,demo_baseline,819.5647448623124,1,0,79.0,79.0,102,827.2560990204869
RR,1,467,2858749127989975288,evaluation,demo_baseline,819.5647448623124,1,0,88.0,88.0,97,823.3806891908611
RR,1,468,839618355242628974,evaluation,demo_baseline,819.5647448623124,1,0,91.0,91.0,112,821.5661378416393
RR,1,469,4697739963811557209,evaluation,demo_baseline,819.5647448623124,1,0,92.0,92.0,94,823.1257026164702
RR,1,470,2171348303216608254,evaluation,demo_baseline,819.5647448623124,1,0,89.0,89.0,104,826.7381127986962
RR,1,471,8731760487361415504,evaluation,demo_baseline,819.5647448623124,1,0,92.0,92.0,113,822.6890567465938
RR,1,472,8075691975943289554,evaluation,demo_baseline,819.5647448623124,1,0,87.0,87.0,119,823.6868584549139
RR,1,473,8482120103626663577,evaluation,demo_baseline,819.5647448623124,1,0,80.0,80.0,111,834.3234641390407
RR,1,474,107740998499549043,evaluation,demo_baseline,819.5647448623124,1,0,85.0,85.0,91,837.1302702043458
RR,1,475,2327507234777909643,evaluation,demo_baseline,819.5647448623124,1,0,88.0,88.0,101,823.1724836876234
RR,1,476,7951999058128511458,evaluation,demo_baseline,819.5647448623124,1,0,81.0,81.0,103,825.4307121406341
RR,1,477,7412461402757878157,evaluation,demo_baseline,819.5647448623124,1,0,84.0,84.0,97,847.2184594116119
RR,1,478,9067018133921978428,evaluation,demo_baseline,819.5647448623124,1,0,92.0,92.0,103,827.5611748765432
RR,1,479,9079212882790316333,evaluation,demo_baseline,819.5647448623124,1,0,94.0,94.0,117,833.2965330614597
RR,1,480,1382040003095562945,evaluation,demo_baseline,819.5647448623124,1,0,88.0,88.0,132,820.8447539770721
RR,1,481,5351062131079783279,evaluation,demo_baseline,819.5647448623124,1,0,87.0,87.0,103,835.5173691305209
RR,1,482,7907643207878207219,evaluation,demo_baseline,819.5647448623124,1,0,108.0,108.0,107,830.9023304353972
RR,1,483,8600501854967821061,evaluation,demo_baseline,819.5647448623124,1,0,75.0,75.0,101,824.4214557793009
RR,1,484,9033032065916498303,evaluation,demo_baseline,819.5647448623124,1,0,87.0,87.0,118,855.6057612707384
RR,1,485,7291607850352269394,evaluation,demo_baseline,819.5647448623124,1,0,85.0,85.0,109,851.8950727634339
RR,1,486,3380005224475643077,evaluation,demo_baseline,819.5647448623124,1,0,86.0,86.0,101,819.6969104125478
RR,1,487,84681337553816697,evaluation,demo_baseline,819.5647448623124,1,0,100.0,100.0,95,819.8434432285943
RR,1,488,2210700797147273270,evaluation,demo_baseline,819.5647448623124,1,0,71.0,71.0,91,819.8547315636742
RR,1,489,4968979428120276149,evaluation,demo_baseline,819.5647448623124,1,0,101.0,101.0,118,862.8877045572184
RR,1,490,2946229157167565382,evaluation,demo_baseline,819.5647448623124,1,0,105.0,105.0,106,832.8313334499875
RR,1,491,4046864799842900665,evaluation,demo_baseline,819.5647448623124,1,0,86.0,86.0,117,822.1943395168178
RR,1,492,8490291341851972253,evaluation,demo_baseline,819.5647448623124,1,0,78.0,78.0,90,824.0025089669339
RR,1,493,2429249515874379432,evaluation,demo_baseline,819.5647448623124,1,0,83.0,83.0,98,831.3650291333299
RR,1,494,2081942351004565354,evaluation,demo_baseline,819.5647448623124,1,0,69.0,69.0,78,845.1557779097882
RR,1,495,3797306569119965732,evaluation,demo_baseline,819.5647448623124,1,0,83.0,83.0,99,850.3285561528835
RR,1,496,5877880432034398223,evaluation,demo_baseline,819.5647448623124,1,0,89.0,89.0,103,822.9540167959946
RR,1,497,7963198602379693947,evaluation,demo_baseline,819.5647448623124,1,0,83.0,83.0,103,819.8371998506839
RR,1,498,2303158644488378093,evaluation,demo_baseline,819.5647448623124,1,0,94.0,94.0,119,819.5780143044808
RR,1,499,3496301355456366959,evaluation,demo_baseline,819.5647448623124,1,0,82.0,82.0,88,823.942689469631
RR,1,500,1048588157461550562,evaluation,demo_baseline,819.5647448623124,1,0,86.0,86.0,102,824.895870373161
RR,1,501,7279740106538915635,evaluation,demo_baseline,819.5647448623124,1,0,74.0,74.0,96,831.5932353969758
RR,1,502,622930654705523739,evaluation,demo_baseline,819.5647448623124,1,0,97.0,97.0,107,821.318790258883
RR,1,503,8506948887173741569,evaluation,demo_baseline,819.5647448623124,1,0,95.0,95.0,117,832.360675976146
RR,1,504,1483418257853189602,evaluation,demo_baseline,819.5647448623124,1,0,73.0,73.0,97,823.875854283629
RR,1,505,9148538531677673447,evaluation,demo_baseline,819.5647448623124,1,0,86.0,86.0,108,820.5832832025471
RR,1,506,4093990167896187174,evaluation,demo_baseline,819.5647448623124,1,0,84.0,84.0,101,826.7970047855864
RR,1,507,8498944474487408487,evaluation,demo_baseline,819.5647448623124,1,0,84.0,84.0,108,834.8559164759795
RR,1,508,2777309180416365114,evaluation,demo_baseline,819.5647448623124,1,0,87.0,87.0,93,825.2057004299179
RR,1,509,7560634081044192216,evaluation,demo_baseline,819.5647448623124,1,0,80.0,80.0,114,823.3221070949052
RR,1,510,7392770285193530247,evaluation,demo_baseline,819.5647448623124,1,0,75.0,75.0,99,822.6336263196661
RR,1,511,8802471598046169211,evaluation,demo_baseline,819.5647448623124,1,0,87.0,87.0,90,820.0707248625065
RR,1,512,8684615345538416429,evaluation,demo_baseline,819.5647448623124,1,0,81.0,81.0,96,898.1019027418982
RR,1,513,7688071266542425469,evaluation,demo_baseline,819.5647448623124,1,0,97.0,97.0,112,824.9771611222966
RR,1,514,3120629700183692613,evaluation,demo_baseline,819.5647448623124,1,0,89.0,89.0,104,824.6667441192477
RR,1,515,5392402168738872640,evaluation,demo_baseline,819.5647448623124,1,0,101.0,101.0,119,819.8840467669545
RR,1,516,444810842121277652,evaluation,demo_baseline,819.5647448623124,1,0,83.0,83.0,105,826.3321597608629
RR,1,517,5631399464571496696,evaluation,demo_baseline,819.5647448623124,1,0,88.0,88.0,101,819.774188404413
RR,1,518,7807241245968560118,evaluation,demo_baseline,819.5647448623124,1,0,88.0,88.0,118,829.6898982601938
RR,1,519,2271611109518223073,evaluation,demo_baseline,819.5647448623124,1,0,98.0,98.0,122,823.388788663128
RR,1,520,4607922444548065804,evaluation,demo_baseline,819.5647448623124,1,0,82.0,82.0,76,880.4843635979544
RR,1,521,2384497828353135442,evaluation,demo_baseline,819.5647448623124,1,0,98.0,98.0,118,901.482474485292
RR,1,522,888469175673962431,evaluation,demo_baseline,819.5647448623124,1,0,92.0,92.0,103,835.0103424722882
RR,1,523,2617392908057712354,evaluation,demo_baseline,819.5647448623124,1,0,87.0,87.0,109,879.8175922790101
RR,1,524,3924263379343509543,evaluation,demo_baseline,819.5647448623124,1,0,100.0,100.0,119,848.1505566480384
RR,1,525,2264220985087478426,evaluation,demo_baseline,819.5647448623124,1,0,96.0,96.0,102,820.0826352121162
RR,1,526,4193058268648303661,evaluation,demo_baseline,819.5647448623124,1,0,88.0,88.0,106,827.0274379007707
RR,1,527,5882153684996505360,evaluation,demo_baseline,819.5647448623124,1,0,82.0,82.0,89,854.3936635633348
RR,1,528,8191815980798070317,evaluation,demo_baseline,819.5647448623124,1,0,90.0,90.0,104,820.7538128614357
RR,1,529,8767999573135956452,evaluation,demo_baseline,819.5647448623124,1,0,94.0,94.0,108,832.886857912033
RR,1,530,8386110935145395785,evaluation,demo_baseline,819.5647448623124,1,0,89.0,89.0,106,826.0765863055332
RR,1,531,4363441770911809254,evaluation,demo_baseline,819.5647448623124,1,0,83.0,83.0,109,835.614674825042
RR,1,532,7845945266290930943,evaluation,demo_baseline,819.5647448623124,1,0,96.0,96.0,120,824.4951261345245
RR,1,533,7957613101572742256,evaluation,demo_baseline,819.5647448623124,1,0,102.0,102.0,126,823.0065061006896
RR,1,534,1260452304844974656,evaluation,demo_baseline,819.5647448623124,1,0,93.0,93.0,103,822.5342450005083
RR,1,535,1317365499427143935,evaluation,demo_baseline,819.5647448623124,1,0,124.0,124.0,123,829.1625628872672
RR,1,536,7584460910440279677,evaluation,demo_baseline,819.5647448623124,1,0,70.0,70.0,95,835.4979161352217
RR,1,537,2217059162397986176,evaluation,demo_baseline,819.5647448623124,1,0,99.0,99.0,112,823.5030733771972
RR,1,538,5671206406165485811,evaluation,demo_baseline,819.5647448623124,1,0,101.0,101.0,102,820.5675141178855
RR,1,539,2371104369492513443,evaluation,demo_baseline,819.5647448623124,1,0,81.0,81.0,103,856.6911721483668
RR,1,540,6370752716242584796,evaluation,demo_baseline,819.5647448623124,1,0,87.0,87.0,100,820.2328677976661
RR,1,541,3503493471701248418,evaluation,demo_baseline,819.5647448623124,1,0,107.0,107.0,119,827.3007904174937
RR,1,542,100623210873045167,evaluation,demo_baseline,819.5647448623124,1,0,81.0,81.0,98,826.9930952231963
RR,1,543,3507988127477149320,evaluation,demo_baseline,819.5647448623124,1,0,91.0,91.0,108,820.5864717233029
RR,1,544,6249062382233197239,evaluation,demo_baseline,819.5647448623124,1,0,88.0,88.0,104,820.9595146895236
RR,1,545,5733561237183057456,evaluation,demo_baseline,819.5647448623124,1,0,101.0,101.0,117,820.0011780333457
RR,1,546,894837185264563023,evaluation,demo_baseline,819.5647448623124,1,0,80.0,80.0,101,823.1886127126288
RR,1,547,4827134378382569105,evaluation,demo_baseline,819.5647448623124,1,0,83.0,83.0,85,852.1657013161946
RR,1,548,6344796263283631729,evaluation,demo_baseline,819.5647448623124,1,0,87.0,87.0,100,820.7625604603121
RR,1,549,2616441017714169124,evaluation,demo_baseline,819.5647448623124,1,0,80.0,80.0,88,823.7592025065803
RR,1,550,5094321640013343950,evaluation,demo_baseline,819.5647448623124,1,0,91.0,91.0,109,821.0785286562435
RR,1,551,4528008150886889936,evaluation,demo_baseline,819.5647448623124,1,0,94.0,94.0,110,836.0583992656851
RR,1,552,7763484670629259133,evaluation,demo_baseline,819.5647448623124,1,0,75.0,75.0,96,826.2354329632051
RR,1,553,1352251158438436348,evaluation,demo_baseline,819.5647448623124,1,0,85.0,85.0,103,839.2065515414774
RR,1,554,7044507736054623555,evaluation,demo_baseline,819.5647448623124,1,0,83.0,83.0,97,850.8862841028754
RR,1,555,3726247945793574008,evaluation,demo_baseline,819.5647448623124,1,0,84.0,84.0,108,828.7791361326772
RR,1,556,4907523044055397935,evaluation,demo_baseline,819.5647448623124,1,0,97.0,97.0,102,823.8658648797006
RR,1,557,7987571702319383204,evaluation,demo_baseline,819.5647448623124,1,0,97.0,97.0,118,824.4771409474125
RR,1,558,1955514505094973708,evaluation,demo_baseline,819.5647448623124,1,0,93.0,93.0,118,827.2442051984706
RR,1,559,735505375469060215,evaluation,demo_baseline,819.5647448623124,1,0,81.0,81.0,97,824.6967175701172
RR,1,560,4560653813518497092,evaluation,demo_baseline,819.5647448623124,1,0,79.0,79.0,95,819.7597084302786
RR,1,561,6559941887873564827,evaluation,demo_baseline,819.5647448623124,1,0,82.0,82.0,106,824.5288467466753
RR,1,562,166675922125849201,evaluation,demo_baseline,819.5647448623124,1,0,88.0,88.0,99,824.5190917799081
RR,1,563,3727897033869505547,evaluation,demo_baseline,819.5647448623124,1,0,109.0,109.0,120,827.5022132166987
RR,1,564,5677752485017841803,evaluation,demo_baseline,819.5647448623124,1,0,92.0,92.0,119,826.069027233948
RR,1,565,383279024999361231,evaluation,demo_baseline,819.5647448623124,1,0,92.0,92.0,128,824.6099064127008
RR,1,566,7152831995040848813,evaluation,demo_baseline,819.5647448623124,1,0,90.0,90.0,107,847.9509676586787
RR,1,567,6876537243704802628,evaluation,demo_baseline,819.5647448623124,1,0,76.0,76.0,98,823.7730255725093
RR,1,568,5527643200308915302,evaluation,demo_baseline,819.5647448623124,1,0,79.0,79.0,91,825.1277593412374
RR,1,569,1222502741795515195,evaluation,demo_baseline,819.5647448623124,1,0,82.0,82.0,86,826.2577184676943
RR,1,570,4843013603060349606,evaluation,demo_baseline,819.5647448623124,1,0,87.0,87.0,115,820.228798540165
RR,1,571,1693742386358422958,evaluation,demo_baseline,819.5647448623124,1,0,104.0,104.0,111,847.9672483229027
RR,1,572,9152242502884848209,evaluation,demo_baseline,819.5647448623124,1,0,100.0,100.0,116,823.8954829481527
RR,1,573,7445054776842425967,evaluation,demo_baseline,819.5647448623124,1,0,92.0,92.0,127,822.9400863223412
RR,1,574,1303665181688715443,evaluation,demo_baseline,819.5647448623124,1,0,79.0,79.0,89,820.0212011594389
RR,1,575,9208804214000171531,evaluation,demo_baseline,819.5647448623124,1,0,96.0,96.0,110,839.1203762532383
RR,1,576,1550598052521596265,evaluation,demo_baseline,819.5647448623124,1,0,89.0,89.0,114,820.2155732262684
RR,1,577,490483951921179179,evaluation,demo_baseline,819.5647448623124,1,0,110.0,110.0,107,820.158804060679
RR,1,578,575066103296179984,evaluation,demo_baseline,819.5647448623124,1,0,81.0,81.0,104,862.8484943864999
RR,1,579,4375705910794387242,evaluation,demo_baseline,819.5647448623124,1,0,87.0,87.0,123,825.9943517948996
RR,1,580,8702641900980140558,evaluation,demo_baseline,819.5647448623124,1,0,87.0,87.0,108,829.283474849576
RR,1,581,7541350621495679424,evaluation,demo_baseline,819.5647448623124,1,0,100.0,100.0,122,821.6441610649186
RR,1,582,5632464776337026840,evaluation,demo_baseline,819.5647448623124,1,0,92.0,92.0,78,836.2968056515383
RR,1,583,4889026207380819221,evaluation,demo_baseline,819.5647448623124,1,0,101.0,101.0,99,820.8284506535373
RR,1,584,971624201208309047,evaluation,demo_baseline,819.5647448623124,1,0,102.0,102.0,114,834.0244797455473
RR,1,585,8394537677950674323,evaluation,demo_baseline,819.5647448623124,1,0,81.0,81.0,116,835.0412544525346
RR,1,586,1931202726943570957,evaluation,demo_baseline,819.5647448623124,1,0,87.0,87.0,110,820.2424981422573
RR,1,587,1274806671531505974,evaluation,demo_baseline,819.5647448623124,1,0,84.0,84.0,101,831.8756988975392
RR,1,588,3767508077511014007,evaluation,demo_baseline,819.5647448623124,1,0,92.0,92.0,117,825.0054502974702
RR,1,589,4535922817044904877,evaluation,demo_baseline,819.5647448623124,1,0,97.0,97.0,127,829.2179215408103
RR,1,590,1671016994470741360,evaluation,demo_baseline,819.5647448623124,1,0,93.0,93.0,116,824.5442948985578
RR,1,591,2289386400756424795,evaluation,demo_baseline,819.5647448623124,1,0,86.0,86.0,103,835.1858584598131
RR,1,592,1468401283794149517,evaluation,demo_baseline,819.5647448623124,1,0,97.0,97.0,121,824.5519806238332
RR,1,593,5789125823593343517,evaluation,demo_baseline,819.5647448623124,1,0,91.0,91.0,115,840.6674652017681
RR,1,594,6641281285859899778,evaluation,demo_baseline,819.5647448623124,1,0,92.0,92.0,118,825.8440164477498
RR,1,595,8981354609015716172,evaluation,demo_baseline,819.5647448623124,1,0,68.0,68.0,84,830.6193470852362
RR,1,596,1794537245997591079,evaluation,demo_baseline,819.5647448623124,1,0,81.0,81.0,98,823.6064776711715
RR,1,597,2313600389834001406,evaluation,demo_baseline,819.5647448623124,1,0,96.0,96.0,107,827.3819335374936
RR,1,598,7755290068375301542,evaluation,demo_baseline,819.5647448623124,1,0,121.0,121.0,125,821.4657500752114
RR,1,599,1353899237316491996,evaluation,demo_baseline,819.5647448623124,1,0,85.0,85.0,96,827.5797826462529
RR,1,600,4509969392921057738,evaluation,demo_baseline,819.5647448623124,1,0,99.0,99.0,109,831.3936964587419
RR,1,601,4359179393951309635,evaluation,demo_baseline,819.5647448623124,1,0,79.0,79.0,107,831.1579603873245
RR,1,602,8023952167350284679,evaluation,demo_baseline,819.5647448623124,1,0,92.0,92.0,110,832.5611271866367
RR,1,603,8071881252225314144,evaluation,demo_baseline,819.5647448623124,1,0,87.0,87.0,93,827.6476020956084
RR,1,604,5266991861653453398,evaluation,demo_baseline,819.5647448623124,1,0,88.0,88.0,99,839.7957053197924
RR,1,605,7640122447795278395,evaluation,demo_baseline,819.5647448623124,1,0,87.0,87.0,107,820.6069407403686
RR,1,606,4273015376996969337,evaluation,demo_baseline,819.5647448623124,1,0,85.0,85.0,97,828.6780923426473
RR,1,607,8456383835320000171,evaluation,demo_baseline,819.5647448623124,1,0,83.0,83.0,103,820.3566289826746
RR,1,608,5391119975190493159,evaluation,demo_baseline,819.5647448623124,1,0,83.0,83.0,81,845.027706843916
RR,1,609,7449753486747870988,evaluation,demo_baseline,819.5647448623124,1,0,91.0,91.0,116,820.9419919057955
RR,1,610,6895014468445138483,evaluation,demo_baseline,819.5647448623124,1,0,79.0,79.0,102,830.5845218292409
RR,1,611,625285859939729053,evaluation,demo_baseline,819.5647448623124,1,0,79.0,79.0,104,839.7250432753206
RR,1,612,1910224987927033780,evaluation,demo_baseline,819.5647448623124,1,0,114.0,114.0,111,821.5048848815416
RR,1,613,5168132105243911638,evaluation,demo_baseline,819.5647448623124,1,0,83.0,83.0,120,819.6314828573255
RR,1,614,307583102224636215,evaluation,demo_baseline,819.5647448623124,1,0,89.0,89.0,103,831.6427770845602
RR,1,615,2310400268203379624,evaluation,demo_baseline,819.5647448623124,1,0,80.0,80.0,96,840.0414626102062
RR,1,616,3339900679922740677,evaluation,demo_baseline,819.5647448623124,1,0,93.0,93.0,112,825.8651689865335
RR,1,617,7282473774479500523,evaluation,demo_baseline,819.5647448623124,1,0,94.0,94.0,86,820.7611846697055
RR,1,618,8996482366658234469,evaluation,demo_baseline,819.5647448623124,1,0,88.0,88.0,107,829.3161540241416
RR,1,619,973906217580087422,evaluation,demo_baseline,819.5647448623124,1,0,71.0,71.0,90,825.6149684793202
RR,1,620,4195636369179044051,evaluation,demo_baseline,819.5647448623124,1,0,72.0,72.0,88,827.1257268901969
RR,1,621,2639195291511164005,evaluation,demo_baseline,819.5647448623124,1,0,103.0,103.0,100,820.558612391624
RR,1,622,5648768716601780834,evaluation,demo_baseline,819.5647448623124,1,0,85.0,85.0,116,837.9732435879853
RR,1,623,5899382895165076389,evaluation,demo_baseline,819.5647448623124,1,0,97.0,97.0,115,827.6665172628578
RR,1,624,1519992945570071936,evaluation,demo_baseline,819.5647448623124,1,0,87.0,87.0,113,823.1723130362925
RR,1,625,4010001208066255427,evaluation,demo_baseline,819.5647448623124,1,0,87.0,87.0,105,838.237193229597
RR,1,626,2667860613011031041,evaluation,demo_baseline,819.5647448623124,1,0,82.0,82.0,100,827.9422625408888
RR,1,627,7203999104798963223,evaluation,demo_baseline,819.5647448623124,1,0,84.0,84.0,98,835.1877742879575
RR,1,628,3369298254655452151,evaluation,demo_baseline,819.5647448623124,1,0,84.0,84.0,120,832.6589057293231
RR,1,629,95672821538968721,evaluation,demo_baseline,819.5647448623124,1,0,84.0,84.0,111,826.8873973547742
RR,1,630,3370369274436096928,evaluation,demo_baseline,819.5647448623124,1,0,92.0,92.0,102,829.9210456407353
RR,1,631,6800569393565852149,evaluation,demo_baseline,819.5647448623124,1,0,70.0,70.0,85,869.9870860839782
RR,1,632,5409591225290950163,evaluation,demo_baseline,819.5647448623124,1,0,95.0,95.0,124,824.190478471767
RR,1,633,260373375652598148,evaluation,demo_baseline,819.5647448623124,1,0,76.0,76.0,98,832.3113026313804
RR,1,634,5703928090319335821,evaluation,demo_baseline,819.5647448623124,1,0,88.0,88.0,110,823.7015427955533
RR,1,635,3819594117198568844,evaluation,demo_baseline,819.5647448623124,1,0,96.0,96.0,114,819.9426223973643
RR,1,636,4829341462357234177,evaluation,demo_baseline,819.5647448623124,1,0,93.0,93.0,115,831.488822787794
RR,1,637,1145372964349075139,evaluation,demo_baseline,819.5647448623124,1,0,90.0,90.0,126,826.8918235725878
RR,1,638,8153222687275414551,evaluation,demo_baseline,819.5647448623124,1,0,83.0,83.0,101,825.1441971486195
RR,1,639,5395816837070573132,evaluation,demo_baseline,819.5647448623124,1,0,93.0,93.0,128,830.1415090956395
RR,1,640,8134784524569153429,evaluation,demo_baseline,819.5647448623124,1,0,81.0,81.0,101,822.3938610157327
RR,1,641,4808265975294534908,evaluation,demo_baseline,819.5647448623124,1,0,91.0,91.0,115,828.5688754741283
RR,1,642,302087616477276637,evaluation,demo_baseline,819.5647448623124,1,0,95.0,95.0,107,828.6686053125017
RR,1,643,1317094468903341583,evaluation,demo_baseline,819.5647448623124,1,0,77.0,77.0,91,832.7287355466915
RR,1,644,7095663549082536125,evaluation,demo_baseline,819.5647448623124,1,0,85.0,85.0,106,831.9935844402858
RR,1,645,5731573026749690129,evaluation,demo_baseline,819.5647448623124,1,0,94.0,94.0,97,833.120514433824
RR,1,646,4368081145979897253,evaluation,demo_baseline,819.5647448623124,1,0,75.0,75.0,94,825.2500565907238
RR,1,647,2100229606284747533,evaluation,demo_baseline,819.5647448623124,1,0,95.0,95.0,101,832.8045665888412
RR,1,648,8514130828809588003,evaluation,demo_baseline,819.5647448623124,1,0,83.0,83.0,109,821.2092237083812
RR,1,649,7067534040843543722,evaluation,demo_baseline,819.5647448623124,1,0,70.0,70.0,84,830.294575887556
RR,1,650,7401320720869327519,evaluation,demo_baseline,819.5647448623124,1,0,92.0,92.0,99,845.5876708999956
RR,1,651,685325350480427855,evaluation,demo_baseline,819.5647448623124,1,0,95.0,95.0,110,822.0509925761015
RR,1,652,4770167840485463859,evaluation,demo_baseline,819.5647448623124,1,0,81.0,81.0,91,856.5198756617026
RR,1,653,3227064659044801431,evaluation,demo_baseline,819.5647448623124,1,0,89.0,89.0,112,827.4150175713812
RR,1,654,8069178061115346999,evaluation,demo_baseline,819.5647448623124,1,0,77.0,77.0,108,827.2824225415802
RR,1,655,8141220058942650762,evaluation,demo_baseline,819.5647448623124,1,0,88.0,88.0,101,819.8210262462425
RR,1,656,3454189485308121482,evaluation,demo_baseline,819.5647448623124,1,0,89.0,89.0,103,840.7152909638212
RR,1,657,1190990717149387224,evaluation,demo_baseline,819.5647448623124,1,0,87.0,87.0,99,821.1021767776051
RR,1,658,8624793438485797025,evaluation,demo_baseline,819.5647448623124,1,0,85.0,85.0,105,822.3991165128068
RR,1,659,4502278935811042048,evaluation,demo_baseline,819.5647448623124,1,0,86.0,86.0,104,824.6031265469571
RR,1,660,2649936449122678680,evaluation,demo_baseline,819.5647448623124,1,0,104.0,104.0,121,820.5125040840619
RR,1,661,7610832108076461942,evaluation,demo_baseline,819.5647448623124,1,0,88.0,88.0,112,854.0292249146464
RR,1,662,3350072800172245027,evaluation,demo_baseline,819.5647448623124,1,0,90.0,90.0,109,833.7928007418907
RR,1,663,855767635418501019,evaluation,demo_baseline,819.5647448623124,1,0,79.0,79.0,95,824.7457889080431
RR,1,664,2993867830557921572,evaluation,demo_baseline,819.5647448623124,1,0,82.0,82.0,104,821.2267778490883
RR,1,665,5927522439220063125,evaluation,demo_baseline,819.5647448623124,1,0,62.0,62.0,66,829.948586030883
RR,1,666,9050112083105714259,evaluation,demo_baseline,819.5647448623124,1,0,88.0,88.0,115,821.3919832143049
RR,1,667,7675516837296400045,evaluation,demo_baseline,819.5647448623124,1,0,76.0,76.0,95,848.0518965136495
RR,1,668,4326550739033346113,evaluation,demo_baseline,819.5647448623124,1,0,88.0,88.0,107,833.289553719252
RR,1,669,7322010189765100995,evaluation,demo_baseline,819.5647448623124,1,0,73.0,73.0,94,827.0076735026217
RR,1,670,3606897167295603912,evaluation,demo_baseline,819.5647448623124,1,0,89.0,89.0,94,820.8583080835336
RR,1,671,3946078983045856991,evaluation,demo_baseline,819.5647448623124,1,0,107.0,107.0,113,823.6062585250636
RR,1,672,8407394262434701027,evaluation,demo_baseline,819.5647448623124,1,0,84.0,84.0,98,822.8301185544444
RR,1,673,2550749840142720841,evaluation,demo_baseline,819.5647448623124,1,0,82.0,82.0,106,870.8966485524828
RR,1,674,5411838405888105503,evaluation,demo_baseline,819.5647448623124,1,0,108.0,108.0,98,825.5581123635891
RR,1,675,8709106248152982486,evaluation,demo_baseline,819.5647448623124,1,0,84.0,84.0,102,829.6086885382479
RR,1,676,6876067115416425544,evaluation,demo_baseline,819.5647448623124,1,0,79.0,79.0,95,826.9983386976111
RR,1,677,9139229590597483072,evaluation,demo_baseline,819.5647448623124,1,0,97.0,97.0,112,824.1094317493547
RR,1,678,6809614770192597466,evaluation,demo_baseline,819.5647448623124,1,0,79.0,79.0,106,821.6357065136086
RR,1,679,8207810099478532171,evaluation,demo_baseline,819.5647448623124,1,0,88.0,88.0,112,838.6517499592711
RR,1,680,6862407157461589466,evaluation,demo_baseline,819.5647448623124,1,0,84.0,84.0,126,841.3031920545463
RR,1,681,7734209304453237817,evaluation,demo_baseline,819.5647448623124,1,0,89.0,89.0,105,820.9563992658218
RR,1,682,2267039430438982640,evaluation,demo_baseline,819.5647448623124,1,0,88.0,88.0,106,822.8983273720279
RR,1,683,8905902961962411358,evaluation,demo_baseline,819.5647448623124,1,0,89.0,89.0,93,820.0713840524154
RR,1,684,3101301612401384079,evaluation,demo_baseline,819.5647448623124,1,0,85.0,85.0,122,821.6199133508688
RR,1,685,4417940603112082497,evaluation,demo_baseline,819.5647448623124,1,0,93.0,93.0,104,823.8113536354689
RR,1,686,6134925417147147754,evaluation,demo_baseline,819.5647448623124,1,0,83.0,83.0,87,824.8402798929346
RR,1,687,6687533028304366009,evaluation,demo_baseline,819.5647448623124,1,0,75.0,75.0,89,867.0626526832269
RR,1,688,5147314821640642671,evaluation,demo_baseline,819.5647448623124,1,0,86.0,86.0,116,829.3827539314632
RR,1,689,5639595339067318551,evaluation,demo_baseline,819.5647448623124,1,0,80.0,80.0,87,849.4351706034789
RR,1,690,2885531036204995587,evaluation,demo_baseline,819.5647448623124,1,0,98.0,98.0,125,826.2516971138589
RR,1,691,4863817109387089574,evaluation,demo_baseline,819.5647448623124,1,0,82.0,82.0,105,830.8404375804536
RR,1,692,2111269206206845075,evaluation,demo_baseline,819.5647448623124,1,0,88.0,88.0,122,836.4423580458732
RR,1,693,1479475902277354325,evaluation,demo_baseline,819.5647448623124,1,0,94.0,94.0,120,829.3125305908144
RR,1,694,6719133039416486553,evaluation,demo_baseline,819.5647448623124,1,0,104.0,104.0,134,823.6157725320115
RR,1,695,1161859096255139320,evaluation,demo_baseline,819.5647448623124,1,0,76.0,76.0,81,840.3513944772593
RR,1,696,4104065663041531016,evaluation,demo_baseline,819.5647448623124,1,0,100.0,100.0,123,822.6804889747438
RR,1,697,8323827862982866792,evaluation,demo_baseline,819.5647448623124,1,0,82.0,82.0,98,824.0109434141862
RR,1,698,5589434162644319807,evaluation,demo_baseline,819.5647448623124,1,0,107.0,107.0,107,825.399225106478
RR,1,699,7033789805143460364,evaluation,demo_baseline,819.5647448623124,1,0,104.0,104.0,122,823.4723477491298
RR,1,700,3366576661851574240,evaluation,demo_baseline,819.5647448623124,1,0,68.0,68.0,81,825.4841289931084
RR,1,701,4582170089544994621,evaluation,demo_baseline,819.5647448623124,1,0,66.0,66.0,82,828.3984753087826
RR,1,702,7030936025185424420,evaluation,demo_baseline,819.5647448623124,1,0,74.0,74.0,93,830.803207372893
RR,1,703,2712034156754675629,evaluation,demo_baseline,819.5647448623124,1,0,92.0,92.0,115,819.6061100138495
RR,1,704,4366506841436187595,evaluation,demo_baseline,819.5647448623124,1,0,92.0,92.0,112,825.4667205566141
RR,1,705,8913392759448424740,evaluation,demo_baseline,819.5647448623124,1,0,86.0,86.0,99,824.3572879681042
RR,1,706,5301698133946785140,evaluation,demo_baseline,819.5647448623124,1,0,88.0,88.0,108,850.8983162333899
RR,1,707,3109365301283292830,evaluation,demo_baseline,819.5647448623124,1,0,86.0,86.0,105,830.5296551324468
RR,1,708,3461101144351529323,evaluation,demo_baseline,819.5647448623124,1,0,83.0,83.0,94,825.5747319717736
RR,1,709,6723637099566655936,evaluation,demo_baseline,819.5647448623124,1,0,98.0,98.0,114,821.5640226844132
RR,1,710,264489745307334437,evaluation,demo_baseline,819.5647448623124,1,0,100.0,100.0,121,825.1294409228725
RR,1,711,613520426956257464,evaluation,demo_baseline,819.5647448623124,1,0,96.0,96.0,115,822.4895267014904
RR,1,712,2463337074846250310,evaluation,demo_baseline,819.5647448623124,1,0,98.0,98.0,124,825.2839105801806
RR,1,713,1000508455680552729,evaluation,demo_baseline,819.5647448623124,1,0,74.0,74.0,84,828.8700160145045
RR,1,714,2992864668544204506,evaluation,demo_baseline,819.5647448623124,1,0,103.0,103.0,140,831.9090601896415
RR,1,715,1347247234671301656,evaluation,demo_baseline,819.5647448623124,1,0,74.0,74.0,87,840.2608795733765
RR,1,716,4453653167836781945,evaluation,demo_baseline,819.5647448623124,1,0,77.0,77.0,93,832.0229640977237
RR,1,717,9213321609871607154,evaluation,demo_baseline,819.5647448623124,1,0,78.0,78.0,95,827.4039400416654
RR,1,718,3526583180322400463,evaluation,demo_baseline,819.5647448623124,1,0,84.0,84.0,106,826.0852808122381
RR,1,719,2645948067045650959,evaluation,demo_baseline,819.5647448623124,1,0,93.0,93.0,110,833.562928404324
RR,1,720,5939321151860161062,evaluation,demo_baseline,819.5647448623124,1,0,87.0,87.0,106,822.4176088845393
RR,1,721,6481779865766866991,evaluation,demo_baseline,819.5647448623124,1,0,78.0,78.0,105,823.1011818200368
RR,1,722,3295715244335476452,evaluation,demo_baseline,819.5647448623124,1,0,94.0,94.0,102,823.5161853900204
RR,1,723,4315297369717980451,evaluation,demo_baseline,819.5647448623124,1,0,94.0,94.0,133,826.3090005952272
RR,1,724,4635367997027712979,evaluation,demo_baseline,819.5647448623124,1,0,94.0,94.0,114,841.4099228059396
RR,1,725,3403626509403112979,evaluation,demo_baseline,819.5647448623124,1,0,88.0,88.0,105,821.8335642055836
RR,1,726,6832277781872266407,evaluation,demo_baseline,819.5647448623124,1,0,77.0,77.0,89,827.624728123466
RR,1,727,883107404499876455,evaluation,demo_baseline,819.5647448623124,1,0,86.0,86.0,96,821.9425731671598
RR,1,728,4662362880349416050,evaluation,demo_baseline,819.5647448623124,1,0,102.0,102.0,115,823.1649765912723
RR,1,729,3005345504600163345,evaluation,demo_baseline,819.5647448623124,1,0,89.0,89.0,117,833.1087376088899
RR,1,730,6804468579566221248,evaluation,demo_baseline,819.5647448623124,1,0,94.0,94.0,101,869.3722818718235
RR,1,731,2320460067225269395,evaluation,demo_baseline,819.5647448623124,1,0,98.0,98.0,115,830.8545162315834
RR,1,732,8364738399209239143,evaluation,demo_baseline,819.5647448623124,1,0,84.0,84.0,109,828.5733765873675
RR,1,733,3384076559447678256,evaluation,demo_baseline,819.5647448623124,1,0,88.0,88.0,108,827.8967515898845
RR,1,734,4139340202476817464,evaluation,demo_baseline,819.5647448623124,1,0,79.0,79.0,88,824.4045116337749
RR,1,735,1834674683373508077,evaluation,demo_baseline,819.5647448623124,1,0,87.0,87.0,98,825.0668478095308
RR,1,736,542805896983215246,evaluation,demo_baseline,819.5647448623124,1,0,101.0,101.0,126,823.8326550188444
RR,1,737,4478106581758260013,evaluation,demo_baseline,819.5647448623124,1,0,87.0,87.0,99,839.730004972958
RR,1,738,346238927222519909,evaluation,demo_baseline,819.5647448623124,1,0,71.0,71.0,97,826.1799600506982
RR,1,739,3630786997072217722,evaluation,demo_baseline,819.5647448623124,1,0,101.0,101.0,107,821.4091385662888
RR,1,740,3929421769361488748,evaluation,demo_baseline,819.5647448623124,1,0,83.0,83.0,103,823.059195921272
RR,1,741,2132397828284108356,evaluation,demo_baseline,819.5647448623124,1,0,93.0,93.0,120,830.9295650710003
RR,1,742,5244874165676390132,evaluation,demo_baseline,819.5647448623124,1,0,73.0,73.0,88,825.5400323416291
RR,1,743,3085785663253317832,evaluation,demo_baseline,819.5647448623124,1,0,99.0,99.0,131,836.4917620251197
RR,1,744,3108342282271700284,evaluation,demo_baseline,819.5647448623124,1,0,88.0,88.0,112,823.3662237277961
RR,1,745,4494283534412098260,evaluation,demo_baseline,819.5647448623124,1,0,97.0,97.0,128,821.749495530852
RR,1,746,5238374366828883062,evaluation,demo_baseline,819.5647448623124,1,0,96.0,96.0,107,821.2515796512855
RR,1,747,551070102830819859,evaluation,demo_baseline,819.5647448623124,1,0,89.0,89.0,97,829.4443313530778
RR,1,748,3678751371791663826,evaluation,demo_baseline,819.5647448623124,1,0,80.0,80.0,102,820.9173733098692
RR,1,749,7095528200974062580,evaluation,demo_baseline,819.5647448623124,1,0,88.0,88.0,100,830.3989931098976
RR,1,750,1682841692584739815,evaluation,demo_baseline,819.5647448623124,1,0,96.0,96.0,124,819.8017095796391
RR,1,751,1420647901585013889,evaluation,demo_baseline,819.5647448623124,1,0,104.0,104.0,117,822.4670504333654
RR,1,752,3084442972973178048,evaluation,demo_baseline,819.5647448623124,1,0,79.0,79.0,101,822.1711779616317
RR,1,753,7946832973515710832,evaluation,demo_baseline,819.5647448623124,1,0,88.0,88.0,106,847.190192976725
RR,1,754,2127925772642902498,evaluation,demo_baseline,819.5647448623124,1,0,79.0,79.0,85,828.4672183342059
RR,1,755,6511892873820547072,evaluation,demo_baseline,819.5647448623124,1,0,101.0,101.0,120,830.1997362549096
RR,1,756,1817996709678525938,evaluation,demo_baseline,819.5647448623124,1,0,81.0,81.0,106,828.7989931915378
RR,1,757,2916531212975300057,evaluation,demo_baseline,819.5647448623124,1,0,84.0,84.0,107,827.3335064440267
RR,1,758,2700820226679545162,evaluation,demo_baseline,819.5647448623124,1,0,86.0,86.0,104,832.080050085575
RR,1,759,7671202319854321908,evaluation,demo_baseline,819.5647448623124,1,0,96.0,96.0,119,832.0944207820012
RR,1,760,1345245745071267897,evaluation,demo_baseline,819.5647448623124,1,0,75.0,75.0,99,829.5551108704997
RR,1,761,8569961043178195457,evaluation,demo_baseline,819.5647448623124,1,0,94.0,94.0,101,825.986482774718
RR,1,762,5138128329346311761,evaluation,demo_baseline,819.5647448623124,1,0,101.0,101.0,110,821.5663748891644
RR,1,763,6721270633713351022,evaluation,demo_baseline,819.5647448623124,1,0,86.0,86.0,113,821.4663508623522
RR,1,764,5541717785188947766,evaluation,demo_baseline,819.5647448623124,1,0,84.0,84.0,103,820.6404421250453
RR,1,765,3496242828857508199,evaluation,demo_baseline,819.5647448623124,1,0,77.0,77.0,92,826.080724492849
RR,1,766,5554327557445890719,evaluation,demo_baseline,819.5647448623124,1,0,80.0,80.0,90,826.198080440975
RR,1,767,8483129228074338323,evaluation,demo_baseline,819.5647448623124,1,0,109.0,109.0,123,834.3695179411812
RR,1,768,8048271830673295268,evaluation,demo_baseline,819.5647448623124,1,0,82.0,82.0,97,829.8312677699049
RR,1,769,2829914711530858091,evaluation,demo_baseline,819.5647448623124,1,0,105.0,105.0,109,835.0171222453798
RR,1,770,715609538094443008,evaluation,demo_baseline,819.5647448623124,1,0,87.0,87.0,98,822.0017577464531
RR,1,771,1615546016097720409,evaluation,demo_baseline,819.5647448623124,1,0,108.0,108.0,112,825.0618668333382
RR,1,772,335924443602512810,evaluation,demo_baseline,819.5647448623124,1,0,106.0,106.0,132,866.6600957870797
RR,1,773,4444578198125801204,evaluation,demo_baseline,819.5647448623124,1,0,82.0,82.0,100,826.1940466498513
RR,1,774,5200225128096402605,evaluation,demo_baseline,819.5647448623124,1,0,78.0,78.0,98,823.7967194901482
RR,1,775,4823197339935095893,evaluation,demo_baseline,819.5647448623124,1,0,80.0,80.0,106,841.1813594738886
RR,1,776,7288656844618514809,evaluation,demo_baseline,819.5647448623124,1,0,99.0,99.0,96,831.4565538727296
RR,1,777,8832824722911405268,evaluation,demo_baseline,819.5647448623124,1,0,82.0,82.0,98,819.9379087891139
RR,1,778,1429300537904933701,evaluation,demo_baseline,819.5647448623124,1,0,102.0,102.0,114,824.8706563087491
RR,1,779,1585665914304093898,evaluation,demo_baseline,819.5647448623124,1,0,86.0,86.0,108,820.9904147490278
RR,1,780,5526321146748958455,evaluation,demo_baseline,819.5647448623124,1,0,80.0,80.0,96,834.3698794768661
RR,1,781,3066954679092757124,evaluation,demo_baseline,819.5647448623124,1,0,76.0,76.0,108,849.4680095767056
RR,1,782,5783405319923864995,evaluation,demo_baseline,819.5647448623124,1,0,89.0,89.0,109,819.7288048206426
RR,1,783,8786000584763794440,evaluation,demo_baseline,819.5647448623124,1,0,92.0,92.0,113,850.0457316733438
RR,1,784,8647097874681578387,evaluation,demo_baseline,819.5647448623124,1,0,102.0,102.0,103,835.3569926123943
RR,1,785,1331204657875273810,evaluation,demo_baseline,819.5647448623124,1,0,100.0,100.0,130,828.2057679539733
RR,1,786,7959350326717793303,evaluation,demo_baseline,819.5647448623124,1,0,107.0,107.0,95,829.6881285833229
RR,1,787,331690071908305964,evaluation,demo_baseline,819.5647448623124,1,0,91.0,91.0,117,820.2101878440096
RR,1,788,7222703310216896003,evaluation,demo_baseline,819.5647448623124,1,0,83.0,83.0,106,826.2125180744213
RR,1,789,9107502255636700326,evaluation,demo_baseline,819.5647448623124,1,0,103.0,103.0,118,828.0260292695127
RR,1,790,2035722079374640931,evaluation,demo_baseline,819.5647448623124,1,0,87.0,87.0,98,822.0517482557841
RR,1,791,3367623369812548776,evaluation,demo_baseline,819.5647448623124,1,0,105.0,105.0,99,821.6438358319359
RR,1,792,2341087358005249680,evaluation,demo_baseline,819.5647448623124,1,0,95.0,95.0,102,821.6173842591902
RR,1,793,7238461243214597407,evaluation,demo_baseline,819.5647448623124,1,0,88.0,88.0,120,829.0365313985002
RR,1,794,8507001539294124538,evaluation,demo_baseline,819.5647448623124,1,0,102.0,102.0,112,824.3671217085205
RR,1,795,7956411242367448459,evaluation,demo_baseline,819.5647448623124,1,0,70.0,70.0,81,832.2421604039371
RR,1,796,5569969314317099652,evaluation,demo_baseline,819.5647448623124,1,0,83.0,83.0,101,828.3377932288702
RR,1,797,2180394065167147015,evaluation,demo_baseline,819.5647448623124,1,0,92.0,92.0,104,844.8301551189795
RR,1,798,8805969842975099898,evaluation,demo_baseline,819.5647448623124,1,0,99.0,99.0,125,819.8358488649002
RR,1,799,1531244443990348934,evaluation,demo_baseline,819.5647448623124,1,0,86.0,86.0,108,834.4154309426882
RR,1,800,3992067529832791453,evaluation,demo_baseline,819.5647448623124,1,0,79.0,79.0,98,832.0942969374086
RR,1,801,6357289266147075146,evaluation,demo_baseline,819.5647448623124,1,0,93.0,93.0,109,830.0319789003443
RR,1,802,1986515648080858008,evaluation,demo_baseline,819.5647448623124,1,0,99.0,99.0,114,823.9985328221246
RR,1,803,5485868474014649666,evaluation,demo_baseline,819.5647448623124,1,0,92.0,92.0,132,823.4686302945393
RR,1,804,8349308574059891772,evaluation,demo_baseline,819.5647448623124,1,0,84.0,84.0,116,822.9001868773469
RR,1,805,8991610631570454764,evaluation,demo_baseline,819.5647448623124,1,0,80.0,80.0,102,834.3120974318973
RR,1,806,5992199921381928005,evaluation,demo_baseline,819.5647448623124,1,0,93.0,93.0,98,820.3149019625014
RR,1,807,7567274868869625990,evaluation,demo_baseline,819.5647448623124,1,0,99.0,99.0,116,821.3895468608089
RR,1,808,1523700622387407977,evaluation,demo_baseline,819.5647448623124,1,0,85.0,85.0,100,822.2647098936404
RR,1,809,5370748993486755341,evaluation,demo_baseline,819.5647448623124,1,0,78.0,78.0,101,822.2415658886611
RR,1,810,42161991613125828,evaluation,demo_baseline,819.5647448623124,1,0,87.0,87.0,107,836.8457003948733
RR,1,811,855229148253319348,evaluation,demo_baseline,819.5647448623124,1,0,82.0,82.0,98,833.5154603756023
RR,1,812,3146323713191242649,evaluation,demo_baseline,819.5647448623124,1,0,84.0,84.0,125,829.1768140802582
RR,1,813,8520574149295688712,evaluation,demo_baseline,819.5647448623124,1,0,83.0,83.0,114,822.3378964807357
RR,1,814,7116559461824306881,evaluation,demo_baseline,819.5647448623124,1,0,97.0,97.0,124,828.6259560691051
RR,1,815,6926813937873707385,evaluation,demo_baseline,819.5647448623124,1,0,79.0,79.0,100,820.137884954064
RR,1,816,1128503965882256933,evaluation,demo_baseline,819.5647448623124,1,0,61.0,61.0,81,826.9808362177343
RR,1,817,4248199434182587461,evaluation,demo_baseline,819.5647448623124,1,0,93.0,93.0,108,826.7631149694897
RR,1,818,6848809025699297487,evaluation,demo_baseline,819.5647448623124,1,0,85.0,85.0,108,828.3855158657948
RR,1,819,7357388895034902415,evaluation,demo_baseline,819.5647448623124,1,0,102.0,102.0,116,836.7028906168036
RR,1,820,8435131881456249437,evaluation,demo_baseline,819.5647448623124,1,0,86.0,86.0,118,826.0800238352355
RR,1,821,1029265450574641939,evaluation,demo_baseline,819.5647448623124,1,0,84.0,84.0,103,834.8598700473752
RR,1,822,2431370372162479012,evaluation,demo_baseline,819.5647448623124,1,0,82.0,82.0,109,827.5579879160811
RR,1,823,6872269724021021731,evaluation,demo_baseline,819.5647448623124,1,0,102.0,102.0,134,831.0121724369775
RR,1,824,4228917489098299079,evaluation,demo_baseline,819.5647448623124,1,0,95.0,95.0,111,867.4341401212546
RR,1,825,3280978739043125695,evaluation,demo_baseline,819.5647448623124,1,0,85.0,85.0,105,855.0814023690925
RR,1,826,1219344312590141777,evaluation,demo_baseline,819.5647448623124,1,0,74.0,74.0,96,821.6125381716004
RR,1,827,8755946147922373718,evaluation,demo_baseline,819.5647448623124,1,0,84.0,84.0,106,821.2340257302294
RR,1,828,3510515965428075827,evaluation,demo_baseline,819.5647448623124,1,0,90.0,90.0,109,835.2776304572499
RR,1,829,2390079020037883738,evaluation,demo_baseline,819.5647448623124,1,0,81.0,81.0,96,824.0065230205889
RR,1,830,155227898875580190,evaluation,demo_baseline,819.5647448623124,1,0,90.0,90.0,104,820.303880880977
RR,1,831,8630261955397133218,evaluation,demo_baseline,819.5647448623124,1,0,69.0,69.0,82,827.8267854419796
RR,1,832,6814087596273209559,evaluation,demo_baseline,819.5647448623124,1,0,101.0,101.0,121,837.4478619363886
RR,1,833,921465546409173818,evaluation,demo_baseline,819.5647448623124,1,0,106.0,106.0,121,823.5306987692751
RR,1,834,6305486519121925433,evaluation,demo_baseline,819.5647448623124,1,0,77.0,77.0,91,830.0757194428818
RR,1,835,7449415066032854055,evaluation,demo_baseline,819.5647448623124,1,0,82.0,82.0,94,878.9512345099896
RR,1,836,8970909805036943278,evaluation,demo_baseline,819.5647448623124,1,0,86.0,86.0,119,822.413516249685
RR,1,837,6224692481123187511,evaluation,demo_baseline,819.5647448623124,1,0,97.0,97.0,101,851.2034364652205
RR,1,838,7037152940141031497,evaluation,demo_baseline,819.5647448623124,1,0,72.0,72.0,90,831.6708844910859
RR,1,839,5109076926548293236,evaluation,demo_baseline,819.5647448623124,1,0,97.0,97.0,107,842.1635317223765
RR,1,840,5053680185737228869,evaluation,demo_baseline,819.5647448623124,1,0,112.0,112.0,122,823.8939497545686
RR,1,841,8170675378429784135,evaluation,demo_baseline,819.5647448623124,1,0,95.0,95.0,128,873.6101067238733
RR,1,842,8367849579763071967,evaluation,demo_baseline,819.5647448623124,1,0,84.0,84.0,102,825.980395554081
RR,1,843,8837228304563551662,evaluation,demo_baseline,819.5647448623124,1,0,81.0,81.0,104,829.1741574668968
RR,1,844,3416471393881351275,evaluation,demo_baseline,819.5647448623124,1,0,92.0,92.0,122,820.7094499578265
RR,1,845,8117288311581654541,evaluation,demo_baseline,819.5647448623124,1,0,88.0,88.0,106,824.8123524046371
RR,1,846,833599706623724671,evaluation,demo_baseline,819.5647448623124,1,0,82.0,82.0,110,819.9533643618706
RR,1,847,5912138202702007656,evaluation,demo_baseline,819.5647448623124,1,0,109.0,109.0,118,821.1909308956612
RR,1,848,8662638099186678536,evaluation,demo_baseline,819.5647448623124,1,0,89.0,89.0,98,828.1899817604949
RR,1,849,4144005371336754502,evaluation,demo_baseline,819.5647448623124,1,0,88.0,88.0,101,825.3337032396773
RR,1,850,8480724760021611276,evaluation,demo_baseline,819.5647448623124,1,0,90.0,90.0,106,821.1088275923961
RR,1,851,5508274024647719144,evaluation,demo_baseline,819.5647448623124,1,0,86.0,86.0,100,826.7389358760287
RR,1,852,977559160066062628,evaluation,demo_baseline,819.5647448623124,1,0,93.0,93.0,129,829.2012665194468
RR,1,853,5598536425827701239,evaluation,demo_baseline,819.5647448623124,1,0,89.0,89.0,115,824.6629260651755
RR,1,854,5415483134753694288,evaluation,demo_baseline,819.5647448623124,1,0,85.0,85.0,100,829.1122026098845
RR,1,855,3020035637523796631,evaluation,demo_baseline,819.5647448623124,1,0,90.0,90.0,106,843.992491140413
RR,1,856,7228356920589193222,evaluation,demo_baseline,819.5647448623124,1,0,83.0,83.0,93,832.5684804698376
RR,1,857,3985274167130743568,evaluation,demo_baseline,819.5647448623124,1,0,61.0,61.0,72,822.232585763447
RR,1,858,7191517585060291966,evaluation,demo_baseline,819.5647448623124,1,0,102.0,102.0,107,831.9753908858497
RR,1,859,6464420899717341898,evaluation,demo_baseline,819.5647448623124,1,0,93.0,93.0,120,824.2396661236031
RR,1,860,1783361278218680261,evaluation,demo_baseline,819.5647448623124,1,0,79.0,79.0,93,840.4207510983967
RR,1,861,1328005374533489822,evaluation,demo_baseline,819.5647448623124,1,0,90.0,90.0,112,868.4082754863078
RR,1,862,1014636569147452069,evaluation,demo_baseline,819.5647448623124,1,0,79.0,79.0,103,823.0388884044297
RR,1,863,3724001393916793638,evaluation,demo_baseline,819.5647448623124,1,0,95.0,95.0,101,827.4038393189248
RR,1,864,2069723470523346675,evaluation,demo_baseline,819.5647448623124,1,0,93.0,93.0,115,829.8822607149799
RR,1,865,7222041563976267007,evaluation,demo_baseline,819.5647448623124,1,0,85.0,85.0,100,824.9193419230494
RR,1,866,4990230274902281352,evaluation,demo_baseline,819.5647448623124,1,0,75.0,75.0,102,821.5521149939498
RR,1,867,7286764355789252292,evaluation,demo_baseline,819.5647448623124,1,0,98.0,98.0,106,836.6494886190737
RR,1,868,5528094310272961394,evaluation,demo_baseline,819.5647448623124,1,0,79.0,79.0,107,825.1605450508245
RR,1,869,3342037698971064565,evaluation,demo_baseline,819.5647448623124,1,0,93.0,93.0,108,821.4165471816299
RR,1,870,4461755829545105038,evaluation,demo_baseline,819.5647448623124,1,0,84.0,84.0,112,836.5681888715117
RR,1,871,3749751354076980617,evaluation,demo_baseline,819.5647448623124,1,0,88.0,88.0,111,863.8807133785828
RR,1,872,938458009880293197,evaluation,demo_baseline,819.5647448623124,1,0,87.0,87.0,123,847.618760863372
RR,1,873,2750269450721722642,evaluation,demo_baseline,819.5647448623124,1,0,77.0,77.0,102,823.2798155789291
RR,1,874,4665445070410491541,evaluation,demo_baseline,819.5647448623124,1,0,90.0,90.0,106,822.64190229713
RR,1,875,4212228075936283321,evaluation,demo_baseline,819.5647448623124,1,0,79.0,79.0,97,821.8789621415965
RR,1,876,1387869901914438814,evaluation,demo_baseline,819.5647448623124,1,0,71.0,71.0,81,832.021321930446
RR,1,877,3537630183594169125,evaluation,demo_baseline,819.5647448623124,1,0,78.0,78.0,79,820.1086046355773
RR,1,878,6441828597550231977,evaluation,demo_baseline,819.5647448623124,1,0,82.0,82.0,102,837.821038418594
RR,1,879,2106270288069926579,evaluation,demo_baseline,819.5647448623124,1,0,96.0,96.0,115,832.7346720309845
RR,1,880,6224273046647495680,evaluation,demo_baseline,819.5647448623124,1,0,95.0,95.0,113,846.6061932220396
RR,1,881,307506379622252792,evaluation,demo_baseline,819.5647448623124,1,0,99.0,99.0,102,828.7166844175969
RR,1,882,7476891057246325150,evaluation,demo_baseline,819.5647448623124,1,0,79.0,79.0,113,819.6682110334642
RR,1,883,9009249090916143326,evaluation,demo_baseline,819.5647448623124,1,0,89.0,89.0,109,820.306934427573
RR,1,884,9170106391097339876,evaluation,demo_baseline,819.5647448623124,1,0,89.0,89.0,99,833.8077684467873
RR,1,885,5574652972404116068,evaluation,demo_baseline,819.5647448623124,1,0,82.0,82.0,90,822.70390451263
RR,1,886,952436741797127149,evaluation,demo_baseline,819.5647448623124,1,0,83.0,83.0,115,819.9194911073198
RR,1,887,511550015457192946,evaluation,demo_baseline,819.5647448623124,1,0,95.0,95.0,105,830.9359828861643
RR,1,888,8752151548678650118,evaluation,demo_baseline,819.5647448623124,1,0,84.0,84.0,114,824.2214068169325
RR,1,889,7507166530390037045,evaluation,demo_baseline,819.5647448623124,1,0,84.0,84.0,115,851.3461489127405
RR,1,890,7432570442764378860,evaluation,demo_baseline,819.5647448623124,1,0,96.0,96.0,130,832.7582311866223
RR,1,891,1234130309749627603,evaluation,demo_baseline,819.5647448623124,1,0,87.0,87.0,106,821.9422032204607
RR,1,892,2670770485555854784,evaluation,demo_baseline,819.5647448623124,1,0,90.0,90.0,102,826.3974742828877
RR,1,893,2305766003689377886,evaluation,demo_baseline,819.5647448623124,1,0,93.0,93.0,109,821.4807120936127
RR,1,894,5663607526135768318,evaluation,demo_baseline,819.5647448623124,1,0,87.0,87.0,103,822.8825299203286
RR,1,895,3747155557422830265,evaluation,demo_baseline,819.5647448623124,1,0,83.0,83.0,97,824.4154075988848
RR,1,896,6862894276413050852,evaluation,demo_baseline,819.5647448623124,1,0,84.0,84.0,118,843.8234283741405
RR,1,897,7289624485084589996,evaluation,demo_baseline,819.5647448623124,1,0,92.0,92.0,112,828.1959209061827
RR,1,898,4047594242977238341,evaluation,demo_baseline,819.5647448623124,1,0,79.0,79.0,96,834.5337718718673
RR,1,899,8413888745683740377,evaluation,demo_baseline,819.5647448623124,1,0,80.0,80.0,97,824.2517284603772
RR,1,900,1844576239118994843,evaluation,demo_baseline,819.5647448623124,1,0,88.0,88.0,120,836.2352064454757
RR,1,901,5275317524403847003,evaluation,demo_baseline,819.5647448623124,1,0,76.0,76.0,91,821.9457005874864
RR,1,902,7815811818797525339,evaluation,demo_baseline,819.5647448623124,1,0,77.0,77.0,101,827.4441050973331
RR,1,903,1967923114015416268,evaluation,demo_baseline,819.5647448623124,1,0,79.0,79.0,83,839.7162747848283
RR,1,904,245189029170951498,evaluation,demo_baseline,819.5647448623124,1,0,84.0,84.0,113,835.224008276011
RR,1,905,7562747569670922186,evaluation,demo_baseline,819.5647448623124,1,0,110.0,110.0,120,828.6979195876088
RR,1,906,244531866588541254,evaluation,demo_baseline,819.5647448623124,1,0,88.0,88.0,93,842.5445836921685
RR,1,907,1475463069532666834,evaluation,demo_baseline,819.5647448623124,1,0,70.0,70.0,78,825.6301734409114
RR,1,908,340243064216767519,evaluation,demo_baseline,819.5647448623124,1,0,85.0,85.0,113,824.7739924209708
RR,1,909,4427029347916414311,evaluation,demo_baseline,819.5647448623124,1,0,84.0,84.0,97,830.8466092656003
RR,1,910,7047602742955127037,evaluation,demo_baseline,819.5647448623124,1,0,88.0,88.0,102,831.0585006530508
RR,1,911,8013162920734263364,evaluation,demo_baseline,819.5647448623124,1,0,114.0,114.0,119,832.6171527515803
RR,1,912,7945197939841126229,evaluation,demo_baseline,819.5647448623124,1,0,75.0,75.0,94,825.3674279909998
RR,1,913,300636357497807059,evaluation,demo_baseline,819.5647448623124,1,0,79.0,79.0,90,822.9458468896927
RR,1,914,7619947455816707427,evaluation,demo_baseline,819.5647448623124,1,0,85.0,85.0,87,828.8888256228297
RR,1,915,3158991175316906732,evaluation,demo_baseline,819.5647448623124,1,0,66.0,66.0,82,857.8688174980704
RR,1,916,6546091393837867411,evaluation,demo_baseline,819.5647448623124,1,0,94.0,94.0,115,851.4992907048648
RR,1,917,8583716570359948604,evaluation,demo_baseline,819.5647448623124,1,0,75.0,75.0,92,822.2217565063296
RR,1,918,1174517363969612147,evaluation,demo_baseline,819.5647448623124,1,0,73.0,73.0,100,820.9960329104965
RR,1,919,7298098258410234764,evaluation,demo_baseline,819.5647448623124,1,0,91.0,91.0,111,829.1688106495212
RR,1,920,127678591988875181,evaluation,demo_baseline,819.5647448623124,1,0,88.0,88.0,108,821.6711587738648
RR,1,921,7467726389371335041,evaluation,demo_baseline,819.5647448623124,1,0,106.0,106.0,120,828.321512437772
RR,1,922,1790816128307309906,evaluation,demo_baseline,819.5647448623124,1,0,75.0,75.0,85,820.9127391924349
RR,1,923,6989392292682307294,evaluation,demo_baseline,819.5647448623124,1,0,99.0,99.0,109,834.7314621306888
RR,1,924,5436323170241682743,evaluation,demo_baseline,819.5647448623124,1,0,74.0,74.0,81,832.0008292129621
RR,1,925,7995922860861366321,evaluation,demo_baseline,819.5647448623124,1,0,90.0,90.0,116,830.0813801525342
RR,1,926,4372113342367286629,evaluation,demo_baseline,819.5647448623124,1,0,85.0,85.0,97,830.6890157242973
RR,1,927,8103462359559235436,evaluation,demo_baseline,819.5647448623124,1,0,98.0,98.0,109,820.6020467577223
RR,1,928,2022884283822622797,evaluation,demo_baseline,819.5647448623124,1,0,88.0,88.0,112,826.4365980190219
RR,1,929,1115241058906744389,evaluation,demo_baseline,819.5647448623124,1,0,93.0,93.0,106,819.7722931197342
RR,1,930,2540466480058750329,evaluation,demo_baseline,819.5647448623124,1,0,91.0,91.0,100,827.5110944792358
RR,1,931,1746193928048771759,evaluation,demo_baseline,819.5647448623124,1,0,75.0,75.0,96,824.5243431550543
RR,1,932,1655384627769604414,evaluation,demo_baseline,819.5647448623124,1,0,79.0,79.0,96,821.1703022059257
RR,1,933,2144617726937628313,evaluation,demo_baseline,819.5647448623124,1,0,81.0,81.0,106,826.386011500808
RR,1,934,2164046102063801170,evaluation,demo_baseline,819.5647448623124,1,0,73.0,73.0,94,832.0258668870179
RR,1,935,3093144145621641516,evaluation,demo_baseline,819.5647448623124,1,0,98.0,98.0,140,833.9727090260866
RR,1,936,8414220648655561628,evaluation,demo_baseline,819.5647448623124,1,0,77.0,77.0,102,836.395539852157
RR,1,937,5041963214096668133,evaluation,demo_baseline,819.5647448623124,1,0,86.0,86.0,117,824.6213075614606
RR,1,938,8908464940086653152,evaluation,demo_baseline,819.5647448623124,1,0,86.0,86.0,103,820.9867181262524
RR,1,939,5606204863909384740,evaluation,demo_baseline,819.5647448623124,1,0,86.0,86.0,114,820.9646661551546
RR,1,940,618243427419022676,evaluation,demo_baseline,819.5647448623124,1,0,104.0,104.0,111,829.2527701660277
RR,1,941,7089294797276188657,evaluation,demo_baseline,819.5647448623124,1,0,98.0,98.0,114,832.4760215427078
RR,1,942,1991046773984450723,evaluation,demo_baseline,819.5647448623124,1,0,89.0,89.0,99,821.0648808579357
RR,1,943,8905829824685803989,evaluation,demo_baseline,819.5647448623124,1,0,86.0,86.0,105,824.9327269071546
RR,1,944,4668820879621427702,evaluation,demo_baseline,819.5647448623124,1,0,78.0,78.0,95,824.461478146373
RR,1,945,7279910007009288832,evaluation,demo_baseline,819.5647448623124,1,0,88.0,88.0,110,823.113852716819
RR,1,946,6574741353660699023,evaluation,demo_baseline,819.5647448623124,1,0,83.0,83.0,91,820.6375956949295
RR,1,947,5531821548081012447,evaluation,demo_baseline,819.5647448623124,1,0,114.0,114.0,127,823.4661087696574
RR,1,948,3017525577746639135,evaluation,demo_baseline,819.5647448623124,1,0,72.0,72.0,83,826.8405823240541
RR,1,949,305685988901553297,evaluation,demo_baseline,819.5647448623124,1,0,89.0,89.0,106,828.7317776318833
RR,1,950,2859660975320127065,evaluation,demo_baseline,819.5647448623124,1,0,100.0,100.0,122,827.9461258733196
RR,1,951,7912298190729183970,evaluation,demo_baseline,819.5647448623124,1,0,90.0,90.0,109,823.0152327156928
RR,1,952,3413805240117275773,evaluation,demo_baseline,819.5647448623124,1,0,77.0,77.0,92,820.7455863480501
RR,1,953,2346922209098661040,evaluation,demo_baseline,819.5647448623124,1,0,72.0,72.0,84,828.6610383350687
RR,1,954,3067590962754264479,evaluation,demo_baseline,819.5647448623124,1,0,91.0,91.0,106,828.7904730954906
RR,1,955,1303977314214938610,evaluation,demo_baseline,819.5647448623124,1,0,86.0,86.0,115,824.292780655229
RR,1,956,2764590586810425523,evaluation,demo_baseline,819.5647448623124,1,0,85.0,85.0,110,826.1377894902274
RR,1,957,1743862047756551656,evaluation,demo_baseline,819.5647448623124,1,0,75.0,75.0,88,821.9026239458577
RR,1,958,1463871054169744063,evaluation,demo_baseline,819.5647448623124,1,0,77.0,77.0,99,822.7269317319923
RR,1,959,5048857363573154322,evaluation,demo_baseline,819.5647448623124,1,0,66.0,66.0,77,838.6398982834278
RR,1,960,1920596944564887642,evaluation,demo_baseline,819.5647448623124,1,0,106.0,106.0,128,826.6837570748546
RR,1,961,3111387351678059778,evaluation,demo_baseline,819.5647448623124,1,0,77.0,77.0,91,823.8596653237769
RR,1,962,689488572105316379,evaluation,demo_baseline,819.5647448623124,1,0,105.0,105.0,114,833.109710767178
RR,1,963,3648487684239400591,evaluation,demo_baseline,819.5647448623124,1,0,89.0,89.0,107,823.3370989178267
RR,1,964,2908157184577213045,evaluation,demo_baseline,819.5647448623124,1,0,86.0,86.0,114,828.0211364274606
RR,1,965,7808520741686156731,evaluation,demo_baseline,819.5647448623124,1,0,81.0,81.0,104,827.6600635360728
RR,1,966,4461062674371991722,evaluation,demo_baseline,819.5647448623124,1,0,93.0,93.0,115,836.0037365085924
RR,1,967,7468336483733591176,evaluation,demo_baseline,819.5647448623124,1,0,89.0,89.0,111,824.164257082099
RR,1,968,3162626441621493535,evaluation,demo_baseline,819.5647448623124,1,0,91.0,91.0,106,827.894137478393
RR,1,969,7163508676340465601,evaluation,demo_baseline,819.5647448623124,1,0,97.0,97.0,122,823.553657577872
RR,1,970,478054543351589491,evaluation,demo_baseline,819.5647448623124,1,0,80.0,80.0,93,833.4262984641102
RR,1,971,7095902239692364456,evaluation,demo_baseline,819.5647448623124,1,0,93.0,93.0,110,823.7072342260237
RR,1,972,7434741065165835083,evaluation,demo_baseline,819.5647448623124,1,0,110.0,110.0,107,820.1691123287933
RR,1,973,6609983219012607166,evaluation,demo_baseline,819.5647448623124,1,0,114.0,114.0,115,843.8266306433128
RR,1,974,3632571429738574945,evaluation,demo_baseline,819.5647448623124,1,0,89.0,89.0,101,828.2372978860662
RR,1,975,2993573286321831538,evaluation,demo_baseline,819.5647448623124,1,0,87.0,87.0,99,827.2800610770016
RR,1,976,7598272971185080056,evaluation,demo_baseline,819.5647448623124,1,0,84.0,84.0,96,830.1662412767138
RR,1,977,2986619539433216968,evaluation,demo_baseline,819.5647448623124,1,0,92.0,92.0,104,824.4918291751914
RR,1,978,9212119583824643730,evaluation,demo_baseline,819.5647448623124,1,0,89.0,89.0,125,828.569646217338
RR,1,979,5210077340946861509,evaluation,demo_baseline,819.5647448623124,1,0,87.0,87.0,105,820.9432626598475
RR,1,980,5340278912439441425,evaluation,demo_baseline,819.5647448623124,1,0,88.0,88.0,102,834.2576676049576
RR,1,981,5665300201155941285,evaluation,demo_baseline,819.5647448623124,1,0,72.0,72.0,100,822.866764938834
RR,1,982,4696786439415768225,evaluation,demo_baseline,819.5647448623124,1,0,71.0,71.0,101,828.1774118443741
RR,1,983,5637082252761335449,evaluation,demo_baseline,819.5647448623124,1,0,85.0,85.0,92,823.0977297773791
RR,1,984,952174504189353563,evaluation,demo_baseline,819.5647448623124,1,0,78.0,78.0,101,829.5868938960624
RR,1,985,7146345302927518223,evaluation,demo_baseline,819.5647448623124,1,0,89.0,89.0,103,825.4096227274237
RR,1,986,2691264163660435112,evaluation,demo_baseline,819.5647448623124,1,0,92.0,92.0,108,831.8754556982344
RR,1,987,2089651495155661535,evaluation,demo_baseline,819.5647448623124,1,0,75.0,75.0,106,836.313357531558
RR,1,988,4836943141209500626,evaluation,demo_baseline,819.5647448623124,1,0,78.0,78.0,86,834.4175606826389
RR,1,989,5814287568052379738,evaluation,demo_baseline,819.5647448623124,1,0,94.0,94.0,125,853.0197955058542
RR,1,990,3931410410506286880,evaluation,demo_baseline,819.5647448623124,1,0,96.0,96.0,118,832.5072440940636
RR,1,991,3562082369355393320,evaluation,demo_baseline,819.5647448623124,1,0,117.0,117.0,131,868.3270897598043
RR,1,992,2892966812508944397,evaluation,demo_baseline,819.5647448623124,1,0,77.0,77.0,98,819.7732358399066
RR,1,993,3764347356364345617,evaluation,demo_baseline,819.5647448623124,1,0,90.0,90.0,118,821.1567013823775
RR,1,994,6933966069107514048,evaluation,demo_baseline,819.5647448623124,1,0,105.0,105.0,116,821.8255715698343
RR,1,995,70547880106149864,evaluation,demo_baseline,819.5647448623124,1,0,86.0,86.0,105,844.4609603023297
RR,1,996,179472360837160080,evaluation,demo_baseline,819.5647448623124,1,0,77.0,77.0,102,822.2931563047229
RR,1,997,2651730243314464805,evaluation,demo_baseline,819.5647448623124,1,0,78.0,78.0,111,828.1357425002494
RR,1,998,7043868117687415110,evaluation,demo_baseline,819.5647448623124,1,0,96.0,96.0,120,829.4127314850389
RR,1,999,7355162061496661926,evaluation,demo_baseline,819.5647448623124,1,0,81.0,81.0,97,830.7072773982787
TR,0,0,8315828300015138575,evaluation,demo_baseline,758.0031079564033,0,0,inf,293.0,128,763.3780979722891
TR,0,1,2589058694672046149,evaluation,demo_baseline,758.0031079564033,0,0,inf,inf,106,628.0651346159411
TR,0,2,3912380690491058408,evaluation,demo_baseline,758.0031079564033,0,0,inf,inf,119,689.4129154517994
TR,0,3,7189249197400664292,evaluation,demo_baseline,758.0031079564033,0,0,inf,inf,109,641.4705569318421
TR,0,4,2135757163734473418,evaluation,demo_baseline,758.0031079564033,0,0,inf,inf,118,610.9419989379571
TR,0,5,3364503239213802317,evaluation,demo_baseline,758.0031079564033,0,0,inf,inf,102,529.2193465117947
TR,0,6,7539353583017658569,evaluation,demo_baseline,758.0031079564033,0,0,inf,271.0,123,767.9007156442163
TR,0,7,8330565317864026483,evaluation,demo_baseline,758.0031079564033,0,0,inf,inf,116,631.6611016154611
TR,0,8,8336854074523314653,evaluation,demo_baseline,758.0031079564033,0,0,inf,inf,107,543.7018206474017
TR,0,9,1439534662995932468,evaluation,demo_baseline,758.0031079564033,0,0,inf,inf,110,573.8955700956615
TR,0,10,403450600575040551,evaluation,demo_baseline,758.0031079564033,0,0,inf,inf,105,631.5943478063525
TR,0,11,1367098129868535150,evaluation,demo_baseline,758.0031079564033,0,0,inf,248.0,115,890.2634833591854
TR,0,12,7177198302246180043,evaluation,demo_baseline,758.0031079564033,0,0,inf,inf,122,659.9459222876251
TR,0,13,8691403762426590425,evaluation,demo_baseline,758.0031079564033,0,0,inf,inf,104,580.7598339674589
TR,0,14,8057904011494164264,evaluation,demo_baseline,758.0031079564033,0,0,inf,inf,115,632.7048913611009
TR,0,15,2227625005242326887,evaluation,demo_baseline,758.0031079564033,0,0,inf,inf,115,635.3190835608932
TR,0,16,4647814045698886606,evaluation,demo_baseline,758.0031079564033,0,0,inf,inf,125,591.4834549820966
TR,0,17,5269750830313049007,evaluation,demo_baseline,758.0031079564033,0,0,inf,inf,108,549.944687934288
TR,0,18,3733949990917274907,evaluation,demo_baseline,758.0031079564033,0,0,inf,inf,95,504.52414797809
TR,0,19,8747120756552282334,evaluation,demo_baseline,758.0031079564033,0,0,inf,inf,105,573.2327551236315
TR,0,20,1674448202983016654,evaluation,demo_baseline,758.0031079564033,0,0,inf,inf,112,656.2678168248958
TR,0,21,4422930891708610404,evaluation,demo_baseline,758.0031079564033,0,0,inf,inf,121,712.5724371983314
TR,0,22,5550056219953502198,evaluation,demo_baseline,758.0031079564033,0,0,inf,inf,112,598.1188448767412
TR,0,23,2049356816231662047,evaluation,demo_baseline,758.0031079564033,0,0,inf,inf,127,697.6560217649602
TR,0,24,4797913517479131468,evaluation,demo_baseline,758.0031079564033,0,0,inf,inf,135,717.1030741430077
TR,0,25,4871691984843614124,evaluation,demo_baseline,758.0031079564033,0,0,inf,inf,110,734.5699580094303
TR,0,26,4075758536689957671,evaluation,demo_baseline,758.0031079564033,0,0,inf,inf,111,638.2654022021528
TR,0,27,8878222907217355992,evaluation,demo_baseline,758.0031079564033,0,0,inf,inf,122,621.9570215332889
TR,0,28,7774809978331428548,evaluation,demo_baseline,758.0031079564033,0,0,inf,inf,118,642.281230376836
TR,0,29,511177674527172836,evaluation,demo_baseline,758.0031079564033,0,0,inf,inf,93,520.3217625547211
TR,0,30,3698522455421506692,evaluation,demo_baseline,758.0031079564033,0,0,inf,inf,109,643.2026415535452
TR,0,31,6448796625139115390,evaluation,demo_baseline,758.0031079564033,0,0,inf,inf,98,527.4429573426529
TR,0,32,768313240590450258,evaluation,demo_baseline,758.0031079564033,0,0,inf,inf,99,580.8535651104916
TR,0,33,1862341845071672316,evaluation,demo_baseline,758.0031079564033,0,0,inf,inf,115,699.6140691922931
TR,0,34,3049180199916467067,evaluation,demo_baseline,758.0031079564033,0,0,inf,inf,114,563.0428828499681
TR,0,35,5295499855304977778,evaluation,demo_baseline,758.0031079564033,0,0,inf,inf,114,592.0640633530094
TR,0,36,2348147057610941654,evaluation,demo_baseline,758.0031079564033,0,0,inf,inf,109,576.485870664817
TR,0,37,1934186039656517342,evaluation,demo_baseline,758.0031079564033,0,0,inf,inf,121,621.1513402476231
TR,0,38,7038535231496075990,evaluation,demo_baseline,758.0031079564033,0,0,inf,inf,100,539.198783497241
TR,0,39,2954300654708185313,evaluation,demo_baseline,758.0031079564033,0,0,inf,inf,134,660.1513485554577
TR,0,40,2349705437200219561,evaluation,demo_baseline,758.0031079564033,0,0,inf,inf,101,573.501270780255
TR,0,41,5657631752003412122,evaluation,demo_baseline,758.0031079564033,0,0,inf,inf,101,615.4194442591368
TR,0,42,3721410523112128903,evaluation,demo_baseline,758.0031079564033,0,0,inf,inf,127,672.4204599638039
TR,0,43,4343828058437461617,evaluation,demo_baseline,758.0031079564033,0,0,inf,inf,99,537.9646640334839
TR,0,44,8129694159867878953,evaluation,demo_baseline,758.0031079564033,0,0,inf,inf,120,658.434129742131
TR,0,45,1012346802321990265,evaluation,demo_baseline,758.0031079564033,0,0,inf,inf,120,643.5329424569435
TR,0,46,8834144819597184882,evaluation,demo_baseline,758.0031079564033,0,0,inf,inf,111,643.6299573855988
TR,0,47,5326716034676896856,evaluation,demo_baseline,758.0031079564033,0,0,inf,inf,108,547.7131471757773
TR,0,48,809459864856922661,evaluation,demo_baseline,758.0031079564033,0,0,inf,inf,115,723.7630599381744
TR,0,49,5609997191401315582,evaluation,demo_baseline,758.0031079564033,0,0,inf,inf,121,582.4644217220973
TR,0,50,6561940814107291883,evaluation,demo_baseline,758.0031079564033,0,0,inf,inf,110,664.8135426806224
TR,0,51,7390534108511910940,evaluation,demo_baseline,758.0031079564033,0,0,inf,inf,116,682.5801316860168
TR,0,52,3898817676540964145,evaluation,demo_baseline,758.0031079564033,0,0,inf,inf,98,504.23446151014423
TR,0,53,3684717902764399453,evaluation,demo_baseline,758.0031079564033,0,0,inf,inf,103,486.34031593794134
TR,0,54,5330745581218748837,evaluation,demo_baseline,758.0031079564033,0,0,inf,214.0,142,903.398399715686
TR,0,55,8206492661065333313,evaluation,demo_baseline,758.0031079564033,0,0,inf,inf,108,614.4808326002715
TR,0,56,7914724786801584336,evaluation,demo_baseline,758.0031079564033,0,0,inf,inf,109,544.1851419531645
TR,0,57,8495186938144887771,evaluation,demo_baseline,758.0031079564033,0,0,inf,inf,103,540.4072856782874
TR,0,58,5568585825426263321,evaluation,demo_baseline,758.0031079564033,0,0,inf,inf,97,467.029176133059
TR,0,59,3450784606469645768,evaluation,demo_baseline,758.0031079564033,0,0,inf,inf,89,484.50398650693586
TR,0,60,7868648427290903317,evaluation,demo_baseline,758.0031079564033,0,0,inf,inf,119,559.2764145253674
TR,0,61,5006833357930119871,evaluation,demo_baseline,758.0031079564033,0,0,inf,281.0,133,768.6504124435327
TR,0,62,3202004460161144461,evaluation,demo_baseline,758.0031079564033,0,0,inf,inf,125,580.7400612337244
TR,0,63,3793393410832483048,evaluation,demo_baseline,758.0031079564033,0,0,inf,inf,123,585.3232914830413
TR,0,64,1424275288562350746,evaluation,demo_baseline,758.0031079564033,0,0,inf,inf,121,755.1145573513065
TR,0,65,6044083603539688778,evaluation,demo_baseline,758.0031079564033,0,0,inf,inf,127,683.0646353762224
TR,0,66,1828498653315050171,evaluation,demo_baseline,758.0031079564033,0,0,inf,inf,114,565.7414781670075
TR,0,67,7123207119133683282,evaluation,demo_baseline,758.0031079564033,0,0,inf,inf,105,569.9291573376482
TR,0,68,5227944740682486201,evaluation,demo_baseline,758.0031079564033,0,0,inf,inf,118,642.2664157704968
TR,0,69,8542735433682289396,evaluation,demo_baseline,758.0031079564033,0,0,inf,inf,119,499.3632618387893
TR,0,70,4513633514630404042,evaluation,demo_baseline,758.0031079564033,0,0,inf,inf,104,535.0276375847924
TR,0,71,2428901845049991853,evaluation,demo_baseline,758.0031079564033,0,0,inf,inf,124,674.7968599254876
TR,0,72,5924385039458608987,evaluation,demo_baseline,758.0031079564033,0,0,inf,inf,115,652.8541597784829
TR,0,73,221484857659129890,evaluation,demo_baseline,758.0031079564033,0,0,inf,inf,111,587.3504790058303
TR,0,74,7126521785065948752,evaluation,demo_baseline,758.0031079564033,0,0,inf,inf,108,554.9821100162505
TR,0,75,7719245403796220061,evaluation,demo_baseline,758.0031079564033,0,0,inf,inf,120,752.770985125378
TR,0,76,7117348258861620405,evaluation,demo_baseline,758.0031079564033,0,0,inf,inf,113,587.0173854181993
TR,0,77,1001674907955777260,evaluation,demo_baseline,758.0031079564033,0,0,inf,inf,120,574.8643220264092
TR,0,78,6809732566005704955,evaluation,demo_baseline,758.0031079564033,0,0,inf,inf,108,631.4362024909478
TR,0,79,3774708437562421838,evaluation,demo_baseline,758.0031079564033,0,0,inf,inf,110,714.939777292815
TR,0,80,372891196637898511,evaluation,demo_baseline,758.0031079564033,0,0,inf,inf,121,697.4777311132616
TR,0,81,2124818191516182983,evaluation,demo_baseline,758.0031079564033,0,0,inf,inf,105,490.8974774614734
TR,0,82,1675218070713847680,evaluation,demo_baseline,758.0031079564033,0,0,inf,inf,124,643.0291189908049
TR,0,83,1694459367498099434,evaluation,demo_baseline,758.0031079564033,0,0,inf,inf,124,673.5567085018885
TR,0,84,2199942422144539482,evaluation,demo_baseline,758.0031079564033,0,0,inf,inf,115,621.2671719514946
TR,0,85,8201228363736974388,evaluation,demo_baseline,758.0031079564033,0,0,inf,inf,123,678.2249518341853
TR,0,86,1395340397644043079,evaluation,demo_baseline,758.0031079564033,0,0,inf,inf,102,488.0803106992215
TR,0,87,2835947092609634046,evaluation,demo_baseline,758.0031079564033,0,0,inf,inf,119,639.055244239583
TR,0,88,1725939892482416948,evaluation,demo_baseline,758.0031079564033,0,0,inf,inf,126,623.8518581226929
TR,0,89,988659235323357003,evaluation,demo_baseline,758.0031079564033,0,0,inf,inf,98,466.16657228136046
TR,0,90,6127994859659385986,evaluation,demo_baseline,758.0031079564033,0,0,inf,inf,110,516.8862155030054
TR,0,91,3823193446537638648,evaluation,demo_baseline,758.0031079564033,0,0,inf,inf,119,558.0829677374337
TR,0,92,2323716458830241006,evaluation,demo_baseline,758.0031079564033,0,0,inf,inf,120,607.9022203741638
TR,0,93,8697034705014155314,evaluation,demo_baseline,758.0031079564033,0,0,inf,inf,93,523.7131769571918
TR,0,94,4401736749453632889,evaluation,demo_baseline,758.0031079564033,0,0,inf,inf,129,667.1934104741346
TR,0,95,7513445520107158507,evaluation,demo_baseline,758.0031079564033,0,0,inf,inf,111,598.4428812695157
TR,0,96,7960482070256129716,evaluation,demo_baseline,758.0031079564033,0,0,inf,inf,106,662.4116400667925
TR,0,97,3757166803382697373,evaluation,demo_baseline,758.0031079564033,0,0,inf,inf,113,552.2909182736801
TR,0,98,3952761675854382509,evaluation,demo_baseline,758.0031079564033,0,0,inf,inf,108,583.1466331913667
TR,0,99,5055936548634180453,evaluation,demo_baseline,758.0031079564033,0,0,inf,inf,119,590.573066289463
TR,0,100,4774283870144676586,evaluation,demo_baseline,758.0031079564033,0,0,inf,inf,103,554.0218830722023
TR,0,101,8648403802192730858,evaluation,demo_baseline,758.0031079564033,0,0,inf,inf,122,603.88488408842
TR,0,102,9037014098373301576,evaluation,demo_baseline,758.0031079564033,0,0,inf,inf,115,696.1972454603979
TR,0,103,9168318438115510318,evaluation,demo_baseline,758.0031079564033,0,0,inf,inf,116,713.921164084085
TR,0,104,6382023250120434759,evaluation,demo_baseline,758.0031079564033,0,0,inf,inf,110,574.0764189958239
TR,0,105,7568186419761377402,evaluation,demo_baseline,758.0031079564033,0,0,inf,inf,107,580.0940606845497
TR,0,106,8153424829484084538,evaluation,demo_baseline,758.0031079564033,0,0,inf,inf,100,449.6297474125481
TR,0,107,1002447274709812391,evaluation,demo_baseline,758.0031079564033,0,0,inf,inf,125,686.3125083058748
TR,0,108,6422459778428784549,evaluation,demo_baseline,758.0031079564033,0,0,inf,inf,104,545.6921544662225
TR,0,109,8579521247433863476,evaluation,demo_baseline,758.0031079564033,0,0,inf,inf,114,642.8876613436429
TR,0,110,6466165372788774034,evaluation,demo_baseline,758.0031079564033,0,0,inf,inf,112,633.6692243428483
TR,0,111,2902198924924821698,evaluation,demo_baseline,758.0031079564033,0,0,inf,inf,117,560.0265687645992
TR,0,112,6251439104937950663,evaluation,demo_baseline,758.0031079564033,0,0,inf,inf,141,693.892701600895
TR,0,113,8935977319629763453,evaluation,demo_baseline,758.0031079564033,0,0,inf,inf,132,731.9141573095047
TR,0,114,4873709172951123416,evaluation,demo_baseline,758.0031079564033,0,0,inf,inf,91,480.63320325358814
TR,0,115,457578819484374350,evaluation,demo_baseline,758.0031079564033,0,0,inf,inf,106,625.5024384746216
TR,0,116,2301055749050973438,evaluation,demo_baseline,758.0031079564033,0,0,inf,inf,124,624.1284549183114
TR,0,117,3993516796362525322,evaluation,demo_baseline,758.0031079564033,0,0,inf,inf,108,614.0060949373867
TR,0,118,4185116054655952797,evaluation,demo_baseline,758.0031079564033,0,0,inf,inf,110,602.8373627576921
TR,0,119,6776786601103953961,evaluation,demo_baseline,758.0031079564033,0,0,inf,inf,103,593.948117557069
TR,0,120,5687204834419242949,evaluation,demo_baseline,758.0031079564033,0,0,inf,inf,124,699.7366761746807
TR,0,121,7940975965866013313,evaluation,demo_baseline,758.0031079564033,0,0,inf,105.0,119,774.1202793582333
TR,0,122,1377882019177964030,evaluation,demo_baseline,758.0031079564033,0,0,inf,inf,123,583.4676629892095
TR,0,123,4289526853085321402,evaluation,demo_baseline,758.0031079564033,0,0,inf,inf,126,672.311630615488
TR,0,124,5739960566305834670,evaluation,demo_baseline,758.0031079564033,0,0,inf,inf,117,695.0438728441318
TR,0,125,5492207295940658426,evaluation,demo_baseline,758.0031079564033,0,0,inf,inf,106,632.2268850886777
TR,0,126,7427001385683907958,evaluation,demo_baseline,758.0031079564033,0,0,inf,inf,111,564.8620364875931
TR,0,127,7743644937423682683,evaluation,demo_baseline,758.0031079564033,0,0,inf,inf,109,606.5851516833466
TR,0,128,8018319068930680349,evaluation,demo_baseline,758.0031079564033,0,0,inf,inf,120,584.0230097442098
TR,0,129,2176505955342191449,evaluation,demo_baseline,758.0031079564033,0,0,inf,inf,124,615.2147493837069
TR,0,130,2702365399587953851,evaluation,demo_baseline,758.0031079564033,0,0,inf,inf,134,655.6204912642128
TR,0,131,4387336119570270950,evaluation,demo_baseline,758.0031079564033,0,0,inf,inf,111,589.9659383009541
TR,0,132,807945637353752699,evaluation,demo_baseline,758.0031079564033,0,0,inf,inf,134,660.6551833146392
TR,0,133,1325858997366371527,evaluation,demo_baseline,758.0031079564033,0,0,inf,inf,119,480.60274968427376
TR,0,134,4663080992027280908,evaluation,demo_baseline,758.0031079564033,0,0,inf,inf,112,659.5710014788982
TR,0,135,4143683916987439616,evaluation,demo_baseline,758.0031079564033,0,0,inf,inf,114,657.6334993978865
TR,0,136,3064517866530443006,evaluation,demo_baseline,758.0031079564033,0,0,inf,inf,108,628.7738786502309
TR,0,137,5793432237948827024,evaluation,demo_baseline,758.0031079564033,0,0,inf,inf,112,547.3569462811063
TR,0,138,1609698312102347715,evaluation,demo_baseline,758.0031079564033,0,0,inf,inf,121,639.9416096161115
TR,0,139,7929559675540928477,evaluation,demo_baseline,758.0031079564033,0,0,inf,inf,112,557.1169731677763
TR,0,140,4933874789534009221,evaluation,demo_baseline,758.0031079564033,0,0,inf,inf,139,740.9780894024306
TR,0,141,3411139477370042319,evaluation,demo_baseline,758.0031079564033,0,0,inf,255.0,118,787.5568500186737
TR,0,142,1706119043472725960,evaluation,demo_baseline,758.0031079564033,0,0,inf,inf,127,532.7185269632623
TR,0,143,2810787836868541502,evaluation,demo_baseline,758.0031079564033,0,0,inf,inf,119,649.8197454346542
TR,0,144,5910676894528357789,evaluation,demo_baseline,758.0031079564033,0,0,inf,inf,121,690.6542936794567
TR,0,145,6080036975447466187,evaluation,demo_baseline,758.0031079564033,0,0,inf,inf,114,698.1609360576275
TR,0,146,5866910972905104632,evaluation,demo_baseline,758.0031079564033,0,0,inf,inf,115,662.1714791568303
TR,0,147,8088822916726089030,evaluation,demo_baseline,758.0031079564033,0,0,inf,inf,97,496.0428821463311
TR,0,148,6967607101949569837,evaluation,demo_baseline,758.0031079564033,0,0,inf,inf,110,579.9953818872291
TR,0,149,7717973578809857698,evaluation,demo_baseline,758.0031079564033,0,0,inf,inf,106,584.2104524157768
TR,0,150,412117427588174213,evaluation,demo_baseline,758.0031079564033,0,0,inf,inf,114,559.4694701921115
TR,0,151,8598646082802460633,evaluation,demo_baseline,758.0031079564033,0,0,inf,inf,118,590.1204943590412
TR,0,152,3389866420632309427,evaluation,demo_baseline,758.0031079564033,0,0,inf,inf,106,626.1418329136214
TR,0,153,1148014922171373667,evaluation,demo_baseline,758.0031079564033,0,0,inf,242.0,121,766.2085297189287
TR,0,154,2308110590422214293,evaluation,demo_baseline,758.0031079564033,0,0,inf,inf,111,529.0795423032242
TR,0,155,8349817835333041239,evaluation,demo_baseline,758.0031079564033,0,0,inf,inf,138,696.7440421431587
TR,0,156,2001945415323899660,evaluation,demo_baseline,758.0031079564033,0,0,inf,inf,90,513.3775891298761
TR,0,157,5578741118799328358,evaluation,demo_baseline,758.0031079564033,0,0,inf,inf,110,658.0039845304563
TR,0,158,8849415872538146585,evaluation,demo_baseline,758.0031079564033,0,0,inf,inf,127,711.4256661981581
TR,0,159,8932076981191545441,evaluation,demo_baseline,758.0031079564033,0,0,inf,inf,121,639.602888806073
TR,0,160,6027831861163546351,evaluation,demo_baseline,758.0031079564033,0,0,inf,inf,97,706.0155616677481
TR,0,161,6762470027973039997,evaluation,demo_baseline,758.0031079564033,0,0,inf,264.0,132,922.0978271747299
TR,0,162,7607898323523804230,evaluation,demo_baseline,758.0031079564033,0,0,inf,inf,119,579.2839925870422
TR,0,163,7489072133202015122,evaluation,demo_baseline,758.0031079564033,0,0,inf,inf,107,511.14234931566926
TR,0,164,6057815042149688010,evaluation,demo_baseline,758.0031079564033,0,0,inf,inf,145,689.7769134284829
TR,0,165,555809831539059107,evaluation,demo_baseline,758.0031079564033,0,0,inf,inf,112,660.1414102023576
TR,0,166,137165365706400803,evaluation,demo_baseline,758.0031079564033,0,0,inf,inf,117,618.7585766165395
TR,0,167,8199347422414054693,evaluation,demo_baseline,758.0031079564033,0,0,inf,inf,116,567.6127399821678
TR,0,168,2272664669379667755,evaluation,demo_baseline,758.0031079564033,0,0,inf,inf,107,590.62570729194
TR,0,169,8565935985534765879,evaluation,demo_baseline,758.0031079564033,0,0,inf,inf,122,647.5320822999712
TR,0,170,436802622851837427,evaluation,demo_baseline,758.0031079564033,0,0,inf,inf,108,619.3778843502679
TR,0,171,5820001312380741079,evaluation,demo_baseline,758.0031079564033,0,0,inf,inf,121,604.0614814196313
TR,0,172,7230980735571165607,evaluation,demo_baseline,758.0031079564033,0,0,inf,inf,121,663.0584601852511
TR,0,173,5365887727348214009,evaluation,demo_baseline,758.0031079564033,0,0,inf,inf,101,542.1621822703472
TR,0,174,259468879761581828,evaluation,demo_baseline,758.0031079564033,0,0,inf,inf,106,607.4680174841485
TR,0,175,2629201499705246135,evaluation,demo_baseline,758.0031079564033,0,0,inf,277.0,121,798.5303321823934
TR,0,176,9151785611130454139,evaluation,demo_baseline,758.0031079564033,0,0,inf,inf,128,632.8401534495415
TR,0,177,2080857935943151338,evaluation,demo_baseline,758.0031079564033,0,0,inf,inf,126,691.7441207790863
TR,0,178,7255721740907796955,evaluation,demo_baseline,758.0031079564033,0,0,inf,inf,107,644.2772587198098
TR,0,179,282806325148905442,evaluation,demo_baseline,758.0031079564033,0,0,inf,inf,132,753.8271227292422
TR,0,180,4327843412328143253,evaluation,demo_baseline,758.0031079564033,0,0,inf,inf,98,554.3605684182409
TR,0,181,7554214704469705828,evaluation,demo_baseline,758.0031079564033,0,0,inf,inf,122,723.8350671412747
TR,0,182,372033253070165673,evaluation,demo_baseline,758.0031079564033,0,0,inf,inf,102,474.4472940600524
TR,0,183,3847113345599734447,evaluation,demo_baseline,758.0031079564033,0,0,inf,inf,123,646.6993514462615
TR,0,184,1021110207311580117,evaluation,demo_baseline,758.0031079564033,0,0,inf,inf,110,589.7617491960755
TR,0,185,5025754157023424747,evaluation,demo_baseline,758.0031079564033,0,0,inf,inf,110,612.1804246723309
TR,0,186,7577473686421641047,evaluation,demo_baseline,758.0031079564033,0,0,inf,inf,111,686.207121089517
TR,0,187,7640721361940362351,evaluation,demo_baseline,758.0031079564033,0,0,inf,inf,125,580.9159997436569
TR,0,188,1938191983132117964,evaluation,demo_baseline,758.0031079564033,0,0,inf,299.0,135,810.0144976866331
TR,0,189,147195179281821981,evaluation,demo_baseline,758.0031079564033,0,0,inf,inf,109,574.338917496117
TR,0,190,6223621752646292415,evaluation,demo_baseline,758.0031079564033,0,0,inf,inf,115,582.431695514792
TR,0,191,8504614897485528654,evaluation,demo_baseline,758.0031079564033,0,0,inf,inf,107,499.95798394738256
TR,0,192,973797489253229575,evaluation,demo_baseline,758.0031079564033,0,0,inf,inf,131,679.1352867042282
TR,0,193,7484875010619697461,evaluation,demo_baseline,758.0031079564033,0,0,inf,inf,110,581.1449582350842
TR,0,194,4983765708906329473,evaluation,demo_baseline,758.0031079564033,0,0,inf,inf,111,596.566937325917
TR,0,195,7192676307995343464,evaluation,demo_baseline,758.0031079564033,0,0,inf,inf,111,649.3518244657492
TR,0,196,8322613895625262460,evaluation,demo_baseline,758.0031079564033,0,0,inf,inf,113,575.5004048012526
TR,0,197,1056100879355259624,evaluation,demo_baseline,758.0031079564033,0,0,inf,inf,109,558.4017969031854
TR,0,198,2937666210746612494,evaluation,demo_baseline,758.0031079564033,0,0,inf,inf,128,651.7359253850738
TR,0,199,6048222142335240471,evaluation,demo_baseline,758.0031079564033,0,0,inf,inf,126,597.2424847065588
TR,0,200,518649668556020520,evaluation,demo_baseline,758.0031079564033,0,0,inf,inf,103,576.1304510311606
TR,0,201,6493709783380665916,evaluation,demo_baseline,758.0031079564033,0,0,inf,inf,114,566.9271671323587
TR,0,202,6080649322694407771,evaluation,demo_baseline,758.0031079564033,0,0,inf,inf,111,641.4338011189017
TR,0,203,1212941049270520922,evaluation,demo_baseline,758.0031079564033,0,0,inf,inf,128,619.7503214262567
TR,0,204,4507966009285087887,evaluation,demo_baseline,758.0031079564033,0,0,inf,inf,133,590.0125495735743
TR,0,205,6979776226756407660,evaluation,demo_baseline,758.0031079564033,0,0,inf,inf,96,550.9962118515886
TR,0,206,6602571972763550227,evaluation,demo_baseline,758.0031079564033,0,0,inf,inf,109,533.7799533599822
TR,0,207,3778138714285411537,evaluation,demo_baseline,758.0031079564033,0,0,inf,inf,122,634.3243725960289
TR,0,208,3512020664436081388,evaluation,demo_baseline,758.0031079564033,0,0,inf,inf,113,610.6230192754114
TR,0,209,5999355272221116398,evaluation,demo_baseline,758.0031079564033,0,0,inf,inf,98,497.98065268244557
TR,0,210,2568022372767318950,evaluation,demo_baseline,758.0031079564033,0,0,inf,inf,112,616.8088483964291
TR,0,211,8410666538842800584,evaluation,demo_baseline,758.0031079564033,0,0,inf,inf,126,577.1436214585283
TR,0,212,6769310588976880707,evaluation,demo_baseline,758.0031079564033,0,0,inf,inf,117,629.6872279242815
TR,0,213,7316545277199860201,evaluation,demo_baseline,758.0031079564033,0,0,inf,inf,133,618.16785484675
TR,0,214,2010077027987444354,evaluation,demo_baseline,758.0031079564033,0,0,inf,247.0,130,791.6030073800819
TR,0,215,6426098854169245462,evaluation,demo_baseline,758.0031079564033,0,0,inf,inf,115,717.7187248144605
TR,0,216,2945586554575041851,evaluation,demo_baseline,758.0031079564033,0,0,inf,inf,107,539.945673182998
TR,0,217,793428042662504073,evaluation,demo_baseline,758.0031079564033,0,0,inf,inf,115,612.0118030479772
TR,0,218,6198178918400070052,evaluation,demo_baseline,758.0031079564033,0,0,inf,inf,96,671.2842504256578
TR,0,219,5522986016909223171,evaluation,demo_baseline,758.0031079564033,0,0,inf,250.0,133,805.611278480357
TR,0,220,139451029033927231,evaluation,demo_baseline,758.0031079564033,0,0,inf,inf,109,667.3435468229528
TR,0,221,4382385053401513678,evaluation,demo_baseline,758.0031079564033,0,0,inf,inf,109,501.8834570198937
TR,0,222,1733637350240349050,evaluation,demo_baseline,758.0031079564033,0,0,inf,inf,138,743.9859879740476
TR,0,223,115950730590107760,evaluation,demo_baseline,758.0031079564033,0,0,inf,255.0,105,778.13345524647
TR,0,224,1843069504627712112,evaluation,demo_baseline,758.0031079564033,0,0,inf,inf,109,602.8185945643174
TR,0,225,1102232689684483932,evaluation,demo_baseline,758.0031079564033,0,0,inf,inf,123,643.8824346530886
TR,0,226,5767989469869675512,evaluation,demo_baseline,758.0031079564033,0,0,inf,inf,95,481.84249612616964
TR,0,227,3421712134992673577,evaluation,demo_baseline,758.0031079564033,0,0,inf,inf,117,550.7393904352522
TR,0,228,7553981341101018340,evaluation,demo_baseline,758.0031079564033,0,0,inf,inf,117,562.9203157157448
TR,0,229,7451786676419618099,evaluation,demo_baseline,758.0031079564033,0,0,inf,inf,118,689.908994817385
TR,0,230,1043704851871488685,evaluation,demo_baseline,758.0031079564033,0,0,inf,inf,109,686.6878762078193
TR,0,231,7198951292413429352,evaluation,demo_baseline,758.0031079564033,0,0,inf,inf,102,517.735789049895
TR,0,232,6403244895977953095,evaluation,demo_baseline,758.0031079564033,0,0,inf,inf,110,639.815136504718
TR,0,233,277100300351400626,evaluation,demo_baseline,758.0031079564033,0,0,inf,inf,101,591.6670873157017
TR,0,234,8662386769486164841,evaluation,demo_baseline,758.0031079564033,0,0,inf,inf,124,587.2194697931799
TR,0,235,4251056207278346721,evaluation,demo_baseline,758.0031079564033,0,0,inf,inf,109,493.6276756933186
TR,0,236,4303991475156722044,evaluation,demo_baseline,758.0031079564033,0,0,inf,inf,100,566.4761536971649
TR,0,237,4773535207670945031,evaluation,demo_baseline,758.0031079564033,0,0,inf,inf,119,748.2973765693042
TR,0,238,8605284804182914172,evaluation,demo_baseline,758.0031079564033,0,0,inf,inf,132,679.5789180974937
TR,0,239,4306421643085336113,evaluation,demo_baseline,758.0031079564033,0,0,inf,inf,110,597.8590354772474
TR,0,240,2925946151796340439,evaluation,demo_baseline,758.0031079564033,0,0,inf,inf,117,684.9058550351414
TR,0,241,796912072274948349,evaluation,demo_baseline,758.0031079564033,0,0,inf,inf,100,561.449047576057
TR,0,242,5372228405523563845,evaluation,demo_baseline,758.0031079564033,0,0,inf,inf,120,601.8059764396468
TR,0,243,4140792192556976658,evaluation,demo_baseline,758.0031079564033,0,0,inf,inf,105,593.329943160457
TR,0,244,1665648110936572683,evaluation,demo_baseline,758.0031079564033,0,0,inf,inf,115,554.4916370327969
TR,0,245,5836769696869351426,evaluation,demo_baseline,758.0031079564033,0,0,inf,inf,119,691.244469792093
TR,0,246,7021095595029184463,evaluation,demo_baseline,758.0031079564033,0,0,inf,inf,115,722.0295511698705
TR,0,247,9023183915080514054,evaluation,demo_baseline,758.0031079564033,0,0,inf,inf,117,676.3249895428199
TR,0,248,3797790028228964607,evaluation,demo_baseline,758.0031079564033,0,0,inf,180.0,133,764.4498283993678
TR,0,249,7353453280430166130,evaluation,demo_baseline,758.0031079564033,0,0,inf,inf,110,628.800314233887
TR,0,250,3633555931827397861,evaluation,demo_baseline,758.0031079564033,0,0,inf,inf,111,542.4698843065413
TR,0,251,9206793749564725879,evaluation,demo_baseline,758.0031079564033,0,0,inf,inf,107,571.8725566275372
TR,0,252,7837731655786224972,evaluation,demo_baseline,758.0031079564033,0,0,inf,inf,117,644.3146472839081
TR,0,253,3785594029806709871,evaluation,demo_baseline,758.0031079564033,0,0,inf,inf,105,518.0653026071789
TR,0,254,3612878603079400879,evaluation,demo_baseline,758.0031079564033,0,0,inf,inf,127,634.9131034937748
TR,0,255,4296451278734207083,evaluation,demo_baseline,758.0031079564033,0,0,inf,inf,117,637.7517881465715
TR,0,256,7765703592321710604,evaluation,demo_baseline,758.0031079564033,0,0,inf,inf,118,689.6664400518426
TR,0,257,7165029052551542843,evaluation,demo_baseline,758.0031079564033,0,0,inf,inf,107,502.17944972869145
TR,0,258,6597871058867155590,evaluation,demo_baseline,758.0031079564033,0,0,inf,inf,107,657.213656600938
TR,0,259,5978272051685569626,evaluation,demo_baseline,758.0031079564033,0,0,inf,inf,121,561.329992295725
TR,0,260,5976683844617959601,evaluation,demo_baseline,758.0031079564033,0,0,inf,inf,117,568.6844196136086
TR,0,261,4427241528495031103,evaluation,demo_baseline,758.0031079564033,0,0,inf,inf,130,756.6339843052717
TR,0,262,3726223160237576916,evaluation,demo_baseline,758.0031079564033,0,0,inf,inf,125,633.926008437479
TR,0,263,7197494529223839682,evaluation,demo_baseline,758.0031079564033,0,0,inf,inf,111,554.2286972897311
TR,0,264,2030586880026507704,evaluation,demo_baseline,758.0031079564033,0,0,inf,inf,123,652.5635780855197
TR,0,265,9222356347829546681,evaluation,demo_baseline,758.0031079564033,0,0,inf,inf,100,498.9577824565685
TR,0,266,1230013054892569791,evaluation,demo_baseline,758.0031079564033,0,0,inf,inf,111,568.6082120582528
TR,0,267,7196756926706743523,evaluation,demo_baseline,758.0031079564033,0,0,inf,inf,119,605.2454373038343
TR,0,268,6665040081368981454,evaluation,demo_baseline,758.0031079564033,0,0,inf,inf,130,603.457725541021
TR,0,269,3563918011287354438,evaluation,demo_baseline,758.0031079564033,0,0,inf,inf,117,590.888441591738
TR,0,270,5703082102425793143,evaluation,demo_baseline,758.0031079564033,0,0,inf,inf,130,590.7997397487122
TR,0,271,7644704260965864536,evaluation,demo_baseline,758.0031079564033,0,0,inf,inf,103,532.1113088687116
TR,0,272,3905217037543721279,evaluation,demo_baseline,758.0031079564033,0,0,inf,inf,119,633.4944449570118
TR,0,273,1128599536355003028,evaluation,demo_baseline,758.0031079564033,0,0,inf,inf,107,703.8775562721565
TR,0,274,5037037098284453549,evaluation,demo_baseline,758.0031079564033,0,0,inf,inf,112,620.954883215745
TR,0,275,4968732524386214337,evaluation,demo_baseline,758.0031079564033,0,0,inf,inf,110,733.6642848519303
TR,0,276,8531805802742849344,evaluation,demo_baseline,758.0031079564033,0,0,inf,inf,125,550.2810965263707
TR,0,277,4784929776676455917,evaluation,demo_baseline,758.0031079564033,0,0,inf,inf,121,657.9486296544655
TR,0,278,4578220562513634502,evaluation,demo_baseline,758.0031079564033,0,0,inf,282.0,145,872.9427597099576
TR,0,279,7937991658133079781,evaluation,demo_baseline,758.0031079564033,0,0,inf,inf,128,611.055371645946
TR,0,280,9026332519488547615,evaluation,demo_baseline,758.0031079564033,0,0,inf,inf,122,659.6026266640107
TR,0,281,2389122057314347451,evaluation,demo_baseline,758.0031079564033,0,0,inf,inf,111,573.216091663054
TR,0,282,8850834791278605968,evaluation,demo_baseline,758.0031079564033,0,0,inf,inf,123,623.0648980005872
TR,0,283,5329053395906647801,evaluation,demo_baseline,758.0031079564033,0,0,inf,inf,105,543.0112760084755
TR,0,284,2634153964774702909,evaluation,demo_baseline,758.0031079564033,0,0,inf,inf,115,654.1920369519828
TR,0,285,8443055662693070608,evaluation,demo_baseline,758.0031079564033,0,0,inf,inf,124,563.0559047405482
TR,0,286,6876886447574768834,evaluation,demo_baseline,758.0031079564033,0,0,inf,inf,127,672.9636494224438
TR,0,287,8405074736943812733,evaluation,demo_baseline,758.0031079564033,0,0,inf,inf,111,625.2509314516227
TR,0,288,1720651264909722329,evaluation,demo_baseline,758.0031079564033,0,0,inf,inf,110,695.621527787696
TR,0,289,3667273171607761821,evaluation,demo_baseline,758.0031079564033,0,0,inf,inf,111,583.7466878809118
TR,0,290,4062305696969794993,evaluation,demo_baseline,758.0031079564033,0,0,inf,inf,107,640.2488243162143
TR,0,291,502567128709761817,evaluation,demo_baseline,758.0031079564033,0,0,inf,inf,105,458.69926753544365
TR,0,292,216849370311576336,evaluation,demo_baseline,758.0031079564033,0,0,inf,inf,116,648.3959747942224
TR,0,293,5821361134638117809,evaluation,demo_baseline,758.0031079564033,0,0,inf,inf,110,494.4518106744514
TR,0,294,8270141684058823810,evaluation,demo_baseline,758.0031079564033,0,0,inf,inf,117,674.6795627440725
TR,0,295,3385933658418074416,evaluation,demo_baseline,758.0031079564033,0,0,inf,inf,110,609.848578671658
TR,0,296,5813693927838375610,evaluation,demo_baseline,758.0031079564033,0,0,inf,inf,117,564.227485995835
TR,0,297,4910531466480561200,evaluation,demo_baseline,758.0031079564033,0,0,inf,inf,126,600.9950083343772
TR,0,298,7323118616958994260,evaluation,demo_baseline,758.0031079564033,0,0,inf,inf,114,582.0240067654763
TR,0,299,4710604127280554294,evaluation,demo_baseline,758.0031079564033,0,0,inf,inf,91,460.0034039641087
TR,0,300,8493351575643454032,evaluation,demo_baseline,758.0031079564033,0,0,inf,inf,114,626.1141011561829
TR,0,301,1055848660474972897,evaluation,demo_baseline,758.0031079564033,0,0,inf,275.0,122,766.4989566169147
TR,0,302,2210493286629944708,evaluation,demo_baseline,758.0031079564033,0,0,inf,inf,136,644.3185618873117
TR,0,303,2636895874881834172,evaluation,demo_baseline,758.0031079564033,0,0,inf,inf,114,598.4215495543231
TR,0,304,6779703046849393222,evaluation,demo_baseline,758.0031079564033,0,0,inf,inf,112,602.1893559031964
TR,0,305,4841235863574434614,evaluation,demo_baseline,758.0031079564033,0,0,inf,inf,123,685.674820871094
TR,0,306,1978244907929982802,evaluation,demo_baseline,758.0031079564033,0,0,inf,inf,121,601.5211696951466
TR,0,307,8434514405305633702,evaluation,demo_baseline,758.0031079564033,0,0,inf,inf,138,688.0993969934385
TR,0,308,1744721805959607682,evaluation,demo_baseline,758.0031079564033,0,0,inf,inf,121,540.6448923578893
TR,0,309,2892958622483548773,evaluation,demo_baseline,758.0031079564033,0,0,inf,inf,121,640.1327255424001
TR,0,310,8114865965475682810,evaluation,demo_baseline,758.0031079564033,0,0,inf,inf,112,595.557704661124
TR,0,311,6327745923486595545,evaluation,demo_baseline,758.0031079564033,0,0,inf,inf,114,533.5665944419213
TR,0,312,1210116409272983705,evaluation,demo_baseline,758.0031079564033,0,0,inf,inf,110,572.6019105186701
TR,0,313,41766527973741635,evaluation,demo_baseline,758.0031079564033,0,0,inf,inf,108,580.771765312032
TR,0,314,7027869340598039287,evaluation,demo_baseline,758.0031079564033,0,0,inf,inf,96,511.1896972139933
TR,0,315,5192832489434814471,evaluation,demo_baseline,758.0031079564033,0,0,inf,inf,126,601.0748307469793
TR,0,316,6319433704498413433,evaluation,demo_baseline,758.0031079564033,0,0,inf,inf,112,624.1419031733246
TR,0,317,1728123169626317868,evaluation,demo_baseline,758.0031079564033,0,0,inf,inf,126,696.7550811797191
TR,0,318,9027833870638903882,evaluation,demo_baseline,758.0031079564033,0,0,inf,inf,134,738.5385365703551
TR,0,319,8005717421129057456,evaluation,demo_baseline,758.0031079564033,0,0,inf,inf,128,722.2868059898212
TR,0,320,2312169078444107985,evaluation,demo_baseline,758.0031079564033,0,0,inf,inf,119,511.0183486523912
TR,0,321,4392988648656831171,evaluation,demo_baseline,758.0031079564033,0,0,inf,inf,112,519.8582387431544
TR,0,322,2851119823384185380,evaluation,demo_baseline,758.0031079564033,0,0,inf,inf,106,510.27607165874565
TR,0,323,1244363750475111587,evaluation,demo_baseline,758.0031079564033,0,0,inf,inf,116,630.2326230325945
TR,0,324,3140345811194797990,evaluation,demo_baseline,758.0031079564033,0,0,inf,inf,92,568.7660393745126
TR,0,325,8743378556852144772,evaluation,demo_baseline,758.0031079564033,0,0,inf,inf,115,601.4924082876148
TR,0,326,5343753722023850539,evaluation,demo_baseline,758.0031079564033,0,0,inf,inf,102,531.549153058217
TR,0,327,3880555676316000921,evaluation,demo_baseline,758.0031079564033,0,0,inf,inf,110,693.3064014540399
TR,0,328,8566246955366187131,evaluation,demo_baseline,758.0031079564033,0,0,inf,inf,107,638.9732325260921
TR,0,329,6275831587155259650,evaluation,demo_baseline,758.0031079564033,0,0,inf,inf,129,670.2092988643346
TR,0,330,6331146840500867356,evaluation,demo_baseline,758.0031079564033,0,0,inf,inf,115,674.2340806060728
TR,0,331,2986661700386791459,evaluation,demo_baseline,758.0031079564033,0,0,inf,inf,125,587.906019509468
TR,0,332,5193839620419267549,evaluation,demo_baseline,758.0031079564033,0,0,inf,inf,110,620.3573031172216
TR,0,333,8275599768806677138,evaluation,demo_baseline,758.0031079564033,0,0,inf,inf,112,633.1121021361624
TR,0,334,9056961089631383811,evaluation,demo_baseline,758.0031079564033,0,0,inf,inf,109,589.6484485567549
TR,0,335,8639396009953516430,evaluation,demo_baseline,758.0031079564033,0,0,inf,inf,106,700.7089600553641
TR,0,336,5693010925784292975,evaluation,demo_baseline,758.0031079564033,0,0,inf,inf,113,660.2921399796817
TR,0,337,5586051495594088300,evaluation,demo_baseline,758.0031079564033,0,0,inf,inf,100,667.7179665475218
TR,0,338,747209027662713493,evaluation,demo_baseline,758.0031079564033,0,0,inf,inf,107,466.31454560207965
TR,0,339,5209686627295675033,evaluation,demo_baseline,758.0031079564033,0,0,inf,inf,136,628.0174295586792
TR,0,340,4663256123157051361,evaluation,demo_baseline,758.0031079564033,0,0,inf,inf,101,708.326997499622
TR,0,341,4423773294277102067,evaluation,demo_baseline,758.0031079564033,0,0,inf,inf,117,595.1805011356726
TR,0,342,490185666020609092,evaluation,demo_baseline,758.0031079564033,0,0,inf,inf,133,685.7663716129334
TR,0,343,4957852769666506336,evaluation,demo_baseline,758.0031079564033,0,0,inf,inf,121,588.0575162762397
TR,0,344,7203438160252848523,evaluation,demo_baseline,758.0031079564033,0,0,inf,inf,121,697.3287677716571
TR,0,345,5319849703231445897,evaluation,demo_baseline,758.0031079564033,0,0,inf,inf,111,552.2928864161871
TR,0,346,6277809952158715233,evaluation,demo_baseline,758.0031079564033,0,0,inf,inf,119,541.042170239859
TR,0,347,2961262017183382251,evaluation,demo_baseline,758.0031079564033,0,0,inf,inf,136,677.5432989513423
TR,0,348,7038696015132269934,evaluation,demo_baseline,758.0031079564033,0,0,inf,inf,131,620.5634084242339
TR,0,349,4940131981589064541,evaluation,demo_baseline,758.0031079564033,0,0,inf,inf,91,499.7585414573387
TR,0,350,5278733855919350252,evaluation,demo_baseline,758.0031079564033,0,0,inf,inf,95,512.1385075485982
TR,0,351,7049603552951105851,evaluation,demo_baseline,758.0031079564033,0,0,inf,inf,99,490.7702762881322
TR,0,352,4609804683069965927,evaluation,demo_baseline,758.0031079564033,0,0,inf,inf,105,574.5272044813836
TR,0,353,799665075788052532,evaluation,demo_baseline,758.0031079564033,0,0,inf,inf,116,654.838936655511
TR,0,354,4244858524762015690,evaluation,demo_baseline,758.0031079564033,0,0,inf,208.0,117,777.5584168558453
TR,0,355,1556768764682232303,evaluation,demo_baseline,758.0031079564033,0,0,inf,inf,134,681.1048491528545
TR,0,356,1505698682641078134,evaluation,demo_baseline,758.0031079564033,0,0,inf,inf,120,578.3470674510155
TR,0,357,3866731967429579048,evaluation,demo_baseline,758.0031079564033,0,0,inf,inf,112,515.4696267574631
TR,0,358,2664372362423539911,evaluation,demo_baseline,758.0031079564033,0,0,inf,inf,109,610.7721794310385
TR,0,359,2207386232000577220,evaluation,demo_baseline,758.0031079564033,0,0,inf,inf,116,617.8549163237079
TR,0,360,793629356110637129,evaluation,demo_baseline,758.0031079564033,0,0,inf,inf,108,576.4155768699547
TR,0,361,3778516945052411668,evaluation,demo_baseline,758.0031079564033,0,0,inf,inf,97,632.6562027066932
TR,0,362,1332446756178136154,evaluation,demo_baseline,758.0031079564033,0,0,inf,inf,101,545.5682501455602
TR,0,363,2021576292014195733,evaluation,demo_baseline,758.0031079564033,0,0,inf,inf,130,605.3355468642413
TR,0,364,4572108385551411864,evaluation,demo_baseline,758.0031079564033,0,0,inf,inf,122,718.181921990182
TR,0,365,219430751272852770,evaluation,demo_baseline,758.0031079564033,0,0,inf,inf,114,643.4303023025157
TR,0,366,8269053036236356749,evaluation,demo_baseline,758.0031079564033,0,0,inf,inf,110,594.174721834091
TR,0,367,5488019945494207558,evaluation,demo_baseline,758.0031079564033,0,0,inf,inf,120,663.0529095585489
TR,0,368,9211123266268921731,evaluation,demo_baseline,758.0031079564033,0,0,inf,inf,129,716.6932315905566
TR,0,369,6839899334313099827,evaluation,demo_baseline,758.0031079564033,0,0,inf,inf,93,547.7374135402681
TR,0,370,2859443414598322397,evaluation,demo_baseline,758.0031079564033,0,0,inf,inf,112,595.4621883739153
TR,0,371,8245067279248499523,evaluation,demo_baseline,758.0031079564033,0,0,inf,inf,128,680.0505813342426
TR,0,372,5534675759024796463,evaluation,demo_baseline,758.0031079564033,0,0,inf,inf,110,659.1911185944826
TR,0,373,3043557233195640025,evaluation,demo_baseline,758.0031079564033,0,0,inf,inf,118,591.3810448833576
TR,0,374,172095221257705517,evaluation,demo_baseline,758.0031079564033,0,0,inf,inf,112,575.1576291999436
TR,0,375,4040722569764669526,evaluation,demo_baseline,758.0031079564033,0,0,inf,235.0,145,812.0560270729975
TR,0,376,972229400433159238,evaluation,demo_baseline,758.0031079564033,0,0,inf,inf,110,596.7854107533716
TR,0,377,4272269269507268722,evaluation,demo_baseline,758.0031079564033,0,0,inf,inf,117,632.8133695815376
TR,0,378,7956466937684276734,evaluation,demo_baseline,758.0031079564033,0,0,inf,inf,106,690.3695179691323
TR,0,379,4785995792478133182,evaluation,demo_baseline,758.0031079564033,0,0,inf,inf,121,749.4442800005509
TR,0,380,1376926567487303433,evaluation,demo_baseline,758.0031079564033,0,0,inf,inf,134,693.5962861243546
TR,0,381,4655505743658736163,evaluation,demo_baseline,758.0031079564033,0,0,inf,inf,101,506.69152751790193
TR,0,382,7120752789104754434,evaluation,demo_baseline,758.0031079564033,0,0,inf,233.0,131,793.5034384717587
TR,0,383,792735638990057263,evaluation,demo_baseline,758.0031079564033,0,0,inf,inf,124,646.3512384751273
TR,0,384,6250251390550570341,evaluation,demo_baseline,758.0031079564033,0,0,inf,inf,105,506.8887663041523
TR,0,385,2555868869517475824,evaluation,demo_baseline,758.0031079564033,0,0,inf,inf,114,636.4388045374504
TR,0,386,5616116443204936991,evaluation,demo_baseline,758.0031079564033,0,0,inf,inf,112,558.027597013461
TR,0,387,7386264891519787269,evaluation,demo_baseline,758.0031079564033,0,0,inf,inf,109,606.2716101003348
TR,0,388,5126297944054772800,evaluation,demo_baseline,758.0031079564033,0,0,inf,inf,96,449.3256845893239
TR,0,389,2933819364637268715,evaluation,demo_baseline,758.0031079564033,0,0,inf,inf,109,632.9477121776183
TR,0,390,6272809591853348147,evaluation,demo_baseline,758.0031079564033,0,0,inf,inf,101,540.4643689587199
TR,0,391,4339014216059128202,evaluation,demo_baseline,758.0031079564033,0,0,inf,inf,104,622.0304179406664
TR,0,392,3599661972587589629,evaluation,demo_baseline,758.0031079564033,0,0,inf,inf,118,584.0866549844376
TR,0,393,7767225383438767488,evaluation,demo_baseline,758.0031079564033,0,0,inf,inf,106,597.7615259722397
TR,0,394,3413665714383763967,evaluation,demo_baseline,758.0031079564033,0,0,inf,inf,96,447.84850405885993
TR,0,395,3253941498128559159,evaluation,demo_baseline,758.0031079564033,0,0,inf,inf,141,744.9060779678242
TR,0,396,20835885183533337,evaluation,demo_baseline,758.0031079564033,0,0,inf,inf,120,695.8182132547367
TR,0,397,745677707859084409,evaluation,demo_baseline,758.0031079564033,0,0,inf,inf,111,663.5447294412761
TR,0,398,819170369803189545,evaluation,demo_baseline,758.0031079564033,0,0,inf,inf,116,628.4630486868431
TR,0,399,7680526043466432002,evaluation,demo_baseline,758.0031079564033,0,0,inf,inf,112,516.7159291565671
TR,0,400,2851897271461770799,evaluation,demo_baseline,758.0031079564033,0,0,inf,inf,130,678.8163532422903
TR,0,401,5931478444402299320,evaluation,demo_baseline,758.0031079564033,0,0,inf,inf,123,670.8428322067595
TR,0,402,4782052255509307381,evaluation,demo_baseline,758.0031079564033,0,0,inf,inf,121,512.9300727461297
TR,0,403,6324025766956001326,evaluation,demo_baseline,758.0031079564033,0,0,inf,inf,135,573.9251239614664
TR,0,404,2814740039776440512,evaluation,demo_baseline,758.0031079564033,0,0,inf,inf,102,444.24618102015074
TR,0,405,9196999692333793328,evaluation,demo_baseline,758.0031079564033,0,0,inf,inf,102,556.3217606424043
TR,0,406,2633226880603871267,evaluation,demo_baseline,758.0031079564033,0,0,inf,inf,102,529.2761417038558
TR,0,407,6432394011941680267,evaluation,demo_baseline,758.0031079564033,0,0,inf,inf,110,601.7781882514431
TR,0,408,7745226466817262668,evaluation,demo_baseline,758.0031079564033,0,0,inf,inf,113,567.3138515285398
TR,0,409,4241383714231553921,evaluation,demo_baseline,758.0031079564033,0,0,inf,inf,117,594.4306794976958
TR,0,410,5203041581118646130,evaluation,demo_baseline,758.0031079564033,0,0,inf,inf,105,678.4241529888056
TR,0,411,5770570744868048505,evaluation,demo_baseline,758.0031079564033,0,0,inf,inf,103,608.5778370793611
TR,0,412,2991591618246490557,evaluation,demo_baseline,758.0031079564033,0,0,inf,inf,113,717.007342265534
TR,0,413,2686255344903223315,evaluation,demo_baseline,758.0031079564033,0,0,inf,inf,112,607.615291070912
TR,0,414,2046211405030020369,evaluation,demo_baseline,758.0031079564033,0,0,inf,inf,111,572.4353946243976
TR,0,415,7216176809060233195,evaluation,demo_baseline,758.0031079564033,0,0,inf,inf,106,602.8535700088337
TR,0,416,6111931453751489781,evaluation,demo_baseline,758.0031079564033,0,0,inf,inf,112,591.4292578885928
TR,0,417,1382807859513263138,evaluation,demo_baseline,758.0031079564033,0,0,inf,inf,117,675.7873499179817
TR,0,418,3160593327977031446,evaluation,demo_baseline,758.0031079564033,0,0,inf,inf,116,603.911092122416
TR,0,419,5240181438638899838,evaluation,demo_baseline,758.0031079564033,0,0,inf,inf,104,576.4438774084771
TR,0,420,8130349273361010323,evaluation,demo_baseline,758.0031079564033,0,0,inf,inf,107,465.65313591523
TR,0,421,5645299502994919672,evaluation,demo_baseline,758.0031079564033,0,0,inf,inf,121,608.7336554704902
TR,0,422,8837637459921139281,evaluation,demo_baseline,758.0031079564033,0,0,inf,226.0,138,788.9042778302444
TR,0,423,5784060488693617510,evaluation,demo_baseline,758.0031079564033,0,0,inf,inf,121,750.7150604746001
TR,0,424,5045276410183974553,evaluation,demo_baseline,758.0031079564033,0,0,inf,inf,122,717.1461654314855
TR,0,425,1218733435157470108,evaluation,demo_baseline,758.0031079564033,0,0,inf,inf,104,526.207226487945
TR,0,426,2124650253869831852,evaluation,demo_baseline,758.0031079564033,0,0,inf,inf,132,694.9733669270016
TR,0,427,914852165995576681,evaluation,demo_baseline,758.0031079564033,0,0,inf,inf,104,616.111146947198
TR,0,428,8059502200743056450,evaluation,demo_baseline,758.0031079564033,0,0,inf,inf,111,529.6473891148335
TR,0,429,4975629254747303789,evaluation,demo_baseline,758.0031079564033,0,0,inf,inf,100,540.8631664655794
TR,0,430,2419592673876213587,evaluation,demo_baseline,758.0031079564033,0,0,inf,inf,115,621.575259907241
TR,0,431,4261054580085587810,evaluation,demo_baseline,758.0031079564033,0,0,inf,inf,114,588.3985735702647
TR,0,432,1333214999771282965,evaluation,demo_baseline,758.0031079564033,0,0,inf,287.0,123,782.10786747532
TR,0,433,3662497922445060192,evaluation,demo_baseline,758.0031079564033,0,0,inf,inf,118,628.8405372898701
TR,0,434,1866214074934714395,evaluation,demo_baseline,758.0031079564033,0,0,inf,inf,121,607.0942345034523
TR,0,435,6953600916809769616,evaluation,demo_baseline,758.0031079564033,0,0,inf,inf,102,592.1342209729567
TR,0,436,2159013872641725966,evaluation,demo_baseline,758.0031079564033,0,0,inf,inf,119,709.819325385346
TR,0,437,1792150299827425663,evaluation,demo_baseline,758.0031079564033,0,0,inf,inf,120,603.7354800612113
TR,0,438,476212618570053186,evaluation,demo_baseline,758.0031079564033,0,0,inf,inf,137,699.4595474206842
TR,0,439,5809996808361728498,evaluation,demo_baseline,758.0031079564033,0,0,inf,inf,116,572.1926925656489
TR,0,440,1401441113415266885,evaluation,demo_baseline,758.0031079564033,0,0,inf,inf,132,653.9761162651
TR,0,441,3766827271515177874,evaluation,demo_baseline,758.0031079564033,0,0,inf,inf,123,690.7872910888863
TR,0,442,4473500326415769577,evaluation,demo_baseline,758.0031079564033,0,0,inf,inf,123,644.8305595169488
TR,0,443,2410444319069082188,evaluation,demo_baseline,758.0031079564033,0,0,inf,inf,124,702.3825416435232
TR,0,444,3067958457259905036,evaluation,demo_baseline,758.0031079564033,0,0,inf,inf,98,495.84801507730896
TR,0,445,3616584605040994895,evaluation,demo_baseline,758.0031079564033,0,0,inf,inf,101,560.4570507327423
TR,0,446,6351903769866984807,evaluation,demo_baseline,758.0031079564033,0,0,inf,inf,100,611.7297949020399
TR,0,447,4263412290479921179,evaluation,demo_baseline,758.0031079564033,0,0,inf,inf,101,536.2683938128578
TR,0,448,5623981870126122353,evaluation,demo_baseline,758.0031079564033,0,0,inf,inf,115,542.0773829614112
TR,0,449,4441059241026689110,evaluation,demo_baseline,758.0031079564033,0,0,inf,inf,109,687.2804900138435
TR,0,450,5071546945909116362,evaluation,demo_baseline,758.0031079564033,0,0,inf,inf,89,561.6774157129497
TR,0,451,930313784368240076,evaluation,demo_baseline,758.0031079564033,0,0,inf,inf,121,697.7894177906404
TR,0,452,8019290117566530356,evaluation,demo_baseline,758.0031079564033,0,0,inf,inf,126,715.9559901364587
TR,0,453,7966826887842018894,evaluation,demo_baseline,758.0031079564033,0,0,inf,inf,93,568.2281683682621
TR,0,454,7532992208328370068,evaluation,demo_baseline,758.0031079564033,0,0,inf,inf,109,744.9236606682575
TR,0,455,1751019466765076211,evaluation,demo_baseline,758.0031079564033,0,0,inf,inf,114,510.35709255642314
TR,0,456,1232652525532605146,evaluation,demo_baseline,758.0031079564033,0,0,inf,inf,117,626.0341447376675
TR,0,457,4251503085325112689,evaluation,demo_baseline,758.0031079564033,0,0,inf,inf,100,571.8875855704036
TR,0,458,6662895322606496561,evaluation,demo_baseline,758.0031079564033,0,0,inf,inf,114,598.3182362408235
TR,0,459,3847379472863713180,evaluation,demo_baseline,758.0031079564033,0,0,inf,inf,111,661.7835863836317
TR,0,460,781509980673260915,evaluation,demo_baseline,758.0031079564033,0,0,inf,inf,112,579.6652893590759
TR,0,461,5956694384749043447,evaluation,demo_baseline,758.0031079564033,0,0,inf,inf,113,569.7245543710637
TR,0,462,6331139418170774270,evaluation,demo_baseline,758.0031079564033,0,0,inf,inf,98,610.5040530152583
TR,0,463,952754563010443711,evaluation,demo_baseline,758.0031079564033,0,0,inf,inf,120,745.2970861975339
TR,0,464,8829104698420761535,evaluation,demo_baseline,758.0031079564033,0,0,inf,inf,90,438.9422383118637
TR,0,465,5616138098932903846,evaluation,demo_baseline,758.0031079564033,0,0,inf,inf,125,581.0226919395645
TR,0,466,5039372688598817108,evaluation,demo_baseline,758.0031079564033,0,0,inf,inf,124,657.9656837176758
TR,0,467,1062651519225928901,evaluation,demo_baseline,758.0031079564033,0,0,inf,inf,116,627.2404017023017
TR,0,468,6277692156558481744,evaluation,demo_baseline,758.0031079564033,0,0,inf,inf,127,686.2706820103854
TR,0,469,4407174567279206824,evaluation,demo_baseline,758.0031079564033,0,0,inf,inf,121,613.6825764774469
TR,0,470,7569454761127720727,evaluation,demo_baseline,758.0031079564033,0,0,inf,inf,120,604.7057970249233
TR,0,471,8856949998017418236,evaluation,demo_baseline,758.0031079564033,0,0,inf,inf,102,595.7574562414782
TR,0,472,3367980504654377533,evaluation,demo_baseline,758.0031079564033,0,0,inf,inf,102,439.6201219918602
TR,0,473,802639678431690929,evaluation,demo_baseline,758.0031079564033,0,0,inf,inf,104,488.4792216883341
TR,0,474,2656997181187803568,evaluation,demo_baseline,758.0031079564033,0,0,inf,inf,122,591.7628730269629
TR,0,475,2939025825463014100,evaluation,demo_baseline,758.0031079564033,0,0,inf,inf,110,711.4977157841824
TR,0,476,707940062214248965,evaluation,demo_baseline,758.0031079564033,0,0,inf,inf,121,604.1535213659007
TR,0,477,6038591321445641055,evaluation,demo_baseline,758.0031079564033,0,0,inf,inf,103,570.6229430347805
TR,0,478,7650288672002029282,evaluation,demo_baseline,758.0031079564033,0,0,inf,inf,125,669.8786782469448
TR,0,479,6603641203435602292,evaluation,demo_baseline,758.0031079564033,0,0,inf,inf,106,612.1823093901526
TR,0,480,5316045169328545924,evaluation,demo_baseline,758.0031079564033,0,0,inf,inf,108,584.0657354989758
TR,0,481,8239057740594649341,evaluation,demo_baseline,758.0031079564033,0,0,inf,inf,115,725.1915898919132
TR,0,482,724674526326734041,evaluation,demo_baseline,758.0031079564033,0,0,inf,inf,101,583.7610973350891
TR,0,483,2977579609584968359,evaluation,demo_baseline,758.0031079564033,0,0,inf,inf,113,624.0536831190932
TR,0,484,6968860258284085811,evaluation,demo_baseline,758.0031079564033,0,0,inf,inf,105,481.1361741650955
TR,0,485,7281221640412521284,evaluation,demo_baseline,758.0031079564033,0,0,inf,inf,109,613.9569659043261
TR,0,486,1955507321665345925,evaluation,demo_baseline,758.0031079564033,0,0,inf,inf,113,575.9224785672004
TR,0,487,213551185131901137,evaluation,demo_baseline,758.0031079564033,0,0,inf,inf,111,599.4483251565235
TR,0,488,399292329553338527,evaluation,demo_baseline,758.0031079564033,0,0,inf,inf,123,709.6356958579812
TR,0,489,2522965074039064985,evaluation,demo_baseline,758.0031079564033,0,0,inf,inf,108,569.7276516568426
TR,0,490,9044695617953545594,evaluation,demo_baseline,758.0031079564033,0,0,inf,inf,99,604.4358037663433
TR,0,491,5798720311718554834,evaluation,demo_baseline,758.0031079564033,0,0,inf,inf,124,748.5801557945963
TR,0,492,8437533508318653911,evaluation,demo_baseline,758.0031079564033,0,0,inf,inf,109,717.0248404380432
TR,0,493,2587872942163494736,evaluation,demo_baseline,758.0031079564033,0,0,inf,inf,107,628.5990105169249
TR,0,494,2622531383096143465,evaluation,demo_baseline,758.0031079564033,0,0,inf,inf,105,543.434840679249
TR,0,495,2583058891942831735,evaluation,demo_baseline,758.0031079564033,0,0,inf,inf,101,524.6763761627208
TR,0,496,1710921811427812321,evaluation,demo_baseline,758.0031079564033,0,0,inf,inf,129,644.6823910882435
TR,0,497,8779983608257665676,evaluation,demo_baseline,758.0031079564033,0,0,inf,inf,91,455.4613430075965
TR,0,498,132241731370319846,evaluation,demo_baseline,758.0031079564033,0,0,inf,inf,115,675.7199630784958
TR,0,499,4630405329460913659,evaluation,demo_baseline,758.0031079564033,0,0,inf,inf,111,510.23253293252577
TR,0,500,6215273735482021627,evaluation,demo_baseline,758.0031079564033,0,0,inf,inf,106,660.2233509447473
TR,0,501,6709817812473471890,evaluation,demo_baseline,758.0031079564033,0,0,inf,inf,110,507.1817091029705
TR,0,502,420124516681337941,evaluation,demo_baseline,758.0031079564033,0,0,inf,inf,98,483.3407217512309
TR,0,503,4319859657663827025,evaluation,demo_baseline,758.0031079564033,0,0,inf,inf,117,596.4478749100032
TR,0,504,3402224252341565470,evaluation,demo_baseline,758.0031079564033,0,0,inf,inf,107,530.669904641219
TR,0,505,3965147746489812949,evaluation,demo_baseline,758.0031079564033,0,0,inf,inf,107,547.4863498483836
TR,0,506,2923366174287053838,evaluation,demo_baseline,758.0031079564033,0,0,inf,inf,104,521.9899046137423
TR,0,507,7222062703562427048,evaluation,demo_baseline,758.0031079564033,0,0,inf,186.0,125,902.9347657407086
TR,0,508,1094597683085608209,evaluation,demo_baseline,758.0031079564033,0,0,inf,inf,107,696.9737720666174
TR,0,509,1914005971173928955,evaluation,demo_baseline,758.0031079564033,0,0,inf,inf,111,547.5579683035921
TR,0,510,7067103182073732084,evaluation,demo_baseline,758.0031079564033,0,0,inf,inf,120,723.6591849845635
TR,0,511,2945494236844481237,evaluation,demo_baseline,758.0031079564033,0,0,inf,299.0,131,792.1912006781236
TR,0,512,1113098036842179245,evaluation,demo_baseline,758.0031079564033,0,0,inf,inf,117,553.3321383299583
TR,0,513,5343154005493710243,evaluation,demo_baseline,758.0031079564033,0,0,inf,inf,116,607.6530113908427
TR,0,514,566889610031331072,evaluation,demo_baseline,758.0031079564033,0,0,inf,inf,100,512.918671129825
TR,0,515,5762772214498318752,evaluation,demo_baseline,758.0031079564033,0,0,inf,inf,101,493.9935095201857
TR,0,516,4001549859494864618,evaluation,demo_baseline,758.0031079564033,0,0,inf,inf,102,526.630101668539
TR,0,517,8352064541585595225,evaluation,demo_baseline,758.0031079564033,0,0,inf,inf,111,594.5123136129929
TR,0,518,4091948738824297741,evaluation,demo_baseline,758.0031079564033,0,0,inf,inf,104,612.0636505171501
TR,0,519,2704015865262788065,evaluation,demo_baseline,758.0031079564033,0,0,inf,inf,112,539.8559332866225
TR,0,520,6675885362643373168,evaluation,demo_baseline,758.0031079564033,0,0,inf,inf,111,610.1494073458923
TR,0,521,8654083488913184777,evaluation,demo_baseline,758.0031079564033,0,0,inf,inf,119,583.6128673682407
TR,0,522,8366700432652984307,evaluation,demo_baseline,758.0031079564033,0,0,inf,inf,128,702.9961626222009
TR,0,523,5534513594030296830,evaluation,demo_baseline,758.0031079564033,0,0,inf,inf,104,553.1602429339202
TR,0,524,7311896212066179456,evaluation,demo_baseline,758.0031079564033,0,0,inf,inf,114,712.1720422550371
TR,0,525,6686292752349307143,evaluation,demo_baseline,758.0031079564033,0,0,inf,inf,114,647.900145662404
TR,0,526,8793598445980183266,evaluation,demo_baseline,758.0031079564033,0,0,inf,inf,111,606.5040556103219
TR,0,527,1756543354973169440,evaluation,demo_baseline,758.0031079564033,0,0,inf,inf,130,668.9642061574438
TR,0,528,8782681226091828293,evaluation,demo_baseline,758.0031079564033,0,0,inf,236.0,131,860.6916763345961
TR,0,529,1718818675925466636,evaluation,demo_baseline,758.0031079564033,0,0,inf,inf,106,486.85496505409117
TR,0,530,7252314329556534603,evaluation,demo_baseline,758.0031079564033,0,0,inf,inf,115,546.7081012336536
TR,0,531,8378448439960748303,evaluation,demo_baseline,758.0031079564033,0,0,inf,inf,110,654.675408354881
TR,0,532,8193311249958951906,evaluation,demo_baseline,758.0031079564033,0,0,inf,inf,100,491.81079028633394
TR,0,533,6637003245890201417,evaluation,demo_baseline,758.0031079564033,0,0,inf,inf,107,557.7936124201722
TR,0,534,4553774538467934261,evaluation,demo_baseline,758.0031079564033,0,0,inf,inf,112,656.3795370934891
TR,0,535,6318882430213856875,evaluation,demo_baseline,758.0031079564033,0,0,inf,inf,96,590.190039896227
TR,0,536,2777935207230293991,evaluation,demo_baseline,758.0031079564033,0,0,inf,inf,145,734.6141118215436
TR,0,537,1476300765025879463,evaluation,demo_baseline,758.0031079564033,0,0,inf,inf,120,641.1661182155533
TR,0,538,8310285984935163162,evaluation,demo_baseline,758.0031079564033,0,0,inf,inf,127,669.3786899768455
TR,0,539,2746840523153965341,evaluation,demo_baseline,758.0031079564033,0,0,inf,inf,128,669.4886213770344
TR,0,540,7155905593924719507,evaluation,demo_baseline,758.0031079564033,0,0,inf,inf,121,561.1127375922282
TR,0,541,4693779298819202097,evaluation,demo_baseline,758.0031079564033,0,0,inf,inf,118,631.9228516511362
TR,0,542,4158737030049975553,evaluation,demo_baseline,758.0031079564033,0,0,inf,inf,106,522.4098061321852
TR,0,543,9209364678241428223,evaluation,demo_baseline,758.0031079564033,0,0,inf,inf,114,560.6067194054971
TR,0,544,6014011123887416759,evaluation,demo_baseline,758.0031079564033,0,0,inf,inf,132,668.7206910632436
TR,0,545,712095545280277381,evaluation,demo_baseline,758.0031079564033,0,0,inf,inf,123,659.7255300954964
TR,0,546,7023686828711650002,evaluation,demo_baseline,758.0031079564033,0,0,inf,inf,98,628.7414841661046
TR,0,547,5689242836425757217,evaluation,demo_baseline,758.0031079564033,0,0,inf,inf,122,651.1944685802072
TR,0,548,3799637021491411311,evaluation,demo_baseline,758.0031079564033,0,0,inf,inf,119,705.4479344311843
TR,0,549,4870692286938684710,evaluation,demo_baseline,758.0031079564033,0,0,inf,inf,123,630.7904178432243
TR,0,550,9129123698377579526,evaluation,demo_baseline,758.0031079564033,0,0,inf,inf,111,516.6098372144501
TR,0,551,1131196370968318990,evaluation,demo_baseline,758.0031079564033,0,0,inf,inf,124,656.4110662640699
TR,0,552,6229102489525963189,evaluation,demo_baseline,758.0031079564033,0,0,inf,inf,115,620.1801210189197
TR,0,553,3786577073532131534,evaluation,demo_baseline,758.0031079564033,0,0,inf,inf,105,716.3394686804348
TR,0,554,8766457777307262450,evaluation,demo_baseline,758.0031079564033,0,0,inf,inf,112,551.2127681794494
TR,0,555,5445372096171222729,evaluation,demo_baseline,758.0031079564033,0,0,inf,inf,117,644.7265060092335
TR,0,556,2037241228882408006,evaluation,demo_baseline,758.0031079564033,0,0,inf,inf,118,599.7127789906867
TR,0,557,8079414235100082278,evaluation,demo_baseline,758.0031079564033,0,0,inf,inf,112,663.6052811800375
TR,0,558,8010266279320967694,evaluation,demo_baseline,758.0031079564033,0,0,inf,inf,107,560.626563196698
TR,0,559,2759971193653410619,evaluation,demo_baseline,758.0031079564033,0,0,inf,inf,100,606.5075688437369
TR,0,560,647744758500193663,evaluation,demo_baseline,758.0031079564033,0,0,inf,inf,107,558.4556047109191
TR,0,561,533302559336163511,evaluation,demo_baseline,758.0031079564033,0,0,inf,226.0,123,788.4365494282574
TR,0,562,7818292385717402271,evaluation,demo_baseline,758.0031079564033,0,0,inf,inf,124,685.8526898348317
TR,0,563,638667943025068167,evaluation,demo_baseline,758.0031079564033,0,0,inf,inf,112,691.7683490898701
TR,0,564,7283999025726165972,evaluation,demo_baseline,758.0031079564033,0,0,inf,inf,131,720.7914875657669
TR,0,565,4450800436384244138,evaluation,demo_baseline,758.0031079564033,0,0,inf,inf,126,687.0402638234899
TR,0,566,3582495623535340786,evaluation,demo_baseline,758.0031079564033,0,0,inf,inf,137,650.0774083736651
TR,0,567,1215181354933371485,evaluation,demo_baseline,758.0031079564033,0,0,inf,inf,120,620.6020623310172
TR,0,568,2232389905865164181,evaluation,demo_baseline,758.0031079564033,0,0,inf,inf,112,656.0576569121412
TR,0,569,230296020472004507,evaluation,demo_baseline,758.0031079564033,0,0,inf,201.0,121,805.0322447480141
TR,0,570,5191397021102989730,evaluation,demo_baseline,758.0031079564033,0,0,inf,inf,121,573.8236581042746
TR,0,571,2129522048623995397,evaluation,demo_baseline,758.0031079564033,0,0,inf,inf,116,626.1276103354776
TR,0,572,8495092146758186525,evaluation,demo_baseline,758.0031079564033,0,0,inf,inf,102,623.5631254632615
TR,0,573,4250695201514731981,evaluation,demo_baseline,758.0031079564033,0,0,inf,inf,97,553.4852638711893
TR,0,574,5217223108302918319,evaluation,demo_baseline,758.0031079564033,0,0,inf,inf,95,577.953830624233
TR,0,575,8821270826193756628,evaluation,demo_baseline,758.0031079564033,0,0,inf,inf,109,505.98184998091824
TR,0,576,2542206463552483954,evaluation,demo_baseline,758.0031079564033,0,0,inf,inf,113,611.1096095399745
TR,0,577,3120220457669121838,evaluation,demo_baseline,758.0031079564033,0,0,inf,inf,124,741.1137079964698
TR,0,578,6651583166772832402,evaluation,demo_baseline,758.0031079564033,0,0,inf,inf,123,609.2879877392924
TR,0,579,6593029238476614164,evaluation,demo_baseline,758.0031079564033,0,0,inf,inf,103,539.8338530950756
TR,0,580,6589002886023507628,evaluation,demo_baseline,758.0031079564033,0,0,inf,inf,123,657.9763904292652
TR,0,581,5653139470929406534,evaluation,demo_baseline,758.0031079564033,0,0,inf,inf,131,639.5596070590477
TR,0,582,3576637672989784493,evaluation,demo_baseline,758.0031079564033,0,0,inf,inf,119,630.1526733702375
TR,0,583,5472371410337330650,evaluation,demo_baseline,758.0031079564033,0,0,inf,inf,116,551.725252759252
TR,0,584,5033456717844606301,evaluation,demo_baseline,758.0031079564033,0,0,inf,inf,107,601.3059830706013
TR,0,585,1159381416158803290,evaluation,demo_baseline,758.0031079564033,0,0,inf,inf,127,669.2438211020723
TR,0,586,8221576588125449370,evaluation,demo_baseline,758.0031079564033,0,0,inf,inf,130,713.6873729026715
TR,0,587,1284880111342983968,evaluation,demo_baseline,758.0031079564033,0,0,inf,inf,113,552.1698953005296
TR,0,588,7717719225451796354,evaluation,demo_baseline,758.0031079564033,0,0,inf,inf,118,616.936822664895
TR,0,589,922022647538746740,evaluation,demo_baseline,758.0031079564033,0,0,inf,inf,108,681.6895033476359
TR,0,590,5451664796022626093,evaluation,demo_baseline,758.0031079564033,0,0,inf,inf,127,639.5482728681043
TR,0,591,2243582706106103358,evaluation,demo_baseline,758.0031079564033,0,0,inf,inf,120,664.7297776787182
TR,0,592,4410212012739459675,evaluation,demo_baseline,758.0031079564033,0,0,inf,inf,125,706.3490627462479
TR,0,593,2945530004049210174,evaluation,demo_baseline,758.0031079564033,0,0,inf,inf,116,504.65183451044976
TR,0,594,1680078549887198842,evaluation,demo_baseline,758.0031079564033,0,0,inf,inf,131,704.4890852717948
TR,0,595,4361221558018944067,evaluation,demo_baseline,758.0031079564033,0,0,inf,inf,125,673.7816941238514
TR,0,596,4075746822936164644,evaluation,demo_baseline,758.0031079564033,0,0,inf,inf,118,682.8556015150547
TR,0,597,1237728452097359964,evaluation,demo_baseline,758.0031079564033,0,0,inf,inf,105,487.26614836030893
TR,0,598,2107470986047659569,evaluation,demo_baseline,758.0031079564033,0,0,inf,inf,123,592.5299199589107
TR,0,599,3756610283205620794,evaluation,demo_baseline,758.0031079564033,0,0,inf,inf,100,549.1280692164651
TR,0,600,1841016929396325739,evaluation,demo_baseline,758.0031079564033,0,0,inf,inf,136,712.5484288874749
TR,0,601,2967693637165072517,evaluation,demo_baseline,758.0031079564033,0,0,inf,inf,111,505.59360969607053
TR,0,602,5891012874464255646,evaluation,demo_baseline,758.0031079564033,0,0,inf,inf,124,671.4030196680147
TR,0,603,2056923738317759884,evaluation,demo_baseline,758.0031079564033,0,0,inf,inf,114,683.7796583906464
TR,0,604,2922577904912735496,evaluation,demo_baseline,758.0031079564033,0,0,inf,inf,110,649.9309699542504
TR,0,605,3495801800538428158,evaluation,demo_baseline,758.0031079564033,0,0,inf,inf,96,621.10556870675
TR,0,606,8279885237749909074,evaluation,demo_baseline,758.0031079564033,0,0,inf,inf,104,638.0886305526458
TR,0,607,6632930219427968617,evaluation,demo_baseline,758.0031079564033,0,0,inf,inf,110,604.6801877549669
TR,0,608,8171397582441539950,evaluation,demo_baseline,758.0031079564033,0,0,inf,inf,125,647.8686098424745
TR,0,609,8077278321264939706,evaluation,demo_baseline,758.0031079564033,0,0,inf,inf,131,621.8079336115384
TR,0,610,5034097285756366803,evaluation,demo_baseline,758.0031079564033,0,0,inf,inf,103,494.8279997872338
TR,0,611,8704111456312108995,evaluation,demo_baseline,758.0031079564033,0,0,inf,inf,107,614.8047924727113
TR,0,612,3014171628907433227,evaluation,demo_baseline,758.0031079564033,0,0,inf,inf,113,702.9851751815252
TR,0,613,8311984036116927883,evaluation,demo_baseline,758.0031079564033,0,0,inf,inf,97,483.9851032003764
TR,0,614,4669516755796260946,evaluation,demo_baseline,758.0031079564033,0,0,inf,inf,127,661.6294573880926
TR,0,615,405508573548493638,evaluation,demo_baseline,758.0031079564033,0,0,inf,inf,123,699.3136476417329
TR,0,616,1181764824223633919,evaluation,demo_baseline,758.0031079564033,0,0,inf,inf,93,637.5611603920926
TR,0,617,7280563289470646429,evaluation,demo_baseline,758.0031079564033,0,0,inf,inf,111,606.8113366500354
TR,0,618,4869003345127682787,evaluation,demo_baseline,758.0031079564033,0,0,inf,inf,112,593.6427324005324
TR,0,619,4514338021999177524,evaluation,demo_baseline,758.0031079564033,0,0,inf,inf,107,673.8944089804027
TR,0,620,3524833816354821786,evaluation,demo_baseline,758.0031079564033,0,0,inf,inf,120,561.5717473183572
TR,0,621,2353228047741491937,evaluation,demo_baseline,758.0031079564033,0,0,inf,inf,104,456.5932999438583
TR,0,622,7977502911919071634,evaluation,demo_baseline,758.0031079564033,0,0,inf,inf,102,517.8087475844956
TR,0,623,986721466373718720,evaluation,demo_baseline,758.0031079564033,0,0,inf,inf,96,592.9071348965181
TR,0,624,8369130418007088544,evaluation,demo_baseline,758.0031079564033,0,0,inf,inf,129,581.3657090916528
TR,0,625,2981911695694036995,evaluation,demo_baseline,758.0031079564033,0,0,inf,inf,92,507.28581829327146
TR,0,626,4895456888233324114,evaluation,demo_baseline,758.0031079564033,0,0,inf,inf,105,542.6229209732674
TR,0,627,4900097843018470960,evaluation,demo_baseline,758.0031079564033,0,0,inf,inf,136,666.5429340755471
TR,0,628,1737812350101045641,evaluation,demo_baseline,758.0031079564033,0,0,inf,295.0,129,827.3095030569132
TR,0,629,643745114819292948,evaluation,demo_baseline,758.0031079564033,0,0,inf,inf,115,629.9485055363601
TR,0,630,641818923576531977,evaluation,demo_baseline,758.0031079564033,0,0,inf,inf,122,676.7983451273666
TR,0,631,7804707407616477742,evaluation,demo_baseline,758.0031079564033,0,0,inf,inf,126,682.0338967176781
TR,0,632,7318578036028009364,evaluation,demo_baseline,758.0031079564033,0,0,inf,inf,107,528.7019336212252
TR,0,633,8568665636531124265,evaluation,demo_baseline,758.0031079564033,0,0,inf,inf,115,574.0759705291701
TR,0,634,6657413178717593311,evaluation,demo_baseline,758.0031079564033,0,0,inf,inf,111,531.6220324341726
TR,0,635,6168744110608156896,evaluation,demo_baseline,758.0031079564033,0,0,inf,inf,111,528.181149513591
TR,0,636,7337018363320106067,evaluation,demo_baseline,758.0031079564033,0,0,inf,inf,113,675.6978002674048
TR,0,637,3754200407575868148,evaluation,demo_baseline,758.0031079564033,0,0,inf,inf,103,542.1462047849158
TR,0,638,7550734367440316327,evaluation,demo_baseline,758.0031079564033,0,0,inf,inf,117,622.3378597589276
TR,0,639,5079976146968897931,evaluation,demo_baseline,758.0031079564033,0,0,inf,inf,105,646.8102461455965
TR,0,640,2672896447908006519,evaluation,demo_baseline,758.0031079564033,0,0,inf,inf,126,731.2724417593464
TR,0,641,7088353786028538814,evaluation,demo_baseline,758.0031079564033,0,0,inf,inf,126,717.9023661035227
TR,0,642,4757983659847375420,evaluation,demo_baseline,758.0031079564033,0,0,inf,268.0,141,816.3906604011472
TR,0,643,4907494202742022844,evaluation,demo_baseline,758.0031079564033,0,0,inf,inf,108,701.4005250694743
TR,0,644,2506690015439996230,evaluation,demo_baseline,758.0031079564033,0,0,inf,inf,107,694.0151105165602
TR,0,645,8362001381790622138,evaluation,demo_baseline,758.0031079564033,0,0,inf,inf,80,468.12032579931457
TR,0,646,5070914608073642233,evaluation,demo_baseline,758.0031079564033,0,0,inf,inf,126,638.84825504008
TR,0,647,9114797597949097570,evaluation,demo_baseline,758.0031079564033,0,0,inf,243.0,125,835.0447293188771
TR,0,648,849294553247917446,evaluation,demo_baseline,758.0031079564033,0,0,inf,inf,123,665.5691769506874
TR,0,649,2428196831812735007,evaluation,demo_baseline,758.0031079564033,0,0,inf,inf,130,621.7438357872599
TR,0,650,6442895128918698185,evaluation,demo_baseline,758.0031079564033,0,0,inf,inf,115,640.6918258516736
TR,0,651,2553143057077400102,evaluation,demo_baseline,758.0031079564033,0,0,inf,inf,118,621.9690722289741
TR,0,652,5185456235004436862,evaluation,demo_baseline,758.0031079564033,0,0,inf,inf,110,543.4920349195006
TR,0,653,8428501423407488880,evaluation,demo_baseline,758.0031079564033,0,0,inf,inf,126,644.2960823416188
TR,0,654,2265248053840660133,evaluation,demo_baseline,758.0031079564033,0,0,inf,inf,122,591.6158984116242
TR,0,655,3229714018533073922,evaluation,demo_baseline,758.0031079564033,0,0,inf,inf,117,672.6764627331365
TR,0,656,3817641202396133022,evaluation,demo_baseline,758.0031079564033,0,0,inf,inf,117,600.3150850029513
TR,0,657,7911888198129400737,evaluation,demo_baseline,758.0031079564033,0,0,inf,268.0,139,777.0464492457145
TR,0,658,8651488128523568109,evaluation,demo_baseline,758.0031079564033,0,0,inf,inf,104,566.9084091287069
TR,0,659,8756996182645722580,evaluation,demo_baseline,758.0031079564033,0,0,inf,inf,123,648.1867964018437
TR,0,660,1258195364516154589,evaluation,demo_baseline,758.0031079564033,0,0,inf,inf,137,659.0823605368114
TR,0,661,1400379972565253586,evaluation,demo_baseline,758.0031079564033,0,0,inf,inf,115,583.6427078943127
TR,0,662,1757914467023181341,evaluation,demo_baseline,758.0031079564033,0,0,inf,inf,118,631.0598523132887
TR,0,663,7181820271709159926,evaluation,demo_baseline,758.0031079564033,0,0,inf,inf,108,506.005117024999
TR,0,664,2127787366564496717,evaluation,demo_baseline,758.0031079564033,0,0,inf,277.0,128,776.3035104935856
TR,0,665,9010716946600818426,evaluation,demo_baseline,758.0031079564033,0,0,inf,270.0,119,842.6163541618236
TR,0,666,6912925628032923774,evaluation,demo_baseline,758.0031079564033,0,0,inf,inf,126,751.1968694851214
TR,0,667,7514541448562552265,evaluation,demo_baseline,758.0031079564033,0,0,inf,inf,114,621.3994139917429
TR,0,668,2439982973812316257,evaluation,demo_baseline,758.0031079564033,0,0,inf,inf,120,710.6385266898315
TR,0,669,8240798963995962033,evaluation,demo_baseline,758.0031079564033,0,0,inf,inf,119,599.8130060444194
TR,0,670,280065140697333484,evaluation,demo_baseline,758.0031079564033,0,0,inf,inf,120,624.0406103310411
TR,0,671,8211257626607542990,evaluation,demo_baseline,758.0031079564033,0,0,inf,inf,106,548.3824613427998
TR,0,672,7359468005101201339,evaluation,demo_baseline,758.0031079564033,0,0,inf,inf,142,722.6760775259249
TR,0,673,9146778214316120067,evaluation,demo_baseline,758.0031079564033,0,0,inf,inf,110,490.23828463283365
TR,0,674,9110407964102053495,evaluation,demo_baseline,758.0031079564033,0,0,inf,inf,100,517.1817323579348
TR,0,675,4706353810542241908,evaluation,demo_baseline,758.0031079564033,0,0,inf,inf,117,687.5939532861507
TR,0,676,6931539923691525162,evaluation,demo_baseline,758.0031079564033,0,0,inf,inf,106,539.4307798608056
TR,0,677,797677400921221957,evaluation,demo_baseline,758.0031079564033,0,0,inf,inf,117,637.8304067043464
TR,0,678,7933643538392148954,evaluation,demo_baseline,758.0031079564033,0,0,inf,inf,97,458.6602874948535
TR,0,679,1950172378880948481,evaluation,demo_baseline,758.0031079564033,0,0,inf,inf,103,640.3407980791295
TR,0,680,4370740818096961966,evaluation,demo_baseline,758.0031079564033,0,0,inf,inf,104,596.3097332760608
TR,0,681,5366177039971860054,evaluation,demo_baseline,758.0031079564033,0,0,inf,inf,112,670.949072971685
TR,0,682,116292085973427057,evaluation,demo_baseline,758.0031079564033,0,0,inf,inf,107,616.4799812382031
TR,0,683,2337822075723258915,evaluation,demo_baseline,758.0031079564033,0,0,inf,inf,109,699.5081624106425
TR,0,684,4633711903802192880,evaluation,demo_baseline,758.0031079564033,0,0,inf,296.0,118,781.5117574641127
TR,0,685,5859108343432505864,evaluation,demo_baseline,758.0031079564033,0,0,inf,inf,106,613.3645146225858
TR,0,686,2169014766149175540,evaluation,demo_baseline,758.0031079564033,0,0,inf,inf,122,662.9203724234328
TR,0,687,7017405350145008561,evaluation,demo_baseline,758.0031079564033,0,0,inf,inf,101,491.12037997264
TR,0,688,406991270135679327,evaluation,demo_baseline,758.0031079564033,0,0,inf,inf,119,571.7519914660062
TR,0,689,189542338660401093,evaluation,demo_baseline,758.0031079564033,0,0,inf,226.0,117,814.2689051081854
TR,0,690,4261372713712695920,evaluation,demo_baseline,758.0031079564033,0,0,inf,inf,107,473.0544759374456
TR,0,691,4545595996391005752,evaluation,demo_baseline,758.0031079564033,0,0,inf,inf,107,669.6746658675986
TR,0,692,3710975021326330471,evaluation,demo_baseline,758.0031079564033,0,0,inf,inf,112,640.9305093612404
TR,0,693,3275184070648226813,evaluation,demo_baseline,758.0031079564033,0,0,inf,inf,99,621.9157469924073
TR,0,694,2767202628612182175,evaluation,demo_baseline,758.0031079564033,0,0,inf,inf,118,603.2646122756258
TR,0,695,5217438450394750221,evaluation,demo_baseline,758.0031079564033,0,0,inf,inf,121,584.572564028017
TR,0,696,3641074478409910061,evaluation,demo_baseline,758.0031079564033,0,0,inf,inf,107,615.55457538093
TR,0,697,915275891904388496,evaluation,demo_baseline,758.0031079564033,0,0,inf,inf,129,699.2426644494843
TR,0,698,4690533884538999763,evaluation,demo_baseline,758.0031079564033,0,0,inf,inf,129,677.9433691716703
TR,0,699,4185915291693657818,evaluation,demo_baseline,758.0031079564033,0,0,inf,inf,97,537.0258287069753
TR,0,700,8756158610720978114,evaluation,demo_baseline,758.0031079564033,0,0,inf,inf,127,659.7819456383754
TR,0,701,3831447845373009535,evaluation,demo_baseline,758.0031079564033,0,0,inf,97.0,137,845.0455374260061
TR,0,702,8057520957767125225,evaluation,demo_baseline,758.0031079564033,0,0,inf,inf,121,675.5591231660699
TR,0,703,3611337672629374398,evaluation,demo_baseline,758.0031079564033,0,0,inf,inf,126,654.0766164993729
TR,0,704,6071326023311365244,evaluation,demo_baseline,758.0031079564033,0,0,inf,inf,107,593.1777064953353
TR,0,705,4883915356578042391,evaluation,demo_baseline,758.0031079564033,0,0,inf,inf,121,752.4885056827669
TR,0,706,7735524975660049452,evaluation,demo_baseline,758.0031079564033,0,0,inf,inf,110,601.51034754387
TR,0,707,22814342022756962,evaluation,demo_baseline,758.0031079564033,0,0,inf,inf,107,603.0164184468607
TR,0,708,8605910915295361699,evaluation,demo_baseline,758.0031079564033,0,0,inf,inf,108,570.82993485535
TR,0,709,3184682165179426558,evaluation,demo_baseline,758.0031079564033,0,0,inf,inf,100,537.654093410318
TR,0,710,214517954827886987,evaluation,demo_baseline,758.0031079564033,0,0,inf,inf,126,587.2824030707419
TR,0,711,5970449429065868382,evaluation,demo_baseline,758.0031079564033,0,0,inf,inf,123,580.145491059793
TR,0,712,3369071420407472947,evaluation,demo_baseline,758.0031079564033,0,0,inf,inf,120,654.4741973847936
TR,0,713,7865676440016900200,evaluation,demo_baseline,758.0031079564033,0,0,inf,inf,104,510.2973965357868
TR,0,714,3980757164143467899,evaluation,demo_baseline,758.0031079564033,0,0,inf,inf,126,591.3464491010287
TR,0,715,808388267005521648,evaluation,demo_baseline,758.0031079564033,0,0,inf,inf,130,717.8047301096657
TR,0,716,181727356409640503,evaluation,demo_baseline,758.0031079564033,0,0,inf,inf,98,452.5824165825492
TR,0,717,3440062774936223012,evaluation,demo_baseline,758.0031079564033,0,0,inf,inf,108,733.3593209066984
TR,0,718,8201588422054420125,evaluation,demo_baseline,758.0031079564033,0,0,inf,inf,104,620.9156837788831
TR,0,719,698711405217837383,evaluation,demo_baseline,758.0031079564033,0,0,inf,inf,107,514.4992497448475
TR,0,720,3916197222543316646,evaluation,demo_baseline,758.0031079564033,0,0,inf,inf,112,620.5851625249492
TR,0,721,6077452399637917297,evaluation,demo_baseline,758.0031079564033,0,0,inf,inf,137,623.5407635556584
TR,0,722,5366845018133645614,evaluation,demo_baseline,758.0031079564033,0,0,inf,inf,119,613.149278896407
TR,0,723,2384358657937450851,evaluation,demo_baseline,758.0031079564033,0,0,inf,inf,102,566.8289122485779
TR,0,724,5340222208644529272,evaluation,demo_baseline,758.0031079564033,0,0,inf,inf,118,576.0533408793585
TR,0,725,6179067020199254819,evaluation,demo_baseline,758.0031079564033,0,0,inf,inf,105,676.0257908826135
TR,0,726,6711848699539156789,evaluation,demo_baseline,758.0031079564033,0,0,inf,inf,105,585.07424348585
TR,0,727,9129964658800966927,evaluation,demo_baseline,758.0031079564033,0,0,inf,inf,116,569.0092565302028
TR,0,728,7179754108702611049,evaluation,demo_baseline,758.0031079564033,0,0,inf,inf,107,650.2367640687102
TR,0,729,3689708642547582726,evaluation,demo_baseline,758.0031079564033,0,0,inf,inf,124,725.541289620667
TR,0,730,4238547921663877389,evaluation,demo_baseline,758.0031079564033,0,0,inf,inf,106,572.3492341688044
TR,0,731,5658622403622506574,evaluation,demo_baseline,758.0031079564033,0,0,inf,inf,133,645.8711167975138
TR,0,732,853076762427085452,evaluation,demo_baseline,758.0031079564033,0,0,inf,inf,107,490.7049781882779
TR,0,733,8496123487953585597,evaluation,demo_baseline,758.0031079564033,0,0,inf,inf,112,599.1613325544108
TR,0,734,783034026082938910,evaluation,demo_baseline,758.0031079564033,0,0,inf,inf,108,612.5726488246014
TR,0,735,860122187388684589,evaluation,demo_baseline,758.0031079564033,0,0,inf,inf,109,647.3196469622794
TR,0,736,7739964066433150214,evaluation,demo_baseline,758.0031079564033,0,0,inf,inf,105,633.4880671469043
TR,0,737,1514823664665649467,evaluation,demo_baseline,758.0031079564033,0,0,inf,inf,115,545.538089429525
TR,0,738,96340703239709075,evaluation,demo_baseline,758.0031079564033,0,0,inf,inf,113,605.7679647342189
TR,0,739,2995163222770893249,evaluation,demo_baseline,758.0031079564033,0,0,inf,inf,95,540.1043328438511
TR,0,740,4507080485294187979,evaluation,demo_baseline,758.0031079564033,0,0,inf,inf,94,516.5454436071195
TR,0,741,4556083360560616807,evaluation,demo_baseline,758.0031079564033,0,0,inf,inf,110,553.6128593161172
TR,0,742,7011140609650095001,evaluation,demo_baseline,758.0031079564033,0,0,inf,158.0,134,857.6877732103123
TR,0,743,8420357267908279069,evaluation,demo_baseline,758.0031079564033,0,0,inf,inf,105,559.8155655746867
TR,0,744,4017675932546827423,evaluation,demo_baseline,758.0031079564033,0,0,inf,inf,104,509.22891972534796
TR,0,745,1007680908515191314,evaluation,demo_baseline,758.0031079564033,0,0,inf,inf,113,667.8245893733995
TR,0,746,8802797086179339769,evaluation,demo_baseline,758.0031079564033,0,0,inf,inf,108,539.5345548555008
TR,0,747,5946138678594260968,evaluation,demo_baseline,758.0031079564033,0,0,inf,inf,94,459.51375159713183
TR,0,748,5212153819715077149,evaluation,demo_baseline,758.0031079564033,0,0,inf,inf,129,742.0235253398909
TR,0,749,8692283958916242697,evaluation,demo_baseline,758.0031079564033,0,0,inf,inf,104,536.146310379422
TR,0,750,2330782307711401962,evaluation,demo_baseline,758.0031079564033,0,0,inf,inf,99,464.3934069709335
TR,0,751,1776124739170071502,evaluation,demo_baseline,758.0031079564033,0,0,inf,inf,108,617.3340621732057
TR,0,752,6773689929294677222,evaluation,demo_baseline,758.0031079564033,0,0,inf,inf,110,593.390513209106
TR,0,753,8226818398579292545,evaluation,demo_baseline,758.0031079564033,0,0,inf,inf,108,537.641388221252
TR,0,754,1021320019932468015,evaluation,demo_baseline,758.0031079564033,0,0,inf,inf,98,525.3276870013007
TR,0,755,7897758871095309537,evaluation,demo_baseline,758.0031079564033,0,0,inf,inf,117,614.225641507629
TR,0,756,3883850224952710649,evaluation,demo_baseline,758.0031079564033,0,0,inf,inf,104,530.834040528017
TR,0,757,241692156537760657,evaluation,demo_baseline,758.0031079564033,0,0,inf,inf,118,546.7125459002425
TR,0,758,8801824724160444712,evaluation,demo_baseline,758.0031079564033,0,0,inf,inf,121,623.4481254468394
TR,0,759,4577814621105966697,evaluation,demo_baseline,758.0031079564033,0,0,inf,inf,124,641.3522457126103
TR,0,760,1065099833877985715,evaluation,demo_baseline,758.0031079564033,0,0,inf,inf,112,635.3978570669992
TR,0,761,8080955874120989318,evaluation,demo_baseline,758.0031079564033,0,0,inf,inf,120,705.7989356816646
TR,0,762,67395301418488168,evaluation,demo_baseline,758.0031079564033,0,0,inf,inf,115,682.4219983672642
TR,0,763,1966435124735962563,evaluation,demo_baseline,758.0031079564033,0,0,inf,inf,109,582.8352353583947
TR,0,764,8264488927666645761,evaluation,demo_baseline,758.0031079564033,0,0,inf,inf,106,695.0948224299434
TR,0,765,5640475649003644862,evaluation,demo_baseline,758.0031079564033,0,0,inf,inf,116,627.0528473731558
TR,0,766,4697777765272455688,evaluation,demo_baseline,758.0031079564033,0,0,inf,inf,118,656.6446974214092
TR,0,767,3674071458716502765,evaluation,demo_baseline,758.0031079564033,0,0,inf,inf,107,505.2520152112871
TR,0,768,8438174336202846777,evaluation,demo_baseline,758.0031079564033,0,0,inf,209.0,113,761.1001056440466
TR,0,769,7877810138138603905,evaluation,demo_baseline,758.0031079564033,0,0,inf,inf,130,694.4762205034058
TR,0,770,7717216705984317967,evaluation,demo_baseline,758.0031079564033,0,0,inf,inf,129,679.6721808822729
TR,0,771,8188584634222759161,evaluation,demo_baseline,758.0031079564033,0,0,inf,inf,120,638.2860773768167
TR,0,772,8574706713415693495,evaluation,demo_baseline,758.0031079564033,0,0,inf,inf,100,585.1323029579117
TR,0,773,1603028157387314399,evaluation,demo_baseline,758.0031079564033,0,0,inf,inf,101,561.2263570523222
TR,0,774,583667744434501109,evaluation,demo_baseline,758.0031079564033,0,0,inf,inf,118,633.3109442576744
TR,0,775,6162206836477849574,evaluation,demo_baseline,758.0031079564033,0,0,inf,inf,121,624.4817978600687
TR,0,776,7589030069736851067,evaluation,demo_baseline,758.0031079564033,0,0,inf,inf,119,634.3770616366311
TR,0,777,7788919486499818422,evaluation,demo_baseline,758.0031079564033,0,0,inf,inf,117,670.0574866488902
TR,0,778,1341691193104596440,evaluation,demo_baseline,758.0031079564033,0,0,inf,inf,108,515.3903872266269
TR,0,779,3753606155415050021,evaluation,demo_baseline,758.0031079564033,0,0,inf,inf,135,634.3303091363925
TR,0,780,7706055362663901563,evaluation,demo_baseline,758.0031079564033,0,0,inf,inf,105,612.3391001378894
TR,0,781,3648796665865676704,evaluation,demo_baseline,758.0031079564033,0,0,inf,inf,120,703.0244840696532
TR,0,782,6486310133208526960,evaluation,demo_baseline,758.0031079564033,0,0,inf,inf,110,502.60180380307366
TR,0,783,1234012736460114351,evaluation,demo_baseline,758.0031079564033,0,0,inf,inf,105,563.5851133447709
TR,0,784,4157805298492906235,evaluation,demo_baseline,758.0031079564033,0,0,inf,inf,105,446.5420722528045
TR,0,785,2638642701199222606,evaluation,demo_baseline,758.0031079564033,0,0,inf,inf,120,633.4683665853158
TR,0,786,8679691606950803534,evaluation,demo_baseline,758.0031079564033,0,0,inf,inf,127,620.3808977399011
TR,0,787,4250970119329097527,evaluation,demo_baseline,758.0031079564033,0,0,inf,inf,104,634.1652997039283
TR,0,788,3471005898281313488,evaluation,demo_baseline,758.0031079564033,0,0,inf,143.0,129,792.0824335085565
TR,0,789,4232610531524016850,evaluation,demo_baseline,758.0031079564033,0,0,inf,inf,119,562.2936174742188
TR,0,790,2882553905796681995,evaluation,demo_baseline,758.0031079564033,0,0,inf,inf,105,523.5122269038012
TR,0,791,5664956531058440104,evaluation,demo_baseline,758.0031079564033,0,0,inf,inf,116,708.3318861647803
TR,0,792,4956731345261927670,evaluation,demo_baseline,758.0031079564033,0,0,inf,inf,105,597.3627021975817
TR,0,793,6218921582820899581,evaluation,demo_baseline,758.0031079564033,0,0,inf,inf,122,586.4250297965531
TR,0,794,6599983908136782426,evaluation,demo_baseline,758.0031079564033,0,0,inf,inf,106,559.0756899812932
TR,0,795,4892549796232546767,evaluation,demo_baseline,758.0031079564033,0,0,inf,inf,127,696.751456314794
TR,0,796,4135902691257322096,evaluation,demo_baseline,758.0031079564033,0,0,inf,inf,104,629.0824475386869
TR,0,797,4677035851375455402,evaluation,demo_baseline,758.0031079564033,0,0,inf,inf,116,591.5811668834679
TR,0,798,7720752162762025998,evaluation,demo_baseline,758.0031079564033,0,0,inf,inf,119,645.3046060655345
TR,0,799,1111468164821926576,evaluation,demo_baseline,758.0031079564033,0,0,inf,inf,110,604.1441252264988
TR,0,800,3114835332791804152,evaluation,demo_baseline,758.0031079564033,0,0,inf,inf,134,577.5852965052429
TR,0,801,5878912982267747538,evaluation,demo_baseline,758.0031079564033,0,0,inf,inf,120,666.3874046866146
TR,0,802,8282932742636101010,evaluation,demo_baseline,758.0031079564033,0,0,inf,inf,102,578.9426733352848
TR,0,803,6545133664947626126,evaluation,demo_baseline,758.0031079564033,0,0,inf,inf,127,605.8674661664123
TR,0,804,2235943790187986463,evaluation,demo_baseline,758.0031079564033,0,0,inf,inf,121,631.2365128554663
TR,0,805,8918616075573147701,evaluation,demo_baseline,758.0031079564033,0,0,inf,inf,120,705.1825033853963
TR,0,806,2007270211108394084,evaluation,demo_baseline,758.0031079564033,0,0,inf,inf,106,592.0951531360894
TR,0,807,280976218329059657,evaluation,demo_baseline,758.0031079564033,0,0,inf,inf,114,655.4444574707081
TR,0,808,6247325622469128122,evaluation,demo_baseline,758.0031079564033,0,0,inf,inf,121,717.862407923879
TR,0,809,6321000741653902116,evaluation,demo_baseline,758.0031079564033,0,0,inf,inf,102,471.12416479102006
TR,0,810,1709239528094257344,evaluation,demo_baseline,758.0031079564033,0,0,inf,inf,116,535.755026617059
TR,0,811,8756112764621213011,evaluation,demo_baseline,758.0031079564033,0,0,inf,inf,124,639.9653274983243
TR,0,812,7521054428976769962,evaluation,demo_baseline,758.0031079564033,0,0,inf,inf,112,620.268833196599
TR,0,813,6031289478941284026,evaluation,demo_baseline,758.0031079564033,0,0,inf,inf,114,661.9643417707816
TR,0,814,1379554150436975211,evaluation,demo_baseline,758.0031079564033,0,0,inf,inf,112,543.987540424274
TR,0,815,4961289146993548731,evaluation,demo_baseline,758.0031079564033,0,0,inf,inf,107,624.4675467222568
TR,0,816,3398310547899404746,evaluation,demo_baseline,758.0031079564033,0,0,inf,inf,122,656.2697219262423
TR,0,817,375773631259770069,evaluation,demo_baseline,758.0031079564033,0,0,inf,inf,117,630.6030980011161
TR,0,818,6114806628422297551,evaluation,demo_baseline,758.0031079564033,0,0,inf,inf,114,582.5924962391532
TR,0,819,578372701937635587,evaluation,demo_baseline,758.0031079564033,0,0,inf,inf,111,614.8715703222391
TR,0,820,6060526126527238448,evaluation,demo_baseline,758.0031079564033,0,0,inf,inf,100,567.4511632491282
TR,0,821,1575220790143308995,evaluation,demo_baseline,758.0031079564033,0,0,inf,inf,113,537.6487565053114
TR,0,822,6207800103820256849,evaluation,demo_baseline,758.0031079564033,0,0,inf,inf,115,585.8081013268456
TR,0,823,2534750769200470300,evaluation,demo_baseline,758.0031079564033,0,0,inf,inf,129,613.162966737675
TR,0,824,8075983324494404181,evaluation,demo_baseline,758.0031079564033,0,0,inf,inf,106,533.8423489767828
TR,0,825,321516844074173735,evaluation,demo_baseline,758.0031079564033,0,0,inf,inf,130,669.9918876160409
TR,0,826,2327665406290131065,evaluation,demo_baseline,758.0031079564033,0,0,inf,inf,110,666.8402547044044
TR,0,827,6042477647006079193,evaluation,demo_baseline,758.0031079564033,0,0,inf,inf,115,630.5912698815548
TR,0,828,2094651071012979622,evaluation,demo_baseline,758.0031079564033,0,0,inf,inf,102,518.1598866291496
TR,0,829,1436318083474838413,evaluation,demo_baseline,758.0031079564033,0,0,inf,inf,112,595.0577595292575
TR,0,830,5771317766318701655,evaluation,demo_baseline,758.0031079564033,0,0,inf,inf,105,516.4099325375532
TR,0,831,1336687011647945902,evaluation,demo_baseline,758.0031079564033,0,0,inf,inf,108,646.4644861331108
TR,0,832,2793121475090418895,evaluation,demo_baseline,758.0031079564033,0,0,inf,inf,117,665.7974917014727
TR,0,833,8042658261876443367,evaluation,demo_baseline,758.0031079564033,0,0,inf,inf,128,712.0334568602475
TR,0,834,6686877937254725873,evaluation,demo_baseline,758.0031079564033,0,0,inf,inf,104,604.5133176561939
TR,0,835,7065003746153690827,evaluation,demo_baseline,758.0031079564033,0,0,inf,inf,138,698.948586611588
TR,0,836,7176103257422336436,evaluation,demo_baseline,758.0031079564033,0,0,inf,inf,131,712.1019391209412
TR,0,837,4531768074171687851,evaluation,demo_baseline,758.0031079564033,0,0,inf,246.0,130,766.1042672024787
TR,0,838,7641010954582247228,evaluation,demo_baseline,758.0031079564033,0,0,inf,inf,112,538.5577260821852
TR,0,839,2387335239565825358,evaluation,demo_baseline,758.0031079564033,0,0,inf,inf,119,669.8010000427703
TR,0,840,7483649040404103385,evaluation,demo_baseline,758.0031079564033,0,0,inf,inf,101,501.7328115527311
TR,0,841,7746051939212463555,evaluation,demo_baseline,758.0031079564033,0,0,inf,inf,112,636.4291062348613
TR,0,842,268593952582948123,evaluation,demo_baseline,758.0031079564033,0,0,inf,inf,120,656.9652733255444
TR,0,843,7686033614308745523,evaluation,demo_baseline,758.0031079564033,0,0,inf,inf,119,708.3034608752539
TR,0,844,2722732416510094059,evaluation,demo_baseline,758.0031079564033,0,0,inf,inf,124,669.0337513670283
TR,0,845,8170713343068956501,evaluation,demo_baseline,758.0031079564033,0,0,inf,inf,110,541.7523456956766
TR,0,846,1531841035163969646,evaluation,demo_baseline,758.0031079564033,0,0,inf,inf,115,690.1261536457317
TR,0,847,5479274956069016701,evaluation,demo_baseline,758.0031079564033,0,0,inf,inf,104,507.90902088935786
TR,0,848,3755939582470519372,evaluation,demo_baseline,758.0031079564033,0,0,inf,inf,104,474.5717668724774
TR,0,849,335099440444184019,evaluation,demo_baseline,758.0031079564033,0,0,inf,inf,107,534.6601776137724
TR,0,850,4831651727951341514,evaluation,demo_baseline,758.0031079564033,0,0,inf,inf,102,486.3045273065691
TR,0,851,1849025593426114873,evaluation,demo_baseline,758.0031079564033,0,0,inf,inf,110,662.1538598222763
TR,0,852,7145064022810870784,evaluation,demo_baseline,758.0031079564033,0,0,inf,inf,137,691.4784764434203
TR,0,853,3036913468392401530,evaluation,demo_baseline,758.0031079564033,0,0,inf,inf,124,716.0120643118697
TR,0,854,2144007831118118913,evaluation,demo_baseline,758.0031079564033,0,0,inf,inf,118,604.7930409324822
TR,0,855,6460314022148072072,evaluation,demo_baseline,758.0031079564033,0,0,inf,inf,115,714.0628049232099
TR,0,856,8861427404877059023,evaluation,demo_baseline,758.0031079564033,0,0,inf,221.0,137,860.6550497195244
TR,0,857,6082347765913664849,evaluation,demo_baseline,758.0031079564033,0,0,inf,inf,123,698.3974247461762
TR,0,858,8835538252089640546,evaluation,demo_baseline,758.0031079564033,0,0,inf,inf,121,642.547244608646
TR,0,859,2387448647390490926,evaluation,demo_baseline,758.0031079564033,0,0,inf,inf,100,556.5994379730246
TR,0,860,5878942330669759671,evaluation,demo_baseline,758.0031079564033,0,0,inf,inf,105,525.4149573485777
TR,0,861,2830164860866095841,evaluation,demo_baseline,758.0031079564033,0,0,inf,inf,98,517.1334715554015
TR,0,862,2758413383434720622,evaluation,demo_baseline,758.0031079564033,0,0,inf,273.0,121,768.7571187656788
TR,0,863,7932884622148197735,evaluation,demo_baseline,758.0031079564033,0,0,inf,inf,109,570.8678603066827
TR,0,864,7526882528976835428,evaluation,demo_baseline,758.0031079564033,0,0,inf,inf,118,592.0124745398507
TR,0,865,5651249149578633290,evaluation,demo_baseline,758.0031079564033,0,0,inf,inf,113,583.234745767275
TR,0,866,5236490131976381212,evaluation,demo_baseline,758.0031079564033,0,0,inf,inf,127,644.7227385714915
TR,0,867,6227104775381513504,evaluation,demo_baseline,758.0031079564033,0,0,inf,inf,127,725.7328493213145
TR,0,868,6674007509854657719,evaluation,demo_baseline,758.0031079564033,0,0,inf,inf,115,653.1503530279457
TR,0,869,1620498270435020364,evaluation,demo_baseline,758.0031079564033,0,0,inf,inf,104,541.1569705173141
TR,0,870,3922615174106881567,evaluation,demo_baseline,758.0031079564033,0,0,inf,inf,107,592.6315319976942
TR,0,871,2555463034780090353,evaluation,demo_baseline,758.0031079564033,0,0,inf,193.0,140,819.2813796636746
TR,0,872,3825170457048344261,evaluation,demo_baseline,758.0031079564033,0,0,inf,inf,107,606.4909479437846
TR,0,873,4574256131437394499,evaluation,demo_baseline,758.0031079564033,0,0,inf,inf,122,698.5922612108332
TR,0,874,4116264458772372425,evaluation,demo_baseline,758.0031079564033,0,0,inf,inf,108,558.3557200948912
TR,0,875,9062887639335493430,evaluation,demo_baseline,758.0031079564033,0,0,inf,inf,112,613.3678069263353
TR,0,876,9185531262614715352,evaluation,demo_baseline,758.0031079564033,0,0,inf,inf,109,545.6925163204917
TR,0,877,5917474056027006031,evaluation,demo_baseline,758.0031079564033,0,0,inf,inf,113,721.5031116038535
TR,0,878,1097075771410191601,evaluation,demo_baseline,758.0031079564033,0,0,inf,inf,101,480.54170642168936
TR,0,879,2044296395205536655,evaluation,demo_baseline,758.0031079564033,0,0,inf,inf,115,612.38331909507
TR,0,880,6114283741462859516,evaluation,demo_baseline,758.0031079564033,0,0,inf,inf,126,707.2560631337459
TR,0,881,3393242869465151977,evaluation,demo_baseline,758.0031079564033,0,0,inf,inf,124,674.46707657867
TR,0,882,5437259389763069691,evaluation,demo_baseline,758.0031079564033,0,0,inf,172.0,132,764.4811565248633
TR,0,883,9177561575102712230,evaluation,demo_baseline,758.0031079564033,0,0,inf,inf,119,690.7275891253618
TR,0,884,1653359932965376563,evaluation,demo_baseline,758.0031079564033,0,0,inf,inf,116,596.2703652606734
TR,0,885,1826004506371682887,evaluation,demo_baseline,758.0031079564033,0,0,inf,inf,108,526.7526217557997
TR,0,886,8553600494232544325,evaluation,demo_baseline,758.0031079564033,0,0,inf,inf,125,594.9125531307234
TR,0,887,3114667693056851658,evaluation,demo_baseline,758.0031079564033,0,0,inf,inf,129,634.8942544471998
TR,0,888,1825554192325238472,evaluation,demo_baseline,758.0031079564033,0,0,inf,inf,103,570.1888467002694
TR,0,889,4846054591311082747,evaluation,demo_baseline,758.0031079564033,0,0,inf,inf,127,672.817879258436
TR,0,890,6658566304735934970,evaluation,demo_baseline,758.0031079564033,0,0,inf,inf,123,681.2285867050339
TR,0,891,1519012270475851630,evaluation,demo_baseline,758.0031079564033,0,0,inf,inf,119,660.9635999604807
TR,0,892,7807393225460839906,evaluation,demo_baseline,758.0031079564033,0,0,inf,inf,126,674.9446213538178
TR,0,893,1122401862323472218,evaluation,demo_baseline,758.0031079564033,0,0,inf,inf,111,651.845960218151
TR,0,894,3920559572639758571,evaluation,demo_baseline,758.0031079564033,0,0,inf,inf,117,713.1390629180947
TR,0,895,4242342574030484679,evaluation,demo_baseline,758.0031079564033,0,0,inf,inf,128,661.5432985841844
TR,0,896,4390398860623276256,evaluation,demo_baseline,758.0031079564033,0,0,inf,inf,111,551.9514213586491
TR,0,897,1950006348459947994,evaluation,demo_baseline,758.0031079564033,0,0,inf,inf,98,532.7536543119747
TR,0,898,3638367160092179235,evaluation,demo_baseline,758.0031079564033,0,0,inf,inf,118,606.5820578281134
TR,0,899,98285692500065084,evaluation,demo_baseline,758.0031079564033,0,0,inf,inf,100,480.28611647044835
TR,0,900,2748333128046526190,evaluation,demo_baseline,758.0031079564033,0,0,inf,inf,118,716.440769699757
TR,0,901,2510518307384866002,evaluation,demo_baseline,758.0031079564033,0,0,inf,inf,130,756.7461604828164
TR,0,902,3455533224391835809,evaluation,demo_baseline,758.0031079564033,0,0,inf,inf,121,602.5402931263025
TR,0,903,3592924468065818467,evaluation,demo_baseline,758.0031079564033,0,0,inf,inf,96,517.6745145010317
TR,0,904,7890914121303621991,evaluation,demo_baseline,758.0031079564033,0,0,inf,198.0,122,784.2808882612758
TR,0,905,2686274149536198769,evaluation,demo_baseline,758.0031079564033,0,0,inf,inf,112,625.839511796643
TR,0,906,6787637628746678964,evaluation,demo_baseline,758.0031079564033,0,0,inf,inf,97,575.767193530174
TR,0,907,2206223368352038419,evaluation,demo_baseline,758.0031079564033,0,0,inf,inf,104,500.1877242997946
TR,0,908,5735081464123927192,evaluation,demo_baseline,758.0031079564033,0,0,inf,inf,117,489.2923629637722
TR,0,909,6594434257405199389,evaluation,demo_baseline,758.0031079564033,0,0,inf,inf,129,736.4708979407685
TR,0,910,4017107224882781449,evaluation,demo_baseline,758.0031079564033,0,0,inf,inf,123,645.0455229290478
TR,0,911,5525000406049770523,evaluation,demo_baseline,758.0031079564033,0,0,inf,inf,116,657.4586217947701
TR,0,912,6394257270251150800,evaluation,demo_baseline,758.0031079564033,0,0,inf,231.0,129,758.0228246326241
TR,0,913,7872069436382017808,evaluation,demo_baseline,758.0031079564033,0,0,inf,inf,132,620.1093467163125
TR,0,914,2287492740206447130,evaluation,demo_baseline,758.0031079564033,0,0,inf,inf,111,613.652440998241
TR,0,915,4615106223119448688,evaluation,demo_baseline,758.0031079564033,0,0,inf,inf,107,619.5703980347105
TR,0,916,7999351355642925225,evaluation,demo_baseline,758.0031079564033,0,0,inf,inf,117,562.0381916986498
TR,0,917,4473705892819720308,evaluation,demo_baseline,758.0031079564033,0,0,inf,inf,118,606.4276404939028
TR,0,918,3055341692844642133,evaluation,demo_baseline,758.0031079564033,0,0,inf,inf,104,508.2847493779115
TR,0,919,6388223872046308030,evaluation,demo_baseline,758.0031079564033,0,0,inf,inf,89,508.8657063721906
TR,0,920,5665111837224487341,evaluation,demo_baseline,758.0031079564033,0,0,inf,inf,107,668.4448458749487
TR,0,921,1251158738595136807,evaluation,demo_baseline,758.0031079564033,0,0,inf,inf,109,590.8555610278942
TR,0,922,4697216540363169182,evaluation,demo_baseline,758.0031079564033,0,0,inf,inf,112,598.4766942688049
TR,0,923,7610256322468380727,evaluation,demo_baseline,758.0031079564033,0,0,inf,inf,102,561.7166619404468
TR,0,924,4249243835306048334,evaluation,demo_baseline,758.0031079564033,0,0,inf,inf,120,693.0407599074997
TR,0,925,873188501796104926,evaluation,demo_baseline,758.0031079564033,0,0,inf,inf,106,610.8124329386571
TR,0,926,6772656530970389072,evaluation,demo_baseline,758.0031079564033,0,0,inf,inf,122,663.5139777255392
TR,0,927,8804357862543024162,evaluation,demo_baseline,758.0031079564033,0,0,inf,inf,113,638.4055185895584
TR,0,928,4129530560616221461,evaluation,demo_baseline,758.0031079564033,0,0,inf,inf,117,643.5580018823341
TR,0,929,6571113414135217541,evaluation,demo_baseline,758.0031079564033,0,0,inf,inf,143,635.6801590614767
TR,0,930,5050531538708976765,evaluation,demo_baseline,758.0031079564033,0,0,inf,inf,109,567.6042286622665
TR,0,931,2842559231127800509,evaluation,demo_baseline,758.0031079564033,0,0,inf,inf,124,637.4925318002533
TR,0,932,7992858432907918719,evaluation,demo_baseline,758.0031079564033,0,0,inf,inf,96,432.9274234371931
TR,0,933,7293994699849646640,evaluation,demo_baseline,758.0031079564033,0,0,inf,inf,111,601.1491636011687
TR,0,934,5723557750187935606,evaluation,demo_baseline,758.0031079564033,0,0,inf,inf,121,622.5778610280644
TR,0,935,8107801424296651548,evaluation,demo_baseline,758.0031079564033,0,0,inf,inf,112,604.8598132351042
TR,0,936,1801400040715096121,evaluation,demo_baseline,758.0031079564033,0,0,inf,inf,111,540.159279380254
TR,0,937,8383598148049991154,evaluation,demo_baseline,758.0031079564033,0,0,inf,inf,121,596.1637501631585
TR,0,938,6877711578243341525,evaluation,demo_baseline,758.0031079564033,0,0,inf,inf,106,491.1193567415351
TR,0,939,6368279674487275930,evaluation,demo_baseline,758.0031079564033,0,0,inf,inf,116,649.4657297190424
TR,0,940,5554657199347762219,evaluation,demo_baseline,758.0031079564033,0,0,inf,inf,108,627.9538377787538
TR,0,941,2983733445090150223,evaluation,demo_baseline,758.0031079564033,0,0,inf,inf,111,612.3383642049197
TR,0,942,5752096996667692101,evaluation,demo_baseline,758.0031079564033,0,0,inf,inf,112,529.5842313806597
TR,0,943,3937808535105022231,evaluation,demo_baseline,758.0031079564033,0,0,inf,83.0,123,833.2555430280942
TR,0,944,9206771011145685894,evaluation,demo_baseline,758.0031079564033,0,0,inf,inf,112,615.4637404620617
TR,0,945,9086646494679360246,evaluation,demo_baseline,758.0031079564033,0,0,inf,inf,105,600.3167624966133
TR,0,946,3107715834224855660,evaluation,demo_baseline,758.0031079564033,0,0,inf,inf,117,560.3541093982255
TR,0,947,5136466910148280821,evaluation,demo_baseline,758.0031079564033,0,0,inf,inf,115,597.6698563106446
TR,0,948,5258288240673473795,evaluation,demo_baseline,758.0031079564033,0,0,inf,inf,111,616.1553249006131
TR,0,949,2459924870251508570,evaluation,demo_baseline,758.0031079564033,0,0,inf,inf,120,661.2608300280027
TR,0,950,6938636345377317037,evaluation,demo_baseline,758.0031079564033,0,0,inf,inf,110,572.7924680976167
TR,0,951,5012475122910609109,evaluation,demo_baseline,758.0031079564033,0,0,inf,inf,107,714.0760954332986
TR,0,952,2722265930137553793,evaluation,demo_baseline,758.0031079564033,0,0,inf,inf,135,661.925751979397
TR,0,953,7489255969435034229,evaluation,demo_baseline,758.0031079564033,0,0,inf,inf,126,724.9866794953541
TR,0,954,4785293921042354079,evaluation,demo_baseline,758.0031079564033,0,0,inf,inf,114,596.235066168154
TR,0,955,4406090800070796402,evaluation,demo_baseline,758.0031079564033,0,0,inf,inf,121,625.9286800955721
TR,0,956,2339040493489817012,evaluation,demo_baseline,758.0031079564033,0,0,inf,inf,103,553.958160400825
TR,0,957,1340306970753500542,evaluation,demo_baseline,758.0031079564033,0,0,inf,inf,125,611.098930599154
TR,0,958,3798231692372590249,evaluation,demo_baseline,758.0031079564033,0,0,inf,inf,118,651.4460984100382
TR,0,959,5046458089591068896,evaluation,demo_baseline,758.0031079564033,0,0,inf,inf,123,617.9578011985267
TR,0,960,433966393110677499,evaluation,demo_baseline,758.0031079564033,0,0,inf,269.0,110,781.7551985496802
TR,0,961,1661556802554831662,evaluation,demo_baseline,758.0031079564033,0,0,inf,inf,120,707.4031597797679
TR,0,962,4537201799982029908,evaluation,demo_baseline,758.0031079564033,0,0,inf,inf,129,693.1530980214374
TR,0,963,1990713249795651085,evaluation,demo_baseline,758.0031079564033,0,0,inf,inf,121,649.8596871918888
TR,0,964,7161617960182501955,evaluation,demo_baseline,758.0031079564033,0,0,inf,inf,127,682.596381648135
TR,0,965,4430165767544412415,evaluation,demo_baseline,758.0031079564033,0,0,inf,inf,112,583.6534797124979
TR,0,966,3417362812275039853,evaluation,demo_baseline,758.0031079564033,0,0,inf,inf,128,702.5340999677592
TR,0,967,8759781257421242568,evaluation,demo_baseline,758.0031079564033,0,0,inf,274.0,137,769.6380110966664
TR,0,968,3637265030788082685,evaluation,demo_baseline,758.0031079564033,0,0,inf,inf,109,512.3248922971666
TR,0,969,3549762004103663915,evaluation,demo_baseline,758.0031079564033,0,0,inf,inf,115,594.0604354335406
TR,0,970,4003294054606933116,evaluation,demo_baseline,758.0031079564033,0,0,inf,293.0,136,844.3123813282355
TR,0,971,1607836239767879916,evaluation,demo_baseline,758.0031079564033,0,0,inf,inf,121,701.4995022527584
TR,0,972,1217045947592049848,evaluation,demo_baseline,758.0031079564033,0,0,inf,inf,110,504.3730696013511
TR,0,973,8010944276387572506,evaluation,demo_baseline,758.0031079564033,0,0,inf,inf,125,596.9311604442566
TR,0,974,1077601343812249621,evaluation,demo_baseline,758.0031079564033,0,0,inf,inf,107,628.4303545195528
TR,0,975,5671455838368768701,evaluation,demo_baseline,758.0031079564033,0,0,inf,inf,111,544.5337860609457
TR,0,976,7528029812152234494,evaluation,demo_baseline,758.0031079564033,0,0,inf,inf,112,562.1426187293029
TR,0,977,8052929085747167010,evaluation,demo_baseline,758.0031079564033,0,0,inf,inf,116,743.8231221509913
TR,0,978,8003438695469033964,evaluation,demo_baseline,758.0031079564033,0,0,inf,216.0,112,771.8123677043224
TR,0,979,1143516891813263368,evaluation,demo_baseline,758.0031079564033,0,0,inf,inf,119,595.9186710711067
TR,0,980,4855668300771424552,evaluation,demo_baseline,758.0031079564033,0,0,inf,inf,119,583.7725184443975
TR,0,981,6433632795905634267,evaluation,demo_baseline,758.0031079564033,0,0,inf,inf,114,562.6129009098148
TR,0,982,4455766872532177109,evaluation,demo_baseline,758.0031079564033,0,0,inf,inf,80,428.5446037565698
TR,0,983,3645357974426168222,evaluation,demo_baseline,758.0031079564033,0,0,inf,inf,111,611.1931299037262
TR,0,984,2397744561618486249,evaluation,demo_baseline,758.0031079564033,0,0,inf,inf,118,638.5288353284467
TR,0,985,6267877749556718787,evaluation,demo_baseline,758.0031079564033,0,0,inf,inf,119,579.1419641447901
TR,0,986,1911005867662766649,evaluation,demo_baseline,758.0031079564033,0,0,inf,inf,105,577.6895455404064
TR,0,987,6695394146462253453,evaluation,demo_baseline,758.0031079564033,0,0,inf,inf,116,521.6777539177232
TR,0,988,647341889365653272,evaluation,demo_baseline,758.0031079564033,0,0,inf,inf,111,578.3945874837445
TR,0,989,1734197416768821290,evaluation,demo_baseline,758.0031079564033,0,0,inf,inf,123,553.0301000297382
TR,0,990,9143724692862594398,evaluation,demo_baseline,758.0031079564033,0,0,inf,inf,110,601.4390557242376
TR,0,991,726047482633570379,evaluation,demo_baseline,758.0031079564033,0,0,inf,inf,116,720.0931403698629
TR,0,992,1507084986490251286,evaluation,demo_baseline,758.0031079564033,0,0,inf,inf,119,620.6646571138465
TR,0,993,6310390254041650968,evaluation,demo_baseline,758.0031079564033,0,0,inf,inf,126,655.5261915715079
TR,0,994,1527216937877055171,evaluation,demo_baseline,758.0031079564033,0,0,inf,inf,124,660.9857682365916
TR,0,995,1356459185036212810,evaluation,demo_baseline,758.0031079564033,0,0,inf,inf,111,566.6146630962872
TR,0,996,2737275557639799545,evaluation,demo_baseline,758.0031079564033,0,0,inf,inf,117,639.5380782166914
TR,0,997,7901436204874238125,evaluation,demo_baseline,758.0031079564033,0,0,inf,inf,108,583.9886844682353
TR,0,998,8400131494921871813,evaluation,demo_baseline,758.0031079564033,0,0,inf,inf,127,629.9954807568815
TR,0,999,5313608129449300338,evaluation,demo_baseline,758.0031079564033,0,0,inf,inf,126,729.8794096503253
TR,1,0,1066473985622110983,evaluation,demo_baseline,758.0031079564033,1,0,92.0,92.0,96,758.6311938985967
TR,1,1,5813573584473306809,evaluation,demo_baseline,758.0031079564033,1,0,117.0,117.0,111,763.6213696482333
TR,1,2,4873566318085378332,evaluation,demo_baseline,758.0031079564033,1,0,103.0,103.0,104,766.5141987244758
TR,1,3,2503776343492840378,evaluation,demo_baseline,758.0031079564033,1,0,79.0,79.0,78,776.2075475388349
TR,1,4,2492660115675105983,evaluation,demo_baseline,758.0031079564033,1,0,106.0,106.0,93,767.0421541278222
TR,1,5,2169329854080085244,evaluation,demo_baseline,758.0031079564033,1,0,110.0,110.0,95,759.6171617611006
TR,1,6,7965871624388033283,evaluation,demo_baseline,758.0031079564033,1,0,101.0,101.0,98,765.3703802758563
TR,1,7,7740167798446487471,evaluation,demo_baseline,758.0031079564033,1,0,90.0,90.0,91,787.3467556641313
TR,1,8,5402486978726295287,evaluation,demo_baseline,758.0031079564033,1,0,103.0,103.0,89,791.4051979547322
TR,1,9,8983007115384331360,evaluation,demo_baseline,758.0031079564033,1,0,96.0,96.0,112,811.3214325781089
TR,1,10,809884800007294403,evaluation,demo_baseline,758.0031079564033,1,0,74.0,74.0,89,765.0835298063885
TR,1,11,3138388132273903792,evaluation,demo_baseline,758.0031079564033,1,0,105.0,105.0,89,760.5392839792141
TR,1,12,2690359050389789476,evaluation,demo_baseline,758.0031079564033,1,0,92.0,92.0,103,763.0880858939154
TR,1,13,2828061859741468967,evaluation,demo_baseline,758.0031079564033,1,0,99.0,99.0,107,765.1353918350358
TR,1,14,2010767374385551091,evaluation,demo_baseline,758.0031079564033,1,0,95.0,95.0,88,764.1664155142499
TR,1,15,324793871585853126,evaluation,demo_baseline,758.0031079564033,1,0,98.0,98.0,104,762.3887657684578
TR,1,16,4716177871963639941,evaluation,demo_baseline,758.0031079564033,1,0,82.0,82.0,94,765.1436420054526
TR,1,17,7880340552148900957,evaluation,demo_baseline,758.0031079564033,1,0,93.0,93.0,100,762.6046320973658
TR,1,18,2045689336544416763,evaluation,demo_baseline,758.0031079564033,1,0,85.0,85.0,83,804.9349766782577
TR,1,19,4802383266142349553,evaluation,demo_baseline,758.0031079564033,1,0,105.0,105.0,108,798.9916575728321
TR,1,20,2469810689532040213,evaluation,demo_baseline,758.0031079564033,1,0,96.0,96.0,103,760.4107635420826
TR,1,21,6266452857917789648,evaluation,demo_baseline,758.0031079564033,1,0,97.0,97.0,89,760.9807637500668
TR,1,22,45360666105159481,evaluation,demo_baseline,758.0031079564033,1,0,80.0,80.0,78,758.9496785096662
TR,1,23,2404522252398285420,evaluation,demo_baseline,758.0031079564033,1,0,75.0,75.0,82,764.0725461634588
TR,1,24,6744665474862063282,evaluation,demo_baseline,758.0031079564033,1,0,106.0,106.0,94,759.9311583077174
TR,1,25,4799879920925864987,evaluation,demo_baseline,758.0031079564033,1,0,105.0,105.0,95,762.3624280650095
TR,1,26,7401914829522072675,evaluation,demo_baseline,758.0031079564033,1,0,95.0,95.0,89,784.5684344966536
TR,1,27,2587050974433999043,evaluation,demo_baseline,758.0031079564033,1,0,120.0,120.0,117,758.9999542247424
TR,1,28,2094355101024099549,evaluation,demo_baseline,758.0031079564033,1,0,100.0,100.0,99,765.4891627949042
TR,1,29,666161468935903042,evaluation,demo_baseline,758.0031079564033,1,0,85.0,85.0,81,760.6195700413738
TR,1,30,8896912609821221507,evaluation,demo_baseline,758.0031079564033,1,0,103.0,103.0,105,788.2923953759531
TR,1,31,2874368564211510982,evaluation,demo_baseline,758.0031079564033,1,0,113.0,113.0,112,759.4801803262359
TR,1,32,7361645728683188092,evaluation,demo_baseline,758.0031079564033,1,0,95.0,95.0,94,771.1995136736921
TR,1,33,6813125272189121781,evaluation,demo_baseline,758.0031079564033,1,0,90.0,90.0,94,760.1493796221173
TR,1,34,6708252820596296599,evaluation,demo_baseline,758.0031079564033,1,0,72.0,72.0,76,758.7726641551709
TR,1,35,2849626272700294131,evaluation,demo_baseline,758.0031079564033,1,0,92.0,92.0,101,762.6707843872699
TR,1,36,3507767338886145995,evaluation,demo_baseline,758.0031079564033,1,0,105.0,105.0,102,760.6691182102766
TR,1,37,433310358712388974,evaluation,demo_baseline,758.0031079564033,1,0,97.0,97.0,107,773.649818420017
TR,1,38,5092811226926717471,evaluation,demo_baseline,758.0031079564033,1,0,97.0,97.0,109,781.1889432001949
TR,1,39,114126162878690815,evaluation,demo_baseline,758.0031079564033,1,0,137.0,137.0,113,763.6623262638475
TR,1,40,2283991440704041753,evaluation,demo_baseline,758.0031079564033,1,0,82.0,82.0,88,760.6408728677222
TR,1,41,4132386842926793205,evaluation,demo_baseline,758.0031079564033,1,0,85.0,85.0,89,761.8972960006245
TR,1,42,3562084834731771229,evaluation,demo_baseline,758.0031079564033,1,0,93.0,93.0,93,760.1617514344164
TR,1,43,2320352282109449722,evaluation,demo_baseline,758.0031079564033,1,0,95.0,95.0,90,762.2570539084765
TR,1,44,3325926095492097898,evaluation,demo_baseline,758.0031079564033,1,0,77.0,77.0,85,763.5840356720988
TR,1,45,4431155095294442631,evaluation,demo_baseline,758.0031079564033,1,0,96.0,96.0,94,766.0820959654926
TR,1,46,3047511193169526279,evaluation,demo_baseline,758.0031079564033,1,0,99.0,99.0,98,760.4086641798034
TR,1,47,2385137554012117547,evaluation,demo_baseline,758.0031079564033,1,0,88.0,88.0,95,760.1649574875655
TR,1,48,2750809423474429335,evaluation,demo_baseline,758.0031079564033,1,0,101.0,101.0,84,758.0383911934088
TR,1,49,3544727229348702775,evaluation,demo_baseline,758.0031079564033,1,0,101.0,101.0,98,759.2045653311775
TR,1,50,547825109226389202,evaluation,demo_baseline,758.0031079564033,1,0,109.0,109.0,92,782.9710248361014
TR,1,51,7393608014363492700,evaluation,demo_baseline,758.0031079564033,1,0,98.0,98.0,99,773.4600684194139
TR,1,52,5789427914542750794,evaluation,demo_baseline,758.0031079564033,1,0,92.0,92.0,95,772.3038662497986
TR,1,53,3023316795004264921,evaluation,demo_baseline,758.0031079564033,1,0,81.0,81.0,75,765.9095041934087
TR,1,54,6011922496766501375,evaluation,demo_baseline,758.0031079564033,1,0,107.0,107.0,100,760.0087374007857
TR,1,55,8233662744818231871,evaluation,demo_baseline,758.0031079564033,1,0,80.0,80.0,82,764.148937652828
TR,1,56,6973991114250085007,evaluation,demo_baseline,758.0031079564033,1,0,92.0,92.0,82,766.7441741520705
TR,1,57,9042012027816222431,evaluation,demo_baseline,758.0031079564033,1,0,110.0,110.0,91,761.2686198284864
TR,1,58,2747545918501730047,evaluation,demo_baseline,758.0031079564033,1,0,91.0,91.0,108,759.8587501522522
TR,1,59,4057618537028168293,evaluation,demo_baseline,758.0031079564033,1,0,124.0,124.0,109,758.1975090343534
TR,1,60,8142332930879622631,evaluation,demo_baseline,758.0031079564033,1,0,100.0,100.0,96,759.0186094973199
TR,1,61,2390828036056849177,evaluation,demo_baseline,758.0031079564033,1,0,100.0,100.0,108,764.5025274009311
TR,1,62,4065213245019951025,evaluation,demo_baseline,758.0031079564033,1,0,89.0,89.0,95,766.4125962476926
TR,1,63,6877936965831675331,evaluation,demo_baseline,758.0031079564033,1,0,80.0,80.0,85,764.3271690024171
TR,1,64,2431156698960134699,evaluation,demo_baseline,758.0031079564033,1,0,87.0,87.0,76,760.0012992837687
TR,1,65,80904172126344348,evaluation,demo_baseline,758.0031079564033,1,0,96.0,96.0,97,815.7677886210976
TR,1,66,2044827533775458444,evaluation,demo_baseline,758.0031079564033,1,0,83.0,83.0,85,775.500649632639
TR,1,67,5525706012344779217,evaluation,demo_baseline,758.0031079564033,1,0,91.0,91.0,83,759.0506470995628
TR,1,68,6159488455871925804,evaluation,demo_baseline,758.0031079564033,1,0,90.0,90.0,88,758.3325473734064
TR,1,69,8713851109104884060,evaluation,demo_baseline,758.0031079564033,1,0,87.0,87.0,87,763.192009769647
TR,1,70,2684492164917064656,evaluation,demo_baseline,758.0031079564033,1,0,98.0,98.0,98,769.8807358861533
TR,1,71,3132997229871557453,evaluation,demo_baseline,758.0031079564033,1,0,82.0,82.0,98,759.4013771843482
TR,1,72,5150641743122120949,evaluation,demo_baseline,758.0031079564033,1,0,108.0,108.0,111,794.3730253946342
TR,1,73,6712710510172151484,evaluation,demo_baseline,758.0031079564033,1,0,86.0,86.0,96,758.9167972436999
TR,1,74,8058088695980177764,evaluation,demo_baseline,758.0031079564033,1,0,88.0,88.0,102,772.60757481552
TR,1,75,1356971382525106768,evaluation,demo_baseline,758.0031079564033,1,0,72.0,72.0,76,762.2886888600508
TR,1,76,474578323358060582,evaluation,demo_baseline,758.0031079564033,1,0,85.0,85.0,82,758.4719465737971
TR,1,77,2656823605324770899,evaluation,demo_baseline,758.0031079564033,1,0,97.0,97.0,103,768.0078031800538
TR,1,78,8435537523757329758,evaluation,demo_baseline,758.0031079564033,1,0,100.0,100.0,110,759.6642419437225
TR,1,79,2876065676628185878,evaluation,demo_baseline,758.0031079564033,1,0,136.0,136.0,112,788.3311991754274
TR,1,80,2307085635041678367,evaluation,demo_baseline,758.0031079564033,1,0,101.0,101.0,99,760.8375950729574
TR,1,81,5215179678395722704,evaluation,demo_baseline,758.0031079564033,1,0,103.0,103.0,97,758.8337148550485
TR,1,82,3299729435693336043,evaluation,demo_baseline,758.0031079564033,1,0,114.0,114.0,117,762.8839890771097
TR,1,83,5803661582223229385,evaluation,demo_baseline,758.0031079564033,1,0,89.0,89.0,97,763.3132994441082
TR,1,84,1415058373704334356,evaluation,demo_baseline,758.0031079564033,1,0,89.0,89.0,86,758.591166439332
TR,1,85,1253804263708712721,evaluation,demo_baseline,758.0031079564033,1,0,92.0,92.0,78,758.3410075226617
TR,1,86,2934617728807081384,evaluation,demo_baseline,758.0031079564033,1,0,97.0,97.0,98,759.7897229220387
TR,1,87,2274692182649412485,evaluation,demo_baseline,758.0031079564033,1,0,93.0,93.0,92,765.5124051091136
TR,1,88,4455124698084074247,evaluation,demo_baseline,758.0031079564033,1,0,74.0,74.0,91,809.2046376906835
TR,1,89,4544715828604679530,evaluation,demo_baseline,758.0031079564033,1,0,93.0,93.0,93,762.5602100551066
TR,1,90,8025564000572533061,evaluation,demo_baseline,758.0031079564033,1,0,104.0,104.0,109,758.9476287986362
TR,1,91,2820292508103492612,evaluation,demo_baseline,758.0031079564033,1,0,109.0,109.0,95,764.0160441352187
TR,1,92,4446047966311126643,evaluation,demo_baseline,758.0031079564033,1,0,91.0,91.0,100,762.2356959674239
TR,1,93,704240363654473209,evaluation,demo_baseline,758.0031079564033,1,0,90.0,90.0,100,761.0829385236375
TR,1,94,3651454397430011277,evaluation,demo_baseline,758.0031079564033,1,0,107.0,107.0,106,765.7697498999271
TR,1,95,3499534603116822888,evaluation,demo_baseline,758.0031079564033,1,0,76.0,76.0,65,758.4504042253005
TR,1,96,1356279781828159184,evaluation,demo_baseline,758.0031079564033,1,0,130.0,130.0,121,767.7718381464713
TR,1,97,5078647927135187826,evaluation,demo_baseline,758.0031079564033,1,0,105.0,105.0,98,761.8818209037778
TR,1,98,650630242798450879,evaluation,demo_baseline,758.0031079564033,1,0,129.0,129.0,117,758.3813796849105
TR,1,99,5152319058461686433,evaluation,demo_baseline,758.0031079564033,1,0,97.0,97.0,98,782.2509461653867
TR,1,100,4824444389601737843,evaluation,demo_baseline,758.0031079564033,1,0,84.0,84.0,88,780.2345851204298
TR,1,101,7096557374992542032,evaluation,demo_baseline,758.0031079564033,1,0,95.0,95.0,91,760.8330157892881
TR,1,102,8204629489962424747,evaluation,demo_baseline,758.0031079564033,1,0,99.0,99.0,109,758.6881766271484
TR,1,103,7279589177307413172,evaluation,demo_baseline,758.0031079564033,1,0,103.0,103.0,106,762.6618826137827
TR,1,104,975547731260377275,evaluation,demo_baseline,758.0031079564033,1,0,102.0,102.0,106,758.3364767021051
TR,1,105,4005294770089447770,evaluation,demo_baseline,758.0031079564033,1,0,101.0,101.0,99,795.7413416747714
TR,1,106,8069007449969258965,evaluation,demo_baseline,758.0031079564033,1,0,110.0,110.0,113,767.5032583878719
TR,1,107,3727920659006731256,evaluation,demo_baseline,758.0031079564033,1,0,71.0,71.0,67,763.0197431976502
TR,1,108,1846263977187642479,evaluation,demo_baseline,758.0031079564033,1,0,97.0,97.0,98,760.825961489612
TR,1,109,6090021731567269183,evaluation,demo_baseline,758.0031079564033,1,0,103.0,103.0,101,765.2707248188651
TR,1,110,7161964926266562728,evaluation,demo_baseline,758.0031079564033,1,0,95.0,95.0,103,766.4190104418043
TR,1,111,5222397607916180249,evaluation,demo_baseline,758.0031079564033,1,0,86.0,86.0,86,763.4007936812786
TR,1,112,9146217936095664772,evaluation,demo_baseline,758.0031079564033,1,0,97.0,97.0,87,758.8603236183174
TR,1,113,4335986187962637267,evaluation,demo_baseline,758.0031079564033,1,0,83.0,83.0,94,769.5647114926842
TR,1,114,6731642964096471129,evaluation,demo_baseline,758.0031079564033,1,0,102.0,102.0,90,759.9001610748667
TR,1,115,1916991122314463580,evaluation,demo_baseline,758.0031079564033,1,0,87.0,87.0,97,764.7856616993574
TR,1,116,2223980501955333341,evaluation,demo_baseline,758.0031079564033,1,0,97.0,97.0,95,759.800600090504
TR,1,117,5491938503224254298,evaluation,demo_baseline,758.0031079564033,1,0,92.0,92.0,85,760.7135453307513
TR,1,118,3936903588826686181,evaluation,demo_baseline,758.0031079564033,1,0,108.0,108.0,110,760.5307891668701
TR,1,119,8965657328604914077,evaluation,demo_baseline,758.0031079564033,1,0,86.0,86.0,104,805.7542939689924
TR,1,120,401788261619906604,evaluation,demo_baseline,758.0031079564033,1,0,109.0,109.0,100,759.0619299078278
TR,1,121,5597404763381411292,evaluation,demo_baseline,758.0031079564033,1,0,83.0,83.0,89,776.6768417400467
TR,1,122,1345291602650128072,evaluation,demo_baseline,758.0031079564033,1,0,93.0,93.0,78,760.2102068709996
TR,1,123,5246524224730234674,evaluation,demo_baseline,758.0031079564033,1,0,107.0,107.0,98,758.920914572212
TR,1,124,8460648655212747037,evaluation,demo_baseline,758.0031079564033,1,0,90.0,90.0,93,766.9945749197726
TR,1,125,2455625049116667363,evaluation,demo_baseline,758.0031079564033,1,0,107.0,107.0,105,765.9420870084926
TR,1,126,2613884981258239084,evaluation,demo_baseline,758.0031079564033,1,0,93.0,93.0,109,762.5806498700745
TR,1,127,6457070947158017611,evaluation,demo_baseline,758.0031079564033,1,0,99.0,99.0,115,759.7803978024791
TR,1,128,4950741620122955615,evaluation,demo_baseline,758.0031079564033,1,0,94.0,94.0,88,781.589892768705
TR,1,129,1768993847826762190,evaluation,demo_baseline,758.0031079564033,1,0,115.0,115.0,122,759.7421746036371
TR,1,130,1784653071419045060,evaluation,demo_baseline,758.0031079564033,1,0,87.0,87.0,97,758.6575359265313
TR,1,131,4686094951098558600,evaluation,demo_baseline,758.0031079564033,1,0,94.0,94.0,85,777.2235542022801
TR,1,132,1408781236440028823,evaluation,demo_baseline,758.0031079564033,1,0,86.0,86.0,110,768.5100966047845
TR,1,133,2057647738344531757,evaluation,demo_baseline,758.0031079564033,1,0,110.0,110.0,114,774.619990854641
TR,1,134,3402503506626512659,evaluation,demo_baseline,758.0031079564033,1,0,101.0,101.0,109,761.2730510676396
TR,1,135,1394536730586191603,evaluation,demo_baseline,758.0031079564033,1,0,84.0,84.0,88,797.6275423198932
TR,1,136,9218409281047422977,evaluation,demo_baseline,758.0031079564033,1,0,76.0,76.0,82,762.8884622497834
TR,1,137,2536181505093931769,evaluation,demo_baseline,758.0031079564033,1,0,113.0,113.0,100,800.7921669994421
TR,1,138,1004734376170539198,evaluation,demo_baseline,758.0031079564033,1,0,103.0,103.0,102,771.0202063166906
TR,1,139,1400144977643937795,evaluation,demo_baseline,758.0031079564033,1,0,106.0,106.0,101,760.4783494880157
TR,1,140,7753575177768707654,evaluation,demo_baseline,758.0031079564033,1,0,83.0,83.0,88,764.974916139603
TR,1,141,289423632868661511,evaluation,demo_baseline,758.0031079564033,1,0,81.0,81.0,85,760.0344297953877
TR,1,142,4742679823286847886,evaluation,demo_baseline,758.0031079564033,1,0,68.0,68.0,79,764.1528495910691
TR,1,143,3920614357584170014,evaluation,demo_baseline,758.0031079564033,1,0,75.0,75.0,76,768.980658024653
TR,1,144,7690094831990617939,evaluation,demo_baseline,758.0031079564033,1,0,112.0,112.0,108,794.6731576453628
TR,1,145,507909936004931564,evaluation,demo_baseline,758.0031079564033,1,0,81.0,81.0,90,772.2500748455338
TR,1,146,775987537222953539,evaluation,demo_baseline,758.0031079564033,1,0,127.0,127.0,111,793.1829439494663
TR,1,147,2728343326794790296,evaluation,demo_baseline,758.0031079564033,1,0,77.0,77.0,79,758.24131617854
TR,1,148,4098331237795842084,evaluation,demo_baseline,758.0031079564033,1,0,79.0,79.0,78,779.2746573670189
TR,1,149,7215550730813261013,evaluation,demo_baseline,758.0031079564033,1,0,85.0,85.0,87,792.0848994480411
TR,1,150,8350432048646793312,evaluation,demo_baseline,758.0031079564033,1,0,98.0,98.0,95,772.3529423081216
TR,1,151,3626554147485130219,evaluation,demo_baseline,758.0031079564033,1,0,75.0,75.0,75,759.9165418222676
TR,1,152,3869627907225695041,evaluation,demo_baseline,758.0031079564033,1,0,78.0,78.0,87,758.4993799704059
TR,1,153,3821211325710260623,evaluation,demo_baseline,758.0031079564033,1,0,107.0,107.0,113,775.3697872774492
TR,1,154,2530735928656387729,evaluation,demo_baseline,758.0031079564033,1,0,85.0,85.0,94,763.6950785972582
TR,1,155,3570554013129502722,evaluation,demo_baseline,758.0031079564033,1,0,103.0,103.0,103,763.4262412075358
TR,1,156,8337937110735833097,evaluation,demo_baseline,758.0031079564033,1,0,94.0,94.0,101,765.2843453726548
TR,1,157,1841144903735679348,evaluation,demo_baseline,758.0031079564033,1,0,91.0,91.0,92,770.4515561260729
TR,1,158,2999777119605780664,evaluation,demo_baseline,758.0031079564033,1,0,76.0,76.0,90,764.5046975231111
TR,1,159,9168506959247030611,evaluation,demo_baseline,758.0031079564033,1,0,67.0,67.0,75,770.0997944074489
TR,1,160,7575725899345640251,evaluation,demo_baseline,758.0031079564033,1,0,96.0,96.0,85,787.1060288924332
TR,1,161,8673819319392782581,evaluation,demo_baseline,758.0031079564033,1,0,98.0,98.0,105,800.9950656638046
TR,1,162,4378201516753052619,evaluation,demo_baseline,758.0031079564033,1,0,101.0,101.0,84,758.3255019633259
TR,1,163,3906943104848344554,evaluation,demo_baseline,758.0031079564033,1,0,123.0,123.0,119,764.1676244807478
TR,1,164,700066907967512474,evaluation,demo_baseline,758.0031079564033,1,0,87.0,87.0,106,761.516934198175
TR,1,165,6041459795370663749,evaluation,demo_baseline,758.0031079564033,1,0,97.0,97.0,106,767.3875579392928
TR,1,166,3901184126509836808,evaluation,demo_baseline,758.0031079564033,1,0,80.0,80.0,103,762.1383566917077
TR,1,167,1698275969475018247,evaluation,demo_baseline,758.0031079564033,1,0,106.0,106.0,110,761.1532355248991
TR,1,168,6451115777649818970,evaluation,demo_baseline,758.0031079564033,1,0,102.0,102.0,101,760.7853807774088
TR,1,169,8047546886712322928,evaluation,demo_baseline,758.0031079564033,1,0,89.0,89.0,90,761.7253322763619
TR,1,170,3151164199800095871,evaluation,demo_baseline,758.0031079564033,1,0,85.0,85.0,83,773.394372875949
TR,1,171,518572028093419194,evaluation,demo_baseline,758.0031079564033,1,0,101.0,101.0,103,762.6172070952517
TR,1,172,8775663340262912976,evaluation,demo_baseline,758.0031079564033,1,0,74.0,74.0,84,782.0438305566303
TR,1,173,7419078251716992515,evaluation,demo_baseline,758.0031079564033,1,0,105.0,105.0,95,760.1502015820466
TR,1,174,2349376235598560967,evaluation,demo_baseline,758.0031079564033,1,0,71.0,71.0,80,781.3407880343335
TR,1,175,1846405544372219762,evaluation,demo_baseline,758.0031079564033,1,0,84.0,84.0,88,759.100530975223
TR,1,176,2096753873315352750,evaluation,demo_baseline,758.0031079564033,1,0,91.0,91.0,97,765.7343183066156
TR,1,177,3311866372954936291,evaluation,demo_baseline,758.0031079564033,1,0,107.0,107.0,111,759.0847926310689
TR,1,178,1767996713181487678,evaluation,demo_baseline,758.0031079564033,1,0,79.0,79.0,78,774.9870935857696
TR,1,179,2817715376513525026,evaluation,demo_baseline,758.0031079564033,1,0,98.0,98.0,109,797.3533695485985
TR,1,180,6640523523397553345,evaluation,demo_baseline,758.0031079564033,1,0,96.0,96.0,98,759.4825818992376
TR,1,181,4369265974007552251,evaluation,demo_baseline,758.0031079564033,1,0,101.0,101.0,85,759.1206368306678
TR,1,182,3452381524892779798,evaluation,demo_baseline,758.0031079564033,1,0,85.0,85.0,88,763.2121258913345
TR,1,183,5910746852168130179,evaluation,demo_baseline,758.0031079564033,1,0,96.0,96.0,92,760.1653401852881
TR,1,184,3482423631957145609,evaluation,demo_baseline,758.0031079564033,1,0,106.0,106.0,105,762.6234611849867
TR,1,185,754037437260566039,evaluation,demo_baseline,758.0031079564033,1,0,108.0,108.0,99,825.2013326857164
TR,1,186,6076118466423288991,evaluation,demo_baseline,758.0031079564033,1,0,113.0,113.0,101,765.4923115984309
TR,1,187,7801692052217313381,evaluation,demo_baseline,758.0031079564033,1,0,94.0,94.0,95,772.4072534268753
TR,1,188,2427605935357114978,evaluation,demo_baseline,758.0031079564033,1,0,97.0,97.0,108,759.4240108324858
TR,1,189,7044167542551115773,evaluation,demo_baseline,758.0031079564033,1,0,87.0,87.0,103,770.4235661098276
TR,1,190,2766952635224903403,evaluation,demo_baseline,758.0031079564033,1,0,111.0,111.0,130,795.3861374896773
TR,1,191,2758724504553494654,evaluation,demo_baseline,758.0031079564033,1,0,91.0,91.0,101,782.7601627406573
TR,1,192,5682976130149394684,evaluation,demo_baseline,758.0031079564033,1,0,80.0,80.0,91,764.0598567440477
TR,1,193,9013416530883102112,evaluation,demo_baseline,758.0031079564033,1,0,86.0,86.0,97,766.3201218326415
TR,1,194,5849584437851213891,evaluation,demo_baseline,758.0031079564033,1,0,86.0,86.0,75,763.2056986378095
TR,1,195,5777380022302442372,evaluation,demo_baseline,758.0031079564033,1,0,86.0,86.0,77,777.0175659446581
TR,1,196,6429982761964695718,evaluation,demo_baseline,758.0031079564033,1,0,84.0,84.0,78,810.6713702117956
TR,1,197,9086854707693919036,evaluation,demo_baseline,758.0031079564033,1,0,105.0,105.0,104,782.625551649458
TR,1,198,2220680623067445445,evaluation,demo_baseline,758.0031079564033,1,0,100.0,100.0,94,762.3434391215767
TR,1,199,4984595471664046772,evaluation,demo_baseline,758.0031079564033,1,0,96.0,96.0,87,765.1290642504921
TR,1,200,4779389086058639152,evaluation,demo_baseline,758.0031079564033,1,0,103.0,103.0,89,759.9167774284249
TR,1,201,5544723725135212943,evaluation,demo_baseline,758.0031079564033,1,0,94.0,94.0,89,769.5153154249864
TR,1,202,4676490728641050580,evaluation,demo_baseline,758.0031079564033,1,0,82.0,82.0,93,764.2786130302432
TR,1,203,2553873618480111347,evaluation,demo_baseline,758.0031079564033,1,0,75.0,75.0,77,759.738043883208
TR,1,204,2791137214531554094,evaluation,demo_baseline,758.0031079564033,1,0,82.0,82.0,85,768.2537185808052
TR,1,205,2500708916173349875,evaluation,demo_baseline,758.0031079564033,1,0,81.0,81.0,77,760.2382367672741
TR,1,206,4321654484696136266,evaluation,demo_baseline,758.0031079564033,1,0,88.0,88.0,77,768.1290617854685
TR,1,207,1992168616724569018,evaluation,demo_baseline,758.0031079564033,1,0,91.0,91.0,99,765.6162006066606
TR,1,208,5514795636432326829,evaluation,demo_baseline,758.0031079564033,1,0,111.0,111.0,108,761.9552176605795
TR,1,209,3346685585744329521,evaluation,demo_baseline,758.0031079564033,1,0,85.0,85.0,95,766.2986869572486
TR,1,210,5850970647020560038,evaluation,demo_baseline,758.0031079564033,1,0,105.0,105.0,112,764.5085739829963
TR,1,211,5092286021131730627,evaluation,demo_baseline,758.0031079564033,1,0,90.0,90.0,102,761.8815933973799
TR,1,212,3293629081254697375,evaluation,demo_baseline,758.0031079564033,1,0,75.0,75.0,78,767.2294244725647
TR,1,213,4102041440676543696,evaluation,demo_baseline,758.0031079564033,1,0,78.0,78.0,92,780.7695204145654
TR,1,214,8013594923449118746,evaluation,demo_baseline,758.0031079564033,1,0,77.0,77.0,93,764.4836216691677
TR,1,215,5126035990837853206,evaluation,demo_baseline,758.0031079564033,1,0,98.0,98.0,108,769.8617203296556
TR,1,216,5349426501010318218,evaluation,demo_baseline,758.0031079564033,1,0,105.0,105.0,111,792.9409885137627
TR,1,217,9188698951270604658,evaluation,demo_baseline,758.0031079564033,1,0,94.0,94.0,103,758.9264232620031
TR,1,218,4224841587967604225,evaluation,demo_baseline,758.0031079564033,1,0,75.0,75.0,80,773.1346432875865
TR,1,219,2762482838018251097,evaluation,demo_baseline,758.0031079564033,1,0,112.0,112.0,105,777.437282253375
TR,1,220,7757230994309795642,evaluation,demo_baseline,758.0031079564033,1,0,76.0,76.0,83,777.460586989444
TR,1,221,2148340682689421366,evaluation,demo_baseline,758.0031079564033,1,0,103.0,103.0,80,769.0078633580077
TR,1,222,6348944126119619998,evaluation,demo_baseline,758.0031079564033,1,0,82.0,82.0,88,767.0873208790055
TR,1,223,4427512342179325526,evaluation,demo_baseline,758.0031079564033,1,0,91.0,91.0,92,769.9200538313988
TR,1,224,2093911002893239468,evaluation,demo_baseline,758.0031079564033,1,0,94.0,94.0,109,777.48925484688
TR,1,225,4837705526638584345,evaluation,demo_baseline,758.0031079564033,1,0,88.0,88.0,106,768.8142518711858
TR,1,226,2854582229617366511,evaluation,demo_baseline,758.0031079564033,1,0,106.0,106.0,98,770.6248366047791
TR,1,227,5666892983763344356,evaluation,demo_baseline,758.0031079564033,1,0,106.0,106.0,95,758.5892537293581
TR,1,228,5516355158603411160,evaluation,demo_baseline,758.0031079564033,1,0,102.0,102.0,103,763.1435111578118
TR,1,229,5148257933123298205,evaluation,demo_baseline,758.0031079564033,1,0,100.0,100.0,98,759.820240651691
TR,1,230,9111555562954732569,evaluation,demo_baseline,758.0031079564033,1,0,99.0,99.0,107,763.8279370775955
TR,1,231,2916780006750754512,evaluation,demo_baseline,758.0031079564033,1,0,78.0,78.0,75,763.7809034681945
TR,1,232,3005966834248596310,evaluation,demo_baseline,758.0031079564033,1,0,96.0,96.0,101,799.232276460915
TR,1,233,4512140633438165890,evaluation,demo_baseline,758.0031079564033,1,0,106.0,106.0,100,758.8706616954219
TR,1,234,1722183112058836373,evaluation,demo_baseline,758.0031079564033,1,0,104.0,104.0,119,761.934064379665
TR,1,235,3035437401865000105,evaluation,demo_baseline,758.0031079564033,1,0,104.0,104.0,106,758.3402418858801
TR,1,236,2547698361853451394,evaluation,demo_baseline,758.0031079564033,1,0,87.0,87.0,82,768.7247275561059
TR,1,237,5188322406439848566,evaluation,demo_baseline,758.0031079564033,1,0,91.0,91.0,94,766.4037476819068
TR,1,238,3499512216321158449,evaluation,demo_baseline,758.0031079564033,1,0,104.0,104.0,110,792.6022180626472
TR,1,239,3105646305127985300,evaluation,demo_baseline,758.0031079564033,1,0,86.0,86.0,98,788.0002963142892
TR,1,240,8002258763703317320,evaluation,demo_baseline,758.0031079564033,1,0,93.0,93.0,94,763.2031832899127
TR,1,241,2594781258067651488,evaluation,demo_baseline,758.0031079564033,1,0,103.0,103.0,115,758.3152424558303
TR,1,242,5179589427506079705,evaluation,demo_baseline,758.0031079564033,1,0,72.0,72.0,73,777.8969108485703
TR,1,243,6894015439264867465,evaluation,demo_baseline,758.0031079564033,1,0,91.0,91.0,96,787.4083156051885
TR,1,244,4131305461457600157,evaluation,demo_baseline,758.0031079564033,1,0,75.0,75.0,90,765.836204515707
TR,1,245,8321450715254997423,evaluation,demo_baseline,758.0031079564033,1,0,96.0,96.0,98,781.9479849190205
TR,1,246,5295007486925344158,evaluation,demo_baseline,758.0031079564033,1,0,97.0,97.0,115,794.40787740156
TR,1,247,3004910422980512248,evaluation,demo_baseline,758.0031079564033,1,0,72.0,72.0,77,759.281437414112
TR,1,248,7709033405392206038,evaluation,demo_baseline,758.0031079564033,1,0,107.0,107.0,100,765.5725209244883
TR,1,249,3500680733633504174,evaluation,demo_baseline,758.0031079564033,1,0,98.0,98.0,95,762.3551475222267
TR,1,250,1909291528270208556,evaluation,demo_baseline,758.0031079564033,1,0,72.0,72.0,77,760.1570161046322
TR,1,251,5299660595615988713,evaluation,demo_baseline,758.0031079564033,1,0,91.0,91.0,87,758.8068717947042
TR,1,252,55985407113417753,evaluation,demo_baseline,758.0031079564033,1,0,91.0,91.0,96,784.8377419219782
TR,1,253,6770020609986644290,evaluation,demo_baseline,758.0031079564033,1,0,88.0,88.0,92,758.2898619465759
TR,1,254,288500900739929468,evaluation,demo_baseline,758.0031079564033,1,0,115.0,115.0,104,761.6762244824058
TR,1,255,1952664301019685025,evaluation,demo_baseline,758.0031079564033,1,0,88.0,88.0,105,763.6014608259188
TR,1,256,5672074570671172252,evaluation,demo_baseline,758.0031079564033,1,0,92.0,92.0,101,758.3649581429924
TR,1,257,2240321144341281109,evaluation,demo_baseline,758.0031079564033,1,0,75.0,75.0,79,764.6901616918703
TR,1,258,1198084378536680845,evaluation,demo_baseline,758.0031079564033,1,0,104.0,104.0,93,760.2724500075011
TR,1,259,739835753462123258,evaluation,demo_baseline,758.0031079564033,1,0,91.0,91.0,91,758.7458669385734
TR,1,260,3163204262636308349,evaluation,demo_baseline,758.0031079564033,1,0,90.0,90.0,94,785.7546422566104
TR,1,261,8901778712830824579,evaluation,demo_baseline,758.0031079564033,1,0,100.0,100.0,96,766.4835024671314
TR,1,262,2661145551515810287,evaluation,demo_baseline,758.0031079564033,1,0,105.0,105.0,111,796.872170942261
TR,1,263,762240819132390702,evaluation,demo_baseline,758.0031079564033,1,0,94.0,94.0,96,798.1871350959589
TR,1,264,8958989201267288671,evaluation,demo_baseline,758.0031079564033,1,0,105.0,105.0,90,761.1473737287331
TR,1,265,6088579765292784217,evaluation,demo_baseline,758.0031079564033,1,0,90.0,90.0,91,758.9966728073018
TR,1,266,62407658974746996,evaluation,demo_baseline,758.0031079564033,1,0,82.0,82.0,76,778.2372576480207
TR,1,267,1615756606646454342,evaluation,demo_baseline,758.0031079564033,1,0,82.0,82.0,84,766.2224972103558
TR,1,268,4849374445964155668,evaluation,demo_baseline,758.0031079564033,1,0,91.0,91.0,96,774.6403637972464
TR,1,269,1023301543037063498,evaluation,demo_baseline,758.0031079564033,1,0,86.0,86.0,100,777.1318193417414
TR,1,270,3012060225086434409,evaluation,demo_baseline,758.0031079564033,1,0,85.0,85.0,87,758.5736352787986
TR,1,271,2609473221826143710,evaluation,demo_baseline,758.0031079564033,1,0,106.0,106.0,89,771.2345969643047
TR,1,272,5096809250935261560,evaluation,demo_baseline,758.0031079564033,1,0,95.0,95.0,98,762.8922551133884
TR,1,273,8033233549890420583,evaluation,demo_baseline,758.0031079564033,1,0,113.0,113.0,118,769.4515358839668
TR,1,274,4334555214761139638,evaluation,demo_baseline,758.0031079564033,1,0,84.0,84.0,88,770.542984589785
TR,1,275,4214808309450704000,evaluation,demo_baseline,758.0031079564033,1,0,85.0,85.0,73,760.1591809256611
TR,1,276,8309571070576556757,evaluation,demo_baseline,758.0031079564033,1,0,91.0,91.0,92,797.5175341848485
TR,1,277,4829721730881185495,evaluation,demo_baseline,758.0031079564033,1,0,94.0,94.0,105,769.0485524908935
TR,1,278,7720149333207557740,evaluation,demo_baseline,758.0031079564033,1,0,94.0,94.0,103,766.7341583613811
TR,1,279,6197189559974035614,evaluation,demo_baseline,758.0031079564033,1,0,90.0,90.0,104,761.7805739766236
TR,1,280,8461944416061229862,evaluation,demo_baseline,758.0031079564033,1,0,97.0,97.0,92,766.052480584252
TR,1,281,3272754930719697356,evaluation,demo_baseline,758.0031079564033,1,0,88.0,88.0,92,762.0638929912184
TR,1,282,4407896515141177356,evaluation,demo_baseline,758.0031079564033,1,0,104.0,104.0,107,765.6304003665723
TR,1,283,5254539984500789210,evaluation,demo_baseline,758.0031079564033,1,0,101.0,101.0,100,758.9823700657978
TR,1,284,313179663831261191,evaluation,demo_baseline,758.0031079564033,1,0,90.0,90.0,101,762.1511570275138
TR,1,285,6649024981953717950,evaluation,demo_baseline,758.0031079564033,1,0,102.0,102.0,103,764.668313422603
TR,1,286,805931424520277777,evaluation,demo_baseline,758.0031079564033,1,0,101.0,101.0,101,804.1574676955092
TR,1,287,195287375971181039,evaluation,demo_baseline,758.0031079564033,1,0,104.0,104.0,107,799.6272759681716
TR,1,288,5882386408873664724,evaluation,demo_baseline,758.0031079564033,1,0,91.0,91.0,87,788.4709074613402
TR,1,289,5992778209260480044,evaluation,demo_baseline,758.0031079564033,1,0,83.0,83.0,93,761.528703578914
TR,1,290,7771316919140652727,evaluation,demo_baseline,758.0031079564033,1,0,81.0,81.0,77,763.3460266555717
TR,1,291,6519206561077442326,evaluation,demo_baseline,758.0031079564033,1,0,117.0,117.0,112,758.370883581166
TR,1,292,1335816301115970621,evaluation,demo_baseline,758.0031079564033,1,0,90.0,90.0,100,763.3494283615541
TR,1,293,1274179742804856697,evaluation,demo_baseline,758.0031079564033,1,0,99.0,99.0,86,772.9791882655164
TR,1,294,5543301266875470557,evaluation,demo_baseline,758.0031079564033,1,0,87.0,87.0,81,762.9134176803267
TR,1,295,3164306602992263867,evaluation,demo_baseline,758.0031079564033,1,0,83.0,83.0,89,759.3166080824473
TR,1,296,6114057046446179016,evaluation,demo_baseline,758.0031079564033,1,0,102.0,102.0,102,758.5226411210579
TR,1,297,8527968480134108798,evaluation,demo_baseline,758.0031079564033,1,0,89.0,89.0,98,762.3584329598134
TR,1,298,852037498796382898,evaluation,demo_baseline,758.0031079564033,1,0,73.0,73.0,81,771.049409077173
TR,1,299,3722420289160619340,evaluation,demo_baseline,758.0031079564033,1,0,103.0,103.0,97,760.559811152694
TR,1,300,2961756588421783517,evaluation,demo_baseline,758.0031079564033,1,0,83.0,83.0,85,762.1771437199092
TR,1,301,2675007097602109623,evaluation,demo_baseline,758.0031079564033,1,0,107.0,107.0,112,765.1686103073652
TR,1,302,3750944096897400875,evaluation,demo_baseline,758.0031079564033,1,0,87.0,87.0,69,767.160945317377
TR,1,303,3671610270038591141,evaluation,demo_baseline,758.0031079564033,1,0,93.0,93.0,94,758.6509353398327
TR,1,304,8210616398107897086,evaluation,demo_baseline,758.0031079564033,1,0,96.0,96.0,99,774.2801393531084
TR,1,305,7628180842579330257,evaluation,demo_baseline,758.0031079564033,1,0,100.0,100.0,105,760.4785621225459
TR,1,306,4175902145136664352,evaluation,demo_baseline,758.0031079564033,1,0,96.0,96.0,107,771.6377959827005
TR,1,307,8835280650412511071,evaluation,demo_baseline,758.0031079564033,1,0,96.0,96.0,108,764.4336326961806
TR,1,308,4442948061100214714,evaluation,demo_baseline,758.0031079564033,1,0,76.0,76.0,76,767.6546996252383
TR,1,309,1103880890630337749,evaluation,demo_baseline,758.0031079564033,1,0,90.0,90.0,83,759.3695287932665
TR,1,310,270006033090383027,evaluation,demo_baseline,758.0031079564033,1,0,80.0,80.0,86,761.7727356285237
TR,1,311,3795772197497663739,evaluation,demo_baseline,758.0031079564033,1,0,118.0,118.0,95,771.1504910392863
TR,1,312,7114505082081177539,evaluation,demo_baseline,758.0031079564033,1,0,111.0,111.0,97,758.0639464493705
TR,1,313,5228903183853131240,evaluation,demo_baseline,758.0031079564033,1,0,85.0,85.0,77,764.6860662304515
TR,1,314,8525076529859983133,evaluation,demo_baseline,758.0031079564033,1,0,107.0,107.0,116,783.7567084619683
TR,1,315,5154231494068912491,evaluation,demo_baseline,758.0031079564033,1,0,80.0,80.0,84,763.6150667953093
TR,1,316,3020317091282034973,evaluation,demo_baseline,758.0031079564033,1,0,105.0,105.0,111,761.4996628922345
TR,1,317,5140093635501482602,evaluation,demo_baseline,758.0031079564033,1,0,93.0,93.0,107,764.9417631876707
TR,1,318,7912552181169191613,evaluation,demo_baseline,758.0031079564033,1,0,108.0,108.0,106,771.8359531981936
TR,1,319,6197436506065294159,evaluation,demo_baseline,758.0031079564033,1,0,83.0,83.0,85,766.6425551819189
TR,1,320,8163059823026464009,evaluation,demo_baseline,758.0031079564033,1,0,84.0,84.0,92,775.4832569034252
TR,1,321,3365395651703854353,evaluation,demo_baseline,758.0031079564033,1,0,82.0,82.0,86,765.0703220617884
TR,1,322,701277397820995309,evaluation,demo_baseline,758.0031079564033,1,0,113.0,113.0,102,802.0281427289017
TR,1,323,8652548404265523145,evaluation,demo_baseline,758.0031079564033,1,0,115.0,115.0,96,769.086549772257
TR,1,324,757775491807065539,evaluation,demo_baseline,758.0031079564033,1,0,94.0,94.0,86,759.459493215125
TR,1,325,1123794783716375306,evaluation,demo_baseline,758.0031079564033,1,0,88.0,88.0,89,766.1820409933881
TR,1,326,63021852575742366,evaluation,demo_baseline,758.0031079564033,1,0,87.0,87.0,93,769.3934915491666
TR,1,327,4149940365070214780,evaluation,demo_baseline,758.0031079564033,1,0,81.0,81.0,91,767.3531001453696
TR,1,328,6967183155519694800,evaluation,demo_baseline,758.0031079564033,1,0,94.0,94.0,92,795.0994208631635
TR,1,329,4255808134730778724,evaluation,demo_baseline,758.0031079564033,1,0,87.0,87.0,108,759.3508688972233
TR,1,330,7300144294656115463,evaluation,demo_baseline,758.0031079564033,1,0,90.0,90.0,103,758.7416260194188
TR,1,331,3068214035872848040,evaluation,demo_baseline,758.0031079564033,1,0,84.0,84.0,83,765.5052932029212
TR,1,332,770474666782671790,evaluation,demo_baseline,758.0031079564033,1,0,83.0,83.0,90,763.6604177216484
TR,1,333,8082349471273486311,evaluation,demo_baseline,758.0031079564033,1,0,92.0,92.0,93,771.7935025349816
TR,1,334,4945290252008993667,evaluation,demo_baseline,758.0031079564033,1,0,63.0,63.0,68,764.3988731952193
TR,1,335,4796445973772359134,evaluation,demo_baseline,758.0031079564033,1,0,101.0,101.0,73,760.7809718998974
TR,1,336,3665625292645507212,evaluation,demo_baseline,758.0031079564033,1,0,105.0,105.0,102,770.0589179805818
TR,1,337,8857012160468141,evaluation,demo_baseline,758.0031079564033,1,0,99.0,99.0,100,763.8669602441986
TR,1,338,3051639984071718120,evaluation,demo_baseline,758.0031079564033,1,0,95.0,95.0,104,767.6743704605486
TR,1,339,9080975694929907853,evaluation,demo_baseline,758.0031079564033,1,0,93.0,93.0,95,787.0930494017422
TR,1,340,1802126790571807975,evaluation,demo_baseline,758.0031079564033,1,0,83.0,83.0,74,779.6987010495403
TR,1,341,7098017236859860684,evaluation,demo_baseline,758.0031079564033,1,0,93.0,93.0,114,761.602865693745
TR,1,342,8223833631122159804,evaluation,demo_baseline,758.0031079564033,1,0,99.0,99.0,99,759.7755099313229
TR,1,343,3772424198624708308,evaluation,demo_baseline,758.0031079564033,1,0,94.0,94.0,82,763.3512385100623
TR,1,344,7592253486629169280,evaluation,demo_baseline,758.0031079564033,1,0,81.0,81.0,87,778.3000010875369
TR,1,345,6498473543956829537,evaluation,demo_baseline,758.0031079564033,1,0,102.0,102.0,90,762.8118735219209
TR,1,346,2541676724991518858,evaluation,demo_baseline,758.0031079564033,1,0,89.0,89.0,96,765.8102764594881
TR,1,347,1687010847518582566,evaluation,demo_baseline,758.0031079564033,1,0,94.0,94.0,102,767.5332422618784
TR,1,348,4040538135029337973,evaluation,demo_baseline,758.0031079564033,1,0,85.0,85.0,101,761.2831759031717
TR,1,349,7236420330005275491,evaluation,demo_baseline,758.0031079564033,1,0,86.0,86.0,90,770.3310164653806
TR,1,350,213025622864668228,evaluation,demo_baseline,758.0031079564033,1,0,87.0,87.0,90,781.7755737839664
TR,1,351,4154349525961765347,evaluation,demo_baseline,758.0031079564033,1,0,87.0,87.0,93,759.577546881325
TR,1,352,1268146129166235718,evaluation,demo_baseline,758.0031079564033,1,0,75.0,75.0,86,761.9439688058698
TR,1,353,4359490368355604459,evaluation,demo_baseline,758.0031079564033,1,0,118.0,118.0,101,789.6317464154331
TR,1,354,2695363542365011912,evaluation,demo_baseline,758.0031079564033,1,0,92.0,92.0,87,772.2323009571201
TR,1,355,5463244977232255373,evaluation,demo_baseline,758.0031079564033,1,0,91.0,91.0,86,761.1033309470735
TR,1,356,7567117884969483445,evaluation,demo_baseline,758.0031079564033,1,0,93.0,93.0,96,764.7798496123933
TR,1,357,125439353436948521,evaluation,demo_baseline,758.0031079564033,1,0,108.0,108.0,98,764.6270189309668
TR,1,358,1522817258288993053,evaluation,demo_baseline,758.0031079564033,1,0,95.0,95.0,105,801.8892186621781
TR,1,359,7943561778663778072,evaluation,demo_baseline,758.0031079564033,1,0,94.0,94.0,107,760.0010787811759
TR,1,360,1553603859901869389,evaluation,demo_baseline,758.0031079564033,1,0,103.0,103.0,107,761.6784251562606
TR,1,361,1306560578044466841,evaluation,demo_baseline,758.0031079564033,1,0,99.0,99.0,86,770.5211026865899
TR,1,362,995023735684442636,evaluation,demo_baseline,758.0031079564033,1,0,80.0,80.0,87,763.7246820523785
TR,1,363,3481577381424899951,evaluation,demo_baseline,758.0031079564033,1,0,113.0,113.0,87,760.7397794447395
TR,1,364,3514107052171217493,evaluation,demo_baseline,758.0031079564033,1,0,122.0,122.0,103,793.4964770996316
TR,1,365,4482974201026445148,evaluation,demo_baseline,758.0031079564033,1,0,83.0,83.0,82,761.5380502172017
TR,1,366,2202512040822022138,evaluation,demo_baseline,758.0031079564033,1,0,71.0,71.0,74,765.1928880029099
TR,1,367,4638426767954509837,evaluation,demo_baseline,758.0031079564033,1,0,98.0,98.0,115,758.5559447701869
TR,1,368,1950104018952320065,evaluation,demo_baseline,758.0031079564033,1,0,89.0,89.0,99,767.5498996013307
TR,1,369,436056570428375465,evaluation,demo_baseline,758.0031079564033,1,0,101.0,101.0,115,758.7102485896305
TR,1,370,3471063975798913312,evaluation,demo_baseline,758.0031079564033,1,0,99.0,99.0,113,763.6032146086757
TR,1,371,7913476641704091331,evaluation,demo_baseline,758.0031079564033,1,0,83.0,83.0,70,765.6835320595837
TR,1,372,5550847731142110108,evaluation,demo_baseline,758.0031079564033,1,0,96.0,96.0,105,769.899606189526
TR,1,373,211134837150718048,evaluation,demo_baseline,758.0031079564033,1,0,82.0,82.0,91,761.4672106885163
TR,1,374,2216107115480150187,evaluation,demo_baseline,758.0031079564033,1,0,69.0,69.0,74,758.5095958971772
TR,1,375,8313608621618052209,evaluation,demo_baseline,758.0031079564033,1,0,89.0,89.0,90,767.9092931275632
TR,1,376,1360360051700879451,evaluation,demo_baseline,758.0031079564033,1,0,103.0,103.0,93,760.5182645857183
TR,1,377,7203933341485968159,evaluation,demo_baseline,758.0031079564033,1,0,92.0,92.0,96,775.7104764537163
TR,1,378,2861057552896500334,evaluation,demo_baseline,758.0031079564033,1,0,81.0,81.0,93,760.1023302929651
TR,1,379,8923359433374153478,evaluation,demo_baseline,758.0031079564033,1,0,92.0,92.0,95,758.5203098550912
TR,1,380,5753931904662166252,evaluation,demo_baseline,758.0031079564033,1,0,92.0,92.0,88,790.5127343502759
TR,1,381,3501734437880088327,evaluation,demo_baseline,758.0031079564033,1,0,114.0,114.0,108,765.6435753047961
TR,1,382,2419175145033631045,evaluation,demo_baseline,758.0031079564033,1,0,72.0,72.0,73,781.1463289686371
TR,1,383,3883815925662823077,evaluation,demo_baseline,758.0031079564033,1,0,83.0,83.0,78,759.2118041159924
TR,1,384,4748365349417827128,evaluation,demo_baseline,758.0031079564033,1,0,87.0,87.0,94,772.1172418143915
TR,1,385,8996006940888292869,evaluation,demo_baseline,758.0031079564033,1,0,100.0,100.0,82,758.0926658324066
TR,1,386,1822947687786870707,evaluation,demo_baseline,758.0031079564033,1,0,93.0,93.0,90,763.5472327591098
TR,1,387,8645303200658027355,evaluation,demo_baseline,758.0031079564033,1,0,91.0,91.0,98,765.1380757713788
TR,1,388,8758265624943388746,evaluation,demo_baseline,758.0031079564033,1,0,82.0,82.0,86,764.9888901860838
TR,1,389,6093447797016601773,evaluation,demo_baseline,758.0031079564033,1,0,91.0,91.0,85,764.199587317912
TR,1,390,2722640124850222306,evaluation,demo_baseline,758.0031079564033,1,0,76.0,76.0,82,758.4032279257802
TR,1,391,4149504826294190089,evaluation,demo_baseline,758.0031079564033,1,0,71.0,71.0,76,766.5563268358877
TR,1,392,1314812459207655120,evaluation,demo_baseline,758.0031079564033,1,0,90.0,90.0,95,762.4253601541685
TR,1,393,1175401672298380609,evaluation,demo_baseline,758.0031079564033,1,0,93.0,93.0,103,759.7728017154337
TR,1,394,4451316255050955501,evaluation,demo_baseline,758.0031079564033,1,0,90.0,90.0,103,763.9967105559715
TR,1,395,8739720123850393626,evaluation,demo_baseline,758.0031079564033,1,0,78.0,78.0,73,764.6492590649389
TR,1,396,1911353879071651121,evaluation,demo_baseline,758.0031079564033,1,0,106.0,106.0,102,790.5287166731387
TR,1,397,2058334767151104888,evaluation,demo_baseline,758.0031079564033,1,0,94.0,94.0,101,763.8806918794444
TR,1,398,6892145402430382576,evaluation,demo_baseline,758.0031079564033,1,0,92.0,92.0,99,768.7340443300317
TR,1,399,7682602155995925499,evaluation,demo_baseline,758.0031079564033,1,0,100.0,100.0,106,766.9942898676529
TR,1,400,6494999782409420824,evaluation,demo_baseline,758.0031079564033,1,0,104.0,104.0,111,762.3487759548545
TR,1,401,8188609886543269228,evaluation,demo_baseline,758.0031079564033,1,0,110.0,110.0,108,762.4381528483464
TR,1,402,1642402450955054616,evaluation,demo_baseline,758.0031079564033,1,0,94.0,94.0,89,760.2253303311252
TR,1,403,3829322066434961670,evaluation,demo_baseline,758.0031079564033,1,0,87.0,87.0,81,772.2536754496655
TR,1,404,5043741933320877208,evaluation,demo_baseline,758.0031079564033,1,0,79.0,79.0,98,766.7691730639336
TR,1,405,7197758448792350977,evaluation,demo_baseline,758.0031079564033,1,0,80.0,80.0,71,760.5695940459759
TR,1,406,743287262708845939,evaluation,demo_baseline,758.0031079564033,1,0,87.0,87.0,110,766.0537890159594
TR,1,407,4192088771575741296,evaluation,demo_baseline,758.0031079564033,1,0,101.0,101.0,97,758.8778357498239
TR,1,408,7652578749210068592,evaluation,demo_baseline,758.0031079564033,1,0,111.0,111.0,101,804.6397174177074
TR,1,409,6413478973056741271,evaluation,demo_baseline,758.0031079564033,1,0,94.0,94.0,95,778.1703414213274
TR,1,410,7722888092018853091,evaluation,demo_baseline,758.0031079564033,1,0,107.0,107.0,104,759.1198935100597
TR,1,411,1269079907921368271,evaluation,demo_baseline,758.0031079564033,1,0,97.0,97.0,106,762.3628383886502
TR,1,412,2431941187904643675,evaluation,demo_baseline,758.0031079564033,1,0,92.0,92.0,87,766.2821426221128
TR,1,413,5222592042868586980,evaluation,demo_baseline,758.0031079564033,1,0,113.0,113.0,109,759.4538329703984
TR,1,414,7721612311904615224,evaluation,demo_baseline,758.0031079564033,1,0,83.0,83.0,79,767.6420290144746
TR,1,415,4475751796424821542,evaluation,demo_baseline,758.0031079564033,1,0,74.0,74.0,84,761.7935603247658
TR,1,416,1723557489119839593,evaluation,demo_baseline,758.0031079564033,1,0,78.0,78.0,86,758.55057406775
TR,1,417,3740277199208911467,evaluation,demo_baseline,758.0031079564033,1,0,90.0,90.0,91,758.7579597768822
TR,1,418,6173411741648478225,evaluation,demo_baseline,758.0031079564033,1,0,81.0,81.0,98,758.3181625472688
TR,1,419,8313466055122568875,evaluation,demo_baseline,758.0031079564033,1,0,81.0,81.0,73,765.7837808436419
TR,1,420,701470792540268469,evaluation,demo_baseline,758.0031079564033,1,0,106.0,106.0,103,770.5022749405517
TR,1,421,1767252884718924691,evaluation,demo_baseline,758.0031079564033,1,0,80.0,80.0,92,762.4424210110224
TR,1,422,8308198451924746570,evaluation,demo_baseline,758.0031079564033,1,0,73.0,73.0,69,770.9370962709233
TR,1,423,2692015422833753272,evaluation,demo_baseline,758.0031079564033,1,0,76.0,76.0,75,763.729791925746
TR,1,424,6362092224048147685,evaluation,demo_baseline,758.0031079564033,1,0,96.0,96.0,93,777.4773670655619
TR,1,425,1485204578519034850,evaluation,demo_baseline,758.0031079564033,1,0,111.0,111.0,110,768.8690018474945
TR,1,426,7315155417472911168,evaluation,demo_baseline,758.0031079564033,1,0,104.0,104.0,104,767.450160258377
TR,1,427,8044157353649696812,evaluation,demo_baseline,758.0031079564033,1,0,85.0,85.0,92,768.8164602681202
TR,1,428,2402397440248365333,evaluation,demo_baseline,758.0031079564033,1,0,89.0,89.0,101,763.5841830299413
TR,1,429,4850911812369724529,evaluation,demo_baseline,758.0031079564033,1,0,115.0,115.0,113,795.9074035915769
TR,1,430,7629072905150737356,evaluation,demo_baseline,758.0031079564033,1,0,102.0,102.0,88,791.8473956215632
TR,1,431,1914832602589501954,evaluation,demo_baseline,758.0031079564033,1,0,79.0,79.0,86,763.2075915136911
TR,1,432,7920589574322283643,evaluation,demo_baseline,758.0031079564033,1,0,101.0,101.0,110,788.4942794986123
TR,1,433,3904114399815691611,evaluation,demo_baseline,758.0031079564033,1,0,87.0,87.0,84,760.1086485417757
TR,1,434,3528488913108956503,evaluation,demo_baseline,758.0031079564033,1,0,98.0,98.0,107,765.1374781154188
TR,1,435,2088023980088854410,evaluation,demo_baseline,758.0031079564033,1,0,84.0,84.0,90,773.2335827572758
TR,1,436,3285927448818841281,evaluation,demo_baseline,758.0031079564033,1,0,90.0,90.0,94,764.0598193030362
TR,1,437,347762841859316869,evaluation,demo_baseline,758.0031079564033,1,0,103.0,103.0,100,762.1651770860627
TR,1,438,6826125972500549041,evaluation,demo_baseline,758.0031079564033,1,0,85.0,85.0,94,762.1090241450715
TR,1,439,8821974714932661370,evaluation,demo_baseline,758.0031079564033,1,0,83.0,83.0,99,758.8956136894159
TR,1,440,4163481109465436681,evaluation,demo_baseline,758.0031079564033,1,0,77.0,77.0,81,762.0591850784184
TR,1,441,2573017449572240458,evaluation,demo_baseline,758.0031079564033,1,0,89.0,89.0,97,762.3641119853554
TR,1,442,5198084227648373472,evaluation,demo_baseline,758.0031079564033,1,0,114.0,114.0,101,771.5044712079354
TR,1,443,5778551134149917962,evaluation,demo_baseline,758.0031079564033,1,0,92.0,92.0,96,767.8090346356178
TR,1,444,4909129512208428728,evaluation,demo_baseline,758.0031079564033,1,0,100.0,100.0,102,759.7498077527193
TR,1,445,8394708558051124589,evaluation,demo_baseline,758.0031079564033,1,0,91.0,91.0,99,759.1884970851206
TR,1,446,8446200277999003209,evaluation,demo_baseline,758.0031079564033,1,0,104.0,104.0,101,760.8437032091203
TR,1,447,3871682126219306758,evaluation,demo_baseline,758.0031079564033,1,0,88.0,88.0,77,777.544995819414
TR,1,448,6461580491327977277,evaluation,demo_baseline,758.0031079564033,1,0,92.0,92.0,116,762.6252457161855
TR,1,449,8987792911998744775,evaluation,demo_baseline,758.0031079564033,1,0,86.0,86.0,81,764.7832688414283
TR,1,450,4418864799175144131,evaluation,demo_baseline,758.0031079564033,1,0,92.0,92.0,93,768.6656698053608
TR,1,451,5150218179484158899,evaluation,demo_baseline,758.0031079564033,1,0,95.0,95.0,106,784.474811900092
TR,1,452,7539294879664288373,evaluation,demo_baseline,758.0031079564033,1,0,105.0,105.0,110,801.1739635875117
TR,1,453,7207758502394851263,evaluation,demo_baseline,758.0031079564033,1,0,88.0,88.0,94,785.3445416968364
TR,1,454,6447243531469188310,evaluation,demo_baseline,758.0031079564033,1,0,100.0,100.0,104,764.826011312572
TR,1,455,2756049546943335165,evaluation,demo_baseline,758.0031079564033,1,0,80.0,80.0,92,761.1864545342653
TR,1,456,4246282260043149814,evaluation,demo_baseline,758.0031079564033,1,0,107.0,107.0,118,770.6227750023141
TR,1,457,9061686232914586272,evaluation,demo_baseline,758.0031079564033,1,0,109.0,109.0,98,771.8075224747424
TR,1,458,7134140213415469525,evaluation,demo_baseline,758.0031079564033,1,0,112.0,112.0,114,786.0833395106476
TR,1,459,572620364948844931,evaluation,demo_baseline,758.0031079564033,1,0,103.0,103.0,102,770.1248525093948
TR,1,460,8626952724415520320,evaluation,demo_baseline,758.0031079564033,1,0,74.0,74.0,86,771.319582338936
TR,1,461,7114377368760652283,evaluation,demo_baseline,758.0031079564033,1,0,81.0,81.0,84,780.5296805860507
TR,1,462,3191121701801909264,evaluation,demo_baseline,758.0031079564033,1,0,82.0,82.0,88,768.6501419279738
TR,1,463,1213450261908324315,evaluation,demo_baseline,758.0031079564033,1,0,120.0,120.0,122,771.2167300906497
TR,1,464,4620909991903346774,evaluation,demo_baseline,758.0031079564033,1,0,85.0,85.0,96,775.4371658397616
TR,1,465,1750061535086525753,evaluation,demo_baseline,758.0031079564033,1,0,86.0,86.0,97,761.7638831595929
TR,1,466,1193849635921540983,evaluation,demo_baseline,758.0031079564033,1,0,108.0,108.0,105,760.7455295544986
TR,1,467,2858749127989975288,evaluation,demo_baseline,758.0031079564033,1,0,101.0,101.0,93,759.7147059699003
TR,1,468,839618355242628974,evaluation,demo_baseline,758.0031079564033,1,0,97.0,97.0,104,767.2309352884478
TR,1,469,4697739963811557209,evaluation,demo_baseline,758.0031079564033,1,0,104.0,104.0,99,760.350534318708
TR,1,470,2171348303216608254,evaluation,demo_baseline,758.0031079564033,1,0,108.0,108.0,100,759.4359124108687
TR,1,471,8731760487361415504,evaluation,demo_baseline,758.0031079564033,1,0,120.0,120.0,111,770.6683069191747
TR,1,472,8075691975943289554,evaluation,demo_baseline,758.0031079564033,1,0,99.0,99.0,106,764.867801012165
TR,1,473,8482120103626663577,evaluation,demo_baseline,758.0031079564033,1,0,94.0,94.0,105,768.3592890305408
TR,1,474,107740998499549043,evaluation,demo_baseline,758.0031079564033,1,0,86.0,86.0,86,768.1157382253103
TR,1,475,2327507234777909643,evaluation,demo_baseline,758.0031079564033,1,0,93.0,93.0,95,758.6260305594409
TR,1,476,7951999058128511458,evaluation,demo_baseline,758.0031079564033,1,0,93.0,93.0,93,771.1384939314385
TR,1,477,7412461402757878157,evaluation,demo_baseline,758.0031079564033,1,0,100.0,100.0,95,761.9205715545661
TR,1,478,9067018133921978428,evaluation,demo_baseline,758.0031079564033,1,0,107.0,107.0,97,760.4555149807966
TR,1,479,9079212882790316333,evaluation,demo_baseline,758.0031079564033,1,0,93.0,93.0,104,759.4107210244858
TR,1,480,1382040003095562945,evaluation,demo_baseline,758.0031079564033,1,0,103.0,103.0,113,764.9974114103142
TR,1,481,5351062131079783279,evaluation,demo_baseline,758.0031079564033,1,0,87.0,87.0,88,769.5086803172085
TR,1,482,7907643207878207219,evaluation,demo_baseline,758.0031079564033,1,0,87.0,87.0,83,764.5830717606465
TR,1,483,8600501854967821061,evaluation,demo_baseline,758.0031079564033,1,0,113.0,113.0,118,787.772797470035
TR,1,484,9033032065916498303,evaluation,demo_baseline,758.0031079564033,1,0,87.0,87.0,101,803.6232953071038
TR,1,485,7291607850352269394,evaluation,demo_baseline,758.0031079564033,1,0,85.0,85.0,98,763.2445895134069
TR,1,486,3380005224475643077,evaluation,demo_baseline,758.0031079564033,1,0,84.0,84.0,87,775.9149282379324
TR,1,487,84681337553816697,evaluation,demo_baseline,758.0031079564033,1,0,95.0,95.0,87,759.0090389706243
TR,1,488,2210700797147273270,evaluation,demo_baseline,758.0031079564033,1,0,95.0,95.0,94,759.8325792256254
TR,1,489,4968979428120276149,evaluation,demo_baseline,758.0031079564033,1,0,90.0,90.0,96,792.0490633160489
TR,1,490,2946229157167565382,evaluation,demo_baseline,758.0031079564033,1,0,88.0,88.0,81,780.0767633035804
TR,1,491,4046864799842900665,evaluation,demo_baseline,758.0031079564033,1,0,87.0,87.0,106,758.6553758437894
TR,1,492,8490291341851972253,evaluation,demo_baseline,758.0031079564033,1,0,106.0,106.0,102,761.0592294076007
TR,1,493,2429249515874379432,evaluation,demo_baseline,758.0031079564033,1,0,78.0,78.0,87,775.9659217734234
TR,1,494,2081942351004565354,evaluation,demo_baseline,758.0031079564033,1,0,85.0,85.0,81,758.242829776275
TR,1,495,3797306569119965732,evaluation,demo_baseline,758.0031079564033,1,0,86.0,86.0,88,762.510629707841
TR,1,496,5877880432034398223,evaluation,demo_baseline,758.0031079564033,1,0,100.0,100.0,96,759.3635973770581
TR,1,497,7963198602379693947,evaluation,demo_baseline,758.0031079564033,1,0,82.0,82.0,88,768.2425517304541
TR,1,498,2303158644488378093,evaluation,demo_baseline,758.0031079564033,1,0,102.0,102.0,100,758.3358111288085
TR,1,499,3496301355456366959,evaluation,demo_baseline,758.0031079564033,1,0,106.0,106.0,89,766.814455184055
TR,1,500,1048588157461550562,evaluation,demo_baseline,758.0031079564033,1,0,91.0,91.0,98,761.7439624471685
TR,1,501,7279740106538915635,evaluation,demo_baseline,758.0031079564033,1,0,102.0,102.0,104,762.9273501909722
TR,1,502,622930654705523739,evaluation,demo_baseline,758.0031079564033,1,0,103.0,103.0,100,762.7865237984546
TR,1,503,8506948887173741569,evaluation,demo_baseline,758.0031079564033,1,0,105.0,105.0,101,759.4368388425355
TR,1,504,1483418257853189602,evaluation,demo_baseline,758.0031079564033,1,0,65.0,65.0,68,765.4640355902006
TR,1,505,9148538531677673447,evaluation,demo_baseline,758.0031079564033,1,0,100.0,100.0,100,790.872106347085
TR,1,506,4093990167896187174,evaluation,demo_baseline,758.0031079564033,1,0,88.0,88.0,88,759.9053605418378
TR,1,507,8498944474487408487,evaluation,demo_baseline,758.0031079564033,1,0,86.0,86.0,82,759.8576890276578
TR,1,508,2777309180416365114,evaluation,demo_baseline,758.0031079564033,1,0,70.0,70.0,70,774.2002800196462
TR,1,509,7560634081044192216,evaluation,demo_baseline,758.0031079564033,1,0,97.0,97.0,103,759.9175716205498
TR,1,510,7392770285193530247,evaluation,demo_baseline,758.0031079564033,1,0,83.0,83.0,92,758.8646992008373
TR,1,511,8802471598046169211,evaluation,demo_baseline,758.0031079564033,1,0,121.0,121.0,109,788.8093326164002
TR,1,512,8684615345538416429,evaluation,demo_baseline,758.0031079564033,1,0,97.0,97.0,95,765.5082708251363
TR,1,513,7688071266542425469,evaluation,demo_baseline,758.0031079564033,1,0,86.0,86.0,91,761.5758643925168
TR,1,514,3120629700183692613,evaluation,demo_baseline,758.0031079564033,1,0,101.0,101.0,89,762.5298984348987
TR,1,515,5392402168738872640,evaluation,demo_baseline,758.0031079564033,1,0,106.0,106.0,110,795.9572399703703
TR,1,516,444810842121277652,evaluation,demo_baseline,758.0031079564033,1,0,87.0,87.0,93,774.7695340188012
TR,1,517,5631399464571496696,evaluation,demo_baseline,758.0031079564033,1,0,127.0,127.0,113,766.0658274100176
TR,1,518,7807241245968560118,evaluation,demo_baseline,758.0031079564033,1,0,91.0,91.0,108,759.2074707668261
TR,1,519,2271611109518223073,evaluation,demo_baseline,758.0031079564033,1,0,98.0,98.0,103,764.7752110895061
TR,1,520,4607922444548065804,evaluation,demo_baseline,758.0031079564033,1,0,84.0,84.0,60,760.183305241191
TR,1,521,2384497828353135442,evaluation,demo_baseline,758.0031079564033,1,0,93.0,93.0,99,805.6337856908577
TR,1,522,888469175673962431,evaluation,demo_baseline,758.0031079564033,1,0,61.0,61.0,62,759.6610972348391
TR,1,523,2617392908057712354,evaluation,demo_baseline,758.0031079564033,1,0,87.0,87.0,85,782.7882489078676
TR,1,524,3924263379343509543,evaluation,demo_baseline,758.0031079564033,1,0,99.0,99.0,96,767.042353355289
TR,1,525,2264220985087478426,evaluation,demo_baseline,758.0031079564033,1,0,105.0,105.0,90,760.7533354213798
TR,1,526,4193058268648303661,evaluation,demo_baseline,758.0031079564033,1,0,98.0,98.0,100,794.901628738673
TR,1,527,5882153684996505360,evaluation,demo_baseline,758.0031079564033,1,0,89.0,89.0,84,795.3931613163222
TR,1,528,8191815980798070317,evaluation,demo_baseline,758.0031079564033,1,0,89.0,89.0,87,762.0982957977319
TR,1,529,8767999573135956452,evaluation,demo_baseline,758.0031079564033,1,0,106.0,106.0,108,759.9899244206788
TR,1,530,8386110935145395785,evaluation,demo_baseline,758.0031079564033,1,0,103.0,103.0,98,763.4812243997524
TR,1,531,4363441770911809254,evaluation,demo_baseline,758.0031079564033,1,0,97.0,97.0,109,766.5234792469976
TR,1,532,7845945266290930943,evaluation,demo_baseline,758.0031079564033,1,0,97.0,97.0,99,760.9596905474357
TR,1,533,7957613101572742256,evaluation,demo_baseline,758.0031079564033,1,0,93.0,93.0,104,765.5614922482725
TR,1,534,1260452304844974656,evaluation,demo_baseline,758.0031079564033,1,0,106.0,106.0,89,760.6042005288133
TR,1,535,1317365499427143935,evaluation,demo_baseline,758.0031079564033,1,0,116.0,116.0,91,759.2315886917064
TR,1,536,7584460910440279677,evaluation,demo_baseline,758.0031079564033,1,0,86.0,86.0,91,764.0555612439193
TR,1,537,2217059162397986176,evaluation,demo_baseline,758.0031079564033,1,0,84.0,84.0,89,758.8351374735224
TR,1,538,5671206406165485811,evaluation,demo_baseline,758.0031079564033,1,0,107.0,107.0,106,807.5439148692849
TR,1,539,2371104369492513443,evaluation,demo_baseline,758.0031079564033,1,0,83.0,83.0,89,770.5751350543801
TR,1,540,6370752716242584796,evaluation,demo_baseline,758.0031079564033,1,0,86.0,86.0,88,766.5164549436611
TR,1,541,3503493471701248418,evaluation,demo_baseline,758.0031079564033,1,0,78.0,78.0,75,762.4473002083162
TR,1,542,100623210873045167,evaluation,demo_baseline,758.0031079564033,1,0,95.0,95.0,103,810.3660205596093
TR,1,543,3507988127477149320,evaluation,demo_baseline,758.0031079564033,1,0,103.0,103.0,105,765.9287746561292
TR,1,544,6249062382233197239,evaluation,demo_baseline,758.0031079564033,1,0,94.0,94.0,98,769.2514047283586
TR,1,545,5733561237183057456,evaluation,demo_baseline,758.0031079564033,1,0,115.0,115.0,109,761.3767473714116
TR,1,546,894837185264563023,evaluation,demo_baseline,758.0031079564033,1,0,99.0,99.0,88,766.1847330604734
TR,1,547,4827134378382569105,evaluation,demo_baseline,758.0031079564033,1,0,112.0,112.0,101,761.8541066338834
TR,1,548,6344796263283631729,evaluation,demo_baseline,758.0031079564033,1,0,96.0,96.0,101,763.4830083444624
TR,1,549,2616441017714169124,evaluation,demo_baseline,758.0031079564033,1,0,89.0,89.0,83,761.7739876739496
TR,1,550,5094321640013343950,evaluation,demo_baseline,758.0031079564033,1,0,99.0,99.0,98,760.4316905789758
TR,1,551,4528008150886889936,evaluation,demo_baseline,758.0031079564033,1,0,95.0,95.0,107,759.405076888825
TR,1,552,7763484670629259133,evaluation,demo_baseline,758.0031079564033,1,0,83.0,83.0,103,778.2677945098184
TR,1,553,1352251158438436348,evaluation,demo_baseline,758.0031079564033,1,0,111.0,111.0,99,760.8922384950483
TR,1,554,7044507736054623555,evaluation,demo_baseline,758.0031079564033,1,0,88.0,88.0,95,761.958664585457
TR,1,555,3726247945793574008,evaluation,demo_baseline,758.0031079564033,1,0,92.0,92.0,91,759.3224852903164
TR,1,556,4907523044055397935,evaluation,demo_baseline,758.0031079564033,1,0,107.0,107.0,101,759.9122520428942
TR,1,557,7987571702319383204,evaluation,demo_baseline,758.0031079564033,1,0,91.0,91.0,97,759.3115697388572
TR,1,558,1955514505094973708,evaluation,demo_baseline,758.0031079564033,1,0,92.0,92.0,108,765.9676995254382
TR,1,559,735505375469060215,evaluation,demo_baseline,758.0031079564033,1,0,102.0,102.0,102,781.713879526893
TR,1,560,4560653813518497092,evaluation,demo_baseline,758.0031079564033,1,0,95.0,95.0,85,760.0665942588349
TR,1,561,6559941887873564827,evaluation,demo_baseline,758.0031079564033,1,0,89.0,89.0,97,766.6044150881219
TR,1,562,166675922125849201,evaluation,demo_baseline,758.0031079564033,1,0,89.0,89.0,82,769.1531944952691
TR,1,563,3727897033869505547,evaluation,demo_baseline,758.0031079564033,1,0,97.0,97.0,104,762.2226893669674
TR,1,564,5677752485017841803,evaluation,demo_baseline,758.0031079564033,1,0,83.0,83.0,100,774.4482906049038
TR,1,565,383279024999361231,evaluation,demo_baseline,758.0031079564033,1,0,92.0,92.0,107,769.6577917869618
TR,1,566,7152831995040848813,evaluation,demo_baseline,758.0031079564033,1,0,92.0,92.0,88,758.5715064802214
TR,1,567,6876537243704802628,evaluation,demo_baseline,758.0031079564033,1,0,68.0,68.0,76,765.5218435053858
TR,1,568,5527643200308915302,evaluation,demo_baseline,758.0031079564033,1,0,91.0,91.0,81,760.8045597688832
TR,1,569,1222502741795515195,evaluation,demo_baseline,758.0031079564033,1,0,79.0,79.0,70,763.0366028008102
TR,1,570,4843013603060349606,evaluation,demo_baseline,758.0031079564033,1,0,100.0,100.0,105,759.1204706583231
TR,1,571,1693742386358422958,evaluation,demo_baseline,758.0031079564033,1,0,92.0,92.0,85,760.5283157014716
TR,1,572,9152242502884848209,evaluation,demo_baseline,758.0031079564033,1,0,116.0,116.0,104,759.9268666789283
TR,1,573,7445054776842425967,evaluation,demo_baseline,758.0031079564033,1,0,109.0,109.0,116,762.5830977117506
TR,1,574,1303665181688715443,evaluation,demo_baseline,758.0031079564033,1,0,85.0,85.0,80,761.1168382112895
TR,1,575,9208804214000171531,evaluation,demo_baseline,758.0031079564033,1,0,100.0,100.0,97,778.9376075378963
TR,1,576,1550598052521596265,evaluation,demo_baseline,758.0031079564033,1,0,79.0,79.0,88,761.3450739717655
TR,1,577,490483951921179179,evaluation,demo_baseline,758.0031079564033,1,0,104.0,104.0,87,764.6465837701242
TR,1,578,575066103296179984,evaluation,demo_baseline,758.0031079564033,1,0,91.0,91.0,90,758.5447145474456
TR,1,579,4375705910794387242,evaluation,demo_baseline,758.0031079564033,1,0,93.0,93.0,115,768.7389222513588
TR,1,580,8702641900980140558,evaluation,demo_baseline,758.0031079564033,1,0,88.0,88.0,99,809.5234762194095
TR,1,581,7541350621495679424,evaluation,demo_baseline,758.0031079564033,1,0,91.0,91.0,102,765.4429558795498
TR,1,582,5632464776337026840,evaluation,demo_baseline,758.0031079564033,1,0,86.0,86.0,73,777.2842740059632
TR,1,583,4889026207380819221,evaluation,demo_baseline,758.0031079564033,1,0,116.0,116.0,104,763.0924558645237
TR,1,584,971624201208309047,evaluation,demo_baseline,758.0031079564033,1,0,101.0,101.0,98,759.0299042529346
TR,1,585,8394537677950674323,evaluation,demo_baseline,758.0031079564033,1,0,94.0,94.0,109,761.3125018508784
TR,1,586,1931202726943570957,evaluation,demo_baseline,758.0031079564033,1,0,82.0,82.0,86,768.7339915984954
TR,1,587,1274806671531505974,evaluation,demo_baseline,758.0031079564033,1,0,95.0,95.0,100,763.5895898447388
TR,1,588,3767508077511014007,evaluation,demo_baseline,758.0031079564033,1,0,92.0,92.0,106,763.2408018573544
TR,1,589,4535922817044904877,evaluation,demo_baseline,758.0031079564033,1,0,95.0,95.0,109,770.3667913484278
TR,1,590,1671016994470741360,evaluation,demo_baseline,758.0031079564033,1,0,110.0,110.0,111,796.7865400799769
TR,1,591,2289386400756424795,evaluation,demo_baseline,758.0031079564033,1,0,85.0,85.0,81,786.239678706252
TR,1,592,1468401283794149517,evaluation,demo_baseline,758.0031079564033,1,0,104.0,104.0,114,768.7675528437915
TR,1,593,5789125823593343517,evaluation,demo_baseline,758.0031079564033,1,0,91.0,91.0,99,758.8687828524277
TR,1,594,6641281285859899778,evaluation,demo_baseline,758.0031079564033,1,0,81.0,81.0,94,761.6973163597595
TR,1,595,8981354609015716172,evaluation,demo_baseline,758.0031079564033,1,0,92.0,92.0,92,774.6555153721281
TR,1,596,1794537245997591079,evaluation,demo_baseline,758.0031079564033,1,0,96.0,96.0,87,761.0502467137678
TR,1,597,2313600389834001406,evaluation,demo_baseline,758.0031079564033,1,0,102.0,102.0,99,760.2169930465986
TR,1,598,7755290068375301542,evaluation,demo_baseline,758.0031079564033,1,0,126.0,126.0,113,760.0783123349714
TR,1,599,1353899237316491996,evaluation,demo_baseline,758.0031079564033,1,0,80.0,80.0,73,758.2485277023954
TR,1,600,4509969392921057738,evaluation,demo_baseline,758.0031079564033,1,0,126.0,126.0,115,762.5622868142422
TR,1,601,4359179393951309635,evaluation,demo_baseline,758.0031079564033,1,0,84.0,84.0,94,763.585089087156
TR,1,602,8023952167350284679,evaluation,demo_baseline,758.0031079564033,1,0,99.0,99.0,98,762.686786766947
TR,1,603,8071881252225314144,evaluation,demo_baseline,758.0031079564033,1,0,116.0,116.0,92,801.7883654779477
TR,1,604,5266991861653453398,evaluation,demo_baseline,758.0031079564033,1,0,102.0,102.0,87,776.7425782912909
TR,1,605,7640122447795278395,evaluation,demo_baseline,758.0031079564033,1,0,101.0,101.0,108,763.6141677377793
TR,1,606,4273015376996969337,evaluation,demo_baseline,758.0031079564033,1,0,109.0,109.0,108,762.2371192368113
TR,1,607,8456383835320000171,evaluation,demo_baseline,758.0031079564033,1,0,98.0,98.0,88,759.4031689734187
TR,1,608,5391119975190493159,evaluation,demo_baseline,758.0031079564033,1,0,107.0,107.0,94,764.8025220718247
TR,1,609,7449753486747870988,evaluation,demo_baseline,758.0031079564033,1,0,98.0,98.0,101,793.7544991033465
TR,1,610,6895014468445138483,evaluation,demo_baseline,758.0031079564033,1,0,83.0,83.0,85,760.5498120573598
TR,1,611,625285859939729053,evaluation,demo_baseline,758.0031079564033,1,0,86.0,86.0,88,764.8785739459613
TR,1,612,1910224987927033780,evaluation,demo_baseline,758.0031079564033,1,0,86.0,86.0,84,771.7409883963481
TR,1,613,5168132105243911638,evaluation,demo_baseline,758.0031079564033,1,0,103.0,103.0,111,767.4814508063504
TR,1,614,307583102224636215,evaluation,demo_baseline,758.0031079564033,1,0,96.0,96.0,87,766.2840482260159
TR,1,615,2310400268203379624,evaluation,demo_baseline,758.0031079564033,1,0,100.0,100.0,94,758.2848982958616
TR,1,616,3339900679922740677,evaluation,demo_baseline,758.0031079564033,1,0,91.0,91.0,104,766.1650488175509
TR,1,617,7282473774479500523,evaluation,demo_baseline,758.0031079564033,1,0,97.0,97.0,85,790.5475882808136
TR,1,618,8996482366658234469,evaluation,demo_baseline,758.0031079564033,1,0,76.0,76.0,88,767.3550613090069
TR,1,619,973906217580087422,evaluation,demo_baseline,758.0031079564033,1,0,98.0,98.0,99,770.328478327313
TR,1,620,4195636369179044051,evaluation,demo_baseline,758.0031079564033,1,0,73.0,73.0,70,759.4673085692431
TR,1,621,2639195291511164005,evaluation,demo_baseline,758.0031079564033,1,0,99.0,99.0,86,769.1273597269595
TR,1,622,5648768716601780834,evaluation,demo_baseline,758.0031079564033,1,0,97.0,97.0,108,761.7761686490338
TR,1,623,5899382895165076389,evaluation,demo_baseline,758.0031079564033,1,0,104.0,104.0,101,780.5710463781884
TR,1,624,1519992945570071936,evaluation,demo_baseline,758.0031079564033,1,0,99.0,99.0,107,814.896176629369
TR,1,625,4010001208066255427,evaluation,demo_baseline,758.0031079564033,1,0,99.0,99.0,96,762.1507591297653
TR,1,626,2667860613011031041,evaluation,demo_baseline,758.0031079564033,1,0,87.0,87.0,95,759.4750646134507
TR,1,627,7203999104798963223,evaluation,demo_baseline,758.0031079564033,1,0,85.0,85.0,89,765.3264328422218
TR,1,628,3369298254655452151,evaluation,demo_baseline,758.0031079564033,1,0,101.0,101.0,108,764.2467063052335
TR,1,629,95672821538968721,evaluation,demo_baseline,758.0031079564033,1,0,109.0,109.0,110,759.4051217663462
TR,1,630,3370369274436096928,evaluation,demo_baseline,758.0031079564033,1,0,93.0,93.0,88,770.8253586021076
TR,1,631,6800569393565852149,evaluation,demo_baseline,758.0031079564033,1,0,72.0,72.0,77,772.9409428330723
TR,1,632,5409591225290950163,evaluation,demo_baseline,758.0031079564033,1,0,89.0,89.0,97,764.4120875773731
TR,1,633,260373375652598148,evaluation,demo_baseline,758.0031079564033,1,0,81.0,81.0,86,766.0439790478205
TR,1,634,5703928090319335821,evaluation,demo_baseline,758.0031079564033,1,0,103.0,103.0,112,759.3625817816594
TR,1,635,3819594117198568844,evaluation,demo_baseline,758.0031079564033,1,0,86.0,86.0,89,771.8365469005057
TR,1,636,4829341462357234177,evaluation,demo_baseline,758.0031079564033,1,0,96.0,96.0,98,778.993751744009
TR,1,637,1145372964349075139,evaluation,demo_baseline,758.0031079564033,1,0,100.0,100.0,109,765.2898540597547
TR,1,638,8153222687275414551,evaluation,demo_baseline,758.0031079564033,1,0,99.0,99.0,108,758.4286458730036
TR,1,639,5395816837070573132,evaluation,demo_baseline,758.0031079564033,1,0,91.0,91.0,113,760.9927163744152
TR,1,640,8134784524569153429,evaluation,demo_baseline,758.0031079564033,1,0,71.0,71.0,74,800.9331700356266
TR,1,641,4808265975294534908,evaluation,demo_baseline,758.0031079564033,1,0,101.0,101.0,100,765.0101475707847
TR,1,642,302087616477276637,evaluation,demo_baseline,758.0031079564033,1,0,102.0,102.0,103,763.01407968121
TR,1,643,1317094468903341583,evaluation,demo_baseline,758.0031079564033,1,0,70.0,70.0,84,772.5361955552263
TR,1,644,7095663549082536125,evaluation,demo_baseline,758.0031079564033,1,0,92.0,92.0,100,766.8799511532416
TR,1,645,5731573026749690129,evaluation,demo_baseline,758.0031079564033,1,0,120.0,120.0,105,758.9966955133194
TR,1,646,4368081145979897253,evaluation,demo_baseline,758.0031079564033,1,0,79.0,79.0,90,770.9958203930881
TR,1,647,2100229606284747533,evaluation,demo_baseline,758.0031079564033,1,0,87.0,87.0,81,794.3479554544675
TR,1,648,8514130828809588003,evaluation,demo_baseline,758.0031079564033,1,0,79.0,79.0,89,764.549546639534
TR,1,649,7067534040843543722,evaluation,demo_baseline,758.0031079564033,1,0,68.0,68.0,72,759.5136884425096
TR,1,650,7401320720869327519,evaluation,demo_baseline,758.0031079564033,1,0,106.0,106.0,93,758.4721871969057
TR,1,651,685325350480427855,evaluation,demo_baseline,758.0031079564033,1,0,100.0,100.0,105,765.3285318251548
TR,1,652,4770167840485463859,evaluation,demo_baseline,758.0031079564033,1,0,86.0,86.0,74,760.383295082144
TR,1,653,3227064659044801431,evaluation,demo_baseline,758.0031079564033,1,0,87.0,87.0,82,761.81496164399
TR,1,654,8069178061115346999,evaluation,demo_baseline,758.0031079564033,1,0,81.0,81.0,94,760.763689423407
TR,1,655,8141220058942650762,evaluation,demo_baseline,758.0031079564033,1,0,86.0,86.0,87,772.7077139495088
TR,1,656,3454189485308121482,evaluation,demo_baseline,758.0031079564033,1,0,105.0,105.0,101,761.8962521047423
TR,1,657,1190990717149387224,evaluation,demo_baseline,758.0031079564033,1,0,101.0,101.0,95,764.2481803161795
TR,1,658,8624793438485797025,evaluation,demo_baseline,758.0031079564033,1,0,98.0,98.0,94,770.5483491415464
TR,1,659,4502278935811042048,evaluation,demo_baseline,758.0031079564033,1,0,92.0,92.0,92,777.883570063851
TR,1,660,2649936449122678680,evaluation,demo_baseline,758.0031079564033,1,0,85.0,85.0,80,765.3592740744631
TR,1,661,7610832108076461942,evaluation,demo_baseline,758.0031079564033,1,0,88.0,88.0,90,759.7048312819268
TR,1,662,3350072800172245027,evaluation,demo_baseline,758.0031079564033,1,0,92.0,92.0,99,769.8225075824346
TR,1,663,855767635418501019,evaluation,demo_baseline,758.0031079564033,1,0,96.0,96.0,99,789.3990737481965
TR,1,664,2993867830557921572,evaluation,demo_baseline,758.0031079564033,1,0,89.0,89.0,97,769.0375627976083
TR,1,665,5927522439220063125,evaluation,demo_baseline,758.0031079564033,1,0,89.0,89.0,76,782.2526848744915
TR,1,666,9050112083105714259,evaluation,demo_baseline,758.0031079564033,1,0,85.0,85.0,96,760.5714191297301
TR,1,667,7675516837296400045,evaluation,demo_baseline,758.0031079564033,1,0,110.0,110.0,106,759.7130854414303
TR,1,668,4326550739033346113,evaluation,demo_baseline,758.0031079564033,1,0,118.0,118.0,107,765.2771731971793
TR,1,669,7322010189765100995,evaluation,demo_baseline,758.0031079564033,1,0,80.0,80.0,89,765.9430929619697
TR,1,670,3606897167295603912,evaluation,demo_baseline,758.0031079564033,1,0,112.0,112.0,90,760.587020614814
TR,1,671,3946078983045856991,evaluation,demo_baseline,758.0031079564033,1,0,117.0,117.0,100,763.1850151347558
TR,1,672,8407394262434701027,evaluation,demo_baseline,758.0031079564033,1,0,84.0,84.0,88,785.0109987972885
TR,1,673,2550749840142720841,evaluation,demo_baseline,758.0031079564033,1,0,79.0,79.0,91,761.8517915966112
TR,1,674,5411838405888105503,evaluation,demo_baseline,758.0031079564033,1,0,99.0,99.0,82,760.8102531372773
TR,1,675,8709106248152982486,evaluation,demo_baseline,758.0031079564033,1,0,105.0,105.0,96,764.2348789260136
TR,1,676,6876067115416425544,evaluation,demo_baseline,758.0031079564033,1,0,101.0,101.0,94,763.5040073197413
TR,1,677,9139229590597483072,evaluation,demo_baseline,758.0031079564033,1,0,104.0,104.0,106,760.8525755904182
TR,1,678,6809614770192597466,evaluation,demo_baseline,758.0031079564033,1,0,97.0,97.0,99,762.1176519900955
TR,1,679,8207810099478532171,evaluation,demo_baseline,758.0031079564033,1,0,100.0,100.0,100,765.0580974677794
TR,1,680,6862407157461589466,evaluation,demo_baseline,758.0031079564033,1,0,91.0,91.0,104,761.2721716917617
TR,1,681,7734209304453237817,evaluation,demo_baseline,758.0031079564033,1,0,97.0,97.0,91,758.5604990200102
TR,1,682,2267039430438982640,evaluation,demo_baseline,758.0031079564033,1,0,91.0,91.0,95,766.5836748575433
TR,1,683,8905902961962411358,evaluation,demo_baseline,758.0031079564033,1,0,103.0,103.0,90,779.75473482132
TR,1,684,3101301612401384079,evaluation,demo_baseline,758.0031079564033,1,0,91.0,91.0,107,760.1114686752227
TR,1,685,4417940603112082497,evaluation,demo_baseline,758.0031079564033,1,0,104.0,104.0,94,764.8973863458397
TR,1,686,6134925417147147754,evaluation,demo_baseline,758.0031079564033,1,0,94.0,94.0,81,770.9356102869126
TR,1,687,6687533028304366009,evaluation,demo_baseline,758.0031079564033,1,0,83.0,83.0,77,789.4187430413435
TR,1,688,5147314821640642671,evaluation,demo_baseline,758.0031079564033,1,0,91.0,91.0,108,760.0065025673113
TR,1,689,5639595339067318551,evaluation,demo_baseline,758.0031079564033,1,0,94.0,94.0,88,759.4671222570175
TR,1,690,2885531036204995587,evaluation,demo_baseline,758.0031079564033,1,0,104.0,104.0,102,766.7517616099558
TR,1,691,4863817109387089574,evaluation,demo_baseline,758.0031079564033,1,0,90.0,90.0,90,770.4090929463525
TR,1,692,2111269206206845075,evaluation,demo_baseline,758.0031079564033,1,0,99.0,99.0,107,768.2135846233713
TR,1,693,1479475902277354325,evaluation,demo_baseline,758.0031079564033,1,0,97.0,97.0,106,760.4337284841878
TR,1,694,6719133039416486553,evaluation,demo_baseline,758.0031079564033,1,0,110.0,110.0,121,761.7934925614385
TR,1,695,1161859096255139320,evaluation,demo_baseline,758.0031079564033,1,0,91.0,91.0,85,765.2201356133294
TR,1,696,4104065663041531016,evaluation,demo_baseline,758.0031079564033,1,0,106.0,106.0,108,760.2464260636377
TR,1,697,8323827862982866792,evaluation,demo_baseline,758.0031079564033,1,0,93.0,93.0,89,792.086250372032
TR,1,698,5589434162644319807,evaluation,demo_baseline,758.0031079564033,1,0,107.0,107.0,98,762.8129116957621
TR,1,699,7033789805143460364,evaluation,demo_baseline,758.0031079564033,1,0,118.0,118.0,122,759.0841128876033
TR,1,700,3366576661851574240,evaluation,demo_baseline,758.0031079564033,1,0,83.0,83.0,76,758.5804982919962
TR,1,701,4582170089544994621,evaluation,demo_baseline,758.0031079564033,1,0,83.0,83.0,89,761.3803841399103
TR,1,702,7030936025185424420,evaluation,demo_baseline,758.0031079564033,1,0,95.0,95.0,100,768.9004804369251
TR,1,703,2712034156754675629,evaluation,demo_baseline,758.0031079564033,1,0,79.0,79.0,86,763.1420723996998
TR,1,704,4366506841436187595,evaluation,demo_baseline,758.0031079564033,1,0,88.0,88.0,85,759.900556784883
TR,1,705,8913392759448424740,evaluation,demo_baseline,758.0031079564033,1,0,99.0,99.0,98,762.606368529787
TR,1,706,5301698133946785140,evaluation,demo_baseline,758.0031079564033,1,0,104.0,104.0,106,760.1277278832597
TR,1,707,3109365301283292830,evaluation,demo_baseline,758.0031079564033,1,0,99.0,99.0,109,772.395876441659
TR,1,708,3461101144351529323,evaluation,demo_baseline,758.0031079564033,1,0,94.0,94.0,94,759.2050740649785
TR,1,709,6723637099566655936,evaluation,demo_baseline,758.0031079564033,1,0,91.0,91.0,93,758.1721092703172
TR,1,710,264489745307334437,evaluation,demo_baseline,758.0031079564033,1,0,114.0,114.0,113,758.8817008967322
TR,1,711,613520426956257464,evaluation,demo_baseline,758.0031079564033,1,0,101.0,101.0,99,759.4054736403095
TR,1,712,2463337074846250310,evaluation,demo_baseline,758.0031079564033,1,0,100.0,100.0,106,759.8616518134493
TR,1,713,1000508455680552729,evaluation,demo_baseline,758.0031079564033,1,0,97.0,97.0,99,758.9850664218063
TR,1,714,2992864668544204506,evaluation,demo_baseline,758.0031079564033,1,0,88.0,88.0,98,758.3824586046902
TR,1,715,1347247234671301656,evaluation,demo_baseline,758.0031079564033,1,0,79.0,79.0,91,768.7890816443328
TR,1,716,4453653167836781945,evaluation,demo_baseline,758.0031079564033,1,0,93.0,93.0,94,761.289256158907
TR,1,717,9213321609871607154,evaluation,demo_baseline,758.0031079564033,1,0,86.0,86.0,90,767.0665301914911
TR,1,718,3526583180322400463,evaluation,demo_baseline,758.0031079564033,1,0,86.0,86.0,89,777.1167505600433
TR,1,719,2645948067045650959,evaluation,demo_baseline,758.0031079564033,1,0,93.0,93.0,94,782.2661598446285
TR,1,720,5939321151860161062,evaluation,demo_baseline,758.0031079564033,1,0,87.0,87.0,93,763.2537705530322
TR,1,721,6481779865766866991,evaluation,demo_baseline,758.0031079564033,1,0,88.0,88.0,97,764.267589287546
TR,1,722,3295715244335476452,evaluation,demo_baseline,758.0031079564033,1,0,114.0,114.0,101,760.3774291576353
TR,1,723,4315297369717980451,evaluation,demo_baseline,758.0031079564033,1,0,115.0,115.0,124,760.4704803920583
TR,1,724,4635367997027712979,evaluation,demo_baseline,758.0031079564033,1,0,94.0,94.0,98,768.8310175432565
TR,1,725,3403626509403112979,evaluation,demo_baseline,758.0031079564033,1,0,102.0,102.0,102,759.6758424708512
TR,1,726,6832277781872266407,evaluation,demo_baseline,758.0031079564033,1,0,87.0,87.0,84,778.0275322719907
TR,1,727,883107404499876455,evaluation,demo_baseline,758.0031079564033,1,0,92.0,92.0,83,767.7843717236
TR,1,728,4662362880349416050,evaluation,demo_baseline,758.0031079564033,1,0,104.0,104.0,103,758.8496705442665
TR,1,729,3005345504600163345,evaluation,demo_baseline,758.0031079564033,1,0,94.0,94.0,101,771.0695270679677
TR,1,730,6804468579566221248,evaluation,demo_baseline,758.0031079564033,1,0,106.0,106.0,88,786.9473515067709
TR,1,731,2320460067225269395,evaluation,demo_baseline,758.0031079564033,1,0,105.0,105.0,104,759.9651767891423
TR,1,732,8364738399209239143,evaluation,demo_baseline,758.0031079564033,1,0,98.0,98.0,99,760.5172235571442
TR,1,733,3384076559447678256,evaluation,demo_baseline,758.0031079564033,1,0,91.0,91.0,100,761.0408691377785
TR,1,734,4139340202476817464,evaluation,demo_baseline,758.0031079564033,1,0,85.0,85.0,85,759.9264148923293
TR,1,735,1834674683373508077,evaluation,demo_baseline,758.0031079564033,1,0,95.0,95.0,96,774.5857927684544
TR,1,736,542805896983215246,evaluation,demo_baseline,758.0031079564033,1,0,104.0,104.0,107,772.4962505174628
TR,1,737,4478106581758260013,evaluation,demo_baseline,758.0031079564033,1,0,94.0,94.0,93,805.918665495237
TR,1,738,346238927222519909,evaluation,demo_baseline,758.0031079564033,1,0,73.0,73.0,83,760.1999231018303
TR,1,739,3630786997072217722,evaluation,demo_baseline,758.0031079564033,1,0,103.0,103.0,95,790.9918268475712
TR,1,740,3929421769361488748,evaluation,demo_baseline,758.0031079564033,1,0,84.0,84.0,82,760.657300832702
TR,1,741,2132397828284108356,evaluation,demo_baseline,758.0031079564033,1,0,114.0,114.0,116,767.8227191932478
TR,1,742,5244874165676390132,evaluation,demo_baseline,758.0031079564033,1,0,71.0,71.0,75,767.2254949254914
TR,1,743,3085785663253317832,evaluation,demo_baseline,758.0031079564033,1,0,99.0,99.0,112,766.2929730361712
TR,1,744,3108342282271700284,evaluation,demo_baseline,758.0031079564033,1,0,96.0,96.0,97,766.607090530431
TR,1,745,4494283534412098260,evaluation,demo_baseline,758.0031079564033,1,0,90.0,90.0,101,761.4028553317962
TR,1,746,5238374366828883062,evaluation,demo_baseline,758.0031079564033,1,0,87.0,87.0,86,773.6989683840302
TR,1,747,551070102830819859,evaluation,demo_baseline,758.0031079564033,1,0,111.0,111.0,101,787.5513800058209
TR,1,748,3678751371791663826,evaluation,demo_baseline,758.0031079564033,1,0,84.0,84.0,92,760.2196634571599
TR,1,749,7095528200974062580,evaluation,demo_baseline,758.0031079564033,1,0,95.0,95.0,93,770.0843347009169
TR,1,750,1682841692584739815,evaluation,demo_baseline,758.0031079564033,1,0,105.0,105.0,106,762.0030441079261
TR,1,751,1420647901585013889,evaluation,demo_baseline,758.0031079564033,1,0,101.0,101.0,99,760.1472115666695
TR,1,752,3084442972973178048,evaluation,demo_baseline,758.0031079564033,1,0,87.0,87.0,98,764.0053362259341
TR,1,753,7946832973515710832,evaluation,demo_baseline,758.0031079564033,1,0,89.0,89.0,91,768.4445126219101
TR,1,754,2127925772642902498,evaluation,demo_baseline,758.0031079564033,1,0,85.0,85.0,79,763.5448598056377
TR,1,755,6511892873820547072,evaluation,demo_baseline,758.0031079564033,1,0,82.0,82.0,86,759.4339067156296
TR,1,756,1817996709678525938,evaluation,demo_baseline,758.0031079564033,1,0,93.0,93.0,88,765.0350027121813
TR,1,757,2916531212975300057,evaluation,demo_baseline,758.0031079564033,1,0,84.0,84.0,87,780.3104257655048
TR,1,758,2700820226679545162,evaluation,demo_baseline,758.0031079564033,1,0,99.0,99.0,92,781.6863867054101
TR,1,759,7671202319854321908,evaluation,demo_baseline,758.0031079564033,1,0,95.0,95.0,102,794.5726725556026
TR,1,760,1345245745071267897,evaluation,demo_baseline,758.0031079564033,1,0,94.0,94.0,103,809.8764489175894
TR,1,761,8569961043178195457,evaluation,demo_baseline,758.0031079564033,1,0,78.0,78.0,78,774.730630948018
TR,1,762,5138128329346311761,evaluation,demo_baseline,758.0031079564033,1,0,101.0,101.0,102,782.8449914178235
TR,1,763,6721270633713351022,evaluation,demo_baseline,758.0031079564033,1,0,92.0,92.0,108,758.9834616054953
TR,1,764,5541717785188947766,evaluation,demo_baseline,758.0031079564033,1,0,93.0,93.0,102,760.1252997373274
TR,1,765,3496242828857508199,evaluation,demo_baseline,758.0031079564033,1,0,78.0,78.0,89,761.6637965095746
TR,1,766,5554327557445890719,evaluation,demo_baseline,758.0031079564033,1,0,73.0,73.0,74,781.7804881735224
TR,1,767,8483129228074338323,evaluation,demo_baseline,758.0031079564033,1,0,113.0,113.0,108,762.0872703420624
TR,1,768,8048271830673295268,evaluation,demo_baseline,758.0031079564033,1,0,92.0,92.0,87,764.8811564604277
TR,1,769,2829914711530858091,evaluation,demo_baseline,758.0031079564033,1,0,116.0,116.0,108,760.6990144600395
TR,1,770,715609538094443008,evaluation,demo_baseline,758.0031079564033,1,0,78.0,78.0,82,761.3456144847694
TR,1,771,1615546016097720409,evaluation,demo_baseline,758.0031079564033,1,0,118.0,118.0,105,758.3612441773291
TR,1,772,335924443602512810,evaluation,demo_baseline,758.0031079564033,1,0,94.0,94.0,99,761.8958612778428
TR,1,773,4444578198125801204,evaluation,demo_baseline,758.0031079564033,1,0,89.0,89.0,89,767.2416564011294
TR,1,774,5200225128096402605,evaluation,demo_baseline,758.0031079564033,1,0,102.0,102.0,103,766.6038718779902
TR,1,775,4823197339935095893,evaluation,demo_baseline,758.0031079564033,1,0,85.0,85.0,89,764.2894173089707
TR,1,776,7288656844618514809,evaluation,demo_baseline,758.0031079564033,1,0,90.0,90.0,72,762.0286588637636
TR,1,777,8832824722911405268,evaluation,demo_baseline,758.0031079564033,1,0,94.0,94.0,94,779.1015174935987
TR,1,778,1429300537904933701,evaluation,demo_baseline,758.0031079564033,1,0,100.0,100.0,102,759.0576314108818
TR,1,779,1585665914304093898,evaluation,demo_baseline,758.0031079564033,1,0,88.0,88.0,95,764.9749875713987
TR,1,780,5526321146748958455,evaluation,demo_baseline,758.0031079564033,1,0,89.0,89.0,91,764.2666557229759
TR,1,781,3066954679092757124,evaluation,demo_baseline,758.0031079564033,1,0,89.0,89.0,95,770.7034361188346
TR,1,782,5783405319923864995,evaluation,demo_baseline,758.0031079564033,1,0,108.0,108.0,106,758.096154495114
TR,1,783,8786000584763794440,evaluation,demo_baseline,758.0031079564033,1,0,101.0,101.0,94,775.5097755615528
TR,1,784,8647097874681578387,evaluation,demo_baseline,758.0031079564033,1,0,96.0,96.0,88,765.8317943066558
TR,1,785,1331204657875273810,evaluation,demo_baseline,758.0031079564033,1,0,100.0,100.0,119,786.9255270950764
TR,1,786,7959350326717793303,evaluation,demo_baseline,758.0031079564033,1,0,97.0,97.0,79,771.7770024978805
TR,1,787,331690071908305964,evaluation,demo_baseline,758.0031079564033,1,0,91.0,91.0,92,758.024605755127
TR,1,788,7222703310216896003,evaluation,demo_baseline,758.0031079564033,1,0,86.0,86.0,95,760.8650245684128
TR,1,789,9107502255636700326,evaluation,demo_baseline,758.0031079564033,1,0,102.0,102.0,102,769.4513061767227
TR,1,790,2035722079374640931,evaluation,demo_baseline,758.0031079564033,1,0,91.0,91.0,81,758.4873023123612
TR,1,791,3367623369812548776,evaluation,demo_baseline,758.0031079564033,1,0,100.0,100.0,76,768.5957837075871
TR,1,792,2341087358005249680,evaluation,demo_baseline,758.0031079564033,1,0,109.0,109.0,99,760.0749304725697
TR,1,793,7238461243214597407,evaluation,demo_baseline,758.0031079564033,1,0,69.0,69.0,94,768.3563358247915
TR,1,794,8507001539294124538,evaluation,demo_baseline,758.0031079564033,1,0,110.0,110.0,95,765.2946595742985
TR,1,795,7956411242367448459,evaluation,demo_baseline,758.0031079564033,1,0,80.0,80.0,74,766.8367741589025
TR,1,796,5569969314317099652,evaluation,demo_baseline,758.0031079564033,1,0,98.0,98.0,97,777.3830495430176
TR,1,797,2180394065167147015,evaluation,demo_baseline,758.0031079564033,1,0,85.0,85.0,76,780.8684397764673
TR,1,798,8805969842975099898,evaluation,demo_baseline,758.0031079564033,1,0,95.0,95.0,109,762.8347542005129
TR,1,799,1531244443990348934,evaluation,demo_baseline,758.0031079564033,1,0,90.0,90.0,104,760.3628409662653
TR,1,800,3992067529832791453,evaluation,demo_baseline,758.0031079564033,1,0,82.0,82.0,87,769.128702823807
TR,1,801,6357289266147075146,evaluation,demo_baseline,758.0031079564033,1,0,103.0,103.0,89,778.9434507863787
TR,1,802,1986515648080858008,evaluation,demo_baseline,758.0031079564033,1,0,94.0,94.0,101,765.4939641897463
TR,1,803,5485868474014649666,evaluation,demo_baseline,758.0031079564033,1,0,80.0,80.0,98,762.3112400269611
TR,1,804,8349308574059891772,evaluation,demo_baseline,758.0031079564033,1,0,88.0,88.0,102,781.7045274688003
TR,1,805,8991610631570454764,evaluation,demo_baseline,758.0031079564033,1,0,74.0,74.0,75,763.3724322305868
TR,1,806,5992199921381928005,evaluation,demo_baseline,758.0031079564033,1,0,74.0,74.0,71,777.9015970546665
TR,1,807,7567274868869625990,evaluation,demo_baseline,758.0031079564033,1,0,115.0,115.0,115,786.94250720338
TR,1,808,1523700622387407977,evaluation,demo_baseline,758.0031079564033,1,0,108.0,108.0,106,761.483537284801
TR,1,809,5370748993486755341,evaluation,demo_baseline,758.0031079564033,1,0,97.0,97.0,91,759.7865953181506
TR,1,810,42161991613125828,evaluation,demo_baseline,758.0031079564033,1,0,95.0,95.0,96,760.7776294586903
TR,1,811,855229148253319348,evaluation,demo_baseline,758.0031079564033,1,0,82.0,82.0,75,770.5782333085967
TR,1,812,3146323713191242649,evaluation,demo_baseline,758.0031079564033,1,0,87.0,87.0,113,761.2832847018574
TR,1,813,8520574149295688712,evaluation,demo_baseline,758.0031079564033,1,0,94.0,94.0,101,759.9812325115115
TR,1,814,7116559461824306881,evaluation,demo_baseline,758.0031079564033,1,0,102.0,102.0,123,765.0152529019232
TR,1,815,6926813937873707385,evaluation,demo_baseline,758.0031079564033,1,0,90.0,90.0,91,760.2760800670449
TR,1,816,1128503965882256933,evaluation,demo_baseline,758.0031079564033,1,0,69.0,69.0,85,791.0726112173654
TR,1,817,4248199434182587461,evaluation,demo_baseline,758.0031079564033,1,0,94.0,94.0,94,761.902812048812
TR,1,818,6848809025699297487,evaluation,demo_baseline,758.0031079564033,1,0,80.0,80.0,82,766.9925913539059
TR,1,819,7357388895034902415,evaluation,demo_baseline,758.0031079564033,1,0,104.0,104.0,104,760.6167119428461
TR,1,820,8435131881456249437,evaluation,demo_baseline,758.0031079564033,1,0,93.0,93.0,119,779.2377457549464
TR,1,821,1029265450574641939,evaluation,demo_baseline,758.0031079564033,1,0,79.0,79.0,83,770.2873469560614
TR,1,822,2431370372162479012,evaluation,demo_baseline,758.0031079564033,1,0,99.0,99.0,109,764.8790000980796
TR,1,823,6872269724021021731,evaluation,demo_baseline,758.0031079564033,1,0,114.0,114.0,120,767.6172883237047
TR,1,824,4228917489098299079,evaluation,demo_baseline,758.0031079564033,1,0,101.0,101.0,100,758.9340874899506
TR,1,825,3280978739043125695,evaluation,demo_baseline,758.0031079564033,1,0,82.0,82.0,93,805.4949421533281
TR,1,826,1219344312590141777,evaluation,demo_baseline,758.0031079564033,1,0,69.0,69.0,80,760.0857924932423
TR,1,827,8755946147922373718,evaluation,demo_baseline,758.0031079564033,1,0,77.0,77.0,85,758.475991826465
TR,1,828,3510515965428075827,evaluation,demo_baseline,758.0031079564033,1,0,83.0,83.0,84,759.9318297581634
TR,1,829,2390079020037883738,evaluation,demo_baseline,758.0031079564033,1,0,92.0,92.0,95,758.791591143414
TR,1,830,155227898875580190,evaluation,demo_baseline,758.0031079564033,1,0,87.0,87.0,92,765.9419871307583
TR,1,831,8630261955397133218,evaluation,demo_baseline,758.0031079564033,1,0,94.0,94.0,91,764.9254788299246
TR,1,832,6814087596273209559,evaluation,demo_baseline,758.0031079564033,1,0,99.0,99.0,108,761.2987786714508
TR,1,833,921465546409173818,evaluation,demo_baseline,758.0031079564033,1,0,110.0,110.0,107,762.1471016300453
TR,1,834,6305486519121925433,evaluation,demo_baseline,758.0031079564033,1,0,75.0,75.0,81,763.5073872226754
TR,1,835,7449415066032854055,evaluation,demo_baseline,758.0031079564033,1,0,86.0,86.0,92,768.1806669891446
TR,1,836,8970909805036943278,evaluation,demo_baseline,758.0031079564033,1,0,87.0,87.0,111,771.1323375478769
TR,1,837,6224692481123187511,evaluation,demo_baseline,758.0031079564033,1,0,108.0,108.0,97,796.2802088907631
TR,1,838,7037152940141031497,evaluation,demo_baseline,758.0031079564033,1,0,92.0,92.0,102,759.5814395041168
TR,1,839,5109076926548293236,evaluation,demo_baseline,758.0031079564033,1,0,89.0,89.0,94,781.2883736504087
TR,1,840,5053680185737228869,evaluation,demo_baseline,758.0031079564033,1,0,91.0,91.0,86,789.1564030889247
TR,1,841,8170675378429784135,evaluation,demo_baseline,758.0031079564033,1,0,97.0,97.0,111,765.3014071073673
TR,1,842,8367849579763071967,evaluation,demo_baseline,758.0031079564033,1,0,83.0,83.0,94,772.5676461424075
TR,1,843,8837228304563551662,evaluation,demo_baseline,758.0031079564033,1,0,84.0,84.0,90,763.5578455888503
TR,1,844,3416471393881351275,evaluation,demo_baseline,758.0031079564033,1,0,78.0,78.0,87,763.3859505078207
TR,1,845,8117288311581654541,evaluation,demo_baseline,758.0031079564033,1,0,105.0,105.0,103,790.1391601066009
TR,1,846,833599706623724671,evaluation,demo_baseline,758.0031079564033,1,0,85.0,85.0,92,759.314276972971
TR,1,847,5912138202702007656,evaluation,demo_baseline,758.0031079564033,1,0,95.0,95.0,99,758.5582821629715
TR,1,848,8662638099186678536,evaluation,demo_baseline,758.0031079564033,1,0,86.0,86.0,78,763.2005005690241
TR,1,849,4144005371336754502,evaluation,demo_baseline,758.0031079564033,1,0,94.0,94.0,86,761.4615226642011
TR,1,850,8480724760021611276,evaluation,demo_baseline,758.0031079564033,1,0,106.0,106.0,98,758.2287836421805
TR,1,851,5508274024647719144,evaluation,demo_baseline,758.0031079564033,1,0,98.0,98.0,99,763.7204945048816
TR,1,852,977559160066062628,evaluation,demo_baseline,758.0031079564033,1,0,91.0,91.0,103,770.1897007991231
TR,1,853,5598536425827701239,evaluation,demo_baseline,758.0031079564033,1,0,86.0,86.0,98,760.3618712842282
TR,1,854,5415483134753694288,evaluation,demo_baseline,758.0031079564033,1,0,103.0,103.0,101,768.4234890632398
TR,1,855,3020035637523796631,evaluation,demo_baseline,758.0031079564033,1,0,102.0,102.0,96,775.4381081610353
TR,1,856,7228356920589193222,evaluation,demo_baseline,758.0031079564033,1,0,88.0,88.0,86,788.5551086952439
TR,1,857,3985274167130743568,evaluation,demo_baseline,758.0031079564033,1,0,89.0,89.0,87,762.880235282828
TR,1,858,7191517585060291966,evaluation,demo_baseline,758.0031079564033,1,0,99.0,99.0,94,761.3445348944601
TR,1,859,6464420899717341898,evaluation,demo_baseline,758.0031079564033,1,0,93.0,93.0,109,760.7351119519476
TR,1,860,1783361278218680261,evaluation,demo_baseline,758.0031079564033,1,0,99.0,99.0,104,758.4879798568126
TR,1,861,1328005374533489822,evaluation,demo_baseline,758.0031079564033,1,0,92.0,92.0,94,769.3779479254342
TR,1,862,1014636569147452069,evaluation,demo_baseline,758.0031079564033,1,0,73.0,73.0,87,761.686798787955
TR,1,863,3724001393916793638,evaluation,demo_baseline,758.0031079564033,1,0,115.0,115.0,104,801.0962468948393
TR,1,864,2069723470523346675,evaluation,demo_baseline,758.0031079564033,1,0,91.0,91.0,109,764.1790894090625
TR,1,865,7222041563976267007,evaluation,demo_baseline,758.0031079564033,1,0,82.0,82.0,90,760.1339289211069
TR,1,866,4990230274902281352,evaluation,demo_baseline,758.0031079564033,1,0,102.0,102.0,102,760.0082761331314
TR,1,867,7286764355789252292,evaluation,demo_baseline,758.0031079564033,1,0,97.0,97.0,82,758.1133903320483
TR,1,868,5528094310272961394,evaluation,demo_baseline,758.0031079564033,1,0,76.0,76.0,87,763.838452295638
TR,1,869,3342037698971064565,evaluation,demo_baseline,758.0031079564033,1,0,97.0,97.0,95,765.0106028269217
TR,1,870,4461755829545105038,evaluation,demo_baseline,758.0031079564033,1,0,88.0,88.0,97,762.1221612301174
TR,1,871,3749751354076980617,evaluation,demo_baseline,758.0031079564033,1,0,84.0,84.0,98,767.6877347701248
TR,1,872,938458009880293197,evaluation,demo_baseline,758.0031079564033,1,0,96.0,96.0,116,760.188847847446
TR,1,873,2750269450721722642,evaluation,demo_baseline,758.0031079564033,1,0,78.0,78.0,79,758.4373970218523
TR,1,874,4665445070410491541,evaluation,demo_baseline,758.0031079564033,1,0,101.0,101.0,99,760.0581022120477
TR,1,875,4212228075936283321,evaluation,demo_baseline,758.0031079564033,1,0,83.0,83.0,84,764.9794977099862
TR,1,876,1387869901914438814,evaluation,demo_baseline,758.0031079564033,1,0,91.0,91.0,83,777.8155109037701
TR,1,877,3537630183594169125,evaluation,demo_baseline,758.0031079564033,1,0,78.0,78.0,72,788.3820790867552
TR,1,878,6441828597550231977,evaluation,demo_baseline,758.0031079564033,1,0,80.0,80.0,79,771.1880503730636
TR,1,879,2106270288069926579,evaluation,demo_baseline,758.0031079564033,1,0,98.0,98.0,97,775.8528937193803
TR,1,880,6224273046647495680,evaluation,demo_baseline,758.0031079564033,1,0,90.0,90.0,89,765.2755398511598
TR,1,881,307506379622252792,evaluation,demo_baseline,758.0031079564033,1,0,92.0,92.0,87,776.1947800095456
TR,1,882,7476891057246325150,evaluation,demo_baseline,758.0031079564033,1,0,86.0,86.0,99,763.8368214095636
TR,1,883,9009249090916143326,evaluation,demo_baseline,758.0031079564033,1,0,88.0,88.0,86,763.8011211907004
TR,1,884,9170106391097339876,evaluation,demo_baseline,758.0031079564033,1,0,98.0,98.0,96,800.8498397283616
TR,1,885,5574652972404116068,evaluation,demo_baseline,758.0031079564033,1,0,134.0,134.0,108,763.7262862806969
TR,1,886,952436741797127149,evaluation,demo_baseline,758.0031079564033,1,0,92.0,92.0,108,766.2218986944079
TR,1,887,511550015457192946,evaluation,demo_baseline,758.0031079564033,1,0,109.0,109.0,95,761.6049089956723
TR,1,888,8752151548678650118,evaluation,demo_baseline,758.0031079564033,1,0,83.0,83.0,86,764.9638698832808
TR,1,889,7507166530390037045,evaluation,demo_baseline,758.0031079564033,1,0,87.0,87.0,97,764.5215138415098
TR,1,890,7432570442764378860,evaluation,demo_baseline,758.0031079564033,1,0,98.0,98.0,116,772.8827291442916
TR,1,891,1234130309749627603,evaluation,demo_baseline,758.0031079564033,1,0,81.0,81.0,90,769.0827843616994
TR,1,892,2670770485555854784,evaluation,demo_baseline,758.0031079564033,1,0,106.0,106.0,105,759.7605956531204
TR,1,893,2305766003689377886,evaluation,demo_baseline,758.0031079564033,1,0,104.0,104.0,97,759.365110780123
TR,1,894,5663607526135768318,evaluation,demo_baseline,758.0031079564033,1,0,86.0,86.0,95,763.8900911766324
TR,1,895,3747155557422830265,evaluation,demo_baseline,758.0031079564033,1,0,88.0,88.0,81,762.1433827517718
TR,1,896,6862894276413050852,evaluation,demo_baseline,758.0031079564033,1,0,93.0,93.0,102,768.7033040271756
TR,1,897,7289624485084589996,evaluation,demo_baseline,758.0031079564033,1,0,93.0,93.0,105,772.9099876882691
TR,1,898,4047594242977238341,evaluation,demo_baseline,758.0031079564033,1,0,84.0,84.0,90,762.6416351469336
TR,1,899,8413888745683740377,evaluation,demo_baseline,758.0031079564033,1,0,90.0,90.0,96,760.7389561962407
TR,1,900,1844576239118994843,evaluation,demo_baseline,758.0031079564033,1,0,106.0,106.0,107,763.7051273959764
TR,1,901,5275317524403847003,evaluation,demo_baseline,758.0031079564033,1,0,71.0,71.0,76,758.4217934199248
TR,1,902,7815811818797525339,evaluation,demo_baseline,758.0031079564033,1,0,78.0,78.0,90,758.7209082900125
TR,1,903,1967923114015416268,evaluation,demo_baseline,758.0031079564033,1,0,91.0,91.0,82,772.8375845481124
TR,1,904,245189029170951498,evaluation,demo_baseline,758.0031079564033,1,0,115.0,115.0,111,763.7877966881349
TR,1,905,7562747569670922186,evaluation,demo_baseline,758.0031079564033,1,0,101.0,101.0,106,768.0993575435382
TR,1,906,244531866588541254,evaluation,demo_baseline,758.0031079564033,1,0,94.0,94.0,86,760.5566636043147
TR,1,907,1475463069532666834,evaluation,demo_baseline,758.0031079564033,1,0,75.0,75.0,76,759.3466180084486
TR,1,908,340243064216767519,evaluation,demo_baseline,758.0031079564033,1,0,95.0,95.0,102,758.2987379340098
TR,1,909,4427029347916414311,evaluation,demo_baseline,758.0031079564033,1,0,79.0,79.0,75,779.7763467238437
TR,1,910,7047602742955127037,evaluation,demo_baseline,758.0031079564033,1,0,99.0,99.0,104,759.9553357671537
TR,1,911,8013162920734263364,evaluation,demo_baseline,758.0031079564033,1,0,95.0,95.0,93,759.8846593565817
TR,1,912,7945197939841126229,evaluation,demo_baseline,758.0031079564033,1,0,79.0,79.0,77,765.7601416948008
TR,1,913,300636357497807059,evaluation,demo_baseline,758.0031079564033,1,0,83.0,83.0,79,764.2597466322048
TR,1,914,7619947455816707427,evaluation,demo_baseline,758.0031079564033,1,0,87.0,87.0,71,759.0524080852624
TR,1,915,3158991175316906732,evaluation,demo_baseline,758.0031079564033,1,0,74.0,74.0,82,802.3353020420012
TR,1,916,6546091393837867411,evaluation,demo_baseline,758.0031079564033,1,0,126.0,126.0,121,760.2972770636225
TR,1,917,8583716570359948604,evaluation,demo_baseline,758.0031079564033,1,0,105.0,105.0,98,761.1531360095149
TR,1,918,1174517363969612147,evaluation,demo_baseline,758.0031079564033,1,0,94.0,94.0,99,765.1734761768795
TR,1,919,7298098258410234764,evaluation,demo_baseline,758.0031079564033,1,0,97.0,97.0,96,760.8197147664994
TR,1,920,127678591988875181,evaluation,demo_baseline,758.0031079564033,1,0,96.0,96.0,97,758.9892483716887
TR,1,921,7467726389371335041,evaluation,demo_baseline,758.0031079564033,1,0,92.0,92.0,89,760.921153230356
TR,1,922,1790816128307309906,evaluation,demo_baseline,758.0031079564033,1,0,80.0,80.0,87,758.5837380412398
TR,1,923,6989392292682307294,evaluation,demo_baseline,758.0031079564033,1,0,94.0,94.0,88,762.3059550331295
TR,1,924,5436323170241682743,evaluation,demo_baseline,758.0031079564033,1,0,94.0,94.0,84,759.2498139042449
TR,1,925,7995922860861366321,evaluation,demo_baseline,758.0031079564033,1,0,94.0,94.0,101,765.3333257856963
TR,1,926,4372113342367286629,evaluation,demo_baseline,758.0031079564033,1,0,92.0,92.0,87,758.3371935879645
TR,1,927,8103462359559235436,evaluation,demo_baseline,758.0031079564033,1,0,104.0,104.0,103,759.2872830948161
TR,1,928,2022884283822622797,evaluation,demo_baseline,758.0031079564033,1,0,107.0,107.0,105,758.9316251260767
TR,1,929,1115241058906744389,evaluation,demo_baseline,758.0031079564033,1,0,101.0,101.0,95,759.6871581861914
TR,1,930,2540466480058750329,evaluation,demo_baseline,758.0031079564033,1,0,101.0,101.0,96,760.6452155144955
TR,1,931,1746193928048771759,evaluation,demo_baseline,758.0031079564033,1,0,91.0,91.0,91,759.9087293206252
TR,1,932,1655384627769604414,evaluation,demo_baseline,758.0031079564033,1,0,104.0,104.0,112,765.0372845320567
TR,1,933,2144617726937628313,evaluation,demo_baseline,758.0031079564033,1,0,81.0,81.0,82,760.0479550294895
TR,1,934,2164046102063801170,evaluation,demo_baseline,758.0031079564033,1,0,71.0,71.0,80,767.4702766070376
TR,1,935,3093144145621641516,evaluation,demo_baseline,758.0031079564033,1,0,107.0,107.0,123,762.7951387859858
TR,1,936,8414220648655561628,evaluation,demo_baseline,758.0031079564033,1,0,87.0,87.0,95,764.142009536228
TR,1,937,5041963214096668133,evaluation,demo_baseline,758.0031079564033,1,0,84.0,84.0,98,765.3301780512422
TR,1,938,8908464940086653152,evaluation,demo_baseline,758.0031079564033,1,0,82.0,82.0,85,773.3064835662678
TR,1,939,5606204863909384740,evaluation,demo_baseline,758.0031079564033,1,0,97.0,97.0,101,759.0742669258022
TR,1,940,618243427419022676,evaluation,demo_baseline,758.0031079564033,1,0,105.0,105.0,91,758.5083599580487
TR,1,941,7089294797276188657,evaluation,demo_baseline,758.0031079564033,1,0,89.0,89.0,87,779.7862901140495
TR,1,942,1991046773984450723,evaluation,demo_baseline,758.0031079564033,1,0,123.0,123.0,120,759.1827866539275
TR,1,943,8905829824685803989,evaluation,demo_baseline,758.0031079564033,1,0,111.0,111.0,102,766.376238171641
TR,1,944,4668820879621427702,evaluation,demo_baseline,758.0031079564033,1,0,73.0,73.0,75,788.660727867928
TR,1,945,7279910007009288832,evaluation,demo_baseline,758.0031079564033,1,0,86.0,86.0,88,766.4593115275803
TR,1,946,6574741353660699023,evaluation,demo_baseline,758.0031079564033,1,0,113.0,113.0,101,758.4560160242544
TR,1,947,5531821548081012447,evaluation,demo_baseline,758.0031079564033,1,0,123.0,123.0,109,758.3345300535193
TR,1,948,3017525577746639135,evaluation,demo_baseline,758.0031079564033,1,0,72.0,72.0,72,791.6936465075736
TR,1,949,305685988901553297,evaluation,demo_baseline,758.0031079564033,1,0,90.0,90.0,86,768.5100828041471
TR,1,950,2859660975320127065,evaluation,demo_baseline,758.0031079564033,1,0,89.0,89.0,102,766.2734808694805
TR,1,951,7912298190729183970,evaluation,demo_baseline,758.0031079564033,1,0,91.0,91.0,111,763.1937552781233
TR,1,952,3413805240117275773,evaluation,demo_baseline,758.0031079564033,1,0,97.0,97.0,104,775.367409426425
TR,1,953,2346922209098661040,evaluation,demo_baseline,758.0031079564033,1,0,78.0,78.0,83,775.8778759297273
TR,1,954,3067590962754264479,evaluation,demo_baseline,758.0031079564033,1,0,123.0,123.0,116,761.5066691557888
TR,1,955,1303977314214938610,evaluation,demo_baseline,758.0031079564033,1,0,94.0,94.0,95,774.1277386168532
TR,1,956,2764590586810425523,evaluation,demo_baseline,758.0031079564033,1,0,86.0,86.0,103,759.7267988578948
TR,1,957,1743862047756551656,evaluation,demo_baseline,758.0031079564033,1,0,100.0,100.0,101,767.543481065684
TR,1,958,1463871054169744063,evaluation,demo_baseline,758.0031079564033,1,0,69.0,69.0,71,758.468093922472
TR,1,959,5048857363573154322,evaluation,demo_baseline,758.0031079564033,1,0,64.0,64.0,68,761.1914608602615
TR,1,960,1920596944564887642,evaluation,demo_baseline,758.0031079564033,1,0,100.0,100.0,114,764.6664444983692
TR,1,961,3111387351678059778,evaluation,demo_baseline,758.0031079564033,1,0,83.0,83.0,79,759.6913955537744
TR,1,962,689488572105316379,evaluation,demo_baseline,758.0031079564033,1,0,83.0,83.0,90,783.8783648828778
TR,1,963,3648487684239400591,evaluation,demo_baseline,758.0031079564033,1,0,87.0,87.0,89,768.0115154840685
TR,1,964,2908157184577213045,evaluation,demo_baseline,758.0031079564033,1,0,87.0,87.0,100,764.2976526891003
TR,1,965,7808520741686156731,evaluation,demo_baseline,758.0031079564033,1,0,84.0,84.0,99,759.428602828985
TR,1,966,4461062674371991722,evaluation,demo_baseline,758.0031079564033,1,0,88.0,88.0,96,767.5811397153068
TR,1,967,7468336483733591176,evaluation,demo_baseline,758.0031079564033,1,0,98.0,98.0,101,766.8862912196045
TR,1,968,3162626441621493535,evaluation,demo_baseline,758.0031079564033,1,0,81.0,81.0,87,758.0404734648108
TR,1,969,7163508676340465601,evaluation,demo_baseline,758.0031079564033,1,0,97.0,97.0,112,806.5466723429954
TR,1,970,478054543351589491,evaluation,demo_baseline,758.0031079564033,1,0,93.0,93.0,89,780.9417311059293
TR,1,971,7095902239692364456,evaluation,demo_baseline,758.0031079564033,1,0,87.0,87.0,85,781.3256580166003
TR,1,972,7434741065165835083,evaluation,demo_baseline,758.0031079564033,1,0,102.0,102.0,87,771.0940211998145
TR,1,973,6609983219012607166,evaluation,demo_baseline,758.0031079564033,1,0,118.0,118.0,92,785.5118210718912
TR,1,974,3632571429738574945,evaluation,demo_baseline,758.0031079564033,1,0,109.0,109.0,101,821.0955985464936
TR,1,975,2993573286321831538,evaluation,demo_baseline,758.0031079564033,1,0,94.0,94.0,89,759.8352050999974
TR,1,976,7598272971185080056,evaluation,demo_baseline,758.0031079564033,1,0,101.0,101.0,98,800.8363868005506
TR,1,977,2986619539433216968,evaluation,demo_baseline,758.0031079564033,1,0,105.0,105.0,104,758.1638709380404
TR,1,978,9212119583824643730,evaluation,demo_baseline,758.0031079564033,1,0,84.0,84.0,100,769.2095544638274
TR,1,979,5210077340946861509,evaluation,demo_baseline,758.0031079564033,1,0,98.0,98.0,94,758.193694447896
TR,1,980,5340278912439441425,evaluation,demo_baseline,758.0031079564033,1,0,108.0,108.0,108,762.8530793154687
TR,1,981,5665300201155941285,evaluation,demo_baseline,758.0031079564033,1,0,85.0,85.0,94,761.4487547063127
TR,1,982,4696786439415768225,evaluation,demo_baseline,758.0031079564033,1,0,95.0,95.0,103,758.4580357452137
TR,1,983,5637082252761335449,evaluation,demo_baseline,758.0031079564033,1,0,90.0,90.0,92,758.5231424699489
TR,1,984,952174504189353563,evaluation,demo_baseline,758.0031079564033,1,0,87.0,87.0,100,762.3951891434729
TR,1,985,7146345302927518223,evaluation,demo_baseline,758.0031079564033,1,0,93.0,93.0,98,769.3576486078427
TR,1,986,2691264163660435112,evaluation,demo_baseline,758.0031079564033,1,0,97.0,97.0,91,760.8017665253046
TR,1,987,2089651495155661535,evaluation,demo_baseline,758.0031079564033,1,0,83.0,83.0,97,764.5425119573431
TR,1,988,4836943141209500626,evaluation,demo_baseline,758.0031079564033,1,0,90.0,90.0,81,768.041397989929
TR,1,989,5814287568052379738,evaluation,demo_baseline,758.0031079564033,1,0,106.0,106.0,106,770.9515745037967
TR,1,990,3931410410506286880,evaluation,demo_baseline,758.0031079564033,1,0,107.0,107.0,110,764.9972181974755
TR,1,991,3562082369355393320,evaluation,demo_baseline,758.0031079564033,1,0,96.0,96.0,98,763.3194253051025
TR,1,992,2892966812508944397,evaluation,demo_baseline,758.0031079564033,1,0,87.0,87.0,91,774.6248858877887
TR,1,993,3764347356364345617,evaluation,demo_baseline,758.0031079564033,1,0,93.0,93.0,106,776.9667199838575
TR,1,994,6933966069107514048,evaluation,demo_baseline,758.0031079564033,1,0,101.0,101.0,101,759.456550776372
TR,1,995,70547880106149864,evaluation,demo_baseline,758.0031079564033,1,0,82.0,82.0,89,784.8109026429374
TR,1,996,179472360837160080,evaluation,demo_baseline,758.0031079564033,1,0,87.0,87.0,90,759.4237223670818
TR,1,997,2651730243314464805,evaluation,demo_baseline,758.0031079564033,1,0,90.0,90.0,100,758.2666629095866
TR,1,998,7043868117687415110,evaluation,demo_baseline,758.0031079564033,1,0,98.0,98.0,98,769.5002845765507
TR,1,999,7355162061496661926,evaluation,demo_baseline,758.0031079564033,1,0,89.0,89.0,90,768.6749738730979
EIR,0,0,8315828300015138575,evaluation,demo_baseline,793.9474891355933,0,0,inf,inf,125,644.3822695892532
EIR,0,1,2589058694672046149,evaluation,demo_baseline,793.9474891355933,0,0,inf,inf,126,612.7472547625214
EIR,0,2,3912380690491058408,evaluation,demo_baseline,793.9474891355933,0,0,inf,inf,110,571.9236547336303
EIR,0,3,7189249197400664292,evaluation,demo_baseline,793.9474891355933,0,0,inf,267.0,125,805.0731999845797
EIR,0,4,2135757163734473418,evaluation,demo_baseline,793.9474891355933,0,0,inf,inf,127,698.8215229671354
EIR,0,5,3364503239213802317,evaluation,demo_baseline,793.9474891355933,0,0,inf,inf,124,602.516840185694
EIR,0,6,7539353583017658569,evaluation,demo_baseline,793.9474891355933,0,0,inf,inf,123,630.6166591671494
EIR,0,7,8330565317864026483,evaluation,demo_baseline,793.9474891355933,0,0,inf,inf,138,670.779472929431
EIR,0,8,8336854074523314653,evaluation,demo_baseline,793.9474891355933,0,0,inf,inf,126,660.2966440346684
EIR,0,9,1439534662995932468,evaluation,demo_baseline,793.9474891355933,0,0,inf,inf,102,490.8716369662692
EIR,0,10,403450600575040551,evaluation,demo_baseline,793.9474891355933,0,0,inf,inf,114,646.5341874094416
EIR,0,11,1367098129868535150,evaluation,demo_baseline,793.9474891355933,0,0,inf,inf,120,703.7772712197775
EIR,0,12,7177198302246180043,evaluation,demo_baseline,793.9474891355933,0,0,inf,inf,118,621.8607233358998
EIR,0,13,8691403762426590425,evaluation,demo_baseline,793.9474891355933,0,0,inf,inf,117,623.598269515003
EIR,0,14,8057904011494164264,evaluation,demo_baseline,793.9474891355933,0,0,inf,inf,126,628.2091944482169
EIR,0,15,2227625005242326887,evaluation,demo_baseline,793.9474891355933,0,0,inf,inf,121,607.9542531557761
EIR,0,16,4647814045698886606,evaluation,demo_baseline,793.9474891355933,0,0,inf,inf,134,693.2735591371359
EIR,0,17,5269750830313049007,evaluation,demo_baseline,793.9474891355933,0,0,inf,inf,111,581.6135028860683
EIR,0,18,3733949990917274907,evaluation,demo_baseline,793.9474891355933,0,0,inf,inf,115,678.199436822265
EIR,0,19,8747120756552282334,evaluation,demo_baseline,793.9474891355933,0,0,inf,inf,130,635.0429085783732
EIR,0,20,1674448202983016654,evaluation,demo_baseline,793.9474891355933,0,0,inf,inf,104,478.16626008227644
EIR,0,21,4422930891708610404,evaluation,demo_baseline,793.9474891355933,0,0,inf,inf,116,606.9433868656823
EIR,0,22,5550056219953502198,evaluation,demo_baseline,793.9474891355933,0,0,inf,inf,121,679.1996730834485
EIR,0,23,2049356816231662047,evaluation,demo_baseline,793.9474891355933,0,0,inf,inf,154,772.055679388399
EIR,0,24,4797913517479131468,evaluation,demo_baseline,793.9474891355933,0,0,inf,inf,117,603.426710692113
EIR,0,25,4871691984843614124,evaluation,demo_baseline,793.9474891355933,0,0,inf,261.0,127,795.1809351889824
EIR,0,26,4075758536689957671,evaluation,demo_baseline,793.9474891355933,0,0,inf,inf,116,568.6048998521609
EIR,0,27,8878222907217355992,evaluation,demo_baseline,793.9474891355933,0,0,inf,inf,135,717.7012547598051
EIR,0,28,7774809978331428548,evaluation,demo_baseline,793.9474891355933,0,0,inf,inf,126,652.7047463207631
EIR,0,29,511177674527172836,evaluation,demo_baseline,793.9474891355933,0,0,inf,inf,112,564.8987535108729
EIR,0,30,3698522455421506692,evaluation,demo_baseline,793.9474891355933,0,0,inf,inf,105,537.8205705286911
EIR,0,31,6448796625139115390,evaluation,demo_baseline,793.9474891355933,0,0,inf,inf,122,647.0783561565856
EIR,0,32,768313240590450258,evaluation,demo_baseline,793.9474891355933,0,0,inf,inf,111,546.7039100676445
EIR,0,33,1862341845071672316,evaluation,demo_baseline,793.9474891355933,0,0,inf,inf,138,678.3335089194011
EIR,0,34,3049180199916467067,evaluation,demo_baseline,793.9474891355933,0,0,inf,inf,127,643.6795114271686
EIR,0,35,5295499855304977778,evaluation,demo_baseline,793.9474891355933,0,0,inf,inf,131,602.2874556979465
EIR,0,36,2348147057610941654,evaluation,demo_baseline,793.9474891355933,0,0,inf,inf,123,573.2822351398949
EIR,0,37,1934186039656517342,evaluation,demo_baseline,793.9474891355933,0,0,inf,inf,115,635.758643016163
EIR,0,38,7038535231496075990,evaluation,demo_baseline,793.9474891355933,0,0,inf,inf,121,599.4224658050168
EIR,0,39,2954300654708185313,evaluation,demo_baseline,793.9474891355933,0,0,inf,inf,122,652.3780627041136
EIR,0,40,2349705437200219561,evaluation,demo_baseline,793.9474891355933,0,0,inf,inf,135,679.7009421543298
EIR,0,41,5657631752003412122,evaluation,demo_baseline,793.9474891355933,0,0,inf,inf,116,650.1297662631621
EIR,0,42,3721410523112128903,evaluation,demo_baseline,793.9474891355933,0,0,inf,inf,134,705.3908623716313
EIR,0,43,4343828058437461617,evaluation,demo_baseline,793.9474891355933,0,0,inf,inf,126,609.690887561876
EIR,0,44,8129694159867878953,evaluation,demo_baseline,793.9474891355933,0,0,inf,inf,137,753.5429947341017
EIR,0,45,1012346802321990265,evaluation,demo_baseline,793.9474891355933,0,0,inf,268.0,128,798.4239885177509
EIR,0,46,8834144819597184882,evaluation,demo_baseline,793.9474891355933,0,0,inf,inf,123,659.8458000978941
EIR,0,47,5326716034676896856,evaluation,demo_baseline,793.9474891355933,0,0,inf,inf,116,665.2362806255702
EIR,0,48,809459864856922661,evaluation,demo_baseline,793.9474891355933,0,0,inf,inf,115,668.2809929869371
EIR,0,49,5609997191401315582,evaluation,demo_baseline,793.9474891355933,0,0,inf,inf,121,610.8909422311644
EIR,0,50,6561940814107291883,evaluation,demo_baseline,793.9474891355933,0,0,inf,inf,120,629.4274405143999
EIR,0,51,7390534108511910940,evaluation,demo_baseline,793.9474891355933,0,0,inf,inf,118,619.2034078077323
EIR,0,52,3898817676540964145,evaluation,demo_baseline,793.9474891355933,0,0,inf,inf,118,624.6338309832242
EIR,0,53,3684717902764399453,evaluation,demo_baseline,793.9474891355933,0,0,inf,inf,115,537.17054643835
EIR,0,54,5330745581218748837,evaluation,demo_baseline,793.9474891355933,0,0,inf,inf,154,786.1633470494248
EIR,0,55,8206492661065333313,evaluation,demo_baseline,793.9474891355933,0,0,inf,inf,136,704.8552270109734
EIR,0,56,7914724786801584336,evaluation,demo_baseline,793.9474891355933,0,0,inf,inf,126,622.5003063142326
EIR,0,57,8495186938144887771,evaluation,demo_baseline,793.9474891355933,0,0,inf,inf,116,529.5913252938026
EIR,0,58,5568585825426263321,evaluation,demo_baseline,793.9474891355933,0,0,inf,inf,125,600.0955868859932
EIR,0,59,3450784606469645768,evaluation,demo_baseline,793.9474891355933,0,0,inf,inf,108,580.5416754438356
EIR,0,60,7868648427290903317,evaluation,demo_baseline,793.9474891355933,0,0,inf,inf,122,603.9015111911149
EIR,0,61,5006833357930119871,evaluation,demo_baseline,793.9474891355933,0,0,inf,inf,115,574.6757987662778
EIR,0,62,3202004460161144461,evaluation,demo_baseline,793.9474891355933,0,0,inf,inf,110,605.1823145536455
EIR,0,63,3793393410832483048,evaluation,demo_baseline,793.9474891355933,0,0,inf,inf,113,720.765835777774
EIR,0,64,1424275288562350746,evaluation,demo_baseline,793.9474891355933,0,0,inf,inf,132,679.056891632168
EIR,0,65,6044083603539688778,evaluation,demo_baseline,793.9474891355933,0,0,inf,inf,110,692.3882143260126
EIR,0,66,1828498653315050171,evaluation,demo_baseline,793.9474891355933,0,0,inf,inf,120,574.6992084995416
EIR,0,67,7123207119133683282,evaluation,demo_baseline,793.9474891355933,0,0,inf,inf,119,699.7876099223529
EIR,0,68,5227944740682486201,evaluation,demo_baseline,793.9474891355933,0,0,inf,inf,131,730.2924719259198
EIR,0,69,8542735433682289396,evaluation,demo_baseline,793.9474891355933,0,0,inf,inf,119,511.71695000859404
EIR,0,70,4513633514630404042,evaluation,demo_baseline,793.9474891355933,0,0,inf,inf,117,628.7309475740044
EIR,0,71,2428901845049991853,evaluation,demo_baseline,793.9474891355933,0,0,inf,inf,114,580.7262080448224
EIR,0,72,5924385039458608987,evaluation,demo_baseline,793.9474891355933,0,0,inf,inf,110,591.4752431968798
EIR,0,73,221484857659129890,evaluation,demo_baseline,793.9474891355933,0,0,inf,inf,127,702.4679597452947
EIR,0,74,7126521785065948752,evaluation,demo_baseline,793.9474891355933,0,0,inf,inf,122,529.3105370392311
EIR,0,75,7719245403796220061,evaluation,demo_baseline,793.9474891355933,0,0,inf,inf,117,631.6480810527969
EIR,0,76,7117348258861620405,evaluation,demo_baseline,793.9474891355933,0,0,inf,inf,119,516.0736655101862
EIR,0,77,1001674907955777260,evaluation,demo_baseline,793.9474891355933,0,0,inf,inf,142,684.2245606447783
EIR,0,78,6809732566005704955,evaluation,demo_baseline,793.9474891355933,0,0,inf,inf,117,723.2418848764379
EIR,0,79,3774708437562421838,evaluation,demo_baseline,793.9474891355933,0,0,inf,inf,148,751.280554135377
EIR,0,80,372891196637898511,evaluation,demo_baseline,793.9474891355933,0,0,inf,inf,131,672.8154399840554
EIR,0,81,2124818191516182983,evaluation,demo_baseline,793.9474891355933,0,0,inf,inf,108,499.9725103122419
EIR,0,82,1675218070713847680,evaluation,demo_baseline,793.9474891355933,0,0,inf,293.0,151,811.4070094163843
EIR,0,83,1694459367498099434,evaluation,demo_baseline,793.9474891355933,0,0,inf,inf,124,623.8782441290688
EIR,0,84,2199942422144539482,evaluation,demo_baseline,793.9474891355933,0,0,inf,inf,126,679.6477446780195
EIR,0,85,8201228363736974388,evaluation,demo_baseline,793.9474891355933,0,0,inf,inf,123,696.443359727293
EIR,0,86,1395340397644043079,evaluation,demo_baseline,793.9474891355933,0,0,inf,inf,122,546.9007102725468
EIR,0,87,2835947092609634046,evaluation,demo_baseline,793.9474891355933,0,0,inf,inf,118,691.6620276457279
EIR,0,88,1725939892482416948,evaluation,demo_baseline,793.9474891355933,0,0,inf,inf,135,732.0918306015047
EIR,0,89,988659235323357003,evaluation,demo_baseline,793.9474891355933,0,0,inf,inf,119,607.2003020903854
EIR,0,90,6127994859659385986,evaluation,demo_baseline,793.9474891355933,0,0,inf,inf,121,535.8936181220007
EIR,0,91,3823193446537638648,evaluation,demo_baseline,793.9474891355933,0,0,inf,inf,118,710.7104880824638
EIR,0,92,2323716458830241006,evaluation,demo_baseline,793.9474891355933,0,0,inf,inf,111,557.6551806065266
EIR,0,93,8697034705014155314,evaluation,demo_baseline,793.9474891355933,0,0,inf,inf,132,737.2108234847519
EIR,0,94,4401736749453632889,evaluation,demo_baseline,793.9474891355933,0,0,inf,inf,121,609.3374829169562
EIR,0,95,7513445520107158507,evaluation,demo_baseline,793.9474891355933,0,0,inf,inf,121,617.7172269948986
EIR,0,96,7960482070256129716,evaluation,demo_baseline,793.9474891355933,0,0,inf,230.0,124,821.3536607670109
EIR,0,97,3757166803382697373,evaluation,demo_baseline,793.9474891355933,0,0,inf,inf,116,543.5360431747628
EIR,0,98,3952761675854382509,evaluation,demo_baseline,793.9474891355933,0,0,inf,inf,104,678.5806616515781
EIR,0,99,5055936548634180453,evaluation,demo_baseline,793.9474891355933,0,0,inf,inf,128,667.1556738381009
EIR,0,100,4774283870144676586,evaluation,demo_baseline,793.9474891355933,0,0,inf,inf,120,644.7059508926054
EIR,0,101,8648403802192730858,evaluation,demo_baseline,793.9474891355933,0,0,inf,inf,108,616.1512678429758
EIR,0,102,9037014098373301576,evaluation,demo_baseline,793.9474891355933,0,0,inf,inf,110,618.084734319283
EIR,0,103,9168318438115510318,evaluation,demo_baseline,793.9474891355933,0,0,inf,inf,121,677.5994517056765
EIR,0,104,6382023250120434759,evaluation,demo_baseline,793.9474891355933,0,0,inf,inf,135,782.2413639493441
EIR,0,105,7568186419761377402,evaluation,demo_baseline,793.9474891355933,0,0,inf,inf,117,626.188231650434
EIR,0,106,8153424829484084538,evaluation,demo_baseline,793.9474891355933,0,0,inf,inf,120,576.6610243112017
EIR,0,107,1002447274709812391,evaluation,demo_baseline,793.9474891355933,0,0,inf,inf,130,658.1210283519237
EIR,0,108,6422459778428784549,evaluation,demo_baseline,793.9474891355933,0,0,inf,inf,125,645.8362095253848
EIR,0,109,8579521247433863476,evaluation,demo_baseline,793.9474891355933,0,0,inf,inf,107,534.098759653562
EIR,0,110,6466165372788774034,evaluation,demo_baseline,793.9474891355933,0,0,inf,inf,144,790.6329868426891
EIR,0,111,2902198924924821698,evaluation,demo_baseline,793.9474891355933,0,0,inf,inf,122,544.5836390155278
EIR,0,112,6251439104937950663,evaluation,demo_baseline,793.9474891355933,0,0,inf,inf,130,754.4598859879466
EIR,0,113,8935977319629763453,evaluation,demo_baseline,793.9474891355933,0,0,inf,inf,111,720.2997016605809
EIR,0,114,4873709172951123416,evaluation,demo_baseline,793.9474891355933,0,0,inf,inf,92,513.2313949458104
EIR,0,115,457578819484374350,evaluation,demo_baseline,793.9474891355933,0,0,inf,inf,120,720.9498807596634
EIR,0,116,2301055749050973438,evaluation,demo_baseline,793.9474891355933,0,0,inf,inf,125,581.9247790152665
EIR,0,117,3993516796362525322,evaluation,demo_baseline,793.9474891355933,0,0,inf,inf,134,722.000243965869
EIR,0,118,4185116054655952797,evaluation,demo_baseline,793.9474891355933,0,0,inf,inf,110,569.0850132411642
EIR,0,119,6776786601103953961,evaluation,demo_baseline,793.9474891355933,0,0,inf,inf,126,713.3311281381172
EIR,0,120,5687204834419242949,evaluation,demo_baseline,793.9474891355933,0,0,inf,inf,118,609.381671992443
EIR,0,121,7940975965866013313,evaluation,demo_baseline,793.9474891355933,0,0,inf,inf,143,762.3894392252881
EIR,0,122,1377882019177964030,evaluation,demo_baseline,793.9474891355933,0,0,inf,inf,127,645.7352576425349
EIR,0,123,4289526853085321402,evaluation,demo_baseline,793.9474891355933,0,0,inf,inf,130,650.3146010783553
EIR,0,124,5739960566305834670,evaluation,demo_baseline,793.9474891355933,0,0,inf,inf,115,767.7628232823696
EIR,0,125,5492207295940658426,evaluation,demo_baseline,793.9474891355933,0,0,inf,inf,121,682.0758273705071
EIR,0,126,7427001385683907958,evaluation,demo_baseline,793.9474891355933,0,0,inf,inf,123,697.729503703208
EIR,0,127,7743644937423682683,evaluation,demo_baseline,793.9474891355933,0,0,inf,inf,123,597.7559992878198
EIR,0,128,8018319068930680349,evaluation,demo_baseline,793.9474891355933,0,0,inf,inf,134,682.9110623809006
EIR,0,129,2176505955342191449,evaluation,demo_baseline,793.9474891355933,0,0,inf,inf,127,617.8339204471982
EIR,0,130,2702365399587953851,evaluation,demo_baseline,793.9474891355933,0,0,inf,inf,132,743.2108249794668
EIR,0,131,4387336119570270950,evaluation,demo_baseline,793.9474891355933,0,0,inf,inf,113,721.8601716310794
EIR,0,132,807945637353752699,evaluation,demo_baseline,793.9474891355933,0,0,inf,inf,145,728.7674374015886
EIR,0,133,1325858997366371527,evaluation,demo_baseline,793.9474891355933,0,0,inf,inf,95,541.3880486891184
EIR,0,134,4663080992027280908,evaluation,demo_baseline,793.9474891355933,0,0,inf,inf,116,606.6025015191516
EIR,0,135,4143683916987439616,evaluation,demo_baseline,793.9474891355933,0,0,inf,258.0,141,841.1283777592249
EIR,0,136,3064517866530443006,evaluation,demo_baseline,793.9474891355933,0,0,inf,inf,128,705.2097057269098
EIR,0,137,5793432237948827024,evaluation,demo_baseline,793.9474891355933,0,0,inf,inf,114,605.6350578432327
EIR,0,138,1609698312102347715,evaluation,demo_baseline,793.9474891355933,0,0,inf,inf,123,622.0751827745812
EIR,0,139,7929559675540928477,evaluation,demo_baseline,793.9474891355933,0,0,inf,inf,112,607.2902560624244
EIR,0,140,4933874789534009221,evaluation,demo_baseline,793.9474891355933,0,0,inf,inf,139,677.911135100387
EIR,0,141,3411139477370042319,evaluation,demo_baseline,793.9474891355933,0,0,inf,inf,128,677.993858093754
EIR,0,142,1706119043472725960,evaluation,demo_baseline,793.9474891355933,0,0,inf,inf,126,611.1504668681368
EIR,0,143,2810787836868541502,evaluation,demo_baseline,793.9474891355933,0,0,inf,inf,136,651.0889624384718
EIR,0,144,5910676894528357789,evaluation,demo_baseline,793.9474891355933,0,0,inf,inf,108,510.35541648849835
EIR,0,145,6080036975447466187,evaluation,demo_baseline,793.9474891355933,0,0,inf,279.0,129,885.7058351564781
EIR,0,146,5866910972905104632,evaluation,demo_baseline,793.9474891355933,0,0,inf,inf,122,599.0997944515566
EIR,0,147,8088822916726089030,evaluation,demo_baseline,793.9474891355933,0,0,inf,inf,128,658.6272999468596
EIR,0,148,6967607101949569837,evaluation,demo_baseline,793.9474891355933,0,0,inf,inf,121,725.1619193696179
EIR,0,149,7717973578809857698,evaluation,demo_baseline,793.9474891355933,0,0,inf,inf,120,686.4298567688869
EIR,0,150,412117427588174213,evaluation,demo_baseline,793.9474891355933,0,0,inf,inf,132,659.4518677272953
EIR,0,151,8598646082802460633,evaluation,demo_baseline,793.9474891355933,0,0,inf,inf,126,644.6676334130956
EIR,0,152,3389866420632309427,evaluation,demo_baseline,793.9474891355933,0,0,inf,inf,114,629.4038775165589
EIR,0,153,1148014922171373667,evaluation,demo_baseline,793.9474891355933,0,0,inf,inf,128,733.5094114423887
EIR,0,154,2308110590422214293,evaluation,demo_baseline,793.9474891355933,0,0,inf,inf,122,657.6853552542592
EIR,0,155,8349817835333041239,evaluation,demo_baseline,793.9474891355933,0,0,inf,inf,139,768.0517968968725
EIR,0,156,2001945415323899660,evaluation,demo_baseline,793.9474891355933,0,0,inf,inf,116,785.5752405156594
EIR,0,157,5578741118799328358,evaluation,demo_baseline,793.9474891355933,0,0,inf,inf,118,637.997533271581
EIR,0,158,8849415872538146585,evaluation,demo_baseline,793.9474891355933,0,0,inf,inf,121,610.420429602965
EIR,0,159,8932076981191545441,evaluation,demo_baseline,793.9474891355933,0,0,inf,inf,123,673.0189706136388
EIR,0,160,6027831861163546351,evaluation,demo_baseline,793.9474891355933,0,0,inf,inf,115,691.9448540475952
EIR,0,161,6762470027973039997,evaluation,demo_baseline,793.9474891355933,0,0,inf,287.0,134,850.905988165408
EIR,0,162,7607898323523804230,evaluation,demo_baseline,793.9474891355933,0,0,inf,inf,133,689.9050533386915
EIR,0,163,7489072133202015122,evaluation,demo_baseline,793.9474891355933,0,0,inf,inf,123,588.5475981733858
EIR,0,164,6057815042149688010,evaluation,demo_baseline,793.9474891355933,0,0,inf,inf,139,705.6251670668911
EIR,0,165,555809831539059107,evaluation,demo_baseline,793.9474891355933,0,0,inf,inf,111,623.155314321549
EIR,0,166,137165365706400803,evaluation,demo_baseline,793.9474891355933,0,0,inf,inf,131,682.990502738812
EIR,0,167,8199347422414054693,evaluation,demo_baseline,793.9474891355933,0,0,inf,inf,135,575.1966511252675
EIR,0,168,2272664669379667755,evaluation,demo_baseline,793.9474891355933,0,0,inf,inf,101,541.6663479825626
EIR,0,169,8565935985534765879,evaluation,demo_baseline,793.9474891355933,0,0,inf,inf,126,600.6235288019172
EIR,0,170,436802622851837427,evaluation,demo_baseline,793.9474891355933,0,0,inf,inf,111,674.9192943069088
EIR,0,171,5820001312380741079,evaluation,demo_baseline,793.9474891355933,0,0,inf,inf,125,679.9828052884616
EIR,0,172,7230980735571165607,evaluation,demo_baseline,793.9474891355933,0,0,inf,inf,105,564.3541640390168
EIR,0,173,5365887727348214009,evaluation,demo_baseline,793.9474891355933,0,0,inf,inf,105,557.9986825707703
EIR,0,174,259468879761581828,evaluation,demo_baseline,793.9474891355933,0,0,inf,inf,112,658.5068822538286
EIR,0,175,2629201499705246135,evaluation,demo_baseline,793.9474891355933,0,0,inf,inf,119,646.8705135328786
EIR,0,176,9151785611130454139,evaluation,demo_baseline,793.9474891355933,0,0,inf,inf,124,566.9152343458962
EIR,0,177,2080857935943151338,evaluation,demo_baseline,793.9474891355933,0,0,inf,203.0,131,797.0088478059916
EIR,0,178,7255721740907796955,evaluation,demo_baseline,793.9474891355933,0,0,inf,inf,128,593.634992497479
EIR,0,179,282806325148905442,evaluation,demo_baseline,793.9474891355933,0,0,inf,inf,118,587.7557345410812
EIR,0,180,4327843412328143253,evaluation,demo_baseline,793.9474891355933,0,0,inf,inf,116,669.8216442064191
EIR,0,181,7554214704469705828,evaluation,demo_baseline,793.9474891355933,0,0,inf,inf,146,707.9855187790607
EIR,0,182,372033253070165673,evaluation,demo_baseline,793.9474891355933,0,0,inf,inf,115,724.4284293640167
EIR,0,183,3847113345599734447,evaluation,demo_baseline,793.9474891355933,0,0,inf,inf,128,590.7470842870227
EIR,0,184,1021110207311580117,evaluation,demo_baseline,793.9474891355933,0,0,inf,212.0,146,835.725225837612
EIR,0,185,5025754157023424747,evaluation,demo_baseline,793.9474891355933,0,0,inf,inf,119,635.462886269951
EIR,0,186,7577473686421641047,evaluation,demo_baseline,793.9474891355933,0,0,inf,inf,107,505.7067440034102
EIR,0,187,7640721361940362351,evaluation,demo_baseline,793.9474891355933,0,0,inf,inf,111,567.0925855391891
EIR,0,188,1938191983132117964,evaluation,demo_baseline,793.9474891355933,0,0,inf,inf,122,726.1361875589544
EIR,0,189,147195179281821981,evaluation,demo_baseline,793.9474891355933,0,0,inf,inf,119,695.8776319379369
EIR,0,190,6223621752646292415,evaluation,demo_baseline,793.9474891355933,0,0,inf,inf,105,638.5930662996336
EIR,0,191,8504614897485528654,evaluation,demo_baseline,793.9474891355933,0,0,inf,inf,126,615.3222031404256
EIR,0,192,973797489253229575,evaluation,demo_baseline,793.9474891355933,0,0,inf,inf,125,556.8424181371199
EIR,0,193,7484875010619697461,evaluation,demo_baseline,793.9474891355933,0,0,inf,inf,112,462.2282123584713
EIR,0,194,4983765708906329473,evaluation,demo_baseline,793.9474891355933,0,0,inf,inf,114,608.8436058890727
EIR,0,195,7192676307995343464,evaluation,demo_baseline,793.9474891355933,0,0,inf,inf,115,726.590277931184
EIR,0,196,8322613895625262460,evaluation,demo_baseline,793.9474891355933,0,0,inf,inf,117,565.7245598010581
EIR,0,197,1056100879355259624,evaluation,demo_baseline,793.9474891355933,0,0,inf,inf,114,683.8590439378701
EIR,0,198,2937666210746612494,evaluation,demo_baseline,793.9474891355933,0,0,inf,inf,135,723.7970504673759
EIR,0,199,6048222142335240471,evaluation,demo_baseline,793.9474891355933,0,0,inf,inf,135,660.8508995245326
EIR,0,200,518649668556020520,evaluation,demo_baseline,793.9474891355933,0,0,inf,inf,117,644.7167761152853
EIR,0,201,6493709783380665916,evaluation,demo_baseline,793.9474891355933,0,0,inf,inf,127,705.0475832868208
EIR,0,202,6080649322694407771,evaluation,demo_baseline,793.9474891355933,0,0,inf,inf,141,756.7342952555963
EIR,0,203,1212941049270520922,evaluation,demo_baseline,793.9474891355933,0,0,inf,inf,112,545.9120754200948
EIR,0,204,4507966009285087887,evaluation,demo_baseline,793.9474891355933,0,0,inf,inf,127,554.142569122892
EIR,0,205,6979776226756407660,evaluation,demo_baseline,793.9474891355933,0,0,inf,inf,112,602.45633967541
EIR,0,206,6602571972763550227,evaluation,demo_baseline,793.9474891355933,0,0,inf,inf,128,607.8398467023686
EIR,0,207,3778138714285411537,evaluation,demo_baseline,793.9474891355933,0,0,inf,inf,119,555.1378338771674
EIR,0,208,3512020664436081388,evaluation,demo_baseline,793.9474891355933,0,0,inf,inf,132,619.3460289943729
EIR,0,209,5999355272221116398,evaluation,demo_baseline,793.9474891355933,0,0,inf,inf,128,749.0137089525089
EIR,0,210,2568022372767318950,evaluation,demo_baseline,793.9474891355933,0,0,inf,inf,132,718.46628854442
EIR,0,211,8410666538842800584,evaluation,demo_baseline,793.9474891355933,0,0,inf,inf,136,621.9452542815718
EIR,0,212,6769310588976880707,evaluation,demo_baseline,793.9474891355933,0,0,inf,inf,139,664.8672549745894
EIR,0,213,7316545277199860201,evaluation,demo_baseline,793.9474891355933,0,0,inf,inf,122,598.2336917423543
EIR,0,214,2010077027987444354,evaluation,demo_baseline,793.9474891355933,0,0,inf,inf,118,661.1121903952422
EIR,0,215,6426098854169245462,evaluation,demo_baseline,793.9474891355933,0,0,inf,227.0,141,839.1317098436635
EIR,0,216,2945586554575041851,evaluation,demo_baseline,793.9474891355933,0,0,inf,inf,130,784.526006665697
EIR,0,217,793428042662504073,evaluation,demo_baseline,793.9474891355933,0,0,inf,inf,128,713.7726383149228
EIR,0,218,6198178918400070052,evaluation,demo_baseline,793.9474891355933,0,0,inf,inf,99,587.383589628775
EIR,0,219,5522986016909223171,evaluation,demo_baseline,793.9474891355933,0,0,inf,inf,132,596.3331172257954
EIR,0,220,139451029033927231,evaluation,demo_baseline,793.9474891355933,0,0,inf,inf,106,608.2253190030679
EIR,0,221,4382385053401513678,evaluation,demo_baseline,793.9474891355933,0,0,inf,inf,111,577.4153155103573
EIR,0,222,1733637350240349050,evaluation,demo_baseline,793.9474891355933,0,0,inf,inf,147,727.6381399374355
EIR,0,223,115950730590107760,evaluation,demo_baseline,793.9474891355933,0,0,inf,inf,125,641.0152540787299
EIR,0,224,1843069504627712112,evaluation,demo_baseline,793.9474891355933,0,0,inf,inf,103,465.717173313302
EIR,0,225,1102232689684483932,evaluation,demo_baseline,793.9474891355933,0,0,inf,inf,144,747.1295550594632
EIR,0,226,5767989469869675512,evaluation,demo_baseline,793.9474891355933,0,0,inf,inf,132,539.09994390615
EIR,0,227,3421712134992673577,evaluation,demo_baseline,793.9474891355933,0,0,inf,inf,123,649.9938590009601
EIR,0,228,7553981341101018340,evaluation,demo_baseline,793.9474891355933,0,0,inf,inf,132,669.4061223333429
EIR,0,229,7451786676419618099,evaluation,demo_baseline,793.9474891355933,0,0,inf,inf,129,692.4146986029203
EIR,0,230,1043704851871488685,evaluation,demo_baseline,793.9474891355933,0,0,inf,inf,120,669.6298546819877
EIR,0,231,7198951292413429352,evaluation,demo_baseline,793.9474891355933,0,0,inf,inf,117,692.6881106157822
EIR,0,232,6403244895977953095,evaluation,demo_baseline,793.9474891355933,0,0,inf,inf,131,726.9588270681301
EIR,0,233,277100300351400626,evaluation,demo_baseline,793.9474891355933,0,0,inf,inf,102,566.9514240163579
EIR,0,234,8662386769486164841,evaluation,demo_baseline,793.9474891355933,0,0,inf,inf,127,658.2707905982345
EIR,0,235,4251056207278346721,evaluation,demo_baseline,793.9474891355933,0,0,inf,inf,124,589.6529020305668
EIR,0,236,4303991475156722044,evaluation,demo_baseline,793.9474891355933,0,0,inf,inf,111,609.7696959446935
EIR,0,237,4773535207670945031,evaluation,demo_baseline,793.9474891355933,0,0,inf,inf,123,734.0718208706769
EIR,0,238,8605284804182914172,evaluation,demo_baseline,793.9474891355933,0,0,inf,inf,120,696.4147506115632
EIR,0,239,4306421643085336113,evaluation,demo_baseline,793.9474891355933,0,0,inf,inf,112,572.7148792238843
EIR,0,240,2925946151796340439,evaluation,demo_baseline,793.9474891355933,0,0,inf,inf,132,655.1623890689164
EIR,0,241,796912072274948349,evaluation,demo_baseline,793.9474891355933,0,0,inf,inf,110,590.0458022158082
EIR,0,242,5372228405523563845,evaluation,demo_baseline,793.9474891355933,0,0,inf,inf,134,614.8265454798933
EIR,0,243,4140792192556976658,evaluation,demo_baseline,793.9474891355933,0,0,inf,inf,125,643.0767557712016
EIR,0,244,1665648110936572683,evaluation,demo_baseline,793.9474891355933,0,0,inf,inf,151,761.247294216428
EIR,0,245,5836769696869351426,evaluation,demo_baseline,793.9474891355933,0,0,inf,294.0,134,861.8589125360479
EIR,0,246,7021095595029184463,evaluation,demo_baseline,793.9474891355933,0,0,inf,inf,120,553.8456910396734
EIR,0,247,9023183915080514054,evaluation,demo_baseline,793.9474891355933,0,0,inf,inf,126,674.3417947344713
EIR,0,248,3797790028228964607,evaluation,demo_baseline,793.9474891355933,0,0,inf,278.0,139,886.9487852782471
EIR,0,249,7353453280430166130,evaluation,demo_baseline,793.9474891355933,0,0,inf,inf,123,643.664866519743
EIR,0,250,3633555931827397861,evaluation,demo_baseline,793.9474891355933,0,0,inf,inf,106,537.1990835431918
EIR,0,251,9206793749564725879,evaluation,demo_baseline,793.9474891355933,0,0,inf,inf,111,558.6021737975784
EIR,0,252,7837731655786224972,evaluation,demo_baseline,793.9474891355933,0,0,inf,inf,130,743.7852562596489
EIR,0,253,3785594029806709871,evaluation,demo_baseline,793.9474891355933,0,0,inf,inf,123,675.4332918201309
EIR,0,254,3612878603079400879,evaluation,demo_baseline,793.9474891355933,0,0,inf,inf,115,582.1146757916908
EIR,0,255,4296451278734207083,evaluation,demo_baseline,793.9474891355933,0,0,inf,inf,120,751.290781373184
EIR,0,256,7765703592321710604,evaluation,demo_baseline,793.9474891355933,0,0,inf,inf,127,629.6833477241329
EIR,0,257,7165029052551542843,evaluation,demo_baseline,793.9474891355933,0,0,inf,inf,130,566.1163290060739
EIR,0,258,6597871058867155590,evaluation,demo_baseline,793.9474891355933,0,0,inf,inf,125,598.4632658822741
EIR,0,259,5978272051685569626,evaluation,demo_baseline,793.9474891355933,0,0,inf,inf,143,646.6175621683284
EIR,0,260,5976683844617959601,evaluation,demo_baseline,793.9474891355933,0,0,inf,inf,112,532.8711572577952
EIR,0,261,4427241528495031103,evaluation,demo_baseline,793.9474891355933,0,0,inf,inf,129,674.0320556784411
EIR,0,262,3726223160237576916,evaluation,demo_baseline,793.9474891355933,0,0,inf,inf,121,620.7226401463464
EIR,0,263,7197494529223839682,evaluation,demo_baseline,793.9474891355933,0,0,inf,inf,114,535.6299775150611
EIR,0,264,2030586880026507704,evaluation,demo_baseline,793.9474891355933,0,0,inf,inf,137,687.4650337541289
EIR,0,265,9222356347829546681,evaluation,demo_baseline,793.9474891355933,0,0,inf,inf,118,524.2320641029253
EIR,0,266,1230013054892569791,evaluation,demo_baseline,793.9474891355933,0,0,inf,inf,133,656.2134345893793
EIR,0,267,7196756926706743523,evaluation,demo_baseline,793.9474891355933,0,0,inf,inf,128,654.9241221741895
EIR,0,268,6665040081368981454,evaluation,demo_baseline,793.9474891355933,0,0,inf,inf,136,624.8774317138918
EIR,0,269,3563918011287354438,evaluation,demo_baseline,793.9474891355933,0,0,inf,inf,115,604.5109687291563
EIR,0,270,5703082102425793143,evaluation,demo_baseline,793.9474891355933,0,0,inf,inf,140,733.3867663829052
EIR,0,271,7644704260965864536,evaluation,demo_baseline,793.9474891355933,0,0,inf,inf,119,509.52896570825794
EIR,0,272,3905217037543721279,evaluation,demo_baseline,793.9474891355933,0,0,inf,inf,127,660.2775879819922
EIR,0,273,1128599536355003028,evaluation,demo_baseline,793.9474891355933,0,0,inf,inf,142,773.4810716232548
EIR,0,274,5037037098284453549,evaluation,demo_baseline,793.9474891355933,0,0,inf,inf,122,666.92032134682
EIR,0,275,4968732524386214337,evaluation,demo_baseline,793.9474891355933,0,0,inf,inf,122,639.8107503797238
EIR,0,276,8531805802742849344,evaluation,demo_baseline,793.9474891355933,0,0,inf,inf,129,752.293017169075
EIR,0,277,4784929776676455917,evaluation,demo_baseline,793.9474891355933,0,0,inf,inf,138,723.4152022725215
EIR,0,278,4578220562513634502,evaluation,demo_baseline,793.9474891355933,0,0,inf,inf,135,772.1728307706722
EIR,0,279,7937991658133079781,evaluation,demo_baseline,793.9474891355933,0,0,inf,inf,133,674.8558971038291
EIR,0,280,9026332519488547615,evaluation,demo_baseline,793.9474891355933,0,0,inf,196.0,130,828.4578446339924
EIR,0,281,2389122057314347451,evaluation,demo_baseline,793.9474891355933,0,0,inf,inf,123,666.2734014171202
EIR,0,282,8850834791278605968,evaluation,demo_baseline,793.9474891355933,0,0,inf,inf,120,608.4376783329814
EIR,0,283,5329053395906647801,evaluation,demo_baseline,793.9474891355933,0,0,inf,inf,110,599.3245142542634
EIR,0,284,2634153964774702909,evaluation,demo_baseline,793.9474891355933,0,0,inf,inf,125,752.8060795030815
EIR,0,285,8443055662693070608,evaluation,demo_baseline,793.9474891355933,0,0,inf,inf,135,670.3855124619514
EIR,0,286,6876886447574768834,evaluation,demo_baseline,793.9474891355933,0,0,inf,inf,121,573.5391973491862
EIR,0,287,8405074736943812733,evaluation,demo_baseline,793.9474891355933,0,0,inf,inf,133,579.8388584281515
EIR,0,288,1720651264909722329,evaluation,demo_baseline,793.9474891355933,0,0,inf,inf,127,735.6854435339493
EIR,0,289,3667273171607761821,evaluation,demo_baseline,793.9474891355933,0,0,inf,inf,123,704.779223673523
EIR,0,290,4062305696969794993,evaluation,demo_baseline,793.9474891355933,0,0,inf,294.0,140,918.3532661839627
EIR,0,291,502567128709761817,evaluation,demo_baseline,793.9474891355933,0,0,inf,inf,112,540.7596891594474
EIR,0,292,216849370311576336,evaluation,demo_baseline,793.9474891355933,0,0,inf,inf,113,572.5537989231367
EIR,0,293,5821361134638117809,evaluation,demo_baseline,793.9474891355933,0,0,inf,inf,124,561.6041280953563
EIR,0,294,8270141684058823810,evaluation,demo_baseline,793.9474891355933,0,0,inf,inf,122,636.5382206331069
EIR,0,295,3385933658418074416,evaluation,demo_baseline,793.9474891355933,0,0,inf,inf,134,759.4843448198902
EIR,0,296,5813693927838375610,evaluation,demo_baseline,793.9474891355933,0,0,inf,inf,115,571.2958510036167
EIR,0,297,4910531466480561200,evaluation,demo_baseline,793.9474891355933,0,0,inf,inf,113,558.7423391398281
EIR,0,298,7323118616958994260,evaluation,demo_baseline,793.9474891355933,0,0,inf,inf,124,610.1478738722957
EIR,0,299,4710604127280554294,evaluation,demo_baseline,793.9474891355933,0,0,inf,inf,101,516.3279628634334
EIR,0,300,8493351575643454032,evaluation,demo_baseline,793.9474891355933,0,0,inf,inf,125,590.7593340767181
EIR,0,301,1055848660474972897,evaluation,demo_baseline,793.9474891355933,0,0,inf,inf,111,640.4482230423395
EIR,0,302,2210493286629944708,evaluation,demo_baseline,793.9474891355933,0,0,inf,inf,130,627.8595532477683
EIR,0,303,2636895874881834172,evaluation,demo_baseline,793.9474891355933,0,0,inf,inf,130,628.3491476682998
EIR,0,304,6779703046849393222,evaluation,demo_baseline,793.9474891355933,0,0,inf,inf,113,632.1747389387187
EIR,0,305,4841235863574434614,evaluation,demo_baseline,793.9474891355933,0,0,inf,inf,113,638.7658799987851
EIR,0,306,1978244907929982802,evaluation,demo_baseline,793.9474891355933,0,0,inf,inf,146,744.5699593812648
EIR,0,307,8434514405305633702,evaluation,demo_baseline,793.9474891355933,0,0,inf,inf,126,761.2613746259942
EIR,0,308,1744721805959607682,evaluation,demo_baseline,793.9474891355933,0,0,inf,inf,118,574.0538301452754
EIR,0,309,2892958622483548773,evaluation,demo_baseline,793.9474891355933,0,0,inf,inf,131,688.4679625476131
EIR,0,310,8114865965475682810,evaluation,demo_baseline,793.9474891355933,0,0,inf,inf,116,542.1676811212608
EIR,0,311,6327745923486595545,evaluation,demo_baseline,793.9474891355933,0,0,inf,inf,144,651.5395871294586
EIR,0,312,1210116409272983705,evaluation,demo_baseline,793.9474891355933,0,0,inf,inf,123,672.7617083741237
EIR,0,313,41766527973741635,evaluation,demo_baseline,793.9474891355933,0,0,inf,inf,120,500.0780467277081
EIR,0,314,7027869340598039287,evaluation,demo_baseline,793.9474891355933,0,0,inf,inf,119,542.8450358935087
EIR,0,315,5192832489434814471,evaluation,demo_baseline,793.9474891355933,0,0,inf,inf,123,658.8959377901969
EIR,0,316,6319433704498413433,evaluation,demo_baseline,793.9474891355933,0,0,inf,283.0,130,880.1464905507536
EIR,0,317,1728123169626317868,evaluation,demo_baseline,793.9474891355933,0,0,inf,inf,135,691.3780326010325
EIR,0,318,9027833870638903882,evaluation,demo_baseline,793.9474891355933,0,0,inf,inf,131,717.6646253005857
EIR,0,319,8005717421129057456,evaluation,demo_baseline,793.9474891355933,0,0,inf,inf,134,755.5593872091096
EIR,0,320,2312169078444107985,evaluation,demo_baseline,793.9474891355933,0,0,inf,inf,124,567.8606436680678
EIR,0,321,4392988648656831171,evaluation,demo_baseline,793.9474891355933,0,0,inf,inf,117,489.20827616943114
EIR,0,322,2851119823384185380,evaluation,demo_baseline,793.9474891355933,0,0,inf,inf,110,515.1312977194639
EIR,0,323,1244363750475111587,evaluation,demo_baseline,793.9474891355933,0,0,inf,inf,129,574.6726480865523
EIR,0,324,3140345811194797990,evaluation,demo_baseline,793.9474891355933,0,0,inf,inf,104,578.0312905005995
EIR,0,325,8743378556852144772,evaluation,demo_baseline,793.9474891355933,0,0,inf,inf,109,546.4892259162201
EIR,0,326,5343753722023850539,evaluation,demo_baseline,793.9474891355933,0,0,inf,inf,121,637.692180449055
EIR,0,327,3880555676316000921,evaluation,demo_baseline,793.9474891355933,0,0,inf,inf,135,668.1173981075634
EIR,0,328,8566246955366187131,evaluation,demo_baseline,793.9474891355933,0,0,inf,156.0,158,815.6007341837641
EIR,0,329,6275831587155259650,evaluation,demo_baseline,793.9474891355933,0,0,inf,inf,141,733.2585729338626
EIR,0,330,6331146840500867356,evaluation,demo_baseline,793.9474891355933,0,0,inf,inf,125,646.9109518712071
EIR,0,331,2986661700386791459,evaluation,demo_baseline,793.9474891355933,0,0,inf,inf,149,697.663059664182
EIR,0,332,5193839620419267549,evaluation,demo_baseline,793.9474891355933,0,0,inf,inf,121,743.0309939287257
EIR,0,333,8275599768806677138,evaluation,demo_baseline,793.9474891355933,0,0,inf,inf,120,671.833814599009
EIR,0,334,9056961089631383811,evaluation,demo_baseline,793.9474891355933,0,0,inf,inf,127,593.2538196912129
EIR,0,335,8639396009953516430,evaluation,demo_baseline,793.9474891355933,0,0,inf,inf,111,627.6234609782512
EIR,0,336,5693010925784292975,evaluation,demo_baseline,793.9474891355933,0,0,inf,inf,130,745.614904540739
EIR,0,337,5586051495594088300,evaluation,demo_baseline,793.9474891355933,0,0,inf,inf,117,706.8958758731525
EIR,0,338,747209027662713493,evaluation,demo_baseline,793.9474891355933,0,0,inf,inf,108,506.2852732750047
EIR,0,339,5209686627295675033,evaluation,demo_baseline,793.9474891355933,0,0,inf,inf,130,631.1160412190601
EIR,0,340,4663256123157051361,evaluation,demo_baseline,793.9474891355933,0,0,inf,inf,102,515.0504189745899
EIR,0,341,4423773294277102067,evaluation,demo_baseline,793.9474891355933,0,0,inf,inf,126,719.1251870630598
EIR,0,342,490185666020609092,evaluation,demo_baseline,793.9474891355933,0,0,inf,272.0,141,858.8839357978347
EIR,0,343,4957852769666506336,evaluation,demo_baseline,793.9474891355933,0,0,inf,inf,118,563.4096946346143
EIR,0,344,7203438160252848523,evaluation,demo_baseline,793.9474891355933,0,0,inf,inf,148,681.1777424055683
EIR,0,345,5319849703231445897,evaluation,demo_baseline,793.9474891355933,0,0,inf,inf,129,723.4933510093458
EIR,0,346,6277809952158715233,evaluation,demo_baseline,793.9474891355933,0,0,inf,inf,150,691.9156493693565
EIR,0,347,2961262017183382251,evaluation,demo_baseline,793.9474891355933,0,0,inf,inf,130,665.3046870214318
EIR,0,348,7038696015132269934,evaluation,demo_baseline,793.9474891355933,0,0,inf,inf,128,618.2223810640197
EIR,0,349,4940131981589064541,evaluation,demo_baseline,793.9474891355933,0,0,inf,inf,97,548.2672598604003
EIR,0,350,5278733855919350252,evaluation,demo_baseline,793.9474891355933,0,0,inf,inf,119,618.7275541163682
EIR,0,351,7049603552951105851,evaluation,demo_baseline,793.9474891355933,0,0,inf,inf,124,543.3093964587589
EIR,0,352,4609804683069965927,evaluation,demo_baseline,793.9474891355933,0,0,inf,inf,119,696.520935280942
EIR,0,353,799665075788052532,evaluation,demo_baseline,793.9474891355933,0,0,inf,inf,132,662.9190410825579
EIR,0,354,4244858524762015690,evaluation,demo_baseline,793.9474891355933,0,0,inf,inf,124,662.994727866673
EIR,0,355,1556768764682232303,evaluation,demo_baseline,793.9474891355933,0,0,inf,inf,124,682.6123834047484
EIR,0,356,1505698682641078134,evaluation,demo_baseline,793.9474891355933,0,0,inf,inf,138,608.0343121485257
EIR,0,357,3866731967429579048,evaluation,demo_baseline,793.9474891355933,0,0,inf,inf,125,546.7283558860179
EIR,0,358,2664372362423539911,evaluation,demo_baseline,793.9474891355933,0,0,inf,inf,130,625.49821425043
EIR,0,359,2207386232000577220,evaluation,demo_baseline,793.9474891355933,0,0,inf,inf,126,644.561915114321
EIR,0,360,793629356110637129,evaluation,demo_baseline,793.9474891355933,0,0,inf,inf,114,602.8045282722323
EIR,0,361,3778516945052411668,evaluation,demo_baseline,793.9474891355933,0,0,inf,inf,112,593.2865213848957
EIR,0,362,1332446756178136154,evaluation,demo_baseline,793.9474891355933,0,0,inf,inf,102,506.88812948682687
EIR,0,363,2021576292014195733,evaluation,demo_baseline,793.9474891355933,0,0,inf,inf,137,680.9931247498207
EIR,0,364,4572108385551411864,evaluation,demo_baseline,793.9474891355933,0,0,inf,259.0,126,843.5984816608088
EIR,0,365,219430751272852770,evaluation,demo_baseline,793.9474891355933,0,0,inf,inf,128,685.8024365212759
EIR,0,366,8269053036236356749,evaluation,demo_baseline,793.9474891355933,0,0,inf,inf,119,588.953434773107
EIR,0,367,5488019945494207558,evaluation,demo_baseline,793.9474891355933,0,0,inf,275.0,140,819.1947784058159
EIR,0,368,9211123266268921731,evaluation,demo_baseline,793.9474891355933,0,0,inf,inf,123,695.0584308648839
EIR,0,369,6839899334313099827,evaluation,demo_baseline,793.9474891355933,0,0,inf,inf,109,607.2401251558783
EIR,0,370,2859443414598322397,evaluation,demo_baseline,793.9474891355933,0,0,inf,inf,115,671.9615679053998
EIR,0,371,8245067279248499523,evaluation,demo_baseline,793.9474891355933,0,0,inf,inf,131,624.1324522302183
EIR,0,372,5534675759024796463,evaluation,demo_baseline,793.9474891355933,0,0,inf,inf,142,660.9283639226799
EIR,0,373,3043557233195640025,evaluation,demo_baseline,793.9474891355933,0,0,inf,inf,127,662.7938902612293
EIR,0,374,172095221257705517,evaluation,demo_baseline,793.9474891355933,0,0,inf,inf,118,568.1298095083444
EIR,0,375,4040722569764669526,evaluation,demo_baseline,793.9474891355933,0,0,inf,inf,122,617.2781375950353
EIR,0,376,972229400433159238,evaluation,demo_baseline,793.9474891355933,0,0,inf,inf,130,733.9254785973573
EIR,0,377,4272269269507268722,evaluation,demo_baseline,793.9474891355933,0,0,inf,inf,111,576.2935787449486
EIR,0,378,7956466937684276734,evaluation,demo_baseline,793.9474891355933,0,0,inf,217.0,138,822.309705884574
EIR,0,379,4785995792478133182,evaluation,demo_baseline,793.9474891355933,0,0,inf,inf,114,670.9695319804015
EIR,0,380,1376926567487303433,evaluation,demo_baseline,793.9474891355933,0,0,inf,inf,122,592.1554281970696
EIR,0,381,4655505743658736163,evaluation,demo_baseline,793.9474891355933,0,0,inf,inf,110,585.123515942465
EIR,0,382,7120752789104754434,evaluation,demo_baseline,793.9474891355933,0,0,inf,inf,146,705.1282330763524
EIR,0,383,792735638990057263,evaluation,demo_baseline,793.9474891355933,0,0,inf,inf,112,611.870364308467
EIR,0,384,6250251390550570341,evaluation,demo_baseline,793.9474891355933,0,0,inf,inf,116,499.6361217007628
EIR,0,385,2555868869517475824,evaluation,demo_baseline,793.9474891355933,0,0,inf,275.0,143,795.2242975836335
EIR,0,386,5616116443204936991,evaluation,demo_baseline,793.9474891355933,0,0,inf,inf,121,613.6482533833139
EIR,0,387,7386264891519787269,evaluation,demo_baseline,793.9474891355933,0,0,inf,inf,111,639.6613670406975
EIR,0,388,5126297944054772800,evaluation,demo_baseline,793.9474891355933,0,0,inf,inf,128,703.4698458885673
EIR,0,389,2933819364637268715,evaluation,demo_baseline,793.9474891355933,0,0,inf,inf,113,696.976251695599
EIR,0,390,6272809591853348147,evaluation,demo_baseline,793.9474891355933,0,0,inf,inf,127,579.5686858784298
EIR,0,391,4339014216059128202,evaluation,demo_baseline,793.9474891355933,0,0,inf,inf,103,580.9657500455784
EIR,0,392,3599661972587589629,evaluation,demo_baseline,793.9474891355933,0,0,inf,inf,135,688.799535293959
EIR,0,393,7767225383438767488,evaluation,demo_baseline,793.9474891355933,0,0,inf,inf,125,664.6452796334677
EIR,0,394,3413665714383763967,evaluation,demo_baseline,793.9474891355933,0,0,inf,inf,131,678.2940402236437
EIR,0,395,3253941498128559159,evaluation,demo_baseline,793.9474891355933,0,0,inf,inf,120,642.1708836424347
EIR,0,396,20835885183533337,evaluation,demo_baseline,793.9474891355933,0,0,inf,254.0,137,936.5372666109331
EIR,0,397,745677707859084409,evaluation,demo_baseline,793.9474891355933,0,0,inf,inf,116,693.1886835989911
EIR,0,398,819170369803189545,evaluation,demo_baseline,793.9474891355933,0,0,inf,inf,114,592.6896105957449
EIR,0,399,7680526043466432002,evaluation,demo_baseline,793.9474891355933,0,0,inf,inf,150,657.8619775032302
EIR,0,400,2851897271461770799,evaluation,demo_baseline,793.9474891355933,0,0,inf,inf,121,717.3608169879708
EIR,0,401,5931478444402299320,evaluation,demo_baseline,793.9474891355933,0,0,inf,inf,142,735.7692903816379
EIR,0,402,4782052255509307381,evaluation,demo_baseline,793.9474891355933,0,0,inf,inf,130,578.216269587517
EIR,0,403,6324025766956001326,evaluation,demo_baseline,793.9474891355933,0,0,inf,inf,147,673.9921162938026
EIR,0,404,2814740039776440512,evaluation,demo_baseline,793.9474891355933,0,0,inf,inf,118,516.778394835535
EIR,0,405,9196999692333793328,evaluation,demo_baseline,793.9474891355933,0,0,inf,inf,124,787.0878761717553
EIR,0,406,2633226880603871267,evaluation,demo_baseline,793.9474891355933,0,0,inf,inf,140,692.306206234191
EIR,0,407,6432394011941680267,evaluation,demo_baseline,793.9474891355933,0,0,inf,inf,123,714.1020402053084
EIR,0,408,7745226466817262668,evaluation,demo_baseline,793.9474891355933,0,0,inf,inf,128,660.1254979933741
EIR,0,409,4241383714231553921,evaluation,demo_baseline,793.9474891355933,0,0,inf,227.0,135,827.5153227409983
EIR,0,410,5203041581118646130,evaluation,demo_baseline,793.9474891355933,0,0,inf,inf,132,685.6850222544867
EIR,0,411,5770570744868048505,evaluation,demo_baseline,793.9474891355933,0,0,inf,inf,112,667.3884845254689
EIR,0,412,2991591618246490557,evaluation,demo_baseline,793.9474891355933,0,0,inf,inf,131,705.2516908654516
EIR,0,413,2686255344903223315,evaluation,demo_baseline,793.9474891355933,0,0,inf,inf,133,722.4433216699449
EIR,0,414,2046211405030020369,evaluation,demo_baseline,793.9474891355933,0,0,inf,inf,113,567.1856040396586
EIR,0,415,7216176809060233195,evaluation,demo_baseline,793.9474891355933,0,0,inf,inf,119,679.7094858101096
EIR,0,416,6111931453751489781,evaluation,demo_baseline,793.9474891355933,0,0,inf,inf,104,455.15118159303705
EIR,0,417,1382807859513263138,evaluation,demo_baseline,793.9474891355933,0,0,inf,inf,109,548.4905490567687
EIR,0,418,3160593327977031446,evaluation,demo_baseline,793.9474891355933,0,0,inf,inf,121,622.0895828234692
EIR,0,419,5240181438638899838,evaluation,demo_baseline,793.9474891355933,0,0,inf,inf,118,663.7221304689733
EIR,0,420,8130349273361010323,evaluation,demo_baseline,793.9474891355933,0,0,inf,inf,106,541.421286640835
EIR,0,421,5645299502994919672,evaluation,demo_baseline,793.9474891355933,0,0,inf,inf,111,488.4482577793191
EIR,0,422,8837637459921139281,evaluation,demo_baseline,793.9474891355933,0,0,inf,inf,132,757.3425818327221
EIR,0,423,5784060488693617510,evaluation,demo_baseline,793.9474891355933,0,0,inf,inf,128,767.8914972478611
EIR,0,424,5045276410183974553,evaluation,demo_baseline,793.9474891355933,0,0,inf,inf,134,735.4180731064276
EIR,0,425,1218733435157470108,evaluation,demo_baseline,793.9474891355933,0,0,inf,inf,118,583.9354064336901
EIR,0,426,2124650253869831852,evaluation,demo_baseline,793.9474891355933,0,0,inf,inf,140,751.9833962291698
EIR,0,427,914852165995576681,evaluation,demo_baseline,793.9474891355933,0,0,inf,inf,120,791.9230207940833
EIR,0,428,8059502200743056450,evaluation,demo_baseline,793.9474891355933,0,0,inf,inf,116,629.2733104106528
EIR,0,429,4975629254747303789,evaluation,demo_baseline,793.9474891355933,0,0,inf,inf,118,605.4404199177616
EIR,0,430,2419592673876213587,evaluation,demo_baseline,793.9474891355933,0,0,inf,inf,120,573.6069041468992
EIR,0,431,4261054580085587810,evaluation,demo_baseline,793.9474891355933,0,0,inf,inf,130,698.2005939229495
EIR,0,432,1333214999771282965,evaluation,demo_baseline,793.9474891355933,0,0,inf,inf,125,627.7137286944893
EIR,0,433,3662497922445060192,evaluation,demo_baseline,793.9474891355933,0,0,inf,inf,116,642.7228107206718
EIR,0,434,1866214074934714395,evaluation,demo_baseline,793.9474891355933,0,0,inf,inf,116,598.8484003147504
EIR,0,435,6953600916809769616,evaluation,demo_baseline,793.9474891355933,0,0,inf,inf,104,649.9281449757322
EIR,0,436,2159013872641725966,evaluation,demo_baseline,793.9474891355933,0,0,inf,inf,141,707.8915127562248
EIR,0,437,1792150299827425663,evaluation,demo_baseline,793.9474891355933,0,0,inf,inf,118,703.9933870060227
EIR,0,438,476212618570053186,evaluation,demo_baseline,793.9474891355933,0,0,inf,inf,138,703.080360657303
EIR,0,439,5809996808361728498,evaluation,demo_baseline,793.9474891355933,0,0,inf,inf,122,627.898267500286
EIR,0,440,1401441113415266885,evaluation,demo_baseline,793.9474891355933,0,0,inf,inf,130,678.4864986570062
EIR,0,441,3766827271515177874,evaluation,demo_baseline,793.9474891355933,0,0,inf,inf,132,707.5722915179706
EIR,0,442,4473500326415769577,evaluation,demo_baseline,793.9474891355933,0,0,inf,inf,145,658.2305397227952
EIR,0,443,2410444319069082188,evaluation,demo_baseline,793.9474891355933,0,0,inf,inf,126,558.9074220694395
EIR,0,444,3067958457259905036,evaluation,demo_baseline,793.9474891355933,0,0,inf,inf,101,511.07596727992654
EIR,0,445,3616584605040994895,evaluation,demo_baseline,793.9474891355933,0,0,inf,inf,105,596.961404989106
EIR,0,446,6351903769866984807,evaluation,demo_baseline,793.9474891355933,0,0,inf,inf,125,632.1069494823978
EIR,0,447,4263412290479921179,evaluation,demo_baseline,793.9474891355933,0,0,inf,inf,113,614.6899601254046
EIR,0,448,5623981870126122353,evaluation,demo_baseline,793.9474891355933,0,0,inf,inf,123,573.4615488144595
EIR,0,449,4441059241026689110,evaluation,demo_baseline,793.9474891355933,0,0,inf,inf,120,623.2620589305305
EIR,0,450,5071546945909116362,evaluation,demo_baseline,793.9474891355933,0,0,inf,inf,124,632.8189482605402
EIR,0,451,930313784368240076,evaluation,demo_baseline,793.9474891355933,0,0,inf,inf,132,632.6043377512641
EIR,0,452,8019290117566530356,evaluation,demo_baseline,793.9474891355933,0,0,inf,125.0,133,809.0567089404957
EIR,0,453,7966826887842018894,evaluation,demo_baseline,793.9474891355933,0,0,inf,inf,106,603.4863805746713
EIR,0,454,7532992208328370068,evaluation,demo_baseline,793.9474891355933,0,0,inf,inf,139,752.8945004597946
EIR,0,455,1751019466765076211,evaluation,demo_baseline,793.9474891355933,0,0,inf,inf,132,650.3693440695042
EIR,0,456,1232652525532605146,evaluation,demo_baseline,793.9474891355933,0,0,inf,inf,130,697.1047754132015
EIR,0,457,4251503085325112689,evaluation,demo_baseline,793.9474891355933,0,0,inf,inf,108,567.1645407049045
EIR,0,458,6662895322606496561,evaluation,demo_baseline,793.9474891355933,0,0,inf,inf,139,728.8869247315247
EIR,0,459,3847379472863713180,evaluation,demo_baseline,793.9474891355933,0,0,inf,inf,141,751.9851183558062
EIR,0,460,781509980673260915,evaluation,demo_baseline,793.9474891355933,0,0,inf,inf,121,655.2149710200638
EIR,0,461,5956694384749043447,evaluation,demo_baseline,793.9474891355933,0,0,inf,inf,140,718.9024336527352
EIR,0,462,6331139418170774270,evaluation,demo_baseline,793.9474891355933,0,0,inf,inf,114,512.2335107880946
EIR,0,463,952754563010443711,evaluation,demo_baseline,793.9474891355933,0,0,inf,inf,112,525.9555689757204
EIR,0,464,8829104698420761535,evaluation,demo_baseline,793.9474891355933,0,0,inf,inf,114,653.9931259205
EIR,0,465,5616138098932903846,evaluation,demo_baseline,793.9474891355933,0,0,inf,inf,123,683.0115375896063
EIR,0,466,5039372688598817108,evaluation,demo_baseline,793.9474891355933,0,0,inf,inf,130,712.1827957511816
EIR,0,467,1062651519225928901,evaluation,demo_baseline,793.9474891355933,0,0,inf,inf,104,531.8784577881423
EIR,0,468,6277692156558481744,evaluation,demo_baseline,793.9474891355933,0,0,inf,inf,130,752.1254220777554
EIR,0,469,4407174567279206824,evaluation,demo_baseline,793.9474891355933,0,0,inf,inf,120,720.6679839605947
EIR,0,470,7569454761127720727,evaluation,demo_baseline,793.9474891355933,0,0,inf,inf,132,643.0593036204717
EIR,0,471,8856949998017418236,evaluation,demo_baseline,793.9474891355933,0,0,inf,inf,111,649.832346644053
EIR,0,472,3367980504654377533,evaluation,demo_baseline,793.9474891355933,0,0,inf,inf,138,690.1334795571162
EIR,0,473,802639678431690929,evaluation,demo_baseline,793.9474891355933,0,0,inf,inf,116,623.3047206544246
EIR,0,474,2656997181187803568,evaluation,demo_baseline,793.9474891355933,0,0,inf,inf,109,508.2571424980609
EIR,0,475,2939025825463014100,evaluation,demo_baseline,793.9474891355933,0,0,inf,inf,137,691.6560099632369
EIR,0,476,707940062214248965,evaluation,demo_baseline,793.9474891355933,0,0,inf,inf,147,678.3022546819318
EIR,0,477,6038591321445641055,evaluation,demo_baseline,793.9474891355933,0,0,inf,inf,110,577.05712573373
EIR,0,478,7650288672002029282,evaluation,demo_baseline,793.9474891355933,0,0,inf,inf,123,702.2815022546262
EIR,0,479,6603641203435602292,evaluation,demo_baseline,793.9474891355933,0,0,inf,inf,107,615.4151670831943
EIR,0,480,5316045169328545924,evaluation,demo_baseline,793.9474891355933,0,0,inf,inf,137,761.8860920444389
EIR,0,481,8239057740594649341,evaluation,demo_baseline,793.9474891355933,0,0,inf,inf,120,613.0100776806765
EIR,0,482,724674526326734041,evaluation,demo_baseline,793.9474891355933,0,0,inf,inf,107,516.8548936036989
EIR,0,483,2977579609584968359,evaluation,demo_baseline,793.9474891355933,0,0,inf,inf,104,582.9191697655502
EIR,0,484,6968860258284085811,evaluation,demo_baseline,793.9474891355933,0,0,inf,inf,132,687.898621795219
EIR,0,485,7281221640412521284,evaluation,demo_baseline,793.9474891355933,0,0,inf,inf,122,665.135246056906
EIR,0,486,1955507321665345925,evaluation,demo_baseline,793.9474891355933,0,0,inf,178.0,141,852.6178258860476
EIR,0,487,213551185131901137,evaluation,demo_baseline,793.9474891355933,0,0,inf,inf,125,688.341821617066
EIR,0,488,399292329553338527,evaluation,demo_baseline,793.9474891355933,0,0,inf,inf,140,685.8482603035208
EIR,0,489,2522965074039064985,evaluation,demo_baseline,793.9474891355933,0,0,inf,inf,124,632.705443766384
EIR,0,490,9044695617953545594,evaluation,demo_baseline,793.9474891355933,0,0,inf,inf,114,664.0403592135872
EIR,0,491,5798720311718554834,evaluation,demo_baseline,793.9474891355933,0,0,inf,268.0,135,896.6375190540997
EIR,0,492,8437533508318653911,evaluation,demo_baseline,793.9474891355933,0,0,inf,207.0,135,860.7464087719311
EIR,0,493,2587872942163494736,evaluation,demo_baseline,793.9474891355933,0,0,inf,inf,115,711.5973391388201
EIR,0,494,2622531383096143465,evaluation,demo_baseline,793.9474891355933,0,0,inf,inf,120,631.6357608738962
EIR,0,495,2583058891942831735,evaluation,demo_baseline,793.9474891355933,0,0,inf,inf,119,564.7760314924358
EIR,0,496,1710921811427812321,evaluation,demo_baseline,793.9474891355933,0,0,inf,inf,137,628.5149694070135
EIR,0,497,8779983608257665676,evaluation,demo_baseline,793.9474891355933,0,0,inf,inf,124,720.6314596409907
EIR,0,498,132241731370319846,evaluation,demo_baseline,793.9474891355933,0,0,inf,inf,137,750.4686675464769
EIR,0,499,4630405329460913659,evaluation,demo_baseline,793.9474891355933,0,0,inf,inf,132,756.7839673601754
EIR,0,500,6215273735482021627,evaluation,demo_baseline,793.9474891355933,0,0,inf,inf,117,745.0031270223634
EIR,0,501,6709817812473471890,evaluation,demo_baseline,793.9474891355933,0,0,inf,inf,106,588.5247249260482
EIR,0,502,420124516681337941,evaluation,demo_baseline,793.9474891355933,0,0,inf,inf,127,646.4678365933365
EIR,0,503,4319859657663827025,evaluation,demo_baseline,793.9474891355933,0,0,inf,inf,122,750.0737293526993
EIR,0,504,3402224252341565470,evaluation,demo_baseline,793.9474891355933,0,0,inf,inf,116,577.8361675759536
EIR,0,505,3965147746489812949,evaluation,demo_baseline,793.9474891355933,0,0,inf,inf,113,556.6709263069465
EIR,0,506,2923366174287053838,evaluation,demo_baseline,793.9474891355933,0,0,inf,inf,112,516.2510385853898
EIR,0,507,7222062703562427048,evaluation,demo_baseline,793.9474891355933,0,0,inf,inf,133,723.9912750735309
EIR,0,508,1094597683085608209,evaluation,demo_baseline,793.9474891355933,0,0,inf,inf,107,630.3817938369317
EIR,0,509,1914005971173928955,evaluation,demo_baseline,793.9474891355933,0,0,inf,inf,106,568.9374756772131
EIR,0,510,7067103182073732084,evaluation,demo_baseline,793.9474891355933,0,0,inf,inf,131,601.5587912088224
EIR,0,511,2945494236844481237,evaluation,demo_baseline,793.9474891355933,0,0,inf,inf,135,614.7137842524478
EIR,0,512,1113098036842179245,evaluation,demo_baseline,793.9474891355933,0,0,inf,inf,123,620.0705634633657
EIR,0,513,5343154005493710243,evaluation,demo_baseline,793.9474891355933,0,0,inf,inf,118,639.1090802410322
EIR,0,514,566889610031331072,evaluation,demo_baseline,793.9474891355933,0,0,inf,inf,142,711.6321334159289
EIR,0,515,5762772214498318752,evaluation,demo_baseline,793.9474891355933,0,0,inf,inf,133,600.2998237702111
EIR,0,516,4001549859494864618,evaluation,demo_baseline,793.9474891355933,0,0,inf,inf,124,688.4502470420814
EIR,0,517,8352064541585595225,evaluation,demo_baseline,793.9474891355933,0,0,inf,inf,107,709.2948340500606
EIR,0,518,4091948738824297741,evaluation,demo_baseline,793.9474891355933,0,0,inf,inf,121,630.1634036216232
EIR,0,519,2704015865262788065,evaluation,demo_baseline,793.9474891355933,0,0,inf,inf,113,578.6199824449428
EIR,0,520,6675885362643373168,evaluation,demo_baseline,793.9474891355933,0,0,inf,inf,129,693.9286247933226
EIR,0,521,8654083488913184777,evaluation,demo_baseline,793.9474891355933,0,0,inf,inf,108,649.1558134440905
EIR,0,522,8366700432652984307,evaluation,demo_baseline,793.9474891355933,0,0,inf,inf,121,647.1674571563332
EIR,0,523,5534513594030296830,evaluation,demo_baseline,793.9474891355933,0,0,inf,inf,133,614.4950491658508
EIR,0,524,7311896212066179456,evaluation,demo_baseline,793.9474891355933,0,0,inf,inf,137,765.3163451465373
EIR,0,525,6686292752349307143,evaluation,demo_baseline,793.9474891355933,0,0,inf,inf,117,594.1119000332142
EIR,0,526,8793598445980183266,evaluation,demo_baseline,793.9474891355933,0,0,inf,inf,130,608.8065125970907
EIR,0,527,1756543354973169440,evaluation,demo_baseline,793.9474891355933,0,0,inf,inf,129,759.2233036124964
EIR,0,528,8782681226091828293,evaluation,demo_baseline,793.9474891355933,0,0,inf,248.0,137,972.548458515483
EIR,0,529,1718818675925466636,evaluation,demo_baseline,793.9474891355933,0,0,inf,inf,115,563.3823034784888
EIR,0,530,7252314329556534603,evaluation,demo_baseline,793.9474891355933,0,0,inf,inf,119,519.0680320827315
EIR,0,531,8378448439960748303,evaluation,demo_baseline,793.9474891355933,0,0,inf,inf,121,622.6888498119833
EIR,0,532,8193311249958951906,evaluation,demo_baseline,793.9474891355933,0,0,inf,inf,107,542.1263163689162
EIR,0,533,6637003245890201417,evaluation,demo_baseline,793.9474891355933,0,0,inf,inf,113,571.5096578224761
EIR,0,534,4553774538467934261,evaluation,demo_baseline,793.9474891355933,0,0,inf,inf,113,594.1504234173392
EIR,0,535,6318882430213856875,evaluation,demo_baseline,793.9474891355933,0,0,inf,293.0,121,807.1472718210767
EIR,0,536,2777935207230293991,evaluation,demo_baseline,793.9474891355933,0,0,inf,inf,136,743.3543734548097
EIR,0,537,1476300765025879463,evaluation,demo_baseline,793.9474891355933,0,0,inf,248.0,136,816.5125258314747
EIR,0,538,8310285984935163162,evaluation,demo_baseline,793.9474891355933,0,0,inf,inf,134,717.9162060873857
EIR,0,539,2746840523153965341,evaluation,demo_baseline,793.9474891355933,0,0,inf,inf,118,612.1090028522968
EIR,0,540,7155905593924719507,evaluation,demo_baseline,793.9474891355933,0,0,inf,inf,117,603.129351957625
EIR,0,541,4693779298819202097,evaluation,demo_baseline,793.9474891355933,0,0,inf,inf,120,562.250151090736
EIR,0,542,4158737030049975553,evaluation,demo_baseline,793.9474891355933,0,0,inf,inf,137,692.1110955926181
EIR,0,543,9209364678241428223,evaluation,demo_baseline,793.9474891355933,0,0,inf,inf,132,736.2534551588762
EIR,0,544,6014011123887416759,evaluation,demo_baseline,793.9474891355933,0,0,inf,inf,131,573.5415228765762
EIR,0,545,712095545280277381,evaluation,demo_baseline,793.9474891355933,0,0,inf,inf,130,638.5885704929225
EIR,0,546,7023686828711650002,evaluation,demo_baseline,793.9474891355933,0,0,inf,inf,122,711.8706570570835
EIR,0,547,5689242836425757217,evaluation,demo_baseline,793.9474891355933,0,0,inf,inf,122,587.7690143110577
EIR,0,548,3799637021491411311,evaluation,demo_baseline,793.9474891355933,0,0,inf,inf,126,712.0634463435505
EIR,0,549,4870692286938684710,evaluation,demo_baseline,793.9474891355933,0,0,inf,inf,131,724.076665431899
EIR,0,550,9129123698377579526,evaluation,demo_baseline,793.9474891355933,0,0,inf,inf,128,692.1263640788229
EIR,0,551,1131196370968318990,evaluation,demo_baseline,793.9474891355933,0,0,inf,inf,134,670.4399830205414
EIR,0,552,6229102489525963189,evaluation,demo_baseline,793.9474891355933,0,0,inf,inf,123,600.1651846890836
EIR,0,553,3786577073532131534,evaluation,demo_baseline,793.9474891355933,0,0,inf,inf,110,707.4766978728157
EIR,0,554,8766457777307262450,evaluation,demo_baseline,793.9474891355933,0,0,inf,inf,120,616.2035656761885
EIR,0,555,5445372096171222729,evaluation,demo_baseline,793.9474891355933,0,0,inf,inf,129,629.7935548860727
EIR,0,556,2037241228882408006,evaluation,demo_baseline,793.9474891355933,0,0,inf,inf,124,626.7060743184077
EIR,0,557,8079414235100082278,evaluation,demo_baseline,793.9474891355933,0,0,inf,inf,130,778.4637251504433
EIR,0,558,8010266279320967694,evaluation,demo_baseline,793.9474891355933,0,0,inf,inf,134,637.0599789583803
EIR,0,559,2759971193653410619,evaluation,demo_baseline,793.9474891355933,0,0,inf,inf,127,591.4136340614276
EIR,0,560,647744758500193663,evaluation,demo_baseline,793.9474891355933,0,0,inf,inf,133,645.1789713116829
EIR,0,561,533302559336163511,evaluation,demo_baseline,793.9474891355933,0,0,inf,inf,121,664.3690592260932
EIR,0,562,7818292385717402271,evaluation,demo_baseline,793.9474891355933,0,0,inf,inf,124,683.5423264393603
EIR,0,563,638667943025068167,evaluation,demo_baseline,793.9474891355933,0,0,inf,218.0,126,795.5170805430542
EIR,0,564,7283999025726165972,evaluation,demo_baseline,793.9474891355933,0,0,inf,inf,117,662.1747141711181
EIR,0,565,4450800436384244138,evaluation,demo_baseline,793.9474891355933,0,0,inf,inf,113,625.4993818356224
EIR,0,566,3582495623535340786,evaluation,demo_baseline,793.9474891355933,0,0,inf,inf,138,657.4382164686998
EIR,0,567,1215181354933371485,evaluation,demo_baseline,793.9474891355933,0,0,inf,inf,134,699.1722865641916
EIR,0,568,2232389905865164181,evaluation,demo_baseline,793.9474891355933,0,0,inf,inf,109,616.6384917350557
EIR,0,569,230296020472004507,evaluation,demo_baseline,793.9474891355933,0,0,inf,inf,114,653.9132926714844
EIR,0,570,5191397021102989730,evaluation,demo_baseline,793.9474891355933,0,0,inf,inf,144,663.547410797038
EIR,0,571,2129522048623995397,evaluation,demo_baseline,793.9474891355933,0,0,inf,inf,118,564.3642886372903
EIR,0,572,8495092146758186525,evaluation,demo_baseline,793.9474891355933,0,0,inf,inf,123,707.3385684349996
EIR,0,573,4250695201514731981,evaluation,demo_baseline,793.9474891355933,0,0,inf,inf,112,601.8128228590753
EIR,0,574,5217223108302918319,evaluation,demo_baseline,793.9474891355933,0,0,inf,inf,117,742.3624770021839
EIR,0,575,8821270826193756628,evaluation,demo_baseline,793.9474891355933,0,0,inf,inf,128,669.4049849517565
EIR,0,576,2542206463552483954,evaluation,demo_baseline,793.9474891355933,0,0,inf,inf,104,566.8609058508011
EIR,0,577,3120220457669121838,evaluation,demo_baseline,793.9474891355933,0,0,inf,inf,135,652.1929611975714
EIR,0,578,6651583166772832402,evaluation,demo_baseline,793.9474891355933,0,0,inf,inf,120,625.6923035634381
EIR,0,579,6593029238476614164,evaluation,demo_baseline,793.9474891355933,0,0,inf,inf,133,762.355166439967
EIR,0,580,6589002886023507628,evaluation,demo_baseline,793.9474891355933,0,0,inf,inf,114,520.8328303051884
EIR,0,581,5653139470929406534,evaluation,demo_baseline,793.9474891355933,0,0,inf,inf,136,779.9977726560733
EIR,0,582,3576637672989784493,evaluation,demo_baseline,793.9474891355933,0,0,inf,inf,123,578.6728252511886
EIR,0,583,5472371410337330650,evaluation,demo_baseline,793.9474891355933,0,0,inf,inf,125,620.6916682060682
EIR,0,584,5033456717844606301,evaluation,demo_baseline,793.9474891355933,0,0,inf,inf,123,642.3744394151475
EIR,0,585,1159381416158803290,evaluation,demo_baseline,793.9474891355933,0,0,inf,inf,122,598.1008358189641
EIR,0,586,8221576588125449370,evaluation,demo_baseline,793.9474891355933,0,0,inf,inf,118,581.6067519197467
EIR,0,587,1284880111342983968,evaluation,demo_baseline,793.9474891355933,0,0,inf,inf,126,577.6396279821261
EIR,0,588,7717719225451796354,evaluation,demo_baseline,793.9474891355933,0,0,inf,inf,135,708.1046166751788
EIR,0,589,922022647538746740,evaluation,demo_baseline,793.9474891355933,0,0,inf,inf,114,761.474511639994
EIR,0,590,5451664796022626093,evaluation,demo_baseline,793.9474891355933,0,0,inf,inf,105,515.8457104399403
EIR,0,591,2243582706106103358,evaluation,demo_baseline,793.9474891355933,0,0,inf,inf,108,524.3090017783718
EIR,0,592,4410212012739459675,evaluation,demo_baseline,793.9474891355933,0,0,inf,inf,130,667.4196195884483
EIR,0,593,2945530004049210174,evaluation,demo_baseline,793.9474891355933,0,0,inf,297.0,148,825.3469324743054
EIR,0,594,1680078549887198842,evaluation,demo_baseline,793.9474891355933,0,0,inf,inf,143,719.932990958483
EIR,0,595,4361221558018944067,evaluation,demo_baseline,793.9474891355933,0,0,inf,inf,134,649.4723751072379
EIR,0,596,4075746822936164644,evaluation,demo_baseline,793.9474891355933,0,0,inf,inf,116,561.9129549337354
EIR,0,597,1237728452097359964,evaluation,demo_baseline,793.9474891355933,0,0,inf,inf,134,641.0303168575055
EIR,0,598,2107470986047659569,evaluation,demo_baseline,793.9474891355933,0,0,inf,inf,125,662.5980031716606
EIR,0,599,3756610283205620794,evaluation,demo_baseline,793.9474891355933,0,0,inf,inf,123,517.4470493421611
EIR,0,600,1841016929396325739,evaluation,demo_baseline,793.9474891355933,0,0,inf,inf,143,645.5829540838531
EIR,0,601,2967693637165072517,evaluation,demo_baseline,793.9474891355933,0,0,inf,inf,123,633.6552111526179
EIR,0,602,5891012874464255646,evaluation,demo_baseline,793.9474891355933,0,0,inf,inf,139,789.712757179811
EIR,0,603,2056923738317759884,evaluation,demo_baseline,793.9474891355933,0,0,inf,inf,122,718.3870356361906
EIR,0,604,2922577904912735496,evaluation,demo_baseline,793.9474891355933,0,0,inf,inf,107,610.7382982577678
EIR,0,605,3495801800538428158,evaluation,demo_baseline,793.9474891355933,0,0,inf,inf,127,668.5492269662716
EIR,0,606,8279885237749909074,evaluation,demo_baseline,793.9474891355933,0,0,inf,inf,141,779.3278353306479
EIR,0,607,6632930219427968617,evaluation,demo_baseline,793.9474891355933,0,0,inf,inf,121,614.1987577792829
EIR,0,608,8171397582441539950,evaluation,demo_baseline,793.9474891355933,0,0,inf,inf,125,644.6672609577681
EIR,0,609,8077278321264939706,evaluation,demo_baseline,793.9474891355933,0,0,inf,inf,132,650.7133344640382
EIR,0,610,5034097285756366803,evaluation,demo_baseline,793.9474891355933,0,0,inf,inf,113,577.5348300498061
EIR,0,611,8704111456312108995,evaluation,demo_baseline,793.9474891355933,0,0,inf,inf,123,555.350980175733
EIR,0,612,3014171628907433227,evaluation,demo_baseline,793.9474891355933,0,0,inf,inf,115,791.7353979493943
EIR,0,613,8311984036116927883,evaluation,demo_baseline,793.9474891355933,0,0,inf,inf,118,662.5236598441825
EIR,0,614,4669516755796260946,evaluation,demo_baseline,793.9474891355933,0,0,inf,inf,132,691.0754840755276
EIR,0,615,405508573548493638,evaluation,demo_baseline,793.9474891355933,0,0,inf,inf,134,697.5217507387695
EIR,0,616,1181764824223633919,evaluation,demo_baseline,793.9474891355933,0,0,inf,inf,135,712.9281550282444
EIR,0,617,7280563289470646429,evaluation,demo_baseline,793.9474891355933,0,0,inf,inf,129,650.1321817335464
EIR,0,618,4869003345127682787,evaluation,demo_baseline,793.9474891355933,0,0,inf,inf,105,633.2590518417829
EIR,0,619,4514338021999177524,evaluation,demo_baseline,793.9474891355933,0,0,inf,298.0,132,823.782087622737
EIR,0,620,3524833816354821786,evaluation,demo_baseline,793.9474891355933,0,0,inf,inf,115,590.407416509124
EIR,0,621,2353228047741491937,evaluation,demo_baseline,793.9474891355933,0,0,inf,inf,126,618.9283568771552
EIR,0,622,7977502911919071634,evaluation,demo_baseline,793.9474891355933,0,0,inf,inf,130,552.1470855188774
EIR,0,623,986721466373718720,evaluation,demo_baseline,793.9474891355933,0,0,inf,inf,131,667.771695123098
EIR,0,624,8369130418007088544,evaluation,demo_baseline,793.9474891355933,0,0,inf,inf,118,545.4212313740114
EIR,0,625,2981911695694036995,evaluation,demo_baseline,793.9474891355933,0,0,inf,inf,115,611.7870852286479
EIR,0,626,4895456888233324114,evaluation,demo_baseline,793.9474891355933,0,0,inf,inf,118,508.40687790056484
EIR,0,627,4900097843018470960,evaluation,demo_baseline,793.9474891355933,0,0,inf,inf,126,709.9277164789166
EIR,0,628,1737812350101045641,evaluation,demo_baseline,793.9474891355933,0,0,inf,inf,116,749.6158966292865
EIR,0,629,643745114819292948,evaluation,demo_baseline,793.9474891355933,0,0,inf,inf,119,633.857826642944
EIR,0,630,641818923576531977,evaluation,demo_baseline,793.9474891355933,0,0,inf,inf,122,660.5970667772109
EIR,0,631,7804707407616477742,evaluation,demo_baseline,793.9474891355933,0,0,inf,inf,119,605.6776821860693
EIR,0,632,7318578036028009364,evaluation,demo_baseline,793.9474891355933,0,0,inf,inf,126,634.9443636581743
EIR,0,633,8568665636531124265,evaluation,demo_baseline,793.9474891355933,0,0,inf,inf,117,579.8969161109347
EIR,0,634,6657413178717593311,evaluation,demo_baseline,793.9474891355933,0,0,inf,inf,111,491.87884981623534
EIR,0,635,6168744110608156896,evaluation,demo_baseline,793.9474891355933,0,0,inf,inf,114,477.08790003268933
EIR,0,636,7337018363320106067,evaluation,demo_baseline,793.9474891355933,0,0,inf,inf,128,585.9093138508156
EIR,0,637,3754200407575868148,evaluation,demo_baseline,793.9474891355933,0,0,inf,inf,130,646.9078128137018
EIR,0,638,7550734367440316327,evaluation,demo_baseline,793.9474891355933,0,0,inf,inf,122,590.6554106168613
EIR,0,639,5079976146968897931,evaluation,demo_baseline,793.9474891355933,0,0,inf,inf,121,756.1144548156996
EIR,0,640,2672896447908006519,evaluation,demo_baseline,793.9474891355933,0,0,inf,inf,121,624.014255367396
EIR,0,641,7088353786028538814,evaluation,demo_baseline,793.9474891355933,0,0,inf,inf,118,580.1905010876636
EIR,0,642,4757983659847375420,evaluation,demo_baseline,793.9474891355933,0,0,inf,241.0,145,842.6823485367166
EIR,0,643,4907494202742022844,evaluation,demo_baseline,793.9474891355933,0,0,inf,inf,130,656.1009539569903
EIR,0,644,2506690015439996230,evaluation,demo_baseline,793.9474891355933,0,0,inf,inf,118,549.104014369262
EIR,0,645,8362001381790622138,evaluation,demo_baseline,793.9474891355933,0,0,inf,inf,112,537.6734905035345
EIR,0,646,5070914608073642233,evaluation,demo_baseline,793.9474891355933,0,0,inf,inf,140,683.6262345156733
EIR,0,647,9114797597949097570,evaluation,demo_baseline,793.9474891355933,0,0,inf,inf,130,684.4620313331253
EIR,0,648,849294553247917446,evaluation,demo_baseline,793.9474891355933,0,0,inf,inf,134,760.1865856756503
EIR,0,649,2428196831812735007,evaluation,demo_baseline,793.9474891355933,0,0,inf,inf,139,618.7792894808433
EIR,0,650,6442895128918698185,evaluation,demo_baseline,793.9474891355933,0,0,inf,inf,110,490.6230701381339
EIR,0,651,2553143057077400102,evaluation,demo_baseline,793.9474891355933,0,0,inf,inf,118,711.7301194139394
EIR,0,652,5185456235004436862,evaluation,demo_baseline,793.9474891355933,0,0,inf,inf,136,706.0299319803827
EIR,0,653,8428501423407488880,evaluation,demo_baseline,793.9474891355933,0,0,inf,inf,126,586.6633859251368
EIR,0,654,2265248053840660133,evaluation,demo_baseline,793.9474891355933,0,0,inf,inf,132,756.3446734652119
EIR,0,655,3229714018533073922,evaluation,demo_baseline,793.9474891355933,0,0,inf,inf,121,612.6710985877323
EIR,0,656,3817641202396133022,evaluation,demo_baseline,793.9474891355933,0,0,inf,inf,131,678.2343676671663
EIR,0,657,7911888198129400737,evaluation,demo_baseline,793.9474891355933,0,0,inf,inf,122,681.3885591774481
EIR,0,658,8651488128523568109,evaluation,demo_baseline,793.9474891355933,0,0,inf,inf,118,658.6340033225817
EIR,0,659,8756996182645722580,evaluation,demo_baseline,793.9474891355933,0,0,inf,inf,130,668.3512186687207
EIR,0,660,1258195364516154589,evaluation,demo_baseline,793.9474891355933,0,0,inf,inf,131,655.5977084085312
EIR,0,661,1400379972565253586,evaluation,demo_baseline,793.9474891355933,0,0,inf,inf,105,663.3717017804822
EIR,0,662,1757914467023181341,evaluation,demo_baseline,793.9474891355933,0,0,inf,inf,145,775.2023601313002
EIR,0,663,7181820271709159926,evaluation,demo_baseline,793.9474891355933,0,0,inf,inf,129,699.8296363224657
EIR,0,664,2127787366564496717,evaluation,demo_baseline,793.9474891355933,0,0,inf,inf,126,659.0749399617671
EIR,0,665,9010716946600818426,evaluation,demo_baseline,793.9474891355933,0,0,inf,inf,120,658.7186537508034
EIR,0,666,6912925628032923774,evaluation,demo_baseline,793.9474891355933,0,0,inf,131.0,131,808.0572367535602
EIR,0,667,7514541448562552265,evaluation,demo_baseline,793.9474891355933,0,0,inf,inf,141,705.376744367794
EIR,0,668,2439982973812316257,evaluation,demo_baseline,793.9474891355933,0,0,inf,inf,118,632.0617233976848
EIR,0,669,8240798963995962033,evaluation,demo_baseline,793.9474891355933,0,0,inf,inf,119,548.893266360354
EIR,0,670,280065140697333484,evaluation,demo_baseline,793.9474891355933,0,0,inf,inf,123,616.5524783430653
EIR,0,671,8211257626607542990,evaluation,demo_baseline,793.9474891355933,0,0,inf,inf,127,651.1015508809484
EIR,0,672,7359468005101201339,evaluation,demo_baseline,793.9474891355933,0,0,inf,inf,136,736.4971669492676
EIR,0,673,9146778214316120067,evaluation,demo_baseline,793.9474891355933,0,0,inf,inf,110,660.2435239019042
EIR,0,674,9110407964102053495,evaluation,demo_baseline,793.9474891355933,0,0,inf,inf,134,627.205273031308
EIR,0,675,4706353810542241908,evaluation,demo_baseline,793.9474891355933,0,0,inf,inf,139,747.4001746557224
EIR,0,676,6931539923691525162,evaluation,demo_baseline,793.9474891355933,0,0,inf,inf,128,659.795813843839
EIR,0,677,797677400921221957,evaluation,demo_baseline,793.9474891355933,0,0,inf,inf,126,709.9073920029642
EIR,0,678,7933643538392148954,evaluation,demo_baseline,793.9474891355933,0,0,inf,inf,118,645.4548836912174
EIR,0,679,1950172378880948481,evaluation,demo_baseline,793.9474891355933,0,0,inf,inf,118,662.7197650013885
EIR,0,680,4370740818096961966,evaluation,demo_baseline,793.9474891355933,0,0,inf,inf,117,533.7385402135517
EIR,0,681,5366177039971860054,evaluation,demo_baseline,793.9474891355933,0,0,inf,inf,126,667.4486362623829
EIR,0,682,116292085973427057,evaluation,demo_baseline,793.9474891355933,0,0,inf,inf,122,635.870378536082
EIR,0,683,2337822075723258915,evaluation,demo_baseline,793.9474891355933,0,0,inf,inf,122,686.0936003814676
EIR,0,684,4633711903802192880,evaluation,demo_baseline,793.9474891355933,0,0,inf,inf,118,745.3322660666169
EIR,0,685,5859108343432505864,evaluation,demo_baseline,793.9474891355933,0,0,inf,inf,129,728.0339698362077
EIR,0,686,2169014766149175540,evaluation,demo_baseline,793.9474891355933,0,0,inf,inf,119,770.8152924185788
EIR,0,687,7017405350145008561,evaluation,demo_baseline,793.9474891355933,0,0,inf,inf,123,566.7373826714005
EIR,0,688,406991270135679327,evaluation,demo_baseline,793.9474891355933,0,0,inf,inf,135,730.5045862103146
EIR,0,689,189542338660401093,evaluation,demo_baseline,793.9474891355933,0,0,inf,inf,121,613.2624583831162
EIR,0,690,4261372713712695920,evaluation,demo_baseline,793.9474891355933,0,0,inf,inf,122,595.9213752515064
EIR,0,691,4545595996391005752,evaluation,demo_baseline,793.9474891355933,0,0,inf,inf,125,726.9359585750909
EIR,0,692,3710975021326330471,evaluation,demo_baseline,793.9474891355933,0,0,inf,inf,134,678.9654457951585
EIR,0,693,3275184070648226813,evaluation,demo_baseline,793.9474891355933,0,0,inf,inf,112,555.8632892363622
EIR,0,694,2767202628612182175,evaluation,demo_baseline,793.9474891355933,0,0,inf,inf,101,449.82397488205487
EIR,0,695,5217438450394750221,evaluation,demo_baseline,793.9474891355933,0,0,inf,inf,115,588.3034749847295
EIR,0,696,3641074478409910061,evaluation,demo_baseline,793.9474891355933,0,0,inf,inf,116,653.1108437817612
EIR,0,697,915275891904388496,evaluation,demo_baseline,793.9474891355933,0,0,inf,inf,142,704.1713794005766
EIR,0,698,4690533884538999763,evaluation,demo_baseline,793.9474891355933,0,0,inf,inf,127,647.2729599306185
EIR,0,699,4185915291693657818,evaluation,demo_baseline,793.9474891355933,0,0,inf,inf,122,526.3555439241482
EIR,0,700,8756158610720978114,evaluation,demo_baseline,793.9474891355933,0,0,inf,inf,116,686.2530418119727
EIR,0,701,3831447845373009535,evaluation,demo_baseline,793.9474891355933,0,0,inf,inf,130,696.3580526932901
EIR,0,702,8057520957767125225,evaluation,demo_baseline,793.9474891355933,0,0,inf,inf,105,531.2253202751967
EIR,0,703,3611337672629374398,evaluation,demo_baseline,793.9474891355933,0,0,inf,inf,131,716.6550501659824
EIR,0,704,6071326023311365244,evaluation,demo_baseline,793.9474891355933,0,0,inf,inf,116,628.7690112353813
EIR,0,705,4883915356578042391,evaluation,demo_baseline,793.9474891355933,0,0,inf,inf,127,632.5408743655678
EIR,0,706,7735524975660049452,evaluation,demo_baseline,793.9474891355933,0,0,inf,inf,111,603.2461208705464
EIR,0,707,22814342022756962,evaluation,demo_baseline,793.9474891355933,0,0,inf,inf,124,648.312781273188
EIR,0,708,8605910915295361699,evaluation,demo_baseline,793.9474891355933,0,0,inf,inf,118,629.8983693367702
EIR,0,709,3184682165179426558,evaluation,demo_baseline,793.9474891355933,0,0,inf,inf,112,609.9397190227561
EIR,0,710,214517954827886987,evaluation,demo_baseline,793.9474891355933,0,0,inf,inf,140,634.2128279283784
EIR,0,711,5970449429065868382,evaluation,demo_baseline,793.9474891355933,0,0,inf,inf,111,569.0690854499741
EIR,0,712,3369071420407472947,evaluation,demo_baseline,793.9474891355933,0,0,inf,inf,127,700.032279126037
EIR,0,713,7865676440016900200,evaluation,demo_baseline,793.9474891355933,0,0,inf,inf,118,554.5465784782288
EIR,0,714,3980757164143467899,evaluation,demo_baseline,793.9474891355933,0,0,inf,inf,139,619.9908465974407
EIR,0,715,808388267005521648,evaluation,demo_baseline,793.9474891355933,0,0,inf,inf,123,679.7843659064481
EIR,0,716,181727356409640503,evaluation,demo_baseline,793.9474891355933,0,0,inf,inf,129,582.5010154317981
EIR,0,717,3440062774936223012,evaluation,demo_baseline,793.9474891355933,0,0,inf,inf,135,759.7003494870748
EIR,0,718,8201588422054420125,evaluation,demo_baseline,793.9474891355933,0,0,inf,inf,127,704.4663375730512
EIR,0,719,698711405217837383,evaluation,demo_baseline,793.9474891355933,0,0,inf,inf,120,610.032173704045
EIR,0,720,3916197222543316646,evaluation,demo_baseline,793.9474891355933,0,0,inf,inf,131,642.6448873518962
EIR,0,721,6077452399637917297,evaluation,demo_baseline,793.9474891355933,0,0,inf,inf,135,787.9515837578391
EIR,0,722,5366845018133645614,evaluation,demo_baseline,793.9474891355933,0,0,inf,inf,111,483.55872094003774
EIR,0,723,2384358657937450851,evaluation,demo_baseline,793.9474891355933,0,0,inf,inf,129,554.2691429527805
EIR,0,724,5340222208644529272,evaluation,demo_baseline,793.9474891355933,0,0,inf,inf,112,559.9914704810308
EIR,0,725,6179067020199254819,evaluation,demo_baseline,793.9474891355933,0,0,inf,inf,116,613.9500001041362
EIR,0,726,6711848699539156789,evaluation,demo_baseline,793.9474891355933,0,0,inf,inf,116,583.2105427527763
EIR,0,727,9129964658800966927,evaluation,demo_baseline,793.9474891355933,0,0,inf,inf,129,596.5706550016744
EIR,0,728,7179754108702611049,evaluation,demo_baseline,793.9474891355933,0,0,inf,inf,130,712.2302976472653
EIR,0,729,3689708642547582726,evaluation,demo_baseline,793.9474891355933,0,0,inf,inf,142,642.9612582668799
EIR,0,730,4238547921663877389,evaluation,demo_baseline,793.9474891355933,0,0,inf,inf,107,540.160074271312
EIR,0,731,5658622403622506574,evaluation,demo_baseline,793.9474891355933,0,0,inf,inf,146,716.9844352309184
EIR,0,732,853076762427085452,evaluation,demo_baseline,793.9474891355933,0,0,inf,inf,118,526.7503151424578
EIR,0,733,8496123487953585597,evaluation,demo_baseline,793.9474891355933,0,0,inf,inf,125,635.648583856162
EIR,0,734,783034026082938910,evaluation,demo_baseline,793.9474891355933,0,0,inf,inf,123,726.6162320714045
EIR,0,735,860122187388684589,evaluation,demo_baseline,793.9474891355933,0,0,inf,inf,128,685.0170268513766
EIR,0,736,7739964066433150214,evaluation,demo_baseline,793.9474891355933,0,0,inf,inf,141,732.3839996826412
EIR,0,737,1514823664665649467,evaluation,demo_baseline,793.9474891355933,0,0,inf,inf,105,452.80559882582327
EIR,0,738,96340703239709075,evaluation,demo_baseline,793.9474891355933,0,0,inf,inf,121,636.682187914475
EIR,0,739,2995163222770893249,evaluation,demo_baseline,793.9474891355933,0,0,inf,inf,129,775.4628447762227
EIR,0,740,4507080485294187979,evaluation,demo_baseline,793.9474891355933,0,0,inf,inf,115,576.8600158978064
EIR,0,741,4556083360560616807,evaluation,demo_baseline,793.9474891355933,0,0,inf,inf,121,675.3831101816427
EIR,0,742,7011140609650095001,evaluation,demo_baseline,793.9474891355933,0,0,inf,inf,124,734.0078897038798
EIR,0,743,8420357267908279069,evaluation,demo_baseline,793.9474891355933,0,0,inf,inf,133,678.7578698868058
EIR,0,744,4017675932546827423,evaluation,demo_baseline,793.9474891355933,0,0,inf,inf,123,644.0624352214054
EIR,0,745,1007680908515191314,evaluation,demo_baseline,793.9474891355933,0,0,inf,inf,138,672.7887099245881
EIR,0,746,8802797086179339769,evaluation,demo_baseline,793.9474891355933,0,0,inf,inf,130,564.4220402749004
EIR,0,747,5946138678594260968,evaluation,demo_baseline,793.9474891355933,0,0,inf,inf,131,699.4446499525542
EIR,0,748,5212153819715077149,evaluation,demo_baseline,793.9474891355933,0,0,inf,inf,129,685.972775032851
EIR,0,749,8692283958916242697,evaluation,demo_baseline,793.9474891355933,0,0,inf,inf,127,692.6456915509216
EIR,0,750,2330782307711401962,evaluation,demo_baseline,793.9474891355933,0,0,inf,inf,127,635.0279417789061
EIR,0,751,1776124739170071502,evaluation,demo_baseline,793.9474891355933,0,0,inf,inf,124,636.6113080733677
EIR,0,752,6773689929294677222,evaluation,demo_baseline,793.9474891355933,0,0,inf,inf,126,631.9371597171579
EIR,0,753,8226818398579292545,evaluation,demo_baseline,793.9474891355933,0,0,inf,inf,117,547.5571751985933
EIR,0,754,1021320019932468015,evaluation,demo_baseline,793.9474891355933,0,0,inf,inf,119,560.7053939501343
EIR,0,755,7897758871095309537,evaluation,demo_baseline,793.9474891355933,0,0,inf,229.0,138,835.4202304838959
EIR,0,756,3883850224952710649,evaluation,demo_baseline,793.9474891355933,0,0,inf,inf,133,713.0382555063741
EIR,0,757,241692156537760657,evaluation,demo_baseline,793.9474891355933,0,0,inf,inf,107,465.7844046117628
EIR,0,758,8801824724160444712,evaluation,demo_baseline,793.9474891355933,0,0,inf,inf,129,673.4544390203744
EIR,0,759,4577814621105966697,evaluation,demo_baseline,793.9474891355933,0,0,inf,inf,126,590.1322451566334
EIR,0,760,1065099833877985715,evaluation,demo_baseline,793.9474891355933,0,0,inf,inf,108,625.6820394998326
EIR,0,761,8080955874120989318,evaluation,demo_baseline,793.9474891355933,0,0,inf,inf,146,787.4408565426191
EIR,0,762,67395301418488168,evaluation,demo_baseline,793.9474891355933,0,0,inf,inf,124,689.8615562878508
EIR,0,763,1966435124735962563,evaluation,demo_baseline,793.9474891355933,0,0,inf,inf,107,519.9233514818612
EIR,0,764,8264488927666645761,evaluation,demo_baseline,793.9474891355933,0,0,inf,181.0,135,800.102584445915
EIR,0,765,5640475649003644862,evaluation,demo_baseline,793.9474891355933,0,0,inf,inf,133,671.2209540695877
EIR,0,766,4697777765272455688,evaluation,demo_baseline,793.9474891355933,0,0,inf,inf,113,691.6892459100663
EIR,0,767,3674071458716502765,evaluation,demo_baseline,793.9474891355933,0,0,inf,inf,130,656.5675800077106
EIR,0,768,8438174336202846777,evaluation,demo_baseline,793.9474891355933,0,0,inf,inf,115,724.6535112627993
EIR,0,769,7877810138138603905,evaluation,demo_baseline,793.9474891355933,0,0,inf,271.0,145,813.0873224357862
EIR,0,770,7717216705984317967,evaluation,demo_baseline,793.9474891355933,0,0,inf,inf,151,766.767432102703
EIR,0,771,8188584634222759161,evaluation,demo_baseline,793.9474891355933,0,0,inf,inf,120,675.5953305178987
EIR,0,772,8574706713415693495,evaluation,demo_baseline,793.9474891355933,0,0,inf,inf,107,549.6752565280278
EIR,0,773,1603028157387314399,evaluation,demo_baseline,793.9474891355933,0,0,inf,inf,117,629.3881194060668
EIR,0,774,583667744434501109,evaluation,demo_baseline,793.9474891355933,0,0,inf,inf,117,571.4579152685715
EIR,0,775,6162206836477849574,evaluation,demo_baseline,793.9474891355933,0,0,inf,inf,123,531.9818339462644
EIR,0,776,7589030069736851067,evaluation,demo_baseline,793.9474891355933,0,0,inf,inf,106,505.4578913768764
EIR,0,777,7788919486499818422,evaluation,demo_baseline,793.9474891355933,0,0,inf,inf,118,657.3713043225523
EIR,0,778,1341691193104596440,evaluation,demo_baseline,793.9474891355933,0,0,inf,inf,112,600.1790869721871
EIR,0,779,3753606155415050021,evaluation,demo_baseline,793.9474891355933,0,0,inf,inf,126,569.470898436582
EIR,0,780,7706055362663901563,evaluation,demo_baseline,793.9474891355933,0,0,inf,inf,113,637.3833638710331
EIR,0,781,3648796665865676704,evaluation,demo_baseline,793.9474891355933,0,0,inf,inf,124,698.1602850704433
EIR,0,782,6486310133208526960,evaluation,demo_baseline,793.9474891355933,0,0,inf,inf,107,601.638163334913
EIR,0,783,1234012736460114351,evaluation,demo_baseline,793.9474891355933,0,0,inf,inf,139,691.947015328203
EIR,0,784,4157805298492906235,evaluation,demo_baseline,793.9474891355933,0,0,inf,inf,136,675.3613168329343
EIR,0,785,2638642701199222606,evaluation,demo_baseline,793.9474891355933,0,0,inf,273.0,156,869.021981785776
EIR,0,786,8679691606950803534,evaluation,demo_baseline,793.9474891355933,0,0,inf,inf,91,399.7162681379788
EIR,0,787,4250970119329097527,evaluation,demo_baseline,793.9474891355933,0,0,inf,inf,113,721.7010071260888
EIR,0,788,3471005898281313488,evaluation,demo_baseline,793.9474891355933,0,0,inf,inf,116,646.8160762047564
EIR,0,789,4232610531524016850,evaluation,demo_baseline,793.9474891355933,0,0,inf,inf,114,515.9130942456111
EIR,0,790,2882553905796681995,evaluation,demo_baseline,793.9474891355933,0,0,inf,inf,121,591.4292939672366
EIR,0,791,5664956531058440104,evaluation,demo_baseline,793.9474891355933,0,0,inf,187.0,136,822.1132807211062
EIR,0,792,4956731345261927670,evaluation,demo_baseline,793.9474891355933,0,0,inf,inf,140,712.7784810164608
EIR,0,793,6218921582820899581,evaluation,demo_baseline,793.9474891355933,0,0,inf,inf,127,618.0690013489458
EIR,0,794,6599983908136782426,evaluation,demo_baseline,793.9474891355933,0,0,inf,inf,115,505.0958766458381
EIR,0,795,4892549796232546767,evaluation,demo_baseline,793.9474891355933,0,0,inf,inf,136,725.7426339838138
EIR,0,796,4135902691257322096,evaluation,demo_baseline,793.9474891355933,0,0,inf,inf,115,590.8932931677625
EIR,0,797,4677035851375455402,evaluation,demo_baseline,793.9474891355933,0,0,inf,inf,135,633.3066177816731
EIR,0,798,7720752162762025998,evaluation,demo_baseline,793.9474891355933,0,0,inf,inf,120,679.0794284148391
EIR,0,799,1111468164821926576,evaluation,demo_baseline,793.9474891355933,0,0,inf,inf,124,649.5852348718004
EIR,0,800,3114835332791804152,evaluation,demo_baseline,793.9474891355933,0,0,inf,inf,112,607.903361324718
EIR,0,801,5878912982267747538,evaluation,demo_baseline,793.9474891355933,0,0,inf,inf,129,668.2000783894733
EIR,0,802,8282932742636101010,evaluation,demo_baseline,793.9474891355933,0,0,inf,inf,109,633.9907004411723
EIR,0,803,6545133664947626126,evaluation,demo_baseline,793.9474891355933,0,0,inf,inf,125,606.1891151917487
EIR,0,804,2235943790187986463,evaluation,demo_baseline,793.9474891355933,0,0,inf,inf,110,690.6985183246294
EIR,0,805,8918616075573147701,evaluation,demo_baseline,793.9474891355933,0,0,inf,inf,107,669.7912835050115
EIR,0,806,2007270211108394084,evaluation,demo_baseline,793.9474891355933,0,0,inf,inf,117,617.8937720227354
EIR,0,807,280976218329059657,evaluation,demo_baseline,793.9474891355933,0,0,inf,inf,122,627.21666563346
EIR,0,808,6247325622469128122,evaluation,demo_baseline,793.9474891355933,0,0,inf,inf,117,690.8488443916324
EIR,0,809,6321000741653902116,evaluation,demo_baseline,793.9474891355933,0,0,inf,inf,124,614.9885575559989
EIR,0,810,1709239528094257344,evaluation,demo_baseline,793.9474891355933,0,0,inf,inf,112,548.7633865807968
EIR,0,811,8756112764621213011,evaluation,demo_baseline,793.9474891355933,0,0,inf,inf,125,590.4608928633293
EIR,0,812,7521054428976769962,evaluation,demo_baseline,793.9474891355933,0,0,inf,inf,140,695.426790378718
EIR,0,813,6031289478941284026,evaluation,demo_baseline,793.9474891355933,0,0,inf,inf,142,774.5292784546283
EIR,0,814,1379554150436975211,evaluation,demo_baseline,793.9474891355933,0,0,inf,inf,127,664.9544926344979
EIR,0,815,4961289146993548731,evaluation,demo_baseline,793.9474891355933,0,0,inf,inf,120,628.2290881829036
EIR,0,816,3398310547899404746,evaluation,demo_baseline,793.9474891355933,0,0,inf,inf,120,561.2333629258396
EIR,0,817,375773631259770069,evaluation,demo_baseline,793.9474891355933,0,0,inf,inf,127,724.5599748982669
EIR,0,818,6114806628422297551,evaluation,demo_baseline,793.9474891355933,0,0,inf,inf,144,720.3231880262903
EIR,0,819,578372701937635587,evaluation,demo_baseline,793.9474891355933,0,0,inf,inf,114,614.0325785197441
EIR,0,820,6060526126527238448,evaluation,demo_baseline,793.9474891355933,0,0,inf,inf,112,675.966599431722
EIR,0,821,1575220790143308995,evaluation,demo_baseline,793.9474891355933,0,0,inf,inf,139,627.7114931295109
EIR,0,822,6207800103820256849,evaluation,demo_baseline,793.9474891355933,0,0,inf,inf,115,633.8115838086385
EIR,0,823,2534750769200470300,evaluation,demo_baseline,793.9474891355933,0,0,inf,inf,112,515.4974838500801
EIR,0,824,8075983324494404181,evaluation,demo_baseline,793.9474891355933,0,0,inf,inf,127,666.4422226594472
EIR,0,825,321516844074173735,evaluation,demo_baseline,793.9474891355933,0,0,inf,inf,132,664.7711032647868
EIR,0,826,2327665406290131065,evaluation,demo_baseline,793.9474891355933,0,0,inf,inf,114,689.4691589258543
EIR,0,827,6042477647006079193,evaluation,demo_baseline,793.9474891355933,0,0,inf,inf,132,655.5495159206829
EIR,0,828,2094651071012979622,evaluation,demo_baseline,793.9474891355933,0,0,inf,inf,128,619.2068413130764
EIR,0,829,1436318083474838413,evaluation,demo_baseline,793.9474891355933,0,0,inf,inf,118,674.3514194443864
EIR,0,830,5771317766318701655,evaluation,demo_baseline,793.9474891355933,0,0,inf,inf,108,506.0651721127546
EIR,0,831,1336687011647945902,evaluation,demo_baseline,793.9474891355933,0,0,inf,inf,115,655.9294912345414
EIR,0,832,2793121475090418895,evaluation,demo_baseline,793.9474891355933,0,0,inf,inf,105,517.1144720367286
EIR,0,833,8042658261876443367,evaluation,demo_baseline,793.9474891355933,0,0,inf,inf,118,640.3853305094257
EIR,0,834,6686877937254725873,evaluation,demo_baseline,793.9474891355933,0,0,inf,inf,128,601.1852711585138
EIR,0,835,7065003746153690827,evaluation,demo_baseline,793.9474891355933,0,0,inf,inf,125,588.809658002209
EIR,0,836,7176103257422336436,evaluation,demo_baseline,793.9474891355933,0,0,inf,inf,128,674.7885539239827
EIR,0,837,4531768074171687851,evaluation,demo_baseline,793.9474891355933,0,0,inf,inf,126,754.8994028407787
EIR,0,838,7641010954582247228,evaluation,demo_baseline,793.9474891355933,0,0,inf,inf,123,714.4608478028847
EIR,0,839,2387335239565825358,evaluation,demo_baseline,793.9474891355933,0,0,inf,inf,119,597.5620315053425
EIR,0,840,7483649040404103385,evaluation,demo_baseline,793.9474891355933,0,0,inf,inf,124,562.9628705043725
EIR,0,841,7746051939212463555,evaluation,demo_baseline,793.9474891355933,0,0,inf,inf,122,543.3487473949662
EIR,0,842,268593952582948123,evaluation,demo_baseline,793.9474891355933,0,0,inf,inf,139,729.7859410748479
EIR,0,843,7686033614308745523,evaluation,demo_baseline,793.9474891355933,0,0,inf,inf,124,745.9853701725774
EIR,0,844,2722732416510094059,evaluation,demo_baseline,793.9474891355933,0,0,inf,inf,106,584.7966874856256
EIR,0,845,8170713343068956501,evaluation,demo_baseline,793.9474891355933,0,0,inf,inf,150,660.904693478584
EIR,0,846,1531841035163969646,evaluation,demo_baseline,793.9474891355933,0,0,inf,inf,124,674.8972633759713
EIR,0,847,5479274956069016701,evaluation,demo_baseline,793.9474891355933,0,0,inf,inf,122,594.3931673786605
EIR,0,848,3755939582470519372,evaluation,demo_baseline,793.9474891355933,0,0,inf,inf,117,457.3931670198942
EIR,0,849,335099440444184019,evaluation,demo_baseline,793.9474891355933,0,0,inf,inf,121,617.114196237951
EIR,0,850,4831651727951341514,evaluation,demo_baseline,793.9474891355933,0,0,inf,inf,118,558.6072131286169
EIR,0,851,1849025593426114873,evaluation,demo_baseline,793.9474891355933,0,0,inf,274.0,144,851.9769862573647
EIR,0,852,7145064022810870784,evaluation,demo_baseline,793.9474891355933,0,0,inf,inf,146,674.9763072670846
EIR,0,853,3036913468392401530,evaluation,demo_baseline,793.9474891355933,0,0,inf,inf,140,643.7009366215137
EIR,0,854,2144007831118118913,evaluation,demo_baseline,793.9474891355933,0,0,inf,inf,113,532.9470278203127
EIR,0,855,6460314022148072072,evaluation,demo_baseline,793.9474891355933,0,0,inf,inf,115,573.5002164280986
EIR,0,856,8861427404877059023,evaluation,demo_baseline,793.9474891355933,0,0,inf,inf,125,685.1974931231867
EIR,0,857,6082347765913664849,evaluation,demo_baseline,793.9474891355933,0,0,inf,295.0,140,805.8625084398251
EIR,0,858,8835538252089640546,evaluation,demo_baseline,793.9474891355933,0,0,inf,inf,139,640.3376654574492
EIR,0,859,2387448647390490926,evaluation,demo_baseline,793.9474891355933,0,0,inf,inf,101,502.3930637316578
EIR,0,860,5878942330669759671,evaluation,demo_baseline,793.9474891355933,0,0,inf,inf,124,611.2853532967082
EIR,0,861,2830164860866095841,evaluation,demo_baseline,793.9474891355933,0,0,inf,230.0,128,809.6238578364416
EIR,0,862,2758413383434720622,evaluation,demo_baseline,793.9474891355933,0,0,inf,inf,115,668.4860177137748
EIR,0,863,7932884622148197735,evaluation,demo_baseline,793.9474891355933,0,0,inf,inf,119,746.0007640312459
EIR,0,864,7526882528976835428,evaluation,demo_baseline,793.9474891355933,0,0,inf,inf,140,655.9189387701967
EIR,0,865,5651249149578633290,evaluation,demo_baseline,793.9474891355933,0,0,inf,inf,117,574.9622677873892
EIR,0,866,5236490131976381212,evaluation,demo_baseline,793.9474891355933,0,0,inf,inf,132,703.8235195796049
EIR,0,867,6227104775381513504,evaluation,demo_baseline,793.9474891355933,0,0,inf,inf,109,555.203600381397
EIR,0,868,6674007509854657719,evaluation,demo_baseline,793.9474891355933,0,0,inf,inf,123,657.7375789636609
EIR,0,869,1620498270435020364,evaluation,demo_baseline,793.9474891355933,0,0,inf,inf,115,572.4114325732511
EIR,0,870,3922615174106881567,evaluation,demo_baseline,793.9474891355933,0,0,inf,inf,108,613.7688911832463
EIR,0,871,2555463034780090353,evaluation,demo_baseline,793.9474891355933,0,0,inf,inf,143,661.6829080577685
EIR,0,872,3825170457048344261,evaluation,demo_baseline,793.9474891355933,0,0,inf,inf,106,542.6520483367082
EIR,0,873,4574256131437394499,evaluation,demo_baseline,793.9474891355933,0,0,inf,inf,133,691.2751320164646
EIR,0,874,4116264458772372425,evaluation,demo_baseline,793.9474891355933,0,0,inf,inf,111,519.670614487039
EIR,0,875,9062887639335493430,evaluation,demo_baseline,793.9474891355933,0,0,inf,inf,116,698.8921566793729
EIR,0,876,9185531262614715352,evaluation,demo_baseline,793.9474891355933,0,0,inf,inf,128,711.0049739111936
EIR,0,877,5917474056027006031,evaluation,demo_baseline,793.9474891355933,0,0,inf,inf,121,675.103129920918
EIR,0,878,1097075771410191601,evaluation,demo_baseline,793.9474891355933,0,0,inf,inf,128,612.9542285966036
EIR,0,879,2044296395205536655,evaluation,demo_baseline,793.9474891355933,0,0,inf,inf,138,679.0994313084325
EIR,0,880,6114283741462859516,evaluation,demo_baseline,793.9474891355933,0,0,inf,inf,122,709.231159417891
EIR,0,881,3393242869465151977,evaluation,demo_baseline,793.9474891355933,0,0,inf,inf,125,640.1095126681739
EIR,0,882,5437259389763069691,evaluation,demo_baseline,793.9474891355933,0,0,inf,inf,141,743.0675621485096
EIR,0,883,9177561575102712230,evaluation,demo_baseline,793.9474891355933,0,0,inf,inf,116,593.1884237237077
EIR,0,884,1653359932965376563,evaluation,demo_baseline,793.9474891355933,0,0,inf,inf,129,723.0388513350697
EIR,0,885,1826004506371682887,evaluation,demo_baseline,793.9474891355933,0,0,inf,inf,126,548.1599084894431
EIR,0,886,8553600494232544325,evaluation,demo_baseline,793.9474891355933,0,0,inf,inf,107,513.9102269992421
EIR,0,887,3114667693056851658,evaluation,demo_baseline,793.9474891355933,0,0,inf,inf,135,765.2346683150689
EIR,0,888,1825554192325238472,evaluation,demo_baseline,793.9474891355933,0,0,inf,inf,103,598.4290570311437
EIR,0,889,4846054591311082747,evaluation,demo_baseline,793.9474891355933,0,0,inf,inf,111,492.21937291747344
EIR,0,890,6658566304735934970,evaluation,demo_baseline,793.9474891355933,0,0,inf,inf,117,700.2583947075219
EIR,0,891,1519012270475851630,evaluation,demo_baseline,793.9474891355933,0,0,inf,inf,127,710.8758387779071
EIR,0,892,7807393225460839906,evaluation,demo_baseline,793.9474891355933,0,0,inf,inf,123,558.447970876668
EIR,0,893,1122401862323472218,evaluation,demo_baseline,793.9474891355933,0,0,inf,inf,132,785.4551815466797
EIR,0,894,3920559572639758571,evaluation,demo_baseline,793.9474891355933,0,0,inf,inf,116,530.855480054023
EIR,0,895,4242342574030484679,evaluation,demo_baseline,793.9474891355933,0,0,inf,inf,122,556.108401179836
EIR,0,896,4390398860623276256,evaluation,demo_baseline,793.9474891355933,0,0,inf,inf,118,528.3568787096244
EIR,0,897,1950006348459947994,evaluation,demo_baseline,793.9474891355933,0,0,inf,inf,134,785.1276846595738
EIR,0,898,3638367160092179235,evaluation,demo_baseline,793.9474891355933,0,0,inf,inf,112,511.5109540199682
EIR,0,899,98285692500065084,evaluation,demo_baseline,793.9474891355933,0,0,inf,inf,99,488.63634117583314
EIR,0,900,2748333128046526190,evaluation,demo_baseline,793.9474891355933,0,0,inf,inf,113,655.6142215241701
EIR,0,901,2510518307384866002,evaluation,demo_baseline,793.9474891355933,0,0,inf,inf,120,646.7904682466957
EIR,0,902,3455533224391835809,evaluation,demo_baseline,793.9474891355933,0,0,inf,inf,131,597.8254672269911
EIR,0,903,3592924468065818467,evaluation,demo_baseline,793.9474891355933,0,0,inf,inf,124,660.0300189968683
EIR,0,904,7890914121303621991,evaluation,demo_baseline,793.9474891355933,0,0,inf,inf,117,587.1327480304944
EIR,0,905,2686274149536198769,evaluation,demo_baseline,793.9474891355933,0,0,inf,inf,120,658.3176893984295
EIR,0,906,6787637628746678964,evaluation,demo_baseline,793.9474891355933,0,0,inf,inf,105,579.5190857219584
EIR,0,907,2206223368352038419,evaluation,demo_baseline,793.9474891355933,0,0,inf,inf,105,495.6970875248842
EIR,0,908,5735081464123927192,evaluation,demo_baseline,793.9474891355933,0,0,inf,inf,132,585.2349487463742
EIR,0,909,6594434257405199389,evaluation,demo_baseline,793.9474891355933,0,0,inf,inf,137,698.3500106347947
EIR,0,910,4017107224882781449,evaluation,demo_baseline,793.9474891355933,0,0,inf,inf,122,662.0786264761146
EIR,0,911,5525000406049770523,evaluation,demo_baseline,793.9474891355933,0,0,inf,inf,133,628.8140827952051
EIR,0,912,6394257270251150800,evaluation,demo_baseline,793.9474891355933,0,0,inf,inf,126,669.094755634063
EIR,0,913,7872069436382017808,evaluation,demo_baseline,793.9474891355933,0,0,inf,inf,127,579.3001312438196
EIR,0,914,2287492740206447130,evaluation,demo_baseline,793.9474891355933,0,0,inf,inf,126,741.7045411365981
EIR,0,915,4615106223119448688,evaluation,demo_baseline,793.9474891355933,0,0,inf,inf,117,696.8996923518852
EIR,0,916,7999351355642925225,evaluation,demo_baseline,793.9474891355933,0,0,inf,inf,127,652.3553440058297
EIR,0,917,4473705892819720308,evaluation,demo_baseline,793.9474891355933,0,0,inf,inf,130,595.1753219826294
EIR,0,918,3055341692844642133,evaluation,demo_baseline,793.9474891355933,0,0,inf,inf,110,613.594826842218
EIR,0,919,6388223872046308030,evaluation,demo_baseline,793.9474891355933,0,0,inf,inf,107,563.8180837579115
EIR,0,920,5665111837224487341,evaluation,demo_baseline,793.9474891355933,0,0,inf,inf,131,739.0028057424767
EIR,0,921,1251158738595136807,evaluation,demo_baseline,793.9474891355933,0,0,inf,inf,111,594.9819884432605
EIR,0,922,4697216540363169182,evaluation,demo_baseline,793.9474891355933,0,0,inf,inf,103,612.1837280893413
EIR,0,923,7610256322468380727,evaluation,demo_baseline,793.9474891355933,0,0,inf,inf,134,739.4082908902352
EIR,0,924,4249243835306048334,evaluation,demo_baseline,793.9474891355933,0,0,inf,inf,120,617.96370964902
EIR,0,925,873188501796104926,evaluation,demo_baseline,793.9474891355933,0,0,inf,inf,125,733.0321159086823
EIR,0,926,6772656530970389072,evaluation,demo_baseline,793.9474891355933,0,0,inf,inf,128,568.119165788589
EIR,0,927,8804357862543024162,evaluation,demo_baseline,793.9474891355933,0,0,inf,inf,130,658.41531912728
EIR,0,928,4129530560616221461,evaluation,demo_baseline,793.9474891355933,0,0,inf,inf,121,657.0600050682449
EIR,0,929,6571113414135217541,evaluation,demo_baseline,793.9474891355933,0,0,inf,inf,141,657.5503209300516
EIR,0,930,5050531538708976765,evaluation,demo_baseline,793.9474891355933,0,0,inf,inf,99,577.7263064176426
EIR,0,931,2842559231127800509,evaluation,demo_baseline,793.9474891355933,0,0,inf,inf,146,786.7429773795382
EIR,0,932,7992858432907918719,evaluation,demo_baseline,793.9474891355933,0,0,inf,inf,121,537.9458697311636
EIR,0,933,7293994699849646640,evaluation,demo_baseline,793.9474891355933,0,0,inf,inf,125,549.0002686259746
EIR,0,934,5723557750187935606,evaluation,demo_baseline,793.9474891355933,0,0,inf,inf,136,768.8355539605673
EIR,0,935,8107801424296651548,evaluation,demo_baseline,793.9474891355933,0,0,inf,inf,136,671.6296397114202
EIR,0,936,1801400040715096121,evaluation,demo_baseline,793.9474891355933,0,0,inf,inf,117,589.0758519878667
EIR,0,937,8383598148049991154,evaluation,demo_baseline,793.9474891355933,0,0,inf,inf,134,748.7179526694172
EIR,0,938,6877711578243341525,evaluation,demo_baseline,793.9474891355933,0,0,inf,inf,111,515.4555445449547
EIR,0,939,6368279674487275930,evaluation,demo_baseline,793.9474891355933,0,0,inf,inf,124,646.2135339812189
EIR,0,940,5554657199347762219,evaluation,demo_baseline,793.9474891355933,0,0,inf,inf,106,549.3271397150526
EIR,0,941,2983733445090150223,evaluation,demo_baseline,793.9474891355933,0,0,inf,inf,122,597.0934980091565
EIR,0,942,5752096996667692101,evaluation,demo_baseline,793.9474891355933,0,0,inf,inf,135,660.9463628225619
EIR,0,943,3937808535105022231,evaluation,demo_baseline,793.9474891355933,0,0,inf,inf,137,730.4334373407964
EIR,0,944,9206771011145685894,evaluation,demo_baseline,793.9474891355933,0,0,inf,inf,113,673.4441030280542
EIR,0,945,9086646494679360246,evaluation,demo_baseline,793.9474891355933,0,0,inf,241.0,113,848.8210110976577
EIR,0,946,3107715834224855660,evaluation,demo_baseline,793.9474891355933,0,0,inf,inf,119,595.6918399004999
EIR,0,947,5136466910148280821,evaluation,demo_baseline,793.9474891355933,0,0,inf,inf,124,685.519171385312
EIR,0,948,5258288240673473795,evaluation,demo_baseline,793.9474891355933,0,0,inf,inf,117,620.7143141220496
EIR,0,949,2459924870251508570,evaluation,demo_baseline,793.9474891355933,0,0,inf,inf,113,565.1509315880127
EIR,0,950,6938636345377317037,evaluation,demo_baseline,793.9474891355933,0,0,inf,inf,99,634.8072596461736
EIR,0,951,5012475122910609109,evaluation,demo_baseline,793.9474891355933,0,0,inf,inf,125,702.8858318772113
EIR,0,952,2722265930137553793,evaluation,demo_baseline,793.9474891355933,0,0,inf,288.0,134,859.3425542657329
EIR,0,953,7489255969435034229,evaluation,demo_baseline,793.9474891355933,0,0,inf,inf,125,673.8591470687144
EIR,0,954,4785293921042354079,evaluation,demo_baseline,793.9474891355933,0,0,inf,inf,104,549.6676209998383
EIR,0,955,4406090800070796402,evaluation,demo_baseline,793.9474891355933,0,0,inf,inf,121,516.277412675868
EIR,0,956,2339040493489817012,evaluation,demo_baseline,793.9474891355933,0,0,inf,inf,111,574.6514649639811
EIR,0,957,1340306970753500542,evaluation,demo_baseline,793.9474891355933,0,0,inf,inf,125,580.1618624693382
EIR,0,958,3798231692372590249,evaluation,demo_baseline,793.9474891355933,0,0,inf,inf,127,619.3701548350701
EIR,0,959,5046458089591068896,evaluation,demo_baseline,793.9474891355933,0,0,inf,274.0,155,878.9488819445573
EIR,0,960,433966393110677499,evaluation,demo_baseline,793.9474891355933,0,0,inf,inf,126,675.1184978757625
EIR,0,961,1661556802554831662,evaluation,demo_baseline,793.9474891355933,0,0,inf,inf,139,740.9686657300792
EIR,0,962,4537201799982029908,evaluation,demo_baseline,793.9474891355933,0,0,inf,inf,106,564.8855437819499
EIR,0,963,1990713249795651085,evaluation,demo_baseline,793.9474891355933,0,0,inf,inf,130,704.6868780359375
EIR,0,964,7161617960182501955,evaluation,demo_baseline,793.9474891355933,0,0,inf,inf,122,605.8006983102885
EIR,0,965,4430165767544412415,evaluation,demo_baseline,793.9474891355933,0,0,inf,inf,118,612.8794998908406
EIR,0,966,3417362812275039853,evaluation,demo_baseline,793.9474891355933,0,0,inf,inf,124,642.7563520673609
EIR,0,967,8759781257421242568,evaluation,demo_baseline,793.9474891355933,0,0,inf,inf,130,620.772467311375
EIR,0,968,3637265030788082685,evaluation,demo_baseline,793.9474891355933,0,0,inf,inf,128,654.2717294687062
EIR,0,969,3549762004103663915,evaluation,demo_baseline,793.9474891355933,0,0,inf,inf,118,566.8082005883782
EIR,0,970,4003294054606933116,evaluation,demo_baseline,793.9474891355933,0,0,inf,inf,125,699.0445366050351
EIR,0,971,1607836239767879916,evaluation,demo_baseline,793.9474891355933,0,0,inf,inf,129,703.6726087074744
EIR,0,972,1217045947592049848,evaluation,demo_baseline,793.9474891355933,0,0,inf,inf,126,566.9790083783149
EIR,0,973,8010944276387572506,evaluation,demo_baseline,793.9474891355933,0,0,inf,inf,134,660.931290294083
EIR,0,974,1077601343812249621,evaluation,demo_baseline,793.9474891355933,0,0,inf,inf,122,630.1904703951614
EIR,0,975,5671455838368768701,evaluation,demo_baseline,793.9474891355933,0,0,inf,inf,102,522.6553716194713
EIR,0,976,7528029812152234494,evaluation,demo_baseline,793.9474891355933,0,0,inf,inf,134,677.8804644974041
EIR,0,977,8052929085747167010,evaluation,demo_baseline,793.9474891355933,0,0,inf,inf,123,622.9080421182193
EIR,0,978,8003438695469033964,evaluation,demo_baseline,793.9474891355933,0,0,inf,235.0,118,854.3694187909299
EIR,0,979,1143516891813263368,evaluation,demo_baseline,793.9474891355933,0,0,inf,inf,120,622.0578751691291
EIR,0,980,4855668300771424552,evaluation,demo_baseline,793.9474891355933,0,0,inf,inf,119,660.4492415881964
EIR,0,981,6433632795905634267,evaluation,demo_baseline,793.9474891355933,0,0,inf,inf,118,635.5582022971313
EIR,0,982,4455766872532177109,evaluation,demo_baseline,793.9474891355933,0,0,inf,inf,111,596.2601016182442
EIR,0,983,3645357974426168222,evaluation,demo_baseline,793.9474891355933,0,0,inf,inf,105,632.3689110187348
EIR,0,984,2397744561618486249,evaluation,demo_baseline,793.9474891355933,0,0,inf,inf,134,632.5446181291842
EIR,0,985,6267877749556718787,evaluation,demo_baseline,793.9474891355933,0,0,inf,inf,129,625.1364046988333
EIR,0,986,1911005867662766649,evaluation,demo_baseline,793.9474891355933,0,0,inf,inf,140,776.28822333237
EIR,0,987,6695394146462253453,evaluation,demo_baseline,793.9474891355933,0,0,inf,inf,138,597.6771124506913
EIR,0,988,647341889365653272,evaluation,demo_baseline,793.9474891355933,0,0,inf,inf,136,621.3775096750521
EIR,0,989,1734197416768821290,evaluation,demo_baseline,793.9474891355933,0,0,inf,inf,135,695.6553864536544
EIR,0,990,9143724692862594398,evaluation,demo_baseline,793.9474891355933,0,0,inf,inf,113,634.7315128805058
EIR,0,991,726047482633570379,evaluation,demo_baseline,793.9474891355933,0,0,inf,inf,103,597.8295850215584
EIR,0,992,1507084986490251286,evaluation,demo_baseline,793.9474891355933,0,0,inf,inf,113,547.9100938945115
EIR,0,993,6310390254041650968,evaluation,demo_baseline,793.9474891355933,0,0,inf,inf,118,735.617538582936
EIR,0,994,1527216937877055171,evaluation,demo_baseline,793.9474891355933,0,0,inf,inf,134,745.0429307672391
EIR,0,995,1356459185036212810,evaluation,demo_baseline,793.9474891355933,0,0,inf,inf,109,568.3989880273657
EIR,0,996,2737275557639799545,evaluation,demo_baseline,793.9474891355933,0,0,inf,inf,115,615.6453867310067
EIR,0,997,7901436204874238125,evaluation,demo_baseline,793.9474891355933,0,0,inf,inf,122,620.567802422749
EIR,0,998,8400131494921871813,evaluation,demo_baseline,793.9474891355933,0,0,inf,inf,122,616.7573972630022
EIR,0,999,5313608129449300338,evaluation,demo_baseline,793.9474891355933,0,0,inf,inf,151,716.6074656785178
EIR,1,0,1066473985622110983,evaluation,demo_baseline,793.9474891355933,1,0,109.0,109.0,149,799.6844404695769
EIR,1,1,5813573584473306809,evaluation,demo_baseline,793.9474891355933,1,0,122.0,122.0,143,808.5305987769239
EIR,1,2,4873566318085378332,evaluation,demo_baseline,793.9474891355933,1,0,96.0,96.0,129,798.8750270644866
EIR,1,3,2503776343492840378,evaluation,demo_baseline,793.9474891355933,1,0,92.0,92.0,118,799.1403086794755
EIR,1,4,2492660115675105983,evaluation,demo_baseline,793.9474891355933,1,0,110.0,110.0,120,853.5617463808983
EIR,1,5,2169329854080085244,evaluation,demo_baseline,793.9474891355933,1,0,97.0,97.0,123,810.1015483498169
EIR,1,6,7965871624388033283,evaluation,demo_baseline,793.9474891355933,1,0,107.0,107.0,141,799.0918442064117
EIR,1,7,7740167798446487471,evaluation,demo_baseline,793.9474891355933,1,0,109.0,109.0,137,810.3693500076549
EIR,1,8,5402486978726295287,evaluation,demo_baseline,793.9474891355933,1,0,97.0,97.0,108,800.3357634195876
EIR,1,9,8983007115384331360,evaluation,demo_baseline,793.9474891355933,1,0,102.0,102.0,139,797.5081777955447
EIR,1,10,809884800007294403,evaluation,demo_baseline,793.9474891355933,1,0,90.0,90.0,112,797.6350206061772
EIR,1,11,3138388132273903792,evaluation,demo_baseline,793.9474891355933,1,0,103.0,103.0,125,800.9259177387274
EIR,1,12,2690359050389789476,evaluation,demo_baseline,793.9474891355933,1,0,96.0,96.0,121,797.3189183226981
EIR,1,13,2828061859741468967,evaluation,demo_baseline,793.9474891355933,1,0,90.0,90.0,120,799.2282303897492
EIR,1,14,2010767374385551091,evaluation,demo_baseline,793.9474891355933,1,0,106.0,106.0,127,794.2740187673662
EIR,1,15,324793871585853126,evaluation,demo_baseline,793.9474891355933,1,0,103.0,103.0,134,798.1516217210783
EIR,1,16,4716177871963639941,evaluation,demo_baseline,793.9474891355933,1,0,101.0,101.0,137,800.6791527638998
EIR,1,17,7880340552148900957,evaluation,demo_baseline,793.9474891355933,1,0,94.0,94.0,115,802.8025113165896
EIR,1,18,2045689336544416763,evaluation,demo_baseline,793.9474891355933,1,0,105.0,105.0,127,807.0505397828653
EIR,1,19,4802383266142349553,evaluation,demo_baseline,793.9474891355933,1,0,107.0,107.0,137,794.7429519043005
EIR,1,20,2469810689532040213,evaluation,demo_baseline,793.9474891355933,1,0,99.0,99.0,135,803.5141911489095
EIR,1,21,6266452857917789648,evaluation,demo_baseline,793.9474891355933,1,0,107.0,107.0,134,846.4119398959959
EIR,1,22,45360666105159481,evaluation,demo_baseline,793.9474891355933,1,0,102.0,102.0,117,800.1023389701311
EIR,1,23,2404522252398285420,evaluation,demo_baseline,793.9474891355933,1,0,93.0,93.0,113,802.4159169282327
EIR,1,24,6744665474862063282,evaluation,demo_baseline,793.9474891355933,1,0,103.0,103.0,132,800.4315584286308
EIR,1,25,4799879920925864987,evaluation,demo_baseline,793.9474891355933,1,0,109.0,109.0,140,798.2329675474041
EIR,1,26,7401914829522072675,evaluation,demo_baseline,793.9474891355933,1,0,94.0,94.0,110,810.512676210077
EIR,1,27,2587050974433999043,evaluation,demo_baseline,793.9474891355933,1,0,107.0,107.0,129,795.4191556574552
EIR,1,28,2094355101024099549,evaluation,demo_baseline,793.9474891355933,1,0,111.0,111.0,137,804.5275786449164
EIR,1,29,666161468935903042,evaluation,demo_baseline,793.9474891355933,1,0,104.0,104.0,121,794.5622139704006
EIR,1,30,8896912609821221507,evaluation,demo_baseline,793.9474891355933,1,0,115.0,115.0,132,802.0298502883412
EIR,1,31,2874368564211510982,evaluation,demo_baseline,793.9474891355933,1,0,104.0,104.0,134,798.6841589462528
EIR,1,32,7361645728683188092,evaluation,demo_baseline,793.9474891355933,1,0,102.0,102.0,116,795.8554746295608
EIR,1,33,6813125272189121781,evaluation,demo_baseline,793.9474891355933,1,0,82.0,82.0,106,802.4290987425546
EIR,1,34,6708252820596296599,evaluation,demo_baseline,793.9474891355933,1,0,97.0,97.0,120,797.1975896246853
EIR,1,35,2849626272700294131,evaluation,demo_baseline,793.9474891355933,1,0,97.0,97.0,126,800.3842582591611
EIR,1,36,3507767338886145995,evaluation,demo_baseline,793.9474891355933,1,0,109.0,109.0,107,796.8214897679875
EIR,1,37,433310358712388974,evaluation,demo_baseline,793.9474891355933,1,0,95.0,95.0,134,811.3801910570343
EIR,1,38,5092811226926717471,evaluation,demo_baseline,793.9474891355933,1,0,114.0,114.0,151,796.5698548830435
EIR,1,39,114126162878690815,evaluation,demo_baseline,793.9474891355933,1,0,112.0,112.0,128,795.1990649380408
EIR,1,40,2283991440704041753,evaluation,demo_baseline,793.9474891355933,1,0,108.0,108.0,149,814.7378738396778
EIR,1,41,4132386842926793205,evaluation,demo_baseline,793.9474891355933,1,0,113.0,113.0,126,803.5216579112825
EIR,1,42,3562084834731771229,evaluation,demo_baseline,793.9474891355933,1,0,107.0,107.0,116,803.1614976513305
EIR,1,43,2320352282109449722,evaluation,demo_baseline,793.9474891355933,1,0,89.0,89.0,109,797.971982121623
EIR,1,44,3325926095492097898,evaluation,demo_baseline,793.9474891355933,1,0,100.0,100.0,124,807.0625723314229
EIR,1,45,4431155095294442631,evaluation,demo_baseline,793.9474891355933,1,0,98.0,98.0,118,819.2104105849231
EIR,1,46,3047511193169526279,evaluation,demo_baseline,793.9474891355933,1,0,107.0,107.0,135,796.8697200792059
EIR,1,47,2385137554012117547,evaluation,demo_baseline,793.9474891355933,1,0,106.0,106.0,109,820.7431491990051
EIR,1,48,2750809423474429335,evaluation,demo_baseline,793.9474891355933,1,0,93.0,93.0,112,798.8770430719484
EIR,1,49,3544727229348702775,evaluation,demo_baseline,793.9474891355933,1,0,107.0,107.0,126,797.7856335520977
EIR,1,50,547825109226389202,evaluation,demo_baseline,793.9474891355933,1,0,116.0,116.0,120,845.938240836561
EIR,1,51,7393608014363492700,evaluation,demo_baseline,793.9474891355933,1,0,129.0,129.0,148,794.0458692851763
EIR,1,52,5789427914542750794,evaluation,demo_baseline,793.9474891355933,1,0,103.0,103.0,131,797.3448423166989
EIR,1,53,3023316795004264921,evaluation,demo_baseline,793.9474891355933,1,0,108.0,108.0,111,799.04269843821
EIR,1,54,6011922496766501375,evaluation,demo_baseline,793.9474891355933,1,0,88.0,88.0,101,800.7717843920486
EIR,1,55,8233662744818231871,evaluation,demo_baseline,793.9474891355933,1,0,91.0,91.0,131,794.745108277877
EIR,1,56,6973991114250085007,evaluation,demo_baseline,793.9474891355933,1,0,130.0,130.0,139,800.9404645610813
EIR,1,57,9042012027816222431,evaluation,demo_baseline,793.9474891355933,1,0,93.0,93.0,100,807.8861010764596
EIR,1,58,2747545918501730047,evaluation,demo_baseline,793.9474891355933,1,0,101.0,101.0,135,796.4131181459443
EIR,1,59,4057618537028168293,evaluation,demo_baseline,793.9474891355933,1,0,89.0,89.0,106,799.0878744768083
EIR,1,60,8142332930879622631,evaluation,demo_baseline,793.9474891355933,1,0,104.0,104.0,116,794.7061707998531
EIR,1,61,2390828036056849177,evaluation,demo_baseline,793.9474891355933,1,0,117.0,117.0,138,804.1253020927636
EIR,1,62,4065213245019951025,evaluation,demo_baseline,793.9474891355933,1,0,95.0,95.0,129,797.2931496969215
EIR,1,63,6877936965831675331,evaluation,demo_baseline,793.9474891355933,1,0,109.0,109.0,130,794.7881032437592
EIR,1,64,2431156698960134699,evaluation,demo_baseline,793.9474891355933,1,0,96.0,96.0,113,809.2383630634322
EIR,1,65,80904172126344348,evaluation,demo_baseline,793.9474891355933,1,0,111.0,111.0,144,798.559655614331
EIR,1,66,2044827533775458444,evaluation,demo_baseline,793.9474891355933,1,0,104.0,104.0,134,830.8242400353384
EIR,1,67,5525706012344779217,evaluation,demo_baseline,793.9474891355933,1,0,100.0,100.0,111,799.1215061296851
EIR,1,68,6159488455871925804,evaluation,demo_baseline,793.9474891355933,1,0,103.0,103.0,138,794.2420267522416
EIR,1,69,8713851109104884060,evaluation,demo_baseline,793.9474891355933,1,0,92.0,92.0,114,794.1033352512336
EIR,1,70,2684492164917064656,evaluation,demo_baseline,793.9474891355933,1,0,117.0,117.0,126,795.1784605784688
EIR,1,71,3132997229871557453,evaluation,demo_baseline,793.9474891355933,1,0,90.0,90.0,122,796.6183250634745
EIR,1,72,5150641743122120949,evaluation,demo_baseline,793.9474891355933,1,0,108.0,108.0,133,797.9782613526781
EIR,1,73,6712710510172151484,evaluation,demo_baseline,793.9474891355933,1,0,91.0,91.0,116,806.8519570503083
EIR,1,74,8058088695980177764,evaluation,demo_baseline,793.9474891355933,1,0,101.0,101.0,141,796.9862739558637
EIR,1,75,1356971382525106768,evaluation,demo_baseline,793.9474891355933,1,0,89.0,89.0,106,798.4822666211722
EIR,1,76,474578323358060582,evaluation,demo_baseline,793.9474891355933,1,0,79.0,79.0,92,802.6355146729757
EIR,1,77,2656823605324770899,evaluation,demo_baseline,793.9474891355933,1,0,98.0,98.0,121,795.965073435318
EIR,1,78,8435537523757329758,evaluation,demo_baseline,793.9474891355933,1,0,99.0,99.0,130,814.5045593037363
EIR,1,79,2876065676628185878,evaluation,demo_baseline,793.9474891355933,1,0,84.0,84.0,100,803.9459216118768
EIR,1,80,2307085635041678367,evaluation,demo_baseline,793.9474891355933,1,0,108.0,108.0,133,836.2493772960346
EIR,1,81,5215179678395722704,evaluation,demo_baseline,793.9474891355933,1,0,117.0,117.0,148,803.1361471676701
EIR,1,82,3299729435693336043,evaluation,demo_baseline,793.9474891355933,1,0,106.0,106.0,135,800.0550241085
EIR,1,83,5803661582223229385,evaluation,demo_baseline,793.9474891355933,1,0,116.0,116.0,144,794.7000557003944
EIR,1,84,1415058373704334356,evaluation,demo_baseline,793.9474891355933,1,0,111.0,111.0,123,798.5798548457483
EIR,1,85,1253804263708712721,evaluation,demo_baseline,793.9474891355933,1,0,111.0,111.0,122,805.8133171236345
EIR,1,86,2934617728807081384,evaluation,demo_baseline,793.9474891355933,1,0,100.0,100.0,133,798.4434776403747
EIR,1,87,2274692182649412485,evaluation,demo_baseline,793.9474891355933,1,0,105.0,105.0,139,830.7668713721991
EIR,1,88,4455124698084074247,evaluation,demo_baseline,793.9474891355933,1,0,106.0,106.0,130,817.7037981178756
EIR,1,89,4544715828604679530,evaluation,demo_baseline,793.9474891355933,1,0,102.0,102.0,124,797.047867601938
EIR,1,90,8025564000572533061,evaluation,demo_baseline,793.9474891355933,1,0,100.0,100.0,131,794.5472224458209
EIR,1,91,2820292508103492612,evaluation,demo_baseline,793.9474891355933,1,0,101.0,101.0,115,794.4995856137854
EIR,1,92,4446047966311126643,evaluation,demo_baseline,793.9474891355933,1,0,100.0,100.0,144,794.8028242314091
EIR,1,93,704240363654473209,evaluation,demo_baseline,793.9474891355933,1,0,109.0,109.0,135,794.768769364407
EIR,1,94,3651454397430011277,evaluation,demo_baseline,793.9474891355933,1,0,99.0,99.0,129,794.1725494303989
EIR,1,95,3499534603116822888,evaluation,demo_baseline,793.9474891355933,1,0,84.0,84.0,100,802.4816446103376
EIR,1,96,1356279781828159184,evaluation,demo_baseline,793.9474891355933,1,0,112.0,112.0,137,794.9441055334581
EIR,1,97,5078647927135187826,evaluation,demo_baseline,793.9474891355933,1,0,95.0,95.0,115,807.1767822163432
EIR,1,98,650630242798450879,evaluation,demo_baseline,793.9474891355933,1,0,83.0,83.0,101,808.5361659922377
EIR,1,99,5152319058461686433,evaluation,demo_baseline,793.9474891355933,1,0,110.0,110.0,141,804.6227426759539
EIR,1,100,4824444389601737843,evaluation,demo_baseline,793.9474891355933,1,0,104.0,104.0,132,795.3943731049342
EIR,1,101,7096557374992542032,evaluation,demo_baseline,793.9474891355933,1,0,112.0,112.0,131,819.0974436930758
EIR,1,102,8204629489962424747,evaluation,demo_baseline,793.9474891355933,1,0,98.0,98.0,133,800.5855571695694
EIR,1,103,7279589177307413172,evaluation,demo_baseline,793.9474891355933,1,0,104.0,104.0,136,796.5977746112939
EIR,1,104,975547731260377275,evaluation,demo_baseline,793.9474891355933,1,0,111.0,111.0,132,795.645939903232
EIR,1,105,4005294770089447770,evaluation,demo_baseline,793.9474891355933,1,0,94.0,94.0,143,815.6602129977589
EIR,1,106,8069007449969258965,evaluation,demo_baseline,793.9474891355933,1,0,119.0,119.0,145,806.3652326031797
EIR,1,107,3727920659006731256,evaluation,demo_baseline,793.9474891355933,1,0,93.0,93.0,124,818.8491582885749
EIR,1,108,1846263977187642479,evaluation,demo_baseline,793.9474891355933,1,0,86.0,86.0,114,800.6163141038909
EIR,1,109,6090021731567269183,evaluation,demo_baseline,793.9474891355933,1,0,106.0,106.0,128,797.3485170754365
EIR,1,110,7161964926266562728,evaluation,demo_baseline,793.9474891355933,1,0,95.0,95.0,121,793.967921997836
EIR,1,111,5222397607916180249,evaluation,demo_baseline,793.9474891355933,1,0,97.0,97.0,121,795.0061608051881
EIR,1,112,9146217936095664772,evaluation,demo_baseline,793.9474891355933,1,0,106.0,106.0,110,809.1771555914048
EIR,1,113,4335986187962637267,evaluation,demo_baseline,793.9474891355933,1,0,107.0,107.0,142,798.8880422181047
EIR,1,114,6731642964096471129,evaluation,demo_baseline,793.9474891355933,1,0,114.0,114.0,131,803.1722038772928
EIR,1,115,1916991122314463580,evaluation,demo_baseline,793.9474891355933,1,0,104.0,104.0,134,805.2527728783484
EIR,1,116,2223980501955333341,evaluation,demo_baseline,793.9474891355933,1,0,91.0,91.0,121,800.8285958502995
EIR,1,117,5491938503224254298,evaluation,demo_baseline,793.9474891355933,1,0,92.0,92.0,113,805.868755060866
EIR,1,118,3936903588826686181,evaluation,demo_baseline,793.9474891355933,1,0,115.0,115.0,145,795.889851251022
EIR,1,119,8965657328604914077,evaluation,demo_baseline,793.9474891355933,1,0,93.0,93.0,127,796.2767975420626
EIR,1,120,401788261619906604,evaluation,demo_baseline,793.9474891355933,1,0,109.0,109.0,135,799.227408284421
EIR,1,121,5597404763381411292,evaluation,demo_baseline,793.9474891355933,1,0,98.0,98.0,124,876.9145988815565
EIR,1,122,1345291602650128072,evaluation,demo_baseline,793.9474891355933,1,0,93.0,93.0,102,802.0803962106845
EIR,1,123,5246524224730234674,evaluation,demo_baseline,793.9474891355933,1,0,108.0,108.0,123,796.2241922682233
EIR,1,124,8460648655212747037,evaluation,demo_baseline,793.9474891355933,1,0,93.0,93.0,114,798.1786912526193
EIR,1,125,2455625049116667363,evaluation,demo_baseline,793.9474891355933,1,0,102.0,102.0,130,796.0781259679467
EIR,1,126,2613884981258239084,evaluation,demo_baseline,793.9474891355933,1,0,103.0,103.0,149,800.7048200392852
EIR,1,127,6457070947158017611,evaluation,demo_baseline,793.9474891355933,1,0,91.0,91.0,136,812.7198465097778
EIR,1,128,4950741620122955615,evaluation,demo_baseline,793.9474891355933,1,0,99.0,99.0,119,800.089419263154
EIR,1,129,1768993847826762190,evaluation,demo_baseline,793.9474891355933,1,0,116.0,116.0,140,818.1674173900583
EIR,1,130,1784653071419045060,evaluation,demo_baseline,793.9474891355933,1,0,111.0,111.0,152,803.8681419849088
EIR,1,131,4686094951098558600,evaluation,demo_baseline,793.9474891355933,1,0,94.0,94.0,103,799.1057781680054
EIR,1,132,1408781236440028823,evaluation,demo_baseline,793.9474891355933,1,0,108.0,108.0,132,798.9038195188192
EIR,1,133,2057647738344531757,evaluation,demo_baseline,793.9474891355933,1,0,103.0,103.0,133,798.3151059902294
EIR,1,134,3402503506626512659,evaluation,demo_baseline,793.9474891355933,1,0,100.0,100.0,118,800.4917224284102
EIR,1,135,1394536730586191603,evaluation,demo_baseline,793.9474891355933,1,0,99.0,99.0,127,796.2051952765472
EIR,1,136,9218409281047422977,evaluation,demo_baseline,793.9474891355933,1,0,87.0,87.0,120,799.5088957790526
EIR,1,137,2536181505093931769,evaluation,demo_baseline,793.9474891355933,1,0,99.0,99.0,111,836.5262145910266
EIR,1,138,1004734376170539198,evaluation,demo_baseline,793.9474891355933,1,0,97.0,97.0,113,798.6149197801336
EIR,1,139,1400144977643937795,evaluation,demo_baseline,793.9474891355933,1,0,103.0,103.0,130,803.8698383241233
EIR,1,140,7753575177768707654,evaluation,demo_baseline,793.9474891355933,1,0,89.0,89.0,111,804.1681429504272
EIR,1,141,289423632868661511,evaluation,demo_baseline,793.9474891355933,1,0,103.0,103.0,138,794.8114508383314
EIR,1,142,4742679823286847886,evaluation,demo_baseline,793.9474891355933,1,0,87.0,87.0,107,833.632927585402
EIR,1,143,3920614357584170014,evaluation,demo_baseline,793.9474891355933,1,0,112.0,112.0,123,803.6131706977028
EIR,1,144,7690094831990617939,evaluation,demo_baseline,793.9474891355933,1,0,88.0,88.0,113,805.2910028909887
EIR,1,145,507909936004931564,evaluation,demo_baseline,793.9474891355933,1,0,99.0,99.0,129,802.7121725758318
EIR,1,146,775987537222953539,evaluation,demo_baseline,793.9474891355933,1,0,89.0,89.0,104,837.2771022154909
EIR,1,147,2728343326794790296,evaluation,demo_baseline,793.9474891355933,1,0,117.0,117.0,147,811.4690634941352
EIR,1,148,4098331237795842084,evaluation,demo_baseline,793.9474891355933,1,0,99.0,99.0,109,797.7496756594084
EIR,1,149,7215550730813261013,evaluation,demo_baseline,793.9474891355933,1,0,105.0,105.0,135,804.02171454413
EIR,1,150,8350432048646793312,evaluation,demo_baseline,793.9474891355933,1,0,91.0,91.0,95,795.6963056310472
EIR,1,151,3626554147485130219,evaluation,demo_baseline,793.9474891355933,1,0,108.0,108.0,127,797.7957220730641
EIR,1,152,3869627907225695041,evaluation,demo_baseline,793.9474891355933,1,0,96.0,96.0,125,799.9169302738458
EIR,1,153,3821211325710260623,evaluation,demo_baseline,793.9474891355933,1,0,78.0,78.0,114,838.2345057638751
EIR,1,154,2530735928656387729,evaluation,demo_baseline,793.9474891355933,1,0,118.0,118.0,153,801.5510346687028
EIR,1,155,3570554013129502722,evaluation,demo_baseline,793.9474891355933,1,0,105.0,105.0,125,822.1082020655228
EIR,1,156,8337937110735833097,evaluation,demo_baseline,793.9474891355933,1,0,106.0,106.0,134,796.3883537245256
EIR,1,157,1841144903735679348,evaluation,demo_baseline,793.9474891355933,1,0,107.0,107.0,128,798.5548721924104
EIR,1,158,2999777119605780664,evaluation,demo_baseline,793.9474891355933,1,0,107.0,107.0,132,797.4537591519319
EIR,1,159,9168506959247030611,evaluation,demo_baseline,793.9474891355933,1,0,91.0,91.0,131,798.9716412401883
EIR,1,160,7575725899345640251,evaluation,demo_baseline,793.9474891355933,1,0,86.0,86.0,93,843.6357466985139
EIR,1,161,8673819319392782581,evaluation,demo_baseline,793.9474891355933,1,0,109.0,109.0,147,801.015855253796
EIR,1,162,4378201516753052619,evaluation,demo_baseline,793.9474891355933,1,0,104.0,104.0,115,801.4872419810893
EIR,1,163,3906943104848344554,evaluation,demo_baseline,793.9474891355933,1,0,118.0,118.0,136,796.6207685324755
EIR,1,164,700066907967512474,evaluation,demo_baseline,793.9474891355933,1,0,91.0,91.0,135,801.0005313384801
EIR,1,165,6041459795370663749,evaluation,demo_baseline,793.9474891355933,1,0,98.0,98.0,124,801.6010450822271
EIR,1,166,3901184126509836808,evaluation,demo_baseline,793.9474891355933,1,0,93.0,93.0,152,801.8564251539896
EIR,1,167,1698275969475018247,evaluation,demo_baseline,793.9474891355933,1,0,119.0,119.0,157,840.2035604387277
EIR,1,168,6451115777649818970,evaluation,demo_baseline,793.9474891355933,1,0,118.0,118.0,140,794.4971939098781
EIR,1,169,8047546886712322928,evaluation,demo_baseline,793.9474891355933,1,0,89.0,89.0,119,794.6970338869401
EIR,1,170,3151164199800095871,evaluation,demo_baseline,793.9474891355933,1,0,107.0,107.0,124,827.9892546289054
EIR,1,171,518572028093419194,evaluation,demo_baseline,793.9474891355933,1,0,110.0,110.0,153,797.2384020537627
EIR,1,172,8775663340262912976,evaluation,demo_baseline,793.9474891355933,1,0,101.0,101.0,125,799.7170446989129
EIR,1,173,7419078251716992515,evaluation,demo_baseline,793.9474891355933,1,0,109.0,109.0,139,832.7917015547138
EIR,1,174,2349376235598560967,evaluation,demo_baseline,793.9474891355933,1,0,102.0,102.0,134,794.8812762211932
EIR,1,175,1846405544372219762,evaluation,demo_baseline,793.9474891355933,1,0,101.0,101.0,120,816.1652936357821
EIR,1,176,2096753873315352750,evaluation,demo_baseline,793.9474891355933,1,0,108.0,108.0,141,806.3962869378905
EIR,1,177,3311866372954936291,evaluation,demo_baseline,793.9474891355933,1,0,108.0,108.0,144,795.864364791668
EIR,1,178,1767996713181487678,evaluation,demo_baseline,793.9474891355933,1,0,103.0,103.0,114,806.7573399073058
EIR,1,179,2817715376513525026,evaluation,demo_baseline,793.9474891355933,1,0,100.0,100.0,130,803.2164768834805
EIR,1,180,6640523523397553345,evaluation,demo_baseline,793.9474891355933,1,0,95.0,95.0,134,822.3468420274677
EIR,1,181,4369265974007552251,evaluation,demo_baseline,793.9474891355933,1,0,95.0,95.0,117,796.8496095806677
EIR,1,182,3452381524892779798,evaluation,demo_baseline,793.9474891355933,1,0,93.0,93.0,128,794.6413332184694
EIR,1,183,5910746852168130179,evaluation,demo_baseline,793.9474891355933,1,0,117.0,117.0,141,811.474307945859
EIR,1,184,3482423631957145609,evaluation,demo_baseline,793.9474891355933,1,0,97.0,97.0,123,801.2306217004397
EIR,1,185,754037437260566039,evaluation,demo_baseline,793.9474891355933,1,0,91.0,91.0,114,820.5807139505201
EIR,1,186,6076118466423288991,evaluation,demo_baseline,793.9474891355933,1,0,95.0,95.0,118,803.1593255383376
EIR,1,187,7801692052217313381,evaluation,demo_baseline,793.9474891355933,1,0,96.0,96.0,114,794.8010685817526
EIR,1,188,2427605935357114978,evaluation,demo_baseline,793.9474891355933,1,0,100.0,100.0,134,796.970659124712
EIR,1,189,7044167542551115773,evaluation,demo_baseline,793.9474891355933,1,0,98.0,98.0,138,795.04906784582
EIR,1,190,2766952635224903403,evaluation,demo_baseline,793.9474891355933,1,0,107.0,107.0,147,799.1657028884126
EIR,1,191,2758724504553494654,evaluation,demo_baseline,793.9474891355933,1,0,100.0,100.0,127,795.2972074900763
EIR,1,192,5682976130149394684,evaluation,demo_baseline,793.9474891355933,1,0,97.0,97.0,134,818.1870549197281
EIR,1,193,9013416530883102112,evaluation,demo_baseline,793.9474891355933,1,0,102.0,102.0,128,810.0364655125185
EIR,1,194,5849584437851213891,evaluation,demo_baseline,793.9474891355933,1,0,96.0,96.0,113,807.199284858305
EIR,1,195,5777380022302442372,evaluation,demo_baseline,793.9474891355933,1,0,100.0,100.0,127,800.7507567789332
EIR,1,196,6429982761964695718,evaluation,demo_baseline,793.9474891355933,1,0,103.0,103.0,117,794.9713953128452
EIR,1,197,9086854707693919036,evaluation,demo_baseline,793.9474891355933,1,0,115.0,115.0,137,798.5670359281497
EIR,1,198,2220680623067445445,evaluation,demo_baseline,793.9474891355933,1,0,118.0,118.0,136,816.2467326384956
EIR,1,199,4984595471664046772,evaluation,demo_baseline,793.9474891355933,1,0,98.0,98.0,107,794.3417727972766
EIR,1,200,4779389086058639152,evaluation,demo_baseline,793.9474891355933,1,0,97.0,97.0,117,800.3783387212748
EIR,1,201,5544723725135212943,evaluation,demo_baseline,793.9474891355933,1,0,97.0,97.0,122,800.0764736546366
EIR,1,202,4676490728641050580,evaluation,demo_baseline,793.9474891355933,1,0,100.0,100.0,126,797.5064158307407
EIR,1,203,2553873618480111347,evaluation,demo_baseline,793.9474891355933,1,0,99.0,99.0,131,797.5034458247284
EIR,1,204,2791137214531554094,evaluation,demo_baseline,793.9474891355933,1,0,105.0,105.0,125,797.6498065963222
EIR,1,205,2500708916173349875,evaluation,demo_baseline,793.9474891355933,1,0,103.0,103.0,128,793.9745719196437
EIR,1,206,4321654484696136266,evaluation,demo_baseline,793.9474891355933,1,0,92.0,92.0,124,809.9643127476666
EIR,1,207,1992168616724569018,evaluation,demo_baseline,793.9474891355933,1,0,102.0,102.0,135,802.1386984449587
EIR,1,208,5514795636432326829,evaluation,demo_baseline,793.9474891355933,1,0,105.0,105.0,133,799.8109814448636
EIR,1,209,3346685585744329521,evaluation,demo_baseline,793.9474891355933,1,0,103.0,103.0,132,807.3343084646966
EIR,1,210,5850970647020560038,evaluation,demo_baseline,793.9474891355933,1,0,117.0,117.0,147,807.1851395947394
EIR,1,211,5092286021131730627,evaluation,demo_baseline,793.9474891355933,1,0,102.0,102.0,151,811.516389428399
EIR,1,212,3293629081254697375,evaluation,demo_baseline,793.9474891355933,1,0,99.0,99.0,128,796.977239769934
EIR,1,213,4102041440676543696,evaluation,demo_baseline,793.9474891355933,1,0,101.0,101.0,132,794.1063695436493
EIR,1,214,8013594923449118746,evaluation,demo_baseline,793.9474891355933,1,0,103.0,103.0,142,803.6159428562048
EIR,1,215,5126035990837853206,evaluation,demo_baseline,793.9474891355933,1,0,101.0,101.0,162,809.4794561351915
EIR,1,216,5349426501010318218,evaluation,demo_baseline,793.9474891355933,1,0,109.0,109.0,127,799.3125168374028
EIR,1,217,9188698951270604658,evaluation,demo_baseline,793.9474891355933,1,0,97.0,97.0,122,794.9844165103171
EIR,1,218,4224841587967604225,evaluation,demo_baseline,793.9474891355933,1,0,115.0,115.0,124,794.1145496079986
EIR,1,219,2762482838018251097,evaluation,demo_baseline,793.9474891355933,1,0,110.0,110.0,135,801.6879712352988
EIR,1,220,7757230994309795642,evaluation,demo_baseline,793.9474891355933,1,0,96.0,96.0,126,797.2445924057621
EIR,1,221,2148340682689421366,evaluation,demo_baseline,793.9474891355933,1,0,100.0,100.0,105,807.1343969814312
EIR,1,222,6348944126119619998,evaluation,demo_baseline,793.9474891355933,1,0,104.0,104.0,139,799.6360899375767
EIR,1,223,4427512342179325526,evaluation,demo_baseline,793.9474891355933,1,0,97.0,97.0,116,819.1731203244642
EIR,1,224,2093911002893239468,evaluation,demo_baseline,793.9474891355933,1,0,103.0,103.0,133,804.710325864531
EIR,1,225,4837705526638584345,evaluation,demo_baseline,793.9474891355933,1,0,101.0,101.0,132,824.7308936752485
EIR,1,226,2854582229617366511,evaluation,demo_baseline,793.9474891355933,1,0,109.0,109.0,128,812.52885390862
EIR,1,227,5666892983763344356,evaluation,demo_baseline,793.9474891355933,1,0,109.0,109.0,136,798.823211759779
EIR,1,228,5516355158603411160,evaluation,demo_baseline,793.9474891355933,1,0,97.0,97.0,120,814.8292655847937
EIR,1,229,5148257933123298205,evaluation,demo_baseline,793.9474891355933,1,0,104.0,104.0,144,809.4301264214536
EIR,1,230,9111555562954732569,evaluation,demo_baseline,793.9474891355933,1,0,109.0,109.0,133,796.4540817558874
EIR,1,231,2916780006750754512,evaluation,demo_baseline,793.9474891355933,1,0,94.0,94.0,113,794.38781216376
EIR,1,232,3005966834248596310,evaluation,demo_baseline,793.9474891355933,1,0,115.0,115.0,144,802.799029506751
EIR,1,233,4512140633438165890,evaluation,demo_baseline,793.9474891355933,1,0,104.0,104.0,116,798.0141995594307
EIR,1,234,1722183112058836373,evaluation,demo_baseline,793.9474891355933,1,0,90.0,90.0,125,794.2483306414194
EIR,1,235,3035437401865000105,evaluation,demo_baseline,793.9474891355933,1,0,109.0,109.0,128,821.022888736451
EIR,1,236,2547698361853451394,evaluation,demo_baseline,793.9474891355933,1,0,95.0,95.0,108,809.2901102416248
EIR,1,237,5188322406439848566,evaluation,demo_baseline,793.9474891355933,1,0,104.0,104.0,139,795.0333639354101
EIR,1,238,3499512216321158449,evaluation,demo_baseline,793.9474891355933,1,0,109.0,109.0,148,800.6281994527698
EIR,1,239,3105646305127985300,evaluation,demo_baseline,793.9474891355933,1,0,97.0,97.0,125,818.2002810796773
EIR,1,240,8002258763703317320,evaluation,demo_baseline,793.9474891355933,1,0,92.0,92.0,108,807.1003307844368
EIR,1,241,2594781258067651488,evaluation,demo_baseline,793.9474891355933,1,0,100.0,100.0,134,799.3993012496788
EIR,1,242,5179589427506079705,evaluation,demo_baseline,793.9474891355933,1,0,90.0,90.0,110,815.9014707104859
EIR,1,243,6894015439264867465,evaluation,demo_baseline,793.9474891355933,1,0,108.0,108.0,140,807.6465386187639
EIR,1,244,4131305461457600157,evaluation,demo_baseline,793.9474891355933,1,0,88.0,88.0,141,825.1480873672558
EIR,1,245,8321450715254997423,evaluation,demo_baseline,793.9474891355933,1,0,99.0,99.0,117,831.1024137672443
EIR,1,246,5295007486925344158,evaluation,demo_baseline,793.9474891355933,1,0,96.0,96.0,139,796.0320559978329
EIR,1,247,3004910422980512248,evaluation,demo_baseline,793.9474891355933,1,0,81.0,81.0,101,794.3989475302747
EIR,1,248,7709033405392206038,evaluation,demo_baseline,793.9474891355933,1,0,102.0,102.0,129,811.7884623979514
EIR,1,249,3500680733633504174,evaluation,demo_baseline,793.9474891355933,1,0,106.0,106.0,140,806.4944429889875
EIR,1,250,1909291528270208556,evaluation,demo_baseline,793.9474891355933,1,0,96.0,96.0,116,796.9024695983292
EIR,1,251,5299660595615988713,evaluation,demo_baseline,793.9474891355933,1,0,111.0,111.0,141,803.3298264369187
EIR,1,252,55985407113417753,evaluation,demo_baseline,793.9474891355933,1,0,96.0,96.0,111,803.6386187738595
EIR,1,253,6770020609986644290,evaluation,demo_baseline,793.9474891355933,1,0,98.0,98.0,138,796.7558938129539
EIR,1,254,288500900739929468,evaluation,demo_baseline,793.9474891355933,1,0,108.0,108.0,113,796.6037647899432
EIR,1,255,1952664301019685025,evaluation,demo_baseline,793.9474891355933,1,0,103.0,103.0,138,809.2025845498231
EIR,1,256,5672074570671172252,evaluation,demo_baseline,793.9474891355933,1,0,97.0,97.0,123,801.3668853671139
EIR,1,257,2240321144341281109,evaluation,demo_baseline,793.9474891355933,1,0,89.0,89.0,112,805.1186049163126
EIR,1,258,1198084378536680845,evaluation,demo_baseline,793.9474891355933,1,0,99.0,99.0,116,801.2939357778811
EIR,1,259,739835753462123258,evaluation,demo_baseline,793.9474891355933,1,0,94.0,94.0,126,801.312433603533
EIR,1,260,3163204262636308349,evaluation,demo_baseline,793.9474891355933,1,0,106.0,106.0,128,796.8113779928632
EIR,1,261,8901778712830824579,evaluation,demo_baseline,793.9474891355933,1,0,107.0,107.0,123,797.1757190634107
EIR,1,262,2661145551515810287,evaluation,demo_baseline,793.9474891355933,1,0,103.0,103.0,121,825.6730885214774
EIR,1,263,762240819132390702,evaluation,demo_baseline,793.9474891355933,1,0,113.0,113.0,138,807.3377766206125
EIR,1,264,8958989201267288671,evaluation,demo_baseline,793.9474891355933,1,0,85.0,85.0,109,795.460736498457
EIR,1,265,6088579765292784217,evaluation,demo_baseline,793.9474891355933,1,0,101.0,101.0,126,816.062517695611
EIR,1,266,62407658974746996,evaluation,demo_baseline,793.9474891355933,1,0,90.0,90.0,102,794.6677710452154
EIR,1,267,1615756606646454342,evaluation,demo_baseline,793.9474891355933,1,0,94.0,94.0,116,804.3441983129395
EIR,1,268,4849374445964155668,evaluation,demo_baseline,793.9474891355933,1,0,113.0,113.0,130,821.7167180860273
EIR,1,269,1023301543037063498,evaluation,demo_baseline,793.9474891355933,1,0,103.0,103.0,138,800.2971158684268
EIR,1,270,3012060225086434409,evaluation,demo_baseline,793.9474891355933,1,0,79.0,79.0,98,799.2213167977885
EIR,1,271,2609473221826143710,evaluation,demo_baseline,793.9474891355933,1,0,101.0,101.0,116,797.6013828164022
EIR,1,272,5096809250935261560,evaluation,demo_baseline,793.9474891355933,1,0,98.0,98.0,130,819.6945610154542
EIR,1,273,8033233549890420583,evaluation,demo_baseline,793.9474891355933,1,0,111.0,111.0,132,802.7028393394978
EIR,1,274,4334555214761139638,evaluation,demo_baseline,793.9474891355933,1,0,96.0,96.0,119,798.9798446142195
EIR,1,275,4214808309450704000,evaluation,demo_baseline,793.9474891355933,1,0,103.0,103.0,124,801.7407255771939
EIR,1,276,8309571070576556757,evaluation,demo_baseline,793.9474891355933,1,0,114.0,114.0,127,819.7038916361538
EIR,1,277,4829721730881185495,evaluation,demo_baseline,793.9474891355933,1,0,107.0,107.0,136,808.8802354299713
EIR,1,278,7720149333207557740,evaluation,demo_baseline,793.9474891355933,1,0,99.0,99.0,136,803.7947844427639
EIR,1,279,6197189559974035614,evaluation,demo_baseline,793.9474891355933,1,0,101.0,101.0,131,811.2218661885394
EIR,1,280,8461944416061229862,evaluation,demo_baseline,793.9474891355933,1,0,94.0,94.0,121,796.3159483344735
EIR,1,281,3272754930719697356,evaluation,demo_baseline,793.9474891355933,1,0,98.0,98.0,131,806.3445605916177
EIR,1,282,4407896515141177356,evaluation,demo_baseline,793.9474891355933,1,0,95.0,95.0,125,800.7326851001671
EIR,1,283,5254539984500789210,evaluation,demo_baseline,793.9474891355933,1,0,97.0,97.0,128,795.1333619654293
EIR,1,284,313179663831261191,evaluation,demo_baseline,793.9474891355933,1,0,104.0,104.0,119,796.7306443414045
EIR,1,285,6649024981953717950,evaluation,demo_baseline,793.9474891355933,1,0,103.0,103.0,123,801.3025258409002
EIR,1,286,805931424520277777,evaluation,demo_baseline,793.9474891355933,1,0,124.0,124.0,145,820.2619368242881
EIR,1,287,195287375971181039,evaluation,demo_baseline,793.9474891355933,1,0,104.0,104.0,139,796.2778790635102
EIR,1,288,5882386408873664724,evaluation,demo_baseline,793.9474891355933,1,0,111.0,111.0,117,794.2925462600967
EIR,1,289,5992778209260480044,evaluation,demo_baseline,793.9474891355933,1,0,99.0,99.0,115,799.0857776288218
EIR,1,290,7771316919140652727,evaluation,demo_baseline,793.9474891355933,1,0,97.0,97.0,107,821.2418727395984
EIR,1,291,6519206561077442326,evaluation,demo_baseline,793.9474891355933,1,0,111.0,111.0,144,796.2980654041603
EIR,1,292,1335816301115970621,evaluation,demo_baseline,793.9474891355933,1,0,98.0,98.0,126,794.9317418142042
EIR,1,293,1274179742804856697,evaluation,demo_baseline,793.9474891355933,1,0,118.0,118.0,124,814.5117770973551
EIR,1,294,5543301266875470557,evaluation,demo_baseline,793.9474891355933,1,0,91.0,91.0,122,799.3592656310441
EIR,1,295,3164306602992263867,evaluation,demo_baseline,793.9474891355933,1,0,97.0,97.0,114,800.158044404259
EIR,1,296,6114057046446179016,evaluation,demo_baseline,793.9474891355933,1,0,114.0,114.0,142,808.8114117677309
EIR,1,297,8527968480134108798,evaluation,demo_baseline,793.9474891355933,1,0,87.0,87.0,103,802.0024518519152
EIR,1,298,852037498796382898,evaluation,demo_baseline,793.9474891355933,1,0,82.0,82.0,116,796.5323427007904
EIR,1,299,3722420289160619340,evaluation,demo_baseline,793.9474891355933,1,0,97.0,97.0,118,796.9284301505081
EIR,1,300,2961756588421783517,evaluation,demo_baseline,793.9474891355933,1,0,96.0,96.0,122,810.9073494732299
EIR,1,301,2675007097602109623,evaluation,demo_baseline,793.9474891355933,1,0,113.0,113.0,135,809.6838612450695
EIR,1,302,3750944096897400875,evaluation,demo_baseline,793.9474891355933,1,0,92.0,92.0,89,799.3953956803945
EIR,1,303,3671610270038591141,evaluation,demo_baseline,793.9474891355933,1,0,101.0,101.0,126,804.082724927428
EIR,1,304,8210616398107897086,evaluation,demo_baseline,793.9474891355933,1,0,102.0,102.0,143,804.5968104278023
EIR,1,305,7628180842579330257,evaluation,demo_baseline,793.9474891355933,1,0,97.0,97.0,129,799.3152297861394
EIR,1,306,4175902145136664352,evaluation,demo_baseline,793.9474891355933,1,0,103.0,103.0,144,826.1396231982233
EIR,1,307,8835280650412511071,evaluation,demo_baseline,793.9474891355933,1,0,108.0,108.0,129,824.0016226579764
EIR,1,308,4442948061100214714,evaluation,demo_baseline,793.9474891355933,1,0,100.0,100.0,128,798.1033334100648
EIR,1,309,1103880890630337749,evaluation,demo_baseline,793.9474891355933,1,0,97.0,97.0,117,794.6118319118648
EIR,1,310,270006033090383027,evaluation,demo_baseline,793.9474891355933,1,0,99.0,99.0,138,846.1686484257236
EIR,1,311,3795772197497663739,evaluation,demo_baseline,793.9474891355933,1,0,127.0,127.0,126,797.798634542106
EIR,1,312,7114505082081177539,evaluation,demo_baseline,793.9474891355933,1,0,121.0,121.0,143,796.6836355630893
EIR,1,313,5228903183853131240,evaluation,demo_baseline,793.9474891355933,1,0,97.0,97.0,127,815.241044704384
EIR,1,314,8525076529859983133,evaluation,demo_baseline,793.9474891355933,1,0,107.0,107.0,138,799.9228862640784
EIR,1,315,5154231494068912491,evaluation,demo_baseline,793.9474891355933,1,0,95.0,95.0,111,794.937565976925
EIR,1,316,3020317091282034973,evaluation,demo_baseline,793.9474891355933,1,0,105.0,105.0,142,817.6785598965175
EIR,1,317,5140093635501482602,evaluation,demo_baseline,793.9474891355933,1,0,103.0,103.0,130,829.8798264323857
EIR,1,318,7912552181169191613,evaluation,demo_baseline,793.9474891355933,1,0,116.0,116.0,127,794.3852054185055
EIR,1,319,6197436506065294159,evaluation,demo_baseline,793.9474891355933,1,0,101.0,101.0,128,806.803664823477
EIR,1,320,8163059823026464009,evaluation,demo_baseline,793.9474891355933,1,0,95.0,95.0,130,802.0962606736704
EIR,1,321,3365395651703854353,evaluation,demo_baseline,793.9474891355933,1,0,90.0,90.0,126,803.1225231089156
EIR,1,322,701277397820995309,evaluation,demo_baseline,793.9474891355933,1,0,114.0,114.0,124,803.9538190872427
EIR,1,323,8652548404265523145,evaluation,demo_baseline,793.9474891355933,1,0,110.0,110.0,120,795.3304478238687
EIR,1,324,757775491807065539,evaluation,demo_baseline,793.9474891355933,1,0,105.0,105.0,109,795.8157332257498
EIR,1,325,1123794783716375306,evaluation,demo_baseline,793.9474891355933,1,0,104.0,104.0,114,822.5668976454158
EIR,1,326,63021852575742366,evaluation,demo_baseline,793.9474891355933,1,0,102.0,102.0,140,798.5832210293484
EIR,1,327,4149940365070214780,evaluation,demo_baseline,793.9474891355933,1,0,97.0,97.0,134,806.9387369140336
EIR,1,328,6967183155519694800,evaluation,demo_baseline,793.9474891355933,1,0,101.0,101.0,118,793.9568604310429
EIR,1,329,4255808134730778724,evaluation,demo_baseline,793.9474891355933,1,0,96.0,96.0,133,803.9910113694781
EIR,1,330,7300144294656115463,evaluation,demo_baseline,793.9474891355933,1,0,104.0,104.0,140,799.3582738591037
EIR,1,331,3068214035872848040,evaluation,demo_baseline,793.9474891355933,1,0,89.0,89.0,124,804.5641626529125
EIR,1,332,770474666782671790,evaluation,demo_baseline,793.9474891355933,1,0,94.0,94.0,128,809.3088157044549
EIR,1,333,8082349471273486311,evaluation,demo_baseline,793.9474891355933,1,0,111.0,111.0,155,804.6408618525363
EIR,1,334,4945290252008993667,evaluation,demo_baseline,793.9474891355933,1,0,86.0,86.0,107,801.0371581984746
EIR,1,335,4796445973772359134,evaluation,demo_baseline,793.9474891355933,1,0,114.0,114.0,113,795.4504527096327
EIR,1,336,3665625292645507212,evaluation,demo_baseline,793.9474891355933,1,0,106.0,106.0,141,806.5779945028045
EIR,1,337,8857012160468141,evaluation,demo_baseline,793.9474891355933,1,0,96.0,96.0,135,796.8740949443685
EIR,1,338,3051639984071718120,evaluation,demo_baseline,793.9474891355933,1,0,94.0,94.0,132,804.6271498754897
EIR,1,339,9080975694929907853,evaluation,demo_baseline,793.9474891355933,1,0,108.0,108.0,133,801.889350437825
EIR,1,340,1802126790571807975,evaluation,demo_baseline,793.9474891355933,1,0,94.0,94.0,111,800.2126117892784
EIR,1,341,7098017236859860684,evaluation,demo_baseline,793.9474891355933,1,0,104.0,104.0,158,801.6239036469254
EIR,1,342,8223833631122159804,evaluation,demo_baseline,793.9474891355933,1,0,94.0,94.0,95,800.9884824953559
EIR,1,343,3772424198624708308,evaluation,demo_baseline,793.9474891355933,1,0,103.0,103.0,113,800.9942221595477
EIR,1,344,7592253486629169280,evaluation,demo_baseline,793.9474891355933,1,0,98.0,98.0,133,796.5995198852945
EIR,1,345,6498473543956829537,evaluation,demo_baseline,793.9474891355933,1,0,105.0,105.0,109,796.9017190643481
EIR,1,346,2541676724991518858,evaluation,demo_baseline,793.9474891355933,1,0,110.0,110.0,147,798.2596884071144
EIR,1,347,1687010847518582566,evaluation,demo_baseline,793.9474891355933,1,0,116.0,116.0,136,808.1387915124224
EIR,1,348,4040538135029337973,evaluation,demo_baseline,793.9474891355933,1,0,101.0,101.0,142,794.7270378841774
EIR,1,349,7236420330005275491,evaluation,demo_baseline,793.9474891355933,1,0,103.0,103.0,131,796.0969391642905
EIR,1,350,213025622864668228,evaluation,demo_baseline,793.9474891355933,1,0,96.0,96.0,133,809.2533331122148
EIR,1,351,4154349525961765347,evaluation,demo_baseline,793.9474891355933,1,0,98.0,98.0,116,798.6719034302583
EIR,1,352,1268146129166235718,evaluation,demo_baseline,793.9474891355933,1,0,89.0,89.0,129,799.940298969914
EIR,1,353,4359490368355604459,evaluation,demo_baseline,793.9474891355933,1,0,117.0,117.0,149,796.3560782164113
EIR,1,354,2695363542365011912,evaluation,demo_baseline,793.9474891355933,1,0,94.0,94.0,129,806.5082659087603
EIR,1,355,5463244977232255373,evaluation,demo_baseline,793.9474891355933,1,0,118.0,118.0,139,801.1405806302901
EIR,1,356,7567117884969483445,evaluation,demo_baseline,793.9474891355933,1,0,105.0,105.0,126,797.4473789568734
EIR,1,357,125439353436948521,evaluation,demo_baseline,793.9474891355933,1,0,101.0,101.0,110,796.9534232151034
EIR,1,358,1522817258288993053,evaluation,demo_baseline,793.9474891355933,1,0,94.0,94.0,127,798.7109632533031
EIR,1,359,7943561778663778072,evaluation,demo_baseline,793.9474891355933,1,0,94.0,94.0,134,803.1103770511772
EIR,1,360,1553603859901869389,evaluation,demo_baseline,793.9474891355933,1,0,98.0,98.0,125,797.4862703555832
EIR,1,361,1306560578044466841,evaluation,demo_baseline,793.9474891355933,1,0,103.0,103.0,111,796.0192957337524
EIR,1,362,995023735684442636,evaluation,demo_baseline,793.9474891355933,1,0,104.0,104.0,129,806.1122034262681
EIR,1,363,3481577381424899951,evaluation,demo_baseline,793.9474891355933,1,0,120.0,120.0,119,832.4272641391534
EIR,1,364,3514107052171217493,evaluation,demo_baseline,793.9474891355933,1,0,101.0,101.0,98,803.2338304735767
EIR,1,365,4482974201026445148,evaluation,demo_baseline,793.9474891355933,1,0,103.0,103.0,110,800.139784097772
EIR,1,366,2202512040822022138,evaluation,demo_baseline,793.9474891355933,1,0,88.0,88.0,120,804.2332845232409
EIR,1,367,4638426767954509837,evaluation,demo_baseline,793.9474891355933,1,0,102.0,102.0,142,805.3495575537264
EIR,1,368,1950104018952320065,evaluation,demo_baseline,793.9474891355933,1,0,115.0,115.0,143,802.1341129629204
EIR,1,369,436056570428375465,evaluation,demo_baseline,793.9474891355933,1,0,125.0,125.0,156,828.1645973881656
EIR,1,370,3471063975798913312,evaluation,demo_baseline,793.9474891355933,1,0,99.0,99.0,130,802.861719428257
EIR,1,371,7913476641704091331,evaluation,demo_baseline,793.9474891355933,1,0,104.0,104.0,113,817.0315281698205
EIR,1,372,5550847731142110108,evaluation,demo_baseline,793.9474891355933,1,0,116.0,116.0,137,796.0181440660639
EIR,1,373,211134837150718048,evaluation,demo_baseline,793.9474891355933,1,0,97.0,97.0,133,803.4660066165205
EIR,1,374,2216107115480150187,evaluation,demo_baseline,793.9474891355933,1,0,97.0,97.0,126,795.285105097108
EIR,1,375,8313608621618052209,evaluation,demo_baseline,793.9474891355933,1,0,98.0,98.0,128,805.2071903567589
EIR,1,376,1360360051700879451,evaluation,demo_baseline,793.9474891355933,1,0,104.0,104.0,113,798.8764890655888
EIR,1,377,7203933341485968159,evaluation,demo_baseline,793.9474891355933,1,0,107.0,107.0,145,808.4345426418704
EIR,1,378,2861057552896500334,evaluation,demo_baseline,793.9474891355933,1,0,98.0,98.0,120,795.5477859247727
EIR,1,379,8923359433374153478,evaluation,demo_baseline,793.9474891355933,1,0,101.0,101.0,125,805.7605622679937
EIR,1,380,5753931904662166252,evaluation,demo_baseline,793.9474891355933,1,0,98.0,98.0,112,799.8407760980228
EIR,1,381,3501734437880088327,evaluation,demo_baseline,793.9474891355933,1,0,89.0,89.0,107,795.3657739903636
EIR,1,382,2419175145033631045,evaluation,demo_baseline,793.9474891355933,1,0,98.0,98.0,111,798.9904178564127
EIR,1,383,3883815925662823077,evaluation,demo_baseline,793.9474891355933,1,0,95.0,95.0,107,818.6323539689793
EIR,1,384,4748365349417827128,evaluation,demo_baseline,793.9474891355933,1,0,100.0,100.0,124,797.7212874191968
EIR,1,385,8996006940888292869,evaluation,demo_baseline,793.9474891355933,1,0,98.0,98.0,103,820.5968898521126
EIR,1,386,1822947687786870707,evaluation,demo_baseline,793.9474891355933,1,0,114.0,114.0,134,795.4999481407995
EIR,1,387,8645303200658027355,evaluation,demo_baseline,793.9474891355933,1,0,109.0,109.0,132,830.6825730527346
EIR,1,388,8758265624943388746,evaluation,demo_baseline,793.9474891355933,1,0,98.0,98.0,123,803.3298471648811
EIR,1,389,6093447797016601773,evaluation,demo_baseline,793.9474891355933,1,0,104.0,104.0,109,816.9044433655764
EIR,1,390,2722640124850222306,evaluation,demo_baseline,793.9474891355933,1,0,104.0,104.0,122,802.0704012948943
EIR,1,391,4149504826294190089,evaluation,demo_baseline,793.9474891355933,1,0,102.0,102.0,126,873.2911559140883
EIR,1,392,1314812459207655120,evaluation,demo_baseline,793.9474891355933,1,0,103.0,103.0,128,796.9252424162833
EIR,1,393,1175401672298380609,evaluation,demo_baseline,793.9474891355933,1,0,107.0,107.0,128,816.5023866694894
EIR,1,394,4451316255050955501,evaluation,demo_baseline,793.9474891355933,1,0,104.0,104.0,131,813.7304102865726
EIR,1,395,8739720123850393626,evaluation,demo_baseline,793.9474891355933,1,0,102.0,102.0,123,795.3177314229579
EIR,1,396,1911353879071651121,evaluation,demo_baseline,793.9474891355933,1,0,114.0,114.0,141,801.6502478938548
EIR,1,397,2058334767151104888,evaluation,demo_baseline,793.9474891355933,1,0,103.0,103.0,131,794.7015330844905
EIR,1,398,6892145402430382576,evaluation,demo_baseline,793.9474891355933,1,0,100.0,100.0,114,794.1905062791293
EIR,1,399,7682602155995925499,evaluation,demo_baseline,793.9474891355933,1,0,102.0,102.0,140,803.954505928566
EIR,1,400,6494999782409420824,evaluation,demo_baseline,793.9474891355933,1,0,118.0,118.0,147,806.640831153196
EIR,1,401,8188609886543269228,evaluation,demo_baseline,793.9474891355933,1,0,95.0,95.0,119,795.9203939310281
EIR,1,402,1642402450955054616,evaluation,demo_baseline,793.9474891355933,1,0,107.0,107.0,121,796.4951652713597
EIR,1,403,3829322066434961670,evaluation,demo_baseline,793.9474891355933,1,0,97.0,97.0,109,795.6010301763918
EIR,1,404,5043741933320877208,evaluation,demo_baseline,793.9474891355933,1,0,103.0,103.0,146,806.944166186424
EIR,1,405,7197758448792350977,evaluation,demo_baseline,793.9474891355933,1,0,91.0,91.0,123,802.6968794448452
EIR,1,406,743287262708845939,evaluation,demo_baseline,793.9474891355933,1,0,113.0,113.0,165,796.7154165930659
EIR,1,407,4192088771575741296,evaluation,demo_baseline,793.9474891355933,1,0,113.0,113.0,139,801.6687973610998
EIR,1,408,7652578749210068592,evaluation,demo_baseline,793.9474891355933,1,0,99.0,99.0,124,797.5023146368887
EIR,1,409,6413478973056741271,evaluation,demo_baseline,793.9474891355933,1,0,114.0,114.0,132,845.325019008469
EIR,1,410,7722888092018853091,evaluation,demo_baseline,793.9474891355933,1,0,84.0,84.0,109,795.0062112358205
EIR,1,411,1269079907921368271,evaluation,demo_baseline,793.9474891355933,1,0,95.0,95.0,128,799.6774459409702
EIR,1,412,2431941187904643675,evaluation,demo_baseline,793.9474891355933,1,0,99.0,99.0,133,806.8032978899043
EIR,1,413,5222592042868586980,evaluation,demo_baseline,793.9474891355933,1,0,96.0,96.0,130,808.5357686202615
EIR,1,414,7721612311904615224,evaluation,demo_baseline,793.9474891355933,1,0,95.0,95.0,122,796.1581788389484
EIR,1,415,4475751796424821542,evaluation,demo_baseline,793.9474891355933,1,0,102.0,102.0,120,796.9649481435376
EIR,1,416,1723557489119839593,evaluation,demo_baseline,793.9474891355933,1,0,107.0,107.0,142,794.4377223187679
EIR,1,417,3740277199208911467,evaluation,demo_baseline,793.9474891355933,1,0,92.0,92.0,123,807.1730558101057
EIR,1,418,6173411741648478225,evaluation,demo_baseline,793.9474891355933,1,0,103.0,103.0,145,800.0276083759018
EIR,1,419,8313466055122568875,evaluation,demo_baseline,793.9474891355933,1,0,94.0,94.0,116,817.0947346524597
EIR,1,420,701470792540268469,evaluation,demo_baseline,793.9474891355933,1,0,89.0,89.0,110,801.979906974956
EIR,1,421,1767252884718924691,evaluation,demo_baseline,793.9474891355933,1,0,107.0,107.0,135,806.8324395726163
EIR,1,422,8308198451924746570,evaluation,demo_baseline,793.9474891355933,1,0,91.0,91.0,98,805.0068979256272
EIR,1,423,2692015422833753272,evaluation,demo_baseline,793.9474891355933,1,0,93.0,93.0,123,804.3009971363956
EIR,1,424,6362092224048147685,evaluation,demo_baseline,793.9474891355933,1,0,93.0,93.0,113,820.1514383963708
EIR,1,425,1485204578519034850,evaluation,demo_baseline,793.9474891355933,1,0,92.0,92.0,108,801.5802744093871
EIR,1,426,7315155417472911168,evaluation,demo_baseline,793.9474891355933,1,0,100.0,100.0,129,797.8464021157672
EIR,1,427,8044157353649696812,evaluation,demo_baseline,793.9474891355933,1,0,101.0,101.0,138,814.2340890140155
EIR,1,428,2402397440248365333,evaluation,demo_baseline,793.9474891355933,1,0,104.0,104.0,140,797.9577384091425
EIR,1,429,4850911812369724529,evaluation,demo_baseline,793.9474891355933,1,0,84.0,84.0,112,803.2929531705502
EIR,1,430,7629072905150737356,evaluation,demo_baseline,793.9474891355933,1,0,130.0,130.0,140,797.7520023446782
EIR,1,431,1914832602589501954,evaluation,demo_baseline,793.9474891355933,1,0,100.0,100.0,130,823.0376363081759
EIR,1,432,7920589574322283643,evaluation,demo_baseline,793.9474891355933,1,0,111.0,111.0,134,831.8380270864467
EIR,1,433,3904114399815691611,evaluation,demo_baseline,793.9474891355933,1,0,109.0,109.0,120,816.241167080908
EIR,1,434,3528488913108956503,evaluation,demo_baseline,793.9474891355933,1,0,106.0,106.0,144,828.9776361755535
EIR,1,435,2088023980088854410,evaluation,demo_baseline,793.9474891355933,1,0,94.0,94.0,131,802.5633898130613
EIR,1,436,3285927448818841281,evaluation,demo_baseline,793.9474891355933,1,0,102.0,102.0,122,809.7004431120977
EIR,1,437,347762841859316869,evaluation,demo_baseline,793.9474891355933,1,0,111.0,111.0,136,795.6997364175629
EIR,1,438,6826125972500549041,evaluation,demo_baseline,793.9474891355933,1,0,95.0,95.0,128,801.6057476286546
EIR,1,439,8821974714932661370,evaluation,demo_baseline,793.9474891355933,1,0,102.0,102.0,139,814.7075179495395
EIR,1,440,4163481109465436681,evaluation,demo_baseline,793.9474891355933,1,0,94.0,94.0,119,804.2025738037795
EIR,1,441,2573017449572240458,evaluation,demo_baseline,793.9474891355933,1,0,103.0,103.0,116,802.5595037607949
EIR,1,442,5198084227648373472,evaluation,demo_baseline,793.9474891355933,1,0,101.0,101.0,118,798.8355829855938
EIR,1,443,5778551134149917962,evaluation,demo_baseline,793.9474891355933,1,0,105.0,105.0,133,794.6904176600963
EIR,1,444,4909129512208428728,evaluation,demo_baseline,793.9474891355933,1,0,104.0,104.0,136,820.8854730832603
EIR,1,445,8394708558051124589,evaluation,demo_baseline,793.9474891355933,1,0,97.0,97.0,124,818.7397705394475
EIR,1,446,8446200277999003209,evaluation,demo_baseline,793.9474891355933,1,0,119.0,119.0,140,810.8865679889484
EIR,1,447,3871682126219306758,evaluation,demo_baseline,793.9474891355933,1,0,95.0,95.0,105,819.532387821844
EIR,1,448,6461580491327977277,evaluation,demo_baseline,793.9474891355933,1,0,107.0,107.0,151,796.8247068728461
EIR,1,449,8987792911998744775,evaluation,demo_baseline,793.9474891355933,1,0,100.0,100.0,127,798.2149466000507
EIR,1,450,4418864799175144131,evaluation,demo_baseline,793.9474891355933,1,0,102.0,102.0,122,802.4507420755882
EIR,1,451,5150218179484158899,evaluation,demo_baseline,793.9474891355933,1,0,104.0,104.0,142,794.6805524137455
EIR,1,452,7539294879664288373,evaluation,demo_baseline,793.9474891355933,1,0,118.0,118.0,134,802.5685081689777
EIR,1,453,7207758502394851263,evaluation,demo_baseline,793.9474891355933,1,0,96.0,96.0,114,799.3612455170152
EIR,1,454,6447243531469188310,evaluation,demo_baseline,793.9474891355933,1,0,111.0,111.0,144,838.1068246300104
EIR,1,455,2756049546943335165,evaluation,demo_baseline,793.9474891355933,1,0,104.0,104.0,143,798.8254767710054
EIR,1,456,4246282260043149814,evaluation,demo_baseline,793.9474891355933,1,0,115.0,115.0,144,824.642392821326
EIR,1,457,9061686232914586272,evaluation,demo_baseline,793.9474891355933,1,0,108.0,108.0,121,801.717821274511
EIR,1,458,7134140213415469525,evaluation,demo_baseline,793.9474891355933,1,0,114.0,114.0,148,797.2779147214276
EIR,1,459,572620364948844931,evaluation,demo_baseline,793.9474891355933,1,0,109.0,109.0,118,805.1440132348785
EIR,1,460,8626952724415520320,evaluation,demo_baseline,793.9474891355933,1,0,90.0,90.0,118,866.8540955596661
EIR,1,461,7114377368760652283,evaluation,demo_baseline,793.9474891355933,1,0,97.0,97.0,120,805.2513388121843
EIR,1,462,3191121701801909264,evaluation,demo_baseline,793.9474891355933,1,0,110.0,110.0,130,795.756635774465
EIR,1,463,1213450261908324315,evaluation,demo_baseline,793.9474891355933,1,0,124.0,124.0,163,795.4402118467667
EIR,1,464,4620909991903346774,evaluation,demo_baseline,793.9474891355933,1,0,104.0,104.0,157,803.4001092638864
EIR,1,465,1750061535086525753,evaluation,demo_baseline,793.9474891355933,1,0,107.0,107.0,142,827.0837402219452
EIR,1,466,1193849635921540983,evaluation,demo_baseline,793.9474891355933,1,0,104.0,104.0,131,795.3678694283567
EIR,1,467,2858749127989975288,evaluation,demo_baseline,793.9474891355933,1,0,114.0,114.0,127,806.6692439908797
EIR,1,468,839618355242628974,evaluation,demo_baseline,793.9474891355933,1,0,120.0,120.0,150,796.7498806674229
EIR,1,469,4697739963811557209,evaluation,demo_baseline,793.9474891355933,1,0,117.0,117.0,135,831.3091101178574
EIR,1,470,2171348303216608254,evaluation,demo_baseline,793.9474891355933,1,0,102.0,102.0,126,797.0401356588072
EIR,1,471,8731760487361415504,evaluation,demo_baseline,793.9474891355933,1,0,94.0,94.0,120,803.7849842971023
EIR,1,472,8075691975943289554,evaluation,demo_baseline,793.9474891355933,1,0,92.0,92.0,124,798.2116137950647
EIR,1,473,8482120103626663577,evaluation,demo_baseline,793.9474891355933,1,0,105.0,105.0,135,808.8188401454171
EIR,1,474,107740998499549043,evaluation,demo_baseline,793.9474891355933,1,0,99.0,99.0,128,823.8705621414254
EIR,1,475,2327507234777909643,evaluation,demo_baseline,793.9474891355933,1,0,107.0,107.0,127,802.3954040091406
EIR,1,476,7951999058128511458,evaluation,demo_baseline,793.9474891355933,1,0,98.0,98.0,135,819.2918320531253
EIR,1,477,7412461402757878157,evaluation,demo_baseline,793.9474891355933,1,0,86.0,86.0,116,800.0696620645738
EIR,1,478,9067018133921978428,evaluation,demo_baseline,793.9474891355933,1,0,121.0,121.0,135,800.1360043497797
EIR,1,479,9079212882790316333,evaluation,demo_baseline,793.9474891355933,1,0,108.0,108.0,145,801.7902369945742
EIR,1,480,1382040003095562945,evaluation,demo_baseline,793.9474891355933,1,0,123.0,123.0,177,801.5507665814723
EIR,1,481,5351062131079783279,evaluation,demo_baseline,793.9474891355933,1,0,95.0,95.0,130,794.8666825547773
EIR,1,482,7907643207878207219,evaluation,demo_baseline,793.9474891355933,1,0,108.0,108.0,116,794.8477127641228
EIR,1,483,8600501854967821061,evaluation,demo_baseline,793.9474891355933,1,0,93.0,93.0,119,798.7283787789805
EIR,1,484,9033032065916498303,evaluation,demo_baseline,793.9474891355933,1,0,103.0,103.0,135,794.4463209096909
EIR,1,485,7291607850352269394,evaluation,demo_baseline,793.9474891355933,1,0,122.0,122.0,153,795.331636154329
EIR,1,486,3380005224475643077,evaluation,demo_baseline,793.9474891355933,1,0,83.0,83.0,102,801.532378536773
EIR,1,487,84681337553816697,evaluation,demo_baseline,793.9474891355933,1,0,114.0,114.0,119,802.1954611569072
EIR,1,488,2210700797147273270,evaluation,demo_baseline,793.9474891355933,1,0,98.0,98.0,127,794.6750197201025
EIR,1,489,4968979428120276149,evaluation,demo_baseline,793.9474891355933,1,0,99.0,99.0,137,799.0275964541355
EIR,1,490,2946229157167565382,evaluation,demo_baseline,793.9474891355933,1,0,102.0,102.0,111,819.8522275221491
EIR,1,491,4046864799842900665,evaluation,demo_baseline,793.9474891355933,1,0,101.0,101.0,146,801.8709112158832
EIR,1,492,8490291341851972253,evaluation,demo_baseline,793.9474891355933,1,0,93.0,93.0,119,794.261033888617
EIR,1,493,2429249515874379432,evaluation,demo_baseline,793.9474891355933,1,0,102.0,102.0,131,802.6262114535007
EIR,1,494,2081942351004565354,evaluation,demo_baseline,793.9474891355933,1,0,112.0,112.0,128,809.5315942397406
EIR,1,495,3797306569119965732,evaluation,demo_baseline,793.9474891355933,1,0,101.0,101.0,127,799.527838364504
EIR,1,496,5877880432034398223,evaluation,demo_baseline,793.9474891355933,1,0,105.0,105.0,129,821.5765178772903
EIR,1,497,7963198602379693947,evaluation,demo_baseline,793.9474891355933,1,0,99.0,99.0,124,826.8745018227254
EIR,1,498,2303158644488378093,evaluation,demo_baseline,793.9474891355933,1,0,95.0,95.0,127,815.5149118558106
EIR,1,499,3496301355456366959,evaluation,demo_baseline,793.9474891355933,1,0,101.0,101.0,116,804.011479228588
EIR,1,500,1048588157461550562,evaluation,demo_baseline,793.9474891355933,1,0,104.0,104.0,112,800.7189124973297
EIR,1,501,7279740106538915635,evaluation,demo_baseline,793.9474891355933,1,0,94.0,94.0,122,837.8754625973833
EIR,1,502,622930654705523739,evaluation,demo_baseline,793.9474891355933,1,0,112.0,112.0,125,811.0572735915604
EIR,1,503,8506948887173741569,evaluation,demo_baseline,793.9474891355933,1,0,90.0,90.0,113,800.8732888460672
EIR,1,504,1483418257853189602,evaluation,demo_baseline,793.9474891355933,1,0,104.0,104.0,139,804.3015897434889
EIR,1,505,9148538531677673447,evaluation,demo_baseline,793.9474891355933,1,0,104.0,104.0,132,794.7510610312945
EIR,1,506,4093990167896187174,evaluation,demo_baseline,793.9474891355933,1,0,105.0,105.0,136,799.2141735810617
EIR,1,507,8498944474487408487,evaluation,demo_baseline,793.9474891355933,1,0,101.0,101.0,129,796.9703183836576
EIR,1,508,2777309180416365114,evaluation,demo_baseline,793.9474891355933,1,0,115.0,115.0,124,796.5847318743284
EIR,1,509,7560634081044192216,evaluation,demo_baseline,793.9474891355933,1,0,113.0,113.0,145,801.5514068800788
EIR,1,510,7392770285193530247,evaluation,demo_baseline,793.9474891355933,1,0,101.0,101.0,128,799.2408138857619
EIR,1,511,8802471598046169211,evaluation,demo_baseline,793.9474891355933,1,0,98.0,98.0,108,797.0281136887419
EIR,1,512,8684615345538416429,evaluation,demo_baseline,793.9474891355933,1,0,101.0,101.0,125,796.1159082218371
EIR,1,513,7688071266542425469,evaluation,demo_baseline,793.9474891355933,1,0,80.0,80.0,96,804.3164290348637
EIR,1,514,3120629700183692613,evaluation,demo_baseline,793.9474891355933,1,0,90.0,90.0,114,799.8381286463256
EIR,1,515,5392402168738872640,evaluation,demo_baseline,793.9474891355933,1,0,98.0,98.0,128,801.0449769063498
EIR,1,516,444810842121277652,evaluation,demo_baseline,793.9474891355933,1,0,98.0,98.0,122,811.464241415123
EIR,1,517,5631399464571496696,evaluation,demo_baseline,793.9474891355933,1,0,98.0,98.0,114,805.1630038212783
EIR,1,518,7807241245968560118,evaluation,demo_baseline,793.9474891355933,1,0,105.0,105.0,155,814.0480823850204
EIR,1,519,2271611109518223073,evaluation,demo_baseline,793.9474891355933,1,0,113.0,113.0,133,800.3632565071563
EIR,1,520,4607922444548065804,evaluation,demo_baseline,793.9474891355933,1,0,117.0,117.0,111,799.620099624639
EIR,1,521,2384497828353135442,evaluation,demo_baseline,793.9474891355933,1,0,103.0,103.0,127,794.4082718012755
EIR,1,522,888469175673962431,evaluation,demo_baseline,793.9474891355933,1,0,96.0,96.0,108,795.7732458041291
EIR,1,523,2617392908057712354,evaluation,demo_baseline,793.9474891355933,1,0,89.0,89.0,120,814.9589265530581
EIR,1,524,3924263379343509543,evaluation,demo_baseline,793.9474891355933,1,0,100.0,100.0,117,794.0230990004922
EIR,1,525,2264220985087478426,evaluation,demo_baseline,793.9474891355933,1,0,106.0,106.0,122,799.4855014196676
EIR,1,526,4193058268648303661,evaluation,demo_baseline,793.9474891355933,1,0,112.0,112.0,134,799.4012559130659
EIR,1,527,5882153684996505360,evaluation,demo_baseline,793.9474891355933,1,0,118.0,118.0,130,804.8141880952618
EIR,1,528,8191815980798070317,evaluation,demo_baseline,793.9474891355933,1,0,91.0,91.0,115,797.9910962172642
EIR,1,529,8767999573135956452,evaluation,demo_baseline,793.9474891355933,1,0,117.0,117.0,145,796.5066576170276
EIR,1,530,8386110935145395785,evaluation,demo_baseline,793.9474891355933,1,0,109.0,109.0,128,800.0633298358249
EIR,1,531,4363441770911809254,evaluation,demo_baseline,793.9474891355933,1,0,95.0,95.0,122,808.6243220298602
EIR,1,532,7845945266290930943,evaluation,demo_baseline,793.9474891355933,1,0,109.0,109.0,148,799.5163184280541
EIR,1,533,7957613101572742256,evaluation,demo_baseline,793.9474891355933,1,0,115.0,115.0,150,795.937634089103
EIR,1,534,1260452304844974656,evaluation,demo_baseline,793.9474891355933,1,0,111.0,111.0,114,801.4785490840251
EIR,1,535,1317365499427143935,evaluation,demo_baseline,793.9474891355933,1,0,101.0,101.0,109,802.4364201513577
EIR,1,536,7584460910440279677,evaluation,demo_baseline,793.9474891355933,1,0,98.0,98.0,141,816.316588871323
EIR,1,537,2217059162397986176,evaluation,demo_baseline,793.9474891355933,1,0,90.0,90.0,126,794.8110695303502
EIR,1,538,5671206406165485811,evaluation,demo_baseline,793.9474891355933,1,0,98.0,98.0,116,805.5223911987848
EIR,1,539,2371104369492513443,evaluation,demo_baseline,793.9474891355933,1,0,93.0,93.0,125,839.7444228895125
EIR,1,540,6370752716242584796,evaluation,demo_baseline,793.9474891355933,1,0,91.0,91.0,109,795.6596797527632
EIR,1,541,3503493471701248418,evaluation,demo_baseline,793.9474891355933,1,0,96.0,96.0,115,798.1947474591598
EIR,1,542,100623210873045167,evaluation,demo_baseline,793.9474891355933,1,0,93.0,93.0,108,798.3099790566587
EIR,1,543,3507988127477149320,evaluation,demo_baseline,793.9474891355933,1,0,124.0,124.0,152,799.1444717449972
EIR,1,544,6249062382233197239,evaluation,demo_baseline,793.9474891355933,1,0,107.0,107.0,129,798.387075158918
EIR,1,545,5733561237183057456,evaluation,demo_baseline,793.9474891355933,1,0,97.0,97.0,114,816.7209393947426
EIR,1,546,894837185264563023,evaluation,demo_baseline,793.9474891355933,1,0,97.0,97.0,123,805.0735238434709
EIR,1,547,4827134378382569105,evaluation,demo_baseline,793.9474891355933,1,0,103.0,103.0,112,794.576390543809
EIR,1,548,6344796263283631729,evaluation,demo_baseline,793.9474891355933,1,0,102.0,102.0,132,794.899488827232
EIR,1,549,2616441017714169124,evaluation,demo_baseline,793.9474891355933,1,0,104.0,104.0,119,796.7457106911013
EIR,1,550,5094321640013343950,evaluation,demo_baseline,793.9474891355933,1,0,115.0,115.0,136,795.7749000404431
EIR,1,551,4528008150886889936,evaluation,demo_baseline,793.9474891355933,1,0,98.0,98.0,119,794.6202181391254
EIR,1,552,7763484670629259133,evaluation,demo_baseline,793.9474891355933,1,0,100.0,100.0,127,799.3789193622696
EIR,1,553,1352251158438436348,evaluation,demo_baseline,793.9474891355933,1,0,94.0,94.0,118,821.6009473244713
EIR,1,554,7044507736054623555,evaluation,demo_baseline,793.9474891355933,1,0,103.0,103.0,123,828.6843662990851
EIR,1,555,3726247945793574008,evaluation,demo_baseline,793.9474891355933,1,0,101.0,101.0,126,801.3157797728288
EIR,1,556,4907523044055397935,evaluation,demo_baseline,793.9474891355933,1,0,117.0,117.0,126,824.2318433961891
EIR,1,557,7987571702319383204,evaluation,demo_baseline,793.9474891355933,1,0,112.0,112.0,141,795.7156885384106
EIR,1,558,1955514505094973708,evaluation,demo_baseline,793.9474891355933,1,0,102.0,102.0,135,804.2995173360978
EIR,1,559,735505375469060215,evaluation,demo_baseline,793.9474891355933,1,0,79.0,79.0,104,796.4765963165246
EIR,1,560,4560653813518497092,evaluation,demo_baseline,793.9474891355933,1,0,97.0,97.0,122,802.9093737899667
EIR,1,561,6559941887873564827,evaluation,demo_baseline,793.9474891355933,1,0,102.0,102.0,137,801.8229012194682
EIR,1,562,166675922125849201,evaluation,demo_baseline,793.9474891355933,1,0,109.0,109.0,127,835.9429993496369
EIR,1,563,3727897033869505547,evaluation,demo_baseline,793.9474891355933,1,0,116.0,116.0,131,795.0500829876868
EIR,1,564,5677752485017841803,evaluation,demo_baseline,793.9474891355933,1,0,103.0,103.0,146,801.9022375576691
EIR,1,565,383279024999361231,evaluation,demo_baseline,793.9474891355933,1,0,96.0,96.0,136,807.3080093599647
EIR,1,566,7152831995040848813,evaluation,demo_baseline,793.9474891355933,1,0,96.0,96.0,120,796.2943502959333
EIR,1,567,6876537243704802628,evaluation,demo_baseline,793.9474891355933,1,0,100.0,100.0,131,794.5517126257254
EIR,1,568,5527643200308915302,evaluation,demo_baseline,793.9474891355933,1,0,108.0,108.0,130,813.8359504822755
EIR,1,569,1222502741795515195,evaluation,demo_baseline,793.9474891355933,1,0,100.0,100.0,115,798.7835919177661
EIR,1,570,4843013603060349606,evaluation,demo_baseline,793.9474891355933,1,0,106.0,106.0,147,797.3558587825114
EIR,1,571,1693742386358422958,evaluation,demo_baseline,793.9474891355933,1,0,106.0,106.0,119,794.6714669499169
EIR,1,572,9152242502884848209,evaluation,demo_baseline,793.9474891355933,1,0,115.0,115.0,140,796.3194651817832
EIR,1,573,7445054776842425967,evaluation,demo_baseline,793.9474891355933,1,0,101.0,101.0,154,804.0453300128271
EIR,1,574,1303665181688715443,evaluation,demo_baseline,793.9474891355933,1,0,97.0,97.0,120,796.342859107017
EIR,1,575,9208804214000171531,evaluation,demo_baseline,793.9474891355933,1,0,96.0,96.0,115,795.6796678355175
EIR,1,576,1550598052521596265,evaluation,demo_baseline,793.9474891355933,1,0,112.0,112.0,138,798.3502740611746
EIR,1,577,490483951921179179,evaluation,demo_baseline,793.9474891355933,1,0,116.0,116.0,117,826.8611487146995
EIR,1,578,575066103296179984,evaluation,demo_baseline,793.9474891355933,1,0,89.0,89.0,120,844.5723632957568
EIR,1,579,4375705910794387242,evaluation,demo_baseline,793.9474891355933,1,0,104.0,104.0,148,795.02928398247
EIR,1,580,8702641900980140558,evaluation,demo_baseline,793.9474891355933,1,0,108.0,108.0,143,796.6007821648155
EIR,1,581,7541350621495679424,evaluation,demo_baseline,793.9474891355933,1,0,110.0,110.0,148,811.1013308253494
EIR,1,582,5632464776337026840,evaluation,demo_baseline,793.9474891355933,1,0,103.0,103.0,99,816.17394933079
EIR,1,583,4889026207380819221,evaluation,demo_baseline,793.9474891355933,1,0,122.0,122.0,119,799.2389113455874
EIR,1,584,971624201208309047,evaluation,demo_baseline,793.9474891355933,1,0,117.0,117.0,149,799.9761939238198
EIR,1,585,8394537677950674323,evaluation,demo_baseline,793.9474891355933,1,0,91.0,91.0,126,797.6932426400211
EIR,1,586,1931202726943570957,evaluation,demo_baseline,793.9474891355933,1,0,96.0,96.0,128,802.7139065966877
EIR,1,587,1274806671531505974,evaluation,demo_baseline,793.9474891355933,1,0,98.0,98.0,125,802.229679574338
EIR,1,588,3767508077511014007,evaluation,demo_baseline,793.9474891355933,1,0,103.0,103.0,144,801.3252427483322
EIR,1,589,4535922817044904877,evaluation,demo_baseline,793.9474891355933,1,0,123.0,123.0,157,800.3403617598212
EIR,1,590,1671016994470741360,evaluation,demo_baseline,793.9474891355933,1,0,106.0,106.0,139,807.5656243220936
EIR,1,591,2289386400756424795,evaluation,demo_baseline,793.9474891355933,1,0,96.0,96.0,115,799.3170703203836
EIR,1,592,1468401283794149517,evaluation,demo_baseline,793.9474891355933,1,0,105.0,105.0,134,805.631853483657
EIR,1,593,5789125823593343517,evaluation,demo_baseline,793.9474891355933,1,0,107.0,107.0,141,801.5411727271188
EIR,1,594,6641281285859899778,evaluation,demo_baseline,793.9474891355933,1,0,87.0,87.0,111,809.9267342840798
EIR,1,595,8981354609015716172,evaluation,demo_baseline,793.9474891355933,1,0,89.0,89.0,107,798.9661024085531
EIR,1,596,1794537245997591079,evaluation,demo_baseline,793.9474891355933,1,0,99.0,99.0,122,802.3184741597314
EIR,1,597,2313600389834001406,evaluation,demo_baseline,793.9474891355933,1,0,99.0,99.0,127,811.0731451964754
EIR,1,598,7755290068375301542,evaluation,demo_baseline,793.9474891355933,1,0,80.0,80.0,93,819.5785057375315
EIR,1,599,1353899237316491996,evaluation,demo_baseline,793.9474891355933,1,0,100.0,100.0,115,799.6069691453564
EIR,1,600,4509969392921057738,evaluation,demo_baseline,793.9474891355933,1,0,116.0,116.0,135,807.1353213061413
EIR,1,601,4359179393951309635,evaluation,demo_baseline,793.9474891355933,1,0,95.0,95.0,134,798.4503038736791
EIR,1,602,8023952167350284679,evaluation,demo_baseline,793.9474891355933,1,0,92.0,92.0,120,796.3899966962978
EIR,1,603,8071881252225314144,evaluation,demo_baseline,793.9474891355933,1,0,101.0,101.0,127,821.0406285245705
EIR,1,604,5266991861653453398,evaluation,demo_baseline,793.9474891355933,1,0,111.0,111.0,123,811.3830680933511
EIR,1,605,7640122447795278395,evaluation,demo_baseline,793.9474891355933,1,0,99.0,99.0,136,812.2142747849625
EIR,1,606,4273015376996969337,evaluation,demo_baseline,793.9474891355933,1,0,105.0,105.0,118,810.1920481684849
EIR,1,607,8456383835320000171,evaluation,demo_baseline,793.9474891355933,1,0,105.0,105.0,133,801.3098614492123
EIR,1,608,5391119975190493159,evaluation,demo_baseline,793.9474891355933,1,0,132.0,132.0,124,796.5351471577084
EIR,1,609,7449753486747870988,evaluation,demo_baseline,793.9474891355933,1,0,109.0,109.0,138,797.824328343803
EIR,1,610,6895014468445138483,evaluation,demo_baseline,793.9474891355933,1,0,100.0,100.0,128,799.9242595422608
EIR,1,611,625285859939729053,evaluation,demo_baseline,793.9474891355933,1,0,107.0,107.0,134,801.3728695931625
EIR,1,612,1910224987927033780,evaluation,demo_baseline,793.9474891355933,1,0,108.0,108.0,107,821.2161966918578
EIR,1,613,5168132105243911638,evaluation,demo_baseline,793.9474891355933,1,0,91.0,91.0,134,797.3508338999491
EIR,1,614,307583102224636215,evaluation,demo_baseline,793.9474891355933,1,0,93.0,93.0,112,801.1549774857264
EIR,1,615,2310400268203379624,evaluation,demo_baseline,793.9474891355933,1,0,94.0,94.0,106,796.909109473619
EIR,1,616,3339900679922740677,evaluation,demo_baseline,793.9474891355933,1,0,93.0,93.0,115,799.2054010110045
EIR,1,617,7282473774479500523,evaluation,demo_baseline,793.9474891355933,1,0,109.0,109.0,120,806.9522008050012
EIR,1,618,8996482366658234469,evaluation,demo_baseline,793.9474891355933,1,0,96.0,96.0,120,805.9850509317112
EIR,1,619,973906217580087422,evaluation,demo_baseline,793.9474891355933,1,0,103.0,103.0,125,801.0798371187487
EIR,1,620,4195636369179044051,evaluation,demo_baseline,793.9474891355933,1,0,96.0,96.0,116,798.759331997172
EIR,1,621,2639195291511164005,evaluation,demo_baseline,793.9474891355933,1,0,116.0,116.0,117,822.1991542022463
EIR,1,622,5648768716601780834,evaluation,demo_baseline,793.9474891355933,1,0,104.0,104.0,142,794.1237727153539
EIR,1,623,5899382895165076389,evaluation,demo_baseline,793.9474891355933,1,0,104.0,104.0,147,794.0182438913598
EIR,1,624,1519992945570071936,evaluation,demo_baseline,793.9474891355933,1,0,116.0,116.0,133,795.3351820313713
EIR,1,625,4010001208066255427,evaluation,demo_baseline,793.9474891355933,1,0,105.0,105.0,134,794.5969976054313
EIR,1,626,2667860613011031041,evaluation,demo_baseline,793.9474891355933,1,0,97.0,97.0,132,818.3689292834675
EIR,1,627,7203999104798963223,evaluation,demo_baseline,793.9474891355933,1,0,95.0,95.0,123,796.8661335489102
EIR,1,628,3369298254655452151,evaluation,demo_baseline,793.9474891355933,1,0,105.0,105.0,145,806.3262068615646
EIR,1,629,95672821538968721,evaluation,demo_baseline,793.9474891355933,1,0,111.0,111.0,141,809.161608012736
EIR,1,630,3370369274436096928,evaluation,demo_baseline,793.9474891355933,1,0,112.0,112.0,128,811.1913911872374
EIR,1,631,6800569393565852149,evaluation,demo_baseline,793.9474891355933,1,0,102.0,102.0,116,799.833982409824
EIR,1,632,5409591225290950163,evaluation,demo_baseline,793.9474891355933,1,0,105.0,105.0,137,801.7601238594276
EIR,1,633,260373375652598148,evaluation,demo_baseline,793.9474891355933,1,0,105.0,105.0,128,800.7582142562127
EIR,1,634,5703928090319335821,evaluation,demo_baseline,793.9474891355933,1,0,112.0,112.0,140,796.6380675889452
EIR,1,635,3819594117198568844,evaluation,demo_baseline,793.9474891355933,1,0,103.0,103.0,127,796.4595526958178
EIR,1,636,4829341462357234177,evaluation,demo_baseline,793.9474891355933,1,0,99.0,99.0,129,800.6726992343139
EIR,1,637,1145372964349075139,evaluation,demo_baseline,793.9474891355933,1,0,100.0,100.0,138,794.9266745480472
EIR,1,638,8153222687275414551,evaluation,demo_baseline,793.9474891355933,1,0,114.0,114.0,139,804.5655225913484
EIR,1,639,5395816837070573132,evaluation,demo_baseline,793.9474891355933,1,0,106.0,106.0,157,795.6964540738057
EIR,1,640,8134784524569153429,evaluation,demo_baseline,793.9474891355933,1,0,105.0,105.0,142,817.2086596798589
EIR,1,641,4808265975294534908,evaluation,demo_baseline,793.9474891355933,1,0,90.0,90.0,115,800.0302344960999
EIR,1,642,302087616477276637,evaluation,demo_baseline,793.9474891355933,1,0,96.0,96.0,115,802.6143122279951
EIR,1,643,1317094468903341583,evaluation,demo_baseline,793.9474891355933,1,0,103.0,103.0,124,798.2245940207368
EIR,1,644,7095663549082536125,evaluation,demo_baseline,793.9474891355933,1,0,95.0,95.0,116,808.319514569133
EIR,1,645,5731573026749690129,evaluation,demo_baseline,793.9474891355933,1,0,113.0,113.0,122,819.2921386995474
EIR,1,646,4368081145979897253,evaluation,demo_baseline,793.9474891355933,1,0,87.0,87.0,111,798.9770805409228
EIR,1,647,2100229606284747533,evaluation,demo_baseline,793.9474891355933,1,0,103.0,103.0,132,833.9892447053965
EIR,1,648,8514130828809588003,evaluation,demo_baseline,793.9474891355933,1,0,96.0,96.0,127,799.3466125979182
EIR,1,649,7067534040843543722,evaluation,demo_baseline,793.9474891355933,1,0,99.0,99.0,116,807.4016149396527
EIR,1,650,7401320720869327519,evaluation,demo_baseline,793.9474891355933,1,0,101.0,101.0,116,798.303945738966
EIR,1,651,685325350480427855,evaluation,demo_baseline,793.9474891355933,1,0,96.0,96.0,124,810.7027422622324
EIR,1,652,4770167840485463859,evaluation,demo_baseline,793.9474891355933,1,0,88.0,88.0,97,807.405735700171
EIR,1,653,3227064659044801431,evaluation,demo_baseline,793.9474891355933,1,0,107.0,107.0,138,803.4063729170018
EIR,1,654,8069178061115346999,evaluation,demo_baseline,793.9474891355933,1,0,99.0,99.0,136,828.699405046737
EIR,1,655,8141220058942650762,evaluation,demo_baseline,793.9474891355933,1,0,87.0,87.0,96,796.6443727331705
EIR,1,656,3454189485308121482,evaluation,demo_baseline,793.9474891355933,1,0,100.0,100.0,121,801.0455950489024
EIR,1,657,1190990717149387224,evaluation,demo_baseline,793.9474891355933,1,0,102.0,102.0,116,801.1987557967643
EIR,1,658,8624793438485797025,evaluation,demo_baseline,793.9474891355933,1,0,103.0,103.0,128,843.3299504633829
EIR,1,659,4502278935811042048,evaluation,demo_baseline,793.9474891355933,1,0,103.0,103.0,124,795.0575079705054
EIR,1,660,2649936449122678680,evaluation,demo_baseline,793.9474891355933,1,0,101.0,101.0,123,823.1291795417605
EIR,1,661,7610832108076461942,evaluation,demo_baseline,793.9474891355933,1,0,93.0,93.0,121,798.9607342061237
EIR,1,662,3350072800172245027,evaluation,demo_baseline,793.9474891355933,1,0,106.0,106.0,130,795.666560959565
EIR,1,663,855767635418501019,evaluation,demo_baseline,793.9474891355933,1,0,92.0,92.0,136,794.0041201793056
EIR,1,664,2993867830557921572,evaluation,demo_baseline,793.9474891355933,1,0,111.0,111.0,139,801.2395896299623
EIR,1,665,5927522439220063125,evaluation,demo_baseline,793.9474891355933,1,0,98.0,98.0,116,802.7512131586802
EIR,1,666,9050112083105714259,evaluation,demo_baseline,793.9474891355933,1,0,94.0,94.0,124,796.5565210753164
EIR,1,667,7675516837296400045,evaluation,demo_baseline,793.9474891355933,1,0,92.0,92.0,122,799.4823910122254
EIR,1,668,4326550739033346113,evaluation,demo_baseline,793.9474891355933,1,0,105.0,105.0,132,795.3059845084684
EIR,1,669,7322010189765100995,evaluation,demo_baseline,793.9474891355933,1,0,91.0,91.0,121,795.837821560997
EIR,1,670,3606897167295603912,evaluation,demo_baseline,793.9474891355933,1,0,105.0,105.0,117,804.0933236356152
EIR,1,671,3946078983045856991,evaluation,demo_baseline,793.9474891355933,1,0,115.0,115.0,132,794.9486482395666
EIR,1,672,8407394262434701027,evaluation,demo_baseline,793.9474891355933,1,0,108.0,108.0,128,804.5791184878166
EIR,1,673,2550749840142720841,evaluation,demo_baseline,793.9474891355933,1,0,96.0,96.0,122,796.5209834014048
EIR,1,674,5411838405888105503,evaluation,demo_baseline,793.9474891355933,1,0,106.0,106.0,111,809.564807718433
EIR,1,675,8709106248152982486,evaluation,demo_baseline,793.9474891355933,1,0,96.0,96.0,115,806.1894038386329
EIR,1,676,6876067115416425544,evaluation,demo_baseline,793.9474891355933,1,0,121.0,121.0,138,808.3274880777963
EIR,1,677,9139229590597483072,evaluation,demo_baseline,793.9474891355933,1,0,114.0,114.0,157,811.5673797201865
EIR,1,678,6809614770192597466,evaluation,demo_baseline,793.9474891355933,1,0,106.0,106.0,142,802.3100347212431
EIR,1,679,8207810099478532171,evaluation,demo_baseline,793.9474891355933,1,0,106.0,106.0,128,806.3415923569735
EIR,1,680,6862407157461589466,evaluation,demo_baseline,793.9474891355933,1,0,100.0,100.0,144,794.6139441806534
EIR,1,681,7734209304453237817,evaluation,demo_baseline,793.9474891355933,1,0,104.0,104.0,122,794.3158566955442
EIR,1,682,2267039430438982640,evaluation,demo_baseline,793.9474891355933,1,0,98.0,98.0,122,811.6729401244486
EIR,1,683,8905902961962411358,evaluation,demo_baseline,793.9474891355933,1,0,108.0,108.0,125,801.9548352533791
EIR,1,684,3101301612401384079,evaluation,demo_baseline,793.9474891355933,1,0,102.0,102.0,138,797.9758652383538
EIR,1,685,4417940603112082497,evaluation,demo_baseline,793.9474891355933,1,0,97.0,97.0,132,842.8021189246108
EIR,1,686,6134925417147147754,evaluation,demo_baseline,793.9474891355933,1,0,88.0,88.0,100,794.5678478141026
EIR,1,687,6687533028304366009,evaluation,demo_baseline,793.9474891355933,1,0,94.0,94.0,117,830.2278277092703
EIR,1,688,5147314821640642671,evaluation,demo_baseline,793.9474891355933,1,0,107.0,107.0,142,804.9056415881028
EIR,1,689,5639595339067318551,evaluation,demo_baseline,793.9474891355933,1,0,97.0,97.0,115,797.1979771367878
EIR,1,690,2885531036204995587,evaluation,demo_baseline,793.9474891355933,1,0,122.0,122.0,137,811.3856359564775
EIR,1,691,4863817109387089574,evaluation,demo_baseline,793.9474891355933,1,0,101.0,101.0,134,817.6974284643873
EIR,1,692,2111269206206845075,evaluation,demo_baseline,793.9474891355933,1,0,113.0,113.0,144,799.8707679825327
EIR,1,693,1479475902277354325,evaluation,demo_baseline,793.9474891355933,1,0,106.0,106.0,138,799.0133840972676
EIR,1,694,6719133039416486553,evaluation,demo_baseline,793.9474891355933,1,0,118.0,118.0,166,793.9862722452651
EIR,1,695,1161859096255139320,evaluation,demo_baseline,793.9474891355933,1,0,86.0,86.0,96,800.0553245991188
EIR,1,696,4104065663041531016,evaluation,demo_baseline,793.9474891355933,1,0,117.0,117.0,134,804.7851276004732
EIR,1,697,8323827862982866792,evaluation,demo_baseline,793.9474891355933,1,0,89.0,89.0,109,799.2343774294955
EIR,1,698,5589434162644319807,evaluation,demo_baseline,793.9474891355933,1,0,107.0,107.0,117,796.9149152303014
EIR,1,699,7033789805143460364,evaluation,demo_baseline,793.9474891355933,1,0,99.0,99.0,128,795.8981303440739
EIR,1,700,3366576661851574240,evaluation,demo_baseline,793.9474891355933,1,0,84.0,84.0,111,797.596368057572
EIR,1,701,4582170089544994621,evaluation,demo_baseline,793.9474891355933,1,0,96.0,96.0,116,807.5052948166059
EIR,1,702,7030936025185424420,evaluation,demo_baseline,793.9474891355933,1,0,98.0,98.0,129,799.5198041696818
EIR,1,703,2712034156754675629,evaluation,demo_baseline,793.9474891355933,1,0,109.0,109.0,130,795.6763623142759
EIR,1,704,4366506841436187595,evaluation,demo_baseline,793.9474891355933,1,0,98.0,98.0,132,813.0964953010532
EIR,1,705,8913392759448424740,evaluation,demo_baseline,793.9474891355933,1,0,102.0,102.0,135,799.0525293303065
EIR,1,706,5301698133946785140,evaluation,demo_baseline,793.9474891355933,1,0,123.0,123.0,147,794.4667394277071
EIR,1,707,3109365301283292830,evaluation,demo_baseline,793.9474891355933,1,0,96.0,96.0,129,801.8904036114134
EIR,1,708,3461101144351529323,evaluation,demo_baseline,793.9474891355933,1,0,111.0,111.0,143,801.1339823320818
EIR,1,709,6723637099566655936,evaluation,demo_baseline,793.9474891355933,1,0,115.0,115.0,140,801.783083610219
EIR,1,710,264489745307334437,evaluation,demo_baseline,793.9474891355933,1,0,106.0,106.0,125,796.018736716695
EIR,1,711,613520426956257464,evaluation,demo_baseline,793.9474891355933,1,0,123.0,123.0,152,805.738534179091
EIR,1,712,2463337074846250310,evaluation,demo_baseline,793.9474891355933,1,0,101.0,101.0,129,798.6243003052994
EIR,1,713,1000508455680552729,evaluation,demo_baseline,793.9474891355933,1,0,94.0,94.0,112,796.4614036346636
EIR,1,714,2992864668544204506,evaluation,demo_baseline,793.9474891355933,1,0,117.0,117.0,151,803.9316525643743
EIR,1,715,1347247234671301656,evaluation,demo_baseline,793.9474891355933,1,0,99.0,99.0,123,795.3616122047106
EIR,1,716,4453653167836781945,evaluation,demo_baseline,793.9474891355933,1,0,93.0,93.0,110,805.7054783979792
EIR,1,717,9213321609871607154,evaluation,demo_baseline,793.9474891355933,1,0,89.0,89.0,120,803.3258957514686
EIR,1,718,3526583180322400463,evaluation,demo_baseline,793.9474891355933,1,0,107.0,107.0,137,803.5371063000109
EIR,1,719,2645948067045650959,evaluation,demo_baseline,793.9474891355933,1,0,102.0,102.0,131,794.6987707850224
EIR,1,720,5939321151860161062,evaluation,demo_baseline,793.9474891355933,1,0,98.0,98.0,119,800.6340131061072
EIR,1,721,6481779865766866991,evaluation,demo_baseline,793.9474891355933,1,0,113.0,113.0,140,801.8829982676531
EIR,1,722,3295715244335476452,evaluation,demo_baseline,793.9474891355933,1,0,115.0,115.0,131,795.7146810204977
EIR,1,723,4315297369717980451,evaluation,demo_baseline,793.9474891355933,1,0,110.0,110.0,154,802.6996096659417
EIR,1,724,4635367997027712979,evaluation,demo_baseline,793.9474891355933,1,0,113.0,113.0,135,800.6496328816395
EIR,1,725,3403626509403112979,evaluation,demo_baseline,793.9474891355933,1,0,90.0,90.0,123,799.7609539744582
EIR,1,726,6832277781872266407,evaluation,demo_baseline,793.9474891355933,1,0,116.0,116.0,128,804.043794398778
EIR,1,727,883107404499876455,evaluation,demo_baseline,793.9474891355933,1,0,90.0,90.0,110,796.0102192591835
EIR,1,728,4662362880349416050,evaluation,demo_baseline,793.9474891355933,1,0,113.0,113.0,140,797.0813102177003
EIR,1,729,3005345504600163345,evaluation,demo_baseline,793.9474891355933,1,0,103.0,103.0,132,801.1362122815323
EIR,1,730,6804468579566221248,evaluation,demo_baseline,793.9474891355933,1,0,109.0,109.0,117,795.1786936758647
EIR,1,731,2320460067225269395,evaluation,demo_baseline,793.9474891355933,1,0,114.0,114.0,137,795.7692194579247
EIR,1,732,8364738399209239143,evaluation,demo_baseline,793.9474891355933,1,0,107.0,107.0,141,801.3687251541003
EIR,1,733,3384076559447678256,evaluation,demo_baseline,793.9474891355933,1,0,102.0,102.0,130,825.4219754549595
EIR,1,734,4139340202476817464,evaluation,demo_baseline,793.9474891355933,1,0,91.0,91.0,119,811.7169401031106
EIR,1,735,1834674683373508077,evaluation,demo_baseline,793.9474891355933,1,0,96.0,96.0,122,795.8363249851334
EIR,1,736,542805896983215246,evaluation,demo_baseline,793.9474891355933,1,0,102.0,102.0,131,797.1623015188566
EIR,1,737,4478106581758260013,evaluation,demo_baseline,793.9474891355933,1,0,118.0,118.0,133,819.458996731968
EIR,1,738,346238927222519909,evaluation,demo_baseline,793.9474891355933,1,0,89.0,89.0,130,810.5635004047964
EIR,1,739,3630786997072217722,evaluation,demo_baseline,793.9474891355933,1,0,121.0,121.0,135,794.4894689908558
EIR,1,740,3929421769361488748,evaluation,demo_baseline,793.9474891355933,1,0,90.0,90.0,102,795.2170189141425
EIR,1,741,2132397828284108356,evaluation,demo_baseline,793.9474891355933,1,0,92.0,92.0,130,805.7861321416681
EIR,1,742,5244874165676390132,evaluation,demo_baseline,793.9474891355933,1,0,95.0,95.0,123,807.8804799964994
EIR,1,743,3085785663253317832,evaluation,demo_baseline,793.9474891355933,1,0,108.0,108.0,150,801.3656711057047
EIR,1,744,3108342282271700284,evaluation,demo_baseline,793.9474891355933,1,0,86.0,86.0,120,799.1131706031051
EIR,1,745,4494283534412098260,evaluation,demo_baseline,793.9474891355933,1,0,104.0,104.0,136,813.6990009008302
EIR,1,746,5238374366828883062,evaluation,demo_baseline,793.9474891355933,1,0,92.0,92.0,97,797.1879648346459
EIR,1,747,551070102830819859,evaluation,demo_baseline,793.9474891355933,1,0,92.0,92.0,104,796.0946120335063
EIR,1,748,3678751371791663826,evaluation,demo_baseline,793.9474891355933,1,0,89.0,89.0,127,805.0044192870805
EIR,1,749,7095528200974062580,evaluation,demo_baseline,793.9474891355933,1,0,115.0,115.0,135,802.5824334943894
EIR,1,750,1682841692584739815,evaluation,demo_baseline,793.9474891355933,1,0,97.0,97.0,131,798.8200839706986
EIR,1,751,1420647901585013889,evaluation,demo_baseline,793.9474891355933,1,0,99.0,99.0,126,807.3401749551615
EIR,1,752,3084442972973178048,evaluation,demo_baseline,793.9474891355933,1,0,102.0,102.0,128,804.0418148346755
EIR,1,753,7946832973515710832,evaluation,demo_baseline,793.9474891355933,1,0,99.0,99.0,131,795.794661610558
EIR,1,754,2127925772642902498,evaluation,demo_baseline,793.9474891355933,1,0,89.0,89.0,100,795.333458377596
EIR,1,755,6511892873820547072,evaluation,demo_baseline,793.9474891355933,1,0,108.0,108.0,137,799.1849967870901
EIR,1,756,1817996709678525938,evaluation,demo_baseline,793.9474891355933,1,0,97.0,97.0,121,798.4003168696215
EIR,1,757,2916531212975300057,evaluation,demo_baseline,793.9474891355933,1,0,99.0,99.0,131,794.2405433629049
EIR,1,758,2700820226679545162,evaluation,demo_baseline,793.9474891355933,1,0,106.0,106.0,131,796.8275625205611
EIR,1,759,7671202319854321908,evaluation,demo_baseline,793.9474891355933,1,0,114.0,114.0,144,801.1209637565385
EIR,1,760,1345245745071267897,evaluation,demo_baseline,793.9474891355933,1,0,100.0,100.0,122,796.4050016912078
EIR,1,761,8569961043178195457,evaluation,demo_baseline,793.9474891355933,1,0,89.0,89.0,103,800.8971410096742
EIR,1,762,5138128329346311761,evaluation,demo_baseline,793.9474891355933,1,0,123.0,123.0,142,834.4167537709719
EIR,1,763,6721270633713351022,evaluation,demo_baseline,793.9474891355933,1,0,87.0,87.0,124,800.4979347044938
EIR,1,764,5541717785188947766,evaluation,demo_baseline,793.9474891355933,1,0,93.0,93.0,119,799.3479230172483
EIR,1,765,3496242828857508199,evaluation,demo_baseline,793.9474891355933,1,0,104.0,104.0,125,805.679296624388
EIR,1,766,5554327557445890719,evaluation,demo_baseline,793.9474891355933,1,0,83.0,83.0,104,823.0070638912962
EIR,1,767,8483129228074338323,evaluation,demo_baseline,793.9474891355933,1,0,122.0,122.0,145,802.5070280056077
EIR,1,768,8048271830673295268,evaluation,demo_baseline,793.9474891355933,1,0,98.0,98.0,119,799.5396007926397
EIR,1,769,2829914711530858091,evaluation,demo_baseline,793.9474891355933,1,0,120.0,120.0,142,798.3763356966803
EIR,1,770,715609538094443008,evaluation,demo_baseline,793.9474891355933,1,0,88.0,88.0,118,805.2261253831462
EIR,1,771,1615546016097720409,evaluation,demo_baseline,793.9474891355933,1,0,106.0,106.0,115,801.90212205723
EIR,1,772,335924443602512810,evaluation,demo_baseline,793.9474891355933,1,0,109.0,109.0,135,818.6448718269484
EIR,1,773,4444578198125801204,evaluation,demo_baseline,793.9474891355933,1,0,104.0,104.0,127,832.0422506107894
EIR,1,774,5200225128096402605,evaluation,demo_baseline,793.9474891355933,1,0,110.0,110.0,137,806.1842658626446
EIR,1,775,4823197339935095893,evaluation,demo_baseline,793.9474891355933,1,0,101.0,101.0,131,805.7996464354383
EIR,1,776,7288656844618514809,evaluation,demo_baseline,793.9474891355933,1,0,112.0,112.0,125,840.0829075884268
EIR,1,777,8832824722911405268,evaluation,demo_baseline,793.9474891355933,1,0,113.0,113.0,122,794.2012417197101
EIR,1,778,1429300537904933701,evaluation,demo_baseline,793.9474891355933,1,0,120.0,120.0,134,794.5122738020573
EIR,1,779,1585665914304093898,evaluation,demo_baseline,793.9474891355933,1,0,105.0,105.0,143,804.540278508025
EIR,1,780,5526321146748958455,evaluation,demo_baseline,793.9474891355933,1,0,92.0,92.0,115,798.0120193076111
EIR,1,781,3066954679092757124,evaluation,demo_baseline,793.9474891355933,1,0,88.0,88.0,135,795.645526514987
EIR,1,782,5783405319923864995,evaluation,demo_baseline,793.9474891355933,1,0,111.0,111.0,134,798.4102722122678
EIR,1,783,8786000584763794440,evaluation,demo_baseline,793.9474891355933,1,0,116.0,116.0,146,806.118757056388
EIR,1,784,8647097874681578387,evaluation,demo_baseline,793.9474891355933,1,0,105.0,105.0,123,830.7045795819442
EIR,1,785,1331204657875273810,evaluation,demo_baseline,793.9474891355933,1,0,106.0,106.0,150,806.1611279658758
EIR,1,786,7959350326717793303,evaluation,demo_baseline,793.9474891355933,1,0,116.0,116.0,123,811.9248702822914
EIR,1,787,331690071908305964,evaluation,demo_baseline,793.9474891355933,1,0,98.0,98.0,131,802.1660579025136
EIR,1,788,7222703310216896003,evaluation,demo_baseline,793.9474891355933,1,0,96.0,96.0,130,835.6649994249962
EIR,1,789,9107502255636700326,evaluation,demo_baseline,793.9474891355933,1,0,114.0,114.0,130,798.5484499270209
EIR,1,790,2035722079374640931,evaluation,demo_baseline,793.9474891355933,1,0,121.0,121.0,132,799.9099249728972
EIR,1,791,3367623369812548776,evaluation,demo_baseline,793.9474891355933,1,0,97.0,97.0,105,797.5596275355483
EIR,1,792,2341087358005249680,evaluation,demo_baseline,793.9474891355933,1,0,113.0,113.0,132,795.5359221457472
EIR,1,793,7238461243214597407,evaluation,demo_baseline,793.9474891355933,1,0,107.0,107.0,145,805.0558646028053
EIR,1,794,8507001539294124538,evaluation,demo_baseline,793.9474891355933,1,0,132.0,132.0,134,797.0232951989382
EIR,1,795,7956411242367448459,evaluation,demo_baseline,793.9474891355933,1,0,105.0,105.0,122,794.9335965575721
EIR,1,796,5569969314317099652,evaluation,demo_baseline,793.9474891355933,1,0,108.0,108.0,131,799.6641923991374
EIR,1,797,2180394065167147015,evaluation,demo_baseline,793.9474891355933,1,0,100.0,100.0,120,794.7217442411438
EIR,1,798,8805969842975099898,evaluation,demo_baseline,793.9474891355933,1,0,107.0,107.0,141,808.1836780712484
EIR,1,799,1531244443990348934,evaluation,demo_baseline,793.9474891355933,1,0,103.0,103.0,144,798.4562787584387
EIR,1,800,3992067529832791453,evaluation,demo_baseline,793.9474891355933,1,0,91.0,91.0,129,807.507296377646
EIR,1,801,6357289266147075146,evaluation,demo_baseline,793.9474891355933,1,0,112.0,112.0,144,795.5559810442306
EIR,1,802,1986515648080858008,evaluation,demo_baseline,793.9474891355933,1,0,113.0,113.0,140,799.6017044291973
EIR,1,803,5485868474014649666,evaluation,demo_baseline,793.9474891355933,1,0,103.0,103.0,148,814.6785020292967
EIR,1,804,8349308574059891772,evaluation,demo_baseline,793.9474891355933,1,0,103.0,103.0,140,800.5346780359669
EIR,1,805,8991610631570454764,evaluation,demo_baseline,793.9474891355933,1,0,95.0,95.0,118,805.7471743604036
EIR,1,806,5992199921381928005,evaluation,demo_baseline,793.9474891355933,1,0,94.0,94.0,118,809.8254945355449
EIR,1,807,7567274868869625990,evaluation,demo_baseline,793.9474891355933,1,0,107.0,107.0,131,832.6118415214346
EIR,1,808,1523700622387407977,evaluation,demo_baseline,793.9474891355933,1,0,95.0,95.0,125,826.5889122903254
EIR,1,809,5370748993486755341,evaluation,demo_baseline,793.9474891355933,1,0,106.0,106.0,144,806.0408335514023
EIR,1,810,42161991613125828,evaluation,demo_baseline,793.9474891355933,1,0,105.0,105.0,126,800.9724534493836
EIR,1,811,855229148253319348,evaluation,demo_baseline,793.9474891355933,1,0,105.0,105.0,129,802.9205507615629
EIR,1,812,3146323713191242649,evaluation,demo_baseline,793.9474891355933,1,0,109.0,109.0,144,800.2745551419724
EIR,1,813,8520574149295688712,evaluation,demo_baseline,793.9474891355933,1,0,103.0,103.0,132,831.892235688252
EIR,1,814,7116559461824306881,evaluation,demo_baseline,793.9474891355933,1,0,108.0,108.0,151,794.6216048003213
EIR,1,815,6926813937873707385,evaluation,demo_baseline,793.9474891355933,1,0,94.0,94.0,124,797.9666959268466
EIR,1,816,1128503965882256933,evaluation,demo_baseline,793.9474891355933,1,0,86.0,86.0,112,841.2040456505223
EIR,1,817,4248199434182587461,evaluation,demo_baseline,793.9474891355933,1,0,112.0,112.0,139,802.3553627620738
EIR,1,818,6848809025699297487,evaluation,demo_baseline,793.9474891355933,1,0,97.0,97.0,130,824.940369232223
EIR,1,819,7357388895034902415,evaluation,demo_baseline,793.9474891355933,1,0,113.0,113.0,134,816.0692800108957
EIR,1,820,8435131881456249437,evaluation,demo_baseline,793.9474891355933,1,0,102.0,102.0,141,833.585678778854
EIR,1,821,1029265450574641939,evaluation,demo_baseline,793.9474891355933,1,0,96.0,96.0,131,798.1147168842716
EIR,1,822,2431370372162479012,evaluation,demo_baseline,793.9474891355933,1,0,97.0,97.0,140,795.373349338977
EIR,1,823,6872269724021021731,evaluation,demo_baseline,793.9474891355933,1,0,121.0,121.0,161,798.5103926146126
EIR,1,824,4228917489098299079,evaluation,demo_baseline,793.9474891355933,1,0,122.0,122.0,151,832.3828542085579
EIR,1,825,3280978739043125695,evaluation,demo_baseline,793.9474891355933,1,0,101.0,101.0,112,798.8382612763207
EIR,1,826,1219344312590141777,evaluation,demo_baseline,793.9474891355933,1,0,81.0,81.0,118,803.0070564257202
EIR,1,827,8755946147922373718,evaluation,demo_baseline,793.9474891355933,1,0,95.0,95.0,122,797.3160730946402
EIR,1,828,3510515965428075827,evaluation,demo_baseline,793.9474891355933,1,0,94.0,94.0,137,803.8738995028611
EIR,1,829,2390079020037883738,evaluation,demo_baseline,793.9474891355933,1,0,104.0,104.0,135,797.2325351566362
EIR,1,830,155227898875580190,evaluation,demo_baseline,793.9474891355933,1,0,106.0,106.0,137,797.72821133987
EIR,1,831,8630261955397133218,evaluation,demo_baseline,793.9474891355933,1,0,92.0,92.0,108,831.1888574000772
EIR,1,832,6814087596273209559,evaluation,demo_baseline,793.9474891355933,1,0,103.0,103.0,131,815.9491041003478
EIR,1,833,921465546409173818,evaluation,demo_baseline,793.9474891355933,1,0,117.0,117.0,138,798.0914997971468
EIR,1,834,6305486519121925433,evaluation,demo_baseline,793.9474891355933,1,0,100.0,100.0,117,819.6105748550009
EIR,1,835,7449415066032854055,evaluation,demo_baseline,793.9474891355933,1,0,108.0,108.0,125,799.5875781214373
EIR,1,836,8970909805036943278,evaluation,demo_baseline,793.9474891355933,1,0,105.0,105.0,149,809.6906787418657
EIR,1,837,6224692481123187511,evaluation,demo_baseline,793.9474891355933,1,0,104.0,104.0,108,832.6651247891806
EIR,1,838,7037152940141031497,evaluation,demo_baseline,793.9474891355933,1,0,103.0,103.0,119,794.913263168228
EIR,1,839,5109076926548293236,evaluation,demo_baseline,793.9474891355933,1,0,89.0,89.0,100,803.6371076885341
EIR,1,840,5053680185737228869,evaluation,demo_baseline,793.9474891355933,1,0,106.0,106.0,131,805.7718952628369
EIR,1,841,8170675378429784135,evaluation,demo_baseline,793.9474891355933,1,0,106.0,106.0,141,795.1240880811557
EIR,1,842,8367849579763071967,evaluation,demo_baseline,793.9474891355933,1,0,104.0,104.0,122,806.799738592753
EIR,1,843,8837228304563551662,evaluation,demo_baseline,793.9474891355933,1,0,103.0,103.0,122,797.8452997974459
EIR,1,844,3416471393881351275,evaluation,demo_baseline,793.9474891355933,1,0,97.0,97.0,132,799.3755100228869
EIR,1,845,8117288311581654541,evaluation,demo_baseline,793.9474891355933,1,0,107.0,107.0,128,795.7897939862868
EIR,1,846,833599706623724671,evaluation,demo_baseline,793.9474891355933,1,0,82.0,82.0,129,803.1862855386895
EIR,1,847,5912138202702007656,evaluation,demo_baseline,793.9474891355933,1,0,96.0,96.0,118,806.6309239864119
EIR,1,848,8662638099186678536,evaluation,demo_baseline,793.9474891355933,1,0,110.0,110.0,109,794.2490886505269
EIR,1,849,4144005371336754502,evaluation,demo_baseline,793.9474891355933,1,0,100.0,100.0,115,808.5719355602507
EIR,1,850,8480724760021611276,evaluation,demo_baseline,793.9474891355933,1,0,110.0,110.0,124,809.2133917610684
EIR,1,851,5508274024647719144,evaluation,demo_baseline,793.9474891355933,1,0,97.0,97.0,116,808.6580087678445
EIR,1,852,977559160066062628,evaluation,demo_baseline,793.9474891355933,1,0,113.0,113.0,149,796.7739091460837
EIR,1,853,5598536425827701239,evaluation,demo_baseline,793.9474891355933,1,0,113.0,113.0,157,800.8754111403763
EIR,1,854,5415483134753694288,evaluation,demo_baseline,793.9474891355933,1,0,94.0,94.0,111,810.815823387132
EIR,1,855,3020035637523796631,evaluation,demo_baseline,793.9474891355933,1,0,92.0,92.0,116,807.6886051168676
EIR,1,856,7228356920589193222,evaluation,demo_baseline,793.9474891355933,1,0,97.0,97.0,112,799.4237904647609
EIR,1,857,3985274167130743568,evaluation,demo_baseline,793.9474891355933,1,0,81.0,81.0,98,795.2039863197358
EIR,1,858,7191517585060291966,evaluation,demo_baseline,793.9474891355933,1,0,100.0,100.0,113,800.7994433144199
EIR,1,859,6464420899717341898,evaluation,demo_baseline,793.9474891355933,1,0,101.0,101.0,135,799.044959025334
EIR,1,860,1783361278218680261,evaluation,demo_baseline,793.9474891355933,1,0,113.0,113.0,134,797.9257575555241
EIR,1,861,1328005374533489822,evaluation,demo_baseline,793.9474891355933,1,0,109.0,109.0,139,797.8340849301528
EIR,1,862,1014636569147452069,evaluation,demo_baseline,793.9474891355933,1,0,102.0,102.0,120,796.7058392210452
EIR,1,863,3724001393916793638,evaluation,demo_baseline,793.9474891355933,1,0,105.0,105.0,123,794.6993929734235
EIR,1,864,2069723470523346675,evaluation,demo_baseline,793.9474891355933,1,0,100.0,100.0,127,796.8587921711982
EIR,1,865,7222041563976267007,evaluation,demo_baseline,793.9474891355933,1,0,114.0,114.0,146,798.063408981029
EIR,1,866,4990230274902281352,evaluation,demo_baseline,793.9474891355933,1,0,89.0,89.0,123,802.8916383492085
EIR,1,867,7286764355789252292,evaluation,demo_baseline,793.9474891355933,1,0,105.0,105.0,106,794.9797889304357
EIR,1,868,5528094310272961394,evaluation,demo_baseline,793.9474891355933,1,0,95.0,95.0,117,797.3302459343507
EIR,1,869,3342037698971064565,evaluation,demo_baseline,793.9474891355933,1,0,111.0,111.0,141,797.8526765159708
EIR,1,870,4461755829545105038,evaluation,demo_baseline,793.9474891355933,1,0,101.0,101.0,126,802.2204206640312
EIR,1,871,3749751354076980617,evaluation,demo_baseline,793.9474891355933,1,0,104.0,104.0,140,815.4978703304482
EIR,1,872,938458009880293197,evaluation,demo_baseline,793.9474891355933,1,0,106.0,106.0,144,818.4842927587304
EIR,1,873,2750269450721722642,evaluation,demo_baseline,793.9474891355933,1,0,94.0,94.0,118,799.8566724704219
EIR,1,874,4665445070410491541,evaluation,demo_baseline,793.9474891355933,1,0,104.0,104.0,128,809.7784246552465
EIR,1,875,4212228075936283321,evaluation,demo_baseline,793.9474891355933,1,0,93.0,93.0,128,807.2315758641654
EIR,1,876,1387869901914438814,evaluation,demo_baseline,793.9474891355933,1,0,100.0,100.0,127,803.2266085059958
EIR,1,877,3537630183594169125,evaluation,demo_baseline,793.9474891355933,1,0,101.0,101.0,106,797.9285645645683
EIR,1,878,6441828597550231977,evaluation,demo_baseline,793.9474891355933,1,0,102.0,102.0,141,815.701623923476
EIR,1,879,2106270288069926579,evaluation,demo_baseline,793.9474891355933,1,0,114.0,114.0,144,797.9365348181985
EIR,1,880,6224273046647495680,evaluation,demo_baseline,793.9474891355933,1,0,111.0,111.0,135,797.0458900189988
EIR,1,881,307506379622252792,evaluation,demo_baseline,793.9474891355933,1,0,129.0,129.0,135,811.8777094868406
EIR,1,882,7476891057246325150,evaluation,demo_baseline,793.9474891355933,1,0,100.0,100.0,137,808.987275034573
EIR,1,883,9009249090916143326,evaluation,demo_baseline,793.9474891355933,1,0,104.0,104.0,125,798.9718985361213
EIR,1,884,9170106391097339876,evaluation,demo_baseline,793.9474891355933,1,0,111.0,111.0,135,797.1918027794703
EIR,1,885,5574652972404116068,evaluation,demo_baseline,793.9474891355933,1,0,80.0,80.0,92,800.5354579474849
EIR,1,886,952436741797127149,evaluation,demo_baseline,793.9474891355933,1,0,105.0,105.0,150,795.3499416623614
EIR,1,887,511550015457192946,evaluation,demo_baseline,793.9474891355933,1,0,108.0,108.0,119,798.8693679279916
EIR,1,888,8752151548678650118,evaluation,demo_baseline,793.9474891355933,1,0,102.0,102.0,130,800.3331897895919
EIR,1,889,7507166530390037045,evaluation,demo_baseline,793.9474891355933,1,0,114.0,114.0,132,798.3409060293777
EIR,1,890,7432570442764378860,evaluation,demo_baseline,793.9474891355933,1,0,109.0,109.0,150,821.8202073737685
EIR,1,891,1234130309749627603,evaluation,demo_baseline,793.9474891355933,1,0,98.0,98.0,125,795.8861992327304
EIR,1,892,2670770485555854784,evaluation,demo_baseline,793.9474891355933,1,0,116.0,116.0,147,795.5715466262274
EIR,1,893,2305766003689377886,evaluation,demo_baseline,793.9474891355933,1,0,101.0,101.0,118,813.750311784957
EIR,1,894,5663607526135768318,evaluation,demo_baseline,793.9474891355933,1,0,111.0,111.0,122,802.5814237363271
EIR,1,895,3747155557422830265,evaluation,demo_baseline,793.9474891355933,1,0,93.0,93.0,110,799.5140819207548
EIR,1,896,6862894276413050852,evaluation,demo_baseline,793.9474891355933,1,0,97.0,97.0,134,807.0507347548516
EIR,1,897,7289624485084589996,evaluation,demo_baseline,793.9474891355933,1,0,109.0,109.0,132,795.0126354645143
EIR,1,898,4047594242977238341,evaluation,demo_baseline,793.9474891355933,1,0,104.0,104.0,129,810.0700911253408
EIR,1,899,8413888745683740377,evaluation,demo_baseline,793.9474891355933,1,0,107.0,107.0,128,797.229025404484
EIR,1,900,1844576239118994843,evaluation,demo_baseline,793.9474891355933,1,0,101.0,101.0,139,799.3716229239935
EIR,1,901,5275317524403847003,evaluation,demo_baseline,793.9474891355933,1,0,90.0,90.0,122,834.6366370234589
EIR,1,902,7815811818797525339,evaluation,demo_baseline,793.9474891355933,1,0,91.0,91.0,128,793.9796510551379
EIR,1,903,1967923114015416268,evaluation,demo_baseline,793.9474891355933,1,0,101.0,101.0,107,797.9488084116664
EIR,1,904,245189029170951498,evaluation,demo_baseline,793.9474891355933,1,0,100.0,100.0,123,796.5149594995456
EIR,1,905,7562747569670922186,evaluation,demo_baseline,793.9474891355933,1,0,105.0,105.0,140,799.1265801451316
EIR,1,906,244531866588541254,evaluation,demo_baseline,793.9474891355933,1,0,95.0,95.0,106,795.6897231028723
EIR,1,907,1475463069532666834,evaluation,demo_baseline,793.9474891355933,1,0,90.0,90.0,104,798.954743102952
EIR,1,908,340243064216767519,evaluation,demo_baseline,793.9474891355933,1,0,100.0,100.0,128,795.39393845317
EIR,1,909,4427029347916414311,evaluation,demo_baseline,793.9474891355933,1,0,105.0,105.0,122,794.8085002905789
EIR,1,910,7047602742955127037,evaluation,demo_baseline,793.9474891355933,1,0,97.0,97.0,125,796.0057669740647
EIR,1,911,8013162920734263364,evaluation,demo_baseline,793.9474891355933,1,0,109.0,109.0,118,817.129470578719
EIR,1,912,7945197939841126229,evaluation,demo_baseline,793.9474891355933,1,0,87.0,87.0,125,834.658172809656
EIR,1,913,300636357497807059,evaluation,demo_baseline,793.9474891355933,1,0,92.0,92.0,108,794.2475857095603
EIR,1,914,7619947455816707427,evaluation,demo_baseline,793.9474891355933,1,0,98.0,98.0,99,804.2066668488484
EIR,1,915,3158991175316906732,evaluation,demo_baseline,793.9474891355933,1,0,94.0,94.0,114,795.4688986179164
EIR,1,916,6546091393837867411,evaluation,demo_baseline,793.9474891355933,1,0,91.0,91.0,123,817.8189139587436
EIR,1,917,8583716570359948604,evaluation,demo_baseline,793.9474891355933,1,0,95.0,95.0,120,801.4856446627894
EIR,1,918,1174517363969612147,evaluation,demo_baseline,793.9474891355933,1,0,108.0,108.0,143,803.0745362195601
EIR,1,919,7298098258410234764,evaluation,demo_baseline,793.9474891355933,1,0,107.0,107.0,131,799.3403832447881
EIR,1,920,127678591988875181,evaluation,demo_baseline,793.9474891355933,1,0,100.0,100.0,131,793.9944720720664
EIR,1,921,7467726389371335041,evaluation,demo_baseline,793.9474891355933,1,0,98.0,98.0,120,796.1628991269985
EIR,1,922,1790816128307309906,evaluation,demo_baseline,793.9474891355933,1,0,84.0,84.0,106,794.8700437480032
EIR,1,923,6989392292682307294,evaluation,demo_baseline,793.9474891355933,1,0,112.0,112.0,132,811.0564988545686
EIR,1,924,5436323170241682743,evaluation,demo_baseline,793.9474891355933,1,0,99.0,99.0,124,828.033963059842
EIR,1,925,7995922860861366321,evaluation,demo_baseline,793.9474891355933,1,0,105.0,105.0,147,796.4147505582275
EIR,1,926,4372113342367286629,evaluation,demo_baseline,793.9474891355933,1,0,96.0,96.0,125,795.4043387887618
EIR,1,927,8103462359559235436,evaluation,demo_baseline,793.9474891355933,1,0,111.0,111.0,149,794.2615229780312
EIR,1,928,2022884283822622797,evaluation,demo_baseline,793.9474891355933,1,0,109.0,109.0,140,801.3962916470338
EIR,1,929,1115241058906744389,evaluation,demo_baseline,793.9474891355933,1,0,97.0,97.0,116,795.2669875346417
EIR,1,930,2540466480058750329,evaluation,demo_baseline,793.9474891355933,1,0,99.0,99.0,129,797.7922094916203
EIR,1,931,1746193928048771759,evaluation,demo_baseline,793.9474891355933,1,0,89.0,89.0,123,809.1828800616158
EIR,1,932,1655384627769604414,evaluation,demo_baseline,793.9474891355933,1,0,122.0,122.0,158,818.987504988859
EIR,1,933,2144617726937628313,evaluation,demo_baseline,793.9474891355933,1,0,92.0,92.0,127,815.6566121861281
EIR,1,934,2164046102063801170,evaluation,demo_baseline,793.9474891355933,1,0,83.0,83.0,115,797.5965214823544
EIR,1,935,3093144145621641516,evaluation,demo_baseline,793.9474891355933,1,0,107.0,107.0,164,804.5883072603771
EIR,1,936,8414220648655561628,evaluation,demo_baseline,793.9474891355933,1,0,99.0,99.0,138,814.4289550534147
EIR,1,937,5041963214096668133,evaluation,demo_baseline,793.9474891355933,1,0,114.0,114.0,138,802.6253035758247
EIR,1,938,8908464940086653152,evaluation,demo_baseline,793.9474891355933,1,0,99.0,99.0,134,805.2612958631232
EIR,1,939,5606204863909384740,evaluation,demo_baseline,793.9474891355933,1,0,108.0,108.0,131,797.2663564912974
EIR,1,940,618243427419022676,evaluation,demo_baseline,793.9474891355933,1,0,119.0,119.0,129,796.1623826272432
EIR,1,941,7089294797276188657,evaluation,demo_baseline,793.9474891355933,1,0,117.0,117.0,126,801.1065720065759
EIR,1,942,1991046773984450723,evaluation,demo_baseline,793.9474891355933,1,0,98.0,98.0,110,802.0089276210155
EIR,1,943,8905829824685803989,evaluation,demo_baseline,793.9474891355933,1,0,102.0,102.0,129,808.9449849975956
EIR,1,944,4668820879621427702,evaluation,demo_baseline,793.9474891355933,1,0,94.0,94.0,122,797.2217675049474
EIR,1,945,7279910007009288832,evaluation,demo_baseline,793.9474891355933,1,0,101.0,101.0,126,823.56377237761
EIR,1,946,6574741353660699023,evaluation,demo_baseline,793.9474891355933,1,0,99.0,99.0,118,830.5598800799248
EIR,1,947,5531821548081012447,evaluation,demo_baseline,793.9474891355933,1,0,110.0,110.0,121,796.6298563909953
EIR,1,948,3017525577746639135,evaluation,demo_baseline,793.9474891355933,1,0,89.0,89.0,112,807.6079702124044
EIR,1,949,305685988901553297,evaluation,demo_baseline,793.9474891355933,1,0,107.0,107.0,112,795.6355688309501
EIR,1,950,2859660975320127065,evaluation,demo_baseline,793.9474891355933,1,0,95.0,95.0,132,805.7222909674268
EIR,1,951,7912298190729183970,evaluation,demo_baseline,793.9474891355933,1,0,104.0,104.0,138,808.5475179392774
EIR,1,952,3413805240117275773,evaluation,demo_baseline,793.9474891355933,1,0,102.0,102.0,133,801.7030886238387
EIR,1,953,2346922209098661040,evaluation,demo_baseline,793.9474891355933,1,0,97.0,97.0,107,820.4537850469784
EIR,1,954,3067590962754264479,evaluation,demo_baseline,793.9474891355933,1,0,104.0,104.0,129,798.0058941795324
EIR,1,955,1303977314214938610,evaluation,demo_baseline,793.9474891355933,1,0,93.0,93.0,128,807.252075173802
EIR,1,956,2764590586810425523,evaluation,demo_baseline,793.9474891355933,1,0,90.0,90.0,121,795.9062429288078
EIR,1,957,1743862047756551656,evaluation,demo_baseline,793.9474891355933,1,0,98.0,98.0,118,802.2711812043973
EIR,1,958,1463871054169744063,evaluation,demo_baseline,793.9474891355933,1,0,104.0,104.0,133,805.8426448571794
EIR,1,959,5048857363573154322,evaluation,demo_baseline,793.9474891355933,1,0,81.0,81.0,107,819.7662075144516
EIR,1,960,1920596944564887642,evaluation,demo_baseline,793.9474891355933,1,0,109.0,109.0,153,826.6325491372969
EIR,1,961,3111387351678059778,evaluation,demo_baseline,793.9474891355933,1,0,98.0,98.0,127,794.2127582824338
EIR,1,962,689488572105316379,evaluation,demo_baseline,793.9474891355933,1,0,106.0,106.0,127,810.3307429035423
EIR,1,963,3648487684239400591,evaluation,demo_baseline,793.9474891355933,1,0,100.0,100.0,133,808.8810227557408
EIR,1,964,2908157184577213045,evaluation,demo_baseline,793.9474891355933,1,0,98.0,98.0,128,795.715408769157
EIR,1,965,7808520741686156731,evaluation,demo_baseline,793.9474891355933,1,0,88.0,88.0,119,803.5829762855236
EIR,1,966,4461062674371991722,evaluation,demo_baseline,793.9474891355933,1,0,110.0,110.0,137,800.8736338987381
EIR,1,967,7468336483733591176,evaluation,demo_baseline,793.9474891355933,1,0,95.0,95.0,126,798.9252871429227
EIR,1,968,3162626441621493535,evaluation,demo_baseline,793.9474891355933,1,0,104.0,104.0,129,796.2591186488553
EIR,1,969,7163508676340465601,evaluation,demo_baseline,793.9474891355933,1,0,115.0,115.0,149,794.5655569791066
EIR,1,970,478054543351589491,evaluation,demo_baseline,793.9474891355933,1,0,99.0,99.0,123,807.3184147304606
EIR,1,971,7095902239692364456,evaluation,demo_baseline,793.9474891355933,1,0,108.0,108.0,129,795.3072552864855
EIR,1,972,7434741065165835083,evaluation,demo_baseline,793.9474891355933,1,0,111.0,111.0,131,796.1545128185571
EIR,1,973,6609983219012607166,evaluation,demo_baseline,793.9474891355933,1,0,123.0,123.0,117,815.3935383941553
EIR,1,974,3632571429738574945,evaluation,demo_baseline,793.9474891355933,1,0,105.0,105.0,130,808.0153578388795
EIR,1,975,2993573286321831538,evaluation,demo_baseline,793.9474891355933,1,0,117.0,117.0,137,801.1220060718084
EIR,1,976,7598272971185080056,evaluation,demo_baseline,793.9474891355933,1,0,111.0,111.0,132,806.4237216756921
EIR,1,977,2986619539433216968,evaluation,demo_baseline,793.9474891355933,1,0,107.0,107.0,141,832.4605268552313
EIR,1,978,9212119583824643730,evaluation,demo_baseline,793.9474891355933,1,0,112.0,112.0,158,798.6705084095786
EIR,1,979,5210077340946861509,evaluation,demo_baseline,793.9474891355933,1,0,103.0,103.0,132,800.7643522697998
EIR,1,980,5340278912439441425,evaluation,demo_baseline,793.9474891355933,1,0,103.0,103.0,134,802.6129353022036
EIR,1,981,5665300201155941285,evaluation,demo_baseline,793.9474891355933,1,0,84.0,84.0,112,796.5325743811982
EIR,1,982,4696786439415768225,evaluation,demo_baseline,793.9474891355933,1,0,100.0,100.0,125,799.7584270880328
EIR,1,983,5637082252761335449,evaluation,demo_baseline,793.9474891355933,1,0,128.0,128.0,138,813.428860450311
EIR,1,984,952174504189353563,evaluation,demo_baseline,793.9474891355933,1,0,101.0,101.0,122,794.5698029749842
EIR,1,985,7146345302927518223,evaluation,demo_baseline,793.9474891355933,1,0,108.0,108.0,128,838.2915906108026
EIR,1,986,2691264163660435112,evaluation,demo_baseline,793.9474891355933,1,0,101.0,101.0,128,801.5307461165814
EIR,1,987,2089651495155661535,evaluation,demo_baseline,793.9474891355933,1,0,98.0,98.0,130,799.3312952440367
EIR,1,988,4836943141209500626,evaluation,demo_baseline,793.9474891355933,1,0,98.0,98.0,117,849.9328870486586
EIR,1,989,5814287568052379738,evaluation,demo_baseline,793.9474891355933,1,0,93.0,93.0,126,795.4500308943735
EIR,1,990,3931410410506286880,evaluation,demo_baseline,793.9474891355933,1,0,106.0,106.0,143,817.4240501034066
EIR,1,991,3562082369355393320,evaluation,demo_baseline,793.9474891355933,1,0,100.0,100.0,125,798.5011976059818
EIR,1,992,2892966812508944397,evaluation,demo_baseline,793.9474891355933,1,0,107.0,107.0,138,798.6465963103894
EIR,1,993,3764347356364345617,evaluation,demo_baseline,793.9474891355933,1,0,110.0,110.0,138,797.6861136409366
EIR,1,994,6933966069107514048,evaluation,demo_baseline,793.9474891355933,1,0,108.0,108.0,132,794.1395512239321
EIR,1,995,70547880106149864,evaluation,demo_baseline,793.9474891355933,1,0,119.0,119.0,132,797.8801556458637
EIR,1,996,179472360837160080,evaluation,demo_baseline,793.9474891355933,1,0,114.0,114.0,149,795.3881478552049
EIR,1,997,2651730243314464805,evaluation,demo_baseline,793.9474891355933,1,0,92.0,92.0,131,808.255587794405
EIR,1,998,7043868117687415110,evaluation,demo_baseline,793.9474891355933,1,0,102.0,102.0,127,795.5752251386839
EIR,1,999,7355162061496661926,evaluation,demo_baseline,793.9474891355933,1,0,100.0,100.0,124,798.5416145819966
