state_h1,x,dist_to_anomaly,x1,x2,z_eir,send_rr,send_tr,send_eir
0,627.2928530330541,122.70714696694586,0.3764994860339813,0.11564961276499464,-0.05830699211596241,0,0,0
0,384.9912654833172,365.0087345166828,0.22163147849432385,0.07134966368336348,-0.25304495382908787,0,0,0
0,312.0551434815565,437.9448565184435,0.17877836436473463,0.16108668130362624,-0.21513475210044064,0,0,0
0,284.5391322156151,465.4608677843849,0.30727268109217715,0.057848039011418544,-0.17955521343598502,0,0,0
0,878.6727671464193,128.67276714641935,0.15733730972968918,0.11821259684254516,-0.27516248275045907,0,0,0
0,45.04841221651512,704.9515877834849,0.27661121867313426,0.0649869832084633,-0.20379162607768764,0,0,0
0,847.9343451970631,97.93434519706307,0.0,0.1278995554810669,-0.42378152970547867,0,0,0
0,996.6526325041675,246.6526325041675,0.27645471056428966,0.016327751133768692,-0.2477414430537574,0,0,0
0,653.3044586518382,96.69554134816178,0.2431849155046899,0.051240347441752467,-0.24958990143617177,0,0,0
0,54.90766417780279,695.0923358221972,0.18793090159750503,0.12092337200322317,-0.242129193238033,0,0,0
0,414.00493469528,335.99506530472,0.24056559272244873,0.16135392930582332,-0.15310700054074916,0,0,0
0,864.1350019271874,114.13500192718743,0.3155524799062624,0.15690066447699927,-0.08212805170287718,0,0,0
0,838.0025840847032,88.00258408470324,0.2733945741945108,0.086968686047486,-0.18722473800119066,0,0,0
0,906.8496038060874,156.84960380608743,0.03289099011206198,0.12031308118519764,-0.39771836645969905,0,0,0
0,174.6509123238712,575.3490876761288,0.4636765026820792,0.126476617618883,0.0386143289006351,0,0,0
0,609.8185623480058,140.1814376519942,0.27129102797893334,0.08117167691631914,-0.19454559243481828,0,0,0
0,749.028316547969,0.9716834520310158,0.3071115790582126,0.1555904533548608,-0.09174814256085151,0,0,0
0,666.5341788922863,83.46582110771374,0.12513603378030236,0.10030654499215728,-0.323479205365195,0,0,0
0,13.966924411372595,736.0330755886274,0.08206390987414397,0.16168424276501575,-0.3113114012757807,0,0,0
0,530.1546883317667,219.8453116682333,0.0,0.09707366205813632,-0.4515248337861162,0,0,0
0,384.0714906967162,365.9285093032838,0.23332965182157644,0.04514275094279571,-0.2649330019683463,0,0,0
0,711.3353296496566,38.664670350343386,0.4386880357645558,0.04495461803253779,-0.059743937644599066,0,0,0
0,600.1765598867794,149.8234401132206,0.4909058967677967,0.02776550814656263,-0.022996275538735844,0,0,0
0,745.4765049969311,4.523495003068888,0.0,0.06610578959573182,-0.47939591900228024,0,0,0
0,912.4599473380945,162.45994733809448,0.19122706926111,0.18166867815330415,-0.18416225003935516,0,0,0
0,113.69745131088027,636.3025486891197,0.5972565100610686,0.0938559740747752,0.14283575708992746,1,1,0
0,543.6585777270475,206.3414222729525,0.16873918466230203,0.06026156621883219,-0.31591653537918785,0,0,0
0,186.0776216042871,563.9223783957129,0.3148911484065135,0.1774446379078936,-0.06429980711482114,0,0,0
0,951.565253901351,201.56525390135096,0.36666621897319207,0.19968216583442966,0.0074890385857399044,0,0,1
0,66.36808679663608,683.6319132033639,0.008770974445863056,0.09256354617070706,-0.44681296363893946,0,0,0
0,331.23640787637896,418.76359212362104,0.17854073014827573,0.0882057275543071,-0.28096524469128675,0,0,0
0,304.54901284495526,445.45098715504474,0.37380350229765663,0.12321886457030613,-0.054190649227506715,0,0,0
0,439.859769699921,310.140230300079,0.38698743395980206,0.07717259539375926,-0.08244835982425347,0,0,0
0,114.43293825583412,635.5670617441659,0.1327335522729482,0.06079292044660327,-0.35144394896354775,0,0,0
0,535.6224763039922,214.37752369600776,0.16417269285142583,0.0995986319208749,-0.28507966805822565,0,0,0
0,152.86482368222022,597.1351763177797,0.35134405293894355,0.1879493517383127,-0.01839266013501395,0,0,0
0,569.2716947271663,180.72830527283372,0.0,0.09274177498930507,-0.4554235321480643,0,0,0
0,312.1278436108358,437.8721563891642,0.11205375498067321,0.14012527846199913,-0.3007246240419664,0,0,0
0,99.40974045793216,650.5902595420679,0.3436047174029479,0.1615049036054862,-0.049931998990553395,0,0,0
0,796.8904421880135,46.89044218801348,0.1976206469625423,0.15194026717537915,-0.20452424221805532,0,0,0
0,904.2660545661223,154.2660545661223,0.0,0.026293272531155695,-0.5152271843603987,0,0,0
0,125.65221967645057,624.3477803235494,0.34418461044595416,0.15701400298865917,-0.05339391650269143,0,0,0
0,417.2509684032194,332.7490315967806,0.40608181501536045,0.11578394458134328,-0.028603764499869455,0,0,0
0,237.50288336897606,512.4971166310239,0.37683996981968737,0.1146588311950894,-0.058858211743171074,0,0,0
0,402.1442298716258,347.8557701283742,0.0631561340983956,0.11949270325408552,-0.3681915626113663,0,0,0
0,696.9344532765787,53.065546723421335,0.31417990206188123,0.13263033503803473,-0.1053439260423264,0,0,0
0,188.74602192872214,561.2539780712779,0.28308492263604945,0.12423814335447178,-0.14399187798336482,0,0,0
0,258.438696861053,491.561303138947,0.3863714183346861,0.11936841907930898,-0.045088134132374724,0,0,0
0,533.7680656285855,216.23193437141447,0.3162972730776141,0.02166617129345537,-0.20309430239671494,0,0,0
0,636.044022847859,113.95597715214103,0.08396414007617538,0.2050996175694847,-0.2703373337497273,0,0,0
0,717.3104798761881,32.68952012381192,0.0,0.12538216703089816,-0.4260471793106305,0,0,0
0,567.1468599881946,182.8531400118054,0.008843695371747257,0.10062434852622312,-0.4394855205930908,0,0,0
0,947.9543549952507,197.9543549952507,0.28722523828098834,0.04365311771362745,-0.21237808541518582,0,0,0
0,673.7644645651623,76.23553543483774,0.2901189288621,0.14285471649046688,-0.1202029559349187,0,0,0
0,727.7316515570486,22.26834844295138,0.14232224319097317,0.01526813346033909,-0.3828275663331605,0,0,0
0,786.4382302071165,36.438230207116476,0.36174879017763295,0.013493779949122806,-0.16499793750659542,0,0,0
0,423.8039815880891,326.1960184119109,0.36106292090821696,0.11886252587296081,-0.0708519354445572,0,0,0
0,588.6528471774568,161.3471528225432,0.13214206193240216,0.11102316513149614,-0.3068282190876902,0,0,0
0,233.05660053331246,516.9433994666875,0.16183366307832314,0.13315659928337764,-0.2572165272050759,0,0,0
0,172.14894740367393,577.8510525963261,0.06758535890803208,0.08542635003322435,-0.39442205570050487,0,0,0
0,123.84228079504744,626.1577192049525,0.24210335326048943,0.05916224770920011,-0.24354175343966933,0,0,0
0,754.7729821998305,4.772982199830494,0.7182180128626301,0.07543725780834118,0.24722041525169824,1,1,0
0,583.7491788629325,166.25082113706753,0.33388062426512466,0.11816817943915203,-0.0986591438780774,0,0,0
0,822.1660599998619,72.16605999986189,0.19687627472063587,0.14970653103843953,-0.2072789769832074,0,0,0
0,672.9558980266165,77.04410197338348,0.007833891599105414,0.019271200837054733,-0.5137131572859842,0,0,0
0,603.1669144991824,146.83308550081756,0.14974650691278707,0.04950272341643658,-0.34459217165085887,0,0,0
0,66.21540105418111,683.7845989458189,0.1542834764388613,0.048804110387754354,-0.3406839538505987,0,0,0
0,143.7756345552651,606.2243654447349,0.29753740431952574,0.12520215416798,-0.12867178656773115,0,0,0
0,178.47959939777945,571.5204006022205,0.3423003288924014,0.12730611214062693,-0.0820152998194732,0,0,0
0,392.0090502691387,357.9909497308613,0.34295974101108456,0.09368673906097312,-0.11161332347247854,0,0,0
0,243.13956364377643,506.86043635622354,0.4261551523173015,0.08484425035593059,-0.03637615200079991,0,0,0
0,349.1534907103905,400.8465092896095,0.012885030771164624,0.11407559963386527,-0.4233380591967955,0,0,0
0,60.607421728234854,689.3925782717652,0.5442167005540817,0.1142773062949865,0.1081751465811307,0,1,0
0,412.59427530683246,337.40572469316754,0.11962708538299655,0.03309978535651535,-0.38947423743457854,0,0,0
0,479.32898675314595,270.67101324685405,0.3242492634917562,0.14238529010347514,-0.08649510505355507,0,0,0
0,342.12843872964004,407.87156127035996,0.035112652528245025,0.1627044365923048,-0.3573444841771195,0,0,0
0,623.7442423922554,126.25575760774461,0.18388982869259596,0.16291856134835064,-0.2083745957323273,0,0,0
0,502.4143519056481,247.58564809435188,0.0,0.0566798669215022,-0.4878792494090869,0,0,0
0,530.8119210252067,219.18807897479326,0.2240181523317498,0.166483592581872,-0.1650377439830043,0,0,0
0,559.6364337456519,190.36356625434814,0.16864869634224855,0.14120346404864292,-0.24315931565241167,0,0,0
0,902.112503280879,152.11250328087897,0.26624660898864105,0.1281195336865772,-0.15733694033187834,0,0,0
0,27.625231162629937,722.3747688373701,0.0,0.03656021551746129,-0.5059869356727237,0,0,0
0,526.7001606678854,223.29983933211463,0.23983019343489484,0.018350888957668177,-0.28254513614164267,0,0,0
0,662.674082424024,87.32591757597595,0.23243324067664956,0.053348101623575346,-0.2584445975005715,0,0,0
0,287.49980934067776,462.50019065932224,0.20276298611297958,0.02212698210230371,-0.316213859633386,0,0,0
0,793.09490957237,43.09490957237006,0.2722380920081378,0.16022156303505106,-0.1224536308987551,0,0,0
0,553.6304994852837,196.36950051471626,0.16889029902368485,0.09667394694767335,-0.282994278361848,0,0,0
0,263.4369182107396,486.5630817892604,0.2775216424917209,0.10274414745784094,-0.16889975443466115,0,0,0
0,38.33978325241772,711.6602167475822,0.5528237862848415,0.01865274638283214,0.030720128390951618,0,1,0
0,871.0187871054787,121.01878710547874,0.3215751921658317,0.04929813459187742,-0.1729476163399175,0,0,0
0,511.48975547805895,238.51024452194105,0.527083460087584,0.14812691211578005,0.1215065513533472,0,0,0
0,1.8319779336001263,748.1680220663999,0.23260489113300906,0.09630333058107207,-0.21961324098246493,0,0,0
0,282.23866797931396,467.76133202068604,0.1856075927363532,0.1095674827656569,-0.2546728024129945,0,0,0
0,774.0373840628029,24.037384062802857,0.18098930287571796,0.11404658337037918,-0.2552599017293796,0,0,0
0,96.25464362197278,653.7453563780273,0.3485132178952929,0.15804583159903296,-0.048136663304016336,0,0,0
0,441.64669821749726,308.35330178250274,0.13759137345303565,0.10199412947657036,-0.3095050396564899,0,0,0
0,373.5888194196908,376.4111805803092,0.0,0.059707676399973625,-0.4851542208784626,0,0,0
0,673.383306745422,76.61669325457797,0.31995453054115086,0.2014626636635306,-0.0376202018001105,0,0,0
0,985.3996330414386,235.39963304143862,0.2731248642745502,0.1417729667420666,-0.13817059529602876,0,0,0
0,413.4256807980541,336.5743192019459,0.24987640407822798,0.13486563794526588,-0.16763565140947162,0,0,0
0,821.2077434464669,71.2077434464669,0.1361038751679269,0.1365704746780669,-0.2798738272602518,0,0,0
0,964.0752033372523,214.07520333725233,0.08942799665835492,0.05634216339874966,-0.3987551859212093,0,0,0
0,85.16575433277629,664.8342456672237,0.18723794112350375,0.09275463225268615,-0.26817401948751757,0,0,0
0,157.412332457611,592.587667542389,0.1568326925487883,0.16203425893928267,-0.2362276040442962,0,0,0
0,218.03475132935856,531.9652486706415,0.29646288233795337,0.07191075254102589,-0.17770857001356222,0,0,0
0,804.3830708598663,54.38307085986628,0.0,0.06540728804763582,-0.4800245703955666,0,0,0
0,542.9143488009612,207.0856511990388,0.05622474880403899,0.06957388161995949,-0.42004988737643634,0,0,0
0,575.5847500830012,174.41524991699885,0.1705952000772918,0.026372857064517585,-0.3445603582030813,0,0,0
0,601.3168155703733,148.68318442962675,0.07230056884188674,0.11132852810782014,-0.36639488549951404,0,0,0
0,122.70895277042338,627.2910472295766,0.0,0.06933582849144611,-0.47648888399613737,0,0,0
0,991.5134505731907,241.51345057319065,0.1831819738368214,0.0678528486575616,-0.29464159200981205,0,0,0
0,893.8946038016618,143.8946038016618,0.0,0.17033892692585734,-0.3855860954051673,0,0,0
0,386.86011142684,363.13988857316,0.2520025360948094,0.12673889723035728,-0.17282358603630793,0,0,0
0,353.70107328715363,396.29892671284637,0.33800078357498553,0.19043311089122594,-0.029500546261350014,0,0,0
0,481.92181670778723,268.07818329221277,0.2031521682073735,0.10854944812853692,-0.23804445811538216,0,0,0
0,508.8449739401365,241.15502605986347,0.33360447398282267,0.08589387905258489,-0.1279821645082898,0,0,0
0,30.386726410892017,719.613273589108,0.15475101366417335,0.10844857484540395,-0.28653639861340197,0,0,0
0,756.3926184385612,6.392618438561158,0.22019263459130742,0.0969020518689138,-0.23148664836510902,0,0,0
0,877.3916163244213,127.3916163244213,0.30292449820410344,0.18205837901809083,-0.07211409031805371,0,0,0
0,820.0045947568009,70.00459475680088,0.06749578620258304,0.06224964527682631,-0.4153706626867122,0,0,0
0,896.9602901568906,146.96029015689055,0.0,0.08371566343309589,-0.4635470325486526,0,0,0
0,211.1366900706484,538.8633099293515,0.3822392349724094,0.16338601640521144,-0.009604479901339169,0,0,0
0,610.9688177710447,139.03118222895534,0.2936734742342782,0.17247692270031492,-0.08998842497387727,0,0,0
0,756.6873983090749,6.687398309074865,0.40806544487807095,0.13723125750874968,-0.00731755300249326,0,0,0
0,990.3790228666737,240.37902286667372,0.0,0.07775747927261303,-0.46890939829308714,0,0,0
0,186.15515279299333,563.8448472070066,0.2156953544945771,0.17246004716413882,-0.1679817326961368,0,0,0
0,469.23646865295257,280.76353134704743,0.15238351853134657,0.1344083844232488,-0.2655400651261684,0,0,0
0,74.21411805776157,675.7858819422385,0.5040495010987227,0.1352680825677908,0.08689964577129561,0,0,0
0,666.0249002360156,83.97509976398442,0.1293255694170538,0.1091671613818831,-0.31131511497769027,0,0,0
0,599.5423904228564,150.45760957714356,0.4197201371237221,0.09771810505761853,-0.031224697962860093,0,0,0
0,1.3929865916922912,748.6070134083077,0.29570850877251764,0.14767136769038797,-0.11027838994457206,0,0,0
0,278.07883427439685,471.92116572560315,0.09943518991575906,0.13582015656481802,-0.3172177988143436,0,0,0
0,856.3077570063091,106.30775700630909,0.13395526249220535,0.09942152170980201,-0.31545649760741173,0,0,0
0,581.0834118058813,168.91658819411873,0.12064686455926546,0.12141142807513933,-0.308973979811548,0,0,0
0,510.03766744036704,239.96233255963296,0.38870981844078123,0.14047603013489537,-0.023752884076251757,0,0,0
0,182.4597920442781,567.5402079557219,0.2796671526306924,0.06435120826989546,-0.20130788956484053,0,0,0
0,992.4239318940894,242.42393189408938,0.3200226625117718,0.18292142173605758,-0.05423918756421525,0,0,0
0,986.5200049418935,236.5200049418935,0.10342876963263965,0.108606984435683,-0.33771607401368453,0,0,0
0,884.7301906928695,134.73019069286954,0.1894700424302021,0.1016086742789818,-0.25797328035715317,0,0,0
0,414.06281596515606,335.93718403484394,0.174718887496137,0.11448108999830174,-0.2611392611438303,0,0,0
0,348.1309113076021,401.8690886923979,0.4763370541927222,0.12929013192548183,0.05380704328721697,0,0,0
0,477.98203343338554,272.01796656661446,0.19774401879744416,0.04691324895202814,-0.2989251867841694,0,0,0
0,141.81269962952715,608.1873003704728,0.20558962579819104,0.08633626664704358,-0.25559886385790864,0,0,0
0,714.7094145337578,35.29058546624219,0.283639378042396,0.05037817206145297,-0.20991139674073522,0,0,0
0,320.2585037159148,429.7414962840852,0.10825816591890317,0.08741374586346687,-0.3519605924424155,0,0,0
0,774.0048281682164,24.004828168216363,0.17624108813278383,0.0504389172462431,-0.31725501598403627,0,0,0
0,756.3469250847808,6.346925084780764,0.30545500423478983,0.08626154335061803,-0.15580073638809283,0,0,0
0,963.4819828269134,213.4819828269134,0.024422391426325768,0.1361535419032069,-0.3919305504992269,0,0,0
0,569.3322173133018,180.66778268669816,0.251856085683824,0.08474771073063425,-0.21076210429704406,0,0,0
0,826.5611566852766,76.56115668527661,0.45304854522726473,0.16655862914704322,0.0640601818211648,0,0,1
0,811.2898164635335,61.2898164635335,0.3018209657510934,0.1331175260203465,-0.11726439046903364,0,0,0
0,227.96474370257326,522.0352562974267,0.554229280023576,0.12633584234408718,0.12904040849481557,0,1,0
0,505.74002982064314,244.25997017935686,0.14636259241174154,0.14117947821625512,-0.2654670068320677,0,0,0
0,42.10984664789152,707.8901533521084,0.0,0.15410501976521468,-0.40019661184974564,0,0,0
0,580.6465682581431,169.35343174185687,0.18621604676295678,0.035885887364757355,-0.3203777842472005,0,0,0
0,644.0541690677385,105.94583093226152,0.08485515947120095,0.0,-0.45403597016723796,0,0,0
0,248.2823305411116,501.7176694588884,0.2922895583826535,0.10498494465501593,-0.152115121066271,0,0,0
0,207.13590229593103,542.864097704069,0.2724812804479843,0.11595267050331451,-0.16205244573747152,0,0,0
0,100.51696902584473,649.4830309741553,0.15499265558920108,0.1373606047385273,-0.2602739297845632,0,0,0
0,231.04383025348363,518.9561697465164,0.34820818090777006,0.25967656960262586,0.04302596391169444,1,0,1
0,698.9847933353697,51.01520666463034,0.269891957366503,0.06017366450117749,-0.2148428742208761,0,0,0
0,439.079072732262,310.920927267738,0.008171568018972453,0.18302556588311172,-0.3659965523246659,0,0,0
0,723.6943606136148,26.305639386385224,0.5125996262000803,0.11087847520608154,0.0734991242471148,0,0,0
0,399.3390903361288,350.6609096638712,0.2636760878986525,0.24151961622577142,-0.0578473871365921,1,0,0
0,938.1951624427176,188.19516244271756,0.049252089882135835,0.12998504965314825,-0.37265249506846965,0,0,0
0,739.6884700093852,10.311529990614758,0.1896659076933007,0.12747093083558936,-0.2345013841931078,0,0,0
0,3.2467171664180006,746.753282833582,0.06471886594810336,0.1131687837596628,-0.372320358306639,0,0,0
0,759.5691332705853,9.569133270585326,0.40513093099281766,0.17256076233069498,0.021544487452004324,0,0,1
0,476.49738415032095,273.50261584967905,0.27201198725529263,0.08588915267191644,-0.18957890497842145,0,0,0
0,9.933570122860335,740.0664298771396,0.23582972677595734,0.09829664655893822,-0.21459442095943715,0,0,0
0,366.7663348742276,383.2336651257724,0.27898112830197647,0.11706671388363611,-0.15454995884118994,0,0,0
0,971.1087178665447,221.10871786654468,0.0,0.047313232268366645,-0.4963092205969089,0,0,0
0,403.73075233975175,346.26924766024825,0.3614932339508343,0.0710405726987953,-0.1134613802586888,0,0,0
0,671.9740138876086,78.02598611239137,0.43591661014346017,0.06135461917930539,-0.04775536223360388,0,0,0
0,520.3134683687683,229.68653163123167,0.1157627625296634,0.10492278001801483,-0.32869786509256216,0,0,0
0,246.8449739865064,503.1550260134936,0.22170985409967386,0.10002206134636785,-0.22716142032703396,0,0,0
0,411.0049282641918,338.9950717358082,0.19366924088982768,0.13158657935534812,-0.22679396732879786,0,0,0
0,850.7328734355674,100.7328734355674,0.18463770424634396,0.08841629719123834,-0.2746787579199804,0,0,0
0,344.2978850328621,405.7021149671379,0.3203043152698935,0.11921178873276278,-0.11129620450905886,0,0,0
0,644.516172796461,105.48382720353902,0.10700393762788157,0.10566423499425583,-0.33678938051572704,0,0,0
0,923.9118255792139,173.91182557921388,0.16710119539674229,0.06587453797156048,-0.31250285006729217,0,0,0
0,422.92600216354657,327.07399783645343,0.1337204700422734,0.09550962309376099,-0.3192119988117806,0,0,0
0,841.0041911668774,91.00419116687738,0.16717049908187523,0.143846264811911,-0.24225899222584374,0,0,0
0,55.99025849577011,694.0097415042299,0.0,0.05054456558532982,-0.49340102061164204,0,0,0
0,500.35722457463913,249.64277542536087,0.23870439753957542,0.05092699542943195,-0.2543524362123747,0,0,0
0,757.7356466016076,7.735646601607641,0.18553335526967601,0.03434842722587232,-0.32244418986547774,0,0,0
0,880.0219395037906,130.02193950379058,0.08349555468425224,0.13491620506891916,-0.3339709903921594,0,0,0
0,193.4517626305996,556.5482373694003,0.11542127960358627,0.10346162209064058,-0.33035439015327606,0,0,0
0,226.9977187690637,523.0022812309363,0.0,0.13542074604507703,-0.41701245819786953,0,0,0
0,930.3538743391259,180.35387433912592,0.27065680077491455,0.0,-0.26823432886352433,0,0,0
0,245.0330338483715,504.9669661516285,0.606190774761515,0.08359598920471943,0.1425360354073235,1,1,0
0,101.48017069623583,648.5198293037641,0.4615319809391802,0.026847337238212657,-0.05319654518486733,0,0,0
0,261.4769601685995,488.5230398314005,0.12916512334159372,0.08906358727074722,-0.32956877775317267,0,0,0
0,763.5376988972668,13.53769889726675,0.3795389694159913,0.020260425187613035,-0.14111777755359584,0,0,0
0,262.20537413615165,487.79462586384835,0.2564508203038566,0.11071021467134003,-0.1828011161303763,0,0,0
0,452.71990007925467,297.28009992074533,0.3427758045631384,0.05844949134478184,-0.14351078286499686,0,0,0
0,712.829087158785,37.170912841215,0.29377486511907286,0.0939348550998645,-0.16057489492948795,0,0,0
0,541.1278066449623,208.87219335503767,0.0,0.17712007839736454,-0.3794830590808108,0,0,0
0,266.80093821983485,483.19906178016515,0.041589584915865924,0.12350407976148149,-0.3861478729372396,0,0,0
0,813.8129629376222,63.81296293762216,0.34459950202935785,0.00902334472359824,-0.18617061735784263,0,0,0
0,130.59098465577446,619.4090153442255,0.05329431051393366,0.14624630936677252,-0.35397514069440994,0,0,0
0,620.5170686857921,129.48293131420792,0.3865085498898968,0.10975437934524965,-0.053603638337817394,0,0,0
0,26.571970539970735,723.4280294600293,0.36005851260999877,0.09478990306329131,-0.09352170427147793,0,0,0
0,42.70463611765596,707.2953638823441,0.13614329023169422,0.03981408839710168,-0.36691515984935313,0,0,0
0,116.49081320142585,633.5091867985741,0.08200881084115447,0.06634434566056002,-0.3971724077027804,0,0,0
0,671.2801382828733,78.71986171712672,0.34526144857550567,0.0,-0.1936296810629332,0,0,0
0,976.75252571562,226.75252571561998,0.3209504845207072,0.08338908087716815,-0.14289047232828034,0,0,0
0,504.2327919649198,245.76720803508022,0.26317479420095,0.0,-0.27571633543748886,0,0,0
0,624.2803505777081,125.71964942229192,0.18744287309127644,0.1049468294755534,-0.2569961100191644,0,0,0
0,133.88005502402046,616.1199449759795,0.028207173231649674,0.1220262117979635,-0.40086036578862205,0,0,0
0,339.25055164888795,410.74944835111205,0.4202295503500514,0.14590252958865457,0.012650697341401562,0,0,0
0,893.1418329434522,143.1418329434522,0.25279045918610465,0.03602998478604828,-0.2536736841448908,0,0,0
0,949.7606796171048,199.76067961710476,0.4560471100150779,0.09454338465104593,0.00224502656258041,0,0,0
0,313.56328369108587,436.43671630891413,0.0,0.02380992451804928,-0.5174621975721946,0,0,0
0,33.507633237549015,716.492366762451,0.08562557558247394,0.22477010353524637,-0.2509724608742432,1,0,0
0,929.643827386232,179.64382738623203,0.20566637848805153,0.11522774371485262,-0.22951978180701998,0,0,0
0,201.85526114639484,548.1447388536052,0.13186350674429392,0.09194824904087515,-0.3242741987573573,0,0,0
0,813.098431527896,63.09843152789597,0.3852036751999189,0.1451777072770511,-0.02302751788917401,0,0,0
0,889.4260347905501,139.42603479055015,0.0,0.14804063124566016,-0.4056545615173447,0,0,0
0,100.67895153101769,649.3210484689823,0.2102622018749323,0.07673634141792021,-0.2595662204873784,0,0,0
0,203.8489107284449,546.1510892715551,0.004407956528641954,0.0,-0.534483173109797,0,0,0
0,724.5255535062497,25.474446493750293,0.3391949534301732,0.10113797299235963,-0.10867200051514203,0,0,0
0,154.15903134291688,595.8409686570831,0.18120855657283494,0.07507594875375696,-0.2901142191872227,0,0,0
0,504.06153780189766,245.93846219810234,0.25624342349026097,0.022866389666682405,-0.26206795544816375,0,0,0
0,996.9590418530424,246.95904185304244,0.08257962779129004,0.0892036161669444,-0.3760282472968989,0,0,0
0,675.0620325112886,74.93796748871137,0.2514398134856828,0.0566935724361478,-0.23642710096022307,0,0,0
0,748.8692327514467,1.1307672485532976,0.2605448430413595,0.1203717291612404,-0.17001173035196304,0,0,0
0,142.76496448138354,607.2350355186164,0.33358884465376626,0.2171143525876783,-0.009899367655762159,1,0,0
0,204.09424482938277,545.9057551706172,0.4502047795245984,0.03651844735667073,-0.0558197474928368,0,0,0
0,79.25255147195942,670.7474485280405,0.20774985355183495,0.17940242547910254,-0.16967909315541163,0,0,0
0,851.0298077746504,101.02980777465041,0.3140194743012493,0.005986752804277282,-0.21948357781334,0,0,0
0,169.30715289853183,580.6928471014681,0.4407697797607437,0.1383729096372148,0.026414268795798113,0,0,0
0,887.1412588961387,137.14125889613865,0.0,0.09560197298906388,-0.4528493539482814,0,0,0
0,232.88976466199762,517.1102353380024,0.15026004937784943,0.10534212513795191,-0.29382316763643274,0,0,0
0,713.6586578475019,36.3413421524981,0.24731073289154257,0.1930465881958202,-0.11783846737065812,0,0,0
0,414.5928921078389,335.4071078921611,0.3818198908582288,0.16585854426734892,-0.007798548939595973,0,0,0
0,170.5681955244428,579.4318044755572,0.15208407841026586,0.14041485089653624,-0.2604336854212904,0,0,0
0,567.3728643402436,182.6271356597564,0.008762575558877717,0.0931071525989936,-0.4463321167404669,0,0,0
0,700.3992761887943,49.60072381120574,0.17068627504866915,0.07257972653695782,-0.3028831007065077,0,0,0
0,736.6741864353544,13.325813564645614,0.2326707862332914,0.0,-0.3062203434051475,0,0,0
0,797.1767997047851,47.17679970478514,0.11251649286210047,0.14588817135031548,-0.2950752825610545,0,0,0
0,184.32844267458304,565.671557325417,0.20025960332077714,0.0687942985084054,-0.2767166576600969,0,0,0
0,545.727234004481,204.27276599551897,0.20511682974075468,0.1774664613074638,-0.17405448472096674,0,0,0
0,526.0995292900255,223.90047070997446,0.20333592237385542,0.0,-0.33555520726458343,0,0,0
0,895.7318872310277,145.7318872310277,0.34409765488647875,0.08312323354613649,-0.11998256456043727,0,0,0
0,841.7044144470497,91.70441444704966,0.45571553227325245,0.08627118732134563,-0.005531528775975403,0,0,0
0,118.1726413758366,631.8273586241634,0.1664072292400485,0.1354998926507658,-0.2505339970127012,0,0,0
0,261.90551889929736,488.09448110070264,0.2477377673013766,0.1467503116387023,-0.15907808186223021,0,0,0
0,516.7051297605731,233.29487023942693,0.21136048241720573,0.08582313857451193,-0.2502898225041724,0,0,0
0,699.5489801491716,50.4510198508284,0.42072664344113964,0.10858836837685275,-0.02043495465813172,0,0,0
0,880.8053509539429,130.80535095394293,0.3824271113621999,0.08301227188037341,-0.08175297358390288,0,0,0
0,558.2437337071768,191.75626629282317,0.03537897799830103,0.1293818968502686,-0.3870684444748961,0,0,0
0,283.1588361858921,466.8411638141079,0.09612637740456974,0.11838792154355139,-0.3362156228446729,0,0,0
0,167.66684389094334,582.3331561090566,0.10498200083540098,0.08961573079725327,-0.35325497108550996,0,0,0
0,899.9704114673997,149.97041146739969,0.3503249420144452,0.11186759783080544,-0.08788534957626881,0,0,0
0,866.5370729856268,116.53707298562676,0.4504011278011057,0.16371530796469613,0.05885377533089331,0,0,1
0,988.8757008460509,238.8757008460509,0.017957816773794183,0.20700229481663485,-0.3346312475296733,0,0,0
0,236.33046561626404,513.6695343837359,0.2681341677939763,0.1931347079668871,-0.0969357246742642,0,0,0
0,130.18342557310936,619.8165744268906,0.2997961615842296,0.1533001774700709,-0.10112480833114545,0,0,0
0,746.4485193206414,3.551480679358633,0.22086874482619812,0.08957212821864954,-0.2374074694154562,0,0,0
0,680.5293107554392,69.47068924456084,0.3261250518937443,0.19094190967660427,-0.04091835903575075,0,0,0
0,939.6525928063804,189.65259280638043,0.34230903442920774,0.11103489080304081,-0.09665069348649441,0,0,0
0,907.4121694827062,157.4121694827062,0.15531440472649577,0.00792180466014493,-0.3764471007178127,0,0,0
0,197.54168042327646,552.4583195767235,0.0,0.09241288586382321,-0.455719532360998,0,0,0
0,395.02826627739773,354.97173372260227,0.4153525691377302,0.131142776810192,-0.005510061371535868,0,0,0
0,212.28654230398425,537.7134576960158,0.08376464580403155,0.10841574935951585,-0.35755230941084304,0,0,0
0,608.6186794754773,141.38132052452272,0.3633621128860208,0.1166045195985991,-0.07058494911367885,0,0,0
0,943.7828543770244,193.78285437702436,0.05024759819678598,0.09944414944113837,-0.39914379694462837,0,0,0
0,328.11470974269986,421.88529025730014,0.30455731333828295,0.13499537724780517,-0.11283797677713125,0,0,0
0,553.6593814075599,196.34061859244014,0.1236324294282628,0.08599853127911561,-0.33786002205897203,0,0,0
0,73.85727268294873,676.1427273170513,0.3011273265372349,0.12596863051149434,-0.1243920356408591,0,0,0
0,403.30236176709843,346.69763823290157,0.0615829700546586,0.19761423592596722,-0.2994553472504098,0,0,0
0,335.8738287115479,414.1261712884521,0.349763136087318,0.03256966402942982,-0.159815295924634,0,0,0
0,598.6177832345029,151.3822167654971,0.2125227632465477,0.06323117483642107,-0.2694603090391122,0,0,0
0,833.436841749712,83.43684174971202,0.41360934290767426,0.05113048201278156,-0.0792643529192612,0,0,0
0,296.3070184753418,453.6929815246582,0.13360525318740987,0.12906074191548877,-0.2891312087270891,0,0,0
0,771.831457171667,21.83145717166701,0.0,0.18503463101422174,-0.37235996172563934,0,0,0
0,911.8271773135328,161.82717731353284,0.3667750447677866,0.09927414254622897,-0.08276935657904622,0,0,0
0,126.16962551340694,623.8303744865931,0.14361674569596802,0.16822947265834082,-0.24386785854996412,0,0,0
0,619.8196980597043,130.18030194029575,0.0,0.07425643167299913,-0.47206034113273965,0,0,0
0,801.7909090491527,51.790909049152674,0.15829090835223053,0.15198240847294137,-0.24381605366056114,0,0,0
0,733.913869484165,16.086130515834952,0.07732392414687266,0.04113930335307612,-0.42454183247379773,0,0,0
0,763.3450534601814,13.345053460181362,0.37029658081697436,0.0961506044490884,-0.08205900481728495,0,0,0
0,66.6975429600506,683.3024570399494,0.10387408974044843,0.05460975773430874,-0.3858682579371126,0,0,0
0,898.3599822583515,148.35998225835147,0.3643495517289616,0.10012167335403613,-0.08443207189084478,0,0,0
0,18.700586290529397,731.2994137094706,0.3891844409919428,0.12971196396590481,-0.03296592107718177,0,0,0
0,978.8880997646482,228.88809976464825,0.11922384594434565,0.11244585117385733,-0.3184660176376216,0,0,0
0,515.821997041669,234.17800295833104,0.37382123102232684,0.17514677380596932,-0.00743780219073964,0,0,0
0,315.35573833553497,434.64426166446503,0.0,0.12577065774692375,-0.4256975376662075,0,0,0
0,451.9888366087097,298.0111633912903,0.22442425913234523,0.1637657106729628,-0.1670777309004271,0,0,0
0,774.5738671268205,24.57386712682046,0.3522022922217074,0.12573206873766757,-0.0735299755528307,0,0,0
0,459.72678218666306,290.27321781333694,0.25616323558325516,0.09753611493803728,-0.19494539061095018,0,0,0
0,767.0025569975672,17.00255699756724,0.11885997536918112,0.09470347358695075,-0.3347980280410021,0,0,0
0,160.3169161737874,589.6830838262126,0.26463037832179404,0.09074784991398673,-0.19258768639405677,0,0,0
0,842.1019873475202,92.10198734752021,0.4579994095981494,0.10012417995448256,0.009220041918744815,0,0,0
0,891.8298947437457,141.82989474374574,0.22744883629811777,0.14727804361002697,-0.17889205409129683,0,0,0
0,785.9056342004781,35.90563420047806,0.04293208991996586,0.1757537121148065,-0.33778069881514716,0,0,0
0,213.04048102710271,536.9595189728973,0.28314100958497807,0.1109630053270546,-0.15588341525911165,0,0,0
0,585.0829870735238,164.91701292647622,0.27962162127585466,0.07566302833636773,-0.19117278285985329,0,0,0
0,13.808019082259593,736.1919809177404,0.22693581445676597,0.10585177407996366,-0.2166887185097056,0,0,0
0,467.31205170043563,282.68794829956437,0.4971637735345475,0.1379483144649462,0.0824261269145602,0,0,0
0,23.386254036646072,726.613745963354,0.24740093595121304,0.02192859809885893,-0.2717544553982528,0,0,0
0,84.99212499012154,665.0078750098785,0.4409720413104361,0.06479815330816208,-0.03960075035065691,0,0,0
0,41.60916939102188,708.3908306089781,0.08534993558778316,0.1758285712587839,-0.29529547991775024,0,0,0
0,426.93710140041463,323.06289859958537,0.15716185751219458,0.12273111732914234,-0.2712712665300162,0,0,0
0,907.3469753158631,157.34697531586312,0.23131638676002803,0.13121693589958078,-0.18947950056878815,0,0,0
0,374.78113823753944,375.21886176246056,0.40290065677298964,0.06998588991661606,-0.07300317194049477,0,0,0
0,647.6599225736867,102.34007742631331,0.056980362994636435,0.033632471858295265,-0.4516415419713367,0,0,0
0,742.6134572100381,7.386542789961936,0.2512906733720596,0.14206390824253312,-0.15974293884809943,0,0,0
0,215.4227807432092,534.5772192567908,0.0,0.11728415112602902,-0.4333353936250128,0,0,0
0,577.0289929474078,172.9710070525922,0.2312496702530976,0.1633053061888945,-0.16066668381533622,0,0,0
0,812.0469293132946,62.04692931329464,0.20598173526517194,0.13303438849392368,-0.2131784447287356,0,0,0
0,171.0571197346711,578.9428802653289,0.3305601229335248,0.053649092130218796,-0.16004682378771712,0,0,0
0,510.4261208150627,239.5738791849373,0.18442299843226043,0.11044253205872213,-0.2550698523533285,0,0,0
0,14.806679038577242,735.1933209614227,0.12235590371527884,0.13379561060185688,-0.2961191763814889,0,0,0
0,170.8383678267289,579.1616321732711,0.4386012549056942,0.1596665175037266,0.04340999102060927,0,0,1
0,520.2170013682337,229.7829986317663,0.43934168854228056,0.17680568517073175,0.05957567555750032,0,0,1
0,510.74138879792986,239.25861120207014,0.0,0.09457240834240115,-0.4537759621302778,0,0,0
0,11.117464866482575,738.8825351335174,0.0,0.08059393507545617,-0.4663565880705283,0,0,0
0,562.1059649640949,187.89403503590506,0.10129949548584524,0.022560698745323543,-0.41728700528180246,0,0,0
0,491.90075967781354,258.09924032218646,0.5327936422357791,0.1264346246787904,0.10769367480825154,0,1,0
0,553.2755795725224,196.72442042747764,0.34823211849077224,0.08642845181691804,-0.11287340451244043,0,0,0
0,934.3266977546566,184.3266977546566,0.22629195228469892,0.06841905443498884,-0.25102202836225,0,0,0
0,484.3802399291396,265.6197600708604,0.12749785044509573,0.057490478050584014,-0.35965184894781754,0,0,0
0,318.111291537933,431.888708462067,0.05190917233197764,0.10147068662837894,-0.3956583393409202,0,0,0
0,307.02673761686395,442.97326238313605,0.07954017993563003,0.1315531102545502,-0.34095315047371366,0,0,0
0,409.62362162643905,340.37637837356095,0.0,0.11069814897746365,-0.4392627955587216,0,0,0
0,654.143481302942,95.85651869705805,0.0,0.14869196752030361,-0.4050683588701656,0,0,0
0,785.866097100361,35.866097100361,0.12607174046520733,0.22628537628016043,-0.20916255052108712,1,0,0
0,2.9711088591887203,747.0288911408113,0.43063990042113515,0.13172996570959852,0.010305739921334878,0,0,0
0,129.41058271854754,620.5894172814525,0.5155615074643524,0.1313360981430862,0.09487286615469104,0,0,0
0,29.694462974216517,720.3055370257835,0.03542999128131005,0.11962937383071949,-0.3957947019094813,0,0,0
0,58.39525457268102,691.604745427319,0.18096463002668325,0.11595149007007635,-0.2535701585486869,0,0,0
0,249.53539184042694,500.46460815957306,0.2001915295592368,0.13395133902837342,-0.21814339495366597,0,0,0
0,285.2330959629773,464.7669040370227,0.42313447590386155,0.0987517258396248,-0.02688010047891498,0,0,0
0,639.9291092084416,110.07089079155844,0.05396187245699985,0.1323483230102841,-0.36581576647218333,0,0,0
0,681.2400787402929,68.75992125970708,0.37573786268616255,0.10745922988842772,-0.06643996005269137,0,0,0
0,280.09259256436746,469.90740743563254,0.28025237386090396,0.13695010797119822,-0.13538365860345652,0,0,0
0,527.1936652282005,222.80633477179947,0.17681477513242688,0.1267544170846851,-0.24799737912979541,0,0,0
0,938.946365279309,188.94636527930902,0.03608015271963541,0.06351045236795824,-0.4456515697876411,0,0,0
0,628.4063810207163,121.59361897928375,0.01707792667676364,0.10086639332907568,-0.4310334489655071,0,0,0
0,616.6815934388889,133.31840656111115,0.1807318243354554,0.06941533056341131,-0.2956855077959133,0,0,0
0,759.341955146659,9.341955146658961,0.19925269550594152,0.13255100436715692,-0.22034253020205613,0,0,0
0,247.022453368412,502.977546631588,0.35622940143227505,0.06631095763832148,-0.12298186633167452,0,0,0
0,906.023351624879,156.02335162487896,0.17031939293843557,0.08337897986978132,-0.29353065481720014,0,0,0
0,701.7648346637885,48.23516533621148,0.40922367682596167,0.09662451427718748,-0.04270538996300849,0,0,0
0,446.82740037094084,303.17259962905916,0.4768684951513717,0.0,-0.062022634487067185,0,0,0
0,342.19367794775326,407.80632205224674,0.34037734591481805,0.1491545539759272,-0.06427468514528634,0,0,0
0,518.4766904132183,231.5233095867817,0.03633703608706121,0.15130679449499482,-0.36637797850588233,0,0,0
0,831.1258223717342,81.12582237173422,0.13288544157867282,0.12052612523209622,-0.29753217535087945,0,0,0
0,677.6191769836227,72.38082301637735,0.16815552845879986,0.015198610413306113,-0.35705685180766356,0,0,0
0,988.7629873598966,238.76298735989656,0.3234887127021277,0.12056512924705508,-0.10689380061396159,0,0,0
0,861.8493129675734,111.84931296757338,0.2825485165273215,0.029221556864810164,-0.23004321193278826,0,0,0
0,177.44019724185566,572.5598027581443,0.2703453711695682,0.04459425047762795,-0.2284109330390055,0,0,0
0,738.407120554108,11.592879445891981,0.1749910592175878,0.1177391277139869,-0.2579348554782629,0,0,0
0,757.9763228161592,7.976322816159154,0.14348018834857618,0.04184097314694153,-0.35775406545761534,0,0,0
0,817.0240812832127,67.0240812832127,0.48185390188740246,0.0318931933463638,-0.02833335373930901,0,0,0
0,975.1739516426499,225.17395164264985,0.19802844701326158,0.07241628030361452,-0.27568803035192424,0,0,0
0,901.8362944690954,151.83629446909538,0.2644940009546973,0.15250880555352528,-0.13713920368556887,0,0,0
0,657.6957724486921,92.30422755130792,0.13245102214861448,0.07446377802955666,-0.33942270726322343,0,0,0
0,339.8819207699645,410.1180792300355,0.14974254816067514,0.0,-0.38914858147776377,0,0,0
0,216.64653709993232,533.3534629000677,0.11270888790053432,0.15320594736768645,-0.28829688910698675,0,0,0
0,935.2949258556656,185.2949258556656,0.23501103073178015,0.06586902421210344,-0.24459797711576564,0,0,0
0,654.6315914815344,95.36840851846557,0.2099484562873295,0.1081652768403399,-0.23159392419480346,0,0,0
0,428.1334893231782,321.8665106768218,0.0976046556835868,0.05376772900294144,-0.3928955178522048,0,0,0
0,852.5283420120271,102.52834201202711,0.4499714981015758,0.04970876161612756,-0.04418174608234832,0,0,0
0,445.45088653604546,304.54911346395454,0.24389642096839273,0.20614592569011342,-0.10946337554894403,0,0,0
0,508.1785632056738,241.8214367943262,0.019985384310816534,0.09521429378039596,-0.433212880925266,0,0,0
0,224.03153279110387,525.9684672088961,0.18339840169259047,0.0,-0.3554927279458484,0,0,0
0,119.51711164080292,630.4828883591971,0.35431663266754165,0.11099077505605658,-0.08468279942044632,0,0,0
0,551.839813427562,198.16018657243796,0.20902095579705557,0.10011470935467136,-0.23976693542217908,0,0,0
0,881.6971054198651,131.69710541986512,0.1722788906491523,0.09215250835719267,-0.28367498146781317,0,0,0
0,426.37395481681375,323.62604518318625,0.4036337020132798,0.15331576147210524,0.002726757699735627,0,0,1
0,294.8321868784357,455.1678131215643,0.1466876116124992,0.13415451233250003,-0.27146445692668963,0,0,0
0,397.84391256969485,352.15608743030515,0.11943413868879384,0.13691348021004704,-0.29623485876060274,0,0,0
0,383.0690029232057,366.9309970767943,0.4608777788117835,0.028730479377496718,-0.052155919386908334,0,0,0
0,883.5169326580793,133.51693265807933,0.4370641173428271,0.07841714729169309,-0.03125157973308801,0,0,0
0,158.06327118177865,591.9367288182214,0.08032612394416964,0.0879517032852202,-0.37940847273757106,0,0,0
0,453.37851057102796,296.62148942897204,0.2256028013555417,0.14267663858184612,-0.18487935355923568,0,0,0
0,735.196360113242,14.803639886757992,0.1932512036412787,0.031566579454148244,-0.31723000448842675,0,0,0
0,173.6455732538126,576.3544267461874,0.2120538385349495,0.0,-0.32683729110348936,0,0,0
0,180.6446772886169,569.3553227113831,0.2168462050107766,0.0994321409519085,-0.23255599777094466,0,0,0
0,47.68635237736929,702.3136476226307,0.01087473172749348,0.20935940971574893,-0.33959292916677136,0,0,0
0,903.9191364683749,153.91913646837486,0.2500194250939485,0.10192796355679627,-0.19713653734337377,0,0,0
0,393.5842718916132,356.4157281083868,0.1371963716064395,0.05043543096707564,-0.3563028701616313,0,0,0
0,503.9878665775289,246.0121334224711,0.34726597196942954,0.06548640652063498,-0.13268739180043787,0,0,0
0,742.9534260113304,7.046573988669593,0.0,0.13880850117318838,-0.4139634785825693,0,0,0
0,129.42358926393462,620.5764107360653,0.0,0.05908464814661025,-0.48571494630648965,0,0,0
0,362.6047394565478,387.3952605434522,0.17848099719313112,0.006219434686483644,-0.35481264122747247,0,0,0
0,443.4095081177161,306.5904918822839,0.05687773846379374,0.11199252123442023,-0.38122012206366696,0,0,0
0,140.89369659513108,609.1063034048689,0.5083708514863685,0.08505853387609014,0.046032402336410705,0,0,0
0,625.2219029791429,124.7780970208571,0.2058644083160462,0.044358492275886896,-0.29310407827409446,0,0,0
0,384.9193550539152,365.0806449460848,0.0,0.07526001505448299,-0.4711571160894042,0,0,0
0,156.3477760400913,593.6522239599087,0.1126301571175698,0.11226945140256567,-0.32521846625856,0,0,0
0,321.6840565013208,428.3159434986792,0.1981630539703621,0.07252542659862814,-0.27545519172931143,0,0,0
0,347.79289922403325,402.20710077596675,0.06160917373361982,0.11649792314893898,-0.372433825070774,0,0,0
0,662.6976661300732,87.30233386992677,0.0,0.1682038341910625,-0.38750767886648263,0,0,0
0,766.5018764055264,16.501876405526446,0.0806904041224716,0.06746563723198981,-0.39748165200717644,0,0,0
0,380.78990803643865,369.21009196356135,0.29433980972259793,0.1590654081041893,-0.10139245262207058,0,0,0
0,125.50480302085943,624.4951969791406,0.0,0.10854484506375936,-0.44120076908105543,0,0,0
0,122.2937076969729,627.7062923030271,0.4653765414295921,0.048740501502416426,-0.029648136856672003,0,0,0
0,989.4079155610867,239.40791556108672,0.11585957998003686,0.10009859640902537,-0.33294281289027916,0,0,0
0,375.63125669482923,374.36874330517077,0.3191015870597757,0.11785134644126743,-0.11372333078152247,0,0,0
0,841.802511727074,91.80251172707403,0.0,0.09936095144342061,-0.44946627333936034,0,0,0
0,911.765526265663,161.76552626566297,0.06042150455266851,0.11902270434197171,-0.3713491911779958,0,0,0
0,879.8875257462711,129.88752574627108,0.09711335657934878,0.11475075221784636,-0.3385020960630284,0,0,0
0,5.540131801255455,744.4598681987445,0.12891955094143176,0.06684444420371163,-0.34981157891366665,0,0,0
0,875.2151090631054,125.21510906310539,0.0,0.08307090016111807,-0.4641273194934326,0,0,0
0,286.78628808212517,463.21371191787483,0.4823191170942011,0.1890055485492479,0.11353298115008537,0,0,1
0,519.3045804968415,230.69541950315852,0.15963013525858336,0.1093826531197114,-0.28081660657211527,0,0,0
0,70.57122195019416,679.4287780498058,0.23037139879632842,0.2082718443660869,-0.12107507091263225,0,0,0
0,182.7485064257317,567.2514935742684,0.301172652409698,0.10240639585969988,-0.14555272095501104,0,0,0
0,828.3014008168589,78.30140081685886,0.42721804382023665,0.0,-0.11167308581820223,0,0,0
0,616.7406790562045,133.2593209437955,0.2085460511237115,0.053223621676932495,-0.28244381900548815,0,0,0
0,564.6096384620108,185.39036153798918,0.2762746219580028,0.04982066273634664,-0.2177779112177241,0,0,0
0,353.43001632595707,396.56998367404293,0.11050224980037453,0.03992655530415495,-0.3924549800643249,0,0,0
0,344.13541463004896,405.86458536995104,0.12697941193029255,0.10314708421166414,-0.3190793419176486,0,0,0
0,495.786715961305,254.213284038695,0.1110918244243939,0.04352986606696242,-0.3886224257537788,0,0,0
0,693.6246002214954,56.37539977850463,0.14535688914925335,0.10123908151503279,-0.302419067125656,0,0,0
0,183.67206098649814,566.3279390135019,0.14786759425313195,0.07373933720218996,-0.324658131903336,0,0,0
0,630.1361781759349,119.8638218240651,0.3816425597147678,0.14339988222869626,-0.028188675917844463,0,0,0
0,698.3545284288891,51.645471571110875,0.28113539956060696,0.11218325982635902,-0.1567907962341088,0,0,0
0,164.12291741830055,585.8770825816995,0.32713430995354165,0.08607475027020106,-0.13428954444171626,0,0,0
0,475.3885066515482,274.6114933484518,0.005947853184748497,0.17080376487050758,-0.37921988807023355,0,0,0
0,766.1002777128828,16.100277712882757,0.11567044761568701,0.18059501680822254,-0.2606851668953516,0,0,0
0,130.6473265337209,619.3526734662792,0.3801736033837121,0.06804236749224889,-0.09747939551170282,0,0,0
0,631.4654189622802,118.53458103771982,0.12723816670342894,0.044785339094651835,-0.37134615774982327,0,0,0
0,154.2175240245217,595.7824759754783,0.12432962357439054,0.17728766854105882,-0.25500260437709543,0,0,0
0,760.3834619531174,10.383461953117376,0.47028158642108386,0.2284854174592862,0.13702733249600252,1,0,1
0,611.2590827636056,138.74091723639435,0.12188090472296038,0.11399250754443074,-0.3144169681254908,0,0,0
0,770.6032153688451,20.6032153688451,0.2105992116290994,0.07774302679345224,-0.25832319389523245,0,0,0
0,703.5646046250223,46.4353953749777,0.17549330167087185,0.12596457400255193,-0.2500297113652703,0,0,0
0,964.4409917188384,214.4409917188384,0.18919369964962698,0.13902372108357022,-0.22457608101359872,0,0,0
0,927.58919383493,177.58919383493003,0.2939986056611213,0.08357643548018187,-0.1696737320451539,0,0,0
0,537.1649514838875,212.83504851611247,0.10618817665719628,0.15104161245716616,-0.29676550176979305,0,0,0
0,254.88957202990468,495.1104279700953,0.03629261835532477,0.0637343152322686,-0.44523762757407237,0,0,0
0,634.5431754497415,115.45682455025849,0.2930654291885145,0.06587404483154391,-0.18653906010153481,0,0,0
0,318.85369085188387,431.14630914811613,0.039670702800135876,0.05215943961473301,-0.4522769311850433,0,0,0
0,887.8825879522001,137.88258795220008,0.20738827709017107,0.06307951973218526,-0.2747312847893011,0,0,0
0,465.1875874500011,284.8124125499989,0.13822691248580304,0.09226355647856825,-0.3176270163219244,0,0,0
0,744.8195264571237,5.180473542876257,0.34365856751784063,0.1140462809762752,-0.09259090924195057,0,0,0
0,691.3768637333545,58.623136266645474,0.38636521624463416,0.135419245077232,-0.030648592824295884,0,0,0
0,869.7199694219862,119.7199694219862,0.2581642942049139,0.0,-0.280726835433525,0,0,0
0,959.1552937978237,209.15529379782367,0.09732415193225454,0.04298616666897168,-0.40287942770410984,0,0,0
0,543.8862367312008,206.11376326879918,0.33645324666367626,0.08934195202583742,-0.12203012615150893,0,0,0
0,160.50494393494708,589.495056065053,0.1733117943728162,0.07770516950770523,-0.29564468270868793,0,0,0
0,768.8602264078892,18.860226407889172,0.1762067705433585,0.0801454909094397,-0.2905534172765846,0,0,0
0,758.124825047813,8.124825047813033,0.1787440029290264,0.13844048981725982,-0.23555068587387862,0,0,0
0,453.9965863731015,296.0034136268985,0.36953672324604914,0.06513728218609219,-0.11073085242490677,0,0,0
0,417.83785803904215,332.16214196095785,0.008939197603980487,0.14121337050206054,-0.4028598985826039,0,0,0
0,215.75298388251917,534.2470161174808,0.5089454253649965,0.09881349878304377,0.0589864446312971,0,0,0
0,722.9428104117626,27.057189588237406,0.0,0.2396792355671167,-0.3231798176280338,1,0,0
0,380.41292497693615,369.58707502306385,0.18334069636669373,0.15339303886977668,-0.21749669828894613,0,0,0
0,918.6979623660411,168.6979623660411,0.12392547318520426,0.11210993444089269,-0.31406671545643117,0,0,0
0,377.1815279317451,372.8184720682549,0.42184300391830076,0.11797665250739733,-0.010869138463480477,0,0,0
0,93.73538683521798,656.2646131647821,0.4741141688451526,0.10191928213447067,0.026950393127737282,0,0,0
0,165.35126133451305,584.6487386654869,0.1825626164712839,0.08510111444572338,-0.2797375101660039,0,0,0
0,516.2064707479692,233.7935292520308,0.4085946132555742,0.0998608271241083,-0.0404217719711672,0,0,0
0,637.1555694993218,112.84443050067819,0.11084270174443023,0.12976658259756896,-0.3112585035561966,0,0,0
0,36.31899827025453,713.6810017297455,0.2109467722453431,0.14306711462104854,-0.19918395423415208,0,0,0
0,879.5147231381378,129.5147231381378,0.15040460108058507,0.0396526306015702,-0.35279916101644065,0,0,0
0,368.4896049330132,381.5103950669868,0.0,0.14533728293574538,-0.408087574996268,0,0,0
0,414.1189782886423,335.8810217113577,0.267283004216669,0.09938450444173227,-0.18216207142421081,0,0,0
0,669.3489389658113,80.65106103418873,0.0632357924567048,0.11764712936616686,-0.36977292075218393,0,0,0
0,405.7875655859829,344.2124344140171,0.25996458395640415,0.1272538826856115,-0.1643980512649844,0,0,0
0,383.5132067550494,366.4867932449506,0.2977014941501906,0.10211632979253048,-0.14928493867497084,0,0,0
0,66.7812014609056,683.2187985390945,0.17336405694248014,0.08111253969270585,-0.29252578697252346,0,0,0
0,552.3787248387791,197.62127516122086,0.0,0.11460538700360431,-0.435746281335195,0,0,0
0,383.38020342459976,366.61979657540024,0.10082341897826243,0.07597635831830925,-0.3696889881736981,0,0,0
0,623.7030528566248,126.29694714337518,0.21842301593279456,0.1350612841767761,-0.19891295794654584,0,0,0
0,863.6031256873522,113.60312568735219,0.2460552102116986,0.03209151516390278,-0.2639535557792278,0,0,0
0,34.71464699874161,715.2853530012584,0.0,0.000568317819716127,-0.5383796436006943,0,0,0
0,688.6329171536413,61.3670828463587,0.08983818187972849,0.11410425510726846,-0.3463591181621688,0,0,0
0,549.8955273454477,200.1044726545523,0.4788136448462368,0.13518448029144267,0.061588547470096344,0,0,0
0,425.82807768050543,324.17192231949457,0.08915391201903965,0.023952910420359866,-0.4281795982410753,0,0,0
0,317.43316481962836,432.56683518037164,0.10329109551775954,0.1056094071056426,-0.340551567725601,0,0,0
0,90.11800541203985,659.8819945879602,0.08374156325385256,0.12820763799389767,-0.33976269219007843,0,0,0
0,331.27556502046883,418.72443497953117,0.04822960553424108,0.050731454185242136,-0.4450032153374799,0,0,0
0,479.5268932138539,270.4731067861461,0.3418094201289606,0.12966386797742493,-0.08038422832979586,0,0,0
0,873.3062917551212,123.30629175512115,0.2706073231259171,0.17393775654746124,-0.11173982561980667,0,0,0
0,586.6709108606912,163.32908913930885,0.08349806148026481,0.11452673854229334,-0.3523190034701101,0,0,0
0,58.24591814818558,691.7540818518144,0.2957014561739507,0.06337733453176056,-0.18615007238590364,0,0,0
0,253.95264921876426,496.04735078123576,0.30783000762750806,0.0654167633147836,-0.17218603502762558,0,0,0
0,942.0011670653688,192.0011670653688,0.06968008820586014,0.14260994276498315,-0.3408620929440939,0,0,0
0,973.2540257336758,223.2540257336758,0.19901460288553088,0.056260831387606486,-0.2892417785040622,0,0,0
0,968.5755408998392,218.5755408998392,0.20217935915701535,0.08673053701236547,-0.2586542871702946,0,0,0
0,373.4157507343975,376.5842492656025,0.16625167589288628,0.03745027254583527,-0.3389342084543009,0,0,0
0,899.8356591910991,149.83565919109913,0.10133281805495843,0.06024641174667377,-0.3833365410114741,0,0,0
0,854.1327883023347,104.13278830233469,0.2572171028486528,0.004252763059821585,-0.27784654003594667,0,0,0
0,733.4503144770625,16.549685522937466,0.4646355332656509,0.07567013618661417,-0.006152473804835301,0,0,0
0,18.59815602365167,731.4018439763483,0.2809376713380043,0.12499486376599997,-0.14545808091103463,0,0,0
0,34.21764738752897,715.7823526124711,0.12898557383030088,0.14729615493576212,-0.2773390163659521,0,0,0
0,500.51606434338737,249.48393565661263,0.1764943416167995,0.02228045851497157,-0.342344375358165,0,0,0
0,775.002066139927,25.002066139927024,0.2733670605111448,0.08414007305735252,-0.18979800337567682,0,0,0
0,525.313493875324,224.68650612467604,0.2150459625975294,0.1000079562682946,-0.23383800639944435,0,0,0
0,422.6303823601757,327.3696176398243,0.2000277286911372,0.22021130380195722,-0.14067322752554018,1,0,0
0,177.87168830500522,572.1283116949947,0.4718116527367316,0.17541622145416785,0.0907951224070438,0,0,1
0,430.22894547125355,319.77105452874645,0.018488252068378425,0.08259211022522299,-0.44606997836735973,0,0,0
0,458.21637921597426,291.78362078402574,0.31904429016437286,0.0,-0.21984683947406602,0,0,0
0,68.37010035292856,681.6298996470714,0.1841966401750331,0.20169784723645118,-0.1731664269505997,0,0,0
0,302.5067250988145,447.4932749011855,0.08316846272382328,0.05982383613252233,-0.4018812143953455,0,0,0
0,645.4147794774332,104.58522052256683,0.20557536408057253,0.08908662320235289,-0.25313780467574876,0,0,0
0,153.00408337789995,596.9959166221,0.3279474115869889,0.14624925175593478,-0.07931939147110867,0,0,0
0,120.6857921336797,629.3142078663203,0.11412604228494293,0.02091213834348124,-0.40594416284436285,0,0,0
0,950.3600376406001,200.36003764060013,0.22699992954617562,0.09986147246014167,-0.2220158748781358,0,0,0
0,499.323608023992,250.676391976008,0.15141902361053652,0.20832808769166827,-0.19997682710540088,0,0,0
0,137.67974509119853,612.3202549088014,0.008149664052913064,0.000766771801602506,-0.5300513709640836,0,0,0
0,927.0144695452541,177.0144695452541,0.0,0.07842044128388088,-0.4683127324829461,0,0,0
0,737.356904870606,12.643095129394055,0.11835884108368265,0.12284108482108189,-0.30997531221578256,0,0,0
0,18.132077057890996,731.867922942109,0.14466741942209876,0.11230246271605877,-0.2931514937718872,0,0,0
0,536.3610346329349,213.6389653670651,0.11389310132396799,0.10289581702216936,-0.3323917929945185,0,0,0
0,418.870460159553,331.129539840447,0.187760020046653,0.156046928258312,-0.21068887415930504,0,0,0
0,534.9876151778401,215.0123848221599,0.0,0.13971636368784385,-0.4131464023193794,0,0,0
0,595.2262149646407,154.7737850353593,0.1084707394696262,0.06839999603155453,-0.3688603937404136,0,0,0
0,977.7083339669499,227.7083339669499,0.14654744077290993,0.14128827832561544,-0.26518423837247507,0,0,0
0,95.66152612207901,654.3384738779209,0.16662949307141092,0.09303765234460226,-0.2885277494568859,0,0,0
0,86.26436260407311,663.7356373959269,0.3216761186772189,0.1682965366497448,-0.06574812797644963,0,0,0
0,620.5083343073326,129.49166569266742,0.23973114726932232,0.07634408125211525,-0.23045030924221283,0,0,0
0,72.79434696896291,677.2056530310371,0.4602438853366229,0.16308229167362404,0.06812681820444566,0,0,1
0,967.4289789648802,217.42897896488023,0.4137051058233224,0.16326762211976503,0.021754836092672036,0,0,1
0,489.5548110842595,260.4451889157405,0.0,0.0313988127241433,-0.5106321981867099,0,0,0
0,792.5573760840092,42.557376084009206,0.2877569762078446,0.18226439920100254,-0.08709619414969205,0,0,0
0,851.4982182494646,101.49821824946457,0.3860383754897463,0.1368417808053302,-0.02969515142389545,0,0,0
0,232.742319017067,517.257680982933,0.2671250022724613,0.14331637560088206,-0.14278138932518375,0,0,0
0,567.3907843906453,182.6092156093547,0.3653649688975781,0.05652051019067862,-0.12265770156925004,0,0,0
0,875.0839672413941,125.08396724139413,0.03731133009182677,0.1096538345541732,-0.40289134844785623,0,0,0
0,702.0670716379562,47.932928362043754,0.32553739229904194,0.16637859945186206,-0.06361299783272112,0,0,0
0,733.9683041081895,16.0316958918105,0.3228841976674183,0.09147343870448653,-0.13368083713698264,0,0,0
0,767.9719623271924,17.971962327192387,0.1461830006751088,0.052919672220930865,-0.3450804239644923,0,0,0
0,454.7562182301378,295.2437817698622,0.0886550430999676,0.12147458330451821,-0.34090896156440487,0,0,0
0,19.527339402618416,730.4726605973816,0.1538104386026814,0.05515676215121055,-0.33543960509966797,0,0,0
0,595.3617788713769,154.63822112862306,0.2455071469774293,0.15596914160062372,-0.1530117552204482,0,0,0
0,421.773787157665,328.226212842335,0.36861962791790853,0.1489384104123918,-0.03622693234937768,0,0,0
0,198.1050550717901,551.89494492821,0.1286568501649643,0.08849424111178833,-0.3305894624728651,0,0,0
0,959.4192297924749,209.41922979247488,0.543114890790052,0.037382511031069696,0.037868021079575875,0,1,0
0,459.42532498758595,290.57467501241405,0.3204875475974341,0.12275223049571227,-0.10792657459486377,0,0,0
0,128.464690875709,621.535309124291,0.24052280880489665,0.07746771276720313,-0.2286473793430594,0,0,0
0,410.4443312304609,339.5556687695391,0.10678282497505273,0.02400544094857529,-0.4105034078096684,0,0,0
0,76.27375541482739,673.7262445851726,0.2750526705434215,0.08671120701226931,-0.18579837278397504,0,0,0
0,51.29727724187782,698.7027227581221,0.1306990577393792,0.058520808318502614,-0.3555233444124073,0,0,0
0,841.7045327643586,91.70453276435865,0.0,0.11567776451231487,-0.4347811415773555,0,0,0
0,81.63953216861653,668.3604678313835,0.5179987940471031,0.14746552445367306,0.11182663641697,0,0,0
0,985.3773249470197,235.3773249470197,0.21016756310572912,0.10992212902791502,-0.22979365040758626,0,0,0
0,471.130007058497,278.869992941503,0.25871984624605776,0.056492050075777164,-0.22932843832418165,0,0,0
0,47.673836446492146,702.3261635535079,0.10339735944550005,0.0251254712267278,-0.4128808460888838,0,0,0
0,676.5856040628918,73.41439593710822,0.34445193587661493,0.17670756780010505,-0.035402382741729355,0,0,0
0,647.2030175963356,102.7969824036644,0.051969460020675845,0.05542091358118169,-0.4370428473946995,0,0,0
0,786.9846673948837,36.98466739488367,0.5317492742120299,0.061044906694941614,0.04779856059903842,0,1,0
0,286.0052721555426,463.9947278444574,0.546030451946184,0.19576248767591153,0.18332556121606558,0,1,1
0,532.5877660967287,217.41223390327127,0.0,0.1954963191063817,-0.3629444424426953,0,0,0
0,520.9770701469733,229.02292985302665,0.43532121673772595,0.057299376393113784,-0.05200047414691056,0,0,0
0,863.5477121247364,113.54771212473645,0.4821796561495252,0.11477512994070373,0.04658614345771961,0,0,0
0,204.1321302519513,545.8678697480486,0.26830353926476175,0.19638420713054278,-0.09384180395618863,0,0,0
0,240.74435868139054,509.2556413186095,0.17056254565172027,0.10223996989321237,-0.27631261108282745,0,0,0
0,513.6018918909077,236.39810810909228,0.22441593704999768,0.1582929233157806,-0.1720115616042387,0,0,0
0,663.3654478783526,86.6345521216474,0.3937306376201147,0.10176758501121978,-0.053569665508226394,0,0,0
0,747.9977845272887,2.0022154727113275,0.33867411483852194,0.08935113901607888,-0.11980098968544595,0,0,0
0,547.213948675418,202.786051324582,0.19763641458374528,0.1076334330249738,-0.24438462533221716,0,0,0
0,279.0579221670831,470.9420778329169,0.3625019835838412,0.14699670579249818,-0.044092110841349286,0,0,0
0,294.1851769556046,455.8148230443954,0.0,0.13154539050542907,-0.42050027818355273,0,0,0
0,901.1034554654733,151.1034554654733,0.21613852877245873,0.17420048300242905,-0.165972166163794,0,0,0
0,344.6575967226003,405.3424032773997,0.3112003127605831,0.1687853805565948,-0.07578397437692047,0,0,0
0,359.2920972316236,390.7079027683764,0.09667510367518296,0.10877134159814601,-0.3443218185249245,0,0,0
0,112.16441669050991,637.8355833094901,0.008076940275996342,0.0874276747960448,-0.4521292820460022,0,0,0
0,654.2497341769413,95.75026582305873,0.22580283871260926,0.14967470265422206,-0.1783810585370298,0,0,0
0,476.4967218802963,273.5032781197037,0.08023798458685735,0.14359292376152052,-0.329419513666213,0,0,0
0,274.1929896937354,475.8070103062646,0.0,0.15627871558263062,-0.3982402856140713,0,0,0
0,313.04232193756445,436.95767806243555,0.13315227180798012,0.1372129426848473,-0.2822472094140962,0,0,0
0,337.68159859587377,412.31840140412623,0.5087520232594211,0.16743915740527038,0.12055613528572562,0,0,1
0,297.22755647297106,452.77244352702894,0.5554498284890335,0.14755372678543313,0.14935705295748436,0,1,0
0,646.4542205246872,103.54577947531277,0.08013309129141775,0.04313276126268727,-0.4199385532106026,0,0,0
0,302.6649929885504,447.3350070114496,0.0,0.0264709147400687,-0.5150673063723771,0,0,0
0,523.3114751416923,226.6885248583077,0.15293800034643246,0.047729649221610985,-0.34299644499255655,0,0,0
0,633.3326029406466,116.66739705935345,0.36376908529251545,0.15554887975634513,-0.035128052565212786,0,0,0
0,705.129768074394,44.87023192560605,0.21742445478397776,0.11190563988174529,-0.22075159896089036,0,0,0
0,71.12131609620165,678.8786839037983,0.442366364843814,0.051229956746172395,-0.050417803723069754,0,0,0
0,405.4232688010605,344.5767311989395,0.18631410077827512,0.13666961760903648,-0.22957437301203093,0,0,0
0,94.5826820522735,655.4173179477265,0.0,0.16502769779159526,-0.3903662016260031,0,0,0
0,521.8207327456059,228.17926725439406,0.281594551986377,0.17718780132269157,-0.09782755646163943,0,0,0
0,184.6438691276927,565.3561308723073,0.2049216024381864,0.16104026834487176,-0.18903328568986788,0,0,0
0,345.20501972990434,404.79498027009566,0.5294538633863559,0.03818387108779815,0.02492821772693543,0,0,0
0,172.0857339722165,577.9142660277835,0.048474674968558756,0.06775594519829597,-0.42943610399141374,0,0,0
0,74.62722676926936,675.3727732307307,0.03544329907349633,0.027991358756338916,-0.4782556076842375,0,0,0
0,433.3115105469455,316.6884894530545,0.3293086683773748,0.11784505029198851,-0.10352191599827443,0,0,0
0,869.943464427563,119.94346442756296,0.12973578917404888,0.0747692788278709,-0.34186298951930616,0,0,0
0,136.28199887468097,613.718001125319,0.0,0.05944538525977841,-0.4853902829046383,0,0,0
0,3.3037267607930465,746.6962732392069,0.5347966245541866,0.0777179640237998,0.06585166253716757,0,1,0
0,436.1088766642758,313.8911233357242,0.09554558550228841,0.13630744000111214,-0.32066884813514956,0,0,0
0,993.9708756173236,243.9708756173236,0.012391089381246806,0.171871607081715,-0.3718155938836486,0,0,0
0,428.41558862777117,321.58441137222883,0.1455101345227819,0.15700842686772506,-0.2520734109347044,0,0,0
0,571.1889390108595,178.81106098914051,0.5592239911979635,0.06424834720387493,0.07815637404301201,0,1,0
0,764.6735529681762,14.673552968176182,0.3569229770370219,0.06281598034914734,-0.12543377028718433,0,0,0
0,358.254593195246,391.745406804754,0.21796879216432938,0.08173490398677767,-0.2473609238860096,0,0,0
0,861.5239535957489,111.52395359574894,0.24594167395283448,0.1511074216660383,-0.15695277618616993,0,0,0
0,808.0121781116804,58.01217811168044,0.19976082416930493,0.12854456304629605,-0.2234401987274675,0,0,0
0,149.47909483380417,600.5209051661958,0.22267613905697065,0.16284081836646452,-0.16965825405165014,0,0,0
0,938.7506553922503,188.75065539225034,0.3935724991799926,0.1258791770515611,-0.03202737111204135,0,0,0
0,482.6100904608893,267.3899095391107,0.3607469441294522,0.04729260192141021,-0.13558084377971752,0,0,0
0,149.26091317836432,600.7390868216357,0.11945097661294969,0.17578691538930866,-0.2612319291751114,0,0,0
0,300.5917999767381,449.4082000232619,0.0,0.09120762370397384,-0.4568042683048624,0,0,0
0,573.160791031734,176.839208968266,0.256087462242715,0.09607694033412514,-0.19633442109501126,0,0,0
0,399.9134226336538,350.0865773663462,0.2674006456148011,0.13479904392379685,-0.15017134449222064,0,0,0
0,738.9654544192082,11.034545580791814,0.6784120496863071,0.13738939396997707,0.2631713746208476,1,1,0
0,571.9026832638581,178.09731673614192,0.1817364000044066,0.13806983207846216,-0.23289188076341633,0,0,0
0,359.4132365205267,390.5867634794733,0.3334799278054363,0.07620058612555139,-0.13683067432000634,0,0,0
0,534.9362350757464,215.06376492425363,0.37141975648714487,0.14185536822608835,-0.03980154174781447,0,0,0
0,656.2703195319849,93.72968046801509,0.14504271751503517,0.08745522687724722,-0.3151387079338812,0,0,0
0,251.8284611497321,498.1715388502679,0.15507226181375328,0.06848853731341181,-0.32217918424261494,0,0,0
0,757.059049061039,7.059049061038991,0.2982535776628203,0.062239275138619904,-0.18462220435086069,0,0,0
0,213.11523237788455,536.8847676221154,0.28967721888997633,0.06544796317076118,-0.19031074389477748,0,0,0
0,485.3693977615918,264.6306022384082,0.40390574513355104,0.13635989964638498,-0.012261474823141327,0,0,0
0,394.4565207968262,355.5434792031738,0.29199887565528676,0.08158556020533111,-0.1734652497983541,0,0,0
0,758.0288401292207,8.028840129220725,0.3712182043669199,0.11692018838464306,-0.06244475572534025,0,0,0
0,861.1901702586182,111.1901702586182,0.3569062489310708,0.06975611496804039,-0.1192043772361317,0,0,0
0,333.6708996290824,416.3291003709176,0.05318576267026642,0.14132881019991622,-0.35850943778824784,0,0,0
0,17.859098055021395,732.1409019449786,0.28706747536495403,0.12674628239088487,-0.13775200012168848,0,0,0
0,163.9710211322415,586.0289788677585,0.1398375589048704,0.08431047322173037,-0.32317414483401113,0,0,0
0,517.8837578444516,232.11624215554843,0.2806953557003525,0.1387578066381908,-0.1333137479637147,0,0,0
0,507.1550710330603,242.84492896693968,0.2608209504369099,0.016166337098153835,-0.26352047581319055,0,0,0
0,55.76607321621041,694.2339267837896,0.09020291586146344,0.07899735853415105,-0.3775905910962395,0,0,0
0,54.37580131328801,695.624198686712,0.4109601671516603,0.09622997131493918,-0.04132398830333334,0,0,0
0,824.9336487956531,74.93364879565308,0.0,0.12569553969579866,-0.4257651439122201,0,0,0
0,596.7508060466812,153.2491939533188,0.0,0.13218343267749438,-0.41992604022869395,0,0,0
0,347.31704136185357,402.68295863814643,0.16044223785851858,0.11468357018863284,-0.27523367861015074,0,0,0
0,552.0554527082426,197.94454729175743,0.31839861465416064,0.11570786162608901,-0.11635543952079813,0,0,0
0,229.02474932639672,520.9752506736033,0.1343257417721012,0.13428478120073994,-0.28370908478567175,0,0,0
0,982.3799439698537,232.37994396985368,0.1273310357901407,0.14027479665952597,-0.2853127768547248,0,0,0
0,893.7437491779302,143.74374917793023,0.3312006512481105,0.11292610776923845,-0.10605698139801378,0,0,0
0,171.5057587919121,578.4942412080879,0.11284152569280388,0.03101937916583518,-0.39813216269638335,0,0,0
0,386.2316039588588,363.7683960411412,0.12042360016386378,0.11933079399882787,-0.31106981487563,0,0,0
0,642.1527610694385,107.8472389305615,0.07855138062649891,0.1228718498331148,-0.34975508416213663,0,0,0
0,669.4681478004918,80.5318521995082,0.14698062583862676,0.14375837970273853,-0.2625279620673474,0,0,0
0,433.8473616201779,316.1526383798221,0.1343502345187882,0.012366621174510498,-0.39341093606259125,0,0,0
0,309.6390132820589,440.3609867179411,0.3443130729833749,0.154585130717928,-0.05545143900892879,0,0,0
0,572.5338155244393,177.46618447556068,0.0,0.0876310480679782,-0.4600231863772585,0,0,0
0,506.30063851229,243.69936148771,0.3192790322005843,0.04443710184589522,-0.17961870577654887,0,0,0
0,764.2337707364977,14.233770736497718,0.3355984124021477,0.0712603196535263,-0.13915842954811747,0,0,0
0,100.82490952928825,649.1750904707118,0.2492962365894927,0.09008203176480263,-0.2085210644606238,0,0,0
0,420.93480105098826,329.06519894901174,0.02090072981672514,0.04446408538495983,-0.4779727229752499,0,0,0
0,802.5224928176249,52.52249281762488,0.11700205775315538,0.04491741531707475,-0.38146339809991625,0,0,0
0,734.8609934510506,15.139006548949396,0.006773773763621704,0.14844044626077296,-0.3985209542401215,0,0,0
0,921.2345234332812,171.2345234332812,0.29911444732796555,0.12437984771097474,-0.12783481937059604,0,0,0
0,860.5675264583895,110.56752645838947,0.0,0.09218679402966656,-0.455923015011739,0,0,0
0,351.97921336137216,398.02078663862784,0.2972703099579358,0.06797098461219331,-0.18044693352952912,0,0,0
0,366.78906984245185,383.21093015754815,0.2907035710260619,0.10058025810176899,-0.1576653263207849,0,0,0
0,92.43816621691047,657.5618337830895,0.2427379408030489,0.06470695765974996,-0.23791692694161504,0,0,0
0,198.76635635232898,551.233643647671,0.4025829273038215,0.15705461603327842,0.005040952095333173,0,0,1
0,234.57019179506378,515.4298082049362,0.08120654944730721,0.1147408116468765,-0.35441784970894286,0,0,0
0,105.59154554127048,644.4084544587295,0.382670409178625,0.1001431884300935,-0.06609185087272973,0,0,0
0,908.2615770801766,158.2615770801766,0.039648812522775356,0.09961654382786081,-0.4095874276705888,0,0,0
0,772.3424466545204,22.34244665452036,0.4869791637859323,0.07686765632857903,0.017268924843214517,0,0,0
0,902.6707617542793,152.67076175427928,0.03673024336350203,0.11462540131927701,-0.3989980250875875,0,0,0
0,185.11491900833877,564.8850809916612,0.28978105338048715,0.14300202477392454,-0.12040825396141963,0,0,0
0,447.50674177639405,302.49325822360595,0.18776145647172715,0.11868959960056699,-0.24430903352620142,0,0,0
0,873.0756199504141,123.07561995041408,0.071405988964795,0.09552218286407076,-0.3815151760959802,0,0,0
0,847.7541711533114,97.7541711533114,0.2628707078347451,0.07004270600590447,-0.21298198639837979,0,0,0
0,354.6595990143655,395.3404009856345,0.26740606983053117,0.03121670096067794,-0.2433900289432976,0,0,0
0,324.9343136241507,425.0656863758493,0.16580944435120087,0.021772993975328114,-0.3534859907094427,0,0,0
0,973.7518516091799,223.75185160917988,0.2285482607084341,0.12603252326071998,-0.1969135979953568,0,0,0
0,546.0271573600966,203.97284263990343,0.0629864853623344,0.15250486726493537,-0.33865026373766266,0,0,0
0,254.63591345224933,495.3640865477507,0.22143807231746396,0.17890070038544334,-0.15644242697407595,0,0,0
0,551.3023178393174,198.69768216068258,0.45213235472256347,0.18946516496818672,0.08375987355549264,0,0,1
0,59.95970267764328,690.0402973223568,0.1287092792918163,0.13016871198967933,-0.2930300095559112,0,0,0
0,925.6105666479823,175.6105666479823,0.0,0.009000806761076674,-0.5307904035534698,0,0,0
0,446.3285785609118,303.6714214390882,0.12364964720547002,0.002523558288455796,-0.41297027997335867,0,0,0
0,256.49668539485583,493.50331460514417,0.0,0.1652277941800663,-0.3901861148763792,0,0,0
0,978.3649231552945,228.3649231552945,0.4056125784729053,0.06679245498407885,-0.0731653416798626,0,0,0
0,118.29453936131706,631.7054606386829,0.052282726370936006,0.08444318250132046,-0.4106095390163145,0,0,0
0,514.9858548884766,235.01414511152336,0.4604718721771895,0.0,-0.07841925746124939,0,0,0
0,473.08217104619996,276.91782895380004,0.06703697427184702,0.10333579340403382,-0.3788519413029614,0,0,0
0,98.0817440574906,651.9182559425094,0.07319585783784299,0.13292211242142732,-0.3460653706213113,0,0,0
0,601.068943206795,148.93105679320502,0.276602700799191,0.06141033767797813,-0.20701912492906754,0,0,0
0,951.0524698789793,201.0524698789793,0.07932668282637496,0.0927723719168102,-0.3760693120869347,0,0,0
0,373.06031661848607,376.93968338151393,0.33013347358674466,0.07633605225588491,-0.1400552090213978,0,0,0
0,830.6667264433839,80.66672644338394,0.21112131088538688,0.16207235681024942,-0.18190469762382755,0,0,0
0,760.8049741431951,10.804974143195068,0.29640101472556524,0.15352854581439032,-0.10431442367992239,0,0,0
0,376.5741094134319,373.4258905865681,0.005049699047456946,0.18945998805105033,-0.36332744134503664,0,0,0
0,429.6906124443178,320.3093875556822,0.5029027876520771,0.09023737055068419,0.04522529150925392,0,0,0
0,990.8099599191277,240.80995991912766,0.4939444888066615,0.0682519222934323,0.0164800892323117,0,0,0
0,858.1471645575544,108.14716455755445,0.13331752221726323,0.13408952774759758,-0.28489303244833786,0,0,0
0,494.6626595858691,255.3373404141309,0.17198072373421622,0.052362758788709655,-0.31978392299438396,0,0,0
0,653.9819860479295,96.01801395207053,0.26294658474979105,0.061000121519189154,-0.2210444355213776,0,0,0
0,205.84797727408588,544.1520227259141,0.08349533136753443,0.03585852797049664,-0.4231231230974575,0,0,0
0,712.5692425783437,37.43075742165627,0.15184858449350672,0.0699399858549932,-0.3240965578754383,0,0,0
0,926.6674751724579,176.6674751724579,0.23323355650751398,0.13481960215534236,-0.18431993119111678,0,0,0
0,218.80160163810814,531.1983983618918,0.0,0.13236520501151613,-0.41976244512807437,0,0,0
0,65.69954491546814,684.3004550845319,0.47065014015425344,0.12266393010711889,0.04215654761222154,0,0,0
0,740.4830217490947,9.516978250905254,0.27126021409945017,0.12630772463256423,-0.15395396336968092,0,0,0
0,250.36217471386712,499.63782528613285,0.4049299720892169,0.10181971417212288,-0.0423234147943114,0,0,0
0,879.0099274666867,129.0099274666867,0.24288397766530198,0.17838665784162375,-0.13545915991567553,0,0,0
0,685.4308339308534,64.5691660691466,0.1874043157549256,0.06644329322517836,-0.29168784998085273,0,0,0
0,819.3973920915761,69.39739209157608,0.22051715996766846,0.02713256359427256,-0.2939546624359251,0,0,0
0,316.5214983276849,433.4785016723151,0.34245673568276613,0.1413899589075055,-0.06918343093891777,0,0,0
0,201.0586286196352,548.9413713803648,0.0,0.1135090964991157,-0.43673294278923475,0,0,0
0,465.0911111182753,284.9088888817247,0.47183862683597966,0.1317472995653133,0.051520066806322706,0,0,0
0,256.89263221364257,493.10736778635743,0.211695889000138,0.17739630263379336,-0.16753856826788682,0,0,0
0,197.9270791589215,552.0729208410785,0.15852909627625822,0.0943606837386515,-0.2954374179973943,0,0,0
0,607.2160517366012,142.78394826339877,0.2869738698776154,0.09570372732771577,-0.16578390516587926,0,0,0
0,942.016513729369,192.01651372936897,0.043251025928669584,0.10268405507378688,-0.4032244541433611,0,0,0
0,31.380554045836174,718.6194459541638,0.09164795460147873,0.1276541274613573,-0.3323544603217386,0,0,0
0,886.0876733585413,136.08767335854134,0.1619839854931041,0.11288376271635465,-0.27531175770061556,0,0,0
0,517.4880533153103,232.51194668468975,0.35436570960467356,0.20524258194789566,0.00019290371934077566,0,0,1
0,303.51279546609635,446.48720453390365,0.181431272941644,0.14458171834785094,-0.22733631018372902,0,0,0
0,55.55671012573215,694.4432898742679,0.0,0.08004228946111624,-0.46685306912343427,0,0,0
0,566.2454785391836,183.75452146081636,0.42497905670040703,0.14772370537743781,0.019039261901662163,0,0,0
0,836.2571915029966,86.25719150299665,0.36895300145069465,0.0,-0.16993812818774423,0,0,0
0,307.48656331263993,442.51343668736007,0.0,0.08746770346505546,-0.460170196519889,0,0,0
0,794.3892314619081,44.38923146190814,0.10879435171945195,0.10249244265942112,-0.33785357952550793,0,0,0
0,156.3028294708282,593.6971705291718,0.11202581086935956,0.16080630794711792,-0.28213964161667315,0,0,0
0,321.80902019307564,428.19097980692436,0.3003648523380785,0.13239947106603,-0.11936675334093333,0,0,0
0,645.1039783362448,104.89602166375516,0.23696726853732603,0.06653194991958078,-0.24204510617349018,0,0,0
0,187.9125022879584,562.0874977120416,0.42903409847858165,0.11210586357817212,-0.008961753939502382,0,0,0
0,197.04340420052947,552.9565957994705,0.08943638015383079,0.11479828539337747,-0.34613629263056833,0,0,0
0,590.5060532761223,159.49394672387768,0.2896403090208254,0.0,-0.2492508206176135,0,0,0
0,66.42533103196956,683.5746689680304,0.2615369284582424,0.13249728813039713,-0.15810664186283907,0,0,0
0,852.3704696335506,102.37046963355056,0.22290425700493002,0.11555075226442446,-0.21199119559552682,0,0,0
0,477.9506886107486,272.0493113892514,0.05557750205095463,0.12805494849365837,-0.3680641739431917,0,0,0
0,978.5128140382824,228.5128140382824,0.2573567370842366,0.024200777550124036,-0.2597536927590906,0,0,0
0,389.99409588501265,360.00590411498735,0.36143392587209905,0.16119193628364173,-0.0323844611110623,0,0,0
0,210.70261024437264,539.2973897556274,0.31927205657829916,0.10911061262074638,-0.12141952170146797,0,0,0
0,692.3133961035903,57.68660389640968,0.09543867556509453,0.07376862499745507,-0.3770606915756348,0,0,0
0,968.775958829985,218.77595882998503,0.5311243312013386,0.061147828739761295,0.047266247428684904,0,1,0
0,413.6242784449663,336.3757215550337,0.4989124015778272,0.11443420479620911,0.0630120562559765,0,0,0
0,296.15617772118543,453.84382227881457,0.19029346356409385,0.1691352647215526,-0.19637592782494767,0,0,0
0,718.6314323558045,31.368567644195537,0.225972980846047,0.0965824486722067,-0.22599394498740588,0,0,0
0,141.12226136471196,608.8777386352881,0.19354379615185216,0.1349938647906588,-0.22385285517499376,0,0,0
0,595.4959898806796,154.50401011932036,0.19906307740616222,0.1387833326697498,-0.21492305282950186,0,0,0
0,633.3770844340355,116.62291556596449,0.0,0.0421087883193613,-0.5009932201510137,0,0,0
0,673.2803562328949,76.71964376710514,0.34796895923518645,0.1389205923722085,-0.0658936372682648,0,0,0
0,531.4715233196134,218.52847668038658,0.19545650990632232,0.10800325029114016,-0.2462316944700904,0,0,0
0,247.03815043329956,502.96184956670044,0.3195503324465925,0.015483363104877274,-0.20540577039745683,0,0,0
0,231.06786130957823,518.9321386904218,0.34907246831107697,0.13641551429981622,-0.06704469845752731,0,0,0
0,639.6168248952428,110.38317510475724,0.28274175751077246,0.07374852125572705,-0.18977570299751206,0,0,0
0,326.4404782110786,423.5595217889214,0.13422863965354376,0.09372688957800382,-0.3203082893646917,0,0,0
0,672.9737678034941,77.02623219650593,0.3796803810487339,0.10186900802991296,-0.0675286413627833,0,0,0
0,492.20845139729073,257.79154860270927,0.2159892232260212,0.0,-0.32290190641241767,0,0,0
0,390.41520041287816,359.58479958712184,0.42944006636413823,0.06754046596199968,-0.04866464390850095,0,0,0
0,650.8963825205176,99.10361747948241,0.29438864503022827,0.14602855996814545,-0.1130767806368797,0,0,0
0,399.43532250266014,350.56467749733986,0.17923572661872386,0.1025712393903846,-0.2673412875683689,0,0,0
0,196.03882183679377,553.9611781632062,0.3189462153605226,0.12735750525634076,-0.10532315954720961,0,0,0
0,736.1105119265928,13.889488073407165,0.28348816643535213,0.07808768607548172,-0.18512404573515318,0,0,0
0,296.9362818063952,453.0637181936048,0.4581003084528598,0.04970554728584542,-0.03605582862831813,0,0,0
0,68.62554659904374,681.3744534009562,0.2479942823046227,0.1043636280609178,-0.19696958207899018,0,0,0
0,344.88314507392204,405.11685492607796,0.4282714850759805,0.12876499526037755,0.005268851171881472,0,0,0
0,890.5970468045957,140.59704680459572,0.2430960909585288,0.16241495472622755,-0.14962157942630527,0,0,0
0,745.1593003703766,4.840699629623373,0.053778649388469296,0.07771144653591705,-0.41517217836764425,0,0,0
0,711.61211545784,38.38788454216001,0.19863426801432882,0.12892269823982364,-0.2242264332082688,0,0,0
0,468.003990686546,281.996009313454,0.2638084179660283,0.03710870384916451,-0.24168487820816253,0,0,0
0,431.6189275654476,318.3810724345524,0.08419669622023028,0.12968225488181634,-0.3379804040245739,0,0,0
0,956.7295568626876,206.72955686268756,0.31231400677888194,0.10849697084273678,-0.12892984910109384,0,0,0
0,838.3589886404158,88.35898864041576,0.6066839014743273,0.03688653240853458,0.10099065100356952,1,1,0
0,501.8530987154804,248.14690128451957,0.16610543501257016,0.05492550615305728,-0.3233527390881172,0,0,0
0,269.4030042199972,480.5969957800028,0.18212024076583624,0.019121076431802414,-0.33956192008398045,0,0,0
0,582.6752298657856,167.32477013421442,0.042660019333122134,0.12281578951317568,-0.38569689974345867,0,0,0
0,501.49204121930677,248.50795878069323,0.5580677048718056,0.10977568868713408,0.11797469505178737,0,1,0
0,268.0260490619243,481.9739509380757,0.0,0.09392245898172177,-0.4543609165548893,0,0,0
0,634.8845124847469,115.11548751525311,0.24481635810304941,0.1596629921789447,-0.15037807857433927,0,0,0
0,442.72229348487815,307.27770651512185,0.0,0.1389351304283821,-0.413849512252895,0,0,0
0,49.03356514608881,700.9664348539112,0.4209154181455986,0.05493196108343633,-0.06853694651774761,0,0,0
0,776.5105754859966,26.510575485996583,0.32896992825796467,0.13147723067345007,-0.09159169377436915,0,0,0
0,704.4237651854572,45.57623481454277,0.2558983396794989,0.12248952594789883,-0.17275221660583107,0,0,0
0,937.0968607345164,187.09686073451644,0.2879526282562023,0.07538027053855358,-0.18309625789753836,0,0,0
0,515.5149961290421,234.48500387095794,0.0,0.04924588264290272,-0.49456983525982645,0,0,0
0,857.4143342695694,107.4143342695694,0.0,0.1407713926575507,-0.41219687624664325,0,0,0
0,544.7091661606486,205.29083383935142,0.22233192126943993,0.011283604774435282,-0.3064039640720072,0,0,0
0,190.1325175393299,559.8674824606701,0.03656904918857465,0.0,-0.5023220804498643,0,0,0
0,353.8726164647179,396.1273835352821,0.13085503170669693,0.0736698382479924,-0.3417332435085488,0,0,0
0,163.09986176720827,586.9001382327917,0.3775845695697715,0.10007470262467351,-0.07123932770646124,0,0,0
0,828.637926944042,78.63792694404196,0.16498417888369526,0.2543464836910509,-0.1449951154327978,1,0,0
0,242.0444011689863,507.95559883101373,0.4148552278995512,0.14426039524707912,0.0057984539834835536,0,0,0
0,711.2611344197514,38.73886558024856,0.14732801129507528,0.0507929390443143,-0.34584947320348075,0,0,0
0,545.6596973156646,204.34030268433537,0.2704169286249175,0.17695845107641897,-0.10921159504474431,0,0,0
0,635.2638859372887,114.7361140627113,0.05386151062748537,0.1877451616959991,-0.3160589734845543,0,0,0
0,21.68599874221766,728.3140012577824,0.20798858535251402,0.09118526102987039,-0.24883580935904148,0,0,0
0,61.60113762424457,688.3988623757555,0.24376324826334644,0.1621419638874955,-0.14920011387634646,0,0,0
0,188.54786399632627,561.4521360036738,0.2744926072710344,0.13332132968763752,-0.1444093256485307,0,0,0
0,590.7647930975186,159.23520690248142,0.0,0.010941280000276943,-0.5290439776381897,0,0,0
0,613.1024319705854,136.89756802941463,0.47216411901301636,0.0436461681607951,-0.027445459280706963,0,0,0
0,131.21941274538008,618.78058725462,0.11482877095465611,0.12529769076949812,-0.31129443699123444,0,0,0
0,214.08725011515773,535.9127498848422,0.1881551206454782,0.2069604948544597,-0.16447156362394694,0,0,0
0,974.8509889672745,224.85098896727447,0.0,0.14709446804211906,-0.4065061084005317,0,0,0
0,395.333179369324,354.666820630676,0.0,0.061477116343261674,-0.4835617249295034,0,0,0
0,662.6515257433882,87.34847425661178,0.3418214762357568,0.1527065089502959,-0.05963379534741575,0,0,0
0,566.8242096002621,183.17579039973793,0.34517275066019115,0.027959360615455994,-0.16855495442433732,0,0,0
0,212.64934187594065,537.3506581240594,0.14388002064950478,0.08997894415217808,-0.3140300592519738,0,0,0
0,140.1247561698683,609.8752438301317,0.26649961864239646,0.057797657591297166,-0.220373619163875,0,0,0
0,711.2179332049146,38.78206679508537,0.4077722829774526,0.09563143274668633,-0.045050557188968554,0,0,0
0,644.5860182146816,105.41398178531836,0.1535879576603955,0.10971666145735635,-0.28655817666642264,0,0,0
0,716.9654886008495,33.03451139915046,0.0,0.11815978138575996,-0.4325473263912549,0,0,0
0,248.07853953758175,501.9214604624183,0.10359828511716736,0.1903342024053739,-0.263992062356435,0,0,0
0,385.87809536449913,364.12190463550087,0.11735385956662847,0.03709597485882782,-0.3881508926988654,0,0,0
0,496.5573977308195,253.4426022691805,0.022573292823098473,0.0,-0.5163178368153404,0,0,0
0,31.802235333504903,718.1977646664951,0.08011646760680263,0.06311696566473707,-0.40196939293337286,0,0,0
0,511.2876005838397,238.71239941616028,0.024110208732208066,0.09816266345437946,-0.4264345237972893,0,0,0
0,132.99191460475257,617.0080853952475,0.2815921604586846,0.10474325862886436,-0.16303003641377634,0,0,0
0,549.7822032961291,200.21779670387093,0.016728412986916047,0.05031517827487145,-0.4768790562041385,0,0,0
0,787.563606470682,37.563606470681975,0.1806284708621622,0.03933805648760911,-0.3228584079374285,0,0,0
0,635.9250429941385,114.0749570058615,0.11279452485880381,0.10232820284620348,-0.33400122221805195,0,0,0
0,458.7767074393613,291.2232925606387,0.13055074835711497,0.0,-0.4083403812813239,0,0,0
0,271.52143470858135,478.47856529141865,0.2465643300180823,0.031667247812659824,-0.26382627658896274,0,0,0
0,851.2072402111238,101.2072402111238,0.2279457409801456,0.05406316922412406,-0.2622885363565816,0,0,0
0,214.31561498193608,535.684385018064,0.2242513176043205,0.09137483165083411,-0.2324024635483677,0,0,0
0,372.0306143489578,377.9693856510422,0.5804403921778989,0.1972159676985206,0.2190436334681285,1,1,1
0,286.7264236977165,463.2735763022835,0.027145419659776737,0.11415743237634206,-0.4090040208399543,0,0,0
0,111.98000312956435,638.0199968704356,0.17779533102141196,0.07861774192771383,-0.2903398308820845,0,0,0
0,732.0385333935012,17.96146660649879,0.10164590802639042,0.03224217738390624,-0.4082272619665328,0,0,0
0,112.52618240668532,637.4738175933147,0.13144176897183596,0.1375842233545203,-0.28362355964753466,0,0,0
0,61.713333104930435,688.2866668950695,0.3723185745345813,0.0927156738372349,-0.08312844865034619,0,0,0
0,608.4856227649998,141.5143772350002,0.32213559763172195,0.08843110277356679,-0.1371675395105068,0,0,0
0,821.2923478613001,71.29234786130007,0.37569407355170725,0.10341121609468266,-0.07012696160151721,0,0,0
0,798.0993379592085,48.09933795920847,0.1455054888371777,0.021049360139242093,-0.3744412166759433,0,0,0
0,506.32831597976656,243.67168402023344,0.2640251885602867,0.10077534774826197,-0.1841681281047164,0,0,0
0,140.37777077737778,609.6222292226222,0.1895422387014873,0.18715572442675407,-0.18090873895287296,0,0,0
0,619.4968717387238,130.50312826127617,0.10402812742142119,0.01132615423029494,-0.42466946340975226,0,0,0
0,514.9731653960042,235.02683460399578,0.5061368757782467,0.1372824560201109,0.09079995655790762,0,0,0
0,447.25678466667796,302.74321533332204,0.3952631206309474,0.1269585506028457,-0.02936531346493032,0,0,0
0,186.26973921226875,563.7302607877313,0.2847987395189747,0.16017087594767157,-0.10993860176655978,0,0,0
0,789.1096972317775,39.109697231777545,0.16829607412445308,0.10274408468144898,-0.2781253793006817,0,0,0
0,271.5814112162479,478.4185887837521,0.0023643676850008954,0.21155796776540395,-0.34612459096457443,0,0,0
0,750.7398113239913,0.7398113239912618,0.06686556248164793,0.1541501240429457,-0.33329045551813985,0,0,0
0,800.2520214239291,50.252021423929136,0.1367393788528718,0.14522386906562904,-0.27145026862650096,0,0,0
0,432.2149147781831,317.7850852218169,0.12983017157248067,0.018568416446505073,-0.3923493832641036,0,0,0
0,374.079433126886,375.920566873114,0.2216660398108342,0.17557345852776385,-0.15920897715261723,0,0,0
0,846.8258226228021,96.8258226228021,0.2356605014512042,0.16420656766650565,-0.15544471728737957,0,0,0
0,928.6840147422373,178.6840147422373,0.0,0.07974420365497345,-0.46712134634896274,0,0,0
0,399.8566125597074,350.1433874402926,0.2406405184370558,0.1727316037992696,-0.1427921677820404,0,0,0
0,677.4174939303937,72.58250606960632,0.0,0.08147272252539721,-0.4655656793655814,0,0,0
0,734.3946144580611,15.605385541938858,0.4240077639415546,0.091958045787297,-0.03212112448831694,0,0,0
0,323.1094947371469,426.8905052628531,0.3428373252198024,0.12628028095948143,-0.08240155155510315,0,0,0
0,56.63109746530848,693.3689025346915,0.2000259223339626,0.11025358704457837,-0.23963697896435576,0,0,0
0,5.404921834137988,744.595078165862,0.3128131368070646,0.13587568750990775,-0.10378987407245732,0,0,0
0,625.9955973136844,124.00440268631564,0.18941809199499898,0.043464570347674106,-0.3103549243305332,0,0,0
0,792.4249928973578,42.42499289735781,0.22832286496217302,0.14412486128763047,-0.1808558895173984,0,0,0
0,742.9473487112775,7.052651288722473,0.3811500791713871,0.03227298858140165,-0.1286953607437903,0,0,0
0,685.1652498273828,64.83475017261719,0.3586352739707581,0.09380888751214442,-0.09582785690675077,0,0,0
0,502.07925947900833,247.92074052099167,0.023797152897958196,0.03744393470465089,-0.4813944355062949,0,0,0
0,494.44305823389146,255.55694176610854,0.2285328068262727,0.01708364557750175,-0.29498304179241464,0,0,0
0,611.4684953903081,138.53150460969186,0.31467895687430897,0.0812920024495809,-0.15104937055950707,0,0,0
0,719.6827388807638,30.31726111923615,0.07803770898083967,0.025665378595668642,-0.43775457992149747,0,0,0
0,789.007366228194,39.00736622819397,0.0,0.11736524873025199,-0.4332624057812121,0,0,0
0,42.544120077954275,707.4558799220457,0.13634592898976053,0.0532679296950224,-0.3546040639231582,0,0,0
0,869.6388843271625,119.63888432716249,0.14811988099590115,0.13765074390605217,-0.26688557912709077,0,0,0
0,91.22689611691403,658.7731038830859,0.2724930066349467,0.07752185543562837,-0.19662845311142663,0,0,0
0,348.43926057579455,401.56073942420545,0.19793431948022594,0.16314261848747555,-0.19412845351948493,0,0,0
0,830.7243077555335,80.72430775553346,0.00864177081008316,0.12059255177930363,-0.42171606222698244,0,0,0
0,449.58082755044325,300.41917244955675,0.42911013457391045,0.17909901883743218,0.05140812188916055,0,0,1
0,98.32712387440368,651.6728761255963,0.16924250280199898,0.06503026886525265,-0.3111213848577125,0,0,0
0,657.2883658289604,92.71163417103958,0.057802667182973166,0.13821128977346692,-0.35669830165934546,0,0,0
0,193.57528660747823,556.4247133925218,0.2665980210924727,0.17093835482466302,-0.11844858920376944,0,0,0
0,686.2116533256888,63.78834667431124,0.09772172672737718,0.14360782252765447,-0.3119223626361727,0,0,0
0,808.4047652715152,58.4047652715152,0.44859393379731055,0.09564293536512476,-0.004218554012516029,0,0,0
0,933.7901269428918,183.7901269428918,0.1523590415513058,0.08645944041108099,-0.3087185917171602,0,0,0
0,128.43888867801178,621.5611113219882,0.4105849641248964,0.11532301613433407,-0.02451545099264174,0,0,0
0,519.7737622338548,230.22623776614523,0.5230405879784649,0.1351775542101541,0.10580925712916467,0,0,0
0,725.8304800754643,24.169519924535734,0.22723434028122225,0.11389455343942237,-0.2091516912617365,0,0,0
0,176.54379520032072,573.4562047996793,0.48175877899251185,0.10291956834716635,0.03549526086652266,0,0,0
0,850.7187369458895,100.71873694588953,0.281776644148588,0.08197456784155578,-0.18333737443245068,0,0,0
0,687.6535745951574,62.34642540484265,0.05829974056327114,0.09628421796274965,-0.39393559290869307,0,0,0
0,78.30106977487183,671.6989302251282,0.2524096942828014,0.10053478642939476,-0.19600012756918217,0,0,0
0,604.8498483801706,145.15015161982944,0.33543043833650843,0.06851224597194724,-0.1417996699271779,0,0,0
0,460.5346302013836,289.4653697986164,0.0,0.17214705834558652,-0.383958777127411,0,0,0
0,833.9937851744976,83.99378517449759,0.4976458133806778,0.11001482687512641,0.057768027929852694,0,0,0
0,724.722477397792,25.277522602208023,0.3574753144918113,0.15366852147759677,-0.04311414581679052,0,0,0
0,940.7171361208229,190.71713612082294,0.14876211160895794,0.15431939462538125,-0.2512415628666378,0,0,0
0,669.8220088215938,80.17799117840616,0.22636690004772986,0.15086367551048002,-0.17674692163127703,0,0,0
0,841.6026336852952,91.60263368529525,0.0,0.14782146705954316,-0.40585180928485004,0,0,0
0,255.27035746606475,494.72964253393525,0.2589067738474663,0.17981357603456674,-0.11815213735986252,0,0,0
0,953.1752633579889,203.1752633579889,0.19190232343320687,0.04502588472490365,-0.30646550995281874,0,0,0
0,412.0606707714112,337.9393292285888,0.21474305074061475,0.12377883879611837,-0.21274712398131757,0,0,0
0,690.0390804886395,59.960919511360544,0.12245083712075373,0.13660186427533633,-0.2934986146698825,0,0,0
0,120.09841002389987,629.9015899761001,0.0,0.09257164326220428,-0.455576650702455,0,0,0
0,349.4661052605058,400.5338947394942,0.25759037628640824,0.09865449260325099,-0.19251171000910472,0,0,0
0,380.31701237926893,369.68298762073107,0.19787876714039027,0.05940695805790567,-0.2875461002459335,0,0,0
0,466.39347634176164,283.60652365823836,0.19622360479659498,0.0331930071202568,-0.31279381843361276,0,0,0
0,569.8622506648668,180.1377493351332,0.0,0.08385301929434771,-0.4634234122735259,0,0,0
0,592.3513820219018,157.64861797809817,0.17517156228437009,0.14755765486077416,-0.23091767797937202,0,0,0
0,435.8805936512643,314.1194063487357,0.3798962631585432,0.06847632608905291,-0.09736617299974809,0,0,0
0,753.6509507945924,3.6509507945924042,0.19317537741367774,0.1322989879069253,-0.22664666310852838,0,0,0
0,284.9701294099953,465.0298705900047,0.13511382559186624,0.0009126539943636325,-0.40295591545164533,0,0,0
0,136.57806568884158,613.4219343111585,0.29959394589018074,0.14189206717467617,-0.11159432329104957,0,0,0
0,947.1081514785621,197.10815147856215,0.25591301058418264,0.0417838831150944,-0.2453726242506713,0,0,0
0,306.3031659142608,443.6968340857392,0.3552578030485925,0.07979572290282552,-0.1118171759773034,0,0,0
0,252.95817600261972,497.0418239973803,0.16511532522237665,0.06995829344172924,-0.31081334031850594,0,0,0
0,780.6841545792304,30.68415457923038,0.3784066651301423,0.08577764445807945,-0.08328458449602505,0,0,0
0,597.6716575443496,152.3283424556504,0.16765383328578531,0.054222184922679835,-0.3224373299222417,0,0,0
0,468.38992813917366,281.61007186082634,0.1360499939093497,0.07065149242093847,-0.3392547925502446,0,0,0
0,544.7618859985027,205.23811400149725,0.5632415508012273,0.09362185464576646,0.10861009034397817,0,1,0
0,535.2569085037034,214.74309149629664,0.04030996180373653,0.014810338971741638,-0.4852518627601349,0,0,0
0,364.3615601998292,385.6384398001708,0.3087754638222568,0.1297496568702739,-0.11334097463293558,0,0,0
0,547.2521435626994,202.74785643730058,0.1089612962470336,0.08307008095742793,-0.3551667605297201,0,0,0
0,254.6577255675654,495.3422744324346,0.646202676742019,0.1437279184238121,0.23666667368501104,1,1,0
0,364.66799860624445,385.33200139375555,0.0,0.14156673402304745,-0.4114810690176962,0,0,0
0,66.66573249189366,683.3342675081063,0.28987941830303293,0.08296902437879335,-0.17433958939449196,0,0,0
0,828.5452416983405,78.54524169834053,0.15256475521736332,0.02969473057459085,-0.3596011169039438,0,0,0
0,16.255260745927313,733.7447392540727,0.36251074962990776,0.0,-0.17638038000853112,0,0,0
0,50.69109560413943,699.3089043958606,0.292294188978363,0.05022708123421807,-0.2013925675492796,0,0,0
0,306.0109935771841,443.9890064228159,0.10353167371469431,0.09012443246696723,-0.35424746670347407,0,0,0
0,67.06392236374836,682.9360776362516,0.043989739185475885,0.07063815832730613,-0.4313270479583875,0,0,0
0,242.4913551253032,507.5086448746968,0.0,0.14773246068639798,-0.4059319150206807,0,0,0
0,162.1397577586472,587.8602422413528,0.3682270144440538,0.05006081508314311,-0.12560938161955626,0,0,0
0,754.1633306404298,4.163330640429763,0.4300864376447509,0.05326937192433778,-0.06086225726178396,0,0,0
0,627.2297627213542,122.77023727864582,0.1665899401852214,0.0626977425886535,-0.3158732211234293,0,0,0
0,307.59395697942773,442.40604302057227,0.10562295654316975,0.1643238854077101,-0.2853766762283301,0,0,0
0,190.12347659035578,559.8765234096443,0.0,0.10268487968137262,-0.44647473792520354,0,0,0
0,225.41633302907405,524.583666970926,0.3221848283330652,0.08825701129184724,-0.13727499114271113,0,0,0
0,866.7891615982508,116.78916159825076,0.2965879088250757,0.058204305851776446,-0.18991934554676437,0,0,0
0,172.48650385051945,577.5134961494805,0.18474200285929043,0.12232346506836633,-0.24405800821761875,0,0,0
0,97.76320348977774,652.2367965102222,0.19559086446722887,0.09180565255217493,-0.26067517787425254,0,0,0
0,215.56120050672067,534.4387994932794,0.5286409902318053,0.09623116445727244,0.07635790860491165,0,0,0
0,488.07790032872776,261.92209967127224,0.14332293305659433,0.05594547376403912,-0.34521727019420934,0,0,0
0,102.35907057954785,647.6409294204522,0.43157095805747253,0.16442168835692872,0.040659347940269486,0,0,1
0,5.525172435121628,744.4748275648784,0.38960625138858895,0.08655765170364305,-0.0713829917165712,0,0,0
0,125.8748137915916,624.1251862084084,0.0,0.05625875845261952,-0.48825824703108134,0,0,0
0,998.8869551236827,248.8869551236827,0.1740129179054758,0.22956467743170897,-0.15827000204442498,1,0,0
0,239.06130341628605,510.938696583714,0.4502587666888011,0.06246064523990023,-0.0324177822337276,0,0,0
0,295.751810908542,454.248189091458,0.35048081860358554,0.15175704601417772,-0.05182896962209338,0,0,0
0,524.9266943916003,225.07330560839966,0.3075141142448339,0.13961950417323954,-0.10571946163768942,0,0,0
0,766.0423750521851,16.042375052185093,0.0,0.16819615828848256,-0.3875145871788046,0,0,0
0,98.46493715041504,651.535062849585,0.2949271216219034,0.11006101432137748,-0.14490909512729577,0,0,0
0,986.2198943222528,236.2198943222528,0.12012613561504479,0.06874876581821732,-0.3568911047869985,0,0,0
0,674.8884843186022,75.1115156813978,0.16442530841464092,0.10177859756565918,-0.2828650834147047,0,0,0
0,183.61402721040298,566.385972789597,0.11760765961518359,0.03507117994003514,-0.38971940807722366,0,0,0
0,945.4160907714636,195.4160907714636,0.22841373996358263,0.034803952213954964,-0.27915383268229677,0,0,0
0,301.5706805207918,448.4293194792082,0.2526986547805375,0.11001944142697367,-0.1871749775736251,0,0,0
0,784.6708530142859,34.67085301428585,0.10691975193335249,0.11999252024529831,-0.32397810948431793,0,0,0
0,217.1974375022768,532.8025624977232,0.34223312550481144,0.11717865788943907,-0.09119721203313225,0,0,0
0,114.61231885428991,635.3876811457101,0.251297904967941,0.03175099991900797,-0.2590173247433907,0,0,0
0,11.554982622081877,738.4450173779181,0.041085692094678106,0.010185962936106518,-0.48863807090126493,0,0,0
0,384.1498004497346,365.8501995502654,0.09578415152529117,0.09079095741613166,-0.3613951164386292,0,0,0
0,443.0611622572067,306.9388377427933,0.0019507952014437557,0.16123113471794343,-0.39183231319084605,0,0,0
0,972.4674674593007,222.46746745930068,0.2824703780381922,0.056587870829391276,-0.20549166785379452,0,0,0
0,379.665336323176,370.334663676824,0.4903225454953385,0.016898542586784193,-0.033359895814994656,0,0,0
0,136.99454266604937,613.0054573339506,0.21930529887156577,0.09244447791605179,-0.23638580064242648,0,0,0
0,712.2414056965932,37.75859430340677,0.0,0.07635019896162691,-0.4701759505729747,0,0,0
0,0.3898768648125106,749.6101231351875,0.20650634171903012,0.0,-0.33238478791940873,0,0,0
0,921.0472398203065,171.04723982030646,0.14850540562864303,0.14227759650940944,-0.2623358871513274,0,0,0
0,169.75983820325058,580.2401617967494,0.20611120371094557,0.07330478295305065,-0.2668056212697477,0,0,0
0,598.2403075916678,151.75969240833217,0.19572191817022627,0.10371004348951457,-0.24983017232764948,0,0,0
0,898.5863358314589,148.58633583145888,0.1724313123111548,0.06428122137999154,-0.3086067180852917,0,0,0
0,161.8655129768959,588.1344870231042,0.3551817928699601,0.15780702602468102,-0.041683013346265896,0,0,0
0,928.3284036994751,178.32840369947507,0.1850516449484837,0.07673869337387337,-0.2847746606534691,0,0,0
0,90.60659721308096,659.3934027869191,0.16954051376296186,0.1756912911620853,-0.21122845382960026,0,0,0
0,878.0500650657913,128.05006506579127,0.22060202565312476,0.07803607341948973,-0.24805663790777338,0,0,0
0,320.1458821472546,429.8541178527454,0.1723879283588339,0.11979375067377863,-0.2586888256732042,0,0,0
0,98.33574425704694,651.6642557429531,0.5014959948999269,0.0937466581411879,0.046976857588557186,0,0,0
0,82.7681861239844,667.2318138760156,0.48236765015538297,0.0609913743159518,-0.0016312425986992896,0,0,0
0,463.4103545751902,286.5896454248098,0.4210192043037889,0.12842149910671652,-0.002292576138605118,0,0,0
0,490.0048371043576,259.9951628956424,0.30934684621122915,0.08925496253972966,-0.14921481714145302,0,0,0
0,49.99393765656024,700.0060623434398,0.0,0.13551183075983966,-0.41693048195458315,0,0,0
0,172.87627703102336,577.1237229689766,0.2748195930982537,0.14306837559384086,-0.1353099985057284,0,0,0
0,209.35941974011186,540.6405802598881,0.2815137490409026,0.034642262858467124,-0.22619934402491587,0,0,0
0,905.1148093306346,155.11480933063456,0.054186845369742276,0.05323317631801995,-0.43679442558247866,0,0,0
0,645.1556977614143,104.84430223858567,0.24209269340892237,0.1428703459335914,-0.16821512488928425,0,0,0
0,539.5125970078872,210.48740299211283,0.0,0.20442183095199112,-0.3549114817816469,0,0,0
0,550.1497073243921,199.85029267560788,0.16503136145671635,0.04711737537190942,-0.33145413034700405,0,0,0
0,965.8488946463574,215.8488946463574,0.5290461692298172,0.09604454973046057,0.07659513434879284,0,0,0
0,680.3522385206354,69.64776147936459,0.6248735326178326,0.10420529494048061,0.1797671684258263,1,1,0
0,296.08137662142474,453.91862337857526,0.43082192486181126,0.035921977239534,-0.07573942526104704,0,0,0
0,724.4789618358835,25.521038164116476,0.17910654652059946,0.09846639960244406,-0.27116482347563975,0,0,0
0,408.4126925967758,341.5873074032242,0.15500196337090122,0.0307701421605671,-0.35619603832302726,0,0,0
0,850.1603201225402,100.16032012254016,0.2106497074260347,0.09607697265030095,-0.24177214682713333,0,0,0
0,66.75254386970475,683.2474561302953,0.0,0.2083720655628465,-0.351356270631877,0,0,0
0,266.67271098223677,483.32728901776323,0.49401855905905756,0.05639402197047576,0.00588204919404689,0,0,0
0,564.7425114325919,185.25748856740813,0.11442442230059849,0.07968526153826198,-0.35274997195340463,0,0,0
0,126.16602674821664,623.8339732517834,0.20180360790451368,0.13009106885855565,-0.2200055597612251,0,0,0
0,401.82261969260725,348.17738030739275,0.3107749104711933,0.10045688332507087,-0.13770502417468178,0,0,0
0,371.13880450621997,378.86119549378003,0.028417577338425204,0.04929806753733255,-0.4661052915164144,0,0,0
0,292.0895960818325,457.9104039181675,0.23928944241175193,0.0981060235153323,-0.21130626606288788,0,0,0
0,133.02645076383345,616.9735492361665,0.31193012547311577,0.09065524118960207,-0.14537128709468128,0,0,0
0,18.166348384886287,731.8336516151137,0.0,0.0970045577580259,-0.45158702765621556,0,0,0
0,187.85035791099403,562.149642089006,0.37362338526046485,0.09637286267764043,-0.07853216796809764,0,0,0
0,507.5471186579722,242.4528813420278,0.2658092250883685,0.08961854811242903,-0.19242521124888423,0,0,0
0,917.2960080673671,167.2960080673671,0.28033881878208666,0.09500006725382418,-0.17305225032791044,0,0,0
0,479.07416818033374,270.92583181966626,0.42788093291961343,0.08537407955585294,-0.03417352511855776,0,0,0
0,584.0499265945286,165.95007340547136,0.259015391889516,0.0,-0.2798757377489229,0,0,0
0,199.32139668034776,550.6786033196522,0.23362832084454116,0.05083031822861486,-0.25951552238814435,0,0,0
0,837.2896247661656,87.28962476616562,0.25507275254897654,0.09215347769717668,-0.2008802471620033,0,0,0
0,119.93634685605691,630.063653143943,0.4360844888673589,0.039980832267616034,-0.06682389173022557,0,0,0
0,977.9810920636796,227.98109206367963,0.2593386755251198,0.0,-0.2795524541133191,0,0,0
0,645.2119432288553,104.78805677114474,0.0,0.125652432714475,-0.4258039401954114,0,0,0
0,296.07684613578147,453.92315386421853,0.1153953227425409,0.12385292508397933,-0.3120281743203166,0,0,0
0,43.70811634093674,706.2918836590633,0.22551947422016172,0.06313852012294668,-0.25654698730762515,0,0,0
0,332.9912591132053,417.0087408867947,0.05894141407305181,0.15512919601261616,-0.3403334391540325,0,0,0
0,800.4145182849752,50.4145182849752,0.030219651672302644,0.0016551281510056026,-0.5071818626302312,0,0,0
0,905.3122386934843,155.31223869348435,0.22185639708142219,0.07586976516672614,-0.2487519439069632,0,0,0
0,30.596068704306532,719.4039312956935,0.011677686730698522,0.06802559456714932,-0.46599040779730594,0,0,0
0,320.4875985451339,429.5124014548661,0.28157459134505414,0.07390535943141048,-0.19080171480511532,0,0,0
0,203.11585150456546,546.8841484954346,0.04394604854164777,0.0,-0.49494508109679114,0,0,0
0,25.32856283756835,724.6714371624316,0.05548210868890299,0.11406252371513825,-0.38075274960591143,0,0,0
0,473.421405416796,276.578594583204,0.1023138568429278,0.08123399653843327,-0.36346667591092113,0,0,0
0,469.3529718362871,280.6470281637129,0.2856837916260076,0.09342963534855585,-0.169120666198731,0,0,0
0,757.8253505728592,7.825350572859179,0.47731866298430614,0.077680873363977,0.008340319373446592,0,0,0
0,839.6869236981449,89.68692369814494,0.33418292855899057,0.12912582087772337,-0.08849496228949727,0,0,0
0,30.078370737116835,719.9216292628831,0.2071703521174479,0.16667733944096497,-0.1817111720241225,0,0,0
0,256.24446068561724,493.75553931438276,0.2870787116079247,0.06289838351587429,-0.1952038728662273,0,0,0
0,927.2778238413451,177.27782384134514,0.2918370040196845,0.2146879353137592,-0.053834983836371086,0,0,0
0,196.88225699206052,553.1177430079395,0.23146027730625754,0.16618888288879818,-0.157860857732263,0,0,0
0,924.4913297345506,174.49132973455062,0.2606757027013946,0.14299453599661666,-0.14952034454008928,0,0,0
0,493.1992764309099,256.8007235690901,0.5300321989329722,0.1360509628337516,0.11358693584490975,0,1,0
0,246.07535958305272,503.9246404169473,0.04852163101500237,0.011719984727574129,-0.4798215123686198,0,0,0
0,26.373717859043854,723.6262821409562,0.3706790806410907,0.076583620152838,-0.09928679085979403,0,0,0
0,952.9454529531428,202.94545295314276,0.20204733832887936,0.10345044518491224,-0.24373839064313851,0,0,0
0,184.12058806426336,565.8794119357367,0.5690293986784969,0.12146721212909029,0.13945875995623924,0,1,0
0,225.14418516939904,524.8558148306009,0.13294202689339513,0.03181776587681666,-0.3773131134559088,0,0,0
0,323.33748771051086,426.66251228948914,0.367833750587359,0.13338142008674186,-0.05101410097301218,0,0,0
0,442.7218211767394,307.2781788232606,0.6380267943906053,0.17096557075787983,0.2530046784342582,1,1,1
0,207.32866802949644,542.6713319705036,0.1261549646344911,0.05626931611379943,-0.3620937805015283,0,0,0
0,422.0358649770638,327.9641350229362,0.0,0.1378929221945783,-0.4147874996633184,0,0,0
0,899.4905842813187,149.49058428131866,0.03828987993899893,0.02404379476284854,-0.47896183441287626,0,0,0
0,312.75998144102556,437.24001855897444,0.2667122911620486,0.05952181137214344,-0.21860920824146118,0,0,0
0,797.4820736026762,47.48207360267622,0.2981929059578603,0.13766515823922706,-0.11679958126527423,0,0,0
0,470.79775093629974,279.20224906370026,0.3033877378858358,0.10466513082635041,-0.14130477400888775,0,0,0
0,378.46205951817115,371.53794048182885,0.1829338404085104,0.0666205798851697,-0.29599876733327574,0,0,0
0,314.3639866583019,435.6360133416981,0.07484940705943433,0.07424987000677823,-0.39721683957290416,0,0,0
0,460.3201565200027,289.6798434799973,0.11316682500188786,0.17722551692290212,-0.2662213394059391,0,0,0
0,911.3467091081599,161.34670910815987,0.09136976851653393,0.18303162596652559,-0.2827928977520319,0,0,0
0,587.195543173072,162.804456826928,0.32696384485505103,0.13901629684013506,-0.08681261762726633,0,0,0
0,698.951455502559,51.04854449744096,0.27680407062948087,0.08311678816516621,-0.18728194966030842,0,0,0
0,970.7492683574775,220.7492683574775,0.2719481968573612,0.03772711323637273,-0.2329885308683422,0,0,0
0,921.004888672381,171.00488867238096,0.27124859651771116,0.08048379651308186,-0.19520711625895404,0,0,0
0,227.6672669145151,522.332733085485,0.2621958052665092,0.03933117517790911,-0.24129726671181145,0,0,0
0,393.3569650954957,356.6430349045043,0.14145969462385097,0.19942775606760801,-0.21794645455374073,0,0,0
0,782.3117150034783,32.3117150034783,0.2899642377249885,0.1322919397982119,-0.12986414609505964,0,0,0
0,548.0488924583534,201.9511075416466,0.46324675595779496,0.0965879300436052,0.011284763358600736,0,0,0
0,8.146853602533866,741.8531463974662,0.34425210940499396,0.10464805058394114,-0.1004557747078979,0,0,0
0,408.4955047044967,341.5044952955033,0.3299799855927892,0.15132021838258236,-0.07272294750132557,0,0,0
0,691.8795150974449,58.12048490255506,0.00638781538918104,0.0,-0.5325033142492579,0,0,0
0,576.9380260902695,173.06197390973045,0.23470004393112515,0.13744362472132327,-0.1804918234581228,0,0,0
0,528.1719634145728,221.82803658542718,0.3413664064704862,0.053982571512904955,-0.1489404088063382,0,0,0
0,918.7697843706669,168.7697843706669,0.20320565633110535,0.09325240136882208,-0.2517583120753937,0,0,0
0,773.809628804257,23.809628804257045,0.13258510424332876,0.14079155434303567,-0.27959362648637803,0,0,0
0,87.86496596743243,662.1350340325675,0.0,0.05959213037249705,-0.48525821230319155,0,0,0
0,802.0666755123244,52.06667551232442,0.212893058293945,0.13100649844893364,-0.20809222274045358,0,0,0
0,86.71612282310048,663.2838771768995,0.2289625078242604,0.060375932774079225,-0.2555902823175072,0,0,0
0,233.07026255390096,516.929737446099,0.3437448511932028,0.07527462343797083,-0.12739911735106235,0,0,0
0,949.4999687732998,199.49996877329977,0.21926953676839775,0.0933915168717126,-0.23556922768549982,0,0,0
0,291.0220937084702,458.9779062915298,0.24426077935151322,0.078587454706788,-0.22390164105081645,0,0,0
0,863.9222545505486,113.92225455054859,0.007358546055297233,0.11867936755786238,-0.4247211527810655,0,0,0
0,113.94297340192527,636.0570265980747,0.0,0.14265605098879167,-0.4105006837485264,0,0,0
0,473.9415763110706,276.0584236889294,0.14929984939765606,0.07807630388236264,-0.31932260674665647,0,0,0
0,486.7978409773248,263.2021590226752,0.2803049847499781,0.06738650414578423,-0.19793829115725498,0,0,0
0,353.2530444957307,396.7469555042693,0.018778196486149035,0.09214295858958946,-0.4371842704216593,0,0,0
0,657.4853588473849,92.51464115261513,0.24158312339623284,0.10840033794004869,-0.19974770209616222,0,0,0
0,649.1600094733112,100.83999052668878,0.35707753009488363,0.09379972825575905,-0.0973938441133721,0,0,0
0,531.3292787538771,218.67072124612287,0.24936056047888588,0.08241499591092874,-0.2153570728397171,0,0,0
0,51.72738887709005,698.2726111229099,0.23784504725092526,0.08522707837606705,-0.22434171184905327,0,0,0
0,651.9122707839078,98.08772921609216,0.02180764130344298,0.15330825282734867,-0.3791060607903821,0,0,0
0,379.6853569161672,370.3146430838328,0.18087022712538567,0.12837508439454587,-0.2424833265579619,0,0,0
0,494.17666497664226,255.82333502335774,0.42238151787966094,0.0803838327396642,-0.04416416229308018,0,0,0
0,721.1860487281451,28.813951271854876,0.4073999155106334,0.036601049848746514,-0.09855026926393362,0,0,0
0,575.5906193831178,174.40938061688223,0.02271219488195056,0.0951041964984608,-0.4305851579078736,0,0,0
0,356.8793171991646,393.1206828008354,0.1908549953134491,0.13728204209791495,-0.22448229643686635,0,0,0
0,56.760601470460244,693.2393985295398,0.1744971089728405,0.100383241084593,-0.27404910368946467,0,0,0
0,917.8019623891425,167.80196238914255,0.19360038975287933,0.024794981149054374,-0.3229752568514106,0,0,0
0,311.1792511280643,438.8207488719357,0.0,0.10109092141091061,-0.4479093003686193,0,0,0
0,286.5993469572219,463.4006530427781,0.23331037403280006,0.26289287772323355,-0.06897716565472861,1,0,0
0,237.75094454210256,512.2490554578974,0.27126783267960625,0.13933355276873366,-0.1422230994669723,0,0,0
0,693.5233310775671,56.47666892243285,0.5395828576929174,0.1794128127226618,0.1621632595048741,0,1,1
0,789.4866796896741,39.48667968967413,0.45514245564775835,0.17695784536379777,0.07551338683673747,0,0,1
0,848.2479218419523,98.24792184195235,0.18573083462245213,0.2038707236280408,-0.16967664375075003,0,0,0
0,912.7880224469188,162.78802244691883,0.3691925827435845,0.09236320613959087,-0.08657166136922256,0,0,0
0,389.24092953643776,360.75907046356224,0.25323173631365264,0.17706478560520292,-0.1263010862801036,0,0,0
0,483.0268538562485,266.9731461437515,0.5534933338034205,0.04556588455311553,0.05561150026278561,0,1,0
0,277.18314927699583,472.81685072300417,0.33626244690868956,0.19619274232874795,-0.026055214633876167,0,0,0
0,193.11357764984726,556.8864223501528,0.23338201306888623,0.09021315236383916,-0.2243172794420974,0,0,0
0,662.1448238478727,87.85517615212734,0.2624575825655663,0.1609120851303352,-0.1316126704555709,0,0,0
0,991.1812332986976,241.18123329869763,0.03556033717412327,0.20089392305478754,-0.3225262617150068,0,0,0
0,866.8796159696674,116.87961596966738,0.1493417529386291,0.17995154262859778,-0.22759298833407177,0,0,0
0,717.6475294199141,32.35247058008588,0.3152355697768321,0.15423278115196215,-0.08484605682484081,0,0,0
0,763.3704750305388,13.370475030538842,0.371722094028071,0.09459173699552632,-0.0820364723143942,0,0,0
0,398.82883464003606,351.17116535996394,0.025703707901145623,0.1573977722066832,-0.3715294267512784,0,0,0
0,816.8620640330685,66.86206403306846,0.11002312816581938,0.11266562656450439,-0.3274689375645655,0,0,0
0,853.8876480263815,103.8876480263815,0.12619904971039664,0.11324135768680839,-0.31077485800991467,0,0,0
0,535.1934801211298,214.80651987887018,0.12644351981925633,0.03297810997793932,-0.38276731083903714,0,0,0
0,933.0081591631063,183.00815916310626,0.38297551842329974,0.08553574140628789,-0.07893344394948004,0,0,0
0,878.2596974851928,128.25969748519276,0.21338897488307162,0.12691562340211726,-0.21127809369346173,0,0,0
0,327.59198647333477,422.40801352666523,0.22005018685933117,0.07693536214010313,-0.2495991168530149,0,0,0
0,713.0727130632969,36.927286936703126,0.47273128522365326,0.11052486720301619,0.033312536067928944,0,0,0
0,188.2091966851769,561.790803314823,0.13248936752435392,0.02452739527139905,-0.3843271063698258,0,0,0
0,134.03324339001765,615.9667566099823,0.2819284241973513,0.10600446942654482,-0.16155868295719722,0,0,0
0,465.4855233375805,284.5144766624195,0.05644602220950287,0.11643398683291539,-0.37765451927931215,0,0,0
0,392.58383545314945,357.41616454685055,0.11661319164255769,0.18503894619268513,-0.25574288642246457,0,0,0
0,932.5449414137084,182.54494141370844,0.29138154242492864,0.21338772518994165,-0.05546063454256278,0,0,0
0,14.178502709605855,735.8214972903942,0.030200336064617445,0.03545320962511858,-0.4767829049112147,0,0,0
0,156.60403004829448,593.3959699517055,0.10683807261988366,0.16268833623360923,-0.2856335544083069,0,0,0
0,927.7236381885116,177.7236381885116,0.0,0.13068026685946088,-0.4212788894649241,0,0,0
0,966.0900767162948,216.0900767162948,0.24833498028364484,0.10315635581653662,-0.19771542911991108,0,0,0
0,53.46723974969703,696.532760250303,0.0,0.18862179383625907,-0.3691315151858057,0,0,0
0,331.1458696450732,418.8541303549268,0.1825944764439219,0.06357381637143408,-0.2990802184602263,0,0,0
0,626.2393702838767,123.76062971612328,0.5898077234962213,0.0,0.050916593857782466,1,1,0
0,199.69781192690817,550.3021880730919,0.0,0.08417668538312563,-0.4631321127936258,0,0,0
0,915.118323521847,165.11832352184695,0.1416702946815593,0.2221045848823926,-0.19732670856272622,1,0,0
0,429.4980609628348,320.5019390371652,0.4929570213363315,0.11474428930335875,0.05733575207091546,0,0,0
0,593.896372810214,156.10362718978604,0.33288085792252653,0.12848373184810546,-0.09037491305261741,0,0,0
0,218.66208947303156,531.3379105269685,0.0,0.08630043833558698,-0.4612207351364106,0,0,0
0,350.5394230338121,399.4605769661879,0.08845636040565007,0.09113564761535313,-0.368412686378971,0,0,0
0,121.92719841922728,628.0728015807728,0.0433906160439155,0.10105383596703742,-0.4045520612241897,0,0,0
0,539.1622971660802,210.83770283391982,0.13615424444223972,0.09791124438287334,-0.31461676525161314,0,0,0
0,375.96601024455754,374.03398975544246,0.40553098571507973,0.06250979055729747,-0.0771013324217914,0,0,0
0,579.1644371466328,170.83556285336715,0.15883069849410597,0.1593525392424497,-0.23664314582612822,0,0,0
0,292.9766529319233,457.0233470680767,0.20379224388277348,0.06331233401029768,-0.2781177851463975,0,0,0
0,499.4890836982351,250.5109163017649,0.06345927598113535,0.12030122562857036,-0.3671607505915902,0,0,0
0,469.5403452935083,280.4596547064917,0.40207983029635086,0.046283040868696536,-0.09515656256026112,0,0,0
0,660.8495419930268,89.15045800697317,0.0,0.048489490060990736,-0.4952505885835472,0,0,0
0,758.6363868906669,8.636386890666927,0.27344925648409424,0.02635796814730118,-0.2417197018217736,0,0,0
0,387.48224173285195,362.51775826714805,0.14693391942461392,0.07480485070956704,-0.32463284457521463,0,0,0
0,706.3254790368776,43.674520963122404,0.0,0.08002918965682455,-0.4668648589472968,0,0,0
0,142.02543880748175,607.9745611925182,0.21818142291141823,0.06103536562243315,-0.2657778776668308,0,0,0
0,644.0206057306283,105.97939426937171,0.39389979218856613,0.12056611073649252,-0.036481837787029514,0,0,0
0,137.8248907947499,612.1751092052501,0.16155705462986047,0.08498984417704872,-0.3008432152492346,0,0,0
0,163.84731302065381,586.1526869793462,0.0,0.07728388964138914,-0.46933562896118863,0,0,0
0,361.0820460118038,388.9179539881962,0.2943932934804736,0.11570591692864401,-0.14036251092218566,0,0,0
0,383.4356466074923,366.5643533925077,0.2951512793058372,0.12245782940703522,-0.13352780386627,0,0,0
0,70.23503332691871,679.7649666730813,0.37599410419002766,0.06532159203680826,-0.1041075926152838,0,0,0
0,936.4681614434486,186.4681614434486,0.41792021901202614,0.14168384294420663,0.006544548023373231,0,0,0
0,560.2335111774298,189.76648882257018,0.20194693066911593,0.07562849765794936,-0.2688785510771685,0,0,0
0,942.5630975446028,192.56309754460278,0.031862948708370115,0.06259603510545154,-0.4506917493351624,0,0,0
0,68.15654939435112,681.8434506056489,0.015635852550809765,0.14197206330039552,-0.39548042011727313,0,0,0
0,967.3082902621326,217.30829026213257,0.33823320913421456,0.05254860953605168,-0.15336417192177781,0,0,0
0,625.6162244807291,124.3837755192709,0.17975349752958356,0.11793825728675451,-0.25299320055077623,0,0,0
0,234.5564641605198,515.4435358394802,0.32639390634458326,0.15347721656108007,-0.07436772838888356,0,0,0
0,306.4328703277723,443.5671296722277,0.2077211290953973,0.10468287746259637,-0.23695541082670485,0,0,0
0,398.1217934365252,351.8782065634748,0.20828464025270432,0.13773542304813127,-0.2066446086424164,0,0,0
0,247.38287606682275,502.61712393317725,0.1490840118878875,0.033264782704460635,-0.3598688133165368,0,0,0
0,701.3192449653193,48.680755034680715,0.14945643176473633,0.057010074803809395,-0.3381256305502741,0,0,0
0,422.6141652116615,327.3858347883385,0.3874950275974788,0.22665933601876895,0.05259730037593191,1,0,1
0,639.4703314050857,110.52966859491426,0.0,0.04935921500925951,-0.4944678361301053,0,0,0
0,308.30921251646635,441.69078748353365,0.0352963980508246,0.10001851477818957,-0.41357806828724364,0,0,0
0,289.150404642574,460.849595357426,0.19371209105063086,0.12255789107306181,-0.2348769366220524,0,0,0
0,441.9962774022913,308.0037225977087,0.4032429569007834,0.1170025411681768,-0.03034588568629637,0,0,0
0,559.0095706888209,190.99042931117913,0.09890626744373847,0.17792500492368526,-0.2798523577633837,0,0,0
0,498.0627278959641,251.9372721040359,0.46261009420953353,0.08775538786541408,0.002698813649967269,0,0,0
0,185.71701547437814,564.2829845256218,0.3032495483367029,0.10830212593283761,-0.1381696679621821,0,0,0
0,381.6930603738519,368.3069396261481,0.06462405236314392,0.07681976227513537,-0.4051292912276731,0,0,0
0,338.6299451753783,411.3700548246217,0.0,0.08766294693730109,-0.4599944773948679,0,0,0
0,859.0264912764017,109.02649127640166,0.07414757341357292,0.0988623708602345,-0.3757674224506549,0,0,0
0,53.412265724877564,696.5877342751224,0.2960850656665847,0.0,-0.24280606397185417,0,0,0
0,862.4411159321376,112.44111593213756,0.3137318652053439,0.13773103667082118,-0.10120133142935595,0,0,0
0,943.4221276874403,193.42212768744025,0.0656280717757067,0.09273035960924943,-0.3898057342144077,0,0,0
0,68.2866841406543,681.7133158593457,0.0,0.1711101858603738,-0.38489196236410245,0,0,0
0,5.113481698641897,744.8865183013581,0.261894955022018,0.06115586329712783,-0.22195589764900586,0,0,0
0,837.4435251008654,87.44352510086537,0.17666771538124051,0.12106058308936767,-0.25326888947676746,0,0,0
0,643.4226294602582,106.57737053974176,0.0,0.147762910960391,-0.405904509774087,0,0,0
0,497.94922580476685,252.05077419523315,0.018258577041239732,0.008120271966531714,-0.5133243078273206,0,0,0
0,480.21941807121004,269.78058192878996,0.1885275652179397,0.10942752334240138,-0.25187879341233793,0,0,0
0,706.871882911381,43.12811708861898,0.3376180777975365,0.1300336852255581,-0.0842427351379001,0,0,0
0,811.4422234028707,61.442223402870695,0.2984929530967429,0.10293325421974554,-0.147758247743925,0,0,0
0,952.3578988914835,202.3578988914835,0.26405586336300196,0.0625792856486724,-0.21851390919163177,0,0,0
0,840.3732539308076,90.37325393080755,0.3978027830908073,0.14630773924317966,-0.009411381228769944,0,0,0
0,307.25157514049585,442.74842485950415,0.155780179916005,0.05546428160789957,-0.33319309627532423,0,0,0
0,843.6692915863869,93.66929158638686,0.1967191904792754,0.10350274452880677,-0.24901946908323735,0,0,0
0,667.9660927881163,82.03390721188373,0.0,0.05822377036992461,-0.48648973630550674,0,0,0
0,309.57388011605116,440.42611988394884,0.22413298192169404,0.08006513847873362,-0.2426995230858846,0,0,0
0,835.2434300364934,85.24343003649335,0.0768957835478177,0.19709613766972417,-0.2846088221878694,0,0,0
0,784.891532892991,34.891532892990995,0.0,0.0,-0.5388911296384389,0,0,0
0,272.62321475738025,477.37678524261975,0.05199890659571979,0.07833797432207834,-0.4163880461528486,0,0,0
0,688.5849102724012,61.4150897275988,0.09765396733739272,0.12604595304990657,-0.3277958045561302,0,0,0
0,109.97043043471722,640.0295695652828,0.2745726733605831,0.15247486987234782,-0.12709107339274273,0,0,0
0,398.89323942943423,351.10676057056577,0.24894029349858393,0.14081344127352166,-0.16321873899368544,0,0,0
0,187.663247561762,562.336752438238,0.07365103204048673,0.05502673336084766,-0.41571603757318926,0,0,0
0,808.6378501439032,58.637850143903165,0.12745428946437162,0.09366614156877878,-0.32713731276216634,0,0,0
0,428.8284330638026,321.1715669361974,0.36636555327444414,0.13449876051500909,-0.05147669190048654,0,0,0
0,341.7492719260712,408.2507280739288,0.2594276302358343,0.07645736891543094,-0.21065186737871672,0,0,0
0,253.21768730058292,496.78231269941705,0.05162194468942782,0.026157267033612236,-0.46372764461876004,0,0,0
0,287.38127421435433,462.61872578564567,0.16232152012767467,0.09507887748263091,-0.2909986197763964,0,0,0
0,808.464292365084,58.46429236508402,0.13248297028388745,0.10955028310517684,-0.3078129045598923,0,0,0
0,587.7583222879838,162.2416777120162,0.3486044215499342,0.09078749251203846,-0.10857796482767007,0,0,0
0,367.829573356358,382.170426643642,0.0,0.07385611041276137,-0.47242063026695363,0,0,0
0,285.1466717443604,464.8533282556396,0.0,0.11153129747180623,-0.4385129619138133,0,0,0
0,782.0935216761961,32.09352167619613,0.40576933828478906,0.12601097078420503,-0.019711917647865285,0,0,0
0,373.86563138695396,376.13436861304604,0.0804641712387131,0.14592514059220996,-0.3270943318667368,0,0,0
0,70.62005176761433,679.3799482323857,0.0733818843014763,0.09111426009416959,-0.38350641125220997,0,0,0
0,974.8411160312311,224.84111603123108,0.15867270549288898,0.09525396581077343,-0.29448985491585383,0,0,0
0,940.9445445311329,190.94454453113292,0.17865321497347264,0.17716029961696142,-0.20079364500970098,0,0,0
0,719.6610546897907,30.338945310209283,0.1502496894624445,0.13109807186490985,-0.2706531754975755,0,0,0
0,48.16024207908198,701.839757920918,0.17865691000177403,0.028580355762707274,-0.3345118994502283,0,0,0
0,666.7350311764965,83.26496882350352,0.1748351773904206,0.10832664203487033,-0.266561974416635,0,0,0
0,590.62012672893,159.37987327106998,0.2614172486084161,0.05591046308764204,-0.22715446425114494,0,0,0
0,616.9546085334453,133.04539146655475,0.21453058700064992,0.1478482185913334,-0.19129714590558888,0,0,0
0,850.1724521235153,100.17245212351531,0.3196458215198465,0.17687407371525427,-0.06005864177486353,0,0,0
0,912.3295470517797,162.32954705177974,0.4337878055144231,0.011476122264308164,-0.09477481408613847,0,0,0
0,170.75517238152017,579.2448276184798,0.3905263837550347,0.1377704525937919,-0.02437133854899154,0,0,0
0,382.17702765859195,367.82297234140805,0.05106266551765709,0.10382282372324993,-0.39438792276985685,0,0,0
0,129.3116406761604,620.6883593238396,0.025313768630569056,0.22612679614361544,-0.3100632444786159,1,0,0
0,597.0084342613094,152.9915657386906,0.2542711564733067,0.16145166843495795,-0.13931347157367002,0,0,0
0,424.608766793916,325.391233206084,0.15969076941719157,0.009129824897691374,-0.37098351781332506,0,0,0
0,74.08447472311752,675.9155252768825,0.2783833581842203,0.08436215208295211,-0.18458183457956168,0,0,0
0,124.9762786960118,625.0237213039882,0.09885966724668793,0.07149357266183896,-0.3756872469960959,0,0,0
0,377.4023727935808,372.5976272064192,0.05285427340401594,0.11034750945511464,-0.38672409772481975,0,0,0
0,611.3249436831657,138.67505631683434,0.07100610992550171,0.012570029398396604,-0.45657199325438025,0,0,0
0,113.78252681633727,636.2174731836627,0.1523002297640167,0.09734382290815782,-0.29898145925708014,0,0,0
0,66.18667894983432,683.8133210501657,0.3354038118585543,0.11168162785245728,-0.10297385271267306,0,0,0
0,452.78402847150335,297.21597152849665,0.18941907242508682,0.034343927315318504,-0.3185625226295654,0,0,0
0,727.880823178993,22.119176821007045,0.1947196013584557,0.02169196688623856,-0.3246487580823685,0,0,0
0,775.4141586969577,25.414158696957657,0.2633150667642974,0.0,-0.2755760628741415,0,0,0
0,749.1217514347584,0.8782485652416199,0.16442650945463566,0.1032080786983297,-0.2815773493553065,0,0,0
0,526.4942476057529,223.5057523942471,0.09461825987011874,0.13388098957990696,-0.3237799791464039,0,0,0
0,458.7994071367355,291.2005928632645,0.1472217768498825,0.08144407673895046,-0.31836968372350094,0,0,0
0,965.7328914421894,215.73289144218938,0.528878314976285,0.07747639524691483,0.0597159410600695,0,0,0
0,198.66679888169236,551.3332011183077,0.12070607550358221,0.1863804712898642,-0.25044262997397887,0,0,0
0,231.11527341862637,518.8847265813736,0.10261020534049665,0.07834246140284587,-0.36577270903538095,0,0,0
0,276.86213823481035,473.13786176518965,0.29580197532815244,0.07808774640252529,-0.17281018254801367,0,0,0
0,729.1084349400796,20.891565059920367,0.0,0.13860203774639673,-0.4141492956666818,0,0,0
0,613.0754577804182,136.92454221958178,0.4497190451072647,0.06061525539562587,-0.034618354675110874,0,0,0
0,873.7790119553409,123.77901195534093,0.5643474867292462,0.06227645238472689,0.08150516423706144,0,1,0
0,99.75698103772478,650.2430189622752,0.12367687562365734,0.1578253749144924,-0.2731714165917384,0,0,0
0,511.57807403740765,238.42192596259235,0.4325990843041589,0.14058200024969808,0.02023175489044826,0,0,0
0,294.7589141249829,455.2410858750171,0.0,0.1512598367074299,-0.402757276601752,0,0,0
0,430.0647176745649,319.9352823254351,0.27274372655707474,0.0582106700314869,-0.21375780005302591,0,0,0
0,865.3670194557942,115.3670194557942,0.08269793041706616,0.17006336874731104,-0.3031361673487928,0,0,0
0,177.24269109897227,572.7573089010277,0.4530153044270913,0.0,-0.08587582521134757,0,0,0
0,39.59141424020884,710.4085857597912,0.06792496920988061,0.05599916685605033,-0.420566910258113,0,0,0
0,710.7967162357209,39.20328376427915,0.7569429757781048,0.07961121845198894,0.2897019427464559,1,1,0
0,88.57732252318729,661.4226774768127,0.16181197797746003,0.055743847968611565,-0.3269096884892284,0,0,0
0,551.993859285588,198.00614071441203,0.008384817907800879,0.09169348373451337,-0.44798217636957594,0,0,0
0,850.1525659453408,100.15256594534083,0.0,0.05501410118566421,-0.4893784385713411,0,0,0
0,307.4661046142825,442.5338953857175,0.3814273621218327,0.09549699816799062,-0.0715164691654146,0,0,0
0,336.62047222772117,413.37952777227883,0.0,0.13744428640387485,-0.41519127187495153,0,0,0
0,224.4209145290158,525.5790854709842,0.14470887416254075,0.19111411789395572,-0.222179549371338,0,0,0
0,389.35560026678274,360.64439973321726,0.45274078059782114,0.04925218345537587,-0.041823383930779445,0,0,0
0,932.2430586441579,182.24305864415794,0.14947580353958834,0.13375695769126078,-0.2690340641767158,0,0,0
0,674.4787242881644,75.52127571183564,0.1465316752984691,0.13265785594301743,-0.2729673839912541,0,0,0
0,758.7475428294978,8.747542829497775,0.2778058943158758,0.11019931538247027,-0.1619058514783398,0,0,0
0,628.6913340444585,121.30866595554153,0.4559048286989491,0.0647619230152846,-0.024700570225733687,0,0,0
0,98.95879156438758,651.0412084356124,0.2734228388324456,0.08092505336627556,-0.19263574277634526,0,0,0
0,745.7347686686559,4.2652313313441255,0.09907103015629336,0.09289357016299507,-0.35621588633545,0,0,0
0,515.6970627059277,234.3029372940723,0.10929770427917865,0.0739397697029549,-0.36304763262660084,0,0,0
0,755.0442771852321,5.04427718523209,0.25268711478017564,0.01144446611142072,-0.2759039953579846,0,0,0
0,291.0268880388829,458.9731119611171,0.10742055191186087,0.09235045586102758,-0.3483551674516532,0,0,0
0,380.5889191130348,369.4110808869652,0.2403748749410533,0.1893415452687946,-0.12810886395547044,0,0,0
0,986.3764313177505,236.37643131775053,0.2847692657605107,0.18446850763372272,-0.0881002070075777,0,0,0
0,736.9039375905029,13.096062409497108,0.06225420971920512,0.06023324490249227,-0.4224269995069907,0,0,0
0,51.058985146681394,698.9410148533186,0.382723804729905,0.07595561876517651,-0.08780726801987498,0,0,0
0,489.09930735214493,260.90069264785507,0.03839884599786392,0.07144085060890464,-0.4361955180925608,0,0,0
0,21.671354440826573,728.3286455591734,0.10610295730403432,0.05662664206639506,-0.381824194474649,0,0,0
0,595.0697101683588,154.93028983164118,0.3779529059182186,0.1419309241854782,-0.03320039195328994,0,0,0
0,59.11371997434534,690.8862800256546,0.22984336861612584,0.02474839642936144,-0.28677420423588773,0,0,0
0,273.8784370654552,476.1215629345448,0.27761699254433375,0.16455311201058742,-0.11317633628457646,0,0,0
0,440.92046033614673,309.07953966385327,0.25883754343205734,0.0643661165593397,-0.22212408130297578,0,0,0
0,204.08423954568622,545.9157604543138,0.16933205503690255,0.14471031467971912,-0.2393197913897891,0,0,0
0,833.2124313445979,83.21243134459792,0.338807451646685,0.157800699165519,-0.05806304874278678,0,0,0
0,471.7340289422904,278.2659710577096,0.10147785752046473,0.09886021791798878,-0.34843907599178425,0,0,0
0,287.7915830344353,462.2084169655647,0.2250202713176796,0.05882529119073189,-0.26092809624910057,0,0,0
0,440.3823529697912,309.6176470302088,0.2506692886812104,0.11416081391421187,-0.18547710843443777,0,0,0
0,513.2571898164947,236.7428101835053,0.14713662818856832,0.09259122646505838,-0.308422397631318,0,0,0
0,11.52274908447437,738.4772509155256,0.579071569623854,0.0602343256511146,0.09439133307141823,1,1,0
0,856.1477531027091,106.14775310270909,0.2829281692090117,0.12802700545915915,-0.14073865551618392,0,0,0
0,178.58216620847088,571.4178337915291,0.09946144220562084,0.07688446238652111,-0.37023367128494905,0,0,0
0,49.79718994958693,700.2028100504131,0.0214144722166435,0.09187416185830596,-0.43478991174932,0,0,0
0,954.8205865768507,204.8205865768507,0.13271833725405346,0.15696884454844073,-0.26490083229078876,0,0,0
0,687.1037701833662,62.89622981663376,0.32513839333341815,0.11539854939351432,-0.10989404185085783,0,0,0
0,565.1957969625804,184.8042030374196,0.4853465626626574,0.015233739873616134,-0.039834201089526955,0,0,0
0,47.90503260549273,702.0949673945073,0.2521201458368641,0.06973403177762005,-0.22401035520171675,0,0,0
0,546.567182836431,203.43281716356898,0.2905941956115963,0.08980907522319707,-0.16746876632596525,0,0,0
0,834.3029453615628,84.30294536156282,0.2579192394210669,0.10115773958879479,-0.1899299245874566,0,0,0
0,585.9155416262097,164.0844583737903,0.34460452881838444,0.09553202742200047,-0.108307776140254,0,0,0
0,745.0147718367937,4.9852281632063296,0.17438421480340752,0.08222784035539304,-0.2905018585151776,0,0,0
0,772.044687104895,22.044687104895047,0.0,0.05258338289209786,-0.4915660850355508,0,0,0
0,333.93097449642914,416.06902550357086,0.4091431099852628,0.13708370992218594,-0.006372680723208735,0,0,0
0,858.0902360658959,108.09023606589585,0.34094843832345034,0.08923988940505662,-0.11762679085043759,0,0,0
0,325.99703412921053,424.00296587078947,0.07919445848884579,0.14551510467716974,-0.3287330769401403,0,0,0
0,467.429674411639,282.570325588361,0.2785436706496329,0.13513407604550748,-0.1387267905478492,0,0,0
0,907.7178366839265,157.71783668392652,0.35087637258213533,0.05004159867284841,-0.14297731825074,0,0,0
0,430.9247302844748,319.0752697155252,0.4099775149337409,0.1447100808978665,0.0013254581033819157,0,0,0
0,486.36181913920507,263.63818086079493,0.0,0.08139600992565217,-0.46563472070535195,0,0,0
0,919.6837397836863,169.6837397836863,0.4091713107002764,0.11043932161537467,-0.030324429484325233,0,0,0
0,326.4161934235832,423.5838065764168,0.28229607920700667,0.12571234484473523,-0.14345394007117052,0,0,0
0,567.1218556151009,182.8781443848991,0.25374858874009787,0.05624878725023946,-0.23451863237312548,0,0,0
0,523.5432010047226,226.45679899527738,0.0,0.05652060064367077,-0.4880225890591352,0,0,0
0,32.315307785159234,717.6846922148408,0.3099831590309717,0.1082392259499539,-0.1314926672525087,0,0,0
0,734.7706841126164,15.229315887383564,0.12424553955251703,0.1961046799677721,-0.23815137811492698,0,0,0
0,900.9017949741705,150.90179497417046,0.20799441859050968,0.10352153674902916,-0.23772732797380297,0,0,0
0,235.66495708090528,514.3350429190947,0.39264378156273083,0.002402074466915455,-0.14408548105548413,0,0,0
0,979.4267761643184,229.42677616431843,0.14612425331777712,0.13449979200356468,-0.27171706351745356,0,0,0
0,758.3983912623817,8.398391262381665,0.0,0.16450663269129617,-0.3908351602162723,0,0,0
0,668.4917576117363,81.50824238826374,0.23287338980578656,0.06016703944115864,-0.25186740433560956,0,0,0
0,856.6817423723674,106.68174237236735,0.10753601419400549,0.07851909569872949,-0.36068792931557686,0,0,0
0,829.9807982504824,79.9807982504824,0.3396667979890144,0.132112293156538,-0.08032326780854027,0,0,0
0,258.7420910412073,491.2579089587927,0.16539755440674114,0.0,-0.37349357523169774,0,0,0
0,529.1691134052711,220.8308865947289,0.4624873942603783,0.08295080069198152,-0.001748014755277194,0,0,0
0,371.19022341410204,378.80977658589796,0.17545121178837453,0.10220644912892476,-0.27145411363403205,0,0,0
0,798.5353639840466,48.535363984046626,0.0,0.0,-0.5388911296384389,0,0,0
0,394.7615441826049,355.2384558173951,0.0,0.0,-0.5388911296384389,0,0,0
0,793.1668720961377,43.166872096137695,0.02652089736096025,0.06490128534056694,-0.45395907547096837,0,0,0
0,80.11726528405127,669.8827347159487,0.36960464754471795,0.13272395128367453,-0.049834925938413877,0,0,0
0,717.1573713788476,32.84262862115236,0.06303581979613154,0.1131050401517258,-0.37406077370575413,0,0,0
0,320.93837380044357,429.06162619955643,0.023050691758395553,0.12941929768318033,-0.399363069965181,0,0,0
0,785.3882753668423,35.38827536684232,0.28740348669247534,0.16563003604920162,-0.10242061050168205,0,0,0
0,768.3084121802074,18.30841218020737,0.363389563862929,0.14380107674387171,-0.04608059670602538,0,0,0
0,261.5494807611186,488.4505192388814,0.10708165291229446,0.15671197423880573,-0.29076869991121923,0,0,0
0,944.1976600062045,194.1976600062045,0.1220208954552293,0.10799433282110935,-0.31967533464421116,0,0,0
0,683.885304780748,66.11469521925198,0.1374119930957462,0.04193815176429838,-0.36373479995482416,0,0,0
0,194.66892915823442,555.3310708417656,0.167841357378487,0.130294209910195,-0.25378498334077637,0,0,0
0,560.1806910371929,189.8193089628071,0.0,0.13033760746361944,-0.42158728292118136,0,0,0
0,990.6875484743459,240.68754847434593,0.27774715879194484,0.14291319939674407,-0.1325220913894244,0,0,0
0,79.91553437248922,670.0844656275108,0.08433755637564004,0.1506653112068788,-0.3189547931766079,0,0,0
0,155.0944318246451,594.9055681753549,0.0,0.09416076441354679,-0.45414644166624674,0,0,0
0,621.2670407123345,128.7329592876655,0.10448193090615296,0.11139364883415273,-0.33415491478154846,0,0,0
0,724.8877940362455,25.11220596375449,0.03824302744331792,0.10992057614910607,-0.4017195836609255,0,0,0
0,214.80758125115108,535.1924187488489,0.029469187379414397,0.08017249997869282,-0.4372666922782009,0,0,0
0,359.0754596895915,390.9245403104085,0.3736224842416185,0.10919671416113463,-0.06699160265179921,0,0,0
0,202.38584348149712,547.6141565185029,0.3160889582622801,0.16569868083745842,-0.07367335862244617,0,0,0
0,441.85371826116284,308.14628173883716,0.0,0.0312539215876312,-0.5107626002095708,0,0,0
0,634.8346431627413,115.16535683725874,0.1572781612324376,0.07465378285579106,-0.3144245638357893,0,0,0
0,705.8047808091277,44.19521919087231,0.12797572750709596,0.11843259883769225,-0.3043260631774199,0,0,0
0,989.9837557960623,239.98375579606227,0.3076740535723949,0.15466461682854643,-0.09201892092035219,0,0,0
0,966.0530015184959,216.05300151849588,0.013085919289411246,0.03592994122872671,-0.4934682632431736,0,0,0
0,971.3189250930172,221.31892509301724,0.0,0.07699932924252667,-0.4695917333201649,0,0,0
0,320.50056945366447,429.49943054633553,0.3561491528313687,0.01571003663604781,-0.16860294383462715,0,0,0
0,946.8387154377954,196.83871543779537,0.0,0.06324087384284074,-0.4819743431798822,0,0,0
0,432.24304476849494,317.75695523150506,0.2905759164353965,0.04754800403692921,-0.2055220095698061,0,0,0
0,864.0593333275156,114.05933332751556,0.2294981968833665,0.08700722405665219,-0.2310864311040854,0,0,0
0,113.28317062018778,636.7168293798122,0.2538705777843402,0.05819611314838213,-0.23264405002055477,0,0,0
0,851.4125129020167,101.41251290201672,0.0024694006396089874,0.012745199573337557,-0.5249510493828261,0,0,0
0,533.688669356065,216.31133064393498,0.4495560831764511,0.0772601930379028,-0.01980087272787523,0,0,0
0,919.41167754945,169.41167754945002,0.3302889401063264,0.0,-0.20860218953211246,0,0,0
0,320.57796758748805,429.42203241251195,0.3442524396688187,0.10245246054292391,-0.10243147548098869,0,0,0
0,758.3617733526665,8.361773352666546,0.38512771831208137,0.1294152683207123,-0.03728966983771642,0,0,0
0,756.3752201160395,6.375220116039486,0.168014096122467,0.11985581907378277,-0.26300679634956736,0,0,0
0,61.85616909466696,688.1438309053331,0.0,0.10323842989557204,-0.44597654273242404,0,0,0
0,233.77201458814113,516.2279854118589,0.3913521810695826,0.13374568192600375,-0.02716783483545293,0,0,0
0,868.5235830235802,118.52358302358016,0.0,0.156261024149989,-0.3982562079034488,0,0,0
0,339.51511699942307,410.48488300057693,0.32823196065898874,0.15092068450407317,-0.07483055292578428,0,0,0
0,875.5438174299115,125.54381742991154,0.0,0.07574775681794203,-0.47071814850229104,0,0,0
0,194.70051401656107,555.2994859834389,0.08932787338346068,0.19986506339433702,-0.2696846992000749,0,0,0
0,817.6496809941034,67.64968099410339,0.24455544758926864,0.06967950270904782,-0.23162412961102719,0,0,0
0,569.4339956590663,180.56600434093366,0.08075853146254353,0.14592102322825037,-0.32680367727047,0,0,0
0,476.1213109325492,273.8786890674508,0.1341504766352786,0.05323912820679323,-0.3568254376170464,0,0,0
0,718.0339152886193,31.966084711380745,0.03944959828765296,0.015878793501668806,-0.485150617199284,0,0,0
0,718.0190245175316,31.980975482468352,0.0,0.09523085467717192,-0.45318336042898416,0,0,0
0,884.4915462189542,134.49154621895423,0.42029452217421714,0.034154176138222,-0.08785784893982196,0,0,0
0,608.9167035779901,141.08329642200988,0.020425513045521204,0.12336711091535064,-0.4074352167691021,0,0,0
0,137.4858653324721,612.514134667528,0.07444418041941528,0.15450504306015497,-0.3253924104648841,0,0,0
0,895.6172363512417,145.61723635124167,0.05012604283429023,0.09353165312074466,-0.40458659899547844,0,0,0
0,978.4205432379756,228.4205432379756,0.010135677352441141,0.018031515128539885,-0.5125270886703118,0,0,0
0,320.41902603175544,429.58097396824456,0.14504342776329382,0.06927765970729448,-0.33149780813858004,0,0,0
0,168.52328954318818,581.4767104568118,0.13184594897913873,0.0882803932676478,-0.3275928267184171,0,0,0
0,603.8811708303338,146.11882916966624,0.17697062038419853,0.08956326053111444,-0.28131357477623736,0,0,0
0,544.0128395652501,205.98716043474985,0.362961620724343,0.15166530475443457,-0.039430734635104714,0,0,0
0,784.590624259077,34.590624259077,0.14174437649900112,0.11381392011173379,-0.29471422503887734,0,0,0
0,322.7904906326069,427.2095093673931,0.0,0.0877911255767021,-0.459879116619407,0,0,0
0,169.728937689128,580.271062310872,0.42928982596376275,0.09847762925976568,-0.020971437340887022,0,0,0
0,70.48800507528964,679.5119949247104,0.3557263826288928,0.056076155322485804,-0.13269620721930886,0,0,0
0,106.90772987334907,643.0922701266509,0.08779886117170287,0.12507279647503564,-0.3385267516392039,0,0,0
0,260.79207126842266,489.20792873157734,0.28367523015783647,0.0696338813133254,-0.19254540629860956,0,0,0
0,793.4928396397895,43.49283963978951,0.2835754675238931,0.08652141196883138,-0.17744639134259754,0,0,0
0,432.50203818059595,317.49796181940405,0.20512508581660593,0.13206786431273448,-0.2149049659403719,0,0,0
0,621.026809442432,128.97319055756805,0.0776222629844203,0.09707214687635644,-0.3739039344652978,0,0,0
0,919.1901236258866,169.1901236258866,0.3647286607898369,0.12853233456912064,-0.0584833677363934,0,0,0
0,747.0864635841781,2.913536415821909,0.08078925436811185,0.10495906933247319,-0.36363871287110117,0,0,0
0,549.27156688981,200.72843311019005,0.30073903318901557,0.056431018748364425,-0.18736417957589535,0,0,0
0,699.3761361880381,50.62386381196188,0.09814012354613509,0.08088460602171692,-0.36795486067275857,0,0,0
0,720.616104053755,29.383895946245048,0.43587019562661855,0.137801940389881,0.021000812339072583,0,0,0
0,904.5426670650885,154.5426670650885,0.17004239222970027,0.10703763564131426,-0.2725148653315558,0,0,0
0,905.977880246978,155.97788024697797,0.4215988584130381,0.061384384313758186,-0.062046325343018405,0,0,0
0,593.6920034185246,156.30799658147544,0.17870223497868487,0.08875987366814903,-0.28030500835841987,0,0,0
0,630.084155785737,119.91584421426296,0.21676950663338054,0.11185022898607438,-0.22145641691759138,0,0,0
0,663.7642211357373,86.23577886426267,0.08313599008762047,0.026991079782833993,-0.4314631677462678,0,0,0
0,447.0338148244166,302.9661851755834,0.15566816643401885,0.034285180198800266,-0.3523663010254998,0,0,0
0,139.8312316166769,610.1687683833231,0.0,0.05859351219927561,-0.48615696865909086,0,0,0
0,760.4815057681116,10.48150576811156,0.36707081822235965,0.16869602870589276,-0.01999388558077575,0,0,0
0,273.29499302368185,476.70500697631815,0.3021667450433272,0.10667963783913459,-0.14071271053989054,0,0,0
0,591.4079212547674,158.59207874523258,0.3764125941362157,0.07801553106851043,-0.09226455754056379,0,0,0
0,730.8078496972641,19.192150302735854,0.3176802220964313,0.13576892587552897,-0.0990188742540315,0,0,0
0,93.15020486619329,656.8497951338068,0.08349128787681871,0.08819130283627848,-0.3760276692089696,0,0,0
0,849.0097946470682,99.00979464706825,0.26551585335853434,0.09902858978373887,-0.18424954547453953,0,0,0
0,313.20770233103514,436.79229766896486,0.23091855969189115,0.09544873986995396,-0.22206870406358914,0,0,0
0,973.0521641892323,223.05216418923226,0.1367865830603699,0.04249141547619765,-0.3638622726494911,0,0,0
0,241.13446194811306,508.8655380518869,0.5017108528789641,0.14294747311345418,0.09147244904263396,0,0,0
0,192.41875348845926,557.5812465115407,0.18792830751168188,0.02116739231977681,-0.33191216903895787,0,0,0
0,867.0922608181949,117.09226081819486,0.0,0.0682736333337004,-0.4774448596381085,0,0,0
0,814.0523187957566,64.0523187957566,0.02486711016469781,0.014664424726335792,-0.5008260372200388,0,0,0
0,907.873475294435,157.87347529443502,0.10065555756064748,0.08635357566402217,-0.36051735398017143,0,0,0
0,218.16362246217247,531.8363775378275,0.10055848849962959,0.0643076624685544,-0.3804557449171103,0,0,0
0,148.99860602082603,601.0013939791739,0.2394967344673875,0.13879292664580561,-0.1744807611898263,0,0,0
0,298.96010727906753,451.03989272093247,0.141223878787192,0.05987484950134945,-0.34377988630003237,0,0,0
0,478.12677603324306,271.87322396675694,0.17768990644673943,0.08595928812482648,-0.2838378638793556,0,0,0
0,611.6105031394226,138.38949686057742,0.03450156905314586,0.12325493460066082,-0.3934601194446983,0,0,0
0,783.3957431675443,33.39574316754431,0.24281025545387908,0.09992567517361757,-0.20614776652830402,0,0,0
0,659.7058050229921,90.29419497700792,0.5176353894262283,0.059259827639654004,0.032078104663478046,0,0,0
0,174.61168677030736,575.3883132296926,0.17554097578560693,0.10764601080769295,-0.26646874412590826,0,0,0
0,278.15763845275046,471.84236154724954,0.21506250180582867,0.14461696308301045,-0.19367336105790078,0,0,0
0,496.3052401662255,253.69475983377453,0.3823857075890194,0.13035706469835062,-0.03918406382090389,0,0,0
0,835.187209767535,85.18720976753502,0.21844741166910733,0.04776715840740342,-0.27745327540266845,0,0,0
0,593.2104146524033,156.7895853475967,0.1810672261888519,0.13123560843319632,-0.23971185585971028,0,0,0
0,21.936544790782662,728.0634552092173,0.17053390178458408,0.08523947569555004,-0.29164169972785975,0,0,0
0,999.7097792459458,249.7097792459458,0.02366627609650157,0.07979064111229732,-0.4434132765408697,0,0,0
0,719.4385987296633,30.56140127033666,0.3179534082933817,0.0866507150189694,-0.1429520778279847,0,0,0
0,957.8727220337339,207.8727220337339,0.15448415460947926,0.0790324543173723,-0.3132777661433246,0,0,0
0,429.00488315410337,320.99511684589663,0.2035932178512284,0.09308341422701447,-0.25152283898289746,0,0,0
0,22.124729004737276,727.8752709952628,0.16454976696198062,0.0964346143692814,-0.287550209744105,0,0,0
0,690.1392515151315,59.86074848486851,0.3507674287596659,0.14394080015512828,-0.058576980739157514,0,0,0
0,907.9680199775762,157.9680199775762,0.1269336700776285,0.05238846406745442,-0.3648078419001014,0,0,0
0,965.6908069910477,215.69080699104768,0.0,0.09215690545317774,-0.4559499147305789,0,0,0
0,889.5325514244086,139.53255142440855,0.0,0.01996185065172887,-0.5209254640518829,0,0,0
0,140.6651718094657,609.3348281905343,0.13671665450920437,0.03416274250665709,-0.3714280068732431,0,0,0
0,564.680370226774,185.31962977322598,0.18239048103333544,0.15697864009506762,-0.21521987251954255,0,0,0
0,587.190688805133,162.80931119486695,0.04768006846108225,0.09920271007624937,-0.4019286221087322,0,0,0
0,264.3138523928658,485.6861476071342,0.13977455260425947,0.1942540606439073,-0.22428792245466284,0,0,0
0,771.8310651559343,21.83106515593431,0.0536338389101855,0.10891319701195776,-0.3872354134174914,0,0,0
0,137.3552428706858,612.6447571293143,0.07771422690242376,0.040560419361635826,-0.4246725253105429,0,0,0
0,609.9523036253182,140.04769637468178,0.4800089935717465,0.07976687491314487,0.01290805135513795,0,0,0
0,513.3952578321674,236.60474216783257,0.22480822102932593,0.06295793288420934,-0.25742076901332456,0,0,0
0,246.75568955983107,503.24431044016893,0.22702068781960782,0.0837141182878881,-0.23652773535973176,0,0,0
0,322.2366826354496,427.7633173645504,0.1153009742681778,0.12319538267293605,-0.31271431096461866,0,0,0
0,51.130479789468055,698.869520210532,0.26616868971009894,0.0,-0.27272243992833994,0,0,0
0,350.81544455667256,399.18455544332744,0.08688171477820592,0.10523252472187904,-0.3573001426105418,0,0,0
0,926.8571841229858,176.8571841229858,0.23629980499461484,0.09023587052040004,-0.22137904117546403,0,0,0
0,257.2719091109954,492.7280908890046,0.5198850544656194,0.1330136444649107,0.10070620484560011,0,0,0
0,632.9550809256878,117.04491907431225,0.0,0.07538206023183429,-0.471047275429788,0,0,0
0,179.84113221921905,570.158867780781,0.1372573599670635,0.03429242544952059,-0.37077058676680685,0,0,0
0,690.3909329463246,59.6090670536754,0.2709290196560304,0.07485391431382792,-0.20059358709996333,0,0,0
0,845.2816946048603,95.28169460486026,0.39373493264863163,0.10583035078032745,-0.04990888128751253,0,0,0
0,428.6817483212668,321.3182516787332,0.4542171947359446,0.11152895173721034,0.01570212166099494,0,0,0
0,32.852875068698715,717.1471249313013,0.2031117258638177,0.1064712303104081,-0.23995529649525388,0,0,0
0,902.6466130229401,152.64661302294007,0.4822544631063894,0.15799657685455087,0.08556025263704636,0,0,1
0,734.5865595326525,15.413440467347527,0.20229962515737787,0.15133608694887543,-0.2003890262270731,0,0,0
0,377.9923286493839,372.0076713506161,0.06960325483058977,0.078031510338089,-0.399059515503569,0,0,0
0,351.41165441926205,398.58834558073795,0.28949697140829356,0.022081103548615477,-0.22952116503639142,0,0,0
0,705.7386971924755,44.261302807524544,0.1823840254483286,0.032451396436805266,-0.3273008473969855,0,0,0
0,350.2014263903025,399.7985736096975,0.0,0.15093945729527938,-0.40304561807268746,0,0,0
0,603.3903282418646,146.6096717581354,0.3051219829251293,0.22419451697177797,-0.03199408143870941,1,0,0
0,28.66683237769618,721.3331676223038,0.20704727225442338,0.011689940765766793,-0.3213229106948254,0,0,0
0,593.7652245258088,156.23477547419122,0.41052142721538976,0.0834270307011721,-0.053285374791994244,0,0,0
0,953.3661305799235,203.3661305799235,0.26553287234642325,0.10728352637810257,-0.1768030835517233,0,0,0
0,938.0428040417872,188.04280404178724,0.12306534533190569,0.17112370481556138,-0.26181444997252795,0,0,0
0,822.5764817703632,72.57648177036322,0.23567992519361225,0.07999407127758648,-0.23121654029499883,0,0,0
0,7.6766851381733225,742.3233148618267,0.0,0.09290681531938196,-0.4552749958509951,0,0,0
0,278.8951260446095,471.1048739553905,0.19208752303298357,0.10094863021081477,-0.255949839415722,0,0,0
0,25.80475205274635,724.1952479472536,0.230952851898258,0.09644370161481425,-0.22113894628684805,0,0,0
0,559.8329546522449,190.1670453477551,0.15555517729105195,0.14117807305267202,-0.2562756865999821,0,0,0
0,373.16117958549376,376.83882041450624,0.27133028923555746,0.11922463691652045,-0.16025866717801301,0,0,0
0,837.0375402306413,87.0375402306413,0.036033517575589646,0.08424514318106174,-0.4270369831998937,0,0,0
0,975.5081429963062,225.50814299630622,0.23497735880444587,0.09365165233779002,-0.21962728372998197,0,0,0
0,352.78070688881814,397.21929311118186,0.05382964383013719,0.0761227046207868,-0.41655105164959355,0,0,0
0,309.12492904100753,440.87507095899247,0.5175901017248641,0.16377765009781456,0.12609885717445835,0,0,1
0,33.26484447037848,716.7351555296216,0.343143808609227,0.07785829822266399,-0.12567485262881428,0,0,0
0,578.900004440744,171.09999555925594,0.1642250025160109,0.20545378717681625,-0.18975771866329333,0,0,0
0,392.57304654405124,357.42695345594876,0.37776138037634466,0.04972498297990468,-0.11637726458018,0,0,0
0,497.57752810136867,252.42247189863133,0.008411518271020824,0.10524752306674401,-0.43575684060734843,0,0,0
0,278.0863513515454,471.9136486484546,0.2666163617955052,0.13300081808030834,-0.1525740315706562,0,0,0
0,302.6357226091988,447.3642773908012,0.03640904989074087,0.039884280293098484,-0.4665862274839094,0,0,0
0,475.61758863494055,274.38241136505945,0.013244579009373786,0.09686355060807425,-0.4384693550817983,0,0,0
0,672.5296519457451,77.47034805425494,0.032908622875289395,0.12509800392807563,-0.39339430322788144,0,0,0
0,568.0364321377428,181.96356786225715,0.19471285012945486,0.1191160375327992,-0.23697384572946473,0,0,0
0,200.03546764548906,549.964532354511,0.2639158806228123,0.09394485569155409,-0.1904248788932279,0,0,0
0,597.6185725725786,152.3814274274214,0.09665798760831612,0.039898858743616705,-0.4063241691608677,0,0,0
0,883.2782260155035,133.2782260155035,0.31019996549297524,0.14693027031957126,-0.09645392085784954,0,0,0
0,145.33950830511878,604.6604916948812,0.16820346755731835,0.08483068319983558,-0.2943400472012685,0,0,0
0,586.2873775072392,163.71262249276083,0.5105162055102437,0.12394008314854875,0.08317115070549863,0,0,0
0,367.8993803125251,382.1006196874749,0.1765617205375576,0.11815122774004691,-0.25599330413483906,0,0,0
0,591.3870718800863,158.6129281199137,0.22813211482361817,0.12758620505797902,-0.1959314302626396,0,0,0
0,937.8358235293648,187.8358235293648,0.5016496804039509,0.18606497847288805,0.1302170313911113,0,0,1
0,38.82852457941732,711.1714754205827,0.12455631036088889,0.015376361182404624,-0.40049609421338583,0,0,0
0,899.9437722332787,149.94377223327865,0.0759432615001953,0.022979429960585995,-0.4422663811737162,0,0,0
0,266.88263299437773,483.11736700562227,0.2805723524415459,0.135626168516875,-0.1362552255317055,0,0,0
0,257.35462999002124,492.64537000997876,0.11119384016745844,0.1421046157349829,-0.2998031353094958,0,0,0
0,403.7094809698489,346.2905190301511,0.4533753689415073,0.09717191030767412,0.0019389585799751696,0,0,0
0,486.89174161062874,263.10825838937126,0.5676238457730729,0.1567609685777434,0.1698175878546031,0,1,1
0,810.062555453061,60.06255545306101,0.1649320888140785,0.052716973745943196,-0.3265137644530115,0,0,0
0,902.252216440238,152.25221644023804,0.0,0.11563595545729358,-0.43481876972687467,0,0,0
0,681.8622385035409,68.13776149645912,0.29873122161890076,0.0,-0.24015990801953813,0,0,0
0,300.179811440308,449.820188559692,0.1625929504738851,0.07010105702917575,-0.3132072278382956,0,0,0
0,510.8976745694738,239.1023254305262,0.277171158825514,0.050030489551266204,-0.21669253021678525,0,0,0
0,857.0449814161985,107.04498141619854,0.24606853692303607,0.12231310270169346,-0.18274080028387868,0,0,0
0,426.3216269206338,323.6783730793662,0.0,0.19847947255856294,-0.36025960433573223,0,0,0
0,670.0942121122741,79.90578788772586,0.053128612845085604,0.08340902705524468,-0.41069439244363304,0,0,0
0,920.3990825915587,170.39908259155868,0.26159921035418154,0.08501328386063758,-0.2007799638096835,0,0,0
0,643.8233874438113,106.17661255618873,0.0,0.1765964592831897,-0.3799543162835681,0,0,0
0,305.22857372773905,444.77142627226095,0.0,0.10149423023101611,-0.4475463224305244,0,0,0
0,52.92936207117715,697.0706379288229,0.3531462405926968,0.15877604228411588,-0.04284645099003781,0,0,0
0,527.0627263324008,222.93727366759924,0.017792988233223755,0.12038547678648405,-0.4127512122973795,0,0,0
0,604.6107477563131,145.38925224368688,0.12224843343080866,0.07518302973469673,-0.34897796944640314,0,0,0
0,990.0408305662513,240.04083056625132,0.33570863388277017,0.0625735359899523,-0.14686631336471162,0,0,0
0,311.13731204012527,438.86268795987473,0.0,0.08898899588050913,-0.45880103334598066,0,0,0
0,303.7813702541997,446.2186297458003,0.2760038105688743,0.06491115880552562,-0.20446727614459154,0,0,0
0,411.24577359189107,338.75422640810893,0.06707854427225332,0.11012901500665051,-0.3726964718602001,0,0,0
0,209.85288374728606,540.1471162527139,0.2817289614280355,0.06448458252396669,-0.19912604393883337,0,0,0
0,912.070609213385,162.07060921338496,0.3422311155026516,0.07048200619966004,-0.13322620855609324,0,0,0
0,665.2797393190514,84.72026068094863,0.32989348166187377,0.1592342490259775,-0.06568682385318536,0,0,0
0,296.31114851304005,453.68885148695995,0.4180779558778057,0.053684477603837044,-0.07249714391717982,0,0,0
0,874.4408889154756,124.44088891547563,0.07830730879529846,0.1275131161182898,-0.3458220163366796,0,0,0
0,715.4999723279168,34.500027672083206,0.0,0.1997992090029867,-0.35907184153575084,0,0,0
0,833.2216434456873,83.22164344568728,0.15259987267228642,0.023279556109030403,-0.36533965646802513,0,0,0
0,121.8452400292429,628.1547599707571,0.09058768440842054,0.0854334835141486,-0.3714133100672846,0,0,0
0,108.18331404695681,641.8166859530431,0.298818460106008,0.10542093223792465,-0.1451938305182987,0,0,0
0,631.6718879393329,118.32811206066708,0.17146929633537994,0.0,-0.36742183330305894,0,0,0
0,472.1186532919509,277.8813467080491,0.4295269950024881,0.11239138915632993,-0.008211884395253888,0,0,0
0,513.2928358011516,236.70716419884843,0.37205742284618437,0.01947557339804641,-0.14930569073401273,0,0,0
0,588.75347879198,161.24652120802,0.18999645008641236,0.13090207517987498,-0.23108281189013902,0,0,0
0,872.0448912802962,122.04489128029616,0.2451594145203782,0.08823344929483795,-0.2143216107527065,0,0,0
0,382.07995197219213,367.92004802780787,0.34779372945726694,0.09568335301194897,-0.10498238247041786,0,0,0
0,180.6387284302151,569.3612715697849,0.0727552106001991,0.1279322166634017,-0.3509969240411782,0,0,0
0,21.24246764011506,728.757532359885,0.33826869191543196,0.09351958575369106,-0.11645481054468498,0,0,0
0,661.2161653332112,88.78383466678883,0.4914606706961632,0.16098207794312058,0.09745341120653284,0,0,1
0,464.903720271798,285.096279728202,0.0,0.06703369751650698,-0.4785608018735826,0,0,0
0,774.3967141896418,24.396714189641784,0.0,0.06970197414933299,-0.4761593529040392,0,0,0
0,552.3834567018608,197.61654329813916,0.3025133496641049,0.013467824490598343,-0.22425673793279544,0,0,0
0,424.46818513872483,325.53181486127517,0.4049850775442705,0.04964276746344629,-0.08922756137706672,0,0,0
0,362.4039199716388,387.5960800283612,0.249533035494163,0.06758368602020404,-0.22853277672609223,0,0,0
0,605.0734032408454,144.92659675915456,0.0,0.1661285459373682,-0.3893754382948075,0,0,0
0,360.454104832298,389.545895167702,0.04552813971380057,0.09573120959704892,-0.40720490128729425,0,0,0
0,430.9487798000918,319.0512201999082,0.0,0.07457993119052843,-0.4717691915669633,0,0,0
0,92.07085887991973,657.9291411200803,0.25708608814183154,0.08911437718834392,-0.20160210202709783,0,0,0
0,690.7149137482045,59.28508625179552,0.1582769518895319,0.15757177056906035,-0.23879958423675263,0,0,0
0,936.9012617876117,186.9012617876117,0.07550861140897296,0.11158325904255723,-0.36295758509116444,0,0,0
0,886.9346154412691,136.9346154412691,0.3738874457945895,0.15352426433050326,-0.026831845946396427,0,0,0
0,915.6446763967635,165.64467639676354,0.21496143937466342,0.04223852615976303,-0.28591501671998876,0,0,0
0,288.8013552559943,461.1986447440057,0.318527512060592,0.04275241372964014,-0.18188644522117076,0,0,0
0,739.1359977098667,10.864002290133271,0.0,0.16205309889782682,-0.3930433406303947,0,0,0
0,61.23303476052422,688.7669652394758,0.2494451380639093,0.10029249025577354,-0.19918275034433341,0,0,0
0,417.4916469796706,332.5083530203294,0.3343836913471835,0.12572290190839883,-0.09135682657369648,0,0,0
0,353.0404344832063,396.9595655167937,0.08876654882887429,0.1522101883603263,-0.31313541128527095,0,0,0
0,678.9082892132965,71.09171078670352,0.06356531450212383,0.10875380567156182,-0.3774473900319094,0,0,0
0,438.5673735529404,311.4326264470596,0.0,0.0,-0.5388911296384389,0,0,0
0,839.8522122603462,89.85221226034616,0.5395930390513876,0.09231362420613849,0.08378417119847337,0,1,0
0,754.0832194885555,4.083219488555528,0.09570323863558683,0.08964273507032124,-0.36250942943956294,0,0,0
0,829.9736888434879,79.97368884348793,0.2881826945946565,0.09618990322998706,-0.164137522136794,0,0,0
0,379.59514099068116,370.40485900931884,0.23204405114785606,0.033618081541532785,-0.27659080510320333,0,0,0
0,531.7959573230454,218.2040426769546,0.17272617841048124,0.10002301774887219,-0.2761442352539727,0,0,0
0,267.124606234878,482.875393765122,0.2722761713853813,0.11490472257663463,-0.16320070793408642,0,0,0
0,776.5725773879424,26.572577387942374,0.14047771767873476,0.10647885034970622,-0.30258244664496853,0,0,0
0,98.88850801732951,651.1114919826705,0.2704694776765416,0.1326669647005329,-0.14902138373141766,0,0,0
0,365.2406991535354,384.7593008464646,0.38969025649427735,0.09588224180175121,-0.06290685552258546,0,0,0
0,825.7103861465623,75.71038614656231,0.0,0.05980040395090865,-0.4850707660826211,0,0,0
0,462.73603926663964,287.26396073336036,0.1937373642111307,0.11728427232281521,-0.23959792033677452,0,0,0
0,751.6711516464525,1.671151646452472,0.2459946500215132,0.09447747170584966,-0.20786675508166097,0,0,0
0,883.9600877010745,133.96008770107449,0.34477593800606454,0.09864308619656578,-0.10533641405546512,0,0,0
0,958.2841036684305,208.28410366843048,0.0,0.1002393334698525,-0.4486757295155716,0,0,0
0,158.26320433977904,591.736795660221,0.33637742037956636,0.060308604667297594,-0.14823596505830466,0,0,0
0,837.3847097475767,87.38470974757672,0.09343587717849901,0.09051922518049246,-0.36398794979749666,0,0,0
0,275.9082547158044,474.0917452841956,0.22864294028311288,0.08848204489846546,-0.23061434894670707,0,0,0
0,231.38574310119463,518.6142568988054,0.18968205192318316,0.035486691626295794,-0.3172710552515895,0,0,0
0,26.03984198220943,723.9601580177906,0.0,0.10366291251338955,-0.44559450837638825,0,0,0
0,620.3002849928893,129.69971500711074,0.17982689542918096,0.09701093946337148,-0.27175438869222357,0,0,0
0,384.40670254559797,365.59329745440203,0.10274274750133902,0.17108766241369155,-0.2821694859647774,0,0,0
0,481.3246445647751,268.6753554352249,0.1332267971591493,0.1296857538073893,-0.28894715405263915,0,0,0
0,254.44144785142709,495.5585521485729,0.18258862659973674,0.123624353880577,-0.24504058454618283,0,0,0
0,777.2175742644898,27.217574264489826,0.0913177545452659,0.06288668218583607,-0.3909753611259205,0,0,0
0,466.49094336780706,283.50905663219294,0.2574149504341036,0.06139358126780843,-0.2262219560633077,0,0,0
0,480.09673980060387,269.90326019939613,0.3392376992963253,0.04434002753802346,-0.15974740555789246,0,0,0
0,45.456677801886,704.543322198114,0.13311545566484645,0.1255469233119759,-0.2927834429928141,0,0,0
0,577.130463291361,172.86953670863898,0.5080855981258369,0.14035782466942484,0.09551651068988032,0,0,0
0,741.5511089146851,8.448891085314926,0.456164492585338,0.1256327502055082,0.030342838131856453,0,0,0
0,610.0909941214961,139.90900587850388,0.15140029276552858,0.14023652562235436,-0.26127796381279134,0,0,0
0,53.19149313783023,696.8085068621698,0.04154578422722663,0.0976421547521502,-0.40946740613427707,0,0,0
0,329.13156841958113,420.86843158041887,0.0,0.10220399631604309,-0.4469075329540001,0,0,0
0,861.6524606813227,111.65246068132274,0.0,0.08647165610096971,-0.4610666391475661,0,0,0
0,7.490704017127148,742.5092959828728,0.038549553290359806,0.05335443182631996,-0.4523225877043911,0,0,0
0,656.5363615171917,93.46363848280828,0.23926975884731885,0.0912070081614571,-0.21753506344580864,0,0,0
0,473.3897843965901,276.6102156034099,0.1894858807521603,0.08441266761429918,-0.2734338480334093,0,0,0
0,616.0907443187808,133.90925568121918,0.18789879869300846,0.13957346289894576,-0.22537621433637922,0,0,0
0,818.9113782609478,68.9113782609478,0.5462180206169349,0.023147770469576695,0.028159884401115054,0,1,0
0,55.1961537445399,694.8038462554601,0.2879242786140333,0.09943781442847116,-0.16147281803878155,0,0,0
0,36.45272541893241,713.5472745810675,0.14300769008724298,0.10776816612444874,-0.29889209003919204,0,0,0
0,151.90301393180826,598.0969860681918,0.15135725808767425,0.07005034989332364,-0.32448855664677334,0,0,0
0,982.4650946292144,232.46509462921438,0.0,0.166202332320938,-0.38930903054959465,0,0,0
0,805.8988227613004,55.89882276130038,0.0,0.0,-0.5388911296384389,0,0,0
0,628.0539339253052,121.94606607469484,0.2899762075551455,0.1028166378869694,-0.15637994798502086,0,0,0
0,706.1940157294159,43.80598427058408,0.13962071745849416,0.10292484975566965,-0.306638047399842,0,0,0
0,47.92164089756956,702.0783591024305,0.15467713476900632,0.10158959824878204,-0.2927833564455287,0,0,0
0,645.056597247562,104.94340275243803,0.0,0.17057741484122305,-0.3853714562813382,0,0,0
0,324.1354038205648,425.8645961794352,0.0,0.10592884267555591,-0.4435551712304385,0,0,0
0,799.1035504457107,49.10355044571065,0.11328766361776217,0.0776168738245033,-0.35574827957862376,0,0,0
0,197.05059415085026,552.9494058491498,0.21030451201265773,0.12551598877808762,-0.21562222772550227,0,0,0
0,718.3576996045912,31.642300395408824,0.08950473189381156,0.061488698372120426,-0.3940465692097189,0,0,0
0,191.52326425114575,558.4767357488543,0.25758602709548867,0.07452622115411708,-0.2142315035042448,0,0,0
0,975.1445333435245,225.14453334352447,0.4226979806963233,0.22201086657310148,0.08361663097367578,1,0,1
0,125.89231440193427,624.1076855980657,0.5874162913480088,0.10523890528690902,0.14324017646778797,1,1,0
0,806.258974323781,56.25897432378099,0.44819561874113434,0.11051172365429554,0.008765040391561452,0,0,0
0,358.75955908549264,391.24044091450736,0.44289239902388655,0.11758285175144327,0.009825835961746576,0,0,0
0,448.56471353048954,301.43528646951046,0.0,0.08943452746974609,-0.4584000549156674,0,0,0
0,29.796014296234354,720.2039857037656,0.3310535994380912,0.0763753657016985,-0.13909970106881903,0,0,0
0,424.4996964999601,325.5003035000399,0.04327076777932426,0.15683401313178222,-0.3544697500405106,0,0,0
0,912.9309079952166,162.93090799521656,0.24166348166083484,0.19637715595564342,-0.12048820761752499,0,0,0
0,921.0051037129192,171.0051037129192,0.0,0.06434624245750992,-0.48097951142667994,0,0,0
0,972.5058446316589,222.50584463165887,0.24501879867317447,0.10535612519911462,-0.19905181828606122,0,0,0
0,812.5466264772413,62.54662647724126,0.0,0.15886872762610732,-0.3959092747749423,0,0,0
0,531.1462397002197,218.85376029978033,0.14537970312069787,0.09183508056038091,-0.3108598540133982,0,0,0
0,969.4076571102314,219.4076571102314,0.468205018966363,0.02190367539438827,-0.050972802817126406,0,0,0
0,316.81930376867297,433.18069623132703,0.007424547097048567,0.053215645632904485,-0.4835725014717763,0,0,0
0,304.89386135118457,445.10613864881543,0.21639901936192263,0.15527055013145694,-0.182748615158205,0,0,0
0,109.27119246833495,640.7288075316651,0.42165667986349886,0.10997294315360412,-0.018258800936696296,0,0,0
0,242.60158295690238,507.39841704309765,0.2707121374318997,0.0697723825526531,-0.20538384790915137,0,0,0
0,701.6091839700507,48.39081602994929,0.1638772168000181,0.1418044976204413,-0.24738986498002358,0,0,0
0,688.2908210194003,61.709178980599745,0.15641111832609994,0.1154459427765031,-0.27857866281348614,0,0,0
0,819.1603174277619,69.16031742776192,0.39348299209893706,0.11461252551812975,-0.04225686457318506,0,0,0
0,574.8984798266903,175.10152017330972,0.11144024107376743,0.08390480143109887,-0.3519365672766825,0,0,0
0,90.1815463882576,659.8184536117424,0.1006696938995771,0.09495918127605463,-0.35275817259041264,0,0,0
0,389.3338199357146,360.6661800642854,0.39340331611729157,0.043925874415062405,-0.10595452654759113,0,0,0
0,852.3714343647737,102.37143436477368,0.4730601141466748,0.1645320700515348,0.08224784755461723,0,0,1
0,413.3848068935986,336.6151931064014,0.27061538713888306,0.13559457729712882,-0.1462406229321399,0,0,0
0,87.3012126374817,662.6987873625183,0.3589361745473595,0.06134047969812127,-0.12474852336277026,0,0,0
0,319.1420810593099,430.8579189406901,0.47734644252196534,0.1317258623910157,0.05700858903544059,0,0,0
0,541.2055527603223,208.79444723967765,0.07332942012499888,0.050454263449737996,-0.4201528724086758,0,0,0
0,658.5319696306553,91.46803036934466,0.3949507943982195,0.11857257994985612,-0.037225013285348885,0,0,0
0,596.3073347622121,153.69266523778788,0.1859353364097167,0.10656923792238274,-0.2570434790985777,0,0,0
0,565.5761551473082,184.4238448526918,0.16730383411544347,0.0942375409410646,-0.28677350867603724,0,0,0
0,717.3477592242112,32.652240775788755,0.22104849085893283,0.11583536774550562,-0.213590807808551,0,0,0
0,581.197060133369,168.80293986663105,0.17980883662410818,0.05506546557327028,-0.3095233739983875,0,0,0
0,676.230925043843,73.76907495615706,0.12304860236468143,0.1495719100797057,-0.2812278082020223,0,0,0
0,567.909845182053,182.090154817947,0.0,0.11314447566268443,-0.4370611015420229,0,0,0
0,682.7072681656693,67.29273183433065,0.34490109356093057,0.15642535592541218,-0.05320721574463738,0,0,0
0,867.1969206877975,117.1969206877975,0.15380677132761386,0.07029958027103443,-0.32181473606689404,0,0,0
0,167.80290418764332,582.1970958123567,0.0,0.11062639325499879,-0.43932737570894,0,0,0
0,679.7707744342204,70.22922556577964,0.08683661397089444,0.0975476304877023,-0.36426164822861234,0,0,0
0,835.2610414113389,85.26104141133885,0.05307549583860677,0.10878867187043031,-0.38790582911644483,0,0,0
0,477.0627079311398,272.9372920688602,0.4010567815102818,0.11678155745181015,-0.03273094642152796,0,0,0
0,134.76275219707756,615.2372478029224,0.0,0.12675717414314092,-0.424809672909612,0,0,0
0,363.6315112504571,386.3684887495429,0.40315231694275494,0.1576838110888983,0.006176617284324504,0,0,1
0,966.3088454767386,216.3088454767386,0.4812970209032948,0.1410572325881103,0.06935740059415518,0,0,0
0,60.34208169080269,689.6579183091973,0.03702326410368709,0.054895434604821006,-0.4524619743904129,0,0,0
0,337.86089463464043,412.13910536535957,0.10229471938587036,0.12025435848711982,-0.3283674876141607,0,0,0
0,358.1461618616255,391.8538381383745,0.4269768463140007,0.07828361021107384,-0.04145903413447172,0,0,0
0,24.173795506641895,725.8262044933581,0.17202617015475222,0.1776985438050907,-0.20693627005910503,0,0,0
0,410.798987094699,339.201012905301,0.1145054193348818,0.09987770316200932,-0.3344957774577487,0,0,0
0,931.777896951193,181.77789695119304,0.42978686898223417,0.11297145641158643,-0.007429949885776943,0,0,0
0,818.6226498308328,68.62264983083276,0.4306982175208885,0.10628045159916163,-0.012540505678304892,0,0,0
0,73.09974937626262,676.9002506237374,0.015420967636730315,0.1000870017890176,-0.4333918603915927,0,0,0
0,932.7270874154551,182.72708741545512,0.16949695914768825,0.12952779856550675,-0.25281915178179454,0,0,0
0,822.2673550728418,72.26735507284184,0.31131341485998976,0.05083679917841041,-0.18182459551787977,0,0,0
0,36.93213990159872,713.0678600984013,0.42044738285001915,0.029588725567926827,-0.0918138937772856,0,0,0
0,667.5197859460848,82.48021405391523,0.4186373606096076,0.11013336771339916,-0.02113373808677199,0,0,0
0,13.911892612238685,736.0881073877613,0.0,0.02676851096642817,-0.5147994697686535,0,0,0
0,434.113714206161,315.886285793839,0.390657770854629,0.0,-0.1482333587838099,0,0,0
0,616.1352608875759,133.8647391124241,0.1523961119586933,0.07443939179234269,-0.3194995650666372,0,0,0
0,377.6013813176736,372.3986186823264,0.20862044839490565,0.11301885765369026,-0.22855370935521202,0,0,0
0,352.63137028318624,397.36862971681376,0.5750741523168514,0.05360603159029421,0.08442845110967734,1,1,0
0,550.474829242302,199.525170757698,0.17468153076150006,0.13380982098232205,-0.24378075999284898,0,0,0
0,165.74311579089752,584.2568842091025,0.12664409390414993,0.09950273119618099,-0.3226945776577261,0,0,0
0,373.0498032601526,376.9501967398474,0.3305966732350222,0.0,-0.2082944564034167,0,0,0
0,133.2870391841422,616.7129608158577,0.048475301373428065,0.05891203821841343,-0.4373949938684387,0,0,0
0,760.6409404197345,10.640940419734534,0.3362595579396225,0.0,-0.2026315716988164,0,0,0
0,971.6313552659019,221.6313552659019,0.0534692870205159,0.08640029073044973,-0.4076615809605182,0,0,0
0,817.2656120246648,67.26561202466485,0.2627532707015645,0.12229515106676381,-0.16607222297678692,0,0,0
0,235.41319102250847,514.5868089774915,0.3289773866720458,0.0526207882091968,-0.16255503357811596,0,0,0
0,351.5023203891492,398.4976796108508,0.5514344513182614,0.10323132666518121,0.10545151567848565,0,1,0
0,47.69793495310915,702.3020650468909,0.28704147507263045,0.13681560281613564,-0.12871561203128634,0,0,0
0,641.6211483603407,108.37885163965927,0.19867804188196073,0.08660054428813924,-0.26227259789715285,0,0,0
0,405.0817881628378,344.9182118371622,0.0,0.12614951693957518,-0.4253565643928212,0,0,0
0,983.7410007073275,233.74100070732754,0.24049113067297345,0.03135900006592894,-0.2701768989061294,0,0,0
0,19.980683870874927,730.0193161291251,0.23312461327348866,0.11571976820335073,-0.20161872498193456,0,0,0
0,487.3505548486291,262.6494451513709,0.19436695133763357,0.13122611710750132,-0.2264206729040541,0,0,0
0,766.457791112226,16.457791112226005,0.1263788201655507,0.0862908700731842,-0.3348505264070224,0,0,0
0,72.55187604411495,677.4481239558851,0.43498230838805535,0.13677573139060864,0.01918933700116421,0,0,0
0,501.45596827815444,248.54403172184556,0.21506186312763517,0.07361991318353685,-0.25757134464562054,0,0,0
0,826.1494061769555,76.1494061769555,0.31325073092395495,0.1645004149525771,-0.07759002525716452,0,0,0
0,798.8620376541439,48.86203765414393,0.20290876971038865,0.07077448851550808,-0.27228532026409297,0,0,0
0,945.7695302776685,195.76953027766854,0.3310223115743218,0.12247407746565259,-0.09764214834502971,0,0,0
0,670.1119437991646,79.88805620083542,0.17177068182727345,0.03235267049523159,-0.33800304436545703,0,0,0
0,524.0315529386812,225.96844706131878,0.27869145337117424,0.17059200055222354,-0.10666687577026346,0,0,0
0,770.9761842442657,20.97618424426571,0.08465019295890376,0.08653333407349362,-0.3763609360133909,0,0,0
0,547.9980726276151,202.0019273723849,0.05451331305344714,0.003752738071696085,-0.4810003523204653,0,0,0
0,629.8145890465069,120.18541095349315,0.35914579680919123,0.12760608914961247,-0.06489985259459641,0,0,0
0,525.3408988737743,224.65910112622566,0.25023054891125485,0.05470183179142652,-0.23942893211490018,0,0,0
0,441.7946575767937,308.2053424232063,0.5057437328959287,0.06310252117478361,0.023644872314795062,0,0,0
0,806.3544565175844,56.35445651758437,0.24729339010027468,0.12120429248964464,-0.18251387629748406,0,0,0
0,729.9466628245111,20.053337175488878,0.31178154071998015,0.10562152051830356,-0.1320502204519855,0,0,0
0,538.291810631551,211.70818936844898,0.18840143584580932,0.11561637032517033,-0.24643496049997626,0,0,0
0,445.3466735947159,304.6533264052841,0.0,0.12625542406692514,-0.42526124797820625,0,0,0
0,409.9720578680499,340.0279421319501,0.18081149459250478,0.11895136979428543,-0.2510234022310772,0,0,0
0,348.28289184156847,401.71710815843153,0.2416074425802721,0.015510729612627727,-0.2833240304068018,0,0,0
0,10.558049495722809,739.4419505042772,0.17575436180218865,0.09914665304677812,-0.2739047800941499,0,0,0
0,73.50061446580003,676.4993855342,0.3997083635311682,0.096523338698257,-0.05231176127883941,0,0,0
0,531.8639779988121,218.13602200118794,0.27270222484526474,0.138685288111471,-0.14137214549285027,0,0,0
0,800.7466102246796,50.74661022467956,0.6353702079473267,0.1000538734139741,0.18652756438146445,1,1,0
0,713.7770646819253,36.22293531807475,0.0862647699069146,0.16072669704003453,-0.3079723323954932,0,0,0
0,62.3836995213447,687.6163004786553,0.28585009672088385,0.02607771675773929,-0.22957108783558966,0,0,0
0,642.7167954027807,107.28320459721931,0.0,0.09999638746978155,-0.4488943809156355,0,0,0
0,255.65551459761426,494.34448540238577,0.29605216927959244,0.15355626018572444,-0.10463832619169444,0,0,0
0,189.54150567606987,560.4584943239302,0.24281495168170414,0.15168475033851525,-0.15955990265207098,0,0,0
0,921.4965520826802,171.49655208268018,0.4252511693198928,0.08558211896864781,-0.03661605324676298,0,0,0
0,163.03208876258458,586.9679112374154,0.10065013391464932,0.026964487030945616,-0.41397295739593853,0,0,0
0,537.0063361026064,212.99366389739362,0.4619804458075977,0.10770708931509812,0.020025696552747108,0,0,0
0,168.94999118711362,581.0500088128864,0.13791140535115676,0.1411861571065858,-0.2739121828913549,0,0,0
0,149.4293661207935,600.5706338792065,0.0,0.13210237226518953,-0.4199989945997683,0,0,0
0,651.010862759683,98.98913724031695,0.0974554077527885,0.17881274618369047,-0.28050425032032894,0,0,0
0,735.4761986118347,14.523801388165339,0.0,0.07010840132530097,-0.475793568445668,0,0,0
0,615.145525774363,134.85447422563698,0.11584838351911986,0.187841511892269,-0.2539853854162769,0,0,0
0,797.8618393309549,47.86183933095492,0.4224361781720481,0.16666655148346077,0.03354494486872395,0,0,1
0,963.3138131743818,213.31381317438183,0.3431378742496134,0.16241612845926454,-0.049578739775487435,0,0,0
0,308.4317672879466,441.5682327120534,0.394824687693346,0.1256701802172262,-0.030963279749589345,0,0,0
0,677.3243784979484,72.67562150205163,0.40691400596446864,0.07298189264189754,-0.06629342029626245,0,0,0
0,499.6854456517491,250.3145543482509,0.02983054298231355,0.15288432238773728,-0.37146469650716174,0,0,0
0,651.8388065098836,98.16119349011637,0.04716194254128278,0.09787113952415978,-0.4036451615254123,0,0,0
0,778.141853515078,28.14185351507797,0.11100038019526855,0.17940744542356674,-0.2664240485619603,0,0,0
0,651.5755453207559,98.42445467924415,0.0,0.016796698372439356,-0.5237741011032435,0,0,0
0,836.6312704831156,86.6312704831156,0.25227398342604657,0.09495849619722976,-0.20115449963488552,0,0,0
0,481.8360911245574,268.1639088754426,0.0,0.05926701525921853,-0.4855508159051422,0,0,0
0,924.6146637025174,174.61466370251742,0.07868895427785114,0.08533545522283423,-0.38340026566003693,0,0,0
0,681.487536383905,68.51246361609503,0.3236063878453373,0.039857820169473285,-0.1794127036405756,0,0,0
0,164.55038168455627,585.4496183154438,0.13910393093738738,0.17903546076241786,-0.23865528401487546,0,0,0
0,828.604247183884,78.60424718388401,0.24193528429104896,0.11342642203952244,-0.19487206551181974,0,0,0
0,260.85538856874524,489.14461143125476,0.1876934992908451,0.15210754974160542,-0.2143008355801489,0,0,0
0,401.0816950666054,348.9183049333946,0.17844756767761255,0.10395396789305382,-0.2668849908570779,0,0,0
0,327.89172767966124,422.10827232033876,0.329658112857285,0.06480372777112542,-0.150909661787141,0,0,0
0,766.1197278956039,16.119727895603887,0.16074017132917906,0.0,-0.3781509583092598,0,0,0
0,876.7406555054235,126.74065550542355,0.13285943753532806,0.18873417828451225,-0.23617093164704983,0,0,0
0,154.67382430279852,595.3261756972015,0.361195345895336,0.0655636752974414,-0.11868847597540566,0,0,0
0,392.7130512777419,357.2869487222581,0.23739686399194712,0.029269957588173967,-0.2751513038171352,0,0,0
0,71.58256873650303,678.417431263497,0.28578088303129945,0.163059785401569,-0.10635643974572728,0,0,0
0,991.0242222340424,241.02422223404244,0.18769893755078582,0.16807165722378842,-0.19992770058624348,0,0,0
0,22.508841295923567,727.4911587040764,0.17466656249074133,0.07869031656534037,-0.2934032822388912,0,0,0
0,868.8446069471165,118.84460694711652,0.05499688252819157,0.10650774746180791,-0.3880372743946202,0,0,0
0,847.5496755309513,97.54967553095128,0.2783839327643816,0.07219695049551346,-0.19552994142809516,0,0,0
0,829.3416713486401,79.34167134864015,0.05012876148672321,0.1133123096950792,-0.38678128942614437,0,0,0
0,676.6565858460311,73.34341415396887,0.08406677644044148,0.08669751744046306,-0.3767965875015806,0,0,0
0,694.2170210816,55.78297891839998,0.35422220970173146,0.013183317218881496,-0.1728039344397141,0,0,0
0,979.5647166650481,229.56471666504808,0.29088864727959224,0.1727197707187048,-0.09255468871201233,0,0,0
0,822.1557287497977,72.15572874979773,0.40916761854989614,0.12709428256257596,-0.015338656782224347,0,0,0
0,184.30114390877083,565.6988560912291,0.20003192523883942,0.10822053581708006,-0.24146072216422743,0,0,0
0,631.0712759477357,118.92872405226433,0.6433235693032444,0.058194902813394414,0.15680785219686055,1,1,0
0,33.76556851376,716.23443148624,0.0,0.08014215432628467,-0.4667631907447827,0,0,0
0,385.3896660183691,364.6103339816309,0.24156554915748746,0.24396883941496633,-0.07775362500748173,1,0,0
0,189.608878516783,560.391121483217,0.0,0.03306645595728955,-0.5091313192768783,0,0,0
0,388.3730641811023,361.6269358188977,0.27359974256663677,0.12322864223420146,-0.15438560906102078,0,0,0
0,752.2407695331092,2.2407695331091873,0.4281480541279895,0.12950544973493788,0.005811829250994771,0,0,0
0,447.6357127131985,302.3642872868015,0.0,0.13069116506323047,-0.42126908108153144,0,0,0
0,331.0587064253884,418.9412935746116,0.21657187426808486,0.07754022746031175,-0.25253305065607345,0,0,0
0,764.1095939894252,14.109593989425207,0.29335896353694424,0.03882737383096283,-0.2105875296536281,0,0,0
0,269.0452661417374,480.9547338582626,0.1751203555986645,0.040788546504623796,-0.3270610821856129,0,0,0
0,362.43550420120306,387.56449579879694,0.21128553965599028,0.15701863035922442,-0.1862888226591466,0,0,0
0,556.8382304863738,193.16176951362615,0.18314019619269925,0.08869280331836871,-0.27592741045920777,0,0,0
0,860.3455548435162,110.3455548435162,0.2970155653608857,0.14691966919618912,-0.10964786200098298,0,0,0
0,864.0568217624674,114.0568217624674,0.14958049067118212,0.08893134139669337,-0.3092724317102327,0,0,0
0,448.28815913621924,301.71184086378076,0.2649211455001594,0.07726405942431977,-0.20443233065639171,0,0,0
0,742.2864495117585,7.713550488241481,0.3524082022274516,0.0852288816105399,-0.10977693396150134,0,0,0
0,315.0289780569011,434.9710219430989,0.37788579489343044,0.16514294925046102,-0.0123766804195935,0,0,0
0,193.8498984471264,556.1501015528736,0.08363268572407834,0.15585313777658216,-0.3149906199154366,0,0,0
0,789.3064660673841,39.30646606738412,0.3073286476245145,0.10482705603362545,-0.13721813158366147,0,0,0
0,239.61165566455156,510.38834433544844,0.09112251762970662,0.03586452086580154,-0.41549054322951084,0,0,0
0,231.62744454666452,518.3725554533355,0.14436560645474777,0.08134029909923988,-0.3213192539943752,0,0,0
0,55.31496416407744,694.6850358359226,0.0591444381168344,0.20029677144725677,-0.29947959721907336,0,0,0
0,30.849413987376618,719.1505860126234,0.20288373648766936,0.06852946913772057,-0.274330870926821,0,0,0
0,917.4966640364005,167.4966640364005,0.18533422722286305,0.10523176358879394,-0.2588483151856613,0,0,0
0,459.09991267263695,290.90008732736305,0.2668509756055574,0.1062383523937195,-0.17642563687853396,0,0,0
0,561.5563218752933,188.4436781247067,0.10743696456151197,0.15075564675890163,-0.29577408299391544,0,0,0
0,718.2237267835931,31.776273216406935,0.0,0.03642107910350233,-0.5061121584452868,0,0,0
0,298.8575885204398,451.1424114795602,0.0023350552991848184,0.017154737092951275,-0.5211168109555979,0,0,0
0,418.62912297110364,331.37087702889636,0.432940600423676,0.047943434125201204,-0.06280143850208181,0,0,0
0,279.96673317441645,470.03326682558355,0.13940213288625924,0.14670356802250709,-0.2674557855319233,0,0,0
0,622.7166048706566,127.28339512934338,0.0,0.05749212048609661,-0.4871482212009519,0,0,0
0,195.86514722646854,554.1348527735315,0.4020732547726519,0.08838702846059046,-0.0572695492512556,0,0,0
0,914.0575464921893,164.05754649218932,0.31890068962936136,0.10215038560051276,-0.12805509296861606,0,0,0
0,192.95302727196108,557.0469727280389,0.09354318116182861,0.10131392787336563,-0.3541654133905812,0,0,0
0,235.56802576010526,514.4319742398948,0.0,0.08567526869348745,-0.4617833878143002,0,0,0
0,551.5893983387034,198.4106016612966,0.11564906657124793,0.02557834127920104,-0.40022155591591,0,0,0
0,357.78318551739494,392.21681448260506,0.31171471477002904,0.05117637235901114,-0.1811176797452998,0,0,0
0,909.1833559822745,159.18335598227452,0.6316292606956225,0.06972091250741227,0.15548695231385468,1,1,0
0,454.74867510258935,295.25132489741065,0.15863690814399856,0.061133295263534636,-0.32523425575725917,0,0,0
0,445.8158721694326,304.1841278305674,0.2847724552256371,0.07851239917083669,-0.18345751515904873,0,0,0
0,36.20030626794091,713.799693732059,0.006238325193877181,0.08119492367419476,-0.4595773731377864,0,0,0
0,189.18926537924662,560.8107346207534,0.012707815084050167,0.05082653717208197,-0.4804394310995149,0,0,0
0,125.38965525916102,624.610344740839,0.1528887736898385,0.040400466804852576,-0.3496419358242331,0,0,0
0,725.1188352855498,24.881164714450165,0.27121085202369877,0.09946703257471665,-0.17815994829749515,0,0,0
0,249.1948545318189,500.8051454681811,0.2299203441532171,0.11660723433424011,-0.20402427458440564,0,0,0
0,422.2080803151511,327.7919196848489,0.08542335534760695,0.19896598481359537,-0.27439838795859606,0,0,0
0,329.2284395672465,420.7715604327535,0.2591787377453928,0.04095351770343989,-0.2428542259599502,0,0,0
0,216.02103313205978,533.9789668679402,0.13186175332534306,0.07729666566741307,-0.33746237721242406,0,0,0
0,32.60359034564675,717.3964096543532,0.03637997239130614,0.14545418300431856,-0.371602392543246,0,0,0
0,137.5603283995781,612.4396716004219,0.1942504549809553,0.09522830945388981,-0.25893519614898275,0,0,0
0,228.25906655392046,521.7409334460796,0.3963199344234565,0.027520084367773742,-0.11780311928398601,0,0,0
0,471.8402638040288,278.1597361959712,0.32875157750589934,0.08352902461394525,-0.13496342997998884,0,0,0
0,441.4624408988613,308.5375591011387,0.004457017351326448,0.010685505672000245,-0.5248171571823123,0,0,0
0,951.1592172362293,201.15921723622932,0.0,0.07950371503445894,-0.4673377861074258,0,0,0
0,549.1678876235086,200.8321123764914,0.28990687729033554,0.10899208492013453,-0.15089137591998225,0,0,0
0,51.319609168339,698.680390831661,0.3838289732450756,0.05045809359679347,-0.10964987215624916,0,0,0
0,868.8551518584819,118.85515185848192,0.2544430199087019,0.12745384041459792,-0.16973965335659885,0,0,0
0,523.7115194428128,226.2884805571872,0.22548496834249598,0.05909246931955894,-0.26022293890833986,0,0,0
0,503.47338998343304,246.52661001656696,0.12735797685537692,0.05004011764824717,-0.36649704689963947,0,0,0
0,173.2414910847423,576.7585089152577,0.4272661760879205,0.02128485829302726,-0.09246858108679384,0,0,0
0,418.4079812201371,331.5920187798629,0.2150243615414482,0.06233670316376319,-0.26776373524960384,0,0,0
0,15.466977985022057,734.533022014978,0.16436955599460884,0.0672824302033544,-0.31396738646081107,0,0,0
0,793.4645034127913,43.46450341279126,0.14332880611560342,0.10825878025970767,-0.2981294212890986,0,0,0
0,746.898970483552,3.1010295164479658,0.12371772481316459,0.1382149785492249,-0.29077992413097187,0,0,0
0,268.4887875126073,481.5112124873927,0.0,0.08256313450142598,-0.4645843085871555,0,0,0
0,655.0450451045057,94.95495489549432,0.28067409768551654,0.07885130124173943,-0.18725086083535686,0,0,0
0,781.1453752144218,31.145375214421847,0.3076201021201427,0.028116274462102672,-0.2059663805024038,0,0,0
0,44.163670211885496,705.8363297881145,0.23395785918742112,0.06301559309073815,-0.24821923666935342,0,0,0
0,549.8361641212821,200.16383587871792,0.4301986186025594,0.09408782314253461,-0.024013470207598253,0,0,0
0,19.494795059039394,730.5052049409607,0.19625017512905854,0.15757980647507674,-0.2008191286818113,0,0,0
0,19.71606506746737,730.2839349325326,0.2060911298695723,0.18737347284262024,-0.16416387421050838,0,0,0
0,92.7699465553058,657.2300534446942,0.15703656233245689,0.09843749463545849,-0.29326082213406934,0,0,0
0,410.5520821030425,339.4479178969575,0.5436510225713447,0.09644919617328133,0.09156416948885904,0,1,0
0,722.0235169129954,27.976483087004567,0.21521137640706264,0.12462474155845873,-0.2115174858287634,0,0,0
0,643.0000796316157,106.99992036838432,0.05056035997410163,0.025390428831286255,-0.4654793837161796,0,0,0
0,238.11758244429814,511.88241755570186,0.11191732670115198,0.07249536102303526,-0.36172797801655515,0,0,0
0,449.93567672434466,300.06432327565534,0.5488581285588209,0.13753714830866764,0.13375043239818285,0,1,0
0,683.0471672803088,66.95283271969117,0.23417166558868016,0.04289626001076724,-0.2661128300400682,0,0,0
0,85.26384895530103,664.736151044699,0.2928370702256975,0.043141608266978826,-0.20722661197246045,0,0,0
0,789.3029188038086,39.30291880380855,0.21978629720517057,0.14107726535696183,-0.19213529361200266,0,0,0
0,552.1864477042336,197.81355229576639,0.40355916948269865,0.16367691645411925,0.011977264652967112,0,0,1
0,94.58587508775994,655.41412491224,0.5079541838073414,0.02661356120994808,-0.00698474074214428,0,0,0
0,519.9909900453207,230.0090099546793,0.2694436442012349,0.04342770599688527,-0.23036255004000722,0,0,0
0,773.7099274506924,23.709927450692362,0.08877087085508134,0.06447127726453897,-0.3920961092452725,0,0,0
0,494.7733785470524,255.2266214529476,0.03580091057177101,0.13704420229277212,-0.37975043700317296,0,0,0
0,719.924336489629,30.075663510370987,0.13769406242874516,0.021620949211426127,-0.38173821291941024,0,0,0
0,862.6698274845675,112.66982748456746,0.007696272524067738,0.15384764566412554,-0.39273197601665816,0,0,0
0,628.0723428333378,121.92765716666224,0.15467972607309,0.08204742461025434,-0.31036872141612,0,0,0
0,814.808322048151,64.80832204815101,0.26056214353530194,0.09457591474636148,-0.19321066283141164,0,0,0
0,940.3123248119958,190.31232481199584,0.07555275419510127,0.10544829709093535,-0.3684349080614958,0,0,0
0,411.9050504384006,338.0949495615994,0.4020214441787463,0.1053107810895892,-0.042089982479062316,0,0,0
0,754.6258997930626,4.625899793062558,0.07557558449838979,0.13714946080869214,-0.33988103041222617,0,0,0
0,982.3417172704234,232.34171727042337,0.2490259898061565,0.1861730966228891,-0.12230935287168221,0,0,0
0,474.72321127160166,275.27678872839834,0.30003181598516754,0.05905991004811981,-0.1857053946099635,0,0,0
0,866.428876601416,116.42887660141605,0.2159446467451015,0.07642808305564386,-0.25416120814325793,0,0,0
0,703.0887488283705,46.91125117162949,0.12003960359602418,0.08870662122978511,-0.3390155669356081,0,0,0
0,433.4665629770311,316.5334370229689,0.1443592714970505,0.15426573375295421,-0.2556926977637296,0,0,0
0,936.6111638946688,186.61116389466883,0.4236356012821496,0.16733724386378096,0.03534799112111364,0,0,1
0,949.2582789077428,199.2582789077428,0.17511661673105758,0.06401359062751219,-0.30616228134262036,0,0,0
0,765.3989358119619,15.398935811961906,0.4745814747315829,0.10627429704454358,0.031337212433233286,0,0,0
0,333.8325893771042,416.1674106228958,0.0,0.141424766813894,-0.4116088395059343,0,0,0
0,940.606506549857,190.60650654985704,0.0,0.09206813702043107,-0.4560298063200509,0,0,0
0,556.705431052549,193.294568947451,0.23223409502396436,0.14464984992379437,-0.17647216968305957,0,0,0
0,942.1693214241508,192.16932142415078,0.027809758784650446,0.1398813447700813,-0.38518816056071525,0,0,0
0,785.4746472114651,35.47464721146514,0.15464260740516023,0.11976935027409917,-0.2764561069865894,0,0,0
0,580.9637413761654,169.03625862383456,0.0,0.16327318407041802,-0.3919452639750627,0,0,0
0,474.0480339056743,275.9519660943257,0.29256417560493236,0.18174579072268768,-0.08275574238308758,0,0,0
0,444.60334450771546,305.39665549228454,0.22553557332360108,0.14437128781960146,-0.18342139727719647,0,0,0
0,41.53895548818154,708.4610445118185,0.03134763478417099,0.012746328968532061,-0.49607179878258906,0,0,0
0,425.2007391951753,324.7992608048247,0.0,0.18469999243452045,-0.3726611364473705,0,0,0
0,184.28562856436002,565.71437143564,0.22389437827970154,0.1257214629203241,-0.20184743473044564,0,0,0
0,669.9428696194494,80.05713038055057,0.24105885922414727,0.05803062554925015,-0.24560470741996648,0,0,0
0,212.61045615894392,537.3895438410561,0.27561064049072315,0.054580094886736444,-0.21415840374965295,0,0,0
0,184.0102996526487,565.9897003473513,0.19392799787767753,0.12862310669057644,-0.22920233573924254,0,0,0
0,74.89092982403056,675.1090701759695,0.25315120126650587,0.09823517628926137,-0.19732826971159778,0,0,0
0,6.927252351032864,743.0727476489672,0.3457293065152608,0.13927018193655796,-0.06781865938027593,0,0,0
0,955.1998708347654,205.19987083476542,0.08187179936597411,0.19538235450097421,-0.28117521122158795,0,0,0
0,556.0527793837739,193.9472206162261,0.12517566317966858,0.0630889027359467,-0.35693545399641824,0,0,0
0,704.1170484018786,45.882951598121394,0.20196328889872295,0.1547627761911418,-0.19764134216768836,0,0,0
0,331.7323991769013,418.2676008230987,0.08686683082646973,0.14931878940700188,-0.31763738834566746,0,0,0
0,890.7079094298564,140.7079094298564,0.02821643181185629,0.07836028024300219,-0.44015044560788064,0,0,0
0,633.717028523866,116.28297147613398,0.3124927169816619,0.12265162156284379,-0.11601195325021751,0,0,0
0,988.5001419430537,238.50014194305368,0.09269368279716608,0.19530337012583757,-0.27042441372801895,0,0,0
0,94.02810019859187,655.9718998014081,0.021447808882636227,0.19309559272592325,-0.3436572873024717,0,0,0
0,754.3668153626609,4.366815362660873,0.06422361373146648,0.1109073857509239,-0.3748508687311409,0,0,0
0,45.341136764339375,704.6588632356606,0.26410428787717766,0.11762836231071797,-0.16892131568161506,0,0,0
0,878.91067893827,128.91067893827005,0.0903484282068772,0.06898356485850192,-0.38645749305891,0,0,0
0,581.5133087803301,168.48669121966986,0.22457580448832665,0.054876074758603635,-0.26492685786736897,0,0,0
0,895.1312104008495,145.13121040084945,0.3124796804942603,0.09409971437703109,-0.14172170620485064,0,0,0
0,580.4503584017388,169.54964159826125,0.3680390559895217,0.15477433016801811,-0.0315551764977009,0,0,0
0,563.8476403456089,186.15235965439115,0.1436133041439973,0.058104819687289,-0.3429834877758815,0,0,0
0,511.75759821785425,238.24240178214575,0.33952694568097286,0.035288743094723074,-0.16760431517221525,0,0,0
0,61.09601391288755,688.9039860871125,0.22048588783762077,0.11885888232206294,-0.21143224771096147,0,0,0
0,333.64542084136815,416.35457915863185,0.07846292035084217,0.18213693192316113,-0.2965049705567517,0,0,0
0,586.9562416773307,163.0437583226693,0.41155063440199247,0.05613539910868418,-0.07681863603863065,0,0,0
0,527.0518887442437,222.94811125575632,0.1252074490992362,0.07375050739918448,-0.34730822387993665,0,0,0
0,239.85920834004258,510.1407916599574,0.27146485065838677,0.1454923912960842,-0.13648312681357633,0,0,0
0,965.3085119016167,215.30851190161673,0.12767614737850458,0.20760763006003288,-0.22436811520590472,0,0,0
0,665.8423454455251,84.1576545544749,0.16514492095446248,0.06683481428521315,-0.31359487582728457,0,0,0
0,289.2554838270283,460.7445161729717,0.0,0.1444157887039664,-0.4089169198048691,0,0,0
0,958.9832910077083,208.98329100770832,0.09386454628599418,0.1553866422371737,-0.3051786053389884,0,0,0
0,901.1874693799151,151.18746937991511,0.23124780110391352,0.13833859664972786,-0.1831385915497703,0,0,0
0,359.48486368401336,390.51513631598664,0.4673192956999632,0.12020488214104129,0.03661255998846147,0,0,0
0,714.3526500471665,35.64734995283345,0.333509162224632,0.0764018976709896,-0.13662025950991624,0,0,0
0,756.8358749023002,6.835874902300247,0.030009615332845213,0.22370783931274296,-0.30754445892412496,1,0,0
0,132.72776700893286,617.2722329910671,0.13345428396688144,0.07902323658637136,-0.3343159327438232,0,0,0
0,310.16183496006636,439.83816503993364,0.12700630964550508,0.08402118884488936,-0.3362657500325334,0,0,0
0,708.4035027736567,41.59649722634333,0.23285016024886152,0.108191615324292,-0.20866851559771454,0,0,0
0,822.282011919127,72.28201191912694,0.08737909945170798,0.08843209743774444,-0.3719231424927609,0,0,0
0,452.7321289560513,297.2678710439487,0.17664553667781346,0.08488542867188348,-0.2858487071559303,0,0,0
0,253.05184331681718,496.9481566831828,0.013198229898615937,0.10979583143129142,-0.42687665145166065,0,0,0
0,550.1283782428405,199.87162175715946,0.08501814525382433,0.09913261852574953,-0.36465362771143994,0,0,0
0,538.3131350837701,211.68686491622987,0.2589496016956807,0.06113248598186292,-0.22492229055908153,0,0,0
0,325.2890137319464,424.7109862680536,0.3449297777222668,0.0,-0.1939613519161721,0,0,0
0,162.63952462907437,587.3604753709257,0.060376429503809115,0.1254608079098984,-0.3655999730157212,0,0,0
0,297.83041999544514,452.16958000455486,0.06963605906702383,0.1808431185241953,-0.30649626389963924,0,0,0
0,122.4239526758586,627.5760473241414,0.0,0.07281009328452166,-0.4733620456823694,0,0,0
0,952.3383033335399,202.3383033335399,0.07168153719089213,0.1489875458603908,-0.333120801173195,0,0,0
0,713.1857166657794,36.81428333422059,0.06877184688949223,0.15361558338907894,-0.3318652576987756,0,0,0
0,918.2183584387058,168.21835843870576,0.20403028288530564,0.13266701290238356,-0.21546053514098806,0,0,0
0,150.04888478652467,599.9511152134753,0.2837355305297783,0.08228304344515464,-0.1811008600080214,0,0,0
0,546.3150694670343,203.68493053296572,0.34141369154076606,0.0,-0.19747743809767282,0,0,0
0,188.65940891212972,561.3405910878703,0.4237794451561021,0.07073352937999625,-0.051451508040340155,0,0,0
0,127.18872561011008,622.81127438989,0.3901455421325938,0.05704395385306439,-0.09740602903808715,0,0,0
0,69.47707435280148,680.5229256471985,0.2105479364984293,0.04819655212426902,-0.2849662962281675,0,0,0
0,583.2822776169734,166.71772238302663,0.3688108637655073,0.10881663515688081,-0.07214529423173882,0,0,0
0,56.751779890226175,693.2482201097738,0.0,0.14854053117109742,-0.4052046515844512,0,0,0
0,396.3710697748777,353.6289302251223,0.4571428890819018,0.038642044090443396,-0.046970400875137985,0,0,0
0,327.9339832194278,422.0660167805722,0.05367477988438196,0.14730766314625968,-0.3526394529224232,0,0,0
0,863.0858403411492,113.08584034114915,0.3790952619863285,0.13121194662673452,-0.041705115688049355,0,0,0
0,55.80583016847063,694.1941698315294,0.2763066127131857,0.01592722688237401,-0.24825001273111658,0,0,0
0,922.4175261135568,172.41752611355685,0.010544874403023152,0.07442772947980983,-0.4613612987035869,0,0,0
0,159.16094125589564,590.8390587441044,0.0,0.13074997925320558,-0.4212161483105539,0,0,0
0,718.5742126517506,31.4257873482494,0.0,0.12847953280252575,-0.4232595501161657,0,0,0
0,989.3197761315711,239.31977613157107,0.11590714040303884,0.07348691703610644,-0.35684576390290423,0,0,0
0,154.01213117599232,595.9878688240077,0.08561909824571502,0.14621265346560258,-0.3216806432736815,0,0,0
0,414.1220733449517,335.8779266550483,0.09781800521674612,0.12826523045504154,-0.32563441701215534,0,0,0
0,554.5481012524609,195.45189874753908,0.2972793147202525,0.11308144892366036,-0.1398385108868921,0,0,0
0,641.9027390453222,108.09726095467784,0.3659734503557577,0.02973502055401915,-0.14615616078406396,0,0,0
0,67.36927280538374,682.6307271946163,0.4108454421335467,0.0650403126791246,-0.06950940609368006,0,0,0
0,585.8715898132157,164.12841018678432,0.0,0.06581203922148103,-0.47966029433910595,0,0,0
0,3.477209378651591,746.5227906213485,0.387306846559031,0.04108990928951142,-0.11460336471884758,0,0,0
0,44.24181980408881,705.7581801959112,0.2062765300462009,0.028006943962164604,-0.30740835002628986,0,0,0
0,942.7129158261305,192.71291582613048,0.45970951164541646,0.07918237673337006,-0.00791747893298933,0,0,0
0,149.4626049599076,600.5373950400924,0.023819890339670996,0.052600332954399656,-0.46773093963980816,0,0,0
0,301.0746634311889,448.9253365688111,0.29071435708181137,0.0863739638846384,-0.17044020506045293,0,0,0
0,338.3375954807368,411.6624045192632,0.14612660158057986,0.06505883983456416,-0.3342115722067513,0,0,0
0,211.60863163187682,538.3913683681232,0.4546999669754913,0.07684506433878396,-0.015030604758041965,0,0,0
0,589.9031039116181,160.09689608838187,0.1022089305445355,0.06986846870079008,-0.37380057726319227,0,0,0
0,973.038194049417,223.03819404941703,0.04574379945170612,0.024886775064540678,-0.47074923262864615,0,0,0
0,138.2524781574116,611.7475218425884,0.26660383946434335,0.10225522189555963,-0.18025759046809187,0,0,0
0,247.29499635252495,502.70500364747505,0.23765252134660764,0.1625324406133963,-0.15495941173977457,0,0,0
0,843.2296020930163,93.2296020930163,0.13919384903905901,0.10072957251493093,-0.30904066533594204,0,0,0
0,213.94025572497543,536.0597442750245,0.35011596214998475,0.02128346876222942,-0.16962004560244764,0,0,0
0,772.4647646627524,22.464764662752373,0.32975739592315223,0.14666173481263128,-0.07713817238391851,0,0,0
0,790.8670858190253,40.867085819025306,0.0,0.04678615503581085,-0.4967835901062091,0,0,0
0,387.8427719326676,362.1572280673324,0.044260785351794535,0.03671225823669054,-0.46158931187362284,0,0,0
0,799.1367199775532,49.136719977553184,0.16412852891266289,0.1610552527379954,-0.22981287326158018,0,0,0
0,887.0926392078787,137.09263920787873,0.2061522135296877,0.05068570037091704,-0.28712178577492586,0,0,0
0,504.21152650117085,245.78847349882915,0.05737267470809923,0.09283396710972029,-0.3979678845315914,0,0,0
0,273.9051645635314,476.0948354364686,0.12226218648976918,0.0686024244773048,-0.3548867611190954,0,0,0
0,437.25502376150126,312.74497623849874,0.24191760509113955,0.18045324020082215,-0.1345656083665594,0,0,0
0,79.3051361306374,670.6948638693626,0.037111507192129134,0.09993129875808278,-0.41184145356403523,0,0,0
0,337.18484426906247,412.81515573093753,0.05147889020140661,0.1452286902700239,-0.3567064181940107,0,0,0
0,887.4255031576772,137.4255031576772,0.21478872852397812,0.19260883495744124,-0.15075444965276363,0,0,0
0,924.7875208244973,174.78752082449728,0.5007056339862082,0.2270626034783224,0.1661708474782595,1,0,1
0,482.0240426669084,267.9759573330916,0.2929532904132049,0.21171726273708544,-0.05539230276185708,0,0,0
0,547.9558751074691,202.04412489253093,0.0,0.15577810475805623,-0.39869083535618827,0,0,0
0,963.7013042012409,213.70130420124087,0.5457466918073861,0.10628332120281399,0.10251055125147979,0,1,0
0,327.3495596239678,422.6504403760322,0.4134862873103264,0.08475483007191116,-0.04912549526339244,0,0,0
0,6.317542661169684,743.6824573388303,0.10504127025351251,0.13314493494465446,-0.31401941793473737,0,0,0
0,187.63247694411334,562.3675230558866,0.11821180588552405,0.11915827752279781,-0.31343687398239684,0,0,0
0,454.18042497385045,295.81957502614955,0.25156181170522485,0.0,-0.28732931793321403,0,0,0
0,379.0092005751834,370.9907994248166,0.13606732077446362,0.18748574376754962,-0.2340866394731806,0,0,0
0,763.7145114664738,13.714511466473823,0.3320931450647436,0.10547828496135117,-0.11186752810847922,0,0,0
0,466.9413483714714,283.0586516285286,0.13666840937164698,0.15966444570685223,-0.2585247191306249,0,0,0
0,113.4822953250243,636.5177046749757,0.007649933182541979,0.187701712247072,-0.3623096554335321,0,0,0
0,664.3864989019926,85.61350109800742,0.3768035663172301,0.11207477954755789,-0.061220261728406666,0,0,0
0,65.80586698039525,684.1941330196048,0.045522552669994026,0.1519169733810307,-0.3566433009255172,0,0,0
0,248.03335804626116,501.9666419537389,0.19716211272709983,0.1473040303849934,-0.20915538956484503,0,0,0
0,395.96128294682455,354.03871705317545,0.2680016415496197,0.050894721821118025,-0.22508423844981296,0,0,0
0,634.8474224866571,115.15257751334286,0.05424125599971985,0.058520895473802445,-0.43198106771229683,0,0,0
0,340.465944569211,409.534055430789,0.0,0.22098776205485537,-0.340002143789069,1,0,0
0,744.673688800599,5.326311199400948,0.13463267873918322,0.12172145847079013,-0.29470913827554457,0,0,0
0,726.4128467663111,23.587153233688923,0.13830599463589469,0.1130699991667955,-0.2988221357524282,0,0,0
0,547.0182904363026,202.98170956369745,0.4329334113460743,0.1019796053498452,-0.014176073477503826,0,0,0
0,377.7157420313957,372.2842579686043,0.24869722341440892,0.1104345151402971,-0.1908028425977626,0,0,0
0,676.6302344260707,73.36976557392927,0.5077213814599162,0.22989109389963103,0.1757322363311452,1,0,1
0,967.5731365875487,217.57313658754867,0.19977950891606472,0.14183713812120516,-0.21145819641328956,0,0,0
0,192.43064201756312,557.5693579824369,0.13933768156229548,0.12519708521382986,-0.28687607138369653,0,0,0
0,826.3303588088626,76.33035880886257,0.30917045864312614,0.07709980673571704,-0.1603308449331674,0,0,0
0,312.4284307384303,437.5715692615697,0.0,0.16404833948460776,-0.39124762410229186,0,0,0
0,169.85087827019308,580.1491217298069,0.45891267381523065,0.11471064378994264,0.02326112358774013,0,0,0
0,135.71715392153004,614.2828460784699,0.2661048573078534,0.06761369445847142,-0.21193394731796122,0,0,0
0,657.0575300364043,92.94246996359573,0.33905639297271095,0.05906391417628481,-0.1466772139070716,0,0,0
0,721.8190297651959,28.180970234804136,0.3843486312222866,0.1797275265351465,0.007212275465479534,0,0,1
0,706.7935675659946,43.206432434005364,0.1763047234560602,0.12865814090535257,-0.24679407936756137,0,0,0
0,301.14253481115384,448.85746518884616,0.23424075203685574,0.10565438290064444,-0.20956143299100316,0,0,0
0,764.6614049841367,14.661404984136652,0.08265260625752176,0.059411812647311726,-0.40276789199833657,0,0,0
0,141.8548196241729,608.1451803758271,0.12610791352042744,0.05394218243862352,-0.3642352519232503,0,0,0
0,732.9892338963145,17.010766103685455,0.11838898995551415,0.11423375353192243,-0.31769176150419454,0,0,0
0,659.1471960561075,90.85280394389247,0.1381892113747913,0.09817071149171128,-0.3123482779211074,0,0,0
0,747.2619404661664,2.7380595338336207,0.12709225875146565,0.14776860164382571,-0.27880712940753005,0,0,0
0,198.54911224444137,551.4508877555586,0.2906771254118692,0.09248942994848387,-0.1649735172729342,0,0,0
0,755.7897398269118,5.789739826911841,0.3776101595555921,0.09573624274110712,-0.0751183516158504,0,0,0
0,542.1586761544435,207.84132384555653,0.22822610788129233,0.12839429329381363,-0.1951101577927143,0,0,0
0,496.6139852785081,253.3860147214919,0.3471287781274017,0.008328512743522962,-0.18426669004186647,0,0,0
0,763.3677251949595,13.367725194959462,0.30429319190121684,0.15800487529557558,-0.09239354997120403,0,0,0
0,200.01845091697456,549.9815490830255,0.37550035413150906,0.0,-0.16339077550692982,0,0,0
0,566.4524093727025,183.5475906272975,0.0,0.10637697349975743,-0.4431518534886572,0,0,0
0,833.738516831816,83.73851683181601,0.12008286910804716,0.17471002339705455,-0.2615692394730426,0,0,0
0,139.43875284115236,610.5612471588477,0.4329073354379382,0.07554426956376555,-0.0379939515931117,0,0,0
0,558.0644450935107,191.9355549064893,0.36855528523281683,0.12024287308953913,-0.06211725862503681,0,0,0
0,897.7802672925833,147.7802672925833,0.35507926772895904,0.11740713326431654,-0.07814544197159495,0,0,0
0,974.255676816133,224.25567681613302,0.17163203821122844,0.04060350243396004,-0.33071593923664644,0,0,0
0,165.25698946487145,584.7430105351285,0.18142711316652205,0.013669801965071837,-0.34516119470335216,0,0,0
0,525.4527922289421,224.54720777105786,0.04602127014828261,0.1341354292706456,-0.3721479731465752,0,0,0
0,20.47991194670018,729.5200880532998,0.0,0.08904608209518036,-0.45874965575277654,0,0,0
0,336.17264505303876,413.82735494696124,0.11697963418188857,0.004819280923834671,-0.4175741426250991,0,0,0
0,606.1316759314692,143.8683240685308,0.211898599252898,0.19814801812048397,-0.1486593140771053,0,0,0
0,658.0272048769874,91.97279512301259,0.41992970009092895,0.05844302163723437,-0.06636271007399902,0,0,0
0,218.98051680866692,531.019483191333,0.16026758962658696,0.10967465830943138,-0.2799163475333637,0,0,0
0,790.0489156239539,40.04891562395392,0.20044300375555882,0.07524708286956111,-0.27072575130027504,0,0,0
0,819.99610666238,69.99610666238004,0.18519308042765145,0.10430258607258937,-0.259825721745457,0,0,0
0,900.9011764739785,150.90117647397847,0.3184917110680406,0.08583479317139933,-0.14314810471613892,0,0,0
0,709.9270518420301,40.072948157969904,0.25970435401850156,0.1385571081526498,-0.1544853782825525,0,0,0
0,108.86899557256713,641.1310044274329,0.1814153856480045,0.06830045754894294,-0.29600533219638575,0,0,0
0,839.6446202747813,89.64462027478135,0.27889591477566567,0.08278193600355117,-0.18549147245957714,0,0,0
0,683.8087773204159,66.19122267958414,0.08290339885227045,0.036406460960790685,-0.4232219159214568,0,0,0
0,505.6208122396151,244.37918776038492,0.304273412701035,0.06207941177373344,-0.1787462463410438,0,0,0
0,449.21918352169564,300.78081647830436,0.27525365928243617,0.11863319786432956,-0.1568675922781061,0,0,0
0,71.94503746853609,678.054962531464,0.06366197597284012,0.09661550580535024,-0.38827519844078356,0,0,0
0,668.7784904947032,81.22150950529681,0.38313472615243915,0.1143492885501425,-0.052842043790871485,0,0,0
0,890.4384103525734,140.43841035257344,0.17190451153765418,0.02987785389539316,-0.34009654959493085,0,0,0
0,57.671494257934384,692.3285057420657,0.14771766663080288,0.04465560197292326,-0.3509834212320051,0,0,0
0,656.9421338089657,93.05786619103435,0.26639956116529134,0.12720005369402176,-0.15801152014852793,0,0,0
0,499.0887654493452,250.9112345506548,0.23437423289824297,0.057151728184912674,-0.2530803413737745,0,0,0
0,860.0753387959977,110.07533879599771,0.0797687791457215,0.08756405189689699,-0.3803147037855101,0,0,0
0,914.5626996748775,164.56269967487754,0.5127987285711398,0.16020783754903614,0.1180946527268335,0,0,1
0,374.6251668633299,375.3748331366701,0.3725706362961988,0.010988101756646163,-0.15643120176125852,0,0,0
0,370.6003842236,379.3996157764,0.18392610095069842,0.10018173556777797,-0.2648014666767403,0,0,0
0,223.3239342062665,526.6760657937335,0.2421113705439124,0.07813064747014642,-0.2264621763713947,0,0,0
0,720.2484882920902,29.7515117079098,0.006514974841054705,0.1947618601210092,-0.3570904806884759,0,0,0
0,771.4306419694689,21.430641969468866,0.36788822999547677,0.06780253299631703,-0.10998061994627678,0,0,0
0,621.6549878851334,128.34501211486656,0.7034469047291494,0.014996526852063846,0.17805264925756792,1,1,0
0,268.89880070916826,481.10119929083174,0.37061829331639695,0.08226154783909753,-0.09423744326685413,0,0,0
0,207.59960542592893,542.400394574071,0.3757835698990153,0.12275001797573104,-0.05263254356126568,0,0,0
0,368.8188258802345,381.1811741197655,0.31752345157789896,0.166043919724146,-0.0719281503088085,0,0,0
0,337.78767119604635,412.21232880395365,0.0,0.08106062448052592,-0.4659365676059656,0,0,0
0,926.3487295965413,176.34872959654126,0.2127986020643994,0.15482868298564076,-0.18674671288696276,0,0,0
0,882.6583594614257,132.65835946142568,0.16044274364112102,0.07007426307435688,-0.3153815492303967,0,0,0
0,318.09813087695073,431.90186912304927,0.23259825195001238,0.15604479744054955,-0.16585255999193194,0,0,0
0,501.60757548854406,248.39242451145594,0.018477187911155157,0.07730609923261261,-0.45083845241793236,0,0,0
0,955.2074117789105,205.20741177891045,0.26270409639781767,0.17459348300573746,-0.11905289853545753,0,0,0
0,759.5135115987349,9.513511598734908,0.2510910766965472,0.0,-0.2878000529418917,0,0,0
0,424.80598289951223,325.19401710048777,0.06911354561416666,0.18844166180019165,-0.3001800884040997,0,0,0
0,3.478334834567498,746.5216651654325,0.06518714657050478,0.0944309111074788,-0.38871616307120316,0,0,0
0,380.0098437801037,369.9901562198963,0.645352875297185,0.10221853862302195,0.19845843041946587,1,1,0
0,993.1176616207897,243.1176616207897,0.32196182362497394,0.030773761860151308,-0.18923292033932876,0,0,0
0,918.3885987465165,168.38859874651655,0.14555226911134855,0.19397728999087366,-0.21875929953530404,0,0,0
0,97.26945422869638,652.7305457713036,0.22361233237291073,0.007751122029558702,-0.30830278743892536,0,0,0
0,918.4510503120439,168.4510503120439,0.3303721961114878,0.11487523416827201,-0.10513122277550624,0,0,0
0,869.3472625164629,119.34726251646293,0.17412278579619753,0.12692154406084388,-0.25053895418748184,0,0,0
0,568.5995641357251,181.40043586427487,0.2580339214322357,0.1502731680663944,-0.14561135694644822,0,0,0
0,588.5887592107974,161.41124078920257,0.217527021774981,0.13171867951996138,-0.2028172962954926,0,0,0
0,871.9707420030264,121.97074200302643,0.20786816609523343,0.03941926285915275,-0.295545626969968,0,0,0
0,814.0241824043,64.02418240429995,0.3841674529446805,0.11341156989007548,-0.05265326379269042,0,0,0
0,236.1058032089587,513.8941967910413,0.4222716692831966,0.06576843360635146,-0.05742787010952599,0,0,0
0,780.7106266352976,30.710626635297558,0.12369208580315794,0.15881144834448424,-0.2722687403252451,0,0,0
0,652.3505302618786,97.64946973812141,0.09466054953847754,0.09862771821654875,-0.35546563370506745,0,0,0
0,334.1549625489586,415.8450374510414,0.0545145119313753,0.0993841125131386,-0.3949309164452388,0,0,0
0,437.9413672583287,312.0586327416713,0.40855627234391967,0.1376870293577912,-0.0064165308725071535,0,0,0
0,797.9255971817355,47.9255971817355,0.23000034879925646,0.09533905094545705,-0.22308563498827105,0,0,0
0,525.3996808385144,224.60031916148557,0.7071658324745715,0.19335225975476314,0.34229173661541945,1,1,1
0,245.31026742745587,504.68973257254413,0.2527255844912964,0.07616508063603171,-0.21761697257471396,0,0,0
0,189.46757212309828,560.5324278769017,0.0,0.0710549084133433,-0.4749417120664299,0,0,0
0,584.8810689433287,165.11893105667127,0.11530884649519775,0.09260930542252911,-0.34023390826296496,0,0,0
0,11.523032428062074,738.476967571938,0.437965270879908,0.08281217189439909,-0.0263949040535717,0,0,0
0,694.1175676270115,55.882432372988546,0.22060261855078223,0.14359310279142115,-0.1890547185753776,0,0,0
0,780.5237349011813,30.523734901181342,0.1674774236857954,0.03928834788038933,-0.3360541928602931,0,0,0
0,384.90515712866204,365.09484287133796,0.3359551365732477,0.04731852701620263,-0.16034931875060882,0,0,0
0,684.9612093996143,65.03879060038571,0.21002374342367905,0.1386465976272591,-0.20408544835022668,0,0,0
0,122.78833796653177,627.2116620334682,0.5050056003079162,0.11803202372820407,0.072343292024861,0,0,0
0,559.1105638194405,190.88943618055953,0.0,0.0792672118304793,-0.4675506389910075,0,0,0
0,507.6450189754167,242.3549810245833,0.1437209527297725,0.1644105706969219,-0.24720066328143664,0,0,0
0,120.71532436179378,629.2846756382062,0.0,0.08965768911022765,-0.458199209439234,0,0,0
0,550.0039443809985,199.99605561900148,0.24266755608788654,0.02006728295854532,-0.27816301888786155,0,0,0
0,853.0400371569139,103.04003715691385,0.3993943625374463,0.03743071725873058,-0.10580912156813504,0,0,0
0,140.77406157474837,609.2259384252516,0.16315232254819587,0.16219935025646956,-0.2297593918594204,0,0,0
0,975.7599515793365,225.75995157933653,0.19801707735780205,0.23019927049404998,-0.13369470883599188,1,0,0
0,355.41718659587184,394.58281340412816,0.3991147379679769,0.16181952179816578,0.005861177947887208,0,0,1
0,68.9159123321249,681.0840876678751,0.13832818358889284,0.05578196724062319,-0.3503591755329852,0,0,0
0,639.1754624274993,110.82453757250073,0.2515698158402601,0.06507321098426651,-0.22875542391233894,0,0,0
0,648.3951121178357,101.60488788216435,0.5511554718023088,0.17633152049219225,0.17096271060684298,0,1,1
0,432.89686926705684,317.10313073294316,0.08870526035119025,0.050231895822401916,-0.4049771630470869,0,0,0
0,108.20918732343598,641.790812676564,0.06771996006334374,0.07437843561646366,-0.40423057752027786,0,0,0
0,607.0451367887774,142.95486321122257,0.2776885490320672,0.11730587738688099,-0.1556272909581788,0,0,0
0,26.668100731744637,723.3318992682554,0.18051763160863488,0.0,-0.358373498029804,0,0,0
0,167.8028024259183,582.1971975740817,0.4172340039212948,0.006447018421123288,-0.11585480913813312,0,0,0
0,467.92912350341606,282.07087649658394,0.21355051589728186,0.17385726080878822,-0.16886907901324766,0,0,0
0,16.613960766365345,733.3860392336346,0.1127495499771736,0.0628099595364679,-0.3696126160784442,0,0,0
0,323.15986094632666,426.84013905367334,0.09384996676693393,0.050767250203991365,-0.39935063768791274,0,0,0
0,710.7234130338272,39.27658696617277,0.37471737314338965,0.047870721402120814,-0.12109010723314051,0,0,0
0,511.7140508353656,238.28594916463442,0.2637701685734831,0.08204760442286374,-0.20127811708437837,0,0,0
0,150.71548214676423,599.2845178532358,0.4858016045463599,0.10933108846851367,0.04530845452958332,0,0,0
0,147.36056079040526,602.6394392095947,0.2737897445775396,0.1110742051818899,-0.1651346003971984,0,0,0
0,262.6591146292322,487.3408853707678,0.6574061253443284,0.054632987859754345,0.16768468477966847,1,1,0
0,314.01603209812214,435.98396790187786,0.36051760934802424,0.05236319421874531,-0.13124664549354387,0,0,0
0,283.18618883018263,466.81381116981737,0.3316094130702999,0.06933418432346,-0.144880950677025,0,0,0
0,987.7095005364451,237.70950053644515,0.17183965546794402,0.17376439824343892,-0.21066351575139985,0,0,0
0,741.284262340998,8.715737659002002,0.1756164002556791,0.06691645673587854,-0.3030499183204691,0,0,0
0,531.1709582581868,218.82904174181317,0.23596997883477455,0.12561400425857272,-0.1898685469709489,0,0,0
0,284.97669019602677,465.02330980397323,0.1660492956399341,0.15955333465787977,-0.22924383280641303,0,0,0
0,725.666297008414,24.33370299158605,0.0,0.09684574517900812,-0.4517299589773316,0,0,0
0,136.13697767644229,613.8630223235577,0.07649993874195184,0.08141422406166168,-0.3891183892409915,0,0,0
0,442.0597385122482,307.9402614877518,0.5335120501010828,0.12065525686730978,0.10321065164322274,0,1,0
0,25.088794202793085,724.9112057972069,0.06401597880578583,0.12626426730834184,-0.3612373102551454,0,0,0
0,681.1909698490396,68.80903015096044,0.0,0.18660454220545752,-0.3709470416535271,0,0,0
0,317.07007617204465,432.92992382795535,0.1701200728731652,0.11406994245135332,-0.2661081085590557,0,0,0
0,817.5157767256494,67.5157767256494,0.31054524520477766,0.1807714392491659,-0.06565158910941193,0,0,0
0,116.25197027443235,633.7480297255677,0.07925508905823643,0.07501457731078476,-0.39212292100049617,0,0,0
0,218.74179500254166,531.2582049974583,0.3236549849211423,0.05120007865044489,-0.1691560739318962,0,0,0
0,662.9048267491179,87.09517325088211,0.3144494399931971,0.075174183667507,-0.1567849243444855,0,0,0
0,574.899080818399,175.10091918160094,0.4721948284975601,0.12840349757539715,0.048866846676978715,0,0,0
0,587.0731511432098,162.92684885679023,0.003883376984710918,0.035363700682049026,-0.5031804220398839,0,0,0
0,751.0936239239994,1.0936239239994165,0.18404595210464597,0.14849552499262297,-0.22119920504043222,0,0,0
0,814.2649096561804,64.26490965618041,0.16400363491815972,0.09945680972674154,-0.28537636596621174,0,0,0
0,534.5844510682609,215.41554893173907,0.0,0.055542975509191066,-0.48890245168016694,0,0,0
0,892.8077710709264,142.80777107092638,0.2372481887700898,0.10969837711819667,-0.2029144014619721,0,0,0
0,628.3694958663473,121.63050413365272,0.24612228191708913,0.10630274814200852,-0.1970963743935421,0,0,0
0,520.2327507236206,229.7672492763794,0.2105343249447647,0.20923390257520721,-0.14004629237598765,0,0,0
0,681.5276639332268,68.47233606677321,0.11534587720398837,0.08577990937940738,-0.3463433339929839,0,0,0
0,655.1602224382738,94.83977756172624,0.30978992526161403,0.023649725479947065,-0.20781645144487249,0,0,0
0,328.02585706796395,421.97414293203605,0.41592754299168133,0.1224493970580685,-0.012759129294495963,0,0,0
0,72.88905347456942,677.1109465254306,0.3779652298524776,0.11724606581628946,-0.05540444055130078,0,0,0
0,40.24074094440755,709.7592590555925,0.4440444439660096,0.0026034196255485254,-0.09250360800943558,0,0,0
0,87.02123170505993,662.9787682949401,0.32259981562811463,0.08990807389600246,-0.135374047503922,0,0,0
0,88.72553117680437,661.2744688231957,0.17925159698915802,0.15725700933310327,-0.21810822424948795,0,0,0
0,630.8350637800128,119.16493621998723,0.14145999294311756,0.07956718264865098,-0.32582067231153544,0,0,0
0,593.0509687689193,156.94903123108065,0.242621838166944,0.03453475688674433,-0.265188010273425,0,0,0
0,754.7158940778813,4.71589407788133,0.015554406147701677,0.16789783017723503,-0.3722286763312257,0,0,0
0,271.18998593543785,478.81001406456215,0.2523864013474626,0.0846756865389795,-0.21029661040589476,0,0,0
0,447.28863064990054,302.71136935009946,0.1629273663273047,0.050911387937669784,-0.33014351416723137,0,0,0
0,820.1913233002914,70.1913233002914,0.1643808239327329,0.11120549868069063,-0.2744253568930844,0,0,0
0,365.0155764038917,384.9844235961083,0.29035185698527305,0.1473297788977625,-0.11594247164517957,0,0,0
0,351.91579645512275,398.08420354487725,0.4455353804526669,0.10508794631996751,0.0012234025021987671,0,0,0
0,313.2275243356765,436.7724756643235,0.3945756351303774,0.09004313506204509,-0.06327667295222089,0,0,0
0,703.6081276176244,46.391872382375595,0.6536055634782536,0.10286719077790552,0.20729490553992969,1,1,0
0,159.16547310777773,590.8345268922222,0.4157767615536875,0.07165553814519969,-0.058624383754071696,0,0,0
0,146.63746435474388,603.3625356452561,0.23672098660009838,0.10680548042297705,-0.20604521065766113,0,0,0
0,61.606595416034196,688.3934045839658,0.3162236597253396,0.11391308095203985,-0.12014569705626343,0,0,0
0,570.4121523972816,179.5878476027184,0.12464153030441397,0.11825067054322763,-0.30782399584512005,0,0,0
0,422.521217490911,327.478782509089,0.05619769235952099,0.11467005850765813,-0.37949038462202556,0,0,0
0,928.3511079571914,178.3511079571914,0.070333890661332,0.1526053997011914,-0.33121237924603464,0,0,0
0,588.8150845626187,161.18491543738128,0.16729744766007718,0.04448431909065448,-0.33155779479677266,0,0,0
0,629.096449690038,120.90355030996204,0.10853638130035154,0.05723004794161721,-0.3788477051906318,0,0,0
0,120.21833179403218,629.7816682059678,0.6139229084611604,0.15178118301500818,0.21163484353622886,1,1,0
0,402.11784376330775,347.88215623669225,0.29463808258470797,0.22486973093481277,-0.041870289212399436,1,0,0
0,822.0930253552795,72.09302535527945,0.0,0.014702920408971282,-0.5256585012703647,0,0,0
0,995.4401450605911,245.44014506059114,0.15789004558489556,0.09961074919485038,-0.29135140977817797,0,0,0
0,231.56082433720627,518.4391756627938,0.27845814717925843,0.050292100065994626,-0.2151700923997853,0,0,0
0,269.88782875104766,480.11217124895234,0.30095449624282206,0.10841171447195179,-0.14036609037086023,0,0,0
0,499.9617668661861,250.0382331338139,0.1292882068510764,0.11892706736407568,-0.30256856215969435,0,0,0
0,537.44393857516,212.55606142483998,0.6050083980724184,0.02462577965619185,0.08828047012455209,1,1,0
0,616.3240054894377,133.6759945105623,0.29176412633610005,0.1217358108369176,-0.137564773549113,0,0,0
0,234.91914607982588,515.0808539201741,0.0026846342059059225,0.13250089738584178,-0.41695568778527536,0,0,0
0,161.28794317750916,588.7120568224908,0.31928447669035354,0.09600777593761235,-0.13319965460423422,0,0,0
0,507.9950103184293,242.0049896815707,0.0,0.03906978593043664,-0.5037283223010459,0,0,0
0,651.3585057880936,98.64149421190643,0.3338334149949712,0.13694767549341444,-0.08180480669939466,0,0,0
0,715.1025852788287,34.897414721171344,0.14402296201256212,0.08090292559866921,-0.3220555345870745,0,0,0
0,73.97660946864615,676.0233905313538,0.33446432070872717,0.0945343203546786,-0.11934592061050098,0,0,0
0,546.5892392736822,203.4107607263178,0.19447911882507443,0.11852397379565871,-0.2377404343972716,0,0,0
0,895.4992523975704,145.49925239757044,0.4685699076200848,0.09560427285709913,0.01572262355303522,0,0,0
0,929.4381649748142,179.43816497481419,0.2675977462021195,0.0973929931411698,-0.18363968960926658,0,0,0
0,646.087500486984,103.91249951301597,0.03299651454215846,0.0833876342016169,-0.4308457443148252,0,0,0
0,830.7316891623907,80.7316891623907,0.0967690018832323,0.0790822778834182,-0.37094807766013016,0,0,0
0,537.7275047662938,212.2724952337062,0.0,0.10986134214193302,-0.44001592171069914,0,0,0
0,638.2781363789063,111.72186362109369,0.16257183648804033,0.11761585453503476,-0.2704650240688673,0,0,0
0,801.414699862641,51.41469986264099,0.22199407102951585,0.0,-0.31689705860892303,0,0,0
0,76.47686024008027,673.5231397599198,0.2879410800408626,0.1165692147734963,-0.14603775630142962,0,0,0
0,829.0288001604399,79.02880016043991,0.16091605927219305,0.021370670412152112,-0.35874146699530896,0,0,0
0,991.8379021561092,241.83790215610918,0.283239614906524,0.15067419312974872,-0.12004474091514106,0,0,0
0,366.01522436914115,383.98477563085885,0.49618294003991753,0.1532699176023133,0.0952347362435606,0,0,1
0,407.2064297257225,342.7935702742775,0.30461819724087125,0.003376111475268631,-0.23123443206982586,0,0,0
0,726.2270611272785,23.77293887272151,0.18991040066376885,0.16449211358545301,-0.20093782674776228,0,0,0
0,978.9678514585854,228.96785145858541,0.0,0.11667123216087069,-0.43388702069365526,0,0,0
0,325.44795605963293,424.55204394036707,0.08606742109883087,0.13170501010082533,-0.3342891994488652,0,0,0
0,398.63606087975387,351.36393912024613,0.06128055137285904,0.09119693566553233,-0.39553333616660075,0,0,0
0,956.1650415368894,206.16504153688936,0.09953379089536496,0.15926365395410017,-0.29602005018438377,0,0,0
0,933.3764535327455,183.37645353274547,0.04727468684140554,0.07038099550551674,-0.42827354684206825,0,0,0
0,289.32781086280454,460.67218913719546,0.5466345703896998,0.10498648128608107,0.10223127390873388,0,1,0
0,980.4619750070674,230.4619750070674,0.3167668225681577,0.12192470695529484,-0.11239207081051583,0,0,0
0,702.7904627046261,47.209537295373934,0.1460788276479922,0.1901354073276144,-0.22169043539559374,0,0,0
0,624.4250000340534,125.57499996594663,0.36085442990997635,0.08708772441285863,-0.09965774775688974,0,0,0
0,795.0028217627099,45.002821762709914,0.0,0.14615907681419102,-0.40734796050566696,0,0,0
0,275.4040645016701,474.5959354983299,0.1896284687973606,0.19638846449113864,-0.17251304279905355,0,0,0
0,594.7248869996413,155.27511300035871,0.0,0.08729900923207543,-0.460322021329571,0,0,0
0,925.1565376410166,175.1565376410166,0.1632813177596747,0.03675485848255089,-0.34253043924446835,0,0,0
0,184.25806971707314,565.7419302829269,0.31528551203287325,0.1326585943420433,-0.10421288269772666,0,0,0
0,702.2276991143117,47.77230088568831,0.21166121247910744,0.07325364463341105,-0.2613016369892615,0,0,0
0,149.49465866763688,600.5053413323631,0.0,0.03772149364419854,-0.5049417853586602,0,0,0
0,704.6742291098351,45.325770890164904,0.21633705348634594,0.0691021773809373,-0.2603621165092494,0,0,0
0,51.86128116973465,698.1387188302654,0.16162255271495318,0.07507151505413108,-0.3097042133747677,0,0,0
0,732.2117903898896,17.788209610110357,0.40437292087685317,0.08401623952732125,-0.05890359318699656,0,0,0
0,917.1805519835999,167.1805519835999,0.004968520588034098,0.12761975510704268,-0.41906482945406637,0,0,0
0,989.2572625183616,239.25726251836159,0.3664985906590629,0.10482509129554554,-0.078049956813385,0,0,0
0,601.3329224463154,148.66707755368463,0.0,0.08165656772339863,-0.46540021868738013,0,0,0
0,634.0091753696516,115.99082463034836,0.04819258458105116,0.08771272975391418,-0.4117570882788649,0,0,0
0,786.5520602121178,36.552060212117794,0.3084523629152911,0.08198475363854885,-0.1566524884484538,0,0,0
0,325.6618359289344,424.3381640710656,0.3173235600463884,0.1761194022187851,-0.06306010759514391,0,0,0
0,412.7845940388459,337.2154059611541,0.24944088442964818,0.12807886127644857,-0.174179270059987,0,0,0
0,881.6589386670104,131.65893866701037,0.1798563560600266,0.05921602227354092,-0.30574035353222545,0,0,0
0,130.13675997362728,619.8632400263728,0.22477784684468866,0.19588380359048627,-0.13781785956231257,0,0,0
0,350.93661133867107,399.06338866132893,0.0768602731094899,0.12612890586763512,-0.3485148412480774,0,0,0
0,921.790627906485,171.79062790648504,0.5713815994500094,0.14156842298681754,0.1599020504997064,0,1,0
0,797.2729157861183,47.27291578611835,0.3743321724787356,0.06630503581788698,-0.10488442492360495,0,0,0
0,948.065749450319,198.065749450319,0.1916577189940215,0.1669402881869077,-0.19698715127620042,0,0,0
0,736.9411724849671,13.058827515032931,0.07176938007927175,0.15116648879297517,-0.3310719096454895,0,0,0
0,236.9806339522903,513.0193660477097,0.17123063762754331,0.07725765733075986,-0.2981286004132117,0,0,0
0,57.41663541100272,692.5833645889973,0.12930080035803396,0.11148374550108814,-0.3092549583294256,0,0,0
0,100.79636264380709,649.2036373561929,0.34470815086690754,0.053460832218469395,-0.1460682297749089,0,0,0
0,674.4415322095106,75.55846779048943,0.14149678333254892,0.09227979348195475,-0.3143425321721307,0,0,0
0,425.4763252459893,324.5236747540107,0.35362292048482613,0.14139382025936006,-0.05801377092018867,0,0,0
0,329.22679540604247,420.77320459395753,0.03213863352988594,0.12604978425743257,-0.39330769027686363,0,0,0
0,870.6887396997645,120.68873969976448,0.0,0.16641407923518797,-0.3891184583267697,0,0,0
0,330.7960105899217,419.2039894100783,0.3019612033729979,0.09930753523348487,-0.14755314455530455,0,0,0
0,690.4742018772805,59.52579812271949,0.15969580135510067,0.17636588314664897,-0.22046603345135413,0,0,0
0,0.3510621293751903,749.6489378706248,0.38608735374921044,0.06392825870874935,-0.09526834305135401,0,0,0
0,362.1139280665453,387.8860719334547,0.40673727923558617,0.1713786433789848,0.022086928638233583,0,0,1
0,590.4155709216568,159.5844290783432,0.2070175307970221,0.054040231175526636,-0.2832373907834428,0,0,0
0,870.272045459503,120.27204545950303,0.45379727520397545,0.10541607278573736,0.00978061107270023,0,0,0
0,451.15183933057943,298.84816066942057,0.19593709152962605,0.07916250957067575,-0.27170777949520464,0,0,0
0,909.9592143809182,159.95921438091818,0.12107213132228387,0.03746463540814403,-0.38410082644882537,0,0,0
0,578.9327218056362,171.06727819436378,0.18775317496883248,0.07393626025402553,-0.28459532044098346,0,0,0
0,324.20903771164575,425.79096228835425,0.3099246843173807,0.022519131176231458,-0.20869922726244988,0,0,0
0,893.3329007720677,143.33290077206766,0.07330626751476005,0.05161590824498638,-0.4191305447031911,0,0,0
0,875.4254125574804,125.4254125574804,0.14784114341378257,0.10118295089533465,-0.2999853304188551,0,0,0
0,874.1842557803175,124.18425578031747,0.0,0.02939066255592264,-0.5124395333381085,0,0,0
0,801.1140758146844,51.114075814684384,0.06882928998457946,0.07825568081669848,-0.39963172691883075,0,0,0
0,642.2281277032347,107.77187229676531,0.251712977520547,0.033043413421219386,-0.25743908003879445,0,0,0
0,367.665278164357,382.334721835643,0.22341096514434716,0.11848110187576377,-0.2088471728059043,0,0,0
0,67.65872959021557,682.3412704097844,0.22855855784363283,0.07356225557821461,-0.2441265417744129,0,0,0
0,431.58837114834336,318.41162885165664,0.3361256703983903,0.09002137561455387,-0.12174622118695011,0,0,0
0,738.6620326723584,11.33796732764165,0.1826294252098605,0.08141932405039873,-0.2829843127832195,0,0,0
0,793.7963883128034,43.7963883128034,0.19082858676460754,0.06503751278116475,-0.2895287813707831,0,0,0
0,544.8827511956977,205.11724880430233,0.05921805352728801,0.18121922709799204,-0.31657577172295803,0,0,0
0,673.590666528591,76.40933347140901,0.39499145598877794,0.1087056639377563,-0.046064576105680266,0,0,0
0,393.51589380909036,356.48410619090964,0.3222224582281368,0.06741787477909869,-0.15599258410911326,0,0,0
0,952.2544239358702,202.25442393587025,0.3602914625976732,0.04792095768274879,-0.13547080512629178,0,0,0
0,466.16355040221333,283.83644959778667,0.32888769768831483,0.14105103605590846,-0.08305749949980645,0,0,0
0,711.3360906339723,38.663909366027724,0.21130935815611437,0.1955516032637087,-0.15158532854498663,0,0,0
0,35.840644809311925,714.1593551906881,0.19805173299655582,0.04731818177762007,-0.298253033042025,0,0,0
0,34.63276516515912,715.3672348348409,0.12283206595472564,0.11186459512930386,-0.31538092806733975,0,0,0
0,686.054068445509,63.94593155449104,0.20341535763181223,0.018251621973442697,-0.31904931223052824,0,0,0
0,518.175305252096,231.824694747904,0.03601149999826536,0.09264963069358294,-0.4194949620159489,0,0,0
0,21.94231176689121,728.0576882331088,0.0,0.06656836439320686,-0.4789796016845527,0,0,0
0,89.69041252455479,660.3095874754453,0.09701204069586594,0.029617505075698172,-0.4152233343744446,0,0,0
0,877.9061770630515,127.90617706305147,0.00453037115400709,0.04343597826645114,-0.49526837804462576,0,0,0
0,512.5829223364369,237.41707766356308,0.2998298165526667,0.1721713501858542,-0.08410709791850335,0,0,0
0,827.5879199697089,77.58791996970888,0.1974685900580072,0.13971572702049515,-0.21567838526198602,0,0,0
0,846.1497467514466,96.14974675144663,0.10462236329321904,0.18512746792857132,-0.26765404520950564,0,0,0
0,763.2453994380644,13.245399438064396,0.19384865763352344,0.005037026081386647,-0.34050914853166747,0,0,0
0,613.334560732557,136.66543926744305,0.290450854007007,0.16126050651384238,-0.10330581976897374,0,0,0
0,139.70462036565024,610.2953796343497,0.0,0.03297397194024164,-0.5092145548922214,0,0,0
0,577.4580383745812,172.54196162541882,0.31019452569521233,0.07998423746562451,-0.1567107902241645,0,0,0
0,771.5433186047957,21.543318604795672,0.24461978883806396,0.162374309105021,-0.14813446260585605,0,0,0
0,411.9603149967095,338.0396850032905,0.23915381485587256,0.03947142502632837,-0.2642130322588708,0,0,0
0,964.0048045667945,214.00480456679452,0.23834494120867677,0.14762105676257958,-0.1676872373434405,0,0,0
0,505.7716240293362,244.22837597066382,0.16008509366652612,0.16010829251895414,-0.234708572704854,0,0,0
0,774.4016234317036,24.40162343170357,0.3365807831615354,0.07262946359001796,-0.13694382924588733,0,0,0
0,737.1231647704467,12.876835229553308,0.38199440587565126,0.10385862351063839,-0.06342396260321309,0,0,0
0,476.68329497284134,273.31670502715866,0.214682612021295,0.1045919868909301,-0.2300757294153068,0,0,0
0,151.20053681312106,598.7994631868789,0.2733652233793431,0.08722023387734919,-0.18702769576948153,0,0,0
0,783.7541308348434,33.75413083484341,0.31765629044313987,0.12715990111836106,-0.10679092818877406,0,0,0
0,988.740071039286,238.74007103928602,0.1822861062314918,0.01099285634893174,-0.3467114526929085,0,0,0
0,418.1035339402721,331.8964660597279,0.1825098869700026,0.12882879305319256,-0.24043532892056296,0,0,0
0,914.6357876809467,164.6357876809467,0.2506818725221575,0.0943705154447149,-0.20327579321603795,0,0,0
0,746.557892933878,3.4421070661220483,0.32613769052506936,0.1737178496999106,-0.056407374383450004,0,0,0
0,877.6597851132196,127.65978511321964,0.09254305180656613,0.06637065705611056,-0.38661448648137325,0,0,0
0,776.5333307970309,26.533330797030885,0.406109006130398,0.0,-0.13278212350804086,0,0,0
0,419.5988706673324,330.4011293326676,0.09964294932551587,0.15957053526653486,-0.2956346985730416,0,0,0
0,274.38229285195746,475.61770714804254,0.17485661098316163,0.10218519267726023,-0.272067845245743,0,0,0
0,965.8515045463976,215.85150454639756,0.4302091985264763,0.17712518283488743,0.050730733439436126,0,0,1
0,918.2277899830603,168.22778998306035,0.009564751786930337,0.08862547726773591,-0.44956344831054623,0,0,0
0,532.2344986277432,217.76550137225684,0.19667355479053444,0.18139823925721374,-0.17895915951641206,0,0,0
0,531.7282993117581,218.27170068824194,0.4031250027555662,0.1207711214106426,-0.027072117613294422,0,0,0
0,768.4338284808242,18.433828480824218,0.350223794967449,0.10233206050182728,-0.09656848021934533,0,0,0
0,682.1393813074783,67.86061869252171,0.0,0.05740693948241979,-0.48722488410426107,0,0,0
0,716.3844211665418,33.615578833458244,0.42467335393317707,0.172262048315876,0.040818067779026634,0,0,1
0,500.69773251771034,249.30226748228966,0.09454632207053364,0.16502380392431337,-0.2958233840360232,0,0,0
0,120.07598398338071,629.9240160166192,0.49144548350953954,0.21517635535228175,0.14621307368815417,0,0,1
0,906.3968142662451,156.3968142662451,0.34453474179770593,0.1233860241309804,-0.08330896612285055,0,0,0
0,264.92349723111306,485.07650276888694,0.2351758338279275,0.05743509246909343,-0.2520237125883273,0,0,0
0,572.2066447473843,177.7933552526157,0.3849491247511554,0.09702271084562666,-0.06662156512621947,0,0,0
0,348.9502365382092,401.0497634617908,0.1023443824633846,0.1051812189968906,-0.3418836500778527,0,0,0
0,105.05656835679488,644.9434316432051,0.22580625678588173,0.10032583070690275,-0.22279162521634466,0,0,0
0,626.5533975768531,123.44660242314694,0.08855838842899279,0.21030988791750532,-0.2610538420836913,0,0,0
0,677.2784337472193,72.72156625278069,0.14747029882338747,0.1757128509700674,-0.23327926494199075,0,0,0
0,215.25434090714424,534.7456590928557,0.15915303187352536,0.05594337368036765,-0.3293890614525826,0,0,0
0,694.5434188726385,55.45658112736146,0.348503396750252,0.10931343849282901,-0.09200563824464081,0,0,0
0,706.9974097274928,43.00259027250718,0.5439817456901344,0.01742293268884912,0.0207712554716597,0,1,0
0,342.12820792403375,407.87179207596625,0.5505054997935841,0.0936125681309804,0.09586568147302754,0,1,0
0,881.6367658566527,131.6367658566527,0.0,0.07112122358108128,-0.47488202841546573,0,0,0
0,177.3181188090005,572.6818811909995,0.0,0.07117719114900618,-0.4748316576043333,0,0,0
0,640.4234417636637,109.57655823633627,0.24204155454373655,0.09987625090918308,-0.20696094927643754,0,0,0
0,980.0618438936247,230.06184389362465,0.5024089222417156,0.10313162386654189,0.05633625408316445,0,0,0
0,867.5957013203436,117.59570132034355,0.323053325598407,0.11018195597097821,-0.11667404366615153,0,0,0
0,573.0308119612625,176.96918803873746,0.33742676211432276,0.006159069326433467,-0.19592120513032601,0,0,0
0,628.2450954189658,121.75490458103422,0.10935942169363512,0.06995935530114308,-0.36656828817377496,0,0,0
0,433.03239044153986,316.96760955846014,0.2766454363478341,0.1045848157138547,-0.16811935914813553,0,0,0
0,253.401550300664,496.598449699336,0.4514177015850247,0.11981430393377474,0.020359445486983097,0,0,0
0,483.9668980755605,266.0331019244395,0.005838590729876414,0.0,-0.5330525389085625,0,0,0
0,879.6600549190696,129.66005491906958,0.2734444860638958,0.19043327523362805,-0.09405669586427778,0,0,0
0,392.9180326586165,357.0819673413835,0.2091677869942779,0.17254694289606343,-0.17443109403770385,0,0,0
0,272.3358758783827,477.6641241216173,0.26016961629982654,0.015321541050916543,-0.26493212639278746,0,0,0
0,437.84585279890285,312.15414720109715,0.12546181374076326,0.06206589304028824,-0.3575700121614162,0,0,0
0,214.20480630861337,535.7951936913867,0.0,0.06629029633273814,-0.47922986293897457,0,0,0
0,622.7095939230207,127.29040607697925,0.3609141871419723,0.06516661244731278,-0.11932699129388508,0,0,0
0,142.9729769760004,607.0270230239996,0.36399113426485885,0.11851376774847287,-0.06823760439995441,0,0,0
0,83.8506560345219,666.1493439654781,0.12643851569413866,0.17150847027977045,-0.2580949906925068,0,0,0
0,217.3141135548675,532.6858864451325,0.0,0.12270033940119805,-0.42846082417736064,0,0,0
0,653.914068165764,96.08593183423602,0.12103379978972711,0.14155740651319404,-0.2904556639868371,0,0,0
0,632.9259197820259,117.07408021797414,0.5073181922466308,0.1796109680574893,0.13007693385993224,0,0,1
0,730.6122417160537,19.387758283946255,0.0,0.09161206189669299,-0.4564402739314152,0,0,0
0,568.6328502632957,181.36714973670428,0.18636355541495,0.056743052662839605,-0.30145882682693326,0,0,0
0,621.8747660251447,128.1252339748553,0.1804651395611041,0.08178474864518971,-0.284819716296664,0,0,0
0,822.667306280888,72.66730628088806,0.07621992170313145,0.126768783076923,-0.3485793031660767,0,0,0
0,957.5753826010533,207.57538260105332,0.33546327504357776,0.08987461707531896,-0.12254069922707406,0,0,0
0,825.9147224323092,75.91472243230919,0.1787590007359873,0.06310768900881147,-0.30333520879452125,0,0,0
0,493.58234768066023,256.41765231933977,0.5258551773457472,0.11481928460930771,0.09030140385568519,0,0,0
0,968.0515498822077,218.05154988220772,0.2568229985690002,0.09262754821380316,-0.1987033376770158,0,0,0
0,610.9760057992455,139.0239942007545,0.0,0.0630188377549098,-0.48217417565902004,0,0,0
0,175.95921027391924,574.0407897260808,0.19596296968705312,0.06472791985551407,-0.2846730320814231,0,0,0
0,403.4557910602962,346.5442089397038,0.24783873197778541,0.10225265759609291,-0.19902500582416982,0,0,0
0,198.52694281058226,551.4730571894178,0.018358588515731356,0.10154485668346899,-0.42914217010758543,0,0,0
0,516.4624079435665,233.53759205643348,0.295933232642449,0.20531710833543887,-0.05817249949409492,0,0,0
0,961.30894087895,211.30894087895,0.2661705888013609,0.06709459184659175,-0.2123354081751454,0,0,0
0,970.2871789738736,220.28717897387355,0.23210953456793854,0.14430637093241455,-0.17690586123132723,0,0,0
0,953.611341769129,203.611341769129,0.19695051673901132,0.09076235830788566,-0.26025449042233045,0,0,0
0,198.50745809750558,551.4925419024944,0.10907062616483153,0.22259698533896669,-0.22948321666853733,1,0,0
0,821.3903894530995,71.39038945309949,0.2945532780762709,0.1818498084820219,-0.0806730239283483,0,0,0
0,764.518131529426,14.518131529426,0.2413399751158998,0.10281466092758494,-0.20501795968771264,0,0,0
0,435.5366857508086,314.4633142491914,0.32919548522465314,0.05723079370434862,-0.15818793007987197,0,0,0
0,595.7787601256936,154.22123987430643,0.45670194291926075,0.036223981811821196,-0.049587603088539045,0,0,0
0,81.04260144824727,668.9573985517527,0.45883847378086323,0.052422045895143765,-0.03287281455194624,0,0,0
0,999.9546325933121,249.9546325933121,0.09561672830542453,0.19424903099514096,-0.2684502734373875,0,0,0
0,816.7601631588807,66.76016315888069,0.28854944015788503,0.05026400921372916,-0.20510408118819762,0,0,0
0,314.7602811297534,435.2397188702466,0.0,0.07288495906250603,-0.47329466648218343,0,0,0
0,442.74944894484855,307.25055105515145,0.06044902399957344,0.15197659090686866,-0.34166317382268363,0,0,0
0,1.2556632787437128,748.7443367212563,0.26747351878683007,0.21864047660290922,-0.0746411819089905,1,0,0
0,802.8045516085864,52.804551608586394,0.19933262201936128,0.02095070350519891,-0.3207028744643986,0,0,0
0,83.42724545130476,666.5727545486952,0.25267983716888703,0.10537208870858769,-0.19137641263182292,0,0,0
0,309.5141980643964,440.4858019356036,0.1313132868783588,0.11873067281750432,-0.30072023722432617,0,0,0
0,541.1143352234903,208.88566477650966,0.12531927515192448,0.16765229242512797,-0.2626847913038992,0,0,0
0,190.3472399819065,559.6527600180934,0.15831668194378754,0.10316372520191963,-0.2877270950129237,0,0,0
0,913.6011493589741,163.6011493589741,0.05130108106660344,0.10961959421378097,-0.38893241377943255,0,0,0
0,660.2326339757683,89.7673660242317,0.2136415688778258,0.1008554552408241,-0.23447965104387142,0,0,0
0,387.77134608770257,362.22865391229743,0.3938184363238791,0.1449091051204504,-0.014654498706154429,0,0,0
0,214.15614583879605,535.8438541612039,0.16787936053398125,0.08493763965653942,-0.29456789341357215,0,0,0
0,359.5577010710365,390.4422989289635,0.12689353710301804,0.10889444587792067,-0.3139925912452922,0,0,0
0,780.425714776476,30.425714776475957,0.06818745391142153,0.06888445581944294,-0.4087076654895187,0,0,0
0,67.23004580606684,682.7699541939331,0.12122635486167073,0.11826076807214198,-0.31123008351184034,0,0,0
0,912.0208752170225,162.02087521702254,0.11352733834739252,0.026871656699761534,-0.401179300261261,0,0,0
0,782.5032083700718,32.503208370071775,0.12523010616872488,0.07957664796540198,-0.3420420403008522,0,0,0
0,615.052833738363,134.947166261637,0.13185487404372173,0.09325998091402633,-0.32310227277209347,0,0,0
0,526.5112087340539,223.48879126594613,0.39275458989502,0.05687696416093391,-0.09494727199857839,0,0,0
0,852.6439658217199,102.64396582171992,0.22343872796325814,0.055783192745903064,-0.265247528203868,0,0,0
0,242.17251687037555,507.82748312962445,0.15506181691282742,0.12436687784986566,-0.27189912266073235,0,0,0
0,182.9033563150162,567.0966436849837,0.5227576109889858,0.07057313220066082,0.04738230033114166,0,0,0
0,864.0852260403755,114.08522604037546,0.3135376052921814,0.14186453506929284,-0.09767544278389395,0,0,0
0,705.9435456358145,44.05645436418547,0.15188642105131386,0.06673697059807135,-0.3269414350488608,0,0,0
0,378.94105783763246,371.05894216236754,0.07524481782615418,0.05762781993216311,-0.4117812738733379,0,0,0
0,550.9568380729505,199.04316192704948,0.1340313070918942,0.07978585198049991,-0.33305255576409476,0,0,0
0,112.92278426531254,637.0772157346875,0.4403462064359812,0.022433974061991338,-0.07835434654666545,0,0,0
0,481.08629815243376,268.91370184756624,0.0,0.05329269572043445,-0.4909277034900479,0,0,0
0,835.8676279355963,85.86762793559626,0.232849979948956,0.11612319750264162,-0.20153027193710543,0,0,0
0,253.88365404324753,496.11634595675247,0.1974003204114333,0.053730762879405786,-0.29313312263554037,0,0,0
0,47.36220790311174,702.6377920968882,0.4811807906907194,0.141548908614746,0.06968367880555193,0,0,0
0,568.0957746375193,181.9042253624807,0.3760247536462079,0.07518981188576829,-0.09519554529503949,0,0,0
0,3.2572473074907737,746.7427526925093,0.0,0.12792883024779783,-0.4237551824154208,0,0,0
0,29.991005774019474,720.0089942259805,0.36854658442372756,0.0935282419024642,-0.0861691275024935,0,0,0
0,685.6106093925815,64.38939060741848,0.15872085750085396,0.13700131991581835,-0.2568690842133484,0,0,0
0,334.1945140053376,415.8054859946624,0.0809803862775281,0.10545567304997243,-0.3630006376159356,0,0,0
0,493.6221831611366,256.3778168388634,0.0,0.12301026714128092,-0.4281818892112861,0,0,0
0,907.9102321141254,157.9102321141254,0.0,0.040613317334503296,-0.5023391440373859,0,0,0
0,465.87213160700855,284.12786839299145,0.2004812041638442,0.13423703340892718,-0.21759659540656018,0,0,0
0,144.9851732625316,605.0148267374684,0.09843652749702092,0.11627970000533716,-0.3358028721366145,0,0,0
0,465.6396574815842,284.3603425184158,0.461546977304362,0.14225502653629352,0.05068537154858732,0,0,0
0,372.98566853765715,377.01433146234285,0.5539479209131,0.11035071127957596,0.11437243142627951,0,1,0
0,263.31509542737075,486.68490457262925,0.29337301785171466,0.15775607946675285,-0.10353764026664669,0,0,0
0,599.475778250541,150.524221749459,0.19206391097665929,0.15246563180202802,-0.20960815003995437,0,0,0
0,24.857221262455266,725.1427787375447,0.27379546841252417,0.04659102861831366,-0.2231637354694324,0,0,0
0,99.28830484078443,650.7116951592155,0.33565883367692473,0.1303722402726218,-0.08589727971615457,0,0,0
0,716.8727418846365,33.127258115363475,0.2614449677641558,0.056948412880951337,-0.22619259028142685,0,0,0
0,6.866500815701837,743.1334991842982,0.0,0.10835932075366186,-0.4413677409601432,0,0,0
0,492.5761546641447,257.4238453358553,0.05649694864679805,0.11291060766409679,-0.38077463409395373,0,0,0
0,641.7293556029973,108.27064439700268,0.24256201834392097,0.0699177932577549,-0.2334030973625385,0,0,0
0,248.14133250993052,501.8586674900695,0.2276159864090068,0.12061001782128412,-0.20272612719027638,0,0,0
0,345.8174058079154,404.1825941920846,0.3369284820844052,0.18108140939547637,-0.03898937909810496,0,0,0
0,489.5712251690175,260.4287748309825,0.11982750729768558,0.08069264777681519,-0.3464402393416196,0,0,0
0,577.0359097133692,172.96409028663084,0.030553636762855302,0.017424705767695323,-0.4926552576846578,0,0,0
0,21.31370668926502,728.686293310735,0.33272146139134745,0.09851433449871362,-0.11750676719824915,0,0,0
0,30.703075440425053,719.2969245595749,0.0,0.10092620863930422,-0.44805754186306507,0,0,0
0,931.4063564895063,181.40635648950627,0.10556753394502935,0.04552860934797373,-0.3923478472802332,0,0,0
0,982.1135163554414,232.11351635544145,0.2192088751017517,0.1103531761409128,-0.22036439600986568,0,0,0
0,538.0222524352401,211.97774756475985,0.08556337699190991,0.04395733154538947,-0.4137661542556784,0,0,0
0,705.6844203346756,44.315579665324435,0.4960263680407214,0.11678162920440385,0.06223870468624604,0,0,0
0,456.4288035491981,293.5711964508019,0.3589503791375338,0.08069160522366445,-0.1073183057996071,0,0,0
0,324.3415673646365,425.6584326353635,0.0,0.10377256495699673,-0.4454958211771418,0,0,0
0,173.19127739699658,576.8087226030034,0.22179090326646417,0.029064618943085027,-0.2909420693231982,0,0,0
0,918.9556887187929,168.95568871879289,0.23430059278299478,0.13941063308151164,-0.17912096708208358,0,0,0
0,52.80556781396817,697.1944321860318,0.3618860256424279,0.025505117333855132,-0.15405049839554136,0,0,0
0,441.53948369198747,308.46051630801253,0.17183613823333016,0.10787249994447334,-0.2699697414550827,0,0,0
0,403.0037588967116,346.9962411032884,0.2136945888799894,0.1491072344288605,-0.191000029772475,0,0,0
0,775.4268613727859,25.42686137278588,0.30910376080831203,0.12229624779134823,-0.11972074581791342,0,0,0
0,761.8390495195245,11.839049519524451,0.14862798342812808,0.08870889144566145,-0.3104251439092155,0,0,0
0,547.0914061055108,202.90859389448917,0.2689552950795544,0.1551967238762605,-0.13025878307025007,0,0,0
0,115.38786855450134,634.6121314454987,0.4590730693634404,0.11905226471760717,0.02732897797084799,0,0,0
0,238.49198046750496,511.50801953249504,0.24048242074191203,0.01960955838025827,-0.2807601063542944,0,0,0
0,10.93496310643971,739.0650368935603,0.12716739506306812,0.0634828183522462,-0.3545891980583492,0,0,0
0,112.53921305772974,637.4607869422703,0.1929089809078263,0.10489196868303352,-0.2515793769158824,0,0,0
0,604.5851406033597,145.41485939664028,0.2749614971545489,0.1078929986072684,-0.16682593373734844,0,0,0
0,716.9897131183263,33.010286881673665,0.35764575574976276,0.1334624721951985,-0.06112914891299748,0,0,0
0,328.7203629889593,421.2796370110407,0.3102456111668337,0.021850634057476448,-0.2089799478198764,0,0,0
0,341.7536343939416,408.2463656060584,0.0,0.06028454194632209,-0.484635041886749,0,0,0
0,715.771416335062,34.228583664938014,0.0,0.06581689211008998,-0.4796559267393579,0,0,0
0,622.7935042967256,127.20649570327441,0.21243889421969991,0.0,-0.32645223541873897,0,0,0
0,506.05227434514586,243.94772565485414,0.10076338542311737,0.09057953050564871,-0.35660616676023765,0,0,0
0,354.5651975630768,395.4348024369232,0.33241412793273295,0.05998379066248571,-0.15249159010946878,0,0,0
0,246.972708762348,503.027291237652,0.5757496582509473,0.08541447357339078,0.11373155482856012,1,1,0
0,819.3815425366435,69.38154253664345,0.044492404436674765,0.13753506238749963,-0.37061716905301445,0,0,0
0,285.8037194989468,464.1962805010532,0.41342043278388474,0.0,-0.12547069685455414,0,0,0
0,536.94815874441,213.05184125559003,0.5361308021847887,0.04514566676880177,0.03787077263827143,0,1,0
0,629.2853066779622,120.71469332203776,0.1502783371441462,0.10952922806837626,-0.29003648723275405,0,0,0
0,88.30218577122683,661.6978142287732,0.2259932765906915,0.08468744650808971,-0.23667915119046667,0,0,0
0,431.6712240164631,318.3287759835369,0.34337812730268585,0.010667355390760719,-0.18591238248406838,0,0,0
0,436.1364788881218,313.8635211118782,0.11579443130021802,0.059972068516277566,-0.369121836673571,0,0,0
0,419.201468408399,330.798531591601,0.4388834303092427,0.09688154112645411,-0.012814312315387433,0,0,0
0,160.35590691886503,589.644093081135,0.17603286663197523,0.09053286778482506,-0.2813786820001211,0,0,0
0,84.3499795427648,665.6500204572352,0.18690314003195937,0.015284678608251195,-0.3382317788590534,0,0,0
0,238.95400482172758,511.0459951782724,0.20769747054580048,0.04869618219823636,-0.28736709511422565,0,0,0
0,221.13276328565146,528.8672367143486,0.34520211624937946,0.08500822677159264,-0.11718160929462607,0,0,0
0,929.295710038642,179.29571003864203,0.3054180669766462,0.151179009624878,-0.0974119539994025,0,0,0
0,245.06304112254807,504.93695887745196,0.09932469757013246,0.15214249629163004,-0.3026381854058394,0,0,0
0,723.0271408057549,26.972859194245075,0.22566041978281567,0.11725944897080934,-0.20769720578189477,0,0,0
0,357.21912277408563,392.78087722591437,0.24735909462030792,0.09095877959561187,-0.20966913338208026,0,0,0
0,52.339330596207546,697.6606694037924,0.16264609327540436,0.17017050415646956,-0.2230915826222119,0,0,0
0,726.2208990109931,23.779100989006906,0.31321513383609045,0.09018089199363767,-0.14451319300807453,0,0,0
0,93.01666095363126,656.9833390463688,0.0,0.12553080282588783,-0.4259134070951398,0,0,0
0,525.6729022879697,224.3270977120303,0.046283110108893105,0.11318395074432203,-0.39074246385965594,0,0,0
0,812.3725117022071,62.372511702207134,0.3393488354968882,0.0,-0.19954229414155067,0,0,0
0,715.7792128518399,34.22078714816007,0.21988583732251324,0.10667464128436595,-0.2229981151599963,0,0,0
0,423.39020581730193,326.60979418269807,0.09485841047933515,0.1542695801049307,-0.3051900970646661,0,0,0
0,14.569013336067194,735.4309866639328,0.3670514543716088,0.16476068404301655,-0.023555059628115216,0,0,0
0,862.7191398187625,112.71913981876253,0.31170720006537567,0.12755153248281986,-0.11238755033852532,0,0,0
0,417.5262311972285,332.4737688027715,0.09814979216156128,0.133033151202106,-0.32101150139498225,0,0,0
0,866.9524822350598,116.95248223505985,0.060522961365801625,0.07043580547229576,-0.41497594334757104,0,0,0
0,185.79421541150677,564.2057845884932,0.23090871837747382,0.08781572948199251,-0.22894825472717178,0,0,0
0,737.2402351678824,12.75976483211764,0.09607316770576899,0.08937683158071127,-0.36237881351002976,0,0,0
0,38.95548239755109,711.0445176024489,0.22209811891388936,0.11360721815078242,-0.2145465143888453,0,0,0
0,910.9985001163111,160.9985001163111,0.2068695881933096,0.13598666163652953,-0.2096335459722527,0,0,0
0,344.17498897449127,405.82501102550873,0.11939306039618752,0.10439256073070691,-0.3255447645846151,0,0,0
0,419.86574498438836,330.13425501561164,0.1559894162197726,0.12066850586873049,-0.2743000581368088,0,0,0
0,908.8090746701288,158.80907467012878,0.3943683383600886,0.0641815413178195,-0.0867594040923127,0,0,0
0,45.10846227957488,704.8915377204252,0.41673939639140406,0.017238018561371804,-0.1066375165418002,0,0,0
0,72.69220266386777,677.3077973361322,0.11563067680504793,0.13451635148958227,-0.3021957364927669,0,0,0
0,648.0974246556631,101.90257534433692,0.32989632020931137,0.0,-0.20899480942912751,0,0,0
0,774.8431249412776,24.84312494127755,0.12728122683390225,0.12109529926257594,-0.30262413346821826,0,0,0
0,154.03572684502055,595.9642731549794,0.14559053435599748,0.08920746138429621,-0.3130138800365748,0,0,0
0,777.6745503132973,27.674550313297345,0.335006652691139,0.12328267744947236,-0.09293006724277475,0,0,0
0,646.9072547995831,103.09274520041686,0.16958043927569785,0.0844930982327252,-0.29326690195328836,0,0,0
0,670.5103521641794,79.48964783582062,0.44614668395938656,0.08093345587695128,-0.01990433538979619,0,0,0
0,894.080777549133,144.08077754913302,0.0,0.022377081921128736,-0.518751755909423,0,0,0
0,689.6875681946872,60.312431805312826,0.10010021878793972,0.1298589519306086,-0.32191785411295143,0,0,0
0,607.443149165452,142.55685083454796,0.0,0.015353201303590719,-0.5250732484652072,0,0,0
0,194.0856740774428,555.9143259225572,0.35564428160088224,0.1323067664458156,-0.06417075823632257,0,0,0
0,305.9647111794844,444.0352888205156,0.384957706059988,0.12773933751066224,-0.03896801981885484,0,0,0
0,157.35597840851423,592.6440215914857,0.4230196664248945,0.06487061895664752,-0.05748790615256161,0,0,0
0,192.02931124687473,557.9706887531253,0.30032333871991385,0.11197516980276125,-0.1377901380960399,0,0,0
0,188.50524837474725,561.4947516252528,0.0,0.10428179829834715,-0.44503751116992646,0,0,0
0,682.6158870459351,67.3841129540649,0.23658106891011502,0.10200476879657538,-0.21050576881140604,0,0,0
0,659.3665238269981,90.6334761730019,0.3651808768179442,0.15541911299208833,-0.033833051127615144,0,0,0
0,97.35784875457331,652.6421512454267,0.07607584582067829,0.08711154513885973,-0.3844148931927868,0,0,0
0,799.1604025805295,49.160402580529535,0.23678392057032438,0.06707431691821901,-0.2417403238417174,0,0,0
0,754.7280328564018,4.728032856401796,0.0,0.11495028118178277,-0.4354358765748344,0,0,0
0,88.30375839873706,661.696241601263,0.20923515552069882,0.1769346630082675,-0.1704147774102993,0,0,0
0,725.2506236705785,24.749376329421466,0.22040122570738685,0.11586442384279644,-0.21421192247253523,0,0,0
0,598.1854158950894,151.81458410491064,0.12736135889122627,0.11771297301316731,-0.30558809503536205,0,0,0
0,94.41225196207303,655.587748037927,0.46338373683491024,0.09751544218823273,0.012256505165880838,0,0,0
0,81.82334019717375,668.1766598028263,0.26365091223575526,0.0,-0.2752402174026836,0,0,0
0,565.5839903188615,184.41600968113846,0.2712992644789319,0.1125629572967963,-0.1662852035923903,0,0,0
0,104.18028736176154,645.8197126382385,0.006523827430202966,0.09239952196570862,-0.4492077324390982,0,0,0
0,559.2999447991023,190.70005520089774,0.3481010624381444,0.10242338110733304,-0.09860902420369472,0,0,0
0,274.3997810405695,475.6002189594305,0.09640137662080943,0.10829648746443482,-0.3450229142996381,0,0,0
0,993.8501153605699,243.85011536056993,0.35187548583944783,0.043600444758127535,-0.14777524351667626,0,0,0
0,120.82072825124024,629.1792717487598,0.149528045302031,0.14441745986408974,-0.25938737045872706,0,0,0
0,662.1019591723867,87.89804082761327,0.36944322630175197,0.10486699029216735,-0.0750676120737363,0,0,0
0,473.57941498086495,276.42058501913505,0.43638680135913094,0.04043386752210609,-0.06611384750941246,0,0,0
0,432.2793381561275,317.7206618438725,0.4705957371315643,0.06924855314109114,-0.0059716946798925585,0,0,0
0,550.7182159726652,199.28178402733477,0.2946683489665378,0.0,-0.24422278067190106,0,0,0
0,878.3480539786208,128.34805397862078,0.0,0.17787941760913623,-0.3787996537902163,0,0,0
0,52.40736539660884,697.5926346033912,0.567283514336484,0.04410437605435126,0.06808632314696128,0,1,0
0,335.9713431232111,414.0286568767889,0.3482109098022045,0.08510079588483947,-0.1140895035398789,0,0,0
0,914.8280200632728,164.8280200632728,0.11964096260067517,0.10333655186394756,-0.3262472703602109,0,0,0
0,945.2183322224051,195.21833222240514,0.14554811265952833,0.14247356008487985,-0.26511681290251865,0,0,0
0,84.64084501516933,665.3591549848306,0.2659040135663594,0.12903581542510717,-0.156854882189483,0,0,0
0,35.8173894188768,714.1826105811232,0.23858435065643138,0.07410335903173858,-0.2336137558534428,0,0,0
0,935.5047567039201,185.50475670392007,0.06558645355447651,0.0576409985105318,-0.4214277774244838,0,0,0
0,834.2511100002082,84.2511100002082,0.10785535004131139,0.10091317732861657,-0.34021392000137257,0,0,0
0,454.5212899432213,295.4787100567787,0.49788256694312605,0.06893573196906244,0.021033596076843408,0,0,0
0,448.71163187772856,301.28836812227144,0.397811913711389,0.13446949119796253,-0.020056673848883544,0,0,0
0,448.60325514448175,301.39674485551825,0.0,0.10174729667297258,-0.44731856263276354,0,0,0
0,908.6453791430066,158.6453791430066,0.33275396119932776,0.15413605162124985,-0.06741472197998621,0,0,0
0,537.9330332985899,212.06696670141014,0.07361202672134567,0.1244279598230596,-0.35329393907633955,0,0,0
0,757.2605173288408,7.26051732884082,0.2315144133489949,0.055773644954456664,-0.257180435830433,0,0,0
0,586.0865958386536,163.91340416134642,0.13075957520128526,0.0959781480135149,-0.3217512212249902,0,0,0
0,719.3146233472385,30.685376652761533,0.16593696126600516,0.1036183508886575,-0.27969765257264195,0,0,0
0,869.8030356049125,119.80303560491245,0.1625838148233786,0.11441862848039111,-0.27333054918270827,0,0,0
0,956.8003416475215,206.80034164752146,0.30490797245022033,0.22187850403997222,-0.03429250355224356,1,0,0
0,803.8389893574076,53.83898935740763,0.05161103394088487,0.08196784125464887,-0.41350903856837,0,0,0
0,759.1108728769251,9.1108728769251,0.29182985886958107,0.13179344984520602,-0.1284471659081724,0,0,0
0,953.3617627489905,203.3617627489905,0.20980280618687241,0.1748735799689372,-0.17170210147952297,0,0,0
0,818.9993707415414,68.99937074154138,0.15862864410909217,0.16846036488225158,-0.22864815713532027,0,0,0
0,129.004589281263,620.995410718737,0.38031947473475786,0.10966421136301223,-0.059873864676970034,0,0,0
0,478.72045102301007,271.27954897698993,0.04871917809512463,0.058164473751914095,-0.4378239251665916,0,0,0
0,162.87120827028178,587.1287917297182,0.4582350884983386,0.09052204295397338,0.0008137975184757673,0,0,0
0,875.5082920824551,125.50829208245511,0.11707047286116545,0.12652318753416744,-0.30794978799652273,0,0,0
0,568.6575923050151,181.3424076949849,0.10007791248041083,0.16004159239375382,-0.2947757840036496,0,0,0
0,636.7625850936546,113.2374149063454,0.3222356428178672,0.12226331311063948,-0.10661850502099612,0,0,0
0,19.430562849616418,730.5694371503836,0.2120785212754416,0.12101232508475027,-0.217901515786722,0,0,0
0,334.6131262707238,415.3868737292762,0.14079302251815912,0.14363878919510986,-0.2688231968446809,0,0,0
0,500.91583227095606,249.08416772904394,0.30299201880409377,0.11441256780557352,-0.13292779980932895,0,0,0
0,858.7829544743726,108.78295447437256,0.0,0.06893447536542363,-0.4768501018095576,0,0,0
0,88.57122680534657,661.4287731946534,0.22552059060060628,0.17261741768403477,-0.1580148631222013,0,0,0
0,397.75984770463236,352.24015229536764,0.07598146993842754,0.00252663826961598,-0.460635685257357,0,0,0
0,377.2324083665236,372.7675916334764,0.4223249860763577,0.11693198802061813,-0.011327354343524831,0,0,0
0,322.69371096137723,427.30628903862277,0.2897011296647038,0.13350410215213698,-0.12903630803681182,0,0,0
0,628.6790668397006,121.32093316029943,0.2807913267185033,0.11593665812416852,-0.1537568106081839,0,0,0
0,869.5774403147919,119.57744031479194,0.3777955392417305,0.0,-0.1610955903967084,0,0,0
0,496.74870406096613,253.25129593903387,0.0,0.1189157448398287,-0.43186695928259305,0,0,0
0,508.0237470222392,241.9762529777608,0.03438811286053661,0.053393299541131575,-0.45644904719088386,0,0,0
0,888.665401036746,138.66540103674595,0.20583308027552794,0.09775358430648096,-0.24507982348707807,0,0,0
0,877.937027198864,127.93702719886403,0.023912078435872647,0.12034702783799717,-0.4066667261483688,0,0,0
0,739.6267789627669,10.373221037233066,0.19168020218244516,0.05747141338043472,-0.2954866554136025,0,0,0
0,926.8269386636622,176.8269386636622,0.189779083539589,0.14196480373359896,-0.2213437227386108,0,0,0
0,56.674387367625975,693.325612632374,0.15605458187166082,0.12309918900263206,-0.27204727766440917,0,0,0
0,462.808494508138,287.191505491862,0.1117654540596929,0.11021744371409277,-0.32792997623606246,0,0,0
0,307.508204857473,442.491795142527,0.0522178671574135,0.179211941376247,-0.3253825152424031,0,0,0
0,502.74662541361215,247.25337458638785,0.21852738755454343,0.0,-0.32036374208389545,0,0,0
0,529.7324318276127,220.2675681723873,0.06055946899897152,0.19259273885646358,-0.30499819566865016,0,0,0
0,494.6214065126289,255.37859348737112,0.2688486897273646,0.0741970156328399,-0.2032651258415184,0,0,0
0,104.0425907830922,645.9574092169078,0.11408940123924112,0.14013440448113673,-0.2986807643661747,0,0,0
0,191.57902793758808,558.4209720624119,0.1464320306874466,0.08688078353164244,-0.3142663937725141,0,0,0
0,49.975918734850964,700.024081265149,0.0,0.04774197672535579,-0.49592335058561865,0,0,0
0,177.23815901977602,572.761840980224,0.0,0.1343412534721239,-0.4179840015135274,0,0,0
0,44.050782806587804,705.9492171934122,0.043638632417487944,0.11017369683639494,-0.3960961700681955,0,0,0
0,836.1736472662425,86.17364726624248,0.27189852098862616,0.06081215788204738,-0.21226166655597006,0,0,0
0,278.67124365124505,471.32875634875495,0.2020675037145746,0.16286550324710464,-0.19024467300147008,0,0,0
0,93.81682899982424,656.1831710001758,0.3249113882234971,0.06228449411989287,-0.1579236967070382,0,0,0
0,12.9043914567335,737.0956085432665,0.20876675560053257,0.022291370703140925,-0.3100621404050795,0,0,0
0,579.4411846774128,170.55881532258718,0.30023294428392966,0.09654893805451703,-0.1517641411054439,0,0,0
0,620.1063548745575,129.8936451254425,0.45657224150148873,0.10568908250105119,0.012801286113995891,0,0,0
0,914.0361271690592,164.03612716905923,0.07043660869756399,0.1474076399864381,-0.33578764495308056,0,0,0
0,530.664633990536,219.335366009464,0.0,0.11627069541537181,-0.43424750376460425,0,0,0
0,61.05507059387383,688.9449294061262,0.3305442933661942,0.1816131217266691,-0.044895026718242526,0,0,0
0,939.2938900544518,189.29389005445182,0.20022070305463383,0.0839726657325519,-0.26309502742450835,0,0,0
0,984.1304202663032,234.1304202663032,0.07588013012994577,0.07867687307918997,-0.3922018137372221,0,0,0
0,925.5225502010495,175.5225502010495,0.20514187628058536,0.08509118297922963,-0.25716718867654687,0,0,0
0,650.956752473818,99.04324752618197,0.5243815291802159,0.21348300377134366,0.17762510293598632,0,0,1
0,740.0648279933556,9.935172006644393,0.0,0.09004549642976356,-0.4578501828516517,0,0,0
0,295.3859708733091,454.6140291266909,0.5959622411708538,0.05136011806080881,0.1032952177871429,1,1,0
0,18.265148878973125,731.7348511210268,0.06731247814866995,0.132177194769327,-0.35261917619737465,0,0,0
0,679.080641558449,70.91935844155103,0.1697074684438141,0.08141171293420832,-0.2959131195538373,0,0,0
0,615.6276467683432,134.3723532316568,0.11828119630530677,0.11515505063684359,-0.3169703877599729,0,0,0
0,366.01813192980404,383.98186807019596,0.2076198904183889,0.0,-0.33127123922005,0,0,0
0,791.154433361427,41.15443336142698,0.3282450616111797,0.11904554178500049,-0.10350508042075873,0,0,0
0,944.363571477088,194.36357147708804,0.22390866808048626,0.13488749868215055,-0.1935837127440171,0,0,0
0,884.1613777404028,134.16137774040283,0.3417022325373904,0.028210268825971482,-0.17179965515767415,0,0,0
0,572.9816042214795,177.01839577852047,0.17695193942499834,0.1498326757102768,-0.2270897820741914,0,0,0
0,827.8930269967109,77.89302699671089,0.26016289247187946,0.04772698636535543,-0.23577394943773955,0,0,0
0,737.515793003092,12.484206996908028,0.5284454400162562,0.11275765787680372,0.09103620246694066,0,0,0
0,705.1877208224104,44.81227917758963,0.12456902274898972,0.11674656831929295,-0.30925019540208554,0,0,0
0,294.26842776436166,455.73157223563834,0.06226984761945467,0.15004036923344707,-0.34158494970888187,0,0,0
0,944.3768098724977,194.3768098724977,0.10436382100979022,0.07885333937610703,-0.36355930319015234,0,0,0
0,156.94331671728813,593.0566832827119,0.19221275208376423,0.07494183639474716,-0.2792307247994022,0,0,0
0,703.2267341618337,46.77326583816625,0.20253131971619068,0.0,-0.33635980992224823,0,0,0
0,623.1015323963621,126.89846760363787,0.09343513370736528,0.0854518778228671,-0.3685493058904932,0,0,0
0,681.4232294301692,68.57677056983084,0.2888220581311094,0.09183744060552289,-0.16741537496235892,0,0,0
0,521.4307987734776,228.5692012265224,0.0,0.03935411288984714,-0.5034724280375764,0,0,0
0,526.0844548258267,223.9155451741733,0.34402619655026745,0.05946247788113651,-0.14134870299514857,0,0,0
0,528.2563728040932,221.7436271959068,0.37590458340683464,0.09582421798473358,-0.07674475004534403,0,0,0
0,659.6703787690823,90.32962123091772,0.20445745785277747,0.1260204735254482,-0.22101524561275804,0,0,0
0,883.6275077759533,133.6275077759533,0.15267282634885682,0.0029582240956869676,-0.38355590160346376,0,0,0
0,275.5811655086573,474.4188344913427,0.18444703170515972,0.10986234762284361,-0.25556798507271994,0,0,0
0,378.35310101916076,371.64689898083924,0.21639338095862656,0.09499990500004561,-0.23699783417977127,0,0,0
0,245.77654946827167,504.2234505317283,0.3550506850171936,0.056752833511390655,-0.13276289446099365,0,0,0
0,596.3976740178431,153.6023259821569,0.03848077901949182,0.09454443815429353,-0.4153203562800829,0,0,0
0,802.9491398863453,52.94913988634528,0.08009365096425854,0.148817469183455,-0.32486175640907083,0,0,0
0,71.16469764143596,678.835302358564,0.1314056293610899,0.13893795830584926,-0.28244133780208464,0,0,0
0,82.3055324499229,667.6944675500771,0.3205784015752068,0.0809039370376126,-0.14549918472938073,0,0,0
0,163.58900818634848,586.4109918136515,0.22946840296629417,0.09135353474804855,-0.227204545398901,0,0,0
0,927.3048129134958,177.30481291349577,0.037408783757954284,0.09595868025473342,-0.4151195336512245,0,0,0
0,201.50064139789404,548.499358602106,0.28618575495199505,0.171779376548733,-0.09810393579258414,0,0,0
0,678.0077756067133,71.99222439328673,0.17325789720152918,0.1512758801223938,-0.22948494032675526,0,0,0
0,621.500669032516,128.49933096748396,0.0,0.08793671482051534,-0.4597480862999751,0,0,0
0,177.19310482681993,572.80689517318,0.18972264551441956,0.1942206862869997,-0.17436986646571961,0,0,0
0,88.99890373268437,661.0010962673157,0.28151173485243497,0.052911261811835225,-0.2097592591553522,0,0,0
0,180.38633788582203,569.6136621141779,0.3668899113744129,0.08760969059351956,-0.09315249672985837,0,0,0
0,656.9794716346009,93.02052836539906,0.3914216439251285,0.1411687258827776,-0.02041763241881056,0,0,0
0,409.886407494124,340.113592505876,0.19939489716222275,0.12059093422817908,-0.23096439167085497,0,0,0
0,335.45342634862504,414.54657365137496,0.23136890227504917,0.1687064810592121,-0.1556863944100988,0,0,0
0,205.31606681826176,544.6839331817382,0.2723640594482018,0.04395880213756555,-0.22696414826642808,0,0,0
0,769.6473075055032,19.64730750550325,0.3393791824457888,0.18503684538889795,-0.03297878634264195,0,0,0
0,404.067682811314,345.932317188686,0.054016650194999155,0.10576555612899663,-0.38968547892734273,0,0,0
0,226.55539660197132,523.4446033980287,0.08885195819572568,0.12917095891589683,-0.33378530841840603,0,0,0
0,905.9473133610476,155.94731336104758,0.2796662743813709,0.12466995345198023,-0.14702189715028574,0,0,0
0,926.736650300436,176.73665030043605,0.29621577543259286,0.02821835288082901,-0.21727883661309988,0,0,0
0,863.2958977115882,113.29589771158817,0.4082890747156067,0.0348893787571964,-0.09920161404135541,0,0,0
0,417.9853508854722,332.0146491145278,0.22757872414327154,0.14552218505129125,-0.1803424389490052,0,0,0
0,699.5869466299662,50.41305337003382,0.21194189411835035,0.07351258138879417,-0.2607879122701738,0,0,0
0,820.4062968471857,70.40629684718567,0.015561619622539768,0.09189234258726053,-0.4406264016873646,0,0,0
0,983.9260902094405,233.92609020944053,0.08709300799462352,0.08587984437317527,-0.37450626170795764,0,0,0
0,800.4371674389043,50.43716743890434,0.2956963000062566,0.06819234566672441,-0.18182171853213036,0,0,0
0,642.1211211590069,107.87887884099314,0.0582184459996995,0.10425906881877524,-0.38683952170184166,0,0,0
0,72.12264772722143,677.8773522727786,0.12018999625692006,0.06370531230149473,-0.36136635231017356,0,0,0
0,2.3982159840307826,747.6017840159692,0.16448050494883684,0.10290926851979297,-0.2817922830217884,0,0,0
0,340.1336645411672,409.8663354588328,0.08193398379609543,0.07957112453263351,-0.3853431337629733,0,0,0
0,641.5391434420758,108.46085655792422,0.0,0.19680027700551928,-0.3617708803334715,0,0,0
0,382.1811857541857,367.8188142458143,0.045927749320989975,0.09726828583388078,-0.40542192306695624,0,0,0
0,407.22048577141777,342.77951422858223,0.23765434913557296,0.09378421917714963,-0.21683098324343125,0,0,0
0,201.03470819028502,548.9652918097149,0.051336757151451,0.12622014347409843,-0.3739562433602993,0,0,0
0,192.28825938866368,557.7117406113364,0.017262838092448773,0.0871956397318179,-0.443152215787354,0,0,0
0,334.4876770718829,415.5123229281171,0.41011613816274384,0.0470765584335373,-0.08640608888551149,0,0,0
0,512.2971803233157,237.70281967668427,0.0859818572591002,0.06850883658176293,-0.39125131945575203,0,0,0
0,783.6397411873696,33.63974118736962,0.21085051282986728,0.1567220426626072,-0.1869907784122251,0,0,0
0,587.1275954822762,162.8724045177238,0.3675395892774043,0.18069088533455038,-0.008729743559939163,0,0,0
0,157.16248461012972,592.8375153898703,0.23654988301811028,0.014039903048322977,-0.28970533387683794,0,0,0
0,478.3921801412383,271.6078198587617,0.4044869663038364,0.11216601545441525,-0.03345474942562876,0,0,0
0,25.173050603800707,724.8269493961993,0.27191394595332236,0.1635771452951148,-0.11975775291951318,0,0,0
0,348.8650785032201,401.1349214967799,0.0,0.06434104484294001,-0.48098418927979286,0,0,0
0,726.272692903444,23.727307096556046,0.2510151342838314,0.08698297770755833,-0.209591315417805,0,0,0
0,783.2698204322905,33.269820432290544,0.34465569716666755,0.06054106686390009,-0.13974847229426124,0,0,0
0,587.875106132079,162.12489386792095,0.1624866145419168,0.033027343111252536,-0.3466799062963948,0,0,0
0,704.4249065327551,45.57509346724487,0.10968884372307909,0.07229127973101496,-0.36414013415744634,0,0,0
0,724.9493619718329,25.0506380281671,0.0,0.1087276147455306,-0.44103627636746134,0,0,0
0,107.0942696747208,642.9057303252791,0.43592090917325377,0.05474504830914667,-0.053699676986953104,0,0,0
0,132.85670611569566,617.1432938843043,0.26277194794885356,0.1890411325131149,-0.10598216242778191,0,0,0
0,270.15589593719966,479.84410406280034,0.06908317310898365,0.12986646388194115,-0.3529281390357082,0,0,0
0,257.8266342519865,492.1733657480135,0.0,0.24658500636642863,-0.3169646239086531,1,0,0
0,66.84855404761747,683.1514459523826,0.4365464778991005,0.1421756173239027,0.025613403852174033,0,0,0
0,355.2086558031603,394.7913441968397,0.20789558700097827,0.0,-0.3309955426374606,0,0,0
0,283.65296544451957,466.34703455548043,0.20454220676000942,0.06013746152806895,-0.2802252075031674,0,0,0
0,735.5439976471549,14.456002352845076,0.4722330601892245,0.08519699742263571,0.01001922823115775,0,0,0
0,257.38526331829826,492.61473668170174,0.3705029158057197,0.14421494598128784,-0.03859476244956017,0,0,0
0,21.102014227562528,728.8979857724374,0.08209737302764164,0.07774188779103913,-0.386826057598862,0,0,0
0,566.2180581727463,183.78194182725372,0.020923202134909058,0.08976881337726432,-0.43717599546399194,0,0,0
0,29.734874355132447,720.2651256448676,0.06940889901006556,0.17973469138960035,-0.307721008377733,0,0,0
0,615.0859615084178,134.91403849158223,0.212540139017636,0.020247782643726106,-0.3081279862414494,0,0,0
0,302.72968071290717,447.27031928709283,0.20033689548885167,0.13581846451570911,-0.21631761608544903,0,0,0
0,983.4845130956398,233.48451309563984,0.23624714664295252,0.1344639033559911,-0.18162646997509435,0,0,0
0,464.3037223654103,285.6962776345897,0.2915821795791344,0.10028104651070142,-0.1570560081996732,0,0,0
0,579.2770872058321,170.72291279416788,0.5575118709606417,0.14646713619915103,0.1504411639014387,0,1,0
0,697.7565424955083,52.243457504491744,0.11343082101029385,0.10558103085103925,-0.3304373808622097,0,0,0
0,778.5397089670107,28.53970896701071,0.3491562203501675,0.11509151398139093,-0.08615254670501948,0,0,0
0,414.27638012859967,335.72361987140033,0.0,0.1311843794953505,-0.4208251880926234,0,0,0
0,219.4955282033112,530.5044717966888,0.1665916744161573,0.17880798677423476,-0.2113722671254703,0,0,0
0,854.3487791586617,104.34877915866173,0.2499455758758375,0.1757577624665456,-0.13076356754271035,0,0,0
0,855.7285069171629,105.72850691716292,0.07140157898128233,0.038458873860486534,-0.4328765641827187,0,0,0
0,304.7276262927361,445.2723737072639,0.0,0.12633726439242454,-0.42518759168525677,0,0,0
0,288.7368126132883,461.2631873867117,0.03071492200418069,0.10282442761380402,-0.4156342227818346,0,0,0
0,466.0628019436061,283.9371980563939,0.27394172804661837,0.15570476405572767,-0.12481511394166561,0,0,0
0,344.05891101516096,405.94108898483904,0.0,0.13956469543756322,-0.41328290374463195,0,0,0
0,414.3062593032915,335.6937406967085,0.14260127933184077,0.20951434976180078,-0.20772693552097743,0,0,0
0,931.3440735601296,181.34407356012957,0.0,0.17033822649552333,-0.3855867257924679,0,0,0
0,899.4538946952317,149.45389469523172,0.03561916802564885,0.06373551578077448,-0.44590999741009296,0,0,0
0,27.5458400661881,722.4541599338119,0.0,0.14314246740483652,-0.41006290897408604,0,0,0
0,976.3988627116054,226.39886271160537,0.41856174800853696,0.046821066302802486,-0.07819042195737969,0,0,0
0,791.1332519797961,41.133251979796114,0.2848135510705461,0.09875169850583612,-0.16520104991264023,0,0,0
0,282.0850527074534,467.9149472925466,0.20421121943648382,0.05925680390808216,-0.2813487866846811,0,0,0
0,160.0362109040685,589.9637890959315,0.0,0.13070047827959536,-0.4212606991868031,0,0,0
0,32.76666035989728,717.2333396401027,0.3863683455079524,0.13434400541579533,-0.03161317925627072,0,0,0
0,469.32693185850417,280.67306814149583,0.0,0.1160768262644614,-0.4344219860004236,0,0,0
0,543.7817216289736,206.21827837102637,0.08170156334683978,0.06950805554699294,-0.39463231629930545,0,0,0
0,753.5909359808902,3.590935980890208,0.12081644607528752,0.0686646374470243,-0.3562765098608295,0,0,0
0,353.58612617627136,396.41387382372864,0.026056721392823196,0.13204583707218392,-0.3939931548806501,0,0,0
0,885.4455855032487,135.4455855032487,0.48752817783568375,0.04109758033874217,-0.014375129497887218,0,0,0
0,189.5441607136238,560.4558392863762,0.25534750857848704,0.07823031172226555,-0.21313634050991281,0,0,0
0,553.0127373026352,196.98726269736483,0.18797934322086823,0.15566328477530395,-0.21081483011979707,0,0,0
0,635.4555530966791,114.54444690332093,0.0,0.047455740532091985,-0.49618096315955607,0,0,0
0,253.11578462962225,496.8842153703778,0.168600732153218,0.11754332724480679,-0.26450140296489477,0,0,0
0,427.72685086526496,322.27314913473504,0.30262949954794716,0.10551744769565168,-0.1412959271644052,0,0,0
0,429.1622212346834,320.8377787653166,0.06730424573386018,0.09032723463139893,-0.39029237273631967,0,0,0
0,136.12783655245764,613.8721634475423,0.3207674220242545,0.16369841157152865,-0.07079513719980857,0,0,0
0,617.6867015324922,132.31329846750782,0.2236357463812348,0.15836350663662815,-0.17272822728423876,0,0,0
0,675.3023640024239,74.69763599757607,0.19983536541230398,0.08104434249591368,-0.2661158559798126,0,0,0
0,606.2690807801307,143.7309192198693,0.1177662969507009,0.06653591944676696,-0.3612425051856477,0,0,0
0,936.9968974201474,186.99689742014743,0.19587018812066426,0.06024432817140143,-0.2888010461635133,0,0,0
0,685.4427865854653,64.55721341453466,0.05708154860752851,0.14920503065372376,-0.347525053442559,0,0,0
0,343.2334089417941,406.7665910582059,0.07626636184123316,0.14230644190327651,-0.3345489700842569,0,0,0
0,92.03179572042863,657.9682042795714,0.10617634268458268,0.1526973531529256,-0.29528716911622316,0,0,0
0,417.7902776103061,332.2097223896939,0.24614349923575574,0.11861067603327567,-0.18599802197273507,0,0,0
0,828.4905459952296,78.49054599522958,0.0,0.11542972000723921,-0.43500438163192356,0,0,0
0,942.787716146448,192.78771614644802,0.20890247011026666,0.05464086564167059,-0.2808118804506687,0,0,0
0,819.6978086776886,69.69780867768861,0.15337322126629188,0.13005872339560112,-0.268465057316106,0,0,0
0,809.731576430593,59.73157643059301,0.17351338433790192,0.12376465340744894,-0.25398955723383293,0,0,0
0,207.55368486005145,542.4463151399485,0.32361220105049326,0.1129478625044074,-0.11362585233397893,0,0,0
0,432.658709961511,317.341290038489,0.21926321882780325,0.11960165212168788,-0.21198642390111655,0,0,0
0,78.53719170556627,671.4628082944337,0.1256139987184,0.15480942721683044,-0.2739486464248915,0,0,0
0,520.5962327176057,229.40376728239426,0.20811004519802453,0.13486949854817398,-0.20939853574705775,0,0,0
0,286.6814930668817,463.3185069331183,0.17192319685089807,0.13074126037659645,-0.24930079844860398,0,0,0
0,362.9685844430796,387.0314155569204,0.024227779945282968,0.18028669007471154,-0.35240532862591556,0,0,0
0,656.1620850469968,93.83791495300318,0.18033564237143526,0.0,-0.3585554872670036,0,0,0
0,91.76747610693137,658.2325238930687,0.5264257845330365,0.08947600975186884,0.06806306367127957,0,0,0
0,990.8271522160992,240.8271522160992,0.3599250508006564,0.1635971057723072,-0.03172868364270598,0,0,0
0,74.37144844626931,675.6285515537306,0.34565545031565614,0.028972337825029296,-0.16716057528025635,0,0,0
0,760.6491829994045,10.649182999404502,0.09649577849359015,0.10041654024398411,-0.35202046492526307,0,0,0
0,450.081446248488,299.918553751512,0.4514578023963029,0.2222758035936182,0.11261489599212038,1,0,1
0,790.5315160747539,40.53151607475388,0.19252880796350152,0.11996920579640893,-0.2383900364581693,0,0,0
0,777.2058490170101,27.20584901701011,0.0,0.11222209900670217,-0.4378912405324069,0,0,0
0,255.914371835095,494.08562816490496,0.4726947535805335,0.1710773597458139,0.08777324771332706,0,0,1
0,808.077356217646,58.077356217645956,0.18978103843437616,0.165327314007888,-0.2003155085969635,0,0,0
0,780.8180430777868,30.818043077786797,0.0,0.08635405128050225,-0.46117248348598683,0,0,0
0,683.9795885880602,66.02041141193979,0.25874298775635135,0.0922448192987848,-0.19712780451318124,0,0,0
0,667.6608228032003,82.33917719679971,0.27987318121502425,0.05246852665084964,-0.21179627443764998,0,0,0
0,340.66841405142833,409.33158594857167,0.11875518280571978,0.11521977121485538,-0.3164381527393493,0,0,0
0,316.9725608875039,433.0274391124961,0.17527177723072382,0.20970529391026957,-0.17488458788847244,0,0,0
0,689.6188143943843,60.381185605615656,0.21169859106216038,0.13720809071239815,-0.20370525693512015,0,0,0
0,322.25132514003195,427.74867485996805,0.12667476222947222,0.06470283488652767,-0.35398381601109175,0,0,0
0,854.2226081994719,104.22260819947189,0.14874057834150076,0.15654716857799308,-0.24925809957674439,0,0,0
0,682.657763231833,67.34223676816703,0.0,0.16573643024489482,-0.38972834241803356,0,0,0
0,731.2070929068234,18.79290709317661,0.2066652306834006,0.1525169014482661,-0.1949606876515988,0,0,0
0,636.8151783290997,113.1848216709003,0.43074790196572654,0.17040817172316303,0.045224126878134374,0,0,1
0,126.1860765152023,623.8139234847977,0.0,0.09199575907481482,-0.45609494647110554,0,0,0
0,954.7421976160012,204.74219761600125,0.32121209132759493,0.1123176796247117,-0.11659312664860344,0,0,0
0,615.1384201938039,134.86157980619612,0.0,0.0,-0.5388911296384389,0,0,0
0,561.2832032707331,188.7167967292669,0.127704882894493,0.11098057183956563,-0.31130373208833684,0,0,0
0,677.1369835315064,72.86301646849358,0.16273629773180648,0.09263218925597122,-0.2927858615762583,0,0,0
0,144.0866838399727,605.9133161600273,0.1850417442233103,0.12302580857034712,-0.24312615770181617,0,0,0
0,475.0043571279991,274.9956428720009,0.2886968068135376,0.04112484812879154,-0.21318195950898888,0,0,0
0,400.24927798894714,349.75072201105286,0.02692824297497337,0.19534781558540318,-0.3361498526366027,0,0,0
0,559.6655349499689,190.3344650500311,0.2419518058105737,0.1254299957157963,-0.1840523276836485,0,0,0
0,805.0271078500184,55.02710785001841,0.1285587428600074,0.0728646090958929,-0.34475423859212784,0,0,0
0,885.601885636795,135.60188563679503,0.05718116074263202,0.09730197064443362,-0.3941381953158166,0,0,0
0,859.6197158093477,109.61971580934767,0.3072682832045446,0.013823233730693898,-0.2191819360762698,0,0,0
0,16.869462925402367,733.1305370745977,0.009690282105259407,0.1659841630262887,-0.37981510080951963,0,0,0
0,492.48682880856995,257.51317119143005,0.543823074265749,0.1277653680472795,0.11992077586986172,0,1,0
0,858.4752190257541,108.47521902575409,0.08135384508372638,0.12247559630112319,-0.34730924788370166,0,0,0
0,208.43206601483433,541.5679339851656,0.17669044425054248,0.1634455902255625,-0.2150996541848902,0,0,0
0,104.6198886111438,645.3801113888562,0.0,0.06531850166266483,-0.48010447814204055,0,0,0
0,277.5289145084646,472.4710854915354,0.14500838038119024,0.1344290541407619,-0.2728966005305629,0,0,0
0,481.3354979161805,268.6645020838195,0.31640499256876825,0.10574350784311926,-0.12731698001086328,0,0,0
0,57.99406695441378,692.0059330455862,0.04014211445391119,0.13623435777989962,-0.37613809318261804,0,0,0
0,616.4835002593056,133.51649974069437,0.4867526407331168,0.17607945850807277,0.10633302375194342,0,0,1
0,443.99967060061016,306.00032939938984,0.13596925826876183,0.10013616256347883,-0.3127993250625461,0,0,0
0,349.76338320017686,400.23661679982314,0.2680335751096982,0.015637606841153978,-0.25678370837170206,0,0,0
0,985.7180008259102,235.71800082591017,0.17243043937037847,0.1399460934640126,-0.24050920615044907,0,0,0
0,308.8797096168662,441.1202903831338,0.4974859692298283,0.0390514994231774,-0.006258810927750935,0,0,0
0,314.056712101089,435.943287898911,0.41478325338954636,0.10761063194112583,-0.027258307501879298,0,0,0
0,70.68083837995687,679.3191616200431,0.39968565520484955,0.11840582204081061,-0.03264023459685972,0,0,0
0,601.0630535548455,148.9369464451545,0.5137012143333248,0.06620264247402127,0.03439246292150511,0,0,0
0,227.80321708840978,522.1967829115902,0.17141553052514436,0.10825128028124505,-0.27004944686017396,0,0,0
0,185.034327183604,564.965672816396,0.5609632946986469,0.10933855163225896,0.12047686152924109,0,1,0
0,858.6225607724402,108.62256077244024,0.19483651446702208,0.10092058089884934,-0.2532260923624524,0,0,0
0,935.2605297390429,185.2605297390429,0.2146239727989192,0.0,-0.3242671568395197,0,0,0
0,462.4383242895531,287.5616757104469,0.10243058673695461,0.08030860455145716,-0.3641827988051728,0,0,0
0,127.50639165515499,622.493608344845,0.16417272241475692,0.07438454908101849,-0.3077723130507653,0,0,0
0,209.90534178198584,540.0946582180142,0.07267034849937076,0.09807305159801652,-0.37795503470085323,0,0,0
0,972.9506210624703,222.9506210624703,0.0,0.10016578931270585,-0.44874191925700363,0,0,0
0,53.95267866814446,696.0473213318555,0.1647660953684575,0.11081751710793933,-0.274389268872836,0,0,0
0,193.56487801875045,556.4351219812495,0.0,0.09891070812558225,-0.44987149232541485,0,0,0
0,136.15892591666457,613.8410740833355,0.0,0.15778075165110958,-0.39688845315244026,0,0,0
0,140.72294573751753,609.2770542624825,0.20786144805642326,0.09276305166321727,-0.24754293508512004,0,0,0
0,944.7945675842401,194.7945675842401,0.19080901000453607,0.09792267764456028,-0.25995170975379855,0,0,0
0,805.6095680674449,55.60956806744491,0.0,0.10075282387447983,-0.44821358815140705,0,0,0
0,90.99098151853102,659.009018481469,0.0958245185234238,0.12115978254613047,-0.33402280682349766,0,0,0
0,166.03884838239568,583.9611516176043,0.21808895895862906,0.06615105758196121,-0.26126621885604473,0,0,0
0,509.2677106384435,240.73228936155652,0.29157727109515313,0.15387227934915715,-0.1088288071290443,0,0,0
0,224.96282219870767,525.0371778012923,0.303645958913678,0.15118697715552462,-0.09917689128478868,0,0,0
0,74.2733941078838,675.7266058921161,0.2062899944540485,0.13284354004928084,-0.2130419491400376,0,0,0
0,567.7182182505046,182.2817817494954,0.0,0.06922125543548742,-0.4765919997465002,0,0,0
0,410.8573189408281,339.1426810591719,0.009303433296377644,0.12382502000213888,-0.41814517834013626,0,0,0
0,519.4162211102275,230.58377888977247,0.40095952329110657,0.13761231497954585,-0.014080522865741019,0,0,0
0,424.09456560810423,325.90543439189577,0.4310783790784649,0.11196565946111248,-0.007043657044972784,0,0,0
0,642.0596548410069,107.94034515899307,0.1987626848384724,0.15769077219212588,-0.19820674982705322,0,0,0
0,683.9430751627472,66.05692483725284,0.11912208808881598,0.1266653696943205,-0.30577020882473444,0,0,0
0,68.4745590057585,681.5254409942415,0.4680644470360693,0.07276093531283276,-0.005341840820820121,0,0,0
0,113.77761487877214,636.2223851212278,0.5167104078054714,0.08911341499246155,0.05802135166024791,0,0,0
0,431.6443671115107,318.3556328884893,0.4433225004087768,0.03739912205192626,-0.06190941938292843,0,0,0
0,728.2708071746329,21.729192825367136,0.19297494820077588,0.20084178561081767,-0.16515857438792714,0,0,0
0,810.1155952465438,60.11559524654376,0.0,0.13603365385639515,-0.4164608411676832,0,0,0
0,191.9870786366864,558.0129213633136,0.4501195980873166,0.11357378191153777,0.013444872169261712,0,0,0
0,796.7557504192621,46.755750419262085,0.1805742096695492,0.09713079788816188,-0.27089920186954397,0,0,0
0,707.9441529505341,42.05584704946591,0.17776846074105232,0.12198775141628786,-0.2513336926227275,0,0,0
0,198.12321209868867,551.8767879013113,0.260893868634972,0.06294106935384391,-0.22135029858500738,0,0,0
0,131.5400024716058,618.4599975283942,0.4222651565542481,0.1277316101738109,-0.0016675239277609277,0,0,0
0,830.2864981095046,80.28649810950458,0.3976306508857483,0.04714254095044482,-0.09883219189729026,0,0,0
0,98.92711983285862,651.0728801671414,0.2669502643875492,0.20984913038965597,-0.08307664790019931,0,0,0
0,673.9778730702611,76.02212692973887,0.19357359704818006,0.1354245712906222,-0.22343541842869885,0,0,0
0,674.5949359295894,75.40506407041062,0.489937609457342,0.065239061451136,0.00976163512492556,0,0,0
0,904.764320131075,154.764320131075,0.22265048023524245,0.09265561062581695,-0.23285059983996115,0,0,0
0,48.29773760748102,701.702262392519,0.09064238090410628,0.19587540429920106,-0.27196088486505166,0,0,0
0,445.3470047489803,304.6529952510197,0.0,0.11286502174630994,-0.4373126100667599,0,0,0
0,171.2127853449872,578.7872146550128,0.24564261003314894,0.08424391511078205,-0.21742899600558607,0,0,0
0,406.2763368201471,343.7236631798529,0.35740172199447684,0.018775607670852776,-0.16459136074019454,0,0,0
0,352.7208212730556,397.2791787269444,0.017516342033245508,0.14938786534171083,-0.38692570879765364,0,0,0
0,832.6148287547162,82.6148287547162,0.3580804422617343,0.19725186978446502,-0.0032840045706861165,0,0,0
0,79.95649377431523,670.0435062256847,0.10407588963145012,0.040665415644509,-0.39821636592693066,0,0,0
0,802.1851189789149,52.18511897891494,0.0,0.06600164867245993,-0.47948964583322495,0,0,0
0,500.19384515945876,249.80615484054124,0.3968540368265565,0.07001283133559504,-0.07902554460984684,0,0,0
0,620.6589577950593,129.34104220494066,0.37514912247024335,0.06890073123604586,-0.10173134905575426,0,0,0
0,769.8208243406771,19.820824340677063,0.05123092439497057,0.08521270522024328,-0.4109687705452494,0,0,0
0,482.50522792486214,267.49477207513786,0.043759483269976834,0.1614432071426026,-0.3498327599401197,0,0,0
0,619.4119622210494,130.5880377789506,0.2770777963879585,0.04931862378250024,-0.21742657184623015,0,0,0
0,443.5057995066597,306.4942004933403,0.23947021467472426,0.15371482463922662,-0.16107757278841067,0,0,0
0,523.965187601555,226.03481239844496,0.12453730416196958,0.11760672583676109,-0.3085077722233843,0,0,0
0,375.83929084567114,374.16070915432886,0.20497129636993036,0.05886532316658856,-0.2809410424185788,0,0,0
0,83.88330938017563,666.1166906198243,0.26375049719307037,0.11175948678211897,-0.17455709434146144,0,0,0
0,386.99849185377064,363.00150814622936,0.5800657598975716,0.06404403183228471,0.09881425890818896,1,1,0
0,164.56086586564533,585.4391341343546,0.03689448123667255,0.24800151976945672,-0.2787952806092553,1,0,0
0,549.2913930124922,200.70860698750778,0.3108305485248574,0.0953461826194103,-0.14224901675611218,0,0,0
0,154.18132331223444,595.8186766877656,0.3018859007873275,0.14096313969874325,-0.11013840312224243,0,0,0
0,347.1919989101979,402.8080010898021,0.3326768437250782,0.13329228512638008,-0.08625122929961859,0,0,0
0,168.1531052927654,581.8468947072346,0.37715212631270106,0.12599409982268683,-0.048344313485319645,0,0,0
0,331.62820345459556,418.37179654540444,0.10839295084715145,0.1336953910019489,-0.31017232688953345,0,0,0
0,451.14403758074195,298.85596241925805,0.35723987422183096,0.13575893679348683,-0.05946821230246979,0,0,0
0,519.5353722983508,230.4646277016492,0.0,0.09916304410034356,-0.44964438994812966,0,0,0
0,854.3022933411565,104.30229334115654,0.030927288763878708,0.0027471025545769134,-0.5054914485754409,0,0,0
0,830.8739155024348,80.87391550243478,0.19032142821077938,0.1378609401408699,-0.2244948553008766,0,0,0
0,558.7595688545334,191.24043114546657,0.4471755136672263,0.06732953209051082,-0.031119037089752832,0,0,0
0,16.96254188747648,733.0374581125235,0.32968425708438465,0.13997966488326316,-0.0832251741591174,0,0,0
0,367.7494609472928,382.2505390527072,0.22691786117346896,0.11683304000509223,-0.20682353246038693,0,0,0
0,251.9145619990323,498.0854380009677,0.06719112432633184,0.0684752907812698,-0.4100722436089642,0,0,0
0,219.0030608078365,530.9969391921635,0.18673604100676186,0.06487644185673115,-0.293766290960619,0,0,0
0,308.15073129272173,441.84926870727827,0.20151828314899292,0.07977502322788997,-0.265575325584345,0,0,0
0,62.43961346145754,687.5603865385425,0.0,0.09310465655302017,-0.4550969387407207,0,0,0
0,941.0649134002397,191.06491340023967,0.0,0.12916301429646462,-0.42264441677162073,0,0,0
0,79.26536791087536,670.7346320891246,0.0,0.027565355548501133,-0.5140823096447878,0,0,0
0,767.5966294648948,17.596629464894818,0.0,0.06142292939056174,-0.48361049318693333,0,0,0
0,95.59649102855872,654.4035089714413,0.09759289884593081,0.12541589371277445,-0.32842392645101104,0,0,0
0,140.34113005554738,609.6588699444526,0.0,0.06554798836699668,-0.47989794010814185,0,0,0
0,71.08574727227523,678.9142527277247,0.03511487589526449,0.09414188554782929,-0.41904855675012803,0,0,0
0,293.50810784589873,456.49189215410127,0.34398237355235073,0.1402533366453975,-0.06868075310523042,0,0,0
0,955.083983852252,205.083983852252,0.0,0.08004409104620831,-0.4668514476968514,0,0,0
0,801.7996389884559,51.799638988455854,0.11715110839505222,0.09208498394087616,-0.3388635356965981,0,0,0
0,976.9497042080056,226.94970420800564,0.25253658720356403,0.144875634981261,-0.15596647095174,0,0,0
0,389.3068891904141,360.6931108095859,0.26773007587659947,0.054429222739058175,-0.22217475329668707,0,0,0
0,226.6875607665715,523.3124392334284,0.31749497755907496,0.12302855616786641,-0.11067045152828414,0,0,0
0,450.54858441962085,299.45141558037915,0.26116331484193983,0.06771218938606899,-0.21678684434903694,0,0,0
0,658.2811284108094,91.7188715891906,0.23850112837619264,0.08993064598158365,-0.21945241987882097,0,0,0
0,152.6944601847625,597.3055398152375,0.0,0.10810949547509831,-0.4415925837108504,0,0,0
0,859.4882446418119,109.48824464181189,0.1757288390374844,0.15435922628918283,-0.2242389869406899,0,0,0
0,835.7190383494609,85.7190383494609,0.14523257544662432,0.08144501717762856,-0.32035803873194885,0,0,0
0,498.56353337593873,251.43646662406127,0.0,0.19381774087162287,-0.3644551628539783,0,0,0
0,740.7247926744038,9.27520732559617,0.15454992354885436,0.09412300131351121,-0.29963050490742443,0,0,0
0,467.77868981922046,282.22131018077954,0.16746114566060716,0.041788814499077204,-0.33382005092866224,0,0,0
0,462.3364469376593,287.6635530623407,0.32848437590089674,0.04381519218923499,-0.17097308076723067,0,0,0
0,826.4075064594421,76.40750645944206,0.3587560024537779,0.050993998727773736,-0.1342405283296646,0,0,0
0,95.19347807678224,654.8065219232178,0.28111164340134004,0.00032051590946287345,-0.25749102191858225,0,0,0
0,577.4437148744248,172.5562851255752,0.16914889196917207,0.06535996489500544,-0.3109182692637619,0,0,0
0,456.1882287500668,293.8117712499332,0.15599960107123964,0.008505843819135273,-0.3752362691299775,0,0,0
0,439.44421375056044,310.55578624943956,0.3178430903003774,0.11319527874125511,-0.11917228847093186,0,0,0
0,286.00243193831886,463.99756806168114,0.37122111736835783,0.10510390423030076,-0.07307649846281039,0,0,0
0,828.6583723657617,78.65837236576169,0.42230810952431397,0.06805286658840154,-0.055335440184563545,0,0,0
0,298.55793231843853,451.44206768156147,0.3235943656113506,0.13062904551226182,-0.09773062306605268,0,0,0
0,945.7335999424233,195.73359994242333,0.42537423912258854,0.11267313417894768,-0.012111069754797477,0,0,0
0,699.0677538221561,50.93224617784392,0.31668304171858525,0.0537105087040481,-0.17386863008621034,0,0,0
0,626.3230154863688,123.67698451363117,0.05775270237524302,0.08974881218923618,-0.4003644962928833,0,0,0
0,635.8411594721312,114.15884052786885,0.3031570175073256,0.11334218234994897,-0.13372614801615923,0,0,0
0,597.9918027161775,152.00819728382248,0.2619117264253307,0.1149660381364189,-0.17350996889033116,0,0,0
0,532.6247073252432,217.3752926747568,0.28356529683270765,0.11192681779052298,-0.15459169679426055,0,0,0
0,418.83407198382747,331.16592801617253,0.09737312044977568,0.10059732929379193,-0.35098041282425047,0,0,0
0,34.13711182893997,715.86288817106,0.11707507495078161,0.04207105280065276,-0.3839521071670698,0,0,0
0,15.950582957987457,734.0494170420126,0.35991084260300277,0.11103664645427665,-0.07904730522658715,0,0,0
0,9.493882387674791,740.5061176123252,0.20440825917660063,0.1640316445803045,-0.1868543903395642,0,0,0
0,232.21323920235238,517.7867607976476,0.2574616567676341,0.11727448089586134,-0.17588244006452958,0,0,0
0,650.7819034363733,99.21809656362666,0.3717012222360583,0.0899073707724424,-0.08627327370718241,0,0,0
0,781.0327967771707,31.032796777170688,0.36777029138916695,0.10785569159430265,-0.07405071581439954,0,0,0
0,501.8445155686664,248.1554844313336,0.0,0.07974016793331964,-0.4671249784984512,0,0,0
0,150.313682901567,599.6863170984329,0.0694638356627903,0.111987408412759,-0.36863862640416545,0,0,0
0,872.6397560555271,122.63975605552707,0.0,0.11130849052876553,-0.4387134881625499,0,0,0
0,524.984378482107,225.015621517893,0.18638865075574393,0.0,-0.3525024788826949,0,0,0
0,348.85834707169226,401.14165292830774,0.13151427247539388,0.13715356547588356,-0.2839386482347498,0,0,0
0,188.18518144920338,561.8148185507966,0.20307792644542802,0.010195281697990805,-0.3266374496648191,0,0,0
0,137.1181854318253,612.8818145681747,0.2526711796663318,0.10186864274952268,-0.19453817149753666,0,0,0
0,856.9552074255121,106.95520742551207,0.04622899122879795,0.13855770041209511,-0.36796020803875534,0,0,0
0,730.6857217128423,19.314278287157663,0.2705016157166231,0.10858866069640252,-0.17065971929505347,0,0,0
0,557.0155410943279,192.9844589056721,0.5532818421587162,0.10308372177671124,0.10716606211931745,0,1,0
0,617.3094912505004,132.6905087494996,0.21061133572754484,0.14474125467424068,-0.1980126647040774,0,0,0
0,911.5093564632642,161.50935646326423,0.18686732342700946,0.10836589076831231,-0.2544945045199484,0,0,0
0,511.9875292348236,238.01247076517637,0.0,0.04572668759028186,-0.4977371108071852,0,0,0
0,932.9377075776672,182.9377075776672,0.2214017233394961,0.1132812110547844,-0.21553631634963683,0,0,0
0,908.8165336551891,158.81653365518912,0.4302456905916816,0.20987139414367026,0.08023881568254598,0,0,1
0,259.3335657761091,490.6664342238909,0.1688293776772698,0.11379591864655902,-0.26764542517926593,0,0,0
0,302.34104652106674,447.65895347893326,0.4417607285251675,0.10215470296981019,-0.0051911684404422065,0,0,0
0,53.43474708683005,696.56525291317,0.0967320181844657,0.11718437092253944,-0.33669317762368767,0,0,0
0,339.2661642300889,410.7338357699111,0.2428506440995462,0.1554331405444281,-0.15615065904890735,0,0,0
0,7.0351637387150445,742.964836261285,0.07188036850500218,0.04480537824544874,-0.42668592071253286,0,0,0
0,175.86091390199033,574.1390860980097,0.0,0.10338967837660568,-0.4458404190994938,0,0,0
0,243.84957995951274,506.15042004048723,0.4540133305683182,0.02303770577101226,-0.06414386387620963,0,0,0
0,480.89333621858253,269.10666378141747,0.256019085229943,0.11478342033410857,-0.1795669661077982,0,0,0
0,381.4489735697261,368.5510264302739,0.2503332513843086,0.014901967324201154,-0.2751461076623492,0,0,0
0,363.1005292549836,386.8994707450164,0.1229276297149374,0.1920494298800972,-0.24311901303141398,0,0,0
0,584.834909185155,165.16509081484503,0.2224653127154419,0.10825358368127351,-0.21899759160985083,0,0,0
0,485.9343071345884,264.0656928654116,0.2940988636485798,0.10928858005062671,-0.14643254394429506,0,0,0
0,577.9673102934554,172.0326897065446,0.0,0.08770537306111088,-0.45995629388343906,0,0,0
0,425.9704327528181,324.0295672471819,0.07691318487916296,0.09912380122517749,-0.37276652365661617,0,0,0
0,657.7360344350407,92.26396556495934,0.19583061773205174,0.06700293238177554,-0.28275787276278913,0,0,0
0,698.2152696042031,51.78473039579694,0.14423593250176758,0.11555030071310761,-0.29065992649487443,0,0,0
0,353.7239704142726,396.2760295857274,0.0,0.046056958301445496,-0.49743986716713795,0,0,0
0,126.2632650746769,623.7367349253232,0.19671326429785385,0.07063389884374169,-0.2786073563812175,0,0,0
0,585.2015489994692,164.7984510005308,0.11665329127678814,0.13914259721146308,-0.29700950087133393,0,0,0
0,621.9977325469157,128.0022674530843,0.022172799437475216,0.07232601696801307,-0.4516249149297519,0,0,0
0,705.7401372276464,44.259862772353586,0.17662538346576284,0.1575932782074012,-0.2204317957860149,0,0,0
0,536.1438119163408,213.85618808365916,0.1303501155260599,0.11847614946411705,-0.3019124795946736,0,0,0
0,118.92304577623969,631.0769542237604,0.4483625708136361,0.06993302452362946,-0.027588836753536294,0,0,0
0,181.38897053929136,568.6110294607087,0.08887114943965777,0.08850556863467854,-0.37036496842757044,0,0,0
0,137.3234842376072,612.6765157623928,0.24440900778835437,0.09474134033592022,-0.20921491554775629,0,0,0
0,468.7854313310189,281.2145686689811,0.2960279718859488,0.09086393001031945,-0.16108562074320254,0,0,0
0,851.5556349484135,101.55563494841351,0.24148709419728676,0.10792636489532524,-0.20027030703535942,0,0,0
0,678.8650097087103,71.13499029128968,0.23725628333069768,0.09307206978945623,-0.21786998349723058,0,0,0
0,170.68331779657797,579.316682203422,0.37660801827485224,0.1158880753792529,-0.05798384352225905,0,0,0
0,618.5086565482752,131.4913434517248,0.20787515354280392,0.0911317269511484,-0.24899742183960138,0,0,0
0,645.9923551056671,104.00764489433288,0.17878652795306035,0.16221651791486033,-0.2141097355620042,0,0,0
0,3.4228378988021557,746.5771621011978,0.12336414317139167,0.09497002738301462,-0.33005396182233404,0,0,0
0,284.87566634120475,465.12433365879525,0.23215536199536124,0.038076685188968985,-0.27246675097300554,0,0,0
0,657.6874414815894,92.31255851841058,0.26977799543851,0.07391903720831206,-0.20258600071244803,0,0,0
0,849.9852038527499,99.98520385274992,0.11631166141125289,0.09149802175510188,-0.3402312486475943,0,0,0
0,76.36771404628695,673.6322859537131,0.13842677426773634,0.003856680437067106,-0.3969933429773421,0,0,0
0,4.410710038827093,745.5892899611729,0.0,0.09492288707713971,-0.45346053126901315,0,0,0
0,325.10561663010674,424.89438336989326,0.180961445819987,0.15711691475510578,-0.21652446053885666,0,0,0
0,555.3272385929517,194.67276140704826,0.0,0.12906630617238715,-0.42273145408329044,0,0,0
0,757.4180265606841,7.418026560684098,0.17084071538768775,0.11226515022125216,-0.2670117790516242,0,0,0
0,395.1564497095661,354.8435502904339,0.3190012595252176,0.10466862125806098,-0.12568811098096644,0,0,0
0,712.7735897356259,37.22641026437407,0.0,0.13557529791050368,-0.4168733615189856,0,0,0
0,297.5952324146438,452.4047675853562,0.0,0.12200496279334688,-0.42908666312442667,0,0,0
0,377.0969569373049,372.9030430626951,0.0,0.10161687099018035,-0.4474359457472766,0,0,0
0,319.030768468449,430.969231531551,0.18880006097098728,0.15159229914690314,-0.21365799943523878,0,0,0
0,709.9821208734071,40.0178791265929,0.06322287022708464,0.06601351979155694,-0.416256091598953,0,0,0
0,932.2895489632033,182.2895489632033,0.1703604657126247,0.04898671397440993,-0.3244426213488453,0,0,0
0,929.8380406372904,179.83804063729042,0.35388945739550676,0.10308949542513479,-0.09222112636031082,0,0,0
0,899.9366313394952,149.9366313394952,0.2816545337117358,0.10833118678748922,-0.15973852781796277,0,0,0
0,81.50626995752208,668.4937300424779,0.15388037808458463,0.12966842492738265,-0.2683091691192099,0,0,0
0,749.258145980517,0.7418540194829575,0.16523307639198676,0.1377638013979363,-0.24967063198830947,0,0,0
0,537.620507865029,212.37949213497097,0.0,0.14108267769799435,-0.41191671971024396,0,0,0
0,423.7224199142222,326.2775800857778,0.19241565509116076,0.0872542292188615,-0.2679466682503028,0,0,0
0,13.552212123500773,736.4477878764992,0.07528053321453576,0.10294130425551937,-0.37096342259393567,0,0,0
0,43.18292159847137,706.8170784015286,0.32546759548465254,0.010090103648958487,-0.2043424408697237,0,0,0
0,645.9769064934841,104.02309350651592,0.24047407027851905,0.04957978300190419,-0.25379525465820607,0,0,0
0,350.56737450766406,399.43262549233594,0.21006332601777172,0.16750979562430945,-0.17806898755878864,0,0,0
0,860.6461198769005,110.64611987690046,0.19549793616823924,0.06781367476072478,-0.28236088618554733,0,0,0
0,127.52839841708108,622.4716015829189,0.2166146037191939,0.07313895082252492,-0.2564514701789726,0,0,0
0,772.3402971134424,22.340297113442375,0.20435200071608223,0.14141189388690956,-0.20726842442413806,0,0,0
0,5.040341141019811,744.9596588589802,0.22415048872195792,0.1404793452536906,-0.18830923018815943,0,0,0
0,671.0365488137398,78.96345118626016,0.29981892683314587,0.12532220125352617,-0.12628222167711944,0,0,0
0,599.1762951390147,150.82370486098534,0.0,0.15919884743571808,-0.39561216694629264,0,0,0
0,804.517733369648,54.517733369648,0.24165628581748527,0.08429785592665923,-0.22136677348696032,0,0,0
0,42.73432290544743,707.2656770945525,0.0,0.09318272379569752,-0.45502667822231113,0,0,0
0,262.88576781289765,487.11423218710235,0.1009680914447414,0.17418827761918032,-0.28115358833643517,0,0,0
0,219.68212127704666,530.3178787229533,0.18130705379229678,0.023229838707966202,-0.3366772210089725,0,0,0
0,59.590019291034025,690.409980708966,0.16850077111005266,0.2345621079194545,-0.15928446140087715,1,0,0
0,761.1980357156054,11.198035715605442,0.12213984916155968,0.061625141150064455,-0.3612886534418212,0,0,0
0,782.9203539360733,32.9203539360733,0.27242470391091184,0.08573199434316661,-0.18930763081867708,0,0,0
0,204.91636273161197,545.083637268388,0.18864957837916843,0.0728140887092768,-0.28470887142092133,0,0,0
0,379.12077852324563,370.87922147675437,0.18931814575779235,0.0802756834500663,-0.2773248687755869,0,0,0
0,824.4534041152023,74.45340411520226,0.11161990911370916,0.18336418086440626,-0.2622434577467641,0,0,0
0,840.6919841285795,90.69198412857952,0.3411447433799397,0.09870955677194848,-0.10890778516374555,0,0,0
0,459.545950584443,290.454049415557,0.12705476229113577,0.09393205658880983,-0.32729751641737426,0,0,0
0,965.4991632743518,215.49916327435176,0.16860975072548529,0.24832051150704207,-0.1467929185566157,1,0,0
0,75.18221162195782,674.8177883780422,0.0942074310159418,0.09031283356354686,-0.36340214841530494,0,0,0
0,23.045198389926025,726.954801610074,0.22348545700493516,0.1166669593658316,-0.21040540920425527,0,0,0
0,711.5660417390567,38.433958260943314,0.04677881426425329,0.11372457351309222,-0.38976019921240257,0,0,0
0,482.6530919312214,267.3469080687786,0.04585854948481463,0.040165872958572546,-0.4568832944909089,0,0,0
0,87.72407391045722,662.2759260895427,0.38420209278192197,0.15249899200360406,-0.017439944053273315,0,0,0
0,864.7712813922375,114.77128139223748,0.5428892605482548,0.2023695140044559,0.18613069351382627,0,1,1
0,325.58374864607185,424.41625135392815,6.859414535309583e-05,0.11521616484776652,-0.43512798713009593,0,0,0
0,670.0512516439708,79.94874835602923,0.10904637903762555,0.1350039893262267,-0.3083411602072093,0,0,0
0,856.7398982782216,106.73989827822163,0.0,0.014263627677093854,-0.5260538647290545,0,0,0
0,903.6523527810854,153.65235278108537,0.3006787986054567,0.07849384778192019,-0.167567868029254,0,0,0
0,86.85594198993563,663.1440580100643,0.5663257485819767,0.07292777713634505,0.09306961836624839,0,1,0
0,403.60117283039034,346.39882716960966,0.3439092297136521,0.1548000448955293,-0.05566185951881042,0,0,0
0,231.21335424960833,518.7866457503917,0.04620156693549132,0.1671428357194944,-0.3422610105554026,0,0,0
0,566.5144611268071,183.48553887319292,0.0,0.17318119485537922,-0.38302805426859754,0,0,0
0,433.7810605619566,316.2189394380434,0.24696775653371505,0.1095126646579524,-0.19336197491256668,0,0,0
0,374.5715092493088,375.4284907506912,0.09394519219188364,0.14727664806225862,-0.3123969541905225,0,0,0
0,769.5663043412677,19.56630434126771,0.21360509692774843,0.06010264206959123,-0.27119365484805835,0,0,0
0,439.26126047330285,310.73873952669715,0.28096856814984444,0.08447364052325135,-0.1818962850176682,0,0,0
0,189.3313828984362,560.6686171015638,0.3301888168366078,0.11820257608136406,-0.10231999432860345,0,0,0
0,660.3471591620748,89.65284083792517,0.2857387295408089,0.1460675893726944,-0.12169156966220496,0,0,0
0,407.4442749046475,342.5557250953525,0.5911570084188165,0.06575786450192467,0.11144795683210984,1,1,0
0,707.861306328845,42.13869367115501,0.5274899998416219,0.07619757627669492,0.0571766888522085,0,0,0
0,134.74838202855065,615.2516179714494,0.3113577683760196,0.1275397517060023,-0.11274758472701724,0,0,0
0,636.8262835460782,113.17371645392177,0.3869789795400497,0.11386731028895182,-0.04943157083833255,0,0,0
0,14.668011446665187,735.3319885533348,0.2822273584249903,0.11391829881372965,-0.1541373022810919,0,0,0
0,347.8765212220104,402.1234787779896,0.1960811429384626,0.09978606568981413,-0.25300252757914354,0,0,0
0,747.2422016184685,2.7577983815315292,0.3968036670470976,0.1376986680461701,-0.018158661349788163,0,0,0
0,71.97848444219157,678.0215155578085,0.0,0.13099654212766698,-0.4209942417235386,0,0,0
0,464.1606096674673,285.8393903325327,0.0,0.10532955505404804,-0.44409453008979566,0,0,0
0,120.75478939154627,629.2452106084537,0.1570040272500438,0.10454209940380721,-0.2877992129249686,0,0,0
0,870.0491005301408,120.04910053014078,0.07540361526713917,0.014511564412334074,-0.45042710640019906,0,0,0
0,382.0228402849112,367.9771597150888,0.04027808871056887,0.1404509971231782,-0.3722071435170096,0,0,0
0,849.7836921832794,99.78369218327941,0.2271884251681459,0.08868766042641184,-0.2318838100865223,0,0,0
0,225.8811251448306,524.1188748551695,0.0,0.07030179603700218,-0.4756195132051369,0,0,0
0,259.0968636442601,490.9031363557399,0.13342447815594694,0.1846465973174976,-0.2392847138967441,0,0,0
0,950.8476146327673,200.84761463276732,0.3711327593034362,0.17481016054272128,-0.01042922584655348,0,0,0
0,659.7934780300405,90.20652196995945,0.45798112939221525,0.014360566278206602,-0.0679854905958377,0,0,0
0,311.46512875832866,438.53487124167134,0.18195489595476827,0.05061822100169475,-0.31137983478214537,0,0,0
0,457.92469946958147,292.07530053041853,0.16103825049404064,0.13091150998638462,-0.26003252015665207,0,0,0
0,17.59725483960373,732.4027451603963,0.14914258475744338,0.05938040585322932,-0.3363061796130891,0,0,0
0,516.9690546737518,233.03094532624823,0.08139215055607407,0.17188133392187022,-0.30280577855268165,0,0,0
0,323.4203156482308,426.5796843517692,0.22589883570039643,0.09891465721882357,-0.22396910244110124,0,0,0
0,489.98958567133843,260.01041432866157,0.04987313252629408,0.07193712228013782,-0.42427458706002075,0,0,0
0,601.5147417960097,148.48525820399027,0.2201716178170139,0.12520104894723288,-0.20603856776891538,0,0,0
0,97.81323557344346,652.1867644265566,0.19834129331975114,0.062339735375670925,-0.2844440744805839,0,0,0
0,663.2854942635785,86.71450573642153,0.18441383695447722,0.10055033001624263,-0.26398199566934333,0,0,0
0,6.010642811037248,743.9893571889628,0.20922736762298902,0.09276161764499093,-0.24617830613495806,0,0,0
0,308.1054676829622,441.8945323170378,0.06304049444253015,0.19940809121066447,-0.2963833531063107,0,0,0
0,88.07484484396888,661.9251551560311,0.024334755904191513,0.009213968182711293,-0.5062638023698072,0,0,0
0,348.5597433759963,401.4402566240037,0.1784247364668937,0.05656881623419799,-0.309554458560767,0,0,0
0,743.9116091160399,6.0883908839600736,0.017601849753679066,0.047062877781517604,-0.478932689881394,0,0,0
0,363.69847081813856,386.30152918186144,0.5224484894076376,0.09270244468437591,0.066989559985137,0,0,0
0,67.97411576750356,682.0258842324964,0.3588872983670713,0.023039462698788232,-0.15926831484245818,0,0,0
0,493.06825214980523,256.93174785019477,0.23655733771804516,0.0580368648788787,-0.2501006135294029,0,0,0
0,204.25061905971975,545.7493809402803,0.25012163040549784,0.1499906398747122,-0.15377792334570006,0,0,0
0,715.9512231605034,34.048776839496554,0.32343715276617374,0.10906564612532592,-0.1172948953594718,0,0,0
0,174.51822144144523,575.4817785585548,0.11371671819253225,0.06663691364962127,-0.3652011891612475,0,0,0
0,996.0436170045944,246.04361700459435,0.04862630050828992,0.1649576530716525,-0.3418029413656617,0,0,0
0,926.5400259853998,176.54002598539978,0.148987562590477,0.10021861116976073,-0.2997068169951772,0,0,0
0,942.817657732287,192.817657732287,0.6013243091559508,0.0637155532101444,0.11977717740664184,1,1,0
0,255.72009516219362,494.2799048378064,0.08483181372985492,0.10297642803025456,-0.36138053068135484,0,0,0
0,779.398375797303,29.398375797302947,0.27068984388229567,0.13120879621787607,-0.15011336916005474,0,0,0
0,492.91134653290135,257.08865346709865,0.39078505678841297,0.04962515148287494,-0.10344343651543847,0,0,0
0,428.9459937327773,321.0540062672227,0.21553550994936102,0.06547690050106253,-0.2644264092381216,0,0,0
0,209.95612248594787,540.0438775140522,0.3565851645725389,0.1263779620052138,-0.06856579926120754,0,0,0
0,446.37850926663083,303.62149073336917,0.17591728851338184,0.10361252509217227,-0.26972256854210197,0,0,0
0,67.66449377850658,682.3355062214935,0.01676820155993597,0.11259386073712235,-0.4207884534150928,0,0,0
0,896.6308273505101,146.63082735051012,0.28896328304193286,0.08906543365199424,-0.16976895630971123,0,0,0
0,430.70501175382327,319.29498824617673,0.08975081497105353,0.055717302324929247,-0.39899474257494905,0,0,0
0,785.5950543589526,35.59505435895255,0.3512587987507909,0.062003909517499504,-0.13182881232189841,0,0,0
0,776.4023379403926,26.402337940392613,0.37099679905665317,0.020345921281898036,-0.14958300142807746,0,0,0
0,970.4880897121064,220.48808971210644,0.29303176251872043,0.1068543308553455,-0.14969046934990748,0,0,0
0,11.174693450690443,738.8253065493095,0.015570169964948172,0.16445698210986892,-0.37530967577460866,0,0,0
0,677.4390401472341,72.5609598527659,0.15776595884672479,0.0,-0.3811251707917141,0,0,0
0,735.8473300503143,14.152669949685674,0.0,0.09034357990605986,-0.457581907722985,0,0,0
0,291.85995925614947,458.14004074385053,0.3201024606960329,0.08253355314307054,-0.1445084711136425,0,0,0
0,36.220481992751964,713.779518007248,0.3018429038876649,0.1559397249891237,-0.0967024732605627,0,0,0
0,406.79954633512483,343.20045366487517,0.0,0.12236946031842828,-0.42875861535185344,0,0,0
0,33.59276638082675,716.4072336191732,0.0,0.11036432369049003,-0.43956323831699784,0,0,0
0,920.6181336180833,170.61813361808333,0.08343758829664527,0.10126329730163694,-0.36431657377032034,0,0,0
0,215.40200539302057,534.5979946069795,0.16218655451107925,0.08928424827395899,-0.29634875168079655,0,0,0
0,302.9617608776607,447.0382391223393,0.17180950363254371,0.06487693139909717,-0.3086923877467077,0,0,0
0,121.00151674500725,628.9984832549927,0.1948006618893846,0.01688296950185529,-0.32889579519738454,0,0,0
0,253.74320113200477,496.25679886799526,0.0,0.07015206056627706,-0.47575427512878954,0,0,0
0,6.55545735080143,743.4445426491985,0.19867274482710243,0.07772666762227426,-0.2702643839512896,0,0,0
0,796.8623701541028,46.86237015410279,0.061286572246007864,0.0867055376147529,-0.3995695735391534,0,0,0
0,615.3069556280421,134.69304437195785,0.577199940195828,0.12072788123959446,0.14696390367302414,1,1,0
0,54.978390516771334,695.0216094832286,0.4495979307827668,0.14018412171206548,0.03687251068518682,0,0,0
0,267.063819835784,482.936180164216,0.373251341873779,0.1206863888835914,-0.0570220377694276,0,0,0
0,715.9294546222069,34.07054537779311,0.19937749621795645,0.15209870557269897,-0.20262479840505332,0,0,0
0,922.7691154313435,172.7691154313435,0.2702022608147056,0.0819236681312824,-0.19495756750557913,0,0,0
0,965.1143622204842,215.11436222048417,0.2873115084529027,0.03392423593514719,-0.22104780884390368,0,0,0
0,443.6869229815995,306.3130770184005,0.4375088622306067,0.029447548495181886,-0.07487947376216847,0,0,0
0,719.3289853427011,30.671014657298883,0.21717213681783057,0.04962027954204833,-0.2770607412327648,0,0,0
0,402.7993191265079,347.2006808734921,0.04381402954606256,0.1494936516060267,-0.3605328136469523,0,0,0
0,278.0499559364261,471.9500440635739,0.06465073891816336,0.0431256531312373,-0.4354273029021619,0,0,0
0,156.1943899504844,593.8056100495156,0.2605699783703399,0.0768144141292377,-0.20918817855178506,0,0,0
0,924.5143623120834,174.51436231208345,0.19361641851627048,0.2301296236095399,-0.1381580498735825,1,0,0
0,741.4505627391707,8.549437260829336,0.10585619987280691,0.07006458877378421,-0.36997679986922616,0,0,0
0,167.2052127331437,582.7947872668562,0.0,0.05124258472280441,-0.4927728033879149,0,0,0
0,550.7015216746111,199.29847832538894,0.48426172294798014,0.06730100339789813,0.0059414963676496235,0,0,0
0,407.79205347391013,342.20794652608987,0.32644475653051136,0.017655970144223904,-0.196555999978126,0,0,0
0,367.62046117266436,382.37953882733564,0.07851560468197664,0.09582407931037182,-0.3741338535771276,0,0,0
0,809.8587246586028,59.858724658602796,0.13901885675731473,0.08124024059656046,-0.3267560563442197,0,0,0
0,454.2891672602648,295.7108327397352,0.0,0.09748300686748981,-0.451156423457698,0,0,0
0,591.920965753746,158.07903424625397,0.0,0.0354955713236708,-0.5069451154471352,0,0,0
0,371.02345645341006,378.97654354658994,0.2766328664677212,0.15771858570791122,-0.12031153603359757,0,0,0
0,942.3077195802975,192.30771958029754,0.13430570252112806,0.16502908659402446,-0.2560592491826888,0,0,0
0,186.42570707012206,563.574292929878,0.2264201329545566,0.16729171256827455,-0.1619084553724352,0,0,0
0,471.36270721132655,278.63729278867345,0.24242076598064966,0.15741301402801297,-0.15479865103257756,0,0,0
0,26.78668659521566,723.2133134047843,0.3917958938554999,0.11799054008610695,-0.04090374970544275,0,0,0
0,830.3624111154106,80.36241111541062,0.16083134232858562,0.16489222469951165,-0.22965678508029275,0,0,0
0,672.5961855407162,77.40381445928381,0.2734204463034747,0.12319566557558145,-0.1545945843169409,0,0,0
0,212.7463859322416,537.2536140677585,0.16634537561359167,0.05897335535836091,-0.3194697342023224,0,0,0
0,194.01205210585726,555.9879478941427,0.02792906957384783,0.016109337346745523,-0.4964636564525201,0,0,0
0,633.3956085403432,116.60439145965677,0.29887868417192504,0.08490309296026889,-0.1635996618022718,0,0,0
0,12.704735935811119,737.2952640641889,0.2284937239687345,0.06757007783770588,-0.2495843356157691,0,0,0
0,94.2557734476398,655.7442265523603,0.0,0.07125879969479207,-0.474758209913126,0,0,0
0,117.39515057249727,632.6048494275027,0.3718891302797642,0.21069068263701446,0.022619615014638383,0,0,1
0,625.0740638849345,124.9259361150655,0.4522690842050238,0.024410996764514553,-0.06465214834535199,0,0,0
0,598.4423814238479,151.5576185761521,0.28889196103446146,0.13557194108015946,-0.12798442163183388,0,0,0
0,513.5343066833582,236.46569331664182,0.3435404679149729,0.024878759130704947,-0.17295977850583155,0,0,0
0,266.52703876450636,483.47296123549364,0.24429069358768396,0.1295019111609872,-0.17804871600586647,0,0,0
0,403.3337276939568,346.6662723060432,0.13118397759018485,0.1626183749909817,-0.2613506145563705,0,0,0
0,733.6636144558902,16.336385544109817,0.22836450308625184,0.13730453990883323,-0.18695254063423716,0,0,0
0,829.6507315484932,79.65073154849324,0.0015412143685551993,0.10937073718117775,-0.4389162518068237,0,0,0
0,654.9966215693913,95.00337843060868,0.0687626032410267,0.12455868979286201,-0.3580257055838364,0,0,0
0,873.3195943108543,123.31959431085431,0.5238313215100422,0.16823613311336544,0.13635271167363228,0,0,1
0,386.0324525717839,363.9675474282161,0.11189276396087525,0.035210345366927104,-0.39530905484732926,0,0,0
0,906.3227637569462,156.3227637569462,0.1519212849680501,0.13781947844082088,-0.26293231407365,0,0,0
0,179.24083897284382,570.7591610271562,0.27815479547410793,0.15953408055057902,-0.11715566166880986,0,0,0
0,36.16797022416496,713.832029775835,0.15685511809288874,0.04406360890415104,-0.3423787635318142,0,0,0
0,700.1020245704933,49.89797542950669,0.20723100197714756,0.14586706684573908,-0.20037976750012615,0,0,0
0,451.5418787965394,298.4581212034606,0.22215642105647862,0.02832063225246978,-0.29124613955473744,0,0,0
0,690.9143781226776,59.08562187732241,0.3251741527748331,0.14058290602884516,-0.0871923614376452,0,0,0
0,159.35721834750626,590.6427816524938,0.0,0.0816553471725833,-0.4654013171831139,0,0,0
0,149.90221254072787,600.0977874592721,0.055282643149731164,0.10894328140830813,-0.3855595332212304,0,0,0
0,744.9624076169409,5.037592383059064,0.14246310244970334,0.11406544179309518,-0.2937691295749499,0,0,0
0,552.9440434074131,197.05595659258688,0.2278971240241557,0.12358340376230527,-0.1997689422282084,0,0,0
0,202.22680663653836,547.7731933634616,0.0847345119780105,0.0827729609224786,-0.37966095283019763,0,0,0
0,735.170337550646,14.829662449354032,0.4454558220095406,0.0037568971178704863,-0.09005410022281485,0,0,0
0,901.4419801834553,151.44198018345526,0.0,0.06588559527434654,-0.479594093891527,0,0,0
0,541.9027092988135,208.09729070118647,0.2139024794017908,0.1046065535028785,-0.23084275208405747,0,0,0
0,548.2777928700223,201.72220712997773,0.13113450816826266,0.10376850762744186,-0.3143649646054785,0,0,0
0,899.0271940533994,149.0271940533994,0.507294068588902,0.05701561876278185,0.019716995836966844,0,0,0
0,707.4295759431143,42.57042405688571,0.23151822557862523,0.07899917627235452,-0.2362736454146946,0,0,0
0,576.4743017984706,173.5256982015294,0.46057862492101087,0.17783864609127698,0.08174227676472123,0,0,1
0,239.91045031162838,510.0895496883716,0.0,0.08569424347484894,-0.46176631051107486,0,0,0
0,591.0739664281506,158.92603357184942,0.0,0.07149106751909665,-0.47454916887125187,0,0,0
0,376.61641923254865,373.38358076745135,0.04511889947227343,0.1275586990755449,-0.37896940099817505,0,0,0
0,160.85220213097372,589.1477978690262,0.18186692670665,0.14524148736181414,-0.22630686430615615,0,0,0
0,987.1962571346461,237.1962571346461,0.23001423222274234,0.07970476323287248,-0.2371426105061113,0,0,0
0,189.8049280069567,560.1950719930433,0.412318165973957,0.1176260564500628,-0.02070951285942535,0,0,0
0,655.3872128826673,94.61278711733269,0.3248517367438334,0.029666275201084155,-0.18733974521362973,0,0,0
0,501.21613229619544,248.78386770380456,0.33387358281549573,0.14914919484412875,-0.07078327146322727,0,0,0
0,25.954687931220242,724.0453120687797,0.00880770805305986,0.024940177739015898,-0.5076372616202647,0,0,0
0,370.1009374848341,379.8990625151659,0.12823087980504871,0.0758554730413608,-0.34239032409616543,0,0,0
0,411.6144170391405,338.3855829608595,0.206098764112936,0.13664360904869505,-0.2098131173816773,0,0,0
0,423.7110425100924,326.2889574899076,0.0,0.12077751751579961,-0.43019136387421925,0,0,0
0,502.7775711094705,247.2224288905295,0.10141681519202601,0.04169806703227968,-0.39994605411736117,0,0,0
0,864.7940219729833,114.79402197298327,0.3866201758364247,0.06779756307370874,-0.09125314703567627,0,0,0
0,570.1329433731092,179.86705662689076,0.3174566281255511,0.11123956860649742,-0.12131888976704008,0,0,0
0,58.66653045376569,691.3334695462343,0.01539610638718536,0.042928928647654734,-0.48485898746836426,0,0,0
0,804.3968618755011,54.396861875501145,0.04438035977015675,0.0188057304627358,-0.4775856124518199,0,0,0
0,669.0075139158656,80.99248608413438,0.5116077212154028,0.06635278237049645,0.03243409571041067,0,0,0
0,460.553517770824,289.446482229176,0.031246843690419385,0.09132235552175302,-0.42545416597844177,0,0,0
0,167.90540795580887,582.0945920441911,0.17084190381505474,0.11588233435008267,-0.26375512490830977,0,0,0
0,41.13787148763226,708.8621285123677,0.11847662838555471,0.1753196571532107,-0.26262680981499453,0,0,0
0,545.8143014373811,204.18569856261888,0.10445235710798763,0.13920308473474727,-0.3091559962691787,0,0,0
0,792.9276437007337,42.92764370073371,0.2522391337240902,0.023101285846395106,-0.2658608386525931,0,0,0
0,239.47576250078316,510.52423749921684,0.3701647895134681,0.1428605863372243,-0.040151812421468924,0,0,0
0,627.4262796783513,122.5737203216487,0.4007418584544852,0.01147096094843994,-0.12782540633035777,0,0,0
0,516.7676944030828,233.23230559691717,0.148100407060528,0.08411580746403659,-0.315086495860278,0,0,0
0,388.39789536295376,361.60210463704624,0.20111337276381563,0.13405506199956072,-0.21712820107501862,0,0,0
0,137.6856650935787,612.3143349064213,0.2196423452877986,0.11805488178137558,-0.21299939074740226,0,0,0
0,757.5950464238606,7.595046423860595,0.442318977632955,0.07409132764395401,-0.029889957125925237,0,0,0
0,262.46326283297407,487.53673716702593,0.08369287376649655,0.20655432300834634,-0.26929936516443065,0,0,0
0,360.3080813317672,389.6919186682328,0.22516956819227207,0.12864298861904344,-0.1979428716890277,0,0,0
0,182.53903936077919,567.4609606392208,0.2876730131036152,0.061309660644043876,-0.1960394219551842,0,0,0
0,292.45472627541545,457.54527372458455,0.2664191732438343,0.019420944181699443,-0.2549931066310751,0,0,0
0,930.9318431684953,180.93184316849533,0.39200072536445674,0.15055461809231285,-0.011391247990900633,0,0,0
0,121.95196543803443,628.0480345619656,0.09678551568030971,0.20440185552754858,-0.2581439439833354,0,0,0
0,224.52462428938514,525.4753757106148,0.4054914696918793,0.1520165576877257,0.0034152419723936234,0,0,0
0,593.0591423594052,156.9408576405948,0.07259411765970014,0.15006014085418987,-0.33124288520996786,0,0,0
0,545.521238099889,204.47876190011095,0.1625542434777621,0.08995011856673503,-0.2953817794506153,0,0,0
0,447.45625006091984,302.54374993908016,0.1946232778404796,0.10340525300788085,-0.2512031240908665,0,0,0
0,477.6832724693829,272.3167275306171,0.31022822142947554,0.07427893573718398,-0.16181186604549774,0,0,0
0,597.0607993626875,152.93920063731252,0.32843846870146665,0.11707698740619277,-0.10508337227139875,0,0,0
0,680.701179467147,69.29882053285303,0.46606593028610377,0.1006686238139813,0.017776562080248026,0,0,0
0,630.970194837467,119.02980516253297,0.2601315688222112,0.11156054767875714,-0.17835506790534622,0,0,0
0,53.87446719755084,696.1255328024491,0.22059982295481373,0.11189042379028999,-0.21758992527236415,0,0,0
0,811.4788556492932,61.47885564929322,0.5246974739920006,0.11067104843715339,0.08541028794699979,0,0,0
0,304.8328438021329,445.1671561978671,0.009342117856622811,0.07171848636998289,-0.4650023740488315,0,0,0
0,928.9183089111255,178.91830891112545,0.5433384283116345,0.12161229511080775,0.11389836427292255,0,1,0
0,660.727356456897,89.27264354310296,0.05677700347631123,0.09133605373597473,-0.3999116777997504,0,0,0
0,947.4394126475718,197.43941264757177,0.05154817447285864,0.047428810102233036,-0.4446570260735705,0,0,0
0,594.5819932172819,155.41800678271807,0.43149476262285846,0.08487558626025357,-0.031008339381352168,0,0,0
0,357.395799626836,392.604200373164,0.021620660626978483,0.0546376396008178,-0.4680965933707244,0,0,0
0,545.7240081128584,204.27599188714157,0.15661026233359565,0.14211354128543074,-0.25437868014795556,0,0,0
0,5.10253656817794,744.8974634318221,0.12855547295860123,0.08659581130077305,-0.3323994265091419,0,0,0
0,78.00189309971594,671.998106900284,0.15882644317584887,0.08584757288555728,-0.30280187086558846,0,0,0
0,718.0909128061412,31.909087193858795,0.0,0.10482209209158148,-0.44455124675601554,0,0,0
0,568.1171743677289,181.88282563227108,0.26692682430734216,0.09254462464838316,-0.18867414314755188,0,0,0
0,507.41539372459675,242.58460627540325,0.20116955501424372,0.09304691088515085,-0.2539793548275594,0,0,0
0,487.36374445908956,262.63625554091044,0.36331882506732993,0.1100796464764705,-0.07650062274228547,0,0,0
0,288.3469506302303,461.6530493697697,0.12457532907140141,0.06605489457417885,-0.35486639545027654,0,0,0
0,576.9999451394093,173.0000548605907,0.28860213241335175,0.13122009574285015,-0.13219091105652198,0,0,0
0,217.2199769552994,532.7800230447006,0.1615400275375533,0.12198302044150194,-0.2675663837035338,0,0,0
0,902.7295140249181,152.7295140249181,0.2762071487836202,0.03475477296923975,-0.2314046851825029,0,0,0
0,435.21520238555644,314.78479761444356,0.10632642782299272,0.10027150627397723,-0.34232034616886664,0,0,0
0,602.6175201874775,147.38247981252255,0.07102234574058397,0.14908794479441909,-0.33368963358287773,0,0,0
0,583.7492701262197,166.2507298737803,0.27645382819734904,0.0951390056377537,-0.17681219636711154,0,0,0
0,836.8445172891744,86.8445172891744,0.047277340730423945,0.15254788251073154,-0.3543206946483566,0,0,0
0,520.995942103825,229.00405789617503,0.320713681063609,0.139356784372943,-0.0927563426391812,0,0,0
0,570.9505432683429,179.04945673165707,0.0,0.14463768367100366,-0.40871721433453556,0,0,0
0,906.1052955642746,156.10529556427457,0.3332018068076622,0.14751032861587998,-0.07293002707648466,0,0,0
0,301.81371492416844,448.18628507583156,0.012291742114132587,0.10797465263754427,-0.42942220015051646,0,0,0
0,77.65485893938417,672.3451410606158,0.4765742348012789,0.05270593256297392,-0.014881555530483426,0,0,0
0,308.08486831872193,441.91513168127807,0.0013514201392320069,0.12724826863410754,-0.4230162677285101,0,0,0
0,854.47671799755,104.47671799755005,0.32480478730099216,0.06843073055495168,-0.15249868483799023,0,0,0
0,975.8077320282299,225.8077320282299,0.34830600375427523,0.12510765416276237,-0.0779882371376775,0,0,0
0,836.3582445512421,86.35824455124214,0.15573176955445317,0.11851242311300794,-0.27649817928227854,0,0,0
0,685.4069255793568,64.59307442064323,0.0,0.13156109323155551,-0.4204861457300389,0,0,0
0,840.5088493748616,90.5088493748616,0.0,0.08800491428264658,-0.459686706784057,0,0,0
0,218.7885595659965,531.2114404340035,0.0,0.08237841788256314,-0.4647505535441321,0,0,0
0,541.5660204655314,208.43397953446856,0.4179800425527188,0.043989432422364944,-0.0813205979055916,0,0,0
0,811.5981886700937,61.59818867009369,0.16729833353122442,0.03341363641566325,-0.34152052333311755,0,0,0
0,553.13861079272,196.86138920728,0.0,0.10988837842140321,-0.439991589059176,0,0,0
0,593.4597112936601,156.54028870633988,0.48571701812663715,0.010466992890275223,-0.04375381791055405,0,0,0
0,92.44682642113256,657.5531735788675,0.2908890952488203,0.08019764191931161,-0.17582415666223816,0,0,0
0,820.3704626834968,70.37046268349684,0.12724643326202242,0.08461694960708509,-0.33548944173003986,0,0,0
0,904.6566050061915,154.6566050061915,0.39612596380488074,0.026127653977495682,-0.11925027725381204,0,0,0
0,981.873940114835,231.87394011483502,0.14036726495290708,0.04061134981582835,-0.3619736498512863,0,0,0
0,26.343380632996237,723.6566193670037,0.34122569813024617,0.08476710004572063,-0.12137504146704414,0,0,0
0,259.412721257475,490.587278742525,0.47208125442585647,0.0596283575855067,-0.013144353385626362,0,0,0
0,287.31556619604316,462.68443380395684,0.326019661758017,0.0,-0.21287146788042188,0,0,0
0,59.898189663346145,690.1018103366539,0.14881146087484914,0.11227969877111602,-0.2890279398695853,0,0,0
0,984.8567657969901,234.8567657969901,0.0512874401178976,0.1433388081066342,-0.3585987622245705,0,0,0
0,402.849815090912,347.150184909088,0.28204741923439935,0.08793740828743973,-0.17770004294534375,0,0,0
0,814.029926704191,64.02992670419098,0.22196574202100175,0.09604809470554769,-0.2304821023824442,0,0,0
0,678.9060139244104,71.09398607558956,0.19510533623869408,0.11319718047449975,-0.24190833097269504,0,0,0
0,139.03980390514369,610.9601960948563,0.4513801522090265,0.14975454369590466,0.04726811189690183,0,0,0
0,180.9102870880044,569.0897129119955,0.23511145789508525,0.1415306539938736,-0.1764020831488674,0,0,0
0,630.8890217954871,119.11097820451289,0.2763398394334555,0.1528309860745999,-0.12500340273784344,0,0,0
0,667.8021272094976,82.1978727905024,0.39939915644515606,0.15243740712603515,-0.0022983067798512113,0,0,0
0,246.7129659458085,503.2870340541915,0.17014898538021583,0.07786337580345376,-0.29866510603511465,0,0,0
0,14.583755262148056,735.4162447378519,0.0,0.0994651586571362,-0.4493724868470163,0,0,0
0,436.43021622141873,313.56978377858127,0.29649083628221634,0.12989133174800555,-0.12549809478301754,0,0,0
0,650.4579682243215,99.54203177567854,0.0631268695041706,0.08791136405697271,-0.39664403248299285,0,0,0
0,131.24468500112707,618.7553149988729,0.3265380954391496,0.02555312562305735,-0.1893552211385377,0,0,0
0,880.4060484269754,130.40604842697542,0.4167799833488512,0.06659485769304221,-0.0621757743658497,0,0,0
0,290.5916041729695,459.4083958270305,0.3914733423724317,0.14300035584273565,-0.018717467007545063,0,0,0
0,308.0215113498126,441.9784886501874,0.28910583386440847,0.1656944791195603,-0.10066026456642613,0,0,0
0,290.76184583687836,459.23815416312164,0.2291511106737789,0.1472673851342006,-0.1771993723438794,0,0,0
0,877.8630254363478,127.86302543634781,0.10506976761664177,0.06224660011967934,-0.37779942191408566,0,0,0
0,614.1849704045992,135.8150295954008,0.2208422917166702,0.04304468666409849,-0.27930861992408007,0,0,0
0,507.6399514268385,242.36004857316152,0.11894496804968643,0.13076953150410933,-0.302253583235054,0,0,0
0,680.4612331091408,69.53876689085916,0.3297812804366752,0.10444093078331647,-0.11511301149677888,0,0,0
0,984.0158766750088,234.01587667500883,0.04304108141245294,0.09949945565942347,-0.40630053813250483,0,0,0
0,602.7684009453831,147.23159905461694,0.10254356225107897,0.1742414947328949,-0.27953022212775447,0,0,0
0,106.19754607934384,643.8024539206561,0.4485871174078989,0.15849619476484642,0.05234256305782181,0,0,1
0,186.8642478821001,563.1357521178999,0.2630013866566535,0.10524412905094704,-0.18117002683593303,0,0,0
0,944.129483067135,194.12948306713497,0.11788580666684685,0.12485985993298301,-0.3086314490319073,0,0,0
0,298.49207222639154,451.50792777360846,0.4985992280104812,0.10218537773138606,0.05167493833028969,0,0,0
0,516.1228920146619,233.87710798533806,0.3565576039732203,0.12134893126962604,-0.07311948752255515,0,0,0
0,640.6337616288441,109.36623837115587,0.4087655060803959,0.03875542805675511,-0.09524573830696337,0,0,0
0,853.1672509712677,103.16725097126766,0.03469573125059772,0.12828004688721373,-0.3887433561893488,0,0,0
0,319.2288213689433,430.7711786310567,0.29945597003558216,0.09065408115361728,-0.15784648656460115,0,0,0
0,319.33253761413437,430.66746238586563,0.29044307802459224,0.16222281798211868,-0.1024475154299398,0,0,0
0,662.6796910588149,87.32030894118509,0.116262501755796,0.07716718529197897,-0.3531781611198618,0,0,0
0,685.8864286343021,64.11357136569791,0.13206759492791417,0.07043611640183461,-0.34343102994887353,0,0,0
0,224.97800274660318,525.0219972533969,0.2721206951426686,0.1355982720331534,-0.1447319896659322,0,0,0
0,18.874942635948578,731.1250573640514,0.22157225205978476,0.18970662486042336,-0.14658291520427313,0,0,0
0,817.6496749641725,67.6496749641725,0.1396243578543332,0.1782800409358148,-0.2388147349418724,0,0,0
0,0.5910695614534944,749.4089304385465,0.26183669003213256,0.09833135180915409,-0.18855622297806762,0,0,0
0,297.3155348544823,452.6844651455177,0.2791742603980653,0.11988595659596102,-0.15181950830400864,0,0,0
0,990.9983975622249,240.9983975622249,0.17821626408537838,0.07757877564230416,-0.29085396747498676,0,0,0
0,227.97420738972406,522.025792610276,0.0,0.05468062911951632,-0.4896785634308742,0,0,0
0,494.35974500874033,255.64025499125967,0.0,0.04575136663178117,-0.49771489966983584,0,0,0
0,339.5630827011937,410.4369172988063,0.13891628237902143,0.07973560630910985,-0.32821280158121857,0,0,0
0,483.8597425710021,266.1402574289979,0.2639494330238556,0.09731954879351662,-0.1873541027004183,0,0,0
0,604.1348748911113,145.86512510888872,0.0,0.1223986997586537,-0.42873229985565053,0,0,0
0,923.1036340092468,173.10363400924678,0.18856837077105232,0.12933955269410874,-0.2339171614426887,0,0,0
0,366.95065827011575,383.04934172988425,0.0,0.12464062851402322,-0.426714563975818,0,0,0
0,75.11766113120987,674.8823388687902,0.292175488327494,0.011872157688766621,-0.23603069939105492,0,0,0
0,314.57103655538145,435.42896344461855,0.32854330928305503,0.10051671127004846,-0.11988278021234022,0,0,0
0,489.26089791507854,260.73910208492146,0.19060482487431699,0.0517616317612632,-0.301700836178985,0,0,0
0,827.1763142084311,77.17631420843111,0.3392166006497276,0.0679992793927143,-0.13847517753526845,0,0,0
0,967.3341622417223,217.3341622417223,0.09373251190694852,0.05796118429653557,-0.3929935518646084,0,0,0
0,317.7447697253558,432.2552302746442,0.2474069320522035,0.1642239912365458,-0.14368260547334416,0,0,0
0,512.719202873996,237.28079712600402,0.23027753460738398,0.04048888808786103,-0.27217359575197997,0,0,0
0,972.7106169338881,222.7106169338881,0.2958431126037221,0.10245706245457564,-0.1508366608255987,0,0,0
0,813.7029064466988,63.70290644669876,0.0,0.10390514458664975,-0.4453764995104541,0,0,0
0,910.4564408884572,160.45644088845722,0.3810157223332048,0.12279957630950394,-0.04735578862668055,0,0,0
0,482.70789557972984,267.29210442027016,0.3332558175479199,0.19994006968175523,-0.025689249376939283,0,0,0
0,294.7797763155563,455.2202236844437,0.394117588824876,0.07229829188787103,-0.07970507811447891,0,0,0
0,81.2108915126154,668.7891084873846,0.0011897488717097504,0.10311956727924496,-0.44489377021540866,0,0,0
0,457.1373120581483,292.8626879418517,0.0,0.05802004653539389,-0.48667308775658435,0,0,0
0,890.5764029205185,140.5764029205185,0.23946053814293172,0.16772928186214364,-0.14847423781957791,0,0,0
0,776.6024581262408,26.602458126240776,0.252845114265591,0.08231084732816801,-0.2119662527774967,0,0,0
0,945.4571715341442,195.4571715341442,0.09381270949578069,0.14125174385849362,-0.31795185067001397,0,0,0
0,236.44766200422583,513.5523379957742,0.11614498587740225,0.08375488533538943,-0.3473667469591861,0,0,0
0,337.7621251920434,412.2378748079566,0.21298149126848256,0.16318590994884843,-0.1790423194159927,0,0,0
0,279.0573931576592,470.9426068423408,0.0,0.05594530826598202,-0.48854035219905506,0,0,0
0,873.7186397181437,123.71863971814366,0.2535583971319979,0.18728945382828846,-0.11677222406098137,0,0,0
0,686.4812912548826,63.51870874511735,0.18498028332522937,0.10637032728642397,-0.25817755175542795,0,0,0
0,888.8799078276261,138.87990782762608,0.10337773714496656,0.13069615945948554,-0.31788684897993535,0,0,0
0,674.2638496055329,75.73615039446713,0.07563855911134496,0.15196784568351113,-0.3264815094119339,0,0,0
0,665.2440529803322,84.75594701966781,0.3280799748768921,0.12982590467933436,-0.09396784055014584,0,0,0
0,976.8173864087838,226.81738640878382,0.052687800279560326,0.06741214271164167,-0.42553240091840105,0,0,0
0,672.7247672905231,77.27523270947688,0.18104206767537515,0.08776624931175606,-0.27885943758248327,0,0,0
0,880.9084757658284,130.90847576582837,0.15762340263682567,0.09537707919320791,-0.2954283557277261,0,0,0
0,601.8142800785024,148.1857199214976,0.5240157407297827,0.08581728850177195,0.06236017074293865,0,0,0
0,204.63988013954204,545.360119860458,0.0,0.10106333130045371,-0.4479341314680305,0,0,0
0,332.12966206150173,417.87033793849827,0.23056348447483088,0.1755958645962065,-0.15029136702702217,0,0,0
0,859.9486463965144,109.94864639651439,0.40209159131118494,0.015164498445618735,-0.1231514897261971,0,0,0
0,402.77659118944587,347.22340881055413,0.1946717535988217,0.11683198427340134,-0.23907059019355598,0,0,0
0,161.15646464728718,588.8435353527128,0.36900390307861686,0.10070474740544842,-0.07925295389491843,0,0,0
0,251.62356225243198,498.37643774756805,0.23923234329166906,0.1369517437142105,-0.17640221700398034,0,0,0
0,989.1909012782342,239.19090127823415,0.07741042116346253,0.0,-0.46148070847497635,0,0,0
0,549.011008718401,200.98899128159906,0.31901065262301803,0.1601696497959498,-0.075727792199066,0,0,0
0,399.9334987996485,350.0665012003515,0.08471302437019651,0.1372261101541496,-0.3306746061295077,0,0,0
0,272.7168772198364,477.2831227801636,0.3126695588290249,0.09525045118030126,-0.14049616474714283,0,0,0
0,803.6487836530785,53.64878365307845,0.21641812121553147,0.08869431235869607,-0.24264812730008095,0,0,0
0,852.0358673060819,102.03586730608185,0.4574038326593307,0.09736752823884721,0.006143478435854277,0,0,0
0,350.63089340956446,399.36910659043554,0.13157484801658498,0.0483027856948362,-0.3638437744965013,0,0,0
0,479.91233028868976,270.08766971131024,0.15880277560665612,0.13557756336030646,-0.2580685470075069,0,0,0
0,882.4381829204814,132.43818292048138,0.4217853496689037,0.1458467360264285,0.01415628245425049,0,0,0
0,797.1368863040636,47.13688630406364,0.0,0.13748342308282474,-0.4151560488638966,0,0,0
0,87.8570969771092,662.1429030228908,0.3283565107040175,0.11365569303730404,-0.10824449520084778,0,0,0
0,805.1588827208675,55.158882720867496,0.2740109624044784,0.04743013179725104,-0.22219304861643452,0,0,0
0,118.30375385384839,631.6962461461516,0.32194718903816816,0.026921373571284643,-0.19271470438611454,0,0,0
0,711.0836418493542,38.916358150645806,0.3613571220345207,0.05664326451634377,-0.1265550695392088,0,0,0
0,536.5980286694302,213.40197133056984,0.026109829559606917,0.08615864013700619,-0.43523852395552637,0,0,0
0,181.37462970283548,568.6253702971645,0.3660667464561823,0.16404595339682193,-0.02518302512511683,0,0,0
0,377.6057413180982,372.3942586819018,0.3913112160831813,0.15400073277412724,-0.008979254058543051,0,0,0
0,752.1754867560411,2.1754867560410958,0.2464556735301624,0.12947835270933086,-0.17590493866987872,0,0,0
0,661.2753170718858,88.72468292811425,0.5443500981999478,0.05503836015394577,0.054993492700060154,0,1,0
0,699.213204683025,50.78679531697503,0.31903578349699624,0.17744975097070956,-0.060150570267804016,0,0,0
0,818.7957428038607,68.79574280386066,0.0008127050766471022,0.21012561064088675,-0.3489653749849937,0,0,0
0,815.4152509277242,65.41525092772417,0.26752119233435545,0.08266270665415398,-0.19697350131534486,0,0,0
0,471.51148784593,278.48851215407,0.0885451200514704,0.08095338976991974,-0.37748795879404073,0,0,0
0,316.0188655558036,433.9811344441964,0.29894541877385217,0.09722422789400857,-0.15244390575997901,0,0,0
0,549.9728529300212,200.0271470699788,0.3151178190241488,0.04842325228098082,-0.18019238356140732,0,0,0
0,48.30095631534937,701.6990436846506,0.10018071378527846,0.05265077909724515,-0.3913247146656398,0,0,0
0,238.47355134700976,511.5264486529902,0.08521202008812583,0.11458582828837117,-0.350551864090779,0,0,0
0,648.4497281131771,101.55027188682288,0.5836162657136841,0.051482056792438224,0.09105898718843963,1,1,0
0,180.34158726404303,569.658412735957,0.2855737439047813,0.0669857254376914,-0.1930302328397353,0,0,0
0,597.7872695215871,152.21273047841294,0.3342710361273781,0.12607792471530938,-0.09114996126728236,0,0,0
0,402.3198781495615,347.6801218504385,0.29455552568366783,0.13376352180825724,-0.12394843432733954,0,0,0
0,291.38061956195315,458.61938043804685,0.14735175176285226,0.1614987287575418,-0.24619052199379898,0,0,0
0,717.9005510180813,32.09944898191873,0.21851174914534024,0.08668306137321086,-0.24236462525720887,0,0,0
0,893.0530611029083,143.05306110290826,0.03987892703973003,0.0,-0.4990122025987088,0,0,0
0,894.4343220912368,144.43432209123682,0.23987927910015674,0.17440704220258918,-0.14204551255595188,0,0,0
0,757.4256244231307,7.425624423130671,0.01601371432988255,0.060276195128757676,-0.46862883969267444,0,0,0
0,908.7318981195652,158.73189811956524,0.12241563573119922,0.1602540480590444,-0.2722468506540997,0,0,0
0,478.21790588881606,271.78209411118394,0.17711463976778713,0.14349063941717577,-0.23263491439519357,0,0,0
0,604.8318876652116,145.16811233478836,0.0,0.0103723866711182,-0.5295559816344325,0,0,0
0,423.51437857188944,326.48562142811056,0.1879458280430466,0.09069529179271213,-0.2693195389819514,0,0,0
0,822.8495410485664,72.84954104856638,0.11827104598551155,0.1134165795772698,-0.3185451620333845,0,0,0
0,925.2865238776075,175.28652387760746,0.10155614279604058,0.025595076541822817,-0.4142994179547578,0,0,0
0,704.617073774122,45.38292622587801,0.04494285023682176,0.18074817353626926,-0.3312749232189748,0,0,0
0,1.6833594743710378,748.3166405256289,0.0,0.0652026050955131,-0.4802087850524771,0,0,0
0,960.1462029561799,210.14620295617988,0.07542678366798168,0.08692535899025307,-0.38523152287922946,0,0,0
0,271.17275804580976,478.82724195419024,0.2880197322619304,0.09993057309248893,-0.16093388159326844,0,0,0
0,164.64885505391925,585.3511449460807,0.2994507274238371,0.08584509686657735,-0.16217981503468215,0,0,0
0,176.32345989268384,573.6765401073162,0.11418410889760827,0.09522731848078432,-0.3390024341081247,0,0,0
0,794.4383278910246,44.43832789102464,0.3165584094522172,0.1297726814824059,-0.10553730685205637,0,0,0
0,552.6270530863508,197.37294691364923,0.12874035585774024,0.07267352446661454,-0.34474460176074556,0,0,0
0,875.2547060439275,125.25470604392751,0.32682436010121474,0.11635397188635306,-0.10734819483950642,0,0,0
0,544.8360738074188,205.16392619258124,0.0,0.1555461572446917,-0.39889958811821635,0,0,0
0,300.39569471927774,449.60430528072226,0.317162332798562,0.10685389105022676,-0.1255602948946728,0,0,0
0,27.09939953764917,722.9006004623508,0.11664943502757608,0.10242648495801236,-0.3300578581486517,0,0,0
0,912.5273620328998,162.52736203289976,0.23149930705525518,0.09286555293948903,-0.22381282493764354,0,0,0
0,473.15845147735837,276.84154852264163,0.19888368916531265,0.07595434697828349,-0.2716485281926711,0,0,0
0,851.1382063771619,101.13820637716185,0.348423612363265,0.11423209307248748,-0.08765863350993514,0,0,0
0,863.6488909706352,113.6488909706352,0.16477641884292848,0.0009136394720828112,-0.3732924352706359,0,0,0
0,623.5042068757375,126.49579312426249,0.5692789322919272,0.1356338955955378,0.1524583086894723,0,1,0
0,605.6732590755746,144.3267409244254,0.049954855058855524,0.10972617536347251,-0.3901827167524581,0,0,0
0,315.29083618438494,434.70916381561506,0.27157538213663374,0.0992824924084837,-0.1779615043341698,0,0,0
0,907.4734164109437,157.47341641094374,0.05726100924747188,0.073679844538658,-0.4153182603061748,0,0,0
0,376.80751218443766,373.19248781556234,0.04251987045775715,0.0,-0.4963712591806817,0,0,0
0,277.009955866624,472.990044133376,0.31365595444912037,0.16770446379888077,-0.07430115777032581,0,0,0
0,736.6964118456708,13.30358815432919,0.36664539978902677,0.09132239068859466,-0.09005557822967691,0,0,0
0,63.98710314015843,686.0128968598416,0.26135670572052105,0.07678350646275561,-0.2084292681014378,0,0,0
0,968.0858671096975,218.08586710969746,0.04474604348485947,0.18159870951719503,-0.33070624758810385,0,0,0
0,563.6691766403814,186.33082335961865,0.1716902817732834,0.11785137928826617,-0.2611346065057159,0,0,0
0,693.1704074117123,56.82959258828771,0.6606898302605019,0.09029680113520383,0.20306582164374642,1,1,0
0,801.770607743589,51.77060774358904,0.23215917845625672,0.16887652576152307,-0.15474307799681142,0,0,0
0,106.15486995730905,643.8451300426909,0.016390521855775303,0.10227995437387355,-0.4304486488461774,0,0,0
0,176.73091228458438,573.2690877154156,0.10201032587284069,0.09729901233215169,-0.3493116926666617,0,0,0
0,834.3823122899087,84.38231228990867,0.08249891821417533,0.18304136653800748,-0.2916549815400568,0,0,0
0,305.54904558154306,444.45095441845694,0.07941030428268296,0.14282959335207224,-0.3309341913388909,0,0,0
0,741.042502259583,8.957497740417011,0.3081657446410926,0.0962970356593178,-0.1440580529039603,0,0,0
0,93.98637845565494,656.013621544345,0.0,0.08955002097102839,-0.4582961107645133,0,0,0
0,526.2487373917617,223.75126260823833,0.1621828863819701,0.14029991159570268,-0.2504383228203364,0,0,0
0,316.2751743900398,433.7248256099602,0.014900362394617478,0.1770248820343565,-0.36466837341290054,0,0,0
0,488.98284545445813,261.01715454554187,0.21465210026889275,0.046961576434889955,-0.2819736105781452,0,0,0
0,852.4199017767414,102.41990177674143,0.24557154049599839,0.09769699732961158,-0.20539229154579008,0,0,0
0,551.887471478573,198.11252852142695,0.18081812275411085,0.12403788637938794,-0.24643890914287891,0,0,0
0,306.5644814249733,443.4355185750267,0.0584250165635172,0.17912690503813206,-0.3192518985406028,0,0,0
0,822.3385634725081,72.3385634725081,0.1083479829188484,0.12813044735443527,-0.3152257441005987,0,0,0
0,740.7758336460716,9.224166353928354,0.3047959465582417,0.17313655351454102,-0.07827228491711025,0,0,0
0,743.1933696193084,6.8066303806915585,0.1785492723312725,0.16335127332209015,-0.21332571131728528,0,0,0
0,206.8744792051398,543.1255207948602,0.0,0.08112983109274499,-0.46587428165496836,0,0,0
0,40.90819666358281,709.0918033364172,0.1782641427446276,0.12359790494819978,-0.2493888724404315,0,0,0
0,666.7559474974723,83.24405250252767,0.23247946017836196,0.11410989631260528,-0.20371276277873218,0,0,0
0,786.8572146821588,36.85721468215877,0.01683807930650799,0.04727353083700016,-0.4795068725786307,0,0,0
0,687.7999215238383,62.20007847616171,0.0,0.10456510612844493,-0.4447825341228384,0,0,0
0,823.6927232066738,73.6927232066738,0.3531564413682064,0.125321440319486,-0.07294539198269506,0,0,0
0,770.4663311377622,20.466331137762154,0.15827831344721785,0.18536318487376088,-0.21378594980483623,0,0,0
0,46.74457005128774,703.2554299487123,0.28494835426072784,0.04298635240968767,-0.21525505820899216,0,0,0
0,866.1131188767248,116.1131188767248,0.22770303462605912,0.1264997578581668,-0.19733831294002963,0,0,0
0,904.5877933484106,154.58779334841063,0.025937890092336546,0.13745302676437537,-0.3892455154581645,0,0,0
0,856.8702335445298,106.87023354452981,0.4022450998955616,0.0970670391699411,-0.049285694489930254,0,0,0
0,551.681777282826,198.31822271717397,0.20829638097845168,0.011660681203636364,-0.32010013557671446,0,0,0
0,675.4329811456778,74.56701885432221,0.24650045286661582,0.14282873723026399,-0.16384481326458544,0,0,0
0,104.13468184411379,645.8653181558863,0.5170733648774921,0.13970680255928966,0.10391835754241396,0,0,0
0,477.5722358704624,272.4277641295376,0.18418940401907413,0.03658138971662496,-0.32177847487440225,0,0,0
0,730.6513993886321,19.348600611367942,0.2681358407071046,0.08227596529242423,-0.19670692016815244,0,0,0
0,614.769687549464,135.23031245053596,0.0,0.19019007572111074,-0.3677200614894392,0,0,0
0,920.5317280418102,170.5317280418102,0.05854912868813106,0.11967334127346993,-0.3726359938041849,0,0,0
0,980.9241031959167,230.9241031959167,0.21368620715795408,0.046890766815946984,-0.2830032323461325,0,0,0
0,348.01759241687256,401.98240758312744,0.264131478472994,0.11377725258877455,-0.17236012383554777,0,0,0
0,573.5261829177052,176.47381708229477,0.33236664379971337,0.2398205139962705,0.009313976757917897,1,0,1
0,628.2203873768435,121.77961262315648,0.18605663256743724,0.027184853857342983,-0.32836812859939296,0,0,0
0,770.9578107836081,20.957810783608124,0.0,0.13629229546613852,-0.4162280637189142,0,0,0
0,713.4332468303321,36.56675316966789,0.0,0.04380041248141439,-0.4994707584051659,0,0,0
0,389.25572810424404,360.74427189575596,0.2200826131484837,0.1647071631288598,-0.1705720696739813,0,0,0
0,94.79512115547406,655.204878844526,0.33265144928330936,0.14420721339392556,-0.0764531883005965,0,0,0
0,129.243825009147,620.756174990853,0.23382321909683967,0.09459526884920533,-0.2199321685773144,0,0,0
0,183.09309689732046,566.9069031026795,0.13080939456276935,0.10988319112758717,-0.3091868630608411,0,0,0
0,814.4035094894818,64.40350948948185,0.5133202063940407,0.0517282011385444,0.020984457780291788,0,0,0
0,480.4322662750563,269.5677337249437,0.29059453276482816,0.003827187223733028,-0.244852128372251,0,0,0
0,383.3731677816977,366.6268322183023,0.27918427021946535,0.13560656997077775,-0.13766094644527355,0,0,0
0,290.5746742676284,459.4253257323716,0.4271676049409331,0.14719396741238286,0.02075104597363875,0,0,0
0,301.562677446502,448.437322553498,0.21970696609167248,0.14088669971635218,-0.19238613380204944,0,0,0
0,250.54313703893948,499.45686296106055,0.1991830832910568,0.10918522767910671,-0.241441341436186,0,0,0
0,320.5940036659203,429.4059963340797,0.14490941499887552,0.10079910751416196,-0.30326251787681757,0,0,0
0,764.4612033801845,14.461203380184543,0.007957200768797856,0.13307718951052944,-0.4111644583101645,0,0,0
0,711.5434169335449,38.456583066455096,0.4180140260797821,0.14097181998905453,0.005997534431492313,0,0,0
0,759.9989847956921,9.998984795692081,0.26433487614277423,0.03793117374499775,-0.24041819712516665,0,0,0
0,183.5865209545834,566.4134790454166,0.334986721508369,0.1618997915904643,-0.05819459569865204,0,0,0
0,518.4657708364921,231.53422916350792,0.37955706903891784,0.09636916016858878,-0.07260181644779112,0,0,0
0,864.2653155902641,114.2653155902641,0.14809843404649065,0.08440391497159622,-0.31482917211751166,0,0,0
0,8.986401767114959,741.013598232885,0.15179487739992276,0.04848735727812007,-0.34345763068820806,0,0,0
0,392.1238876222889,357.8761123777111,0.2001731997430628,0.033784708955059375,-0.30831169183582263,0,0,0
0,805.2262567463148,55.22625674631479,0.16512221303465224,0.1442263267984493,-0.24396522248518226,0,0,0
0,484.7120958027654,265.2879041972346,0.10437272622525556,0.14558079714937622,-0.3034956859787447,0,0,0
0,803.2031111727358,53.20311117273582,0.21242874450287633,0.12053274149298264,-0.21798291779187817,0,0,0
0,234.82852063595772,515.1714793640423,0.37784108046261683,0.06799278424715041,-0.09985654335338667,0,0,0
0,651.1963609206852,98.80363907931485,0.2836098223425715,0.09740582138389034,-0.1676160680503661,0,0,0
0,113.80494698365906,636.1950530163409,0.2925205636335418,0.01853401282437335,-0.2296899544629611,0,0,0
0,11.611162036529787,738.3888379634702,0.38643872075071295,0.1963400224603904,0.0242536113266254,0,0,1
0,645.5662998783355,104.43370012166451,0.3464815125160353,0.0009402378610237488,-0.1915634030474822,0,0,0
0,760.3062971932276,10.306297193227579,0.0,0.06187558225940812,-0.4832031056049716,0,0,0
0,268.996162603513,481.003837396487,0.3013685728614829,0.04624297620959758,-0.19590387818831817,0,0,0
0,794.1670158763238,44.16701587632383,0.2258009944267999,0.09874265815210959,-0.22422174287474034,0,0,0
0,13.90155485343547,736.0984451465645,0.574019924199423,0.022836992376005755,0.055682087699389315,1,1,0
0,318.3216868746023,431.6783131253977,0.24508973383438723,0.1433346557314952,-0.16480020564570597,0,0,0
0,740.6481253344359,9.351874665564083,0.14312520257871658,0.14858943159873328,-0.2620354386208623,0,0,0
0,502.8447733981648,247.15522660183518,0.17935049999763047,0.14233164200501347,-0.23144215183629624,0,0,0
0,228.15148867804146,521.8485113219585,0.0,0.05286663388999759,-0.49131115913744106,0,0,0
0,514.9520524532555,235.04794754674447,0.006459494493086915,0.012518538704217624,-0.5211649503115561,0,0,0
0,706.6035567109202,43.3964432890798,0.02957471633645231,0.11738686361630957,-0.40366823604730795,0,0,0
0,0.2831342280470439,749.7168657719529,0.038858277467848784,0.04232480763371214,-0.4619405253002492,0,0,0
0,293.297339003555,456.702660996445,0.055213958554196335,0.050813596237814035,-0.4379449344702099,0,0,0
0,270.55059551915616,479.44940448084384,0.4504643936589109,0.09815155233744113,-9.033887583098643e-05,0,0,0
0,780.0842902657442,30.084290265744244,0.3369307643864921,0.0,-0.20196036525194677,0,0,0
0,659.7223312401728,90.27766875982718,0.019757404521260652,0.14591786355060715,-0.3878076479216318,0,0,0
0,421.8638445505447,328.1361554494553,0.1945890116936033,0.07432285794595433,-0.2774115457934767,0,0,0
0,886.2195223228214,136.21952232282138,0.006749712294173427,0.09592453110822607,-0.44580933934686195,0,0,0
0,911.3588319284464,161.35883192844642,0.40732734798247294,0.1951073037280775,0.04403279169930385,0,0,1
0,418.9741261060586,331.0258738939414,0.1798282604164318,0.04838509362456198,-0.3155162849599013,0,0,0
0,864.7118607891284,114.71186078912842,0.2419579531336022,0.06957383827242501,-0.23431672205965415,0,0,0
0,976.0748640454126,226.0748640454126,0.5245614752013267,0.16485174854640838,0.13403691925465533,0,0,1
0,777.9205876683056,27.920587668305643,0.39511906894343446,0.17804211670378361,0.016465844338400815,0,0,1
0,67.45873815159997,682.5412618484,0.23705593760289462,0.1075276459859187,-0.20506031064821745,0,0,0
0,528.196059011081,221.80394098891895,0.1065786248165075,0.16510130458355093,-0.28372133069673555,0,0,0
0,86.6333114684682,663.3666885315318,0.3434533157934231,0.028752902836729904,-0.16956020129195887,0,0,0
0,150.91235622710298,599.0876437728971,0.2791709008085338,0.10840775377598547,-0.16215325043151818,0,0,0
0,703.5457330024344,46.45426699756558,0.1261317045596061,0.06638397759343115,-0.3530138452447448,0,0,0
0,919.5931032895676,169.59310328956758,0.13582127302471464,0.09128770347080606,-0.3209109234899988,0,0,0
0,857.067644977837,107.06764497783695,0.0366768461912389,0.004854479058098937,-0.49784525229491094,0,0,0
0,296.9704359563999,453.0295640436001,0.032582664221173924,0.1058750757077847,-0.4110208972802587,0,0,0
0,482.03258089073796,267.96741910926204,0.08677371556528256,0.18240336744461166,-0.28795438337300583,0,0,0
0,889.0984960582362,139.09849605823615,0.3069910078393331,0.13935421496127484,-0.1064813283339584,0,0,0
0,263.58211443868953,486.41788556131047,0.33550340539067697,0.12044755652089369,-0.09498492337895759,0,0,0
0,269.0578641558162,480.9421358441838,0.41442016563168893,0.1490605478988364,0.009683529102202826,0,0,0
0,481.37157630527827,268.62842369472173,0.281133931977368,0.05358901960758347,-0.20952708001424575,0,0,0
0,970.8588823070833,220.85888230708326,0.3793487418736699,0.04517744868813983,-0.1188826839454431,0,0,0
0,89.57725942217898,660.4227405778211,0.17403659436401142,0.1718085497083614,-0.21022684053690222,0,0,0
0,592.0655573385922,157.93444266140784,0.42882390302504403,0.062008552475149394,-0.0542595293857604,0,0,0
0,204.51721285446655,545.4827871455334,0.6398230963638647,0.15824191704384571,0.243349692064887,1,1,1
0,23.66436000123029,726.3356399987697,0.4169372825649458,0.11870297289217868,-0.015121171470532269,0,0,0
0,763.967851597564,13.96785159756405,0.3132050913782587,0.09405602744216124,-0.14103561356223504,0,0,0
0,750.6623647232856,0.6623647232855774,0.2757598685479654,0.18135549970337356,-0.09991131135743725,0,0,0
0,744.7189815206814,5.281018479318618,0.14138682088815913,0.053015469648182115,-0.3497903860669158,0,0,0
0,318.702232555808,431.297767444192,0.3536226493479915,0.06791167600603265,-0.12414797188501803,0,0,0
0,220.54148513934047,529.4585148606595,0.4469714347559096,0.15511723194547364,0.04768581386839699,0,0,1
0,278.7034203742124,471.2965796257876,0.28970777182550106,0.0,-0.24918335781293782,0,0,0
0,742.327094489927,7.672905510072951,0.0,0.06599330071521248,-0.47949715899474765,0,0,0
0,385.46644190691535,364.53355809308465,0.13839043778436,0.1258040767493347,-0.28727702277967765,0,0,0
0,974.9764106835207,224.97641068352073,0.0,0.07145225787470745,-0.4745840975512022,0,0,0
0,27.671961635531982,722.3280383644681,0.2682089319509999,0.05111474016817244,-0.22467893153608381,0,0,0
0,183.1197738128615,566.8802261871385,0.2745913098817832,0.1898043637587844,-0.0934758923737497,0,0,0
0,241.1698658824657,508.83013411753427,0.29937395740185513,0.11827855170741383,-0.1330664756999113,0,0,0
0,413.6048562376897,336.3951437623103,0.09378389862608005,0.11712194197385974,-0.33969748323588506,0,0,0
0,470.5422352223217,279.4577647776783,0.05902687349764535,0.08829205659411901,-0.4004014052060864,0,0,0
0,609.9814322232464,140.01856777675357,0.4113649672933244,0.12285141157951976,-0.016959891923546744,0,0,0
0,483.8119468551547,266.1880531448453,0.26648757157003744,0.028285984376435827,-0.24694617212960918,0,0,0
0,86.28727693270943,663.7127230672905,0.19711556136388642,0.12725749165671996,-0.2272438257835045,0,0,0
0,543.0348527362577,206.96514726374232,0.08619392746086675,0.04336340679816311,-0.4136701360592253,0,0,0
0,655.7776978747139,94.22230212528609,0.0,0.06449778100515087,-0.4808431267338031,0,0,0
0,313.87851037416283,436.12148962583717,0.0,0.13531137954507602,-0.41711088804787044,0,0,0
0,64.58605538799821,685.4139446120018,0.4657269089126335,0.05942639729214591,-0.019680463162874084,0,0,0
0,592.6399915232389,157.3600084767611,0.3274157113851027,0.10228490313218502,-0.11941900543436962,0,0,0
0,817.1214479991736,67.1214479991736,0.16545576021847255,0.10765771120172292,-0.2765434293384157,0,0,0
0,222.00179853874204,527.998201461258,0.039612166149187805,0.1301864459734176,-0.3821111621131752,0,0,0
0,356.3153865382094,393.6846134617906,0.26511641100145283,0.12132088421015681,-0.1645859228478449,0,0,0
0,97.88539250646345,652.1146074935366,0.33461410603443076,0.12900521498446738,-0.08817233011798747,0,0,0
0,606.7097047679408,143.29029523205918,0.40330121602538493,0.09857157296798509,-0.04687549794186735,0,0,0
0,867.6262144648338,117.62621446483377,0.2647997590310022,0.0977521550490747,-0.18611443106326941,0,0,0
0,197.7446238647317,552.2553761352683,0.0,0.05402998330280775,-0.4902641446659119,0,0,0
0,826.7107895630849,76.71078956308486,0.02197803823685021,0.06604419647655937,-0.45747331457268525,0,0,0
0,12.82235871225268,737.1776412877473,0.09228695387054545,0.11589514532020356,-0.34229854497971024,0,0,0
0,255.12479176512525,494.8752082348748,0.01732448162221617,0.13445359321460518,-0.400558414123078,0,0,0
0,358.5315794380216,391.4684205619784,0.0,0.10538404656004241,-0.4440454877344007,0,0,0
0,967.7892010264532,217.78920102645316,0.13527271356581672,0.1585487396707454,-0.2609245503689513,0,0,0
0,622.6864589963889,127.31354100361114,0.2784949773576857,0.14773563894830632,-0.1274340772272775,0,0,0
0,324.58455818847585,425.41544181152415,0.18828760239268091,0.08584475244924754,-0.27334325004143517,0,0,0
0,453.1916831174633,296.8083168825367,0.10075811625978574,0.10750577865120525,-0.3413778125925684,0,0,0
0,382.764099691139,367.235900308861,0.22540945695815834,0.04354468922032184,-0.2742914523819909,0,0,0
0,481.6394626256988,268.3605373743012,0.08101299185256926,0.020633409721798196,-0.43930806903625125,0,0,0
0,908.7236209969697,158.72362099696966,0.35042329305446973,0.17062445627700315,-0.03490582593466629,0,0,0
0,129.48393382939548,620.5160661706045,0.35495187976942655,0.060217726622228226,-0.1297432959090069,0,0,0
0,36.36934563238947,713.6306543676105,0.3900560035290993,0.11013374422267859,-0.049714756308928854,0,0,0
0,969.3606628667175,219.36066286671746,0.21051754777587636,0.13205627105589005,-0.2095229379122615,0,0,0
0,263.18453052738056,486.81546947261944,0.26770945987407513,0.13410684398478356,-0.15048551017805856,0,0,0
0,689.8096538340367,60.19034616596332,0.35324578602494555,0.07968924255388606,-0.11392502531499588,0,0,0
0,22.275721754741795,727.7242782452582,0.25344177431244225,0.12032432189044688,-0.17715746562459445,0,0,0
0,174.21498930345524,575.7850106965448,0.6278206738139205,0.05154592233553328,0.13532087427746153,1,1,0
0,97.16625971689807,652.833740283102,0.26962618336684385,0.019119230654407515,-0.25205763868262826,0,0,0
0,674.8263462861731,75.17365371382687,0.3408409173889885,0.004669028464441921,-0.1938480866314527,0,0,0
0,6.438181832010281,743.5618181679897,0.1931793742014479,0.19294469208628576,-0.17206153255933376,0,0,0
0,939.6369826982434,189.6369826982434,0.08744675565774976,0.07045014111124177,-0.3880392469805715,0,0,0
0,958.1352397593753,208.13523975937528,0.0,0.06126185873858537,-0.48375545677371207,0,0,0
0,66.88212058603004,683.11787941397,0.0,0.1602072319597007,-0.39470462087470826,0,0,0
0,983.0983705936663,233.09837059366635,0.166795882673358,0.0674090844199344,-0.31142707098713995,0,0,0
0,678.8640974952451,71.13590250475488,0.0,0.0949127729384987,-0.45346963399379003,0,0,0
0,175.21691366418034,574.7830863358197,0.3489570181001704,0.0348552893432003,-0.15856435112938821,0,0,0
0,833.9206505037712,83.92065050377118,0.2574947017146814,0.0810724460682762,-0.20843122646230888,0,0,0
0,290.7791341086923,459.2208658913077,0.2931379585403345,0.16011183195516576,-0.10165252233845523,0,0,0
0,477.2711010028726,272.7288989971274,0.0,0.12079174851550743,-0.4301785559744822,0,0,0
0,789.763471403547,39.76347140354699,0.0,0.0,-0.5388911296384389,0,0,0
0,678.7330513384848,71.26694866151524,0.08964302889930266,0.1092951639745498,-0.35088245316204136,0,0,0
0,441.8792636608647,308.1207363391353,0.1905201413746318,0.06608541202644871,-0.28889411744000326,0,0,0
0,462.5049144951865,287.4950855048135,0.24532605269610352,0.09720325933305275,-0.20608214354258786,0,0,0
0,253.9914820188881,496.00851798111194,0.019624405194060335,0.11139327645406458,-0.4190127756357204,0,0,0
0,907.5673204469073,157.56732044690727,0.16866035548435393,0.05970864964590152,-0.3164929894727736,0,0,0
0,597.1292639565504,152.8707360434496,0.06960459302063685,0.05920398312274683,-0.4160029518073299,0,0,0
0,247.93889354295962,502.0611064570404,0.0,0.08841262274719357,-0.4593197691659647,0,0,0
0,84.63158456152786,665.3684154384721,0.2587208257682032,0.13599155496204798,-0.1577779044043925,0,0,0
0,114.65775030784353,635.3422496921564,0.2666052422318789,0.14857972894108168,-0.13856413135958645,0,0,0
0,737.3000300073576,12.699969992642423,0.0,0.10029785806849828,-0.4486230573767904,0,0,0
0,25.408717221090615,724.5912827789094,0.02924200317040604,0.11827634573491444,-0.4032004153066098,0,0,0
0,846.1863127731501,96.18631277315012,0.3471332730184701,0.11320746854128254,-0.08987113493281451,0,0,0
0,116.54359907402001,633.45640092598,0.04721088313872204,0.071511899777959,-0.42731953669955375,0,0,0
0,773.5048137808332,23.50481378083316,0.3722999461003481,0.12218480558678926,-0.05662485850998045,0,0,0
0,699.048181981221,50.95181801877902,0.30759919534215796,0.13586076716683954,-0.10901724384612532,0,0,0
0,815.6352204512208,65.63522045122079,0.21907280958924402,0.06750878254727957,-0.25906041575664324,0,0,0
0,587.8960006800972,162.10399931990275,0.40329545397117017,0.03209703507719984,-0.10670834409778884,0,0,0
0,451.7093569660979,298.2906430339021,0.0505087866677324,0.08885976132182447,-0.40840855778106444,0,0,0
0,157.72424146487575,592.2757585351243,0.4834667226242197,0.026464902205586935,-0.031605995029190925,0,0,0
0,497.01689241797055,252.98310758202945,0.10713433288005877,0.08523494579087,-0.3550453455465971,0,0,0
0,817.9965074079572,67.99650740795721,0.32675951380336127,0.04688073809006245,-0.1699389515540214,0,0,0
0,675.1980533708959,74.80194662910412,0.30927705648097614,0.16037234967093783,-0.08527895845361866,0,0,0
0,677.5789406731784,72.42105932682159,0.2911657576981049,0.09348480689723825,-0.16358904573281957,0,0,0
0,757.5061471046192,7.506147104619231,0.0,0.12641080633387553,-0.4251214039379509,0,0,0
0,434.4832043701701,315.5167956298299,0.18615996901135426,0.11499776419383276,-0.24923317285263513,0,0,0
0,443.82742616332314,306.17257383667686,0.6211572269858266,0.09751270524476985,0.17002753206768062,1,1,0
0,164.58856014891688,585.4114398510831,0.6587217559308068,0.08032013629206879,0.19211874895522985,1,1,0
0,795.1847513922954,45.184751392295425,0.18048433310093973,0.055948320044560455,-0.30805330849739476,0,0,0
0,105.27728756267484,644.7227124373252,0.0,0.10640445019400857,-0.4431271244638312,0,0,0
0,796.3586754615079,46.358675461507914,0.1635857008971479,0.10284645743275934,-0.28274361705180756,0,0,0
0,750.7227812726073,0.7227812726073353,0.36007087717984276,0.027236126700710586,-0.1543077384279566,0,0,0
0,665.4889528603735,84.5110471396265,0.5344689144063787,0.06147573242573832,0.05090594395110426,0,1,0
0,245.1365234374847,504.8634765625153,0.0,0.11054736120610692,-0.43939850455294266,0,0,0
0,367.5232305085228,382.4767694914772,0.0,0.11084983749931182,-0.4391262758890582,0,0,0
0,872.9737273588761,122.97372735887609,0.0,0.0,-0.5388911296384389,0,0,0
0,632.8967756866349,117.1032243133651,0.16710316250186874,0.0819292584834934,-0.2980516345014261,0,0,0
0,908.4484145694896,158.44841456948961,0.4192982160829988,0.12124461565801616,-0.010472759463225567,0,0,0
0,171.17217957539864,578.8278204246013,0.0730153882854496,0.12598291327479375,-0.3524911194056749,0,0,0
0,295.29866791019776,454.70133208980224,0.27742695112775245,0.1537138095715429,-0.12312174989629782,0,0,0
0,231.073738957293,518.926261042707,0.3995894750796237,0.03499415241160571,-0.10780691738837,0,0,0
0,894.3595497222367,144.3595497222367,0.521046552148085,0.17500877025647205,0.13966331574047097,0,0,1
0,90.6960045984636,659.3039954015364,0.1347571477286528,0.11953221592213925,-0.29655498757986076,0,0,0
0,739.685397146747,10.31460285325295,0.0,0.08113436987174122,-0.46587019675387176,0,0,0
0,177.5775534405313,572.4224465594687,0.0,0.1170719782949049,-0.43352634917302446,0,0,0
0,126.80236066976869,623.1976393302314,0.15741817586325452,0.17501637461942265,-0.223958216617704,0,0,0
0,185.2151150867687,564.7848849132313,0.010585881397255692,0.10054331005857131,-0.437816269188469,0,0,0
0,45.92364663402526,704.0763533659747,0.35479731780067003,0.07909012708554915,-0.11291269746077459,0,0,0
0,517.6199613743293,232.38003862567075,0.08415893271661953,0.11803619930810248,-0.34849961754452713,0,0,0
0,817.1968046730804,67.19680467308035,0.1431915514832182,0.13521466347467923,-0.2740063810280094,0,0,0
0,802.0469015207384,52.0469015207384,0.3377529776587663,0.08239317989776142,-0.12698429007168732,0,0,0
0,965.7755885184731,215.7755885184731,0.24882746525170713,0.11692975303663186,-0.18482688665376307,0,0,0
0,264.4649191206492,485.5350808793508,0.18630884157129954,0.19158680825975602,-0.18015416063335893,0,0,0
0,739.9750535619524,10.02494643804755,0.34934171642139206,0.08601348035660017,-0.11213728089610664,0,0,0
0,791.8350491764025,41.83504917640255,0.0,0.12135281257927098,-0.429673598317095,0,0,0
0,822.9433380620609,72.94333806206089,0.26272468679399336,0.0778162211469399,-0.20613184381219962,0,0,0
0,737.402851396956,12.597148603044047,0.025490872791598174,0.03833057960909231,-0.4789027351986576,0,0,0
0,566.3481500829004,183.65184991709964,0.040496765005784446,0.0045939950020381926,-0.49425976913082004,0,0,0
0,618.9753182074065,131.02468179259347,0.3969754771455377,0.010789733231711979,-0.1322048925843604,0,0,0
0,78.75246181634677,671.2475381836532,0.2188856822600977,0.07570341388116676,-0.25187237488529113,0,0,0
0,781.1475946052383,31.147594605238282,0.08973360553502008,0.10377624490242558,-0.35575890369123575,0,0,0
0,117.95084778357968,632.0491522164203,0.21346997947748247,0.2233193188440862,-0.12443376320127886,1,0,0
0,706.3049046561541,43.69509534384588,0.07210378603970924,0.011616919784682392,-0.4563321157925155,0,0,0
0,750.2258289477569,0.2258289477568951,0.49821575298738097,0.02427695501529885,-0.01882611713728899,0,0,0
0,980.2046366383837,230.2046366383837,0.4070184529132329,0.06071899139143233,-0.07722558447291689,0,0,0
0,624.171962899881,125.82803710011899,0.3518102368875494,0.16319880278770177,-0.040201970241957874,0,0,0
0,73.67607089098071,676.3239291090193,0.4602983776561701,0.13241836650087568,0.0405837778685193,0,0,0
0,155.83927492849747,594.1607250715025,0.0,0.13666313890808282,-0.41589430462116433,0,0,0
0,317.0893344252159,432.9106655747841,0.14996732033244187,0.03083980497778098,-0.3611679848259941,0,0,0
0,639.3658142185059,110.63418578149412,0.034548962289369295,0.03172539447658425,-0.47578931232014376,0,0,0
0,53.69017788999775,696.3098221100023,0.0,0.08769718326031595,-0.4599636647041545,0,0,0
0,888.6833919810318,138.68339198103183,0.4958539816602818,0.10675290315244879,0.05304046485904679,0,0,0
0,588.8951873169759,161.10481268302408,0.15159128862076768,0.1370311717462378,-0.2639717864460572,0,0,0
0,270.7456028213607,479.2543971786393,0.011797910114301646,0.08394126032782845,-0.4515460852290916,0,0,0
0,400.99884046483623,349.00115953516377,0.11240987102280395,0.15318400654741293,-0.2886156527229633,0,0,0
0,703.5961757639145,46.403824236085484,0.0,0.07155570595875728,-0.4744909942755573,0,0,0
0,730.938472740566,19.061527259434,0.4207799020675572,0.08524192851361523,-0.041393491908627955,0,0,0
0,361.946365488974,388.053634511026,0.29540192354492306,0.09034269878834883,-0.16218077718400187,0,0,0
0,335.0269309526881,414.9730690473119,0.18219124150435903,0.04898201106920032,-0.3126160781717996,0,0,0
0,803.6099460514444,53.60994605144435,0.47732281224425743,0.08635727220023555,0.01615322758603055,0,0,0
0,62.60896343545641,687.3910365645436,0.16297328322437007,0.14014928295433016,-0.24978349175517167,0,0,0
0,107.11288089567562,642.8871191043244,0.03969582318588388,0.061375416206579415,-0.4439574318666335,0,0,0
0,308.2407263961276,441.7592736038724,0.45970835425932244,0.1257919162468703,0.03402994924306679,0,0,0
0,40.91756265415658,709.0824373458435,0.5540935364925528,0.17149101437827158,0.1695443197945583,0,1,1
0,885.9999618345686,135.99996183456858,0.0986596139446167,0.09903503086379281,-0.3510999879164086,0,0,0
0,98.52695873181739,651.4730412681827,0.1266695895158131,0.12984241849155326,-0.29536336348022785,0,0,0
0,226.82511850856756,523.1748814914324,0.17634893890739517,0.1603870043241879,-0.2181938868392746,0,0,0
0,249.65598530625454,500.34401469374546,0.22853808317842464,0.02697601221859465,-0.28607463546327905,0,0,0
0,531.9485406471991,218.05145935280086,0.0,0.11394649248624086,-0.4363392864008221,0,0,0
0,941.0951488624884,191.09514886248837,0.034482010670628505,0.06633734680148193,-0.44470550684647664,0,0,0
0,65.32845074212979,684.6715492578702,0.0,0.09070084648208024,-0.4572603678045667,0,0,0
0,87.54685674755991,662.4531432524401,0.31712892682363303,0.09172229196898289,-0.13921214004272126,0,0,0
0,340.705756646465,409.294243353535,0.34673416767890586,0.13829601585463402,-0.06769054769036242,0,0,0
0,775.2511359394762,25.25113593947617,0.26187662016295427,0.120947483757487,-0.16816177409374633,0,0,0
0,863.5088338014614,113.50883380146138,0.19730429854402107,0.11130368574281344,-0.24141351392588573,0,0,0
0,176.36754338370608,573.6324566162939,0.2204212696711708,0.06014473930083953,-0.2643395945965125,0,0,0
0,494.22416934282023,255.77583065717977,0.1633776463950075,0.11402929400351253,-0.2728871186402701,0,0,0
0,212.2006005708439,537.7993994291561,0.14848048444099932,0.08656606912111156,-0.31250118298843915,0,0,0
0,934.2448748340402,184.24487483404016,0.38756423392374806,0.06009959544025145,-0.09723725981846454,0,0,0
0,18.608802351744114,731.3911976482559,0.20891349056184816,0.1530603710396085,-0.19222330514094305,0,0,0
0,669.8428567911562,80.15714320884376,0.3247565097505667,0.06877327589024186,-0.1522386715866545,0,0,0
0,636.6894716500008,113.31052834999923,0.07298412357271417,0.12254561469564099,-0.3556159528396478,0,0,0
0,262.2913339068816,487.7086660931184,0.08114891653247507,0.026569726619892445,-0.4338294591480606,0,0,0
0,163.924144630612,586.075855369388,0.2578419398005996,0.15062609555506568,-0.1454857038382802,0,0,0
0,278.0192766366846,471.9807233633154,0.34080831380640086,0.00619674861258751,-0.19250574208070925,0,0,0
0,32.116481799364436,717.8835182006355,0.2432754386519147,0.07633645124320723,-0.22691288486763767,0,0,0
0,982.4171897835677,232.41718978356766,0.021942723430803113,0.12709184465439163,-0.4025657460186833,0,0,0
0,260.5623789393446,489.4376210606554,0.0,0.04617598958501948,-0.4973327390119213,0,0,0
0,537.4461096374574,212.55389036254257,0.29502530988670816,0.10244383027015087,-0.15166637250859494,0,0,0
0,483.6264700092666,266.3735299907334,0.05014419572568135,0.10157692069649728,-0.39732770528591,0,0,0
0,682.0724513733051,67.92754862669494,0.2058714835496405,0.11420525085686768,-0.2302349203176175,0,0,0
0,12.260857981956086,737.7391420180439,0.0,0.060403919242500305,-0.4845276023201886,0,0,0
0,21.263041280795036,728.736958719205,0.20133446967581844,0.16464390296548848,-0.18937714729368083,0,0,0
0,406.24979143446507,343.75020856553493,0.19133021286532412,0.13329514222798328,-0.22759528876792978,0,0,0
0,578.6100512810906,171.3899487189094,0.20006168362926463,0.09041271917773055,-0.25745799874921677,0,0,0
0,903.183281996561,153.18328199656105,0.46165335762688403,0.117740175574569,0.02872838600555727,0,0,0
0,373.7683055622713,376.2316944377287,0.05631474733241798,0.0,-0.4825763823060209,0,0,0
0,325.9382335468823,424.0617664531177,0.250595449450317,0.10182225536073551,-0.19665565036345994,0,0,0
0,517.965649770447,232.03435022955296,0.13837207427506737,0.08441788756278427,-0.32454295655686566,0,0,0
0,481.3446808146701,268.6553191853299,0.35363357085111624,0.09928342941423554,-0.09590247231451066,0,0,0
0,620.8373600026753,129.16263999732473,0.0,0.15112455808323494,-0.40287902736352743,0,0,0
0,985.887000987626,235.88700098762604,0.10328993534959938,0.07652142566323591,-0.36673191119192716,0,0,0
0,549.3588036427225,200.64119635727752,0.0,0.08107371435016714,-0.46592478672328846,0,0,0
0,515.7300643153502,234.2699356846498,0.2833890391060978,0.06878928201257269,-0.19359173672102564,0,0,0
0,273.364839961987,476.635160038013,0.05823248852899032,0.15726502678460735,-0.3391201170033019,0,0,0
0,735.3467547999717,14.653245200028323,0.12622938433076683,0.039400797988920704,-0.3772010271176434,0,0,0
0,393.3814118669988,356.6185881330012,0.013696280559637591,0.09931941590572416,-0.43580737476364956,0,0,0
0,700.7181068676379,49.28189313236214,0.2707025973057301,0.22118732955663886,-0.0691199357317338,1,0,0
0,219.87129259256798,530.128707407432,0.5588887936881892,0.10439644175096044,0.11395446162561473,0,1,0
0,4.72956653288692,745.2704334671131,0.0,0.050668589191061486,-0.4932893993664835,0,0,0
0,112.21547193051451,637.7845280694855,0.08257736385216476,0.0817267651018826,-0.38275967719457976,0,0,0
0,246.85247645651165,503.1475235434883,0.4671556410084514,0.08637816161207716,0.006004856820881921,0,0,0
0,487.4044419480992,262.5955580519008,0.0,0.0948452884172103,-0.4535303700629496,0,0,0
0,148.6452414800311,601.3547585199689,0.18370662890715495,0.04868931321220735,-0.31136411884029735,0,0,0
0,362.1438156430726,387.8561843569274,0.17350288220305105,0.09758440838264218,-0.2775622798910099,0,0,0
0,679.3685138576138,70.63148614238617,0.24464972749717537,0.15909749641090104,-0.15105365537145254,0,0,0
0,610.4876964059666,139.51230359403337,0.26796917772277506,0.1641376949792314,-0.12319802643435557,0,0,0
0,120.71302965903085,629.2869703409691,0.22536984167708746,0.013537442245130149,-0.3013375899407343,0,0,0
0,444.4196240432328,305.5803759567672,0.3411536231832879,0.06480313719886857,-0.13941468297616927,0,0,0
0,497.75887829760137,252.24112170239863,0.3977443319957173,0.05225099705624743,-0.09412090029209891,0,0,0
0,370.3142054084565,379.6857945915435,0.10056028756630181,0.09228479542043311,-0.3552745261937473,0,0,0
0,648.9428784476873,101.05712155231265,0.4417156324608644,0.16945582436939027,0.055334744754876763,0,0,1
0,674.578420829995,75.42157917000497,0.1455776968458593,0.04208888981078909,-0.35543343196286936,0,0,0
0,260.8990856831509,489.1009143168491,0.0,0.1543992993854156,-0.39993176019156484,0,0,0
0,764.8004273652226,14.800427365222617,0.1397019102145981,0.13027884195156278,-0.2819382616674343,0,0,0
0,987.5352525009026,237.53525250090263,0.24135708035771203,0.13824984100505158,-0.17310919237618044,0,0,0
0,239.16954784301348,510.83045215698655,0.0545820575829849,0.06488831022218056,-0.42590959285549146,0,0,0
0,336.60685336412644,413.39314663587356,0.16995847753892734,0.034750532111378005,-0.33765717319927135,0,0,0
0,355.740164858226,394.259835141774,0.14641176341383688,0.21313354427018788,-0.20065917638143294,0,0,0
0,236.07211052748679,513.9278894725132,0.2758378078500844,0.11829694590932897,-0.15658607046995843,0,0,0
0,123.72763493095296,626.272365069047,0.1928653609068584,0.11369622535558963,-0.24369916591154983,0,0,0
0,667.2386131393538,82.76138686064621,0.19903641314697354,0.05283633353720557,-0.29230201630798036,0,0,0
0,342.4546068052242,407.5453931947758,0.5002188244982395,0.03805217630684243,-0.0044253464640411355,0,0,0
0,603.2849316071948,146.71506839280516,0.0,0.11690275277615522,-0.4336786521398992,0,0,0
0,272.8986323471887,477.1013676528113,0.4630553887475671,0.0188027162116899,-0.058913296300350915,0,0,0
0,574.1647091792939,175.83529082070606,0.14050052899055346,0.03058132813392682,-0.3708674053273513,0,0,0
0,225.97894843100008,524.021051569,0.09415870987745893,0.11435042630739922,-0.3418170360843207,0,0,0
0,593.0288715194309,156.97112848056906,0.0,0.11916340473155256,-0.4316440653800416,0,0,0
0,315.63172935854357,434.36827064145643,0.1383686392838846,0.17115353906117675,-0.2464843051994952,0,0,0
0,399.85875480909414,350.14124519090586,0.2196976615445658,0.02894743607117002,-0.29314077562982005,0,0,0
0,353.35001569461724,396.64998430538276,0.07389485900470838,0.11222349095100391,-0.36399512877782697,0,0,0
0,751.4086438406388,1.4086438406387742,0.0,0.1446688024515649,-0.40868920743203047,0,0,0
0,29.247406586033755,720.7525934139662,0.13823583163715264,0.037627850984363775,-0.3667902321153588,0,0,0
0,587.3518828591984,162.64811714080156,0.15438004702693897,0.03495578875130467,-0.3530508727353257,0,0,0
0,645.8525860682958,104.14741393170425,0.1561392864586649,0.05709814464019432,-0.3313635130035991,0,0,0
0,213.023812943147,536.976187056853,0.27395828173291403,0.06966504882051157,-0.20223430396706443,0,0,0
0,65.98073484687738,684.0192651531227,0.37828766453863627,0.06635910683532109,-0.10088026894801361,0,0,0
0,720.2689599568671,29.731040043132907,0.41555239911232533,0.20112885495463403,0.057677238933057096,0,0,1
0,32.24124191965294,717.7587580803471,0.3994427533205607,0.09484683730439426,-0.054086222743923384,0,0,0
0,905.432617933834,155.43261793383397,0.16217809658862892,0.11374987451423199,-0.2743381459870012,0,0,0
0,604.431651704544,145.56834829545596,0.41636620711984373,0.09928244911997432,-0.03317071831061824,0,0,0
0,686.9007890232102,63.09921097678978,0.4164185899976006,0.07501231829964186,-0.05496145317116058,0,0,0
0,63.25261931756398,686.747380682436,0.42123376519550826,0.13436103623649323,0.0032675681699132486,0,0,0
0,434.2502541787833,315.7497458212167,0.13448335515018872,0.009236097071283672,-0.39609528712409486,0,0,0
0,610.4403706130914,139.55962938690857,0.1610094302748107,0.1152120194419228,-0.27419088186589763,0,0,0
0,481.24681532031957,268.75318467968043,0.14236213444637702,0.02236795097294078,-0.37639783931641513,0,0,0
0,511.25461831647834,238.74538168352166,0.25594680949596527,0.07066674781881269,-0.21934424710554218,0,0,0
0,869.0739372288402,119.07393722884024,0.10714576339626843,0.07432456535288413,-0.36485325742457475,0,0,0
0,934.9491246699021,184.94912466990206,0.46452250644715704,0.08434592090721611,0.001542705625212637,0,0,0
0,111.94206401403028,638.0579359859697,0.13688743936997289,0.21445885048692098,-0.20899072483023712,0,0,0
0,42.40946980083804,707.590530199162,0.02761676934593335,0.14944443669984891,-0.37677436726264146,0,0,0
0,977.7705271137532,227.77052711375325,0.14544529260924202,0.14140833465666452,-0.2661783358381988,0,0,0
0,523.8746256743631,226.12537432563693,0.2871483270557919,0.1962262950648716,-0.07513913702426256,0,0,0
0,284.6532738716917,465.3467261283083,0.05152465778631335,0.02701397709889758,-0.4630538924631177,0,0,0
0,739.7442556122296,10.255744387770392,0.3296040437886796,0.11756716044706157,-0.10347664144740387,0,0,0
0,634.018586936862,115.981413063138,0.4164422629478115,0.06295942956258974,-0.06578538008429663,0,0,0
0,164.6373799347155,585.3626200652845,0.15355608997086706,0.06270460275282881,-0.3289008971900259,0,0,0
0,725.8482837430056,24.151716256994405,0.03882502761901449,0.0934234293957788,-0.4159850155632235,0,0,0
0,286.6458022006565,463.3541977993435,0.26496052580513096,0.028750680555483715,-0.24805499133337255,0,0,0
0,638.675551898739,111.32444810126105,0.09683857818152165,0.006178511355938915,-0.43649189123657217,0,0,0
0,319.37717929287425,430.62282070712575,0.16606961823271732,0.06522260815530126,-0.3141211640659504,0,0,0
0,745.8655530369928,4.134446963007235,0.019796890769005232,0.18664884010645655,-0.3511102827736228,0,0,0
0,886.6690902856141,136.66909028561406,0.19276810431918653,0.1926996220592685,-0.1726933654659107,0,0,0
0,473.3612048158068,276.6387951841932,0.36975054399734,0.1694762493468764,-0.016611961228910177,0,0,0
0,347.0200463679488,402.9799536320512,0.3443011752438252,0.12721170384021113,-0.08009942093842365,0,0,0
0,723.9918060645513,26.00819393544873,0.1293755470188668,0.10409517157124222,-0.3158299282054541,0,0,0
0,448.85232644642724,301.14767355357276,0.1705436614157607,0.05719391926066553,-0.3168729408880792,0,0,0
0,824.5019704740489,74.5019704740489,0.19511904846953357,0.12961562082734723,-0.2271180224242928,0,0,0
0,908.1082339360154,158.10823393601538,0.09095367388176492,0.032468755475132546,-0.41871557582905466,0,0,0
0,538.4497435418334,211.5502564581666,0.0,0.17312877307466612,-0.3830752338712394,0,0,0
0,527.706222419357,222.293777580643,0.4508697423426852,0.07432575161460822,-0.0211282108426063,0,0,0
0,692.2984293557239,57.7015706442761,0.1841332881516695,0.14983954715687248,-0.2199022490455842,0,0,0
0,624.1839600068711,125.81603999312892,0.1488818569284629,0.1072959855853719,-0.29344288568314125,0,0,0
0,876.6756381288453,126.67563812884532,0.0,0.09856738902502134,-0.45018047951591966,0,0,0
0,614.7683866075889,135.23161339241108,0.0096484611598745,0.14758024220728874,-0.3964204504920045,0,0,0
0,239.48341449579914,510.51658550420086,0.25341326666431746,0.1656309154631124,-0.1364100390573203,0,0,0
0,565.9086451176158,184.09135488238417,0.0,0.044203645902016545,-0.49910784832662397,0,0,0
0,454.61290127644315,295.38709872355685,0.20527906342040256,0.11379209658023753,-0.23119917929582257,0,0,0
0,18.230158189249114,731.7698418107509,0.020921212216799295,0.08313954826044335,-0.4431443239872406,0,0,0
0,272.63640166734103,477.36359833265897,0.3357364530392834,0.12169125164412398,-0.09363255011944388,0,0,0
0,527.3129501922135,222.68704980778648,0.015065072283854064,0.0,-0.5238260573545848,0,0,0
0,554.9868711698201,195.01312883017988,0.18181805138602483,0.09017358563552172,-0.2759168511804445,0,0,0
0,360.9064630012324,389.0935369987676,0.281722718072041,0.09889888143372601,-0.16815941827604447,0,0,0
0,821.5988054746639,71.59880547466389,0.4517464892668794,0.13497278329031295,0.03433086458972212,0,0,0
0,893.6063132515976,143.6063132515976,0.29877190563658135,0.035931065107121615,-0.20778126540544806,0,0,0
0,483.4872497749879,266.5127502250121,0.4032157443108013,0.051837503878672496,-0.08902163183683232,0,0,0
0,449.58723052921954,300.41276947078046,0.05662951806696617,0.15977995065340658,-0.33845965598340677,0,0,0
0,865.561375448916,115.56137544891601,0.11123244683315288,0.0,-0.427658682805286,0,0,0
0,606.4538981463344,143.54610185366562,0.334056979441383,0.12537532597711654,-0.09199635681765095,0,0,0
0,231.7097021900225,518.2902978099775,0.06991667756886275,0.04161392856383456,-0.431521916362125,0,0,0
0,713.4578093940704,36.54219060592959,0.34350708475473535,0.05824332214613814,-0.1429650549521792,0,0,0
0,124.42843973088935,625.5715602691107,0.2622007742069609,0.1443552574412022,-0.14677062373439598,0,0,0
0,593.9876265418176,156.01237345818242,0.0,0.11205322333547849,-0.43804322863650824,0,0,0
0,458.65290688820505,291.34709311179495,0.3991047659167226,0.14583672574035805,-0.00853331055539397,0,0,0
0,569.0679582922784,180.93204170772162,0.2904691219653489,0.12583442195287436,-0.13517102791550306,0,0,0
0,722.7810419797331,27.218958020266882,0.43397139354080916,0.0925216620385218,-0.02165024026296014,0,0,0
0,393.65700338137685,356.34299661862315,0.22313394998215302,0.11657085302883864,-0.21084341193033107,0,0,0
0,511.1641938344066,238.8358061655934,0.2649436344398963,0.11298408107972584,-0.17226182222678932,0,0,0
0,468.2429600882989,281.7570399117011,0.0,0.02472291089691024,-0.5166405098312197,0,0,0
0,759.6680240507384,9.668024050738381,0.3446250735347588,0.1426669744983659,-0.06586577905515079,0,0,0
0,757.4371823756128,7.437182375612792,0.3048258254594182,0.07636977587196593,-0.1653325058942513,0,0,0
0,337.98956343893536,412.01043656106464,0.16611582325523894,0.06887392438027684,-0.31078877444095077,0,0,0
0,162.29464222562018,587.7053577743798,0.497767565296959,0.06554729288441824,0.017868999254496476,0,0,0
0,709.6563797845279,40.34362021547213,0.43665781393338365,0.064228293093886,-0.044427851920557815,0,0,0
0,411.80059600486163,338.19940399513837,0.00033037768251945043,0.061747954221265236,-0.48298759315678075,0,0,0
0,454.2776652106606,295.7223347893394,0.19993455354152093,0.015969116826781704,-0.32458437095281445,0,0,0
0,609.5251607653904,140.4748392346096,0.09443164966503245,0.06325629553478095,-0.3875288139921036,0,0,0
0,178.32693292554558,571.6730670744544,0.14923408243993203,0.0778531071418828,-0.31958925077081235,0,0,0
0,284.5131029384087,465.4868970615913,0.20860142523606232,0.057367298407225986,-0.2786591358358732,0,0,0
0,640.7360927207784,109.2639072792216,0.44372155624773707,0.09568963720884734,-0.00904889990273916,0,0,0
0,472.51605441836284,277.48394558163716,0.2653184769456254,0.15137855657932187,-0.13733195177142382,0,0,0
0,3.964876501310499,746.0351234986895,0.2341957177394793,0.10229445940361548,-0.21263039843570564,0,0,0
0,191.85093765377337,558.1490623462266,0.0,0.08006949321008511,-0.46682858574936226,0,0,0
0,254.65801091156203,495.34198908843797,0.07515679875935523,0.18834742990183187,-0.29422164396743494,0,0,0
0,934.3276462696307,184.3276462696307,0.05919099761247695,0.1325952118757899,-0.36036444133775103,0,0,0
0,384.4943965654205,365.5056034345795,0.11586529520227008,0.0,-0.4230258344361688,0,0,0
0,744.5756736606306,5.424326339369372,0.05790670547414184,0.11836952497212111,-0.37445185168938805,0,0,0
0,865.0791478370621,115.07914783706212,0.08261033185824065,0.10611188817693694,-0.360780098420955,0,0,0
0,412.09075119389905,337.90924880610095,0.28258020163975195,0.14357134866353433,-0.12709671420150603,0,0,0
0,9.610884595814051,740.389115404186,0.38489889437002917,0.12862593636849304,-0.03822889253676598,0,0,0
0,382.15459298198994,367.84540701801006,0.6741766530067446,0.15281028100679062,0.2728147762744173,1,1,1
0,888.9021641283973,138.90216412839732,0.28812881278128244,0.07256931469995954,-0.18544993362719286,0,0,0
0,361.3145167273084,388.6854832726916,0.0,0.1706117541951918,-0.38534055086276625,0,0,0
0,969.904455507633,219.90445550763297,0.2487568929835336,0.11101977438790268,-0.19021643970579288,0,0,0
0,951.6163050516403,201.61630505164032,0.17988434068945722,0.11677999359938136,-0.2539047947095384,0,0,0
0,697.7255941318042,52.2744058681958,0.23030283593273593,0.06619604990038969,-0.2490118487953522,0,0,0
0,130.546261678973,619.453738321027,0.29392633439137617,0.026579216798808744,-0.22104350012813484,0,0,0
0,333.3524743391101,416.6475256608899,0.28258335031070503,0.16769435141247943,-0.10538286305650235,0,0,0
0,148.26254990000908,601.737450099991,0.08944004886715824,0.04295666810963537,-0.4107900794726088,0,0,0
0,773.1407424087303,23.14074240873026,0.34911946471351396,0.11891159803368523,-0.08275122669460822,0,0,0
0,535.4374541272995,214.56254587270053,0.037793009747955075,0.15179438601870598,-0.3644831724736484,0,0,0
0,72.07232324880452,677.9276767511955,0.1553440460767682,0.02060461805125771,-0.36500292731553874,0,0,0
0,527.4579895789403,222.54201042105967,0.4475959506946916,0.10659991513171238,0.004644744674793921,0,0,0
0,463.44813468625335,286.55186531374665,0.3326002744536378,0.15402880639079702,-0.06766492943308372,0,0,0
0,13.503981181777757,736.4960188182223,0.441025320450973,0.15061132191482346,0.037684380535875195,0,0,0
0,106.04672620350364,643.9532737964963,0.0,0.06936851678329181,-0.47645946453347626,0,0,0
0,487.54137533680387,262.45862466319613,0.37800242266881634,0.0431942698835922,-0.12201386407438958,0,0,0
0,178.93584852296084,571.0641514770391,0.07944938870346015,0.13881049241217314,-0.3345122977640229,0,0,0
0,234.9751399529355,515.0248600470645,0.08428322795665923,0.08555742629726644,-0.3776062180142399,0,0,0
0,967.5145157542107,217.51451575421072,0.7128296268139538,0.13626595443625933,0.29657785616814825,1,1,0
0,443.5499669125792,306.4500330874208,0.0,0.09833794733305702,-0.4503869770386876,0,0,0
0,533.5610811668812,216.4389188331188,0.14815331911207152,0.06696382116842454,-0.33047037147478525,0,0,0
0,839.6699403741677,89.66994037416771,0.5099040666430699,0.0348672317579254,0.0023934455867637983,0,0,0
0,984.157616349739,234.157616349739,0.24883341296442152,0.09191452988423209,-0.20733463977820848,0,0,0
0,670.6704805431672,79.32951945683283,0.15198867029970586,0.13222353573478368,-0.26790127717742773,0,0,0
0,76.07755938217431,673.9224406178257,0.31169121541515454,0.07418646811175086,-0.16043209292270855,0,0,0
0,399.09012991727377,350.90987008272623,0.0,0.005986060539444893,-0.5335036751529385,0,0,0
0,608.0000241477705,141.99997585222945,0.2022475525059173,0.04957365117839561,-0.29202729107196557,0,0,0
0,603.2769665970442,146.72303340295582,0.28878006883661167,0.152610296210629,-0.11276179421226112,0,0,0
0,88.66077815057771,661.3392218494223,0.0,0.005059798157417347,-0.5343373112967633,0,0,0
0,699.1164439736651,50.88355602633487,0.25414121966201914,0.11709503390838906,-0.17936437945886957,0,0,0
0,267.24800477235533,482.75199522764467,0.04670076621022426,0.165833062558778,-0.3429406071253144,0,0,0
0,302.55164839206475,447.44835160793525,0.10217592716513484,0.16467423708983545,-0.28850838909245213,0,0,0
0,249.42633837012852,500.5736616298715,0.040066654861525636,0.11222726920469793,-0.3978199324926851,0,0,0
0,936.9253755586877,186.92537555868773,0.25791523573189135,0.17735335378738928,-0.12135787549789717,0,0,0
0,126.35061495968137,623.6493850403186,0.22274255865862452,0.07219141279232058,-0.2511762994667258,0,0,0
0,142.82060513026718,607.1793948697328,0.17047245051684842,0.1415312083234187,-0.2410405916305136,0,0,0
0,7.387336431948888,742.6126635680511,0.03566272164555756,0.06347221103492995,-0.4461034180614444,0,0,0
0,407.2302983483407,342.7697016516593,0.23587976803896252,0.10980816071746549,-0.20418401695375743,0,0,0
0,704.0915922771776,45.9084077228224,0.12923289801813417,0.11426076712365121,-0.3068235412090186,0,0,0
0,0.5551006206122588,749.4448993793877,0.40208080116428435,0.11722383574236372,-0.03130887630602719,0,0,0
0,50.32895978410335,699.6710402158967,0.0,0.08125761786257929,-0.46575927356211755,0,0,0
0,684.2937637576177,65.70623624238226,0.1361556219824978,0.15741945809641522,-0.2610579953691674,0,0,0
0,879.9800040379831,129.98000403798312,0.0,0.06466093041516627,-0.4806962922647892,0,0,0
0,612.3364670646414,137.6635329353586,0.21765934946582707,0.23617395002920638,-0.10867522514632605,1,0,0
0,897.4188025548576,147.41880255485762,0.2243983441841002,0.15613122024763298,-0.17397468723146897,0,0,0
0,68.76735763762454,681.2326423623755,0.4268517652375617,0.002169717926124262,-0.11008661826736538,0,0,0
0,32.28381438957706,717.7161856104229,0.0,0.1297651042961539,-0.4221025357719004,0,0,0
0,558.1221834542046,191.87781654579544,0.2385418659975599,0.06434172558213905,-0.24244171061695385,0,0,0
0,514.4717238280351,235.52827617196488,0.32584130550996315,0.11514858991109574,-0.10941609320848955,0,0,0
0,66.18205831866287,683.8179416813372,0.2513476794622879,0.04237882651431112,-0.24940250631327093,0,0,0
0,148.54952368081442,601.4504763191856,0.1901546881955011,0.15542256988817105,-0.20885612854358382,0,0,0
0,538.6752843071503,211.32471569284974,0.47891784133884235,0.04194618150189984,-0.022221724947886656,0,0,0
0,547.4270910804297,202.5729089195703,0.0,0.15186760593919263,-0.4022102842931655,0,0,0
0,730.2086553329573,19.791344667042722,0.1314566099205346,0.15675683089094322,-0.26635337191605535,0,0,0
0,514.9781443498956,235.02185565010438,0.0,0.014710535000872146,-0.525651648137654,0,0,0
0,194.26569153977724,555.7343084602228,0.17332918877753178,0.06584164916002813,-0.30630445661688177,0,0,0
0,677.7211201966471,72.27887980335288,0.33518297344991554,0.027891739238570676,-0.17860559087380973,0,0,0
0,608.9537904017416,141.04620959825843,0.0,0.10666324062470865,-0.4428942130762011,0,0,0
0,254.8249932373402,495.1750067626598,0.167079138904986,0.1370904905248859,-0.24843054926105557,0,0,0
0,740.2480482408364,9.751951759163603,0.21510375198554912,0.2123589360360691,-0.13266433522042753,0,0,0
0,795.9208912337389,45.92089123373887,0.4066066356840539,0.1489585028258886,0.0017781585889147244,0,0,0
0,146.8967533418474,603.1032466581526,0.3084533281948966,0.10268867642478532,-0.1380179926612355,0,0,0
0,323.79763168381805,426.20236831618195,0.0953524267435791,0.11566699987696046,-0.33943840300559536,0,0,0
0,15.363732930187002,734.636267069813,0.5408801314684387,0.05169245578818876,0.04851221203936973,0,1,0
0,501.0868618802342,248.9131381197658,0.05622809181567018,0.08595139668545951,-0.40530678080585514,0,0,0
0,364.687598720726,385.312401279274,0.1947764660857464,0.09210649220387548,-0.26121882056920454,0,0,0
0,242.41132943426058,507.58867056573945,0.34936741482761596,0.08332922169943122,-0.11452741528133481,0,0,0
0,256.8598843270032,493.1401156729968,0.11983356000975974,0.07399798180029409,-0.3524593860084145,0,0,0
0,217.02234846517499,532.977651534825,0.2854897178395082,0.06492520030833987,-0.1949687315214248,0,0,0
0,145.06066286789465,604.9393371321054,0.2975786021603737,0.14491900684002484,-0.11088542132204282,0,0,0
0,941.7981277458,191.7981277458,0.21326558098263437,0.05977362762642747,-0.27182928379201976,0,0,0
0,188.97977428209666,561.0202257179034,0.17744260126869532,0.048936256454696986,-0.3174058975605163,0,0,0
0,732.6077322417984,17.39226775820157,0.3252014103798771,0.10866411079880815,-0.11589201953963446,0,0,0
0,721.8420466154423,28.157953384557686,0.2781240288786772,0.1426963794776331,-0.13234035922989185,0,0,0
0,548.712512621553,201.28748737844705,0.10272590073831252,0.1195424266359595,-0.3285770449277628,0,0,0
0,617.1256147349583,132.87438526504172,0.1560512294769111,0.16229928499985405,-0.23677054366165912,0,0,0
0,85.18407472462385,664.8159252753761,0.1040644259665384,0.05909712538552776,-0.3816392908249255,0,0,0
0,754.5090480660942,4.509048066094238,0.2881343428424006,0.11363964984672704,-0.14848110193398395,0,0,0
0,745.5273666576271,4.4726333423728875,0.2667078250750569,0.12217367981559923,-0.16222699272934266,0,0,0
0,488.5754336958805,261.4245663041195,0.1518888847076182,0.24500973557771785,-0.16649348291087462,1,0,0
0,806.045961628662,56.045961628661985,0.38715354213019293,0.11063633311393468,-0.05216488770570471,0,0,0
0,886.5041833554822,136.50418335548216,0.2601964494097475,0.05209966101436322,-0.2318049853157645,0,0,0
0,198.6414959191488,551.3585040808512,0.3732168743727442,0.09220612812759152,-0.08268873995086234,0,0,0
0,712.0341994204998,37.96580057950018,0.02093454009281276,0.131956384246397,-0.39919584372386885,0,0,0
0,928.8301081340092,178.83010813400915,0.19921775468511105,0.0588297812357943,-0.28672657184111294,0,0,0
0,965.3393725946486,215.33937259464858,0.32624174394371674,0.05737505794149986,-0.16101183354737225,0,0,0
0,67.48614852030099,682.513851479699,0.2841906597323851,0.073066458767974,-0.18894065701487717,0,0,0
0,645.8600741150801,104.13992588491988,0.0,0.07781707167262232,-0.4688557651330788,0,0,0
0,744.8887102200812,5.11128977991882,0.0,0.06506012956267315,-0.480337013032033,0,0,0
0,973.8939505948083,223.8939505948083,0.07861104353465823,0.0463091256924572,-0.41860187298056917,0,0,0
0,514.2774847627692,235.72251523723082,0.23405181607844722,0.09733891302289309,-0.21723429183938792,0,0,0
0,979.9056217139467,229.90562171394674,0.007641648279452878,0.15293429374017875,-0.3936086169928251,0,0,0
0,526.4929826792086,223.50701732079142,0.06597504267403945,0.02551460603339445,-0.4499529415343444,0,0,0
0,403.04622958036407,346.95377041963593,0.13347181498745028,0.10784177744978171,-0.30836171494618503,0,0,0
0,831.5145937844744,81.51459378447441,0.5888729116400016,0.11234899756712381,0.15109587981197414,1,1,0
0,67.8029317290968,682.1970682709032,0.3791522644896803,0.08934034202881481,-0.07933255732282524,0,0,0
0,645.6308645671662,104.36913543283379,0.45203540188834557,0.2639216957385536,0.15067379841460493,1,0,1
0,462.6055575657112,287.3944424342888,0.0,0.04243441260568386,-0.5007001582933234,0,0,0
0,708.8022095361714,41.197790463828596,0.0,0.09119288373888595,-0.4568175342734415,0,0,0
0,474.4382494442617,275.5617505557383,0.1468102686305715,0.11380294366498694,-0.2896582117093791,0,0,0
0,802.3012573124349,52.30125731243493,0.511493462310689,0.129664232779294,0.08930014217361482,0,0,0
0,918.0065081254985,168.0065081254985,0.3066654522178451,0.14444964493275855,-0.10222099698111109,0,0,0
0,100.88143921333715,649.1185607866629,0.24714050600887877,0.09206776482196273,-0.20888963528979365,0,0,0
0,329.80889354734666,420.19110645265334,0.055366109073578224,0.14889508757964595,-0.3495194417431793,0,0,0
0,939.9922960959983,189.9922960959983,0.1788436243200435,0.12592971279674414,-0.24671076380132567,0,0,0
0,771.5721674764203,21.572167476420304,0.1432388285587964,0.07025209332465744,-0.33242541708745077,0,0,0
0,598.3104049454691,151.68959505453086,0.37897956852849135,0.11854580628208819,-0.05322033545606819,0,0,0
0,360.2399093287201,389.7600906712799,0.06901588821625801,0.07772261414809392,-0.3999248886888963,0,0,0
0,388.8316724923918,361.1683275076082,0.0,0.11798349254481477,-0.4327059863481056,0,0,0
0,877.822976510387,127.82297651038698,0.3437506833113666,0.1264769382069428,-0.08131120194082375,0,0,0
0,491.97454854331346,258.02545145668654,0.29292203466779426,0.18085361177837467,-0.08320084437010744,0,0,0
0,595.9152766814948,154.0847233185052,0.16614819778626796,0.16523326491172774,-0.22403299343161598,0,0,0
0,952.0992072353581,202.0992072353581,0.3618247328154003,0.14594795910093683,-0.04571323363219548,0,0,0
0,191.2559327354554,558.7440672645446,0.15386606095153293,0.029147628059430317,-0.35879220343341867,0,0,0
0,734.2528916688082,15.74710833119184,0.05497174511538694,0.12247806931106239,-0.3736891221430958,0,0,0
0,507.3440730943503,242.65592690564972,0.17353074484713357,0.031195202402309358,-0.3372847026292269,0,0,0
0,114.80052120175056,635.1994787982494,0.12801196629085163,0.12158871070438113,-0.30144932371364425,0,0,0
0,657.5911215754409,92.40887842455913,0.031155979296200176,0.17628129445140744,-0.349081985335972,0,0,0
0,863.4240245501517,113.42402455015167,0.2737743177519172,0.05371409414088685,-0.21677412715972355,0,0,0
0,980.3777113142302,230.37771131423017,0.5269775557001202,0.07393759907198326,0.05463026522646619,0,0,0
0,399.6505078850698,350.3494921149302,0.15330056419522925,0.07907356447599682,-0.3144243574148125,0,0,0
0,304.39001412191004,445.60998587808996,0.0,0.08116056973948657,-0.46584661687290096,0,0,0
0,471.59913262627697,278.40086737372303,0.11078349253214011,0.12568007481493004,-0.31499556977286175,0,0,0
0,102.46730650180803,647.532693498192,0.3681348048140958,0.08685810260171685,-0.09258403248279795,0,0,0
0,177.12272680593355,572.8772731940664,0.33995615622829944,0.16055167822257183,-0.0544384630098248,0,0,0
0,507.2185246203101,242.78147537968988,0.30863500654455617,0.16394861158562848,-0.08270237266681707,0,0,0
0,480.60305329945885,269.39694670054115,0.07230915518003642,0.13420257513868158,-0.34579965683358904,0,0,0
0,779.9763422964595,29.976342296459507,0.12910290170512384,0.11739182742715971,-0.3041355832488713,0,0,0
0,383.14093916249345,366.85906083750655,0.27143788466008145,0.08326831952376623,-0.1925117574069678,0,0,0
0,368.9076747028689,381.0923252971311,0.3421244238066625,0.16777404057300477,-0.04577006931607208,0,0,0
0,20.014202524356485,729.9857974756435,0.0,0.09358357194824543,-0.454665914885018,0,0,0
0,580.3189991767023,169.68100082329772,0.0,0.13336004770345455,-0.4188670867053298,0,0,0
0,906.8970539510915,156.8970539510915,0.5002309188657874,0.08443575008693828,0.037331964305592935,0,0,0
0,921.8851299058831,171.8851299058831,0.3775813231665939,0.10025320911266952,-0.07108191827044241,0,0,0
0,931.9884068359331,181.98840683593312,0.3280830466462816,0.01925512294046043,-0.1934784723457429,0,0,0
0,151.57253530818426,598.4274646918158,0.30270668384391053,0.0966243357605154,-0.14922254361006448,0,0,0
0,480.41360211730677,269.58639788269323,0.3977495297821112,0.15754980989391681,0.0006532290481974234,0,0,1
0,82.6202148785612,667.3797851214388,0.004893260182609271,0.02395826475314025,-0.5124354311780034,0,0,0
0,382.14795827593616,367.85204172406384,0.2307168472635166,0.06923344507914841,-0.2458641818036887,0,0,0
0,51.38671634919223,698.6132836508077,0.04570187325346861,0.0,-0.49318925638497024,0,0,0
0,629.8377793390441,120.16222066095588,0.03293248045998051,0.03928253267880564,-0.4706043697675333,0,0,0
0,878.4946536776768,128.49465367767675,0.12767994616422187,0.2293704398782633,-0.20477778758378007,1,0,0
0,410.01460692608913,339.98539307391087,0.10370754750343207,0.06861825455440715,-0.37342715303604035,0,0,0
0,147.06902249868492,602.930977501315,0.17674151593927573,0.16866102464067284,-0.2103546915225576,0,0,0
0,540.5088263512378,209.49117364876224,0.16254260876597856,0.14424451978289418,-0.24652845306785554,0,0,0
0,853.7954631367276,103.79546313672756,0.20497039674185366,0.06348642756470049,-0.2767829480883548,0,0,0
0,972.631308950175,222.63130895017503,0.26204290691164367,0.10111380143597716,-0.18584580143441576,0,0,0
0,559.7753336354234,190.2246663645766,0.0,0.15225939202577632,-0.4018576768152402,0,0,0
0,791.7420985589423,41.7420985589423,0.5378471741275923,0.13668945397623505,0.121976553067765,0,1,0
0,249.4958524129731,500.50414758702686,0.2703418165379497,0.0823889411246837,-0.19439926608827385,0,0,0
0,762.0882043576105,12.088204357610493,0.1101936374370014,0.1190040215733518,-0.32159387278542084,0,0,0
0,189.9088674398961,560.0911325601039,0.30721144405397577,0.036474452766498175,-0.19885267809461477,0,0,0
0,795.2828000127379,45.28280001273788,0.33460775557570943,0.10370629089418529,-0.11094771225796268,0,0,0
0,552.5818138761488,197.41818612385123,0.2991196054673243,0.1312692100389018,-0.12162923513610296,0,0,0
0,384.0684491696852,365.9315508303148,0.14907607958786534,0.18150653898657038,-0.22645916496266016,0,0,0
0,960.0089692004942,210.00896920049422,0.14527517605356075,0.1296305936025354,-0.2769484193425963,0,0,0
0,769.566151981478,19.566151981478015,0.0913750282053878,0.13692300607207453,-0.324285395968184,0,0,0
0,633.2615205298068,116.73847947019317,0.2737363768971779,0.12047133845334021,-0.15673054813325482,0,0,0
0,836.4936799829671,86.49367998296714,0.23155635544774472,0.06926986978407368,-0.24499189138502786,0,0,0
0,612.9221723526565,137.0778276473435,0.036044421978539964,0.04492631557374847,-0.4624130236435253,0,0,0
0,255.70275415998722,494.2972458400128,0.40833631182939345,0.10330975871520258,-0.0375760349653631,0,0,0
0,440.44878403014485,309.55121596985515,0.24351563792483322,0.08369432044068306,-0.2200506033169909,0,0,0
0,767.1188949289483,17.118894928948293,0.4134553307459664,0.14600260087567193,0.005966541895632282,0,0,0
0,364.4442580903805,385.5557419096195,0.0,0.12032659097606402,-0.4305971977599813,0,0,0
0,612.4626145021922,137.5373854978078,0.0558683692732386,0.09555950311894022,-0.39701920755815406,0,0,0
0,359.31758595714393,390.68241404285607,0.16095801517628006,0.09192412060271667,-0.29520140591971383,0,0,0
0,365.2300259004828,384.7699740995172,0.19808270308707096,0.06566210477473569,-0.2817125322541058,0,0,0
0,372.5886724158863,377.4113275841137,0.3162196793095476,0.1918065689182206,-0.050045538302492754,0,0,0
0,785.4233105316335,35.42331053163355,0.022537814280684965,0.16723374162329935,-0.3658429478967845,0,0,0
0,153.7044491673917,596.2955508326083,0.2520592149048685,0.1521340763784969,-0.14991124599292316,0,0,0
0,835.661472870059,85.66147287005901,0.14599611385259795,0.09431450909862366,-0.30801195759707967,0,0,0
0,46.116669483673874,703.8833305163262,0.1423699308982138,0.08034794797811082,-0.32420804555992533,0,0,0
0,386.87176074176756,363.12823925823244,0.06659802350056099,0.1812945393586638,-0.3091280207150805,0,0,0
0,45.866856163855665,704.1331438361443,0.37349021392486337,0.1594592229528167,-0.021887615056040532,0,0,0
0,99.78333593573086,650.2166640642691,0.23835829847266013,0.15724049368900153,-0.15901638684567737,0,0,0
0,12.317893718799432,737.6821062812006,0.3738396078798194,0.0574345016308573,-0.11336047029084789,0,0,0
0,372.59351333122027,377.40648666877973,0.39745047063243066,0.1206640121053762,-0.03284304811116967,0,0,0
0,592.1671463538235,157.83285364617655,0.23883233033031037,0.2429562522646614,-0.08139817226993329,1,0,0
0,473.4130379390045,276.5869620609955,0.2565940179740392,0.15610851024982464,-0.1417994524395575,0,0,0
0,280.3429920258048,469.6570079741952,0.17723255972962512,0.0,-0.36165856990881373,0,0,0
0,507.48512882148646,242.51487117851354,0.15474566738870554,0.10112269174837162,-0.2931350396761989,0,0,0
0,440.4131271582068,309.5868728417932,0.19425478358398982,0.16224591184184084,-0.19861502539679232,0,0,0
0,727.0809276905461,22.919072309453895,0.230714066835888,0.1447584972228266,-0.17789441530200695,0,0,0
0,724.1909079580463,25.809092041953704,0.4357825165776995,0.13015399069436764,0.014029978564191525,0,0,0
0,911.3190867585871,161.3190867585871,0.352274834265496,0.06921969391924679,-0.12431857084562076,0,0,0
0,184.67355317314716,565.3264468268528,0.28265495728412854,0.08301082710587135,-0.18152642795902613,0,0,0
0,157.44933200646472,592.5506679935353,0.11667449993231477,0.0,-0.4222166297061241,0,0,0
0,365.5742514886954,384.4257485113046,0.3762496270926239,0.038008989134591976,-0.1284334123246822,0,0,0
0,492.3279751032489,257.6720248967511,0.2005010128776877,0.14917600608170212,-0.2041317112872193,0,0,0
0,172.27045334019252,577.7295466598075,0.05808461092947467,0.08834111278477567,-0.4012995172026661,0,0,0
0,381.51142584501594,368.48857415498406,0.0,0.09266517049326284,-0.45549247619450234,0,0,0
0,768.1213541662772,18.12135416627723,0.29984430450716526,0.11957414662308588,-0.1314300931704963,0,0,0
0,534.9798325398706,215.02016746012941,0.49600162895389865,0.15490856370023662,0.09652820664567274,0,0,1
0,940.3057242936844,190.30572429368442,0.21022088620785792,0.059295854080499415,-0.2753039747581315,0,0,0
0,660.905331916158,89.09466808384195,0.16394188504720347,0.050977089360668255,-0.329069864166634,0,0,0
0,257.1441537847159,492.8558462152841,0.21477023344291046,0.09035317308856762,-0.24280304041581757,0,0,0
0,377.4466619593051,372.5533380406949,0.09060164224672101,0.09798310304147938,-0.36010469465438644,0,0,0
0,321.2284895773534,428.7715104226466,0.23979431727051592,0.12447430369707757,-0.18706993904055313,0,0,0
0,913.2849431066152,163.28494310661517,0.14944779530705965,0.058288515559482904,-0.3369836703278446,0,0,0
0,890.544550790487,140.54455079048705,0.24672180223166923,0.01573048039221933,-0.2780118950537723,0,0,0
0,977.7905424578131,227.7905424578131,0.3680636654021904,0.12244593822419499,-0.060626119834473025,0,0,0
0,405.24850327044106,344.75149672955894,0.10623857415610476,0.06305224642971735,-0.37590553369558855,0,0,0
0,762.377224435194,12.377224435193966,0.1501619118046152,0.06362571111582606,-0.33146607782958026,0,0,0
0,253.80874011231592,496.19125988768405,0.22804562087973726,0.05354214369677508,-0.26265757943160406,0,0,0
0,44.77017508203885,705.2298249179612,0.3536125433816293,0.04909382747749319,-0.14109414152706573,0,0,0
0,287.3807415931272,462.6192584068728,0.30793784287341175,0.0735804904620021,-0.16473084534922522,0,0,0
0,951.8504601210318,201.8504601210318,0.41986286289134306,0.12589200978530776,-0.005725457940318868,0,0,0
0,851.2216780259353,101.22167802593526,0.2118264521813808,0.06848856534599687,-0.2654249686456609,0,0,0
0,437.73632504714976,312.26367495285024,0.41350105031492684,0.1894713261028746,0.04513411416907509,0,0,1
0,384.2792334347609,365.7207665652391,0.0,0.14472214618019835,-0.40864119807626037,0,0,0
0,351.6592589093157,398.3407410906843,0.005416527107856339,0.11246416464310204,-0.43225685435179073,0,0,0
0,192.46451271225962,557.5354872877404,0.0767118792480253,0.08750337959412581,-0.3834262087557003,0,0,0
0,588.3873347799334,161.61266522006656,0.3315692610393519,0.018113198844381034,-0.19101998963914402,0,0,0
0,447.2094089224926,302.7905910775074,0.09201091020481443,0.10303618880220758,-0.35414764951163763,0,0,0
0,802.4781642363743,52.478164236374255,0.04391318541914732,0.09486817188351013,-0.40959658952413247,0,0,0
0,94.09227527626629,655.9077247237337,0.10451803251872156,0.09731241292898234,-0.34679192548363325,0,0,0
0,152.03578502922133,597.9642149707787,0.06871980241201928,0.0701967569422994,-0.40699424597835016,0,0,0
0,398.8729144723884,351.1270855276116,0.3517883546084113,0.050545814452347876,-0.14161154202291448,0,0,0
0,848.5088629588894,98.50886295888938,0.2769525408992687,0.12638088191228558,-0.1481957950181132,0,0,0
0,422.3460850423949,327.6539149576051,0.07794300882067051,0.1904031055073955,-0.2895853258611124,0,0,0
0,149.9609399961527,600.0390600038473,0.16734290385964545,0.0,-0.37154822577879343,0,0,0
0,199.16389730196295,550.836102698037,0.2250257902421051,0.13071227238129482,-0.19622429425316845,0,0,0
0,138.54003261305914,611.4599673869409,0.147057508200088,0.07043242110823053,-0.3284444424409434,0,0,0
0,115.80273461927271,634.1972653807272,0.11861558395783224,0.16252734885086664,-0.27400093171482665,0,0,0
0,102.67323687443997,647.3267631255601,0.0,0.0859539886500436,-0.46153253985339965,0,0,0
0,676.9049030904515,73.09509690954849,0.20916143814920687,0.13591874042058516,-0.20740282511070535,0,0,0
0,614.0438779133724,135.9561220866276,0.26470950638883317,0.1098150300420738,-0.1753480962117393,0,0,0
0,851.888682658578,101.88868265857798,0.22606668633046856,0.06312840854147,-0.25600887562064734,0,0,0
0,631.1750530892375,118.82494691076249,0.18173659783339635,0.08806586093239448,-0.2778952569658875,0,0,0
0,74.90120303061553,675.0987969693845,0.0,0.0,-0.5388911296384389,0,0,0
0,90.92856040236663,659.0714395976333,0.12419510157682546,0.07732609933083212,-0.34510253866386453,0,0,0
0,70.06876036567277,679.9312396343272,0.2345909177631773,0.09126686761195109,-0.2221600310245056,0,0,0
0,364.1318978226127,385.8681021773873,0.0,0.19736381686100307,-0.3612636944635361,0,0,0
0,818.5333968399974,68.53339683999741,0.0,0.10467268786148959,-0.44468571056309825,0,0,0
0,446.41337192415773,303.58662807584227,0.0,0.17324013170877578,-0.38297501110054066,0,0,0
0,568.581655523394,181.41834447660597,0.20237098045766072,0.14461570077673735,-0.20636601848171454,0,0,0
0,59.050553591006086,690.9494464089939,0.1534369137334943,0.12183201853759663,-0.2758053992211076,0,0,0
0,985.9596980339551,235.95969803395508,0.283704166621941,0.12364443575838739,-0.14390697083394927,0,0,0
0,899.0329414708616,149.0329414708616,0.2711943697621574,0.0053842318769552755,-0.26285095118702173,0,0,0
0,228.53154413744937,521.4684558625506,0.4234268348054982,0.09745751636630343,-0.027752530103267614,0,0,0
0,102.49766196280319,647.5023380371968,0.0,0.0562924517991171,-0.4882279230192335,0,0,0
0,28.878073602777278,721.1219263972228,0.07512806905722455,0.07542924633586842,-0.39587673887893277,0,0,0
0,251.22294085728225,498.77705914271775,0.545203341367787,0.15606309419069322,0.14676899650097208,0,1,1
0,710.5841947190363,39.415805280963696,0.1076272499725643,0.09024028279959752,-0.35004762514623683,0,0,0
0,276.15323825786874,473.84676174213126,0.2243362907015766,0.1020439245551325,-0.22271530683724305,0,0,0
0,935.7389563972076,185.73895639720763,0.365272554765085,0.0960652330316211,-0.08715986514489488,0,0,0
0,277.4649712287067,472.5350287712933,0.15246489276708458,0.15650699650372624,-0.2455699400180007,0,0,0
0,808.4652822221149,58.465282222114865,0.19662036063611574,0.03889029231887742,-0.3072695059153335,0,0,0
0,781.5616603614218,31.561660361421787,0.19640054851643673,0.0656845398621081,-0.28337449524610486,0,0,0
0,969.6600534876579,219.66005348765793,0.36527282771796443,0.14075040104688102,-0.046942940978281555,0,0,0
0,904.3186030237579,154.31860302375787,0.24181184644261225,0.1524888524668814,-0.1598393159756334,0,0,0
0,381.3169421794439,368.6830578205561,0.35548492409517507,0.08612767003789935,-0.1058913025091544,0,0,0
0,448.6624788889118,301.3375211110882,0.10774492092745738,0.13167975533877513,-0.3126344289060839,0,0,0
0,472.95909687044167,277.04090312955833,0.33942276335304383,0.1553790180769228,-0.059627250016164535,0,0,0
0,483.0232019268389,266.9767980731611,0.1876108755038677,0.06238677275419764,-0.2951321586557933,0,0,0
0,898.5371214635774,148.53712146357736,0.3091428835601479,0.05767495733690089,-0.17784078447508017,0,0,0
0,495.31506507849787,254.68493492150213,0.0,0.08028271534198361,-0.46663668583065365,0,0,0
0,385.5342196343382,364.4657803656618,0.23387220837155928,0.11439730277707495,-0.20206134876751214,0,0,0
0,833.1751011204547,83.17510112045466,0.16293709266255907,0.1039666136409363,-0.28238408469903714,0,0,0
0,36.35010254824111,713.6498974517589,0.0,0.05677720128396623,-0.48779164848286927,0,0,0
0,630.063268463906,119.93673153609404,0.26186985966955334,0.09734141937465648,-0.18941399253169472,0,0,0
0,603.4190851207035,146.58091487929653,0.0,0.12266436236131842,-0.4284932035132523,0,0,0
0,534.232342782165,215.767657217835,0.153575480561251,0.07312904855670492,-0.31949950537615346,0,0,0
0,871.4665903449206,121.46659034492063,0.2328364034807853,0.06287323842893497,-0.2494688115716121,0,0,0
0,931.2966414695089,181.29664146950893,0.20407510159813594,0.036451309751703784,-0.3020098492637695,0,0,0
0,474.4534126296045,275.5465873703955,0.0,0.0,-0.5388911296384389,0,0,0
0,115.76180306942751,634.2381969305725,0.2653131162883737,0.05692989452656399,-0.2223411082761576,0,0,0
0,106.94924688856011,643.0507531114399,0.3211507548283321,0.15823682510470788,-0.07532723221586968,0,0,0
0,836.6276209022093,86.62762090220929,0.019722070231639105,0.11530079422569747,-0.41539834460367203,0,0,0
0,499.1097417214617,250.89025827853828,0.4037160684044131,0.15508980680812262,0.004405764893284592,0,0,1
0,369.72558622471763,380.27441377528237,0.16618209146812854,0.14516178098613472,-0.24206343528278906,0,0,0
0,173.11352527731216,576.8864747226878,0.34963691370169436,0.0464085463048822,-0.14748652426235054,0,0,0
0,619.0394120046706,130.96058799532943,0.398589209236888,0.12041602764568926,-0.031927495520430504,0,0,0
0,537.1164868122198,212.88351318778018,0.4626441808509126,0.10700404926501524,0.020056695550987436,0,0,0
0,382.8304514067146,367.1695485932854,0.2011943592203239,0.009465117634097117,-0.3291781645474276,0,0,0
0,487.1310615915324,262.8689384084676,0.23426417297281454,0.12382667760148838,-0.19318294682428477,0,0,0
0,117.4572016696368,632.5427983303632,0.21793486723896116,0.11122428790360268,-0.2208544032862353,0,0,0
0,470.64262788520404,279.35737211479596,0.0,0.11181350548148213,-0.438258974705105,0,0,0
0,863.3457358414983,113.34573584149825,0.5862114640400504,0.16931207756722244,0.1997012042121118,1,1,1
0,945.9149187125547,195.9149187125547,0.3846895768405094,0.1503788443462326,-0.018860592886320138,0,0,0
0,261.2506709712221,488.7493290287779,0.37602332964543506,0.05858043152952319,-0.11014541161643293,0,0,0
0,652.5955965120271,97.4044034879729,0.3472567708111526,0.1623081755893424,-0.04555700079687813,0,0,0
0,478.0103187969088,271.9896812030912,0.2008586096548028,0.08473815127223583,-0.2617681838386238,0,0,0
0,712.2372594919833,37.76274050801669,0.21137784647396915,0.09478155337649927,-0.24220988512562036,0,0,0
0,383.5767493615263,366.4232506384737,0.14694456049901386,0.15300235257437395,-0.25424445182248845,0,0,0
0,984.3665040077402,234.36650400774022,0.302220941290323,0.11326154348975231,-0.13473479920733877,0,0,0
0,749.841080829381,0.15891917061901495,0.0,0.029473384440560177,-0.5123650836419347,0,0,0
0,478.05261579136516,271.94738420863484,0.4534420273749429,0.1531230986053341,0.05236168648130468,0,0,1
0,123.16876163755607,626.831238362444,0.25021654252079994,0.10463169220638362,-0.1945060641318937,0,0,0
0,303.69700027459214,446.30299972540786,0.3281932246038665,0.07576272803378627,-0.14251144980416475,0,0,0
0,719.6968453463719,30.3031546536281,0.0,0.1301950858360535,-0.42171555238599073,0,0,0
0,837.1588134095035,87.15881340950352,0.058273085412382186,0.0989574200121996,-0.39155636621507706,0,0,0
0,989.5369366618884,239.53693666188838,0.10143276889621934,0.11546043916236431,-0.33354396549609167,0,0,0
0,441.2102172388583,308.7897827611417,0.3150333030608827,0.04555406944135233,-0.1828591640803391,0,0,0
0,406.0304751549557,343.9695248450443,0.23858523406001575,0.04818588522035197,-0.25693859888010634,0,0,0
0,380.42080464455177,369.57919535544823,0.3015513019224523,0.0875137718434036,-0.15857743305692334,0,0,0
0,383.7366353947059,366.2633646052941,0.0,0.1460952088442865,-0.40740544167858106,0,0,0
0,68.59292087527425,681.4070791247258,0.39878939469208613,0.06219692822592337,-0.0841244995430217,0,0,0
0,832.4978899217941,82.49788992179413,0.24369812773818325,0.0807492112516423,-0.22251871177377758,0,0,0
0,434.2073818833635,315.7926181166365,0.052159916851985955,0.1470314108233176,-0.35440294304546704,0,0,0
0,380.7204797752538,369.2795202247462,0.0,0.09370974350673689,-0.4545523604823757,0,0,0
0,515.6868323044099,234.3131676955901,0.20012206075014663,0.08956254348702479,-0.25816277974996993,0,0,0
0,220.9034230357132,529.0965769642868,0.0,0.12244156338698202,-0.42869372259015504,0,0,0
0,48.21486601010094,701.785133989899,0.11781846924804165,0.1818575467809364,-0.2574008682875545,0,0,0
0,22.35837789487838,727.6416221051217,0.28202831224968056,0.07329377133957582,-0.1908984231831401,0,0,0
0,221.92496609243096,528.075033907569,0.311393514847213,0.1747428233424803,-0.07022907378299359,0,0,0
0,100.22523381407767,649.7747661859223,0.10628878554720829,0.16803910124482965,-0.2813671529708839,0,0,0
0,857.2715199673596,107.27151996735961,0.11678673402244874,0.07518799806931192,-0.3544351973536094,0,0,0
0,3.8098589469709454,746.190141053029,0.19366688678129684,0.1702589653140049,-0.19199117407453764,0,0,0
0,564.3597846781007,185.6402153218993,0.009768255265021036,0.05059754764708681,-0.48358508149103974,0,0,0
0,956.0947665061501,206.0947665061501,0.3410614047114141,0.0,-0.19782972492702477,0,0,0
0,53.179278879195046,696.8207211208049,0.3724923654177901,0.10951204313397933,-0.06783792540006739,0,0,0
0,272.9753739078445,477.0246260921555,0.4951253820817578,0.06328261541874738,0.013188606320191587,0,0,0
0,337.8926196777002,412.1073803222998,0.28279532764117443,0.015619646422547817,-0.2420381202169714,0,0,0
0,66.8872973937723,683.1127026062277,0.0,0.15710178258237503,-0.3974995253143013,0,0,0
0,751.9409247583249,1.9409247583248543,0.16766189143539328,0.11010357752280077,-0.2721360184325249,0,0,0
0,766.7578136702414,16.757813670241376,0.22817495284850942,0.13392466248989415,-0.19018398054902474,0,0,0
0,792.5547374712279,42.554737471227895,0.22081393779737507,0.03171836667383368,-0.2895306618346135,0,0,0
0,892.0976538337596,142.09765383375964,0.0,0.15244417970028146,-0.4016913679081856,0,0,0
0,470.4785578387351,279.5214421612649,0.2305776228627125,0.057351516559374115,-0.2566971418722897,0,0,0
0,658.3188315611343,91.68116843886571,0.13391986373534692,0.23995344827711823,-0.18901316245368555,1,0,0
0,188.5867606121432,561.4132393878568,0.1282190537241324,0.11356115204622615,-0.30846703907270295,0,0,0
0,256.05199157628186,493.94800842371814,0.21496770458314512,0.04719391316925148,-0.28144890320296745,0,0,0
0,327.3174830462632,422.6825169537368,0.0,0.09067292614578078,-0.4572854961072362,0,0,0
0,344.6180957026718,405.3819042973282,0.0,0.08236730699380086,-0.4647605533440181,0,0,0
0,608.7970882425518,141.2029117574482,0.12741703352554729,0.2053967266409279,-0.2266170421360565,0,0,0
0,870.3699379151715,120.36993791517148,0.2987531752731847,0.1030556455661051,-0.14738787335575965,0,0,0
0,332.6541828245413,417.3458171754587,0.09567012648169623,0.050303260573466305,-0.397948068640623,0,0,0
0,617.9010682881259,132.09893171187412,0.0,0.06879980914754547,-0.476971301405648,0,0,0
0,307.76636297471083,442.23363702528917,0.2198946595750395,0.08851201614289345,-0.2393356555347953,0,0,0
0,193.29468369153545,556.7053163084645,0.17540557624018344,0.05660210880319135,-0.3125436554753832,0,0,0
0,958.921000121824,208.92100012182402,0.14238470447335114,0.12346431629207597,-0.2853885405022194,0,0,0
0,98.18549220240614,651.8145077975938,0.12527255202946525,0.21710663323943524,-0.2182226076934819,1,0,0
0,26.072575251243958,723.927424748756,0.13174915925885045,0.1348951591299108,-0.2857363271626687,0,0,0
0,240.1176381690916,509.8823618309084,0.3349620973114885,0.11753273245527078,-0.09814957311720668,0,0,0
0,103.40980113780529,646.5901988621947,0.49246659900885387,0.10610906614220236,0.04907362889839706,0,0,0
0,370.3361074595635,379.6638925404365,0.14281866220915757,0.12454311942353799,-0.28398365994809716,0,0,0
0,394.8101368227882,355.1898631772118,0.20521300608214058,0.16244435267945787,-0.18747820614478622,0,0,0
0,857.1917240149664,107.19172401496644,0.10828336266049632,0.07956280748909933,-0.35900124023775315,0,0,0
0,77.98545812678437,672.0145418732156,0.3039185693029599,0.11795877818865327,-0.12880965996569105,0,0,0
0,106.20750955000379,643.7924904499962,0.23951766850471662,0.13666862831058882,-0.1763716956541923,0,0,0
0,627.6803546832386,122.31964531676135,0.2518643874929697,0.1099155617367983,-0.18810273658235072,0,0,0
0,357.40470319903784,392.59529680096216,0.20774660384671984,0.1989688425257384,-0.15207256751855447,0,0,0
0,348.7524534741497,401.2475465258503,0.3807077622606263,0.15220207535249222,-0.021201499560569603,0,0,0
0,175.38679864701777,574.6132013529823,0.22298565165251197,0.0853928370960639,-0.2390519245994694,0,0,0
0,134.9244614893854,615.0755385106146,0.0,0.0,-0.5388911296384389,0,0,0
0,333.2062489425489,416.7937510574511,0.2412879512026119,0.12887208013833307,-0.18161830631132725,0,0,0
0,645.9695436858256,104.03045631417444,0.04641376950093612,0.14096331886775276,-0.3656103731565253,0,0,0
0,273.876276146222,476.123723853778,0.11989961826510581,0.10861405504992788,-0.321238861828398,0,0,0
0,482.9714232134359,267.0285767865641,0.377870981670677,0.026010157607662662,-0.13761100612086546,0,0,0
0,803.5770319975056,53.57703199750563,0.28255558668456465,0.060538474734795115,-0.20185091569255864,0,0,0
0,484.6963338895504,265.3036661104496,0.11291163320486736,0.08608952853765522,-0.3484989207496818,0,0,0
0,37.09244070595441,712.9075592940455,0.20138230123239337,0.04301230317210615,-0.29879775555114996,0,0,0
0,62.87978490750601,687.1202150924939,0.0,0.08331479645789529,-0.4639078128263331,0,0,0
0,903.7049029727358,153.7049029727358,0.01758021993307521,0.1749746195384791,-0.3638337521207325,0,0,0
0,564.2739170513148,185.7260829486852,0.38974731441112737,0.08066308347576315,-0.07654704009912466,0,0,0
0,680.8313202649827,69.16867973501735,0.1867666701711621,0.10194152388118306,-0.260377087974212,0,0,0
0,851.1785479651629,101.17854796516292,0.18819333785736048,0.18766432076672862,-0.18179990309102267,0,0,0
0,676.3309478189589,73.66905218104114,0.4677183521081118,0.0376595853891102,-0.03727915068012788,0,0,0
0,744.0116638419946,5.9883361580053815,0.1502612608510202,0.16495001479677338,-0.24017485547032263,0,0,0
0,455.7345914226255,294.2654085773745,0.5477365933645044,0.10994573340384647,0.10779662378952737,0,1,0
0,875.2090029656478,125.20900296564776,0.16303229458391566,0.01877678600857055,-0.3589597276468097,0,0,0
0,545.8063351631746,204.1936648368254,0.2899468673474558,0.14735444889804855,-0.11632525828273943,0,0,0
0,747.681244017441,2.3187559825589688,0.35300657429264715,0.0019913903901507407,-0.1840923039946561,0,0,0
0,773.535106715164,23.535106715164034,0.10098191674496891,0.13622835669247724,-0.31530369187024043,0,0,0
0,629.7669189444275,120.23308105557248,0.19327107438260432,0.174732066196446,-0.1883611956790332,0,0,0
0,99.26236056931658,650.7376394306834,0.21082621217640213,0.16882457798259898,-0.17612279727769764,0,0,0
0,69.77603386255693,680.2239661374431,0.0,0.10523479220474884,-0.44417981665416495,0,0,0
0,180.60068485532275,569.3993151446773,0.21146516383996625,0.12667310049097982,-0.2134201753565908,0,0,0
0,403.72054626204766,346.27945373795234,0.1950601594702933,0.12128280526158577,-0.23467644543271837,0,0,0
0,158.20282375232597,591.7971762476741,0.2893961687012033,0.13065812541919286,-0.131902648059962,0,0,0
0,799.6331745269333,49.63317452693332,0.44931702988098265,0.0857821966342134,-0.012370122786664162,0,0,0
0,332.1358345044929,417.8641654955071,0.47044463556676663,0.16993644512646092,0.08449630654214257,0,0,1
0,572.8287966700547,177.17120332994534,0.0,0.16332267884646623,-0.39190071867661924,0,0,0
0,932.0489704894168,182.04897048941677,0.4302097435358091,0.1132681682706644,-0.006740034659031835,0,0,0
0,540.2698056336917,209.7301943663083,0.21842734290288288,0.12271541936809155,-0.2100199093042736,0,0,0
0,805.1029241655057,55.10292416550567,0.002680080058974632,0.19694363785306343,-0.35896177551170716,0,0,0
0,383.57010513373535,366.42989486626465,0.5638374759398871,0.1342487913482127,0.1457702585148396,0,1,0
0,310.16296735772073,439.83703264227927,0.23369031922149447,0.07328087927171792,-0.2392480190723983,0,0,0
0,839.0242423673561,89.02424236735612,0.29252203279077854,0.03136244058319085,-0.2181429003227886,0,0,0
0,890.2797390483053,140.27973904830526,0.19821629538184735,0.16051015376854513,-0.19621569586490095,0,0,0
0,417.7728492030717,332.2271507969283,0.4011596334659161,0.04679113768794462,-0.09561947225337264,0,0,0
0,556.9692529561811,193.0307470438189,0.1499311997784022,0.058381089729700124,-0.33641694910330655,0,0,0
0,108.69658022239292,641.3034197776071,0.22650180572454628,0.04953608164918208,-0.2678068504296287,0,0,0
0,651.4206019846044,98.57939801539555,0.32692762657080476,0.09058831407052724,-0.13043402040415963,0,0,0
0,414.6758282294507,335.3241717705493,0.3109252085152767,0.11421207531864605,-0.12517505333638068,0,0,0
0,870.7298788192112,120.7298788192112,0.266040273069815,0.0938576167984127,-0.18837900145005249,0,0,0
0,771.8135294177919,21.81352941779187,0.23886528670610002,0.15288358520089324,-0.16243061625153493,0,0,0
0,520.0059187409017,229.99408125909827,0.31408839298618974,0.12001427987830258,-0.11678988476177682,0,0,0
0,45.16520801441326,704.8347919855868,0.0,0.09003904215225306,-0.4578559917014111,0,0,0
0,150.4414761464805,599.5585238535195,0.24784050999428933,0.1582350314383414,-0.14863909134964226,0,0,0
0,871.4281882316008,121.42818823160076,0.0,0.14307554611923534,-0.4101231381311271,0,0,0
0,664.511942871889,85.488057128111,0.18563434317894664,0.08583946813774804,-0.27600126513551904,0,0,0
0,867.1129447072389,117.11294470723885,0.2269003151196518,0.0669893066634904,-0.2517004385216457,0,0,0
0,552.4948798127289,197.50512018727113,0.0028146874547534118,0.1447720142108081,-0.4057816293939582,0,0,0
0,531.2016331324802,218.7983668675198,0.2978918534667259,0.10499287867409342,-0.1465056853650289,0,0,0
0,313.57850095465636,436.42149904534364,0.025440252370997035,0.0906298416639113,-0.4318840197699217,0,0,0
0,950.2303851061466,200.23038510614663,0.426066235472831,0.10163835713834203,-0.021350372741100077,0,0,0
0,753.6503941141481,3.650394114148071,0.13859678278110307,0.07208161442355697,-0.33542089387613455,0,0,0
0,450.8221571904818,299.1778428095182,0.5011181842436979,0.11398900370220272,0.06481715793724152,0,0,0
0,799.0664466657247,49.0664466657247,0.05844647513762738,0.1114948819558774,-0.38009926074052186,0,0,0
0,952.2628020697824,202.26280206978242,0.0,0.0897785050107435,-0.4580904751287697,0,0,0
0,325.7520216094288,424.2479783905712,0.3270169013766448,0.09021848032091191,-0.13067759597297335,0,0,0
0,364.584855887787,385.415144112213,0.0,0.05918770262390266,-0.48562219727692646,0,0,0
0,820.8461790131034,70.84617901310344,0.3057437030652416,0.13938496820435398,-0.10770095518927869,0,0,0
0,892.3367839109333,142.33678391093326,0.0,0.11185257403209836,-0.4382238130095504,0,0,0
0,831.3407804445521,81.34078044455214,0.07249841691351366,0.1883554905707876,-0.29687277121121636,0,0,0
0,765.680318821095,15.680318821095057,0.32216413745100597,0.07564714548505734,-0.14864456125088132,0,0,0
0,463.0291653897564,286.9708346102436,0.6663574341785821,0.05427778742292494,0.17631631322077568,1,1,0
0,840.6050306145647,90.60503061456473,0.023447492665628178,0.03412116980093405,-0.48473458415197007,0,0,0
0,976.48159285517,226.48159285517,0.34625909198493665,0.03992257710100158,-0.15670171826260082,0,0,0
0,268.74791464565516,481.25208535434484,0.03456942671864505,0.15172772338258717,-0.36776675187546537,0,0,0
0,954.7372756901807,204.7372756901807,0.0,0.1410503640462136,-0.4119458019968466,0,0,0
0,238.06428168398608,511.9357183160139,0.08887828125255048,0.15596359824307204,-0.30964560996712354,0,0,0
0,394.2203194306164,355.7796805693836,0.04659932945465356,0.08970877277986218,-0.41155390468190933,0,0,0
0,441.730769849098,308.269230150902,0.14396130251385267,0.09274243473998856,-0.31146163585859654,0,0,0
0,221.91460648053572,528.0853935194643,0.0,0.07614052756850766,-0.47036465482678197,0,0,0
0,894.0500333073281,144.05003330732814,0.19772203156114646,0.05025750830415973,-0.2959373406035487,0,0,0
0,532.6581859085678,217.34181409143218,0.19072539024333646,0.09597416745992698,-0.2617889886811681,0,0,0
0,75.89636899874719,674.1036310012528,0.4482928256912827,0.10308398817896922,0.0021772854139161524,0,0,0
0,265.84715822806015,484.15284177193985,0.2054108777109627,0.08907012735385009,-0.2533171373090111,0,0,0
0,202.18329563107383,547.8167043689261,0.3740267832200261,0.10727689898732436,-0.06831513732982086,0,0,0
0,303.31323710194613,446.68676289805387,0.0,0.06800379208788837,-0.47768771675933935,0,0,0
0,897.3307796303591,147.33077963035907,0.22902163099016717,0.12846672015059055,-0.19424945051274023,0,0,0
0,767.9059115025844,17.905911502584445,0.5043754414606375,0.0,-0.034515688177801374,0,0,0
0,470.20064257177853,279.79935742822147,0.2513202440089274,0.030680496967697674,-0.25995843835858357,0,0,0
0,685.9821607374298,64.01783926257019,0.2909789484062191,0.07561022071100132,-0.1798629825923186,0,0,0
0,737.5369314626427,12.463068537357344,0.0,0.11877904889064893,-0.43198998563685487,0,0,0
0,717.7236470893832,32.276352910616765,0.24290045753034278,0.19203693931761975,-0.12315742672223828,0,0,0
0,856.0498536875144,106.04985368751443,0.0,0.1401028934884654,-0.41279852549882,0,0,0
0,718.1185788070401,31.88142119295992,0.5025099096179406,0.13147508970093913,0.081946360710347,0,0,0
0,942.3428601982316,192.34286019823162,0.1557790626078916,0.15223196356018082,-0.24610329982638457,0,0,0
0,619.984885022449,130.01511497755098,0.1682991562998249,0.11712237136318375,-0.26518183911174864,0,0,0
0,423.88640551867263,326.11359448132737,0.25135656511579885,0.10937589025345414,-0.18909626329453133,0,0,0
0,198.19273808440886,551.8072619155912,0.2016623874613612,0.0585632518147303,-0.2845218155438204,0,0,0
0,328.6815000034106,421.3184999965894,0.13918199576503582,0.09388389352046592,-0.31521362970498373,0,0,0
0,236.51701840974926,513.4829815902508,0.25863759006631704,0.04945268185142141,-0.2357461259058426,0,0,0
0,573.7536119582301,176.24638804176993,0.33321345665538105,0.048642363295473334,-0.16189954601713186,0,0,0
0,516.2480267157753,233.75197328422473,0.2058028397165686,0.15436226782401147,-0.19416224888025996,0,0,0
0,208.33608332612286,541.6639166738771,0.05268531466146861,0.09037767964087177,-0.4048659033001857,0,0,0
0,29.50630230315443,720.4936976968455,0.43529748095507015,0.07913270074699888,-0.032374218011069766,0,0,0
0,981.2193016080494,231.21930160804936,0.08893039342022072,0.12939068817424781,-0.3335091168613951,0,0,0
0,98.65182937320071,651.3481706267993,0.44194863386529093,0.1131258642429971,0.004870782045549471,0,0,0
0,948.0735927527144,198.07359275271438,0.13644475323095812,0.07548794064927511,-0.3345072298231332,0,0,0
0,159.3448286828868,590.6551713171132,0.0,0.05879973931003122,-0.4859713642594108,0,0,0
0,61.46034555008739,688.5396544499126,0.2733465957341669,0.13661247491519288,-0.14259330648059837,0,0,0
0,310.1700906235215,439.8299093764785,0.11610371672717457,0.0714374297853277,-0.3584937261044694,0,0,0
0,889.815643337064,139.815643337064,0.17896252971937993,0.007169415980034816,-0.3534761255370276,0,0,0
0,526.2084847334697,223.79151526653027,0.08488951254000379,0.04496757860824331,-0.4135307963510161,0,0,0
0,428.4339528846536,321.5660471153464,0.16645952631216787,0.10304823852485229,-0.27968818865390394,0,0,0
0,730.7001770088356,19.299822991164433,0.22215750527978292,0.0,-0.31673362435865593,0,0,0
0,493.72051356880854,256.27948643119146,0.3766890762491114,0.08195690441608659,-0.08844083941484954,0,0,0
0,678.4063018590771,71.59369814092292,0.20327502398396763,0.09247542907253875,-0.2523882194891864,0,0,0
0,302.2171306975323,447.7828693024677,0.11800262150854446,0.11361845389997022,-0.3186318996199212,0,0,0
0,999.541859733141,249.541859733141,0.22135166570867412,0.09304346848567187,-0.23380034229266006,0,0,0
0,68.92468110217342,681.0753188978266,0.19042227447218946,0.05683584040131826,-0.297316598805063,0,0,0
0,169.0160923526668,580.9839076473332,0.2417266233738884,0.21552115200999833,-0.10319546945555202,0,0,0
0,134.3795045391185,615.6204954608816,0.318746331907816,0.027190001334765512,-0.19567379652933392,0,0,0
0,40.739078630147915,709.2609213698521,0.0,0.1764038994039607,-0.3801276201748742,0,0,0
0,674.5230321082022,75.47696789179781,0.0,0.1115635869185653,-0.4384839014117301,0,0,0
0,535.6150743778093,214.38492562219074,0.0,0.1594574673030853,-0.3953794090656621,0,0,0
0,827.9191622390495,77.91916223904946,0.3601710651250786,0.07231535850426754,-0.11363624185951948,0,0,0
0,432.2398960374534,317.7601039625466,0.08232443864413548,0.08916546235054121,-0.3763177748788163,0,0,0
0,270.06352045373126,479.93647954626874,0.39466185006745713,0.26024536544952903,0.08999154933359432,1,0,1
0,702.8757331979859,47.12426680201406,0.0,0.052087242313691585,-0.4920126115561165,0,0,0
0,239.97196449025648,510.0280355097435,0.2054415012843806,0.20230651391358348,-0.15137376583183315,0,0,0
0,763.7330928834491,13.733092883449103,0.17580449409775545,0.03346800531720344,-0.33296543075520035,0,0,0
0,281.7525023831564,468.2474976168436,0.06622087380407402,0.05909709014577627,-0.41948287470316625,0,0,0
0,868.4538729454468,118.45387294544685,0.0,0.1192481751077184,-0.4315677720414923,0,0,0
0,73.58818043600922,676.4118195639908,0.3049890263829491,0.08656644436655578,-0.15599230332558955,0,0,0
0,424.747290319061,325.252709680939,0.22645490201995971,0.08888203342831885,-0.23244239753299223,0,0,0
0,117.70653213118398,632.293467868816,0.04631534233839657,0.1367291654989638,-0.3695195383509749,0,0,0
0,621.4255476693099,128.57445233069006,0.25527972869864307,0.10721695724587578,-0.18711613941850758,0,0,0
0,520.4385580456984,229.56144195430159,0.08794733731529882,0.05672998108400562,-0.399886809347535,0,0,0
0,841.6569921195157,91.65699211951573,0.3001079152702806,0.0425852060455864,-0.20045652892713056,0,0,0
0,520.4129926377732,229.5870073622268,0.05636241140128609,0.08376331278871021,-0.4071417367273136,0,0,0
0,433.71519174898185,316.28480825101815,0.2313124186686335,0.15901939938534887,-0.1644612515229914,0,0,0
0,99.82863789391794,650.171362106082,0.0,0.06553507755013521,-0.4799095598433172,0,0,0
0,58.98024217910647,691.0197578208936,0.15232705156465448,0.13069680364219016,-0.26893695479581325,0,0,0
0,730.1695631894903,19.830436810509696,0.2991636332168717,0.11623562175127983,-0.13511543684541533,0,0,0
0,957.3215545257589,207.32155452575887,0.2987426077041091,0.1382772368501792,-0.1156990087691685,0,0,0
0,171.21710179346016,578.7828982065398,0.07245989359226404,0.13538621048247643,-0.34458364661194607,0,0,0
0,426.9593259356156,323.0406740643844,0.09416941918297116,0.1396096650047767,-0.3190730119511687,0,0,0
0,203.46007761833405,546.539922381666,0.27083863958856763,0.007986236709660768,-0.26086487701117655,0,0,0
0,574.9733962796364,175.0266037203636,0.15494274079742676,0.07772465942237003,-0.3139961953608791,0,0,0
0,104.50170496941114,645.4982950305889,0.32203888580859313,0.16697740626460322,-0.06657257819170281,0,0,0
0,802.5656609144352,52.56566091443517,0.22055025016843682,0.1089196482399244,-0.22031319605407007,0,0,0
0,143.6354734026052,606.3645265973948,0.28717803397552866,0.20532758942948273,-0.06691826517637578,0,0,0
0,457.1591274127574,292.8408725872426,0.17865715828237025,0.055938138889779054,-0.3098896463552675,0,0,0
0,279.6347218852774,470.3652781147226,0.20874500363034748,0.14732291602746245,-0.1975555015833752,0,0,0
0,57.502116248739796,692.4978837512602,0.19889882313353752,0.0843184126262246,-0.2641057351412992,0,0,0
0,222.2347328121075,527.7652671878925,0.2462358653590795,0.06825304898910882,-0.23122752018916148,0,0,0
0,591.1732031209744,158.82679687902555,0.38227397475634617,0.13237418032010784,-0.037480392593995715,0,0,0
0,411.2870565912541,338.7129434087459,0.0,0.15860457040196602,-0.3961470162766695,0,0,0
0,884.9089055693288,134.9089055693288,0.5430404662222512,0.07052883664286225,0.06762528956238834,0,1,0
0,583.4457214835315,166.55427851646846,0.133589990647476,0.026961345295910905,-0.38103592822464305,0,0,0
0,996.3063135177106,246.30631351771058,0.2304816231693396,0.04964621938136189,-0.26372790902587356,0,0,0
0,699.8577552160714,50.14224478392862,0.0,0.06757479814099379,-0.47807381131154447,0,0,0
0,385.03247483622147,364.96752516377853,0.20035084072278372,0.07064947916239547,-0.2749557576694992,0,0,0
0,746.7745937965841,3.2254062034159006,0.15612795869347434,0.07818998186191539,-0.3123921872692407,0,0,0
0,231.39660249651618,518.6033975034838,0.20258720932462798,0.1587663180855289,-0.1934142340368349,0,0,0
0,325.82765785762115,424.17234214237885,0.21100026752592235,0.17861251875365874,-0.16713959523422361,0,0,0
0,187.16705402045352,562.8329459795465,0.20641543488551845,0.08747490471857129,-0.2537482805062063,0,0,0
0,327.1592175645993,422.8407824354007,0.026144193834160556,0.1277010885396057,-0.3978159561186332,0,0,0
0,578.43793457818,171.56206542181997,0.0,0.08508750198779927,-0.46231237784941953,0,0,0
0,318.3186547668536,431.6813452331464,0.2525646479389143,0.04714919695574962,-0.2438922044393499,0,0,0
0,444.16136830378184,305.83863169621816,0.002726065835635616,0.10394830725674,-0.4426115872717373,0,0,0
0,913.9344859097357,163.9344859097357,0.2633560318310726,0.11594763749596795,-0.17118222406099515,0,0,0
0,635.2965617709735,114.70343822902646,0.1891443964464957,0.14504600926745162,-0.21920532485123673,0,0,0
0,920.4188678377132,170.41886783771315,0.1371576174637082,0.04961757524370008,-0.3570776944554006,0,0,0
0,601.167869509587,148.83213049041296,0.29527865735803316,0.09532853263375733,-0.15781679291002415,0,0,0
0,372.63873394059186,377.36126605940814,0.4130870534917488,0.15339627949888135,0.012252575402303068,0,0,1
0,622.5377339397648,127.46226606023515,0.08023794187770028,0.17867224979910343,-0.2978481629415455,0,0,0
0,308.6511627303239,441.3488372696761,0.03504420157915086,0.07334044840470302,-0.4378405244950553,0,0,0
0,125.75723551070384,624.2427644892962,0.24398788871805532,0.16524260978367555,-0.14618489211507557,0,0,0
0,432.54498033102107,317.45501966897893,0.3033052620243396,0.018462685415420538,-0.21896945074022078,0,0,0
0,341.55584138962314,408.44415861037686,0.0,0.2017969671179104,-0.3572738592323195,0,0,0
0,636.7562663317889,113.24373366821112,0.21778818971764263,0.07605648386886879,-0.25265210443881436,0,0,0
0,752.7280665137494,2.7280665137493543,0.16311875916153834,0.06391046202367662,-0.31825295465559156,0,0,0
0,196.72317814052153,553.2768218594784,0.3137568337161444,0.10956751151328303,-0.1265235355603398,0,0,0
0,413.3386834456905,336.6613165543095,0.15037064084298193,0.06232568368644238,-0.3324273734776588,0,0,0
0,312.93841612050346,437.06158387949654,0.11499098487577525,0.18117234389759848,-0.260845035254825,0,0,0
0,449.7167861240239,300.2832138759761,0.40468570422530536,0.15116501519918063,0.0018430882661291115,0,0,0
0,594.0335095420633,155.96649045793674,0.20830947006667733,0.018726436515594982,-0.31372786670772607,0,0,0
0,388.877271389085,361.122728610915,0.25590735523713587,0.11424543144510073,-0.18016288610071235,0,0,0
0,430.02319332012684,319.97680667987316,0.3238568646610103,0.08788888816911947,-0.13593426562522104,0,0,0
0,88.14844402362887,661.8515559763712,0.12349666599382025,0.17151618702940508,-0.261029895318154,0,0,0
0,90.9147289566925,659.0852710433076,0.22846750518831935,0.11291537299529199,-0.20879978875435673,0,0,0
0,767.7284131736639,17.728413173663853,0.40624737092593466,0.12954970062144341,-0.01604902815320519,0,0,0
0,751.7606677796696,1.7606677796695749,0.09520200367549499,0.16874786835272337,-0.29181604444549286,0,0,0
0,143.0691052755997,606.9308947244003,0.3026090442358903,0.0700094866177035,-0.17327354744661544,0,0,0
0,408.6614472094556,341.3385527905444,0.3682483376112796,0.13556389480414643,-0.04863528670342748,0,0,0
0,279.41049082933756,470.58950917066244,0.14168971739453332,0.013563896298454725,-0.38499390557529634,0,0,0
0,489.34137832416036,260.65862167583964,0.0,0.013460316666702138,-0.5267768446384069,0,0,0
0,710.117392534782,39.88260746521803,0.387757195440676,0.10904981145578516,-0.05298910388755623,0,0,0
0,35.46869771720329,714.5313022827967,0.22882446976926943,0.08692468750024772,-0.23183444111894652,0,0,0
0,156.76287340709993,593.2371265929,0.20101113859744396,0.08035256929272416,-0.2655626786775432,0,0,0
0,894.0604971234742,144.0604971234742,0.4146001283629127,0.0,-0.12429100127552617,0,0,0
0,240.71122328552775,509.28877671447225,0.3702254351103986,0.09247528825622309,-0.08543793509743947,0,0,0
0,108.5910542622428,641.4089457377572,0.2125135761079244,0.1026798197111848,-0.23396571579044817,0,0,0
0,82.0024667635576,667.9975332364425,0.17532663591448897,0.030898706773095683,-0.33575565762816384,0,0,0
0,832.4534565539423,82.45345655394226,0.2488971619479542,0.10165060732540644,-0.1985084210976189,0,0,0
0,236.47883806027804,513.521161939722,0.04561205442091065,0.07419340074215466,-0.426505014549589,0,0,0
0,186.7874457385349,563.2125542614651,0.29008283816867897,0.19314637235695037,-0.07497655634850459,0,0,0
0,118.59781948706194,631.402180512938,0.1702598110696703,0.08142897856994562,-0.2953452378558175,0,0,0
0,615.9876623498594,134.01233765014058,0.0,0.08878736920875185,-0.4589824973505622,0,0,0
0,143.71843570098974,606.2815642990103,0.4934269302997746,0.03667248856778901,-0.012458959627654198,0,0,0
0,38.55003043571259,711.4499695642874,0.17580855954751484,0.10896484130140183,-0.2650142129196624,0,0,0
0,332.7369122324152,417.2630877675848,0.01224475466410066,0.15773426109317368,-0.38468553999048194,0,0,0
0,53.7241514486706,696.2758485513294,0.2982260245121711,0.12080189830065294,-0.1319433966556801,0,0,0
0,821.6393383987687,71.6393383987687,0.0,0.10165802589927794,-0.44739890632908874,0,0,0
0,594.9535770107879,155.04642298921215,0.23083210322099748,0.10461963044951186,-0.2139013590128807,0,0,0
0,805.1309674402358,55.13096744023585,0.3721780635115546,0.0741694810437532,-0.09996053318750642,0,0,0
0,366.7407603662113,383.2592396337887,0.0,0.06517346399091428,-0.480235012046616,0,0,0
0,62.56294146477914,687.4370585352209,0.0580889682620441,0.16904799716625316,-0.32865896392676697,0,0,0
0,190.88450979575433,559.1154902042457,0.1816576957167038,0.06794525242664443,-0.2960827067377551,0,0,0
0,990.37943070218,240.37943070218,0.302537512582843,0.10752966386724433,-0.139576919575076,0,0,0
0,220.6396749181827,529.3603250818173,0.08706259983415099,0.1881341589785832,-0.282507786723563,0,0,0
0,742.3007758571047,7.699224142895332,0.41784451167855313,0.11244062799132792,-0.019850052767690585,0,0,0
0,862.8323826719784,112.8323826719784,0.10695567813265512,0.15012493439790964,-0.2968230105476651,0,0,0
0,631.5244915696084,118.47550843039164,0.3294411130520429,0.10272072942949485,-0.11700136009985063,0,0,0
0,640.3525393494274,109.64746065057261,0.2210490968896879,0.055403340138146816,-0.26797902662441886,0,0,0
0,51.31827077657392,698.681729223426,0.011659138357779153,0.13413854782737694,-0.4065072982360205,0,0,0
0,286.44044454998993,463.55955545001007,0.2981640970229124,0.04857628729475094,-0.19700837405025062,0,0,0
0,747.1266760155553,2.87332398444471,0.460182310576767,0.15013417645889085,0.056411939751329854,0,0,0
0,747.7817514960796,2.2182485039204494,0.1669136483912738,0.06539018844346839,-0.31312631164804355,0,0,0
0,341.25220419989455,408.74779580010545,0.4499119378068688,0.14766239913787982,0.04391696739252171,0,0,0
0,105.41027935180813,644.5897206481918,0.23953398529641468,0.10704949359278862,-0.20301260010851446,0,0,0
0,952.5135531877893,202.51355318778928,0.0863600272062591,0.15145430623739492,-0.31622222681852435,0,0,0
0,128.1474341054898,621.8525658945102,0.0,0.07284566360086972,-0.47333003239765614,0,0,0
0,641.3418375221605,108.65816247783948,0.20965751709648717,0.12418660469876427,-0.21746566831306385,0,0,0
0,463.7226349354502,286.2773650645498,0.29315496818281706,0.17519460943205964,-0.08806101296676816,0,0,0
0,647.507332375533,102.492667624467,0.0020928232886488485,0.1106077237352991,-0.4372513549880208,0,0,0
0,396.0506892633425,353.9493107366575,0.1801834171368509,0.21270369255909188,-0.16727438919840532,0,0,0
0,652.955300637046,97.04469936295402,0.0,0.03477592664371393,-0.5075927956590963,0,0,0
0,180.48143209897572,569.5185679010243,0.2892963278730489,0.18342149069085872,-0.08451546014361716,0,0,0
0,826.0507221830547,76.05072218305475,0.24029034111974495,0.1578087087583734,-0.15657295063615784,0,0,0
0,717.277552427734,32.72244757226599,0.34932880318051185,0.07279417447952038,-0.1240475694263587,0,0,0
0,87.09044637876784,662.9095536212321,0.523809486280854,0.08374108775736444,0.060285335624043146,0,0,0
0,752.861285147327,2.861285147326953,0.3291067201136829,0.1336165126466252,-0.08952954814279329,0,0,0
0,470.73446206110134,279.26553793889866,0.15983722858398383,0.01936336151576115,-0.36162687569027,0,0,0
0,730.1079627341077,19.892037265892327,0.41624368662896627,0.09124764716253753,-0.040524560563188816,0,0,0
0,372.9606124216994,377.0393875783006,0.5618634358883796,0.11416410091346886,0.12571999707206272,0,1,0
0,375.6329298285951,374.3670701714049,0.08711521150588786,0.12536572982060692,-0.3389467612940048,0,0,0
0,718.7181900801992,31.28180991980082,0.1622145315733625,0.04234588841175552,-0.33856529849449646,0,0,0
0,570.2205591270291,179.7794408729709,0.3461248997476749,0.08294010742470918,-0.11812013320852571,0,0,0
0,562.5097228075912,187.49027719240883,0.0,0.07084014116726044,-0.4751350025879045,0,0,0
0,245.7199062399108,504.2800937600892,0.07602297451149799,0.10634761092785175,-0.36715530529187435,0,0,0
0,398.8992976922089,351.1007023077911,0.36338251396894333,0.12919684015918148,-0.05923145952623221,0,0,0
0,742.1065698128965,7.89343018710349,0.370390962107474,0.17866115019132542,-0.0077051323587720155,0,0,0
0,976.3068073297821,226.30680732978215,0.16605831922700665,0.09111360830861556,-0.29083056293367826,0,0,0
0,2.7409192183748265,747.2590807816251,0.11861094566991688,0.13558185854538182,-0.2982565112776784,0,0,0
0,294.6901445015928,455.3098554984072,0.038342898136113024,0.11341720267093156,-0.39847274909848746,0,0,0
0,93.96787368004634,656.0321263199537,0.06484903714019732,0.09846965674894823,-0.3854194014241882,0,0,0
0,440.0151392482532,309.9848607517468,0.0,0.10052815154863867,-0.4484157932446641,0,0,0
0,84.66832395323787,665.3316760467621,0.06618613439857643,0.1504075532849022,-0.3373381972834505,0,0,0
0,502.0805868520064,247.91941314799362,0.0,0.12055863708031503,-0.43038835626615535,0,0,0
0,425.90044731805375,324.09955268194625,0.13882554802219108,0.04593940693200615,-0.3587201153774423,0,0,0
0,334.8307039321551,415.1692960678449,0.0,0.08949885786677433,-0.45834215755834196,0,0,0
0,473.80440740517594,276.19559259482406,0.23797568488011642,0.11573942428508573,-0.1967499629017453,0,0,0
0,931.2186730767074,181.21867307670743,0.22308813625375817,0.047956056695748484,-0.27264254235850705,0,0,0
0,525.84051823972,224.15948176027996,0.09524878668602796,0.13348993051143276,-0.3235014054921214,0,0,0
0,419.729642866347,330.270357133653,0.3229853501985305,0.12730371916091776,-0.10133243219508242,0,0,0
0,182.32240428231339,567.6775957176866,0.15601573213784287,0.1566031787583666,-0.24193253661806607,0,0,0
0,894.26463887529,144.26463887528996,0.3841257631118179,0.12437999739360268,-0.04282336887237859,0,0,0
0,22.31283292563169,727.6871670743683,0.16779531998648894,0.0,-0.37109580965194994,0,0,0
0,804.6343728591851,54.63437285918508,0.31504992042601543,0.09470290866586045,-0.13860859141314907,0,0,0
0,831.68422172638,81.68422172637997,0.42350239366647313,0.12346694285451489,-0.00426848740290231,0,0,0
0,345.04896859249834,404.95103140750166,0.3112768886876257,0.1789712815978057,-0.06654008751278806,0,0,0
0,972.4630838205594,222.4630838205594,0.0,0.12434132109288068,-0.42698394065484624,0,0,0
0,26.868897443990015,723.13110255601,0.21346468765718948,0.1510118456965113,-0.18951578085438925,0,0,0
0,6.568246771986308,743.4317532280137,0.21024561265145492,0.03285057722256042,-0.29907999748667957,0,0,0
0,704.6565353780547,45.34346462194526,0.13254061508857407,0.12098335327404337,-0.2974654966032258,0,0,0
0,667.7411944133528,82.25880558664721,0.0,0.08249600106730062,-0.4646447286778683,0,0,0
0,153.7977718925959,596.2022281074042,0.0,0.10381782893098791,-0.44545508360054975,0,0,0
0,485.117661908506,264.882338091494,0.13536044618461063,0.09711438642599746,-0.3161277356704305,0,0,0
0,67.06970630626952,682.9302936937305,0.1736906480580987,0.07561424809328043,-0.2971476582963878,0,0,0
0,377.65468470139206,372.34531529860794,0.3910967936955182,0.0802092340732971,-0.07560602527695331,0,0,0
0,964.7513961936697,214.75139619366973,0.1709117752839881,0.1348141822928658,-0.24664659029087155,0,0,0
0,440.30172032742854,309.69827967257146,0.0,0.1153934564646211,-0.4350370188202799,0,0,0
0,215.8202256406767,534.1797743593233,0.6630852535624474,0.10338546745517165,0.217241044633663,1,1,0
0,736.112456916244,13.887543083755986,0.36728198892588004,0.07101463949609318,-0.10769596516607494,0,0,0
0,940.0625591779327,190.0625591779327,0.16784229748950702,0.0166175855016856,-0.3560930051974148,0,0,0
0,531.8058921295603,218.19410787043967,0.09510018857222685,0.05035475694026331,-0.398471659819975,0,0,0
0,651.0668047994048,98.93319520059515,0.38713065179879214,0.075592750287818,-0.08372700258061055,0,0,0
0,81.69061354424645,668.3093864557536,0.23622026648425615,0.14442289356037877,-0.1726902589498418,0,0,0
0,548.2844668589439,201.71553314105608,0.18111216775789615,0.08318329597023529,-0.282913995507331,0,0,0
0,10.074543985059247,739.9254560149408,0.5408152947509652,0.08486797801380569,0.07830534532495148,0,1,0
0,534.7391186346093,215.26088136539067,0.6407713771167851,0.06251017718963867,0.15813940694902107,1,1,0
0,348.08669478366625,401.91330521633375,0.3623767558847219,0.11880099618578767,-0.0695934771865081,0,0,0
0,1.1293736958645217,748.8706263041355,0.5567159630879488,0.08133404597399678,0.09102547482610701,0,1,0
0,38.48975199306792,711.5102480069321,0.0,0.21262757844218053,-0.34752630904047643,0,0,0
0,924.4719548414313,174.47195484143128,0.2994387192857425,0.08094877516342615,-0.16659851270561282,0,0,0
0,994.6020801351222,244.60208013512215,0.0,0.15233862604206777,-0.4017863662005779,0,0,0
0,11.086634260414009,738.913365739586,0.3594433427082334,0.22821218711064284,0.025943181469373133,1,0,1
0,468.4162737357955,281.5837262642045,0.3705507618018896,0.1142987434168229,-0.06547149876140868,0,0,0
0,414.38757226347855,335.61242773652145,0.338680663794396,0.1545741016048452,-0.06109377439968222,0,0,0
0,446.8603103937723,303.1396896062277,0.1029984351339017,0.037116575310743985,-0.4024877767248676,0,0,0
0,150.8990427498461,599.1009572501539,0.062984177954787,0.18644822003613407,-0.3081035536511312,0,0,0
0,817.9457222611343,67.94572226113428,0.3468064100416999,0.14257397935701055,-0.06376813817542948,0,0,0
0,509.2318275843545,240.7681724156455,0.4701790198381603,0.08270441383179816,0.005721862648339737,0,0,0
0,495.03121412803677,254.96878587196323,0.0,0.16512605539353564,-0.39027767978425676,0,0,0
0,964.4209266111768,214.4209266111768,0.5646171163162745,0.1824388065259904,0.189920912551227,0,1,1
0,409.9982574912731,340.0017425087269,0.15487433680780033,0.04584757837547343,-0.3427539722927124,0,0,0
0,725.9792267201508,24.02077327984921,0.20772145198630912,0.06398006684332938,-0.2735876174931333,0,0,0
0,329.7017388880611,420.2982611119389,0.0789964301586306,0.054879952527515666,-0.4105027422050442,0,0,0
0,688.9975944699977,61.00240553000231,0.11319448691700655,0.1751551467403171,-0.2680570106551469,0,0,0
0,12.854706111717462,737.1452938882826,0.1922773230343376,0.09789156467762648,-0.2585113983942374,0,0,0
0,745.7770804246644,4.222919575335595,0.2837533030986946,0.110760074549701,-0.15545375944501338,0,0,0
0,693.2475026671099,56.75249733289013,0.35674637545196397,0.16179913595718073,-0.03652553182501228,0,0,0
0,832.7481950963205,82.7481950963205,0.029286687739357664,0.16844220108517166,-0.3580064609224267,0,0,0
0,739.0455790023012,10.954420997698776,0.0,0.10076629666928615,-0.44820146263608135,0,0,0
0,41.28560784696311,708.7143921530369,0.1915634332125457,0.1550764172516284,-0.2077589208994276,0,0,0
0,870.2950851464469,120.29508514644692,0.18283707407988808,0.10915759815899907,-0.2578122172154516,0,0,0
0,481.76296973948416,268.23703026051584,0.3706851311140154,0.11607083623198754,-0.06374224591563471,0,0,0
0,463.4501604641849,286.5498395358151,0.1307126355989136,0.07827756118504006,-0.33772868897298924,0,0,0
0,45.713480780217644,704.2865192197823,0.24896421521100087,0.08319170253509539,-0.21505438214585215,0,0,0
0,984.9171950452153,234.9171950452153,0.11143443985250776,0.08942818645894737,-0.3469713219728785,0,0,0
0,644.8075740017797,105.1924259982203,0.214448800486499,0.03378661848777077,-0.2940343725129462,0,0,0
0,877.6799716288027,127.67997162880272,0.2242636351955724,0.17292517974851587,-0.15899483266920222,0,0,0
0,807.2073091947318,57.207309194731806,0.2900385606693226,0.07169633807689318,-0.1843258646999124,0,0,0
0,925.6690852006402,175.6690852006402,0.2625192071946817,0.14001511334995373,-0.15035832042879882,0,0,0
0,210.94841417762177,539.0515858223782,0.259473513854125,0.1367314810976083,-0.15635928279646644,0,0,0
0,368.4570195044251,381.5429804955749,0.0643055766347603,0.11122812128604127,-0.37448024384624146,0,0,0
0,78.52645095311117,671.4735490468888,0.6624899650904694,0.06651439313157839,0.1834617892704511,1,1,0
0,584.8413700488976,165.1586299511024,0.5643243448060007,0.1042916291159807,0.11929568137194446,0,1,0
0,649.6864178653982,100.3135821346018,0.42286110171560753,0.14317753049808124,0.012829749525441803,0,0,0
0,242.35291872031527,507.6470812796847,0.03960695526714797,0.08035724570879958,-0.4269626532333713,0,0,0
0,402.1831717092147,347.8168282907853,0.0,0.052811526964607475,-0.49136075537029217,0,0,0
0,439.88093035349317,310.11906964650683,0.08756544055600421,0.10978651404977545,-0.35251782643763674,0,0,0
0,37.52088856164293,712.4791114383571,0.1893690910987559,0.12083373094990649,-0.24077168068476712,0,0,0
0,286.0817135431737,463.9182864568263,0.41093600654291246,0.07991421421170808,-0.056032330304989164,0,0,0
0,587.6037513888334,162.39624861116658,0.0914783492082045,0.06591080529955137,-0.3880930556606381,0,0,0
0,192.96336261586856,557.0366373841314,0.03285988866806536,0.09421586580381616,-0.421236961746939,0,0,0
0,601.4299966569847,148.5700033430153,0.40198215561132905,0.06451545620850878,-0.07884506343945191,0,0,0
0,952.5656503081162,202.56565030811623,0.2567593126233848,0.1641084074886125,-0.1344342502753028,0,0,0
0,162.5227281659204,587.4772718340796,0.1604291999890871,0.0,-0.37846192964935177,0,0,0
0,586.5844525193941,163.41554748060594,0.1969341344347973,0.14995750302762756,-0.20699524247877676,0,0,0
0,480.005360121575,269.994639878425,0.0,0.08852227427710077,-0.45922108278904816,0,0,0
0,342.17992442185096,407.82007557814904,0.12225671972053168,0.09319511340146944,-0.33275880785658474,0,0,0
0,602.5447725511611,147.45522744883885,0.35851796341375936,0.10480042104915874,-0.08605278728043664,0,0,0
0,36.376394217942256,713.6236057820578,0.10983202107967291,0.0449622422050375,-0.3885930905742322,0,0,0
0,234.3792515561478,515.6207484438522,0.3930703806476932,0.11637662083164749,-0.041081790242262994,0,0,0
0,183.8110662567226,566.1889337432774,0.49481748174527657,0.013688863592804773,-0.03175367065963797,0,0,0
0,996.3922020199923,246.39220201999228,0.02344769105816813,0.11725352052100244,-0.4099152701113685,0,0,0
0,797.9936446202682,47.99364462026824,0.04898515580190438,0.20838458795005607,-0.302359844681484,0,0,0
0,180.70539456875545,569.2946054312446,0.16687832643077918,0.06203046899070075,-0.316185381116029,0,0,0
0,415.20852823537814,334.79147176462186,0.3586158058883845,0.07137132379904215,-0.11604113233091645,0,0,0
0,72.80122341750939,677.1987765824906,0.1844115494642027,0.17475650292698236,-0.19719872753995205,0,0,0
0,414.35600748184686,335.64399251815314,0.270432114583065,0.10783628258771405,-0.17140636072643123,0,0,0
0,684.8374493681547,65.1625506318453,0.42160609522308434,0.08213135017147898,-0.04336681926102348,0,0,0
0,342.2022551708263,407.7977448291737,0.24060168783687752,0.08908761863299677,-0.21811058503186426,0,0,0
0,173.9719943363557,576.0280056636443,0.20352707839496617,0.09603301882921371,-0.24893433429718037,0,0,0
0,942.7430999425522,192.74309994255225,0.21750500059865696,0.2208892029958284,-0.12258584634353636,1,0,0
0,500.29209494071915,249.70790505928085,0.0,0.15730942097082948,-0.39731265076469235,0,0,0
0,220.49120225990083,529.5087977400992,0.2996807546414174,0.0838941654686336,-0.16370562607525124,0,0,0
0,648.7514374582307,101.24856254176927,0.0,0.0853808122609904,-0.4620483986035475,0,0,0
0,963.3395386763174,213.33953867631737,0.07305183896769282,0.016260813892844492,-0.451204558167186,0,0,0
0,624.7673131961793,125.23268680382068,0.2866054520804127,0.06361713229922915,-0.1950302584887199,0,0,0
0,830.5986559933161,80.59865599331613,0.3509061817371627,0.20695731857511931,-0.0017233611836687812,0,0,0
0,311.70064045748916,438.29935954251084,0.06946503318549835,0.0781425628274404,-0.3990977899082442,0,0,0
0,876.1525893995179,126.15258939951786,0.34533237092567204,0.12670154808914497,-0.07952736543253636,0,0,0
0,930.8327363466552,180.83273634665522,0.1373799278924531,0.10445906121715172,-0.30749804665054925,0,0,0
0,106.33170242050116,643.6682975794988,0.4572555379342944,0.11553928761317422,0.022349767147712307,0,0,0
0,146.4775003008254,603.5224996991747,0.17478729398695053,0.11583673824531937,-0.2598507712307009,0,0,0
0,13.333784205708742,736.6662157942912,0.05948343190084068,0.10728689818494061,-0.38284948937115165,0,0,0
0,838.7551198386604,88.75511983866045,0.15875506267509162,0.07947512762587931,-0.3086084521000559,0,0,0
0,383.25238957915343,366.74761042084657,0.17751812060400457,0.0992562504779035,-0.27204238360432115,0,0,0
0,582.1148324320583,167.88516756794172,0.0,0.08972257290562287,-0.4581408140233783,0,0,0
0,711.8774608189566,38.12253918104341,0.23795128103471963,0.07431452076844691,-0.23405677991211704,0,0,0
0,871.3316311371564,121.33163113715636,0.49138727782805425,0.12936442764735084,0.06892413307223111,0,0,0
0,254.5017019409278,495.4982980590722,0.0787778605890737,0.014069153038690982,-0.44745103131454333,0,0,0
0,66.03226364913984,683.9677363508602,0.10844797975973801,0.06621891112726466,-0.37084612986416265,0,0,0
0,33.830161443662355,716.1698385563376,0.18664596330570402,0.19041489884215168,-0.18087175737479833,0,0,0
0,24.39287806073054,725.6071219392695,0.15451526087539044,0.12102541684805695,-0.2754529935997972,0,0,0
0,19.55942310469283,730.4405768953071,0.20971919694497745,0.2001095064256426,-0.14907337691038308,0,0,0
0,828.0533524471115,78.05335244711148,0.07167359886391703,0.13099241128435432,-0.34932436061860295,0,0,0
0,171.31557353606152,578.6844264639385,0.17919367372289619,0.11880398046480851,-0.25277387349721503,0,0,0
0,248.47275275586244,501.5272472441376,0.4687084086087936,0.026942538406977565,-0.04593443646336548,0,0,0
0,110.05440743227246,639.9455925677275,0.19608712759758615,0.15788493029721448,-0.20070756477335971,0,0,0
0,237.95675449860565,512.0432455013944,0.2574191919402019,0.15490881264138087,-0.14205400632099419,0,0,0
0,801.3474023899635,51.34740238996346,0.08541059779758918,0.15364133692993778,-0.3152033286039057,0,0,0
0,816.7168965799879,66.71689657998786,0.38771304933177725,0.11393384762350106,-0.04863761744551065,0,0,0
0,515.3712702572996,234.62872974270044,0.0,0.05824472768513321,-0.486470874721819,0,0,0
0,571.0258299857132,178.97417001428676,0.3609081993541598,0.0,-0.17798293028427908,0,0,0
0,841.8984721395543,91.89847213955431,0.3966345354036145,0.07616617086627261,-0.07370704045517906,0,0,0
0,841.6300094306079,91.63000943060786,0.0,0.09531777993692911,-0.45310512769520267,0,0,0
0,396.25704431001793,353.74295568998207,0.4157596620977686,0.10713116633218016,-0.02671341784170811,0,0,0
0,996.5611732123614,246.56117321236138,0.1486180954591106,0.13456852368323513,-0.26916136286441666,0,0,0
0,635.9082726987946,114.09172730120542,0.36254050742571176,0.21985311767195498,0.02151718369203237,1,0,1
0,163.07930237182978,586.9206976281703,0.0,0.16597811700726062,-0.3895108243319043,0,0,0
0,445.2612527998695,304.7387472001305,0.0902209421837193,0.218991396157492,-0.25157793091297675,1,0,0
0,52.31620182692376,697.6837981730762,0.009423017573474385,0.0,-0.5294681120649645,0,0,0
0,870.3222727417208,120.32227274172078,0.38927770843999,0.11966918518960663,-0.04191115452780292,0,0,0
0,220.1249452069175,529.8750547930825,0.17299407608160972,0.08586750548795521,-0.28861629861766946,0,0,0
0,31.864470409977752,718.1355295900222,0.40940776911224197,0.08291704553789328,-0.05485801954209296,0,0,0
0,172.6649434902331,577.3350565097669,0.33841427184739864,0.08448801452237495,-0.1244376447209028,0,0,0
0,115.30032756895604,634.699672431044,0.29949977213332923,0.21005200789892045,-0.05034455039608121,0,0,0
0,859.8052624338543,109.8052624338543,0.21929859523757209,0.13673723221669873,-0.19652902540583794,0,0,0
0,949.1237419809852,199.1237419809852,0.11047867040114075,0.10920702903893077,-0.33012613310226047,0,0,0
0,912.9157427999858,162.91574279998576,0.3201637751636068,0.14633941372427173,-0.08702188212298756,0,0,0
0,293.82992468807345,456.17007531192655,0.1536479846495341,0.11611706739353701,-0.28073778433472146,0,0,0
0,745.9172777162795,4.0827222837205,0.24825595260143743,0.0,-0.2906351770370015,0,0,0
0,9.813264090306472,740.1867359096935,0.298777286452816,0.12678416720042604,-0.1260080927052395,0,0,0
0,865.2410506652665,115.24105066526647,0.17057178131920722,0.06348578683816064,-0.3111821401648871,0,0,0
0,18.115977667788496,731.8840223322115,0.03716341647531024,0.07869476837980724,-0.4309024216213021,0,0,0
0,185.9214918544786,564.0785081455214,0.28140758720316067,0.12468507287507521,-0.1452669768477105,0,0,0
0,38.870992706556365,711.1290072934437,0.25114701924497,0.01607640320334011,-0.2732753475104628,0,0,0
0,303.54700780841813,446.45299219158187,0.39396568351117883,0.1384180067959475,-0.02034924001090732,0,0,0
0,980.8202010993962,230.82020109939617,0.0,0.08899672154143223,-0.45879408025114987,0,0,0
0,304.31397571306684,445.68602428693316,0.23661419476797835,0.1192639070260392,-0.19493941854702523,0,0,0
0,583.3429854849143,166.65701451508573,0.0,0.06242068096952382,-0.48271251676586746,0,0,0
0,871.179327532141,121.17932753214097,0.37838777244334154,0.13649196807972633,-0.03766058592334365,0,0,0
0,941.4740104437184,191.47401044371838,0.30973310684529287,0.1520824060692033,-0.09228385733086303,0,0,0
0,628.5521743411898,121.44782565881019,0.29669732972131224,0.09882362194336035,-0.1532525401681023,0,0,0
0,447.15304213242615,302.84695786757385,0.018861208946964192,0.18183115014218737,-0.35638188556350603,0,0,0
0,776.2684883527661,26.2684883527661,0.28829238893763653,0.11419264284026477,-0.14782536214456404,0,0,0
0,952.5846341587646,202.58463415876463,0.28909890237825464,0.08975375850527294,-0.1690138446054386,0,0,0
0,942.2565933277307,192.25659332773068,0.31033895498856323,0.07913161076209296,-0.157333724963992,0,0,0
0,442.266894338963,307.733105661037,0.37220988714089437,0.09120600131251032,-0.08459584131628523,0,0,0
0,598.2694335724374,151.73056642756262,0.19020760582426555,0.223728542494084,-0.14732783556949774,1,0,0
0,247.8011072525995,502.19889274740046,0.0,0.10715837136076624,-0.44244859541374926,0,0,0
0,833.128948708357,83.12894870835703,0.24770641398167545,0.12674652993965668,-0.17711283871107242,0,0,0
0,388.17661782467127,361.82338217532873,0.2068999708335002,0.07497941149316192,-0.26450968846109296,0,0,0
0,179.22675454243776,570.7732454575622,0.27345092119273295,0.1271679214061129,-0.15098907918020432,0,0,0
0,963.3694730044804,213.36947300448037,0.1505728741058888,0.13992428447698013,-0.262386399503268,0,0,0
0,64.60072118088623,685.3992788191138,0.31511440118140954,0.0459995380111775,-0.1823771442469696,0,0,0
0,933.7774414120942,183.77744141209416,0.17774642636102003,0.07961862198908871,-0.289487943487239,0,0,0
0,439.12075910828383,310.87924089171617,0.15249470641341678,0.09766507567868109,-0.2984978551142091,0,0,0
0,600.0134396789143,149.98656032108568,0.42883089071270897,0.06567337893150349,-0.05095419788737676,0,0,0
0,981.2607986999121,231.26079869991213,0.24945208226853174,0.09434016643551402,-0.20453289757794452,0,0,0
0,710.1034103725392,39.8965896274608,0.2080391845193652,0.09335874598641014,-0.24682907373130453,0,0,0
0,7.466957908445981,742.533042091554,0.3335962675182338,0.029361264821610167,-0.17886972378075594,0,0,0
0,715.4676943078366,34.53230569216339,0.5224928517844651,0.1861444839246493,0.15113175767821063,0,0,1
0,221.61717823840766,528.3828217615924,0.2670727061697291,0.11105118403017827,-0.1718723578415493,0,0,0
0,628.5340433874246,121.46595661257538,0.04739695827851281,0.14040699798307782,-0.36512787317515605,0,0,0
0,451.2411267892834,298.7588732107166,0.263081651978068,0.13029544848211128,-0.15854357402647073,0,0,0
0,111.33330035911493,638.6666996408851,0.2480262207344292,0.10138185350773672,-0.19962124074704662,0,0,0
0,674.2827668238201,75.71723317617989,0.24787492756045046,0.10195962978912614,-0.19925253526777487,0,0,0
0,475.2665483198076,274.7334516801924,0.2874334191665252,0.07625966253192622,-0.18282401419318006,0,0,0
0,112.63781212229884,637.3621878777012,0.30279853502562926,0.2022631662582935,-0.05405574498034549,0,0,0
0,14.863731699964244,735.1362683000358,0.26692264309330976,0.1955071779610083,-0.09601202638022166,0,0,0
0,648.2862679139783,101.71373208602165,0.0,0.06598396231443812,-0.47950556355544455,0,0,0
0,67.35865593272617,682.6413440672738,0.2017686358375117,0.06760271249033208,-0.2762800525596283,0,0,0
0,234.00811991398095,515.991880086019,0.2122251118852197,0.1592438912718128,-0.18334651560858767,0,0,0
0,187.59104764537216,562.4089523546279,0.3409605698867585,0.1941616998201599,-0.023185029913536437,0,0,0
0,612.7605707535754,137.2394292464246,0.10768826600731526,0.10392397301824878,-0.3376712879146997,0,0,0
0,432.66341480370505,317.33658519629495,0.1623121026667357,0.07507276719701729,-0.3090135364943876,0,0,0
0,860.2119289687299,110.21192896872992,0.14603851968057824,0.06256438884773166,-0.33654465999490213,0,0,0
0,869.817985773598,119.81798577359802,0.08144730982961802,0.06324643162291549,-0.4005220313481969,0,0,0
0,349.9540975195833,400.0459024804167,0.18562035077512246,0.1393794233612719,-0.22782929783817174,0,0,0
0,833.9203705286001,83.92037052860007,0.048182252680425836,0.10457883420974481,-0.3965879261692427,0,0,0
0,995.8942629249468,245.89426292494682,0.06591487792804748,0.07287314194426465,-0.4073904239605532,0,0,0
0,805.2655313961674,55.265531396167376,0.1641667837811375,0.046955168956465725,-0.33246469379648225,0,0,0
0,653.9364010007597,96.0635989992403,0.43649429166895215,0.11779512166360034,0.0036187715277535837,0,0,0
0,356.27134260599934,393.72865739400066,0.0,0.1582023848821388,-0.39650898324451395,0,0,0
0,928.1007704809367,178.10077048093672,0.41620463929263285,0.09741031815330693,-0.035017204007829816,0,0,0
0,187.90611003094926,562.0938899690507,0.3406047269523995,0.13150380658817212,-0.07993297675668443,0,0,0
0,683.8404902896284,66.1595097103716,0.12513378277931647,0.09352616596679164,-0.3295837974890099,0,0,0
0,459.30982428491683,290.69017571508317,0.29912102734216045,0.04899312740631345,-0.1956762876305963,0,0,0
0,586.7296597660885,163.2703402339115,0.0,0.056835320789481565,-0.4877393409279055,0,0,0
0,108.62675989445525,641.3732401055447,0.3028005485031298,0.07906917885456066,-0.16492832016620446,0,0,0
0,65.55412724724019,684.4458727527598,0.3891651445761251,0.13391874870563722,-0.029199111227240282,0,0,0
0,346.05435364533133,403.94564635466867,0.5236692581412885,0.10448668241347842,0.07881614267498016,0,0,0
0,454.0079495084147,295.9920504915853,0.21200896633724706,0.12271654728981823,-0.2164372707403554,0,0,0
0,585.3148257863197,164.68517421368028,0.4244630773879944,0.11360886290951117,-0.01218007563188439,0,0,0
0,772.8153088892008,22.815308889200764,0.4286292862479597,0.04254386224961126,-0.07197236736582902,0,0,0
0,994.6010423146585,244.60104231465846,0.35499093448778696,0.1613524291143403,-0.03868300894774568,0,0,0
0,198.5206251877949,551.4793748122052,0.014612696567068123,0.19456303422353555,-0.3491717022701888,0,0,0
0,903.1103307238811,153.11033072388113,0.0,0.10735129062177141,-0.4422749680788446,0,0,0
0,201.04768457473153,548.9523154252685,0.18899958734261366,0.10881504740495174,-0.25195799963136867,0,0,0
0,977.0286702220209,227.02867022202088,0.25822446999122556,0.17294891652788277,-0.12501263477211882,0,0,0
0,920.9789452014331,170.97894520143313,0.10512430621004065,0.07050489040895913,-0.370312422060335,0,0,0
0,859.8921945232145,109.89219452321447,0.4841677344225132,0.1226679624147058,0.055677770957309525,0,0,0
0,269.9021727162704,480.0978272837296,0.034965845380919874,0.1575803468390422,-0.362102972102381,0,0,0
0,27.103210260274846,722.8967897397251,0.004330406756176741,0.13976677158145495,-0.4087706284589527,0,0,0
0,677.5833874065089,72.4166125934911,0.1504173724007689,0.06294612814758441,-0.331822241904844,0,0,0
0,429.7204155236467,320.2795844763533,0.42769288950147244,0.09956426057091605,-0.02159040562314196,0,0,0
0,400.38010000462367,349.61989999537633,0.28482826664434835,0.06602314958703444,-0.19464202836575956,0,0,0
0,584.0176769826094,165.98232301739063,0.08021656642278992,0.11745503210768521,-0.3529650343187323,0,0,0
0,369.9535093519193,380.0464906480807,0.2062758981502501,0.10333707815537636,-0.23961186114835004,0,0,0
0,231.5186495323589,518.481350467641,0.33801278387334843,0.12243090496711356,-0.09069053129468824,0,0,0
0,561.5480687649617,188.45193123503827,0.18607995153362275,0.11657825223380981,-0.2478907510943873,0,0,0
0,420.20073866448706,329.79926133551294,0.22197182799547432,0.044092581455831725,-0.277235978332716,0,0,0
0,238.801799843814,511.198200156186,0.19190540711739548,0.03872976721513637,-0.31212893202742065,0,0,0
0,750.5277938061165,0.527793806116506,0.5089882041033134,0.2266761256435769,0.17410558754409367,1,0,1
0,114.21639455849841,635.7836054415015,0.08711293119373976,0.13503500087718345,-0.330246697655234,0,0,0
0,883.2698752824082,133.26987528240818,0.17941552114242304,0.08399178059549536,-0.28388300596007,0,0,0
0,271.88107973150676,478.11892026849324,0.0,0.03046292509995427,-0.51147449704848,0,0,0
0,570.5735423692112,179.42645763078883,0.01895722861763169,0.11666640748739449,-0.41493413428215215,0,0,0
0,44.72922793503964,705.2707720649604,0.18357526273758254,0.14156855596803938,-0.22790416652962087,0,0,0
0,176.42252541638882,573.5774745836112,0.0,0.14616447984390663,-0.4073430977789229,0,0,0
0,221.135907074544,528.864092925456,0.0,0.08378440049546755,-0.4634851691925181,0,0,0
0,248.46485262080876,501.53514737919124,0.15141922343661432,0.1244984704456881,-0.27542328280070527,0,0,0
0,265.1014830409232,484.8985169590768,0.28102839556971204,0.048875466537898815,-0.2138748141846179,0,0,0
0,800.6936473742409,50.69364737424087,0.3658645960160849,0.06053087835940588,-0.11854874309888869,0,0,0
0,481.80130242533215,268.19869757466785,0.2094247296665353,0.060408572697278944,-0.27509868454435255,0,0,0
0,311.79643382883637,438.20356617116363,0.18687504184493767,0.12292024560412582,-0.24138786674978796,0,0,0
0,796.8742107926084,46.87421079260844,0.30127390400107495,0.06958124365336667,-0.17499410634933393,0,0,0
0,775.0253515252299,25.025351525229894,0.23389419170603268,0.019154450064053113,-0.2877579328747584,0,0,0
0,127.61982696248353,622.3801730375164,0.25848543758074766,0.047158110804855095,-0.23796339233332164,0,0,0
0,861.1847718028705,111.1847718028705,0.4311637375202273,0.06309382741350734,-0.05094294744605499,0,0,0
0,479.5205578312683,270.4794421687317,0.2619458671119719,0.12673127281676,-0.16288711699138303,0,0,0
0,93.19079757276893,656.8092024272311,0.2991484625542159,0.15426951085628168,-0.10090010731356946,0,0,0
0,582.6509538083545,167.34904619164547,0.12599045540100784,0.10595860598012653,-0.3175379288553172,0,0,0
0,235.88353449281985,514.1164655071801,0.14120809387037056,0.09204094671440935,-0.31484618372509987,0,0,0
0,246.91770416069537,503.0822958393046,0.17245211497531668,0.06483253358085322,-0.3080897344403543,0,0,0
0,121.10900688520876,628.8909931147913,0.1694931830067006,0.1408614655911129,-0.24262262759973663,0,0,0
0,690.3264988062344,59.67350119376556,0.08987263455662967,0.23451831621536465,-0.23795201048798104,1,0,0
0,541.1523969312569,208.84760306874307,0.2617039412201613,0.12315904599139967,-0.1663440470260179,0,0,0
0,305.09115156759583,444.90884843240417,0.12335615219221059,0.11589556293761412,-0.31122897080237555,0,0,0
0,176.39155328609323,573.6084467139068,0.3095357507013846,0.07509492522557154,-0.1617699462340399,0,0,0
0,536.0898473254563,213.91015267454372,0.05367638602197894,0.11515627837481267,-0.38157409307912854,0,0,0
0,989.5912882113238,239.59128821132379,0.3812656958072644,0.16464590334531712,-0.009444120820389035,0,0,0
0,471.84869314389346,278.15130685610654,0.2192711110704503,0.07849756034693825,-0.24897221425574412,0,0,0
0,687.7609655273858,62.23903447261421,0.1940738437130927,0.26672297885277685,-0.10476660495784701,1,0,0
0,623.5915983946232,126.40840160537675,0.16646066319330735,0.17032097255335807,-0.2191415911471093,0,0,0
0,11.458848290532341,738.5411517094676,0.4377604450886785,0.09180503394179465,-0.01850615400214517,0,0,0
0,352.8199762279529,397.1800237720471,0.10197102539185131,0.03959525960908072,-0.40128437059841493,0,0,0
0,486.80837038120285,263.19162961879715,0.12618216542898159,0.04474314762043017,-0.3724401313510701,0,0,0
0,311.27654109217207,438.72345890782793,0.233133896702726,0.07908214067958613,-0.23458330632408536,0,0,0
0,172.30139876178208,577.6986012382179,0.08996287909188441,0.17941097025398778,-0.2874583773179655,0,0,0
0,303.7827978682254,446.2172021317746,0.4015843209401928,0.14313623409189588,-0.00848419801553979,0,0,0
0,876.9354452097668,126.93544520976684,0.09652908923117287,0.12939204467132015,-0.3259092002030779,0,0,0
0,104.29769296788693,645.702307032113,0.15730722575058698,0.15464337145955712,-0.2424048695742505,0,0,0
0,920.2160706991903,170.21607069919025,0.3055970126397247,0.1194860247573032,-0.1257566947171413,0,0,0
0,558.5212727478981,191.47872725210186,0.49978135667757023,0.10239384940844301,0.05304469150673008,0,0,0
0,225.05734065945282,524.9426593405472,0.252771655837858,0.12274737180776045,-0.17564683917359647,0,0,0
0,989.1576318615081,239.1576318615081,0.1919067099622639,0.18263220594272506,-0.18261543432772243,0,0,0
0,340.24623192383984,409.75376807616016,0.17632635884635384,0.19783274814800297,-0.1845152974588824,0,0,0
0,227.13704089283314,522.8629591071668,0.26060082304875515,0.11254308473754333,-0.17700153032589472,0,0,0
0,242.45964565214905,507.54035434785095,0.24970457259298362,0.1416589712834499,-0.16169348289035035,0,0,0
0,62.20654432673689,687.7934556732631,0.23135274028488376,0.15521959157505855,-0.16784075693600242,0,0,0
0,82.70272709353377,667.2972729064662,0.23442160882392435,0.14746613374200984,-0.17175000044670563,0,0,0
0,333.16779789494643,416.83220210505357,0.08198771285610344,0.08882384551271928,-0.3769619558208881,0,0,0
0,935.635840968759,185.635840968759,0.3649248635479915,0.09101393268082604,-0.09205372667770395,0,0,0
0,432.47343600111424,317.52656399888576,0.05801783414258643,0.11611765776786206,-0.3763674035047766,0,0,0
0,325.1161701699592,424.8838298300408,0.10707553794395304,0.16721819150256217,-0.2813192193421799,0,0,0
0,810.7934820303719,60.79348203037193,0.2880648906332873,0.0282289776209788,-0.22542015914627067,0,0,0
0,967.3608255844379,217.36082558443786,0.15565533969487572,0.07154417131976265,-0.31884603575577675,0,0,0
0,439.2331724935203,310.7668275064797,0.3471053767459281,0.1223226844161243,-0.0816953369179989,0,0,0
0,931.1417028512459,181.1417028512459,0.2869289859881268,0.15838317905209984,-0.10941728250342225,0,0,0
0,144.99987161876226,605.0001283812378,0.28485042542571043,0.12705928712610595,-0.1396873457992331,0,0,0
0,63.99059532468221,686.0094046753178,0.06778459995070546,0.05619263408774407,-0.42053315900876376,0,0,0
0,680.5077123195707,69.49228768042929,0.0,0.14116475468439704,-0.41184285042248153,0,0,0
0,848.2352289386986,98.23522893869858,0.0,0.11091739235073816,-0.4390654765227745,0,0,0
0,479.1369314364702,270.8630685635298,0.21415864765964326,0.08387388679597606,-0.24924598386241714,0,0,0
0,663.803780190457,86.19621980954298,0.0,0.11687756467913585,-0.4337013214272166,0,0,0
0,792.6899763739974,42.68997637399741,0.38441858592593253,0.1319569484756803,-0.03571129008439411,0,0,0
0,643.9332916836704,106.0667083163296,0.19181984635085114,0.057580669602549484,-0.2952486806452932,0,0,0
0,596.5058764525459,153.49412354745414,0.0,0.12497253382230301,-0.42641584919836617,0,0,0
0,361.8415505336492,388.1584494663508,0.0,0.15373730965823543,-0.400527550946027,0,0,0
0,215.94890706389924,534.0510929361008,0.06272955473265443,0.08715424538922936,-0.397722754055478,0,0,0
0,142.15097061238134,607.8490293876187,0.2667520530951671,0.12299074577719565,-0.1614474053437957,0,0,0
0,202.88569941004164,547.1143005899584,0.23916782137638026,0.0,-0.2997233082620586,0,0,0
0,133.01393367833646,616.9860663216635,0.0,0.06895070296150038,-0.4768354969730885,0,0,0
0,621.7169909612112,128.2830090387888,0.2991324983809338,0.07050442887113889,-0.17630464527348005,0,0,0
0,542.5297028589262,207.47029714107384,0.32975901862383283,0.08265691888361182,-0.1347408840193554,0,0,0
0,734.851607207386,15.148392792614004,0.20929389826404698,0.15578476661342303,-0.18939094142231117,0,0,0
0,876.5573080614901,126.55730806149006,0.3397524780316703,0.02515369834794591,-0.17650032309361724,0,0,0
0,185.92359234616706,564.0764076538329,0.2760572354484123,0.11024612727450842,-0.16361237964296899,0,0,0
0,161.04322108943614,588.9567789105638,0.0,0.077891114379742,-0.46878912669667105,0,0,0
0,699.5898187969916,50.41018120300839,0.2173223848566467,0.03140402244196325,-0.29330512458402525,0,0,0
0,526.6945708493367,223.30542915066326,0.45096956399168875,0.07504804362132433,-0.02037832638755821,0,0,0
0,245.1450492765279,504.8549507234721,0.31575212303350547,0.07228875434601811,-0.15807912769351712,0,0,0
0,71.25851643669424,678.7414835633058,0.5513836185606592,0.019685303231091356,0.03020926183020256,0,1,0
0,317.9663558513955,432.0336441486045,0.23481460137743324,0.02236998689777589,-0.28394354005300737,0,0,0
0,64.13603384829413,685.8639661517059,0.22461800976430477,0.23582398189251233,-0.10203153617087302,1,0,0
0,851.018410018487,101.01841001848697,0.10520438062775256,0.0917322603992718,-0.3511277146513417,0,0,0
0,242.2914748843279,507.7085251156721,0.0,0.05804549096757142,-0.4866501877676246,0,0,0
0,930.5034393944414,180.50343939444144,0.2727461355949527,0.10864214991909396,-0.16836705911630162,0,0,0
0,708.6810427357723,41.31895726422772,0.544502515773527,0.0335257645964067,0.03578457427185422,0,1,0
0,673.2585960338034,76.74140396619657,0.2295956144373518,0.13292088376452915,-0.18966671981301086,0,0,0
0,842.8007963775852,92.80079637758524,0.2531537029216552,0.14379657117409234,-0.1563205126601006,0,0,0
0,923.4119152930697,173.41191529306968,0.0,0.09930899568235624,-0.44951303352431826,0,0,0
0,718.2200115741165,31.779988425883516,0.23962935289042459,0.15352089055779175,-0.16109297524600175,0,0,0
0,962.5446486157847,212.5446486157847,0.20558010666537496,0.02973068011572498,-0.3065534108689114,0,0,0
0,927.5152736949342,177.5152736949342,0.285438767166431,0.08074994142982628,-0.18077741518516421,0,0,0
0,474.44156842642684,275.55843157357316,0.38535213199402785,0.015672786987532744,-0.13943348935563155,0,0,0
0,494.98617168320135,255.01382831679865,0.407458269542304,0.11199519431409553,-0.030637185213448825,0,0,0
0,166.18699482636956,583.8130051736305,0.3910121676189749,0.13858171628676513,-0.023155417361375386,0,0,0
0,880.5126566776162,130.51265667761618,0.4214611434512579,0.07189654716348721,-0.05272309374004247,0,0,0
0,26.94497413272834,723.0550258672716,0.17554595130489817,0.1329689388982914,-0.24367313332507845,0,0,0
0,275.78147559975275,474.21852440024725,0.21076890392566366,0.09922010718197925,-0.23882412924899388,0,0,0
0,194.7148400807328,555.2851599192672,0.0,0.02261844874012925,-0.5185345257723225,0,0,0
0,974.7561885626054,224.75618856260542,0.044537812848197106,0.1250718419395944,-0.3817886590446068,0,0,0
0,263.3608758228382,486.6391241771618,0.2783463832451926,0.029708093522034185,-0.23380746222341547,0,0,0
0,424.7207572315671,325.2792427684329,0.4253069552102196,0.12705881521658643,0.0007687592667084964,0,0,0
0,928.5807876734794,178.58078767347945,0.11184745558818157,0.10405144191746281,-0.3333973763245408,0,0,0
0,371.3135263825261,378.6864736174739,0.4350708233916052,0.11273483409645235,-0.002358955560026521,0,0,0
0,229.90444040124402,520.0955595987559,0.3499789822775151,0.037572380804070465,-0.15509700463726034,0,0,0
0,261.66056816285186,488.33943183714814,0.3457281285939959,0.11300441877123951,-0.09145902415032747,0,0,0
0,815.7554709571764,65.75547095717639,0.0,0.0,-0.5388911296384389,0,0,0
0,492.96231055544104,257.03768944455896,0.004566671455267957,0.05427320480463026,-0.48547857385900367,0,0,0
0,605.444693635919,144.55530636408105,0.18149908957295133,0.12498877046113566,-0.24490214665046545,0,0,0
0,368.9930363260533,381.0069636739467,0.2316837548837059,0.030107261421462694,-0.28011083947541654,0,0,0
0,846.3030904575144,96.30309045751437,0.20479636428284298,0.029366378755645545,-0.3076650244755149,0,0,0
0,761.4334606920384,11.433460692038352,0.0,0.16246163556843604,-0.3926756576268464,0,0,0
0,486.199762556994,263.800237443006,0.15054675964616288,0.16470118580823134,-0.24011330276486775,0,0,0
0,107.24871469775022,642.7512853022498,0.23271541367069873,0.12777526982088228,-0.19117797312894613,0,0,0
0,202.9007523161469,547.099247683853,0.27600483683506793,0.11171541808754282,-0.16234241652458242,0,0,0
0,202.96985025528758,547.0301497447124,0.2181921454245318,0.07059076513123155,-0.25716729559579865,0,0,0
0,827.2017554764434,77.2017554764434,0.2617248531348168,0.061612046170869614,-0.22171543494983942,0,0,0
0,843.4711906204268,93.4711906204268,0.37177064118522707,0.06177155355510102,-0.11152609025362092,0,0,0
0,609.185691156131,140.81430884386896,0.15799275729096943,0.06818284407405228,-0.31953381268082237,0,0,0
0,223.06235465267633,526.9376453473237,0.07503764895251458,0.02603235650568496,-0.44042435983080785,0,0,0
0,128.9671849502322,621.0328150497678,0.14674351811247155,0.006182295808378674,-0.38658354529842653,0,0,0
0,678.6254964227628,71.37450357723719,0.2549691686459847,0.06033508367112988,-0.2296203856884373,0,0,0
0,645.6833449307287,104.31665506927129,0.1052993530532543,0.07645140825843902,-0.36478550915258945,0,0,0
0,389.6329566067466,360.3670433932534,0.008408118688495003,0.08776076083594384,-0.45149832619759445,0,0,0
0,924.0979831648268,174.09798316482681,0.08650035444351213,0.09323622787762635,-0.368478170105063,0,0,0
0,722.168961798755,27.83103820124495,0.19915850047894004,0.09572890991245382,-0.25357661023829037,0,0,0
0,576.6130254012811,173.3869745987189,0.2163956797176646,0.00462800682359564,-0.3183302437795382,0,0,0
0,513.3954949684377,236.60450503156233,0.0,0.15499412399735502,-0.3993964180408194,0,0,0
0,45.3801916361849,704.6198083638151,0.037871160754419264,0.13974944475619824,-0.3752454686034412,0,0,0
0,571.8676717252067,178.13232827479328,0.4123309757050867,0.1750999603258099,0.03102981035987673,0,0,1
0,151.86591523663694,598.134084763363,0.06440650609376278,0.06459932272286323,-0.4163452330940992,0,0,0
0,834.3035573513096,84.30355735130956,0.0,0.044616796773685324,-0.4987360125421221,0,0,0
0,359.34521135760957,390.65478864239043,0.1445386879528297,0.10850302256581186,-0.2966997213763785,0,0,0
0,391.6093254281866,358.3906745718134,0.1189801604375745,0.1021490734261722,-0.32797680311730937,0,0,0
0,57.7371530367442,692.2628469632558,0.3305582693291168,0.11403174765951293,-0.10570428741576043,0,0,0
0,439.29781544596847,310.70218455403153,0.21381722672858083,0.17886049895786987,-0.16409945384777513,0,0,0
0,16.056186762651635,733.9438132373484,0.0,0.11658198203235517,-0.4339673458093192,0,0,0
0,66.36649058550591,683.633509414494,0.3376137671404472,0.029825026298284693,-0.17443483882953542,0,0,0
0,245.02170607886842,504.9782939211316,0.013064966325040978,0.1522559427246465,-0.38879581486121606,0,0,0
0,41.811169727123065,708.1888302728769,0.1606055865410838,0.10946492291885725,-0.27976711247038355,0,0,0
0,658.3809022957897,91.61909770421028,0.08582002985963481,0.06335577620461653,-0.3960509011946492,0,0,0
0,436.02132060109966,313.97867939890034,0.0,0.07715530400417825,-0.46945135603467847,0,0,0
0,537.8992514387802,212.1007485612198,0.4105686403765445,0.17127851526052545,0.02582817447257857,0,0,1
0,992.4731850897214,242.47318508972137,0.0,0.11607172136279362,-0.4344265804119246,0,0,0
0,234.3160653202585,515.6839346797415,0.3329488590368862,0.05712307698388161,-0.15453150131605925,0,0,0
0,345.02672310301153,404.97327689698847,0.29436929052151495,0.16178338870042755,-0.09891678928653913,0,0,0
0,514.6459761807083,235.35402381929168,0.09584576175378062,0.13661459221398825,-0.32009223489206884,0,0,0
0,150.08937882569128,599.9106211743087,0.10569291261544907,0.10344888458577843,-0.3400942208957892,0,0,0
0,987.9833784236141,237.9833784236141,0.10773074151824319,0.16632979739601944,-0.2814635704637782,0,0,0
0,741.8451878327769,8.154812167223099,0.42980007652362007,0.13944089161972856,0.016405749342936926,0,0,0
0,43.67639436813131,706.3236056318686,0.5767085898462045,0.041481196631169906,0.07515053717581854,1,1,0
0,208.08198660052057,541.9180133994794,0.052564690793066804,0.0,-0.4863264388453721,0,0,0
0,151.0257850876381,598.974214912362,0.2826941733383895,0.184653370764913,-0.09000892261162768,0,0,0
0,930.8964651335818,180.89646513358184,0.15774879554661814,0.10778312504789637,-0.284137521548714,0,0,0
0,964.8990852554223,214.89908525542228,0.24919936515181837,0.06839370308703363,-0.22813743170829026,0,0,0
0,237.49563450587442,512.5043654941255,0.11522950509365346,0.08427874312156097,-0.34781075573538056,0,0,0
0,690.2873967372738,59.71260326272625,0.20101988985687352,0.15590965113321256,-0.19755255376167402,0,0,0
0,752.9242808892905,2.9242808892904577,0.1177623034657625,0.08550705009276222,-0.3441724810891904,0,0,0
0,834.5627167493076,84.56271674930758,0.3790051827395658,0.0199619934196026,-0.14192015282123077,0,0,0
0,211.6370753133281,538.3629246866719,0.04649164216810775,0.2392200091648347,-0.2771014792219799,1,0,0
0,625.0796007591002,124.92039924089977,0.14550424464688644,0.12050959100624557,-0.2849282530859314,0,0,0
0,784.0591807438942,34.05918074389422,0.1871943542905139,0.10935604670344728,-0.2532763333148224,0,0,0
0,936.0641237593928,186.06412375939283,0.1507532732305929,0.18107352200338678,-0.22517168660479792,0,0,0
0,356.1469227497426,393.8530772502574,0.12912028299678066,0.13722284406309954,-0.2862702869848686,0,0,0
0,886.3343454500945,136.33434545009447,0.560018123035454,0.030578548499299238,0.048647687046384336,0,1,0
0,25.69080876275709,724.3091912372429,0.31329134130629693,0.01612845658547349,-0.2110841774052158,0,0,0
0,498.6045491227673,251.3954508772327,0.4146406259761206,0.0754520970440096,-0.05634361632270962,0,0,0
0,111.8411755127664,638.1588244872336,0.19837176717293561,0.1267148223165972,-0.2264760223805658,0,0,0
0,40.21638749097733,709.7836125090226,0.03249069320513376,0.06554164738235774,-0.44741295378918317,0,0,0
0,454.54337722217275,295.45662277782725,0.27436323462368134,0.10486836589155002,-0.17014636571236252,0,0,0
0,403.67824165677314,346.32175834322686,0.07081590086629908,0.1277739327488846,-0.3530786892981437,0,0,0
0,98.6296922598362,651.3703077401638,0.39156557085576416,0.030326869776224008,-0.1200313759840731,0,0,0
0,594.5094834832432,155.49051651675677,0.06261789650565205,0.15513346913960105,-0.3366531109071459,0,0,0
0,470.2293745062065,279.7706254937935,0.19818160242444777,0.0351413712293403,-0.30908229310758484,0,0,0
0,359.9382029769095,390.0617970230905,0.15317256867854084,0.08143132473426345,-0.31243036869906093,0,0,0
0,516.0133685250335,233.98663147496654,0.2318887379044679,0.07392804899022756,-0.24046714764276617,0,0,0
0,958.467740549834,208.46774054983405,0.588129176605306,0.08970156960607112,0.12996945961233108,1,1,0
0,125.28939653326954,624.7106034667305,0.24946139659734773,0.08967375840865978,-0.20872335047329738,0,0,0
0,392.33044794452275,357.66955205547725,0.1931452579711483,0.1273304164623238,-0.2311484968511992,0,0,0
0,575.5695796951106,174.43042030488937,0.5190217926334812,0.16949582402337926,0.13267690461608372,0,0,1
0,685.6974520586946,64.30254794130542,0.0016056599969208607,0.11700362156983948,-0.43198221022866246,0,0,0
0,737.380957965727,12.61904203427298,0.35993733189116106,0.15038726823056262,-0.04360525633977147,0,0,0
0,761.4198153030484,11.41981530304838,0.3184729526242686,0.09126242023751079,-0.1382819988004106,0,0,0
0,220.3737937981931,529.6262062018069,0.1626054161376603,0.2775740696818684,-0.12646905078709703,1,0,0
0,231.43976527484023,518.5602347251597,0.17383872946169876,0.15254394849902847,-0.22776284652761447,0,0,0
0,80.6781313155146,669.3218686844854,0.17053461498600703,0.09197042124542898,-0.2855831355315458,0,0,0
0,533.8970813075879,216.10291869241212,0.1980545379831944,0.07291739715502486,-0.2752109342157221,0,0,0
0,80.65545231063732,669.3445476893627,0.04902098557049278,0.1379830639534989,-0.3656853865097971,0,0,0
0,250.25977208377935,499.74022791622065,0.0,0.1607970811361486,-0.39417375661590515,0,0,0
0,857.8173106232178,107.81731062321785,0.32541762430071597,0.002264765501895097,-0.2114352163860173,0,0,0
0,574.7753528483526,175.22464715164745,0.29176626355487917,0.11883244789296572,-0.1401756629798906,0,0,0
0,127.36927779695728,622.6307222030428,0.09150733450609759,0.14685681502679945,-0.31521266160822176,0,0,0
0,260.8329917880615,489.1670082119385,0.2177940333421046,0.10971387201034218,-0.22235461148702634,0,0,0
0,148.84105848562524,601.1589415143748,0.09275300455566644,0.10296733827960039,-0.35346752063113207,0,0,0
0,59.99330408121062,690.0066959187894,0.3373383628327498,0.13686359697065043,-0.0783755295321037,0,0,0
0,147.98469041529094,602.015309584709,0.19274864964815808,0.23581540731140618,-0.13390861341001525,1,0,0
0,935.5709971447233,185.57099714472326,0.1009013671943633,0.1589511652591852,-0.2949337137108089,0,0,0
0,465.62664879277673,284.37335120722327,0.08850172093167916,0.11270813913458108,-0.3489520834856368,0,0,0
0,948.0233628451093,198.02336284510932,0.043351077159662826,0.07407934158307172,-0.4288686450540115,0,0,0
0,31.065189545982584,718.9348104540175,0.1371904701051379,0.022732091060200008,-0.381241777579121,0,0,0
0,946.149423339481,196.14942333948102,0.03569284409911849,0.0038628965519023617,-0.49972167864260825,0,0,0
0,4.259472831394939,745.740527168605,0.08377257283332767,0.0871595401107587,-0.3766749707054284,0,0,0
0,290.2310012169456,459.7689987830544,0.2566233821639234,0.0,-0.2822677474745155,0,0,0
0,349.45465484647906,400.54534515352094,0.0656639288539464,0.08821660044085025,-0.39383226038772723,0,0,0
0,878.4429156640232,128.4429156640232,0.5308493343918621,0.05115423083337963,0.03799701250346488,0,1,0
0,549.0953080816851,200.90469191831494,0.03831366975675177,0.07724039732845307,-0.43106110228607936,0,0,0
0,10.770153919191783,739.2298460808082,0.19660246634771905,0.1172041083340555,-0.23680496579006988,0,0,0
0,973.0219369121568,223.02193691215678,0.04639130062256011,0.0,-0.49249982901587874,0,0,0
0,418.5718551497151,331.4281448502849,0.4982703079610477,0.13757953232173592,0.08320075741217114,0,0,0
0,311.86572785511623,438.13427214488377,0.39524924714534243,0.09328957562458268,-0.05968126443097205,0,0,0
0,322.32398887368197,427.67601112631803,0.0,0.14390120003224338,-0.40938004960941987,0,0,0
0,216.14665977642477,533.8533402235753,0.31305769674188966,0.1007641355542802,-0.13514571089769706,0,0,0
0,883.3363511252167,133.33635112521665,0.0,0.11813744533559109,-0.43256742883640686,0,0,0
0,170.11035661697215,579.8896433830279,0.14878425815077645,0.03804300555837595,-0.3558681664851241,0,0,0
0,459.45695701804976,290.54304298195024,0.2537647887967233,0.04243135652963003,-0.24693811996504855,0,0,0
0,126.38726798670386,623.6127320132962,0.24601241543012006,0.12838475456394688,-0.17733243510076663,0,0,0
0,390.26198149422476,359.73801850577524,0.21273322995789426,0.09427918585150401,-0.24130663241419104,0,0,0
0,373.7712571390698,376.2287428609302,0.3208331199076303,0.08842484916874184,-0.13847564547894092,0,0,0
0,654.2081751908312,95.79182480916882,0.22409824612672904,0.10421347617764248,-0.22100075495183158,0,0,0
0,30.265993232101664,719.7340067678983,0.3489903951528892,0.15667257404678916,-0.048895417843439426,0,0,0
0,595.0362858210801,154.96371417891987,0.13838834853404025,0.09555406104341126,-0.3145041261653285,0,0,0
0,180.56383849077818,569.4361615092218,0.2798786609108888,0.058273277086358266,-0.20656651934982762,0,0,0
0,981.808343308131,231.80834330813104,0.17977199940037794,0.11027569089603059,-0.2598710084316334,0,0,0
0,494.95443485556825,255.04556514443175,0.204840113875586,0.13526913459396991,-0.21230879462827995,0,0,0
0,371.2997425500633,378.7002574499367,0.3998509192037886,0.1519328900889828,-0.0023006093545656636,0,0,0
0,169.30282938477103,580.697170615229,0.13901894154159192,0.06843564703942437,-0.338280105761365,0,0,0
0,822.6658957227247,72.66589572272471,0.09163526333900328,0.10248413297709269,-0.3550201466200522,0,0,0
0,905.2976513462946,155.29765134629463,0.04425612357930214,0.10432327112863253,-0.40074406204336743,0,0,0
0,949.342689302694,199.342689302694,0.20570216692015955,0.0690520086951614,-0.27104215489263406,0,0,0
0,639.1105025772408,110.88949742275918,0.12411379108959182,0.04839894557181238,-0.37121828753421593,0,0,0
0,533.7956166284025,216.2043833715975,0.22290594355858878,0.08508827859355562,-0.23940573534565002,0,0,0
0,544.0059356368282,205.9940643631718,0.12026732794385075,0.17408445767168274,-0.26194778979007366,0,0,0
0,724.8751712554212,25.12482874457885,0.36786768426250704,0.1714215676448156,-0.016744034495597804,0,0,0
0,665.8498615139803,84.15013848601973,0.26166858657449954,0.11921715361213495,-0.16992710481301787,0,0,0
0,90.37028364076427,659.6297163592358,0.28373920669390046,0.07740572455955655,-0.1854867708409375,0,0,0
0,347.58835223796416,402.41164776203584,0.03418473684682782,0.12408065670674112,-0.39303380175554403,0,0,0
0,427.639609103707,322.360390896293,0.18798762729331658,0.0,-0.3509035023451223,0,0,0
0,932.5346794050085,182.53467940500855,0.07829636501507571,0.10883742491036845,-0.3626410822040316,0,0,0
0,142.39979940273906,607.6002005972609,0.4520713902735803,0.11695555264608212,0.018440258016615307,0,0,0
0,568.0366840883203,181.96331591167973,0.13006878341730765,0.14161575574827667,-0.2813681660476822,0,0,0
0,324.3547323883565,425.6452676116435,0.06345187684717493,0.04932921647840264,-0.4310429579607016,0,0,0
0,84.31109173909223,665.6889082609077,0.32870542437266626,0.10045325323129621,-0.11977777735760603,0,0,0
0,166.63232798875828,583.3676720112417,0.15883622613613757,0.13369471534858665,-0.2597296596885733,0,0,0
0,780.0808873457211,30.080887345721067,0.027233037679594257,0.12474193733015157,-0.3993903483617082,0,0,0
0,952.5549792965104,202.5549792965104,0.38342377656902515,0.11900671929269259,-0.0483613057059904,0,0,0
0,16.285032958110456,733.7149670418895,0.20613355836952058,0.18026473135797733,-0.17051931304673873,0,0,0
0,487.94150511660405,262.05849488339595,0.19700263989780745,0.04056363769596616,-0.3053812158142619,0,0,0
0,230.7602069058523,519.2397930941477,0.06816396680841613,0.07811925646806342,-0.4004198320087657,0,0,0
0,183.18071365996246,566.8192863400375,0.4515928263810703,0.10381563675074694,0.00613576981830366,0,0,0
0,161.42076742682775,588.5792325731722,0.3621035576914544,0.0,-0.17678757194698447,0,0,0
0,738.3286998821602,11.671300117839792,0.15986197184633305,0.16820231354376775,-0.22764707560271485,0,0,0
0,446.8229962893379,303.1770037106621,0.32111425600138993,0.10341966424288153,-0.12469917581845558,0,0,0
0,949.7369119163089,199.73691191630894,0.3389919762976325,0.1296173168612797,-0.08324356816565465,0,0,0
0,270.4879374362001,479.5120625637999,0.23107707039837233,0.14604986492050176,-0.17636918081161496,0,0,0
0,938.6692919230383,188.66929192303826,0.1848770404760078,0.13013158642803554,-0.23689566137719908,0,0,0
0,66.22309723289266,683.7769027671073,0.0,0.14520240262052514,-0.40820896727996625,0,0,0
0,130.63590217463639,619.3640978253636,0.4174379465938558,0.11338370360734523,-0.019407849797972387,0,0,0
0,166.56687048133134,583.4331295186687,0.09288245085823124,0.09712011174077934,-0.3586005782135062,0,0,0
0,703.0906628937372,46.9093371062628,0.26848155526830014,0.1337558386332403,-0.15002931960022248,0,0,0
0,924.0498814661007,174.04988146610071,0.1691550232551516,0.1127395184192118,-0.26827053980599663,0,0,0
0,513.5381829072576,236.46181709274242,0.1414534588033205,0.12666195682857784,-0.2834419096893983,0,0,0
0,196.62630157540417,553.3736984245959,0.0,0.08750804119011592,-0.46013389256733456,0,0,0
0,347.2377817791028,402.7622182208972,0.36840663128412676,0.051411514303607304,-0.12421413548106552,0,0,0
0,960.4050147643931,210.40501476439306,0.039456780139495246,0.04131103442546994,-0.46225441851602067,0,0,0
0,642.1387960188589,107.8612039811411,0.22208541754559613,0.16822624679463083,-0.16540208997767503,0,0,0
0,698.7362474453349,51.263752554665075,0.263937596258703,0.04362949027773536,-0.23568699212977406,0,0,0
0,812.4356373079796,62.43563730797962,0.0,0.17697192230508357,-0.37961639956386367,0,0,0
0,817.713780730114,67.71378073011397,0.2678955327826512,0.1309961175547384,-0.15309909105652308,0,0,0
0,654.366315510498,95.633684489502,0.6367725707733217,0.014196615840402008,0.11065839539124467,1,1,0
0,697.1186837655258,52.881316234474184,0.20656733072915284,0.10015400482043565,-0.24218519457089394,0,0,0
0,674.557409463013,75.44259053698704,0.4757352973410548,0.14989811097169084,0.07175246757713771,0,0,0
0,530.2132421900627,219.78675780993728,0.03366049709001917,0.04802611452808935,-0.46200712947313927,0,0,0
0,650.9378167849624,99.06218321503763,0.5089800267169721,0.10324260362768198,0.06300724034344696,0,0,0
0,547.5715124245993,202.4284875754007,0.493973526839486,0.02552870295447182,-0.021941770139928263,0,0,0
0,850.0164622584144,100.01646225841444,0.39398702167803223,0.10106725077206259,-0.053943582265550294,0,0,0
0,229.73960237905877,520.2603976209413,0.3587767944463959,0.10142780759795826,-0.08882930835388059,0,0,0
0,557.6705494217324,192.3294505782676,0.26064021623491457,0.0848989590086619,-0.2018418502957286,0,0,0
0,459.8512686727525,290.1487313272475,0.2320954874814927,0.07343941820447178,-0.24070016577292158,0,0,0
0,412.96030980394795,337.03969019605205,0.07913802714312365,0.11442794347817942,-0.35676795336495376,0,0,0
0,757.7421072479707,7.742107247970694,0.30980076981806876,0.11324045805650373,-0.12717394756951678,0,0,0
0,891.1217718698541,141.12177186985411,0.11363795108490816,0.048890116176033706,-0.3812520739951004,0,0,0
0,657.3770533198673,92.62294668013271,0.05932972465952813,0.10284031935496232,-0.38700511755944467,0,0,0
0,502.22870655148023,247.77129344851977,0.5162053583443851,0.13933448009763183,0.10271526079381488,0,0,0
0,174.1484298035072,575.8515701964927,0.18335005664906828,0.0922451325373601,-0.2725204537057465,0,0,0
0,554.3525959664232,195.64740403357678,0.1253171672281565,0.13679863519814914,-0.29045519073194814,0,0,0
0,176.00992473058906,573.9900752694109,0.4853824255572134,0.0784098594130321,0.017060169390503366,0,0,0
0,41.85126774722414,708.1487322527759,0.0,0.132042407698035,-0.42005296271020737,0,0,0
0,700.5780072808587,49.42199271914126,0.0,0.10553749063445872,-0.443907388067426,0,0,0
0,872.2904192983519,122.29041929835194,0.0612232597564385,0.15716572526313774,-0.3362187171451764,0,0,0
0,950.7405569471044,200.74055694710444,0.2514027319170099,0.12133200153590508,-0.1782895963391144,0,0,0
0,44.55787992043858,705.4421200795614,0.19901240243602544,0.0017509011716786704,-0.33830291614790264,0,0,0
0,512.8086426566839,237.1913573433161,0.0,0.1191634363664935,-0.43164403690859476,0,0,0
0,948.239373933615,198.23937393361496,0.09598206506593189,0.0542930965411128,-0.39404527768550546,0,0,0
0,609.1635516956396,140.83644830436037,0.128278041227891,0.07348484223875314,-0.34447673039567006,0,0,0
0,521.485866492253,228.51413350774703,0.35008215508516205,0.09196787748194388,-0.10603788481952736,0,0,0
0,918.0451280686941,168.0451280686941,0.3017617539847616,0.0980866271556572,-0.14885141121358575,0,0,0
0,493.3577080813434,256.6422919186566,0.046061878146055085,0.05630649489045138,-0.44215340609097753,0,0,0
0,932.6911156231097,182.69111562310968,0.17926344798277893,0.0925131967690843,-0.2763658045634841,0,0,0
0,185.9261190303859,564.073880969614,0.06036180866626539,0.15011786862496848,-0.34342323920970186,0,0,0
0,367.66289785753827,382.33710214246173,0.1941473832181049,0.09499643583313516,-0.25924695417051236,0,0,0
0,806.0471352208555,56.047135220855466,0.10469835179865998,0.014072454759464434,-0.42152756855626095,0,0,0
0,701.9115538641997,48.08844613580027,0.09278428504164776,0.09454010658281549,-0.3610207486722572,0,0,0
0,573.8825673524912,176.11743264750885,0.13230015254357935,0.0,-0.40659097709485953,0,0,0
0,457.83679208409114,292.16320791590886,0.0771161111478938,0.18784469557416605,-0.2927147924737956,0,0,0
0,11.81264048487396,738.187359515126,0.14697065116256347,0.027212900900579054,-0.36742886766535426,0,0,0
0,459.2085092376013,290.7914907623987,0.2389492039351859,0.11123912126915635,-0.19982671656101225,0,0,0
0,188.81752450818757,561.1824754918124,0.2345551514384986,0.21342107971232235,-0.11225700645885017,0,0,0
0,624.2078331434797,125.79216685652034,0.3736654479847435,0.05160705936819218,-0.1187793282223224,0,0,0
0,515.5947991692226,234.4052008307774,0.4215628522866044,0.11888576290934551,-0.010331090733423531,0,0,0
0,73.79271468437354,676.2072853156265,0.22127761386209613,0.10904366236452884,-0.2194742196482668,0,0,0
0,838.042092280968,88.04209228096795,0.35658645946853196,0.12327057672739267,-0.07136115111525354,0,0,0
0,501.0731651347045,248.92683486529552,0.0,0.08471986769303161,-0.4626432487147104,0,0,0
0,761.87893083605,11.878930836050017,0.23874153630352085,0.2036242328510335,-0.1168877837689879,0,0,0
0,691.0155175965295,58.98448240347045,0.10302346387800763,0.12898977875732187,-0.31977686487884155,0,0,0
0,818.7474879139785,68.74748791397849,0.20788123448156937,0.11526094385868738,-0.22727504568405088,0,0,0
0,67.73515413338205,682.264845866618,0.3142272811769121,0.1263913603354428,-0.11091162415962824,0,0,0
0,809.1396365557384,59.139636555738434,0.03938265112313713,0.0966951088151715,-0.4124828805816474,0,0,0
0,495.95491082229137,254.04508917770863,0.0,0.020276151632615924,-0.5206425931690846,0,0,0
0,865.3114478667443,115.31144786674429,0.042808569110808964,0.12111910135246452,-0.38707536931041187,0,0,0
0,590.0082206777761,159.99177932222392,0.0,0.09093581810601914,-0.4570488933430217,0,0,0
0,499.5261998828995,250.4738001171005,0.4517876149950151,0.1457204427982594,0.0440448838750096,0,0,0
0,144.76568873814566,605.2343112618544,0.24950090748156684,0.020103882121970423,-0.27129672824709866,0,0,0
0,932.7575438411868,182.75754384118682,0.061776907055187846,0.07278043776057286,-0.41161182859873546,0,0,0
0,200.02823348548537,549.9717665145147,0.30372125771208636,0.157644933592579,-0.09328943169303139,0,0,0
0,131.9196430852838,618.0803569147162,0.2765400482325605,0.09923856488363006,-0.1730363730106113,0,0,0
0,856.5614802043079,106.56148020430794,0.048536488951011036,0.05669621380415527,-0.4393280482636881,0,0,0
0,12.824700353592956,737.1752996464071,0.0,0.09219763270275222,-0.4559132602059619,0,0,0
0,879.6142631511059,129.6142631511059,0.13199109076384935,0.10270540024332521,-0.31446517865559687,0,0,0
0,304.15996432162376,445.84003567837624,0.0,0.09696582674718365,-0.4516218855659736,0,0,0
0,47.84684110366055,702.1531588963394,0.22237022756532113,0.15117417947687042,-0.18046414054393434,0,0,0
0,628.6242660124207,121.37573398757934,0.23232236906389198,0.082571304324477,-0.23225458668251764,0,0,0
0,489.2910559619943,260.7089440380057,0.24416355498123685,0.0,-0.294727574657202,0,0,0
0,706.2205067088236,43.779493291176436,0.02175939338175653,0.12969441635306583,-0.4004067615389231,0,0,0
0,838.98161872146,88.98161872146,0.26055960840809045,0.13173256784608653,-0.15977221016887055,0,0,0
0,449.28254095292056,300.71745904707944,0.2522670025285686,0.06545743816593423,-0.2277124327605295,0,0,0
0,674.4944679389838,75.5055320610162,0.2015519936572587,0.0934461123806144,-0.2532376348386272,0,0,0
0,952.4950318187733,202.49503181877333,0.3943266479413603,0.17240854588333143,0.010603209597919716,0,0,1
0,770.6221030625977,20.622103062597716,0.21148363279501853,0.040423845025521134,-0.2910260363204513,0,0,0
0,626.0844223716296,123.91557762837044,0.3417368461081094,0.12488925594592655,-0.08475395317899559,0,0,0
0,130.65600906748642,619.3439909325136,0.3719648130113219,0.10125027107687126,-0.07580107265793284,0,0,0
0,82.37402361860435,667.6259763813956,0.08190775101097914,0.009928241207137228,-0.4480479615410362,0,0,0
0,976.6817977808648,226.68179778086483,0.07759207441235376,0.10869063013244823,-0.36347748810688174,0,0,0
0,119.43904857508525,630.5609514249147,0.41355186657669707,0.1278447729427659,-0.010278967413252516,0,0,0
0,183.77205599160408,566.227944008396,0.0,0.03980569083230117,-0.5030660078893678,0,0,0
0,177.20128331900065,572.7987166809994,0.04515916028015077,0.12455253796899868,-0.3816346851861893,0,0,0
0,295.71272355552725,454.28727644447275,0.29300198313996556,0.05752126346895593,-0.194120009376413,0,0,0
0,801.6546376792744,51.6546376792744,0.3139994323043328,0.1069668515544814,-0.12862153093507278,0,0,0
0,866.9412915816611,116.94129158166106,0.18472157707199954,0.015376060825770435,-0.34033109782324594,0,0,0
0,409.6814570056855,340.3185429943145,0.5050679011027455,0.07799232355981213,0.036369862668137465,0,0,0
0,146.99900974537482,603.0009902546252,0.3366931070909348,0.03879822841809103,-0.16727961697122212,0,0,0
0,114.85096307563292,635.1490369243671,0.1285497500838473,0.07921751463020428,-0.3390456163874077,0,0,0
0,688.5026225139867,61.497377486013306,0.0,0.041191397255416706,-0.5018188721085638,0,0,0
0,736.8652710598301,13.134728940169907,0.28038783619269037,0.0,-0.2585032934457485,0,0,0
0,145.21073434569988,604.7892656543002,0.024129681017314053,0.18026509480885727,-0.3525228632931533,0,0,0
0,398.1029580938927,351.8970419061073,0.27038147576018245,0.20094609448718392,-0.08765816883979088,0,0,0
0,749.8075322893557,0.19246771064433688,0.182932383864176,0.06010590079286357,-0.3018634350606857,0,0,0
0,825.6686667475108,75.66866674751077,0.1545406245305459,0.11683151304310556,-0.279202143369098,0,0,0
0,52.47655466062107,697.5234453393789,0.37413864957830334,0.10472832063342186,-0.07049699149005584,0,0,0
0,765.9997957754974,15.999795775497432,0.0,0.04620957302975979,-0.4973025139116551,0,0,0
0,174.29108858910604,575.708911410894,0.24131996438634062,0.12060631987328696,-0.18902547736614,0,0,0
0,353.1903570807427,396.8096429192573,0.2800467240347193,0.13394840693798948,-0.13829083935952902,0,0,0
0,710.3297462744837,39.67025372551632,0.17583555672886222,0.05166679361941265,-0.31655545865210527,0,0,0
0,762.6628428957415,12.662842895741505,0.12052229607983031,0.13510445888382874,-0.29677482056316273,0,0,0
0,542.3284052596346,207.67159474036544,0.06885255796283415,0.089120925663236,-0.3898297385786923,0,0,0
0,746.9122572529652,3.087742747034781,0.005527115668645249,0.17466332030199994,-0.37616702569799365,0,0,0
0,907.1567503104143,157.15675031041428,0.1360159593959378,0.13793123109937827,-0.2787370622530606,0,0,0
0,294.1919946505116,455.8080053494884,0.0,0.0548146832295864,-0.4895579147318111,0,0,0
0,725.7916960379918,24.208303962008245,0.33519282024911257,0.03069098793769802,-0.1760764202453981,0,0,0
0,640.8762240567314,109.12377594326858,0.0,0.13196452770497516,-0.4201230547039612,0,0,0
0,945.0724551138379,195.07245511383792,0.2619968244289159,0.19875747528866616,-0.09801257744972341,0,0,0
0,161.42301607013076,588.5769839298692,0.4179870101278985,0.10727115805245206,-0.024360077263333446,0,0,0
0,965.4275512353764,215.42755123537643,0.23155780911576762,0.17888244935407308,-0.14633911610400552,0,0,0
0,750.6784484584455,0.6784484584454731,0.2114673042646553,0.09050423501774091,-0.24597001385781675,0,0,0
0,962.2611798090514,212.26117980905144,0.44968822877683545,0.08610404040061899,-0.011709264501046368,0,0,0
0,692.1499553619823,57.85004463801772,0.3073225794726985,0.1057107972219345,-0.13642883266599937,0,0,0
0,485.31807690742266,264.68192309257734,0.0,0.05540174048615047,-0.48902956320090346,0,0,0
0,306.81411297735616,443.18588702264384,0.29395719382201424,0.09382068379593723,-0.16049532040008113,0,0,0
0,635.1318999063284,114.86810009367161,0.12518566630678402,0.04908200698618412,-0.3695316570440892,0,0,0
0,652.8907146269522,97.10928537304778,0.07354625831849576,0.1313202318215179,-0.347156662680577,0,0,0
0,293.93515911088673,456.06484088911327,0.6123892593337112,0.14175994703360933,0.2010820820255208,1,1,0
0,128.6525936896391,621.3474063103608,0.12505205090703464,0.10511732345733514,-0.31923348761980264,0,0,0
0,172.19477891897805,577.805221081022,0.24953297585597436,0.0,-0.28935815378246454,0,0,0
0,98.18034167194489,651.8196583280551,0.0,0.05700730188021848,-0.4875845579462422,0,0,0
0,553.1174723789444,196.8825276210556,0.14141393805353186,0.05446529113999739,-0.3484584295589094,0,0,0
0,918.3376136629826,168.33761366298256,0.030460293752873874,0.08935615301447461,-0.4280102981725379,0,0,0
0,339.868876833183,410.131123166817,0.30570206463962435,0.052559979622218776,-0.18588508333881765,0,0,0
0,129.32877386273688,620.6712261372631,0.34692946373513256,0.005174349374176629,-0.18730475146654735,0,0,0
0,697.4013526097935,52.59864739020645,0.4157433113499757,0.18239104616909785,0.041004123263724934,0,0,1
0,308.2223917461586,441.7776082538414,0.36250856238026374,0.15439955264508973,-0.037422969877594414,0,0,0
0,171.0021780455323,578.9978219544677,0.26374137961585997,0.03644407485352964,-0.24235008265440222,0,0,0
0,594.0316112167483,155.96838878325173,0.0,0.05993038826443936,-0.48495378020044344,0,0,0
0,430.3116651676826,319.6883348323174,0.3737941491494674,0.13600282283820325,-0.042694439934588546,0,0,0
0,298.12314139025744,451.87685860974256,0.13160644092460394,0.09494995320344635,-0.32182973083073324,0,0,0
0,587.892868336388,162.107131663612,0.15359612022132174,0.11351221647667047,-0.2831340145881137,0,0,0
0,526.0995465632268,223.9004534367732,0.4381147574214793,0.14271065356138196,0.02766321598828414,0,0,0
0,841.0413849295296,91.04138492952961,0.34074559675438215,0.15316608569081475,-0.06029605576232344,0,0,0
0,196.95975128365373,553.0402487163462,0.05759828062786873,0.0356348448070362,-0.44922148868423756,0,0,0
0,115.83480879133302,634.165191208667,0.40415999387863033,0.1259637619626476,-0.021363749993425718,0,0,0
0,263.03486009686594,486.96513990313406,0.0,0.038163541620318986,-0.5045439421801517,0,0,0
0,319.10721656826735,430.89278343173265,0.05556942146676941,0.09446251568123555,-0.3983054440585575,0,0,0
0,256.1750266960857,493.8249733039143,0.2724238101280662,0.025274728999210752,-0.243720063411083,0,0,0
0,504.24286142981856,245.75713857018144,0.16041956328326687,0.0,-0.378471566355172,0,0,0
0,176.45736495785536,573.5426350421446,0.3719631288339471,0.16758361846648867,-0.016102744184651963,0,0,0
0,530.2334254239368,219.76657457606325,0.0,0.15300088102985226,-0.40119033671157184,0,0,0
0,866.5865245913927,116.58652459139273,0.18267537146337587,0.05333329899678921,-0.3082157890779527,0,0,0
0,379.64695440844855,370.35304559155145,0.22925376763220678,0.05557740936967546,-0.25961769357352416,0,0,0
0,368.68568766977694,381.31431233022306,0.14836373892939914,0.12480198015841881,-0.2782056085664628,0,0,0
0,907.2801809084136,157.28018090841363,0.13861318594670968,0.18559382526100215,-0.23324350095682722,0,0,0
0,106.30695104790678,643.6930489520932,0.3023109936306175,0.0,-0.2365801360078214,0,0,0
0,845.1940638938397,95.19406389383971,0.25425125044055985,0.07809020345939953,-0.2143586960844195,0,0,0
0,160.80882354024172,589.1911764597583,0.26934442867136665,0.093449773269,-0.1854419050249722,0,0,0
0,613.6183322391051,136.38166776089486,0.4371580033694707,0.08500058618395925,-0.025232598703404885,0,0,0
0,144.89012493584497,605.1098750641551,0.3235727963789055,0.024869503903650628,-0.19293577974624782,0,0,0
0,898.1831806814602,148.18318068146016,0.25677140390559294,0.1690663097436027,-0.12996004696360353,0,0,0
0,481.5218158590806,268.4781841409194,0.6267830578134839,0.1203554007101622,0.196211788814191,1,1,0
0,467.5541423673539,282.4458576326461,0.4952611059417059,0.1097367662801119,0.05513306595536771,0,0,0
0,582.6200034560334,167.37999654396663,0.19289514518283654,0.05447069007593682,-0.2969723633872592,0,0,0
0,616.8966773787238,133.10332262127622,0.3157351368359176,0.0884697201107223,-0.1435332447028712,0,0,0
0,982.8386182894653,232.83861828946533,0.20485626845570612,0.07792790243750211,-0.26389974898898083,0,0,0
0,690.5695650555141,59.43043494448591,0.4044133390047837,0.17635974497242468,0.0242459798415271,0,0,1
0,791.888581096373,41.888581096372945,0.20753716765074884,0.039772332470586036,-0.2955588627641626,0,0,0
0,894.0893410802856,144.08934108028564,0.1866085999748166,0.12047805838766248,-0.243852277114726,0,0,0
0,980.3012484979079,230.30124849790786,0.1639740708084339,0.10305107617784644,-0.2821710902699432,0,0,0
0,744.929400523814,5.070599476185976,0.1461765816146823,0.0515298069211073,-0.34633772179476,0,0,0
0,784.4683573395636,34.46835733956357,0.09586603168748885,0.09161375565918212,-0.36057271785768613,0,0,0
0,494.552267461295,255.447732538705,0.4075746651947396,0.07334168157274104,-0.06530895102823231,0,0,0
0,423.07938023738643,326.92061976261357,0.0161747171573845,0.06497250151288754,-0.46424116111945557,0,0,0
0,501.5766379041676,248.42336209583237,0.0,0.06823985549412666,-0.4774752596937249,0,0,0
0,931.5781964855586,181.57819648555858,0.262018111615223,0.18221329362503627,-0.11288105376068325,0,0,0
0,474.387981671624,275.612018328376,0.24170247715596038,0.17384113665589085,-0.14073162949217677,0,0,0
0,928.2560922483119,178.25609224831192,0.18907189998913632,0.023707309949382624,-0.3284826506948582,0,0,0
0,703.216652837467,46.783347162533005,0.4164895134756686,0.06386031652329585,-0.064927331291804,0,0,0
0,486.16121383403276,263.83878616596724,0.43655957918627797,0.11720486168494285,0.003152825064287601,0,0,0
0,182.7539887248184,567.2460112751816,0.30855666916571584,0.10605598940027183,-0.13488407001247837,0,0,0
0,886.257794877439,136.25779487743898,0.07431872454459518,0.11253771575602695,-0.36328846091341943,0,0,0
0,660.279786972377,89.720213027623,0.3142715526063649,0.16368147839823033,-0.07730624647366668,0,0,0
0,196.21300646059936,553.7869935394007,0.3250239181455494,0.03911848691413692,-0.17866057327016627,0,0,0
0,662.1576075983114,87.84239240168858,0.3640713218823544,0.06888664979932325,-0.11282182293669352,0,0,0
0,427.74203644410693,322.25796355589307,0.32108975300867304,0.08649946931381573,-0.1399518542473317,0,0,0
0,211.1638200828082,538.8361799171918,0.03126052711592836,0.03317638144059708,-0.47777185922597315,0,0,0
0,595.6732577407735,154.32674225922653,0.3869533564266108,0.16793686271809777,-0.0007945967655400565,0,0,0
0,933.373889258231,183.37388925823097,0.2419090932446678,0.08621283123601209,-0.2193904882813602,0,0,0
0,372.5233536147248,377.4766463852752,0.49632451756528684,0.10419682832739063,0.051210533421499504,0,0,0
0,345.61407131199127,404.38592868800873,0.295907765468956,0.006073903543391684,-0.2375168509804304,0,0,0
0,369.13621671198894,380.86378328801106,0.25928437031333323,0.05988448347315489,-0.22571072419926624,0,0,0
0,881.866161321599,131.86616132159895,0.01557648069343423,0.12312838426288224,-0.41249910310841065,0,0,0
0,511.65765407249705,238.34234592750295,0.03732635696398498,0.04764823864939424,-0.4586813578899991,0,0,0
0,665.3672017716578,84.63279822834215,0.41457823855155057,0.042885696760777574,-0.0857157640021885,0,0,0
0,192.9532642013293,557.0467357986707,0.21148453102240183,0.17641293788631643,-0.16863495451835225,0,0,0
0,259.256847119704,490.743152880296,0.23741862106430744,0.17274507755943436,-0.1460019387706405,0,0,0
