strategy,state_h1,trial_index,scenario_seed,seed_phase,seed_namespace,max_gateway_evidence,transmissions,gateway_threshold,a1,a2,sweep_scope,sensitivity_parameter,sensitivity_value
RR,0,0,6942901201456939297,gateway_calibration,sweep:anomaly_pair:shared_scenarios,447.7224467155358,89,686.8318564977369,,,shared_all_anomaly_strengths,diffusion_coeff,1500.0
RR,0,1,3707311459125033713,gateway_calibration,sweep:anomaly_pair:shared_scenarios,539.0108830670565,117,686.8318564977369,,,shared_all_anomaly_strengths,diffusion_coeff,1500.0
RR,0,2,6525899029649517457,gateway_calibration,sweep:anomaly_pair:shared_scenarios,523.4143682683385,140,686.8318564977369,,,shared_all_anomaly_strengths,diffusion_coeff,1500.0
RR,0,3,7579878600958796329,gateway_calibration,sweep:anomaly_pair:shared_scenarios,587.4714693115667,120,686.8318564977369,,,shared_all_anomaly_strengths,diffusion_coeff,1500.0
RR,0,4,1995048182365014103,gateway_calibration,sweep:anomaly_pair:shared_scenarios,729.4649851399174,147,686.8318564977369,,,shared_all_anomaly_strengths,diffusion_coeff,1500.0
RR,0,5,3295882431625053650,gateway_calibration,sweep:anomaly_pair:shared_scenarios,512.1384698025573,139,686.8318564977369,,,shared_all_anomaly_strengths,diffusion_coeff,1500.0
RR,0,6,5854776044075552459,gateway_calibration,sweep:anomaly_pair:shared_scenarios,565.1429929845854,124,686.8318564977369,,,shared_all_anomaly_strengths,diffusion_coeff,1500.0
RR,0,7,7709607086058877159,gateway_calibration,sweep:anomaly_pair:shared_scenarios,538.9322329104212,135,686.8318564977369,,,shared_all_anomaly_strengths,diffusion_coeff,1500.0
RR,0,8,1741592563361101750,gateway_calibration,sweep:anomaly_pair:shared_scenarios,501.0164363409984,115,686.8318564977369,,,shared_all_anomaly_strengths,diffusion_coeff,1500.0
RR,0,9,3282932482964655802,gateway_calibration,sweep:anomaly_pair:shared_scenarios,496.8973593274781,135,686.8318564977369,,,shared_all_anomaly_strengths,diffusion_coeff,1500.0
RR,0,10,1774785994864530756,gateway_calibration,sweep:anomaly_pair:shared_scenarios,426.00953271103026,118,686.8318564977369,,,shared_all_anomaly_strengths,diffusion_coeff,1500.0
RR,0,11,8140464769652066346,gateway_calibration,sweep:anomaly_pair:shared_scenarios,574.1911674930977,117,686.8318564977369,,,shared_all_anomaly_strengths,diffusion_coeff,1500.0
RR,0,12,1253555579543505935,gateway_calibration,sweep:anomaly_pair:shared_scenarios,670.0309085462135,141,686.8318564977369,,,shared_all_anomaly_strengths,diffusion_coeff,1500.0
RR,0,13,7889622116667546826,gateway_calibration,sweep:anomaly_pair:shared_scenarios,495.7187267599908,133,686.8318564977369,,,shared_all_anomaly_strengths,diffusion_coeff,1500.0
RR,0,14,2999731371178102042,gateway_calibration,sweep:anomaly_pair:shared_scenarios,577.1100700163112,119,686.8318564977369,,,shared_all_anomaly_strengths,diffusion_coeff,1500.0
RR,0,15,3149132606532110017,gateway_calibration,sweep:anomaly_pair:shared_scenarios,563.1516941552305,138,686.8318564977369,,,shared_all_anomaly_strengths,diffusion_coeff,1500.0
RR,0,16,5945166213153900620,gateway_calibration,sweep:anomaly_pair:shared_scenarios,577.3560451703311,112,686.8318564977369,,,shared_all_anomaly_strengths,diffusion_coeff,1500.0
RR,0,17,8780635847486979818,gateway_calibration,sweep:anomaly_pair:shared_scenarios,521.0411598223432,128,686.8318564977369,,,shared_all_anomaly_strengths,diffusion_coeff,1500.0
RR,0,18,977807179708126678,gateway_calibration,sweep:anomaly_pair:shared_scenarios,510.6738628767633,122,686.8318564977369,,,shared_all_anomaly_strengths,diffusion_coeff,1500.0
RR,0,19,4758583958882270302,gateway_calibration,sweep:anomaly_pair:shared_scenarios,577.3018631682565,121,686.8318564977369,,,shared_all_anomaly_strengths,diffusion_coeff,1500.0
RR,0,20,624488504525834361,gateway_calibration,sweep:anomaly_pair:shared_scenarios,467.9919854278527,112,686.8318564977369,,,shared_all_anomaly_strengths,diffusion_coeff,1500.0
RR,0,21,9127488914970490212,gateway_calibration,sweep:anomaly_pair:shared_scenarios,565.264400179663,132,686.8318564977369,,,shared_all_anomaly_strengths,diffusion_coeff,1500.0
RR,0,22,3878214634024289995,gateway_calibration,sweep:anomaly_pair:shared_scenarios,605.6044756030078,116,686.8318564977369,,,shared_all_anomaly_strengths,diffusion_coeff,1500.0
RR,0,23,3074434249601971096,gateway_calibration,sweep:anomaly_pair:shared_scenarios,477.7803698694298,107,686.8318564977369,,,shared_all_anomaly_strengths,diffusion_coeff,1500.0
RR,0,24,3240386866293341253,gateway_calibration,sweep:anomaly_pair:shared_scenarios,402.00052007495066,99,686.8318564977369,,,shared_all_anomaly_strengths,diffusion_coeff,1500.0
RR,0,25,6243332140314349343,gateway_calibration,sweep:anomaly_pair:shared_scenarios,564.919737250966,121,686.8318564977369,,,shared_all_anomaly_strengths,diffusion_coeff,1500.0
RR,0,26,3868622807354924164,gateway_calibration,sweep:anomaly_pair:shared_scenarios,572.5963829668384,137,686.8318564977369,,,shared_all_anomaly_strengths,diffusion_coeff,1500.0
RR,0,27,1718082128973198771,gateway_calibration,sweep:anomaly_pair:shared_scenarios,729.7459499367624,136,686.8318564977369,,,shared_all_anomaly_strengths,diffusion_coeff,1500.0
RR,0,28,2704479796120479431,gateway_calibration,sweep:anomaly_pair:shared_scenarios,568.8529433378602,127,686.8318564977369,,,shared_all_anomaly_strengths,diffusion_coeff,1500.0
RR,0,29,3697228631517816840,gateway_calibration,sweep:anomaly_pair:shared_scenarios,597.4181644266081,132,686.8318564977369,,,shared_all_anomaly_strengths,diffusion_coeff,1500.0
RR,0,30,8820983848116756903,gateway_calibration,sweep:anomaly_pair:shared_scenarios,700.109307285577,145,686.8318564977369,,,shared_all_anomaly_strengths,diffusion_coeff,1500.0
RR,0,31,7643153808516479349,gateway_calibration,sweep:anomaly_pair:shared_scenarios,676.9534098348674,126,686.8318564977369,,,shared_all_anomaly_strengths,diffusion_coeff,1500.0
RR,0,32,3795846149567597038,gateway_calibration,sweep:anomaly_pair:shared_scenarios,494.5784921059388,110,686.8318564977369,,,shared_all_anomaly_strengths,diffusion_coeff,1500.0
RR,0,33,8760001566670653492,gateway_calibration,sweep:anomaly_pair:shared_scenarios,537.5023447498681,120,686.8318564977369,,,shared_all_anomaly_strengths,diffusion_coeff,1500.0
RR,0,34,2744726624485914817,gateway_calibration,sweep:anomaly_pair:shared_scenarios,488.1626073759814,122,686.8318564977369,,,shared_all_anomaly_strengths,diffusion_coeff,1500.0
RR,0,35,7310029771266914304,gateway_calibration,sweep:anomaly_pair:shared_scenarios,477.499844831216,117,686.8318564977369,,,shared_all_anomaly_strengths,diffusion_coeff,1500.0
RR,0,36,8860427485777938866,gateway_calibration,sweep:anomaly_pair:shared_scenarios,469.10935380947893,113,686.8318564977369,,,shared_all_anomaly_strengths,diffusion_coeff,1500.0
RR,0,37,8598656038562839224,gateway_calibration,sweep:anomaly_pair:shared_scenarios,644.9455947388632,135,686.8318564977369,,,shared_all_anomaly_strengths,diffusion_coeff,1500.0
RR,0,38,8997019032754762713,gateway_calibration,sweep:anomaly_pair:shared_scenarios,630.5676756567686,122,686.8318564977369,,,shared_all_anomaly_strengths,diffusion_coeff,1500.0
RR,0,39,4208817818748932462,gateway_calibration,sweep:anomaly_pair:shared_scenarios,457.30948900202384,106,686.8318564977369,,,shared_all_anomaly_strengths,diffusion_coeff,1500.0
RR,0,40,6068242829919299090,gateway_calibration,sweep:anomaly_pair:shared_scenarios,578.1736038547378,126,686.8318564977369,,,shared_all_anomaly_strengths,diffusion_coeff,1500.0
RR,0,41,4049042354117377146,gateway_calibration,sweep:anomaly_pair:shared_scenarios,440.3497428027324,132,686.8318564977369,,,shared_all_anomaly_strengths,diffusion_coeff,1500.0
RR,0,42,5126773472074832949,gateway_calibration,sweep:anomaly_pair:shared_scenarios,455.73704879425327,123,686.8318564977369,,,shared_all_anomaly_strengths,diffusion_coeff,1500.0
RR,0,43,6183996202129912428,gateway_calibration,sweep:anomaly_pair:shared_scenarios,539.1958067917575,126,686.8318564977369,,,shared_all_anomaly_strengths,diffusion_coeff,1500.0
RR,0,44,5034920799087487164,gateway_calibration,sweep:anomaly_pair:shared_scenarios,583.8593212638779,149,686.8318564977369,,,shared_all_anomaly_strengths,diffusion_coeff,1500.0
RR,0,45,5099780515566784822,gateway_calibration,sweep:anomaly_pair:shared_scenarios,591.0050629879863,122,686.8318564977369,,,shared_all_anomaly_strengths,diffusion_coeff,1500.0
RR,0,46,3743304880928594782,gateway_calibration,sweep:anomaly_pair:shared_scenarios,590.3493387643703,133,686.8318564977369,,,shared_all_anomaly_strengths,diffusion_coeff,1500.0
RR,0,47,7315397891830491094,gateway_calibration,sweep:anomaly_pair:shared_scenarios,739.0343609701661,141,686.8318564977369,,,shared_all_anomaly_strengths,diffusion_coeff,1500.0
RR,0,48,2190007532852709612,gateway_calibration,sweep:anomaly_pair:shared_scenarios,702.2628426707249,135,686.8318564977369,,,shared_all_anomaly_strengths,diffusion_coeff,1500.0
RR,0,49,120834209760926409,gateway_calibration,sweep:anomaly_pair:shared_scenarios,561.0239152689935,122,686.8318564977369,,,shared_all_anomaly_strengths,diffusion_coeff,1500.0
RR,0,50,3276339480421714797,gateway_calibration,sweep:anomaly_pair:shared_scenarios,562.5065380680165,130,686.8318564977369,,,shared_all_anomaly_strengths,diffusion_coeff,1500.0
RR,0,51,7889239287137057542,gateway_calibration,sweep:anomaly_pair:shared_scenarios,600.4180454577822,132,686.8318564977369,,,shared_all_anomaly_strengths,diffusion_coeff,1500.0
RR,0,52,3388785810564520190,gateway_calibration,sweep:anomaly_pair:shared_scenarios,527.8552393625162,134,686.8318564977369,,,shared_all_anomaly_strengths,diffusion_coeff,1500.0
RR,0,53,5503237878395346684,gateway_calibration,sweep:anomaly_pair:shared_scenarios,504.04723323755786,115,686.8318564977369,,,shared_all_anomaly_strengths,diffusion_coeff,1500.0
RR,0,54,5415491490608218996,gateway_calibration,sweep:anomaly_pair:shared_scenarios,582.4202801794216,130,686.8318564977369,,,shared_all_anomaly_strengths,diffusion_coeff,1500.0
RR,0,55,26760604161946009,gateway_calibration,sweep:anomaly_pair:shared_scenarios,588.5185432986283,110,686.8318564977369,,,shared_all_anomaly_strengths,diffusion_coeff,1500.0
RR,0,56,6830352398876445275,gateway_calibration,sweep:anomaly_pair:shared_scenarios,604.2298358629573,127,686.8318564977369,,,shared_all_anomaly_strengths,diffusion_coeff,1500.0
RR,0,57,1406415348362794825,gateway_calibration,sweep:anomaly_pair:shared_scenarios,579.8280840761583,134,686.8318564977369,,,shared_all_anomaly_strengths,diffusion_coeff,1500.0
RR,0,58,7701508260034706105,gateway_calibration,sweep:anomaly_pair:shared_scenarios,535.6789680974862,130,686.8318564977369,,,shared_all_anomaly_strengths,diffusion_coeff,1500.0
RR,0,59,2711167823261115708,gateway_calibration,sweep:anomaly_pair:shared_scenarios,573.3521426185831,132,686.8318564977369,,,shared_all_anomaly_strengths,diffusion_coeff,1500.0
RR,0,60,3144340299977682071,gateway_calibration,sweep:anomaly_pair:shared_scenarios,583.9509746947551,114,686.8318564977369,,,shared_all_anomaly_strengths,diffusion_coeff,1500.0
RR,0,61,6563400931778538780,gateway_calibration,sweep:anomaly_pair:shared_scenarios,422.6544603544111,108,686.8318564977369,,,shared_all_anomaly_strengths,diffusion_coeff,1500.0
RR,0,62,2388043308876394469,gateway_calibration,sweep:anomaly_pair:shared_scenarios,608.7565353712992,147,686.8318564977369,,,shared_all_anomaly_strengths,diffusion_coeff,1500.0
RR,0,63,6824789488425972207,gateway_calibration,sweep:anomaly_pair:shared_scenarios,567.8060207223037,114,686.8318564977369,,,shared_all_anomaly_strengths,diffusion_coeff,1500.0
RR,0,64,1401432086598941843,gateway_calibration,sweep:anomaly_pair:shared_scenarios,654.4063017966268,136,686.8318564977369,,,shared_all_anomaly_strengths,diffusion_coeff,1500.0
RR,0,65,4672481713666300259,gateway_calibration,sweep:anomaly_pair:shared_scenarios,627.5123611025991,139,686.8318564977369,,,shared_all_anomaly_strengths,diffusion_coeff,1500.0
RR,0,66,6903420366369478612,gateway_calibration,sweep:anomaly_pair:shared_scenarios,634.3456663913639,129,686.8318564977369,,,shared_all_anomaly_strengths,diffusion_coeff,1500.0
RR,0,67,6898050963322559496,gateway_calibration,sweep:anomaly_pair:shared_scenarios,468.9590277101073,113,686.8318564977369,,,shared_all_anomaly_strengths,diffusion_coeff,1500.0
RR,0,68,614393272824454916,gateway_calibration,sweep:anomaly_pair:shared_scenarios,629.0478217988265,142,686.8318564977369,,,shared_all_anomaly_strengths,diffusion_coeff,1500.0
RR,0,69,672551910386015347,gateway_calibration,sweep:anomaly_pair:shared_scenarios,644.5695915231711,134,686.8318564977369,,,shared_all_anomaly_strengths,diffusion_coeff,1500.0
RR,0,70,2982091152045645099,gateway_calibration,sweep:anomaly_pair:shared_scenarios,615.3278923461063,112,686.8318564977369,,,shared_all_anomaly_strengths,diffusion_coeff,1500.0
RR,0,71,823492357614472977,gateway_calibration,sweep:anomaly_pair:shared_scenarios,610.2992289028964,136,686.8318564977369,,,shared_all_anomaly_strengths,diffusion_coeff,1500.0
RR,0,72,4697794938409790858,gateway_calibration,sweep:anomaly_pair:shared_scenarios,471.8092594271599,110,686.8318564977369,,,shared_all_anomaly_strengths,diffusion_coeff,1500.0
RR,0,73,6582019303472037237,gateway_calibration,sweep:anomaly_pair:shared_scenarios,659.6452901975266,128,686.8318564977369,,,shared_all_anomaly_strengths,diffusion_coeff,1500.0
RR,0,74,300672792335245350,gateway_calibration,sweep:anomaly_pair:shared_scenarios,432.41387856668786,117,686.8318564977369,,,shared_all_anomaly_strengths,diffusion_coeff,1500.0
RR,0,75,5751946339530838054,gateway_calibration,sweep:anomaly_pair:shared_scenarios,550.6726121473835,130,686.8318564977369,,,shared_all_anomaly_strengths,diffusion_coeff,1500.0
RR,0,76,961439938750258285,gateway_calibration,sweep:anomaly_pair:shared_scenarios,724.4523177455172,147,686.8318564977369,,,shared_all_anomaly_strengths,diffusion_coeff,1500.0
RR,0,77,3257887825763507863,gateway_calibration,sweep:anomaly_pair:shared_scenarios,512.9664895685248,125,686.8318564977369,,,shared_all_anomaly_strengths,diffusion_coeff,1500.0
RR,0,78,8166365252455630432,gateway_calibration,sweep:anomaly_pair:shared_scenarios,562.1523422756418,129,686.8318564977369,,,shared_all_anomaly_strengths,diffusion_coeff,1500.0
RR,0,79,2849578758725429319,gateway_calibration,sweep:anomaly_pair:shared_scenarios,634.9031949370221,128,686.8318564977369,,,shared_all_anomaly_strengths,diffusion_coeff,1500.0
RR,0,80,5847011703168282323,gateway_calibration,sweep:anomaly_pair:shared_scenarios,575.2228207481968,132,686.8318564977369,,,shared_all_anomaly_strengths,diffusion_coeff,1500.0
RR,0,81,7858864668525583430,gateway_calibration,sweep:anomaly_pair:shared_scenarios,361.2652451849297,95,686.8318564977369,,,shared_all_anomaly_strengths,diffusion_coeff,1500.0
RR,0,82,268940495404723730,gateway_calibration,sweep:anomaly_pair:shared_scenarios,380.7212931988802,103,686.8318564977369,,,shared_all_anomaly_strengths,diffusion_coeff,1500.0
RR,0,83,4400655767576069724,gateway_calibration,sweep:anomaly_pair:shared_scenarios,530.6066172953578,113,686.8318564977369,,,shared_all_anomaly_strengths,diffusion_coeff,1500.0
RR,0,84,7359957410266699792,gateway_calibration,sweep:anomaly_pair:shared_scenarios,657.5225079303668,143,686.8318564977369,,,shared_all_anomaly_strengths,diffusion_coeff,1500.0
RR,0,85,4731760846268061734,gateway_calibration,sweep:anomaly_pair:shared_scenarios,562.1547217819486,134,686.8318564977369,,,shared_all_anomaly_strengths,diffusion_coeff,1500.0
RR,0,86,1992618809938800466,gateway_calibration,sweep:anomaly_pair:shared_scenarios,594.778106191732,145,686.8318564977369,,,shared_all_anomaly_strengths,diffusion_coeff,1500.0
RR,0,87,8403004296001441656,gateway_calibration,sweep:anomaly_pair:shared_scenarios,523.1637345350273,122,686.8318564977369,,,shared_all_anomaly_strengths,diffusion_coeff,1500.0
RR,0,88,5944369264469843788,gateway_calibration,sweep:anomaly_pair:shared_scenarios,580.2451079854059,125,686.8318564977369,,,shared_all_anomaly_strengths,diffusion_coeff,1500.0
RR,0,89,216637230108974742,gateway_calibration,sweep:anomaly_pair:shared_scenarios,567.4874151261466,124,686.8318564977369,,,shared_all_anomaly_strengths,diffusion_coeff,1500.0
RR,0,90,896283027553350313,gateway_calibration,sweep:anomaly_pair:shared_scenarios,557.7298672673859,130,686.8318564977369,,,shared_all_anomaly_strengths,diffusion_coeff,1500.0
RR,0,91,2129979059599230336,gateway_calibration,sweep:anomaly_pair:shared_scenarios,518.989288720113,111,686.8318564977369,,,shared_all_anomaly_strengths,diffusion_coeff,1500.0
RR,0,92,8440158530804782812,gateway_calibration,sweep:anomaly_pair:shared_scenarios,568.7468207520628,126,686.8318564977369,,,shared_all_anomaly_strengths,diffusion_coeff,1500.0
RR,0,93,2515105766560126937,gateway_calibration,sweep:anomaly_pair:shared_scenarios,569.9739220131128,118,686.8318564977369,,,shared_all_anomaly_strengths,diffusion_coeff,1500.0
RR,0,94,7871536140642585085,gateway_calibration,sweep:anomaly_pair:shared_scenarios,540.9487649229284,117,686.8318564977369,,,shared_all_anomaly_strengths,diffusion_coeff,1500.0
RR,0,95,5141400087580602088,gateway_calibration,sweep:anomaly_pair:shared_scenarios,543.7757911511001,139,686.8318564977369,,,shared_all_anomaly_strengths,diffusion_coeff,1500.0
RR,0,96,8112959400662868633,gateway_calibration,sweep:anomaly_pair:shared_scenarios,406.2607945035082,112,686.8318564977369,,,shared_all_anomaly_strengths,diffusion_coeff,1500.0
RR,0,97,1078891354826946508,gateway_calibration,sweep:anomaly_pair:shared_scenarios,638.378011692515,145,686.8318564977369,,,shared_all_anomaly_strengths,diffusion_coeff,1500.0
RR,0,98,2726858539062778841,gateway_calibration,sweep:anomaly_pair:shared_scenarios,527.3861337394166,106,686.8318564977369,,,shared_all_anomaly_strengths,diffusion_coeff,1500.0
RR,0,99,4880208515358931166,gateway_calibration,sweep:anomaly_pair:shared_scenarios,500.4505272311665,100,686.8318564977369,,,shared_all_anomaly_strengths,diffusion_coeff,1500.0
RR,0,100,9112943947571933379,gateway_calibration,sweep:anomaly_pair:shared_scenarios,529.5528926586231,117,686.8318564977369,,,shared_all_anomaly_strengths,diffusion_coeff,1500.0
RR,0,101,4842620908627243129,gateway_calibration,sweep:anomaly_pair:shared_scenarios,479.89288464856395,113,686.8318564977369,,,shared_all_anomaly_strengths,diffusion_coeff,1500.0
RR,0,102,9221364585446048791,gateway_calibration,sweep:anomaly_pair:shared_scenarios,656.0762666327854,143,686.8318564977369,,,shared_all_anomaly_strengths,diffusion_coeff,1500.0
RR,0,103,3494744169553416929,gateway_calibration,sweep:anomaly_pair:shared_scenarios,579.9871841447573,121,686.8318564977369,,,shared_all_anomaly_strengths,diffusion_coeff,1500.0
RR,0,104,7233638741406416371,gateway_calibration,sweep:anomaly_pair:shared_scenarios,635.2562112073393,130,686.8318564977369,,,shared_all_anomaly_strengths,diffusion_coeff,1500.0
RR,0,105,3641336694656935735,gateway_calibration,sweep:anomaly_pair:shared_scenarios,663.3675787098357,115,686.8318564977369,,,shared_all_anomaly_strengths,diffusion_coeff,1500.0
RR,0,106,3835715673444251126,gateway_calibration,sweep:anomaly_pair:shared_scenarios,566.9187101760343,123,686.8318564977369,,,shared_all_anomaly_strengths,diffusion_coeff,1500.0
RR,0,107,2714185319899586904,gateway_calibration,sweep:anomaly_pair:shared_scenarios,678.3901237858465,131,686.8318564977369,,,shared_all_anomaly_strengths,diffusion_coeff,1500.0
RR,0,108,7065677078823521164,gateway_calibration,sweep:anomaly_pair:shared_scenarios,601.2749330636111,132,686.8318564977369,,,shared_all_anomaly_strengths,diffusion_coeff,1500.0
RR,0,109,1054405605846734754,gateway_calibration,sweep:anomaly_pair:shared_scenarios,649.894821653311,128,686.8318564977369,,,shared_all_anomaly_strengths,diffusion_coeff,1500.0
RR,0,110,2962441662239683096,gateway_calibration,sweep:anomaly_pair:shared_scenarios,600.4292818297886,141,686.8318564977369,,,shared_all_anomaly_strengths,diffusion_coeff,1500.0
RR,0,111,4129263628419206857,gateway_calibration,sweep:anomaly_pair:shared_scenarios,566.4419657963994,112,686.8318564977369,,,shared_all_anomaly_strengths,diffusion_coeff,1500.0
RR,0,112,1622360177596404131,gateway_calibration,sweep:anomaly_pair:shared_scenarios,580.5911609751653,122,686.8318564977369,,,shared_all_anomaly_strengths,diffusion_coeff,1500.0
RR,0,113,2330463691884836340,gateway_calibration,sweep:anomaly_pair:shared_scenarios,551.6913782626684,129,686.8318564977369,,,shared_all_anomaly_strengths,diffusion_coeff,1500.0
RR,0,114,2652712276700624970,gateway_calibration,sweep:anomaly_pair:shared_scenarios,545.4919810527297,123,686.8318564977369,,,shared_all_anomaly_strengths,diffusion_coeff,1500.0
RR,0,115,6210151626445176008,gateway_calibration,sweep:anomaly_pair:shared_scenarios,645.1960370931417,136,686.8318564977369,,,shared_all_anomaly_strengths,diffusion_coeff,1500.0
RR,0,116,5484880361464436307,gateway_calibration,sweep:anomaly_pair:shared_scenarios,515.6779979447734,123,686.8318564977369,,,shared_all_anomaly_strengths,diffusion_coeff,1500.0
RR,0,117,9083936004600730053,gateway_calibration,sweep:anomaly_pair:shared_scenarios,578.865414352186,119,686.8318564977369,,,shared_all_anomaly_strengths,diffusion_coeff,1500.0
RR,0,118,7499139004400980353,gateway_calibration,sweep:anomaly_pair:shared_scenarios,501.06539787935793,128,686.8318564977369,,,shared_all_anomaly_strengths,diffusion_coeff,1500.0
RR,0,119,426229976672197883,gateway_calibration,sweep:anomaly_pair:shared_scenarios,662.3321449650368,130,686.8318564977369,,,shared_all_anomaly_strengths,diffusion_coeff,1500.0
RR,0,120,246508369912879822,gateway_calibration,sweep:anomaly_pair:shared_scenarios,566.6855097048771,120,686.8318564977369,,,shared_all_anomaly_strengths,diffusion_coeff,1500.0
RR,0,121,2652398091327796019,gateway_calibration,sweep:anomaly_pair:shared_scenarios,605.087067616464,140,686.8318564977369,,,shared_all_anomaly_strengths,diffusion_coeff,1500.0
RR,0,122,5503532496059794744,gateway_calibration,sweep:anomaly_pair:shared_scenarios,468.420604187625,114,686.8318564977369,,,shared_all_anomaly_strengths,diffusion_coeff,1500.0
RR,0,123,8329007375693140607,gateway_calibration,sweep:anomaly_pair:shared_scenarios,603.0088797550519,125,686.8318564977369,,,shared_all_anomaly_strengths,diffusion_coeff,1500.0
RR,0,124,4366984316536531468,gateway_calibration,sweep:anomaly_pair:shared_scenarios,471.51501749203163,127,686.8318564977369,,,shared_all_anomaly_strengths,diffusion_coeff,1500.0
RR,0,125,6198917521197951328,gateway_calibration,sweep:anomaly_pair:shared_scenarios,647.4315720112525,134,686.8318564977369,,,shared_all_anomaly_strengths,diffusion_coeff,1500.0
RR,0,126,3901305802510177060,gateway_calibration,sweep:anomaly_pair:shared_scenarios,478.56385110906103,145,686.8318564977369,,,shared_all_anomaly_strengths,diffusion_coeff,1500.0
RR,0,127,3651935198066528014,gateway_calibration,sweep:anomaly_pair:shared_scenarios,552.8542948307837,113,686.8318564977369,,,shared_all_anomaly_strengths,diffusion_coeff,1500.0
RR,0,128,3665222385996101800,gateway_calibration,sweep:anomaly_pair:shared_scenarios,426.5502709043074,115,686.8318564977369,,,shared_all_anomaly_strengths,diffusion_coeff,1500.0
RR,0,129,3695450124233607618,gateway_calibration,sweep:anomaly_pair:shared_scenarios,439.1721050068634,108,686.8318564977369,,,shared_all_anomaly_strengths,diffusion_coeff,1500.0
RR,0,130,4507573490889405567,gateway_calibration,sweep:anomaly_pair:shared_scenarios,482.5135299783104,107,686.8318564977369,,,shared_all_anomaly_strengths,diffusion_coeff,1500.0
RR,0,131,6622006059011695217,gateway_calibration,sweep:anomaly_pair:shared_scenarios,653.911114238944,141,686.8318564977369,,,shared_all_anomaly_strengths,diffusion_coeff,1500.0
RR,0,132,1072149559379176970,gateway_calibration,sweep:anomaly_pair:shared_scenarios,584.544092414061,127,686.8318564977369,,,shared_all_anomaly_strengths,diffusion_coeff,1500.0
RR,0,133,2236710786858836466,gateway_calibration,sweep:anomaly_pair:shared_scenarios,495.7591598614788,125,686.8318564977369,,,shared_all_anomaly_strengths,diffusion_coeff,1500.0
RR,0,134,4061241335305450115,gateway_calibration,sweep:anomaly_pair:shared_scenarios,361.87362829548704,109,686.8318564977369,,,shared_all_anomaly_strengths,diffusion_coeff,1500.0
RR,0,135,4458267631564501530,gateway_calibration,sweep:anomaly_pair:shared_scenarios,470.8838385757875,129,686.8318564977369,,,shared_all_anomaly_strengths,diffusion_coeff,1500.0
RR,0,136,4602541395243770802,gateway_calibration,sweep:anomaly_pair:shared_scenarios,400.07901842259224,113,686.8318564977369,,,shared_all_anomaly_strengths,diffusion_coeff,1500.0
RR,0,137,8154260143710516340,gateway_calibration,sweep:anomaly_pair:shared_scenarios,485.20571564180227,127,686.8318564977369,,,shared_all_anomaly_strengths,diffusion_coeff,1500.0
RR,0,138,7114745814847013655,gateway_calibration,sweep:anomaly_pair:shared_scenarios,627.5957251326889,141,686.8318564977369,,,shared_all_anomaly_strengths,diffusion_coeff,1500.0
RR,0,139,7504069718206669675,gateway_calibration,sweep:anomaly_pair:shared_scenarios,579.1885790903175,121,686.8318564977369,,,shared_all_anomaly_strengths,diffusion_coeff,1500.0
RR,0,140,2484320023919988263,gateway_calibration,sweep:anomaly_pair:shared_scenarios,604.5494494713267,114,686.8318564977369,,,shared_all_anomaly_strengths,diffusion_coeff,1500.0
RR,0,141,5967893154890299710,gateway_calibration,sweep:anomaly_pair:shared_scenarios,474.7740991685295,139,686.8318564977369,,,shared_all_anomaly_strengths,diffusion_coeff,1500.0
RR,0,142,8551485174213736670,gateway_calibration,sweep:anomaly_pair:shared_scenarios,528.5116991554901,122,686.8318564977369,,,shared_all_anomaly_strengths,diffusion_coeff,1500.0
RR,0,143,400428821000820213,gateway_calibration,sweep:anomaly_pair:shared_scenarios,565.7233403786609,120,686.8318564977369,,,shared_all_anomaly_strengths,diffusion_coeff,1500.0
RR,0,144,4671208357574952400,gateway_calibration,sweep:anomaly_pair:shared_scenarios,445.50610056374956,108,686.8318564977369,,,shared_all_anomaly_strengths,diffusion_coeff,1500.0
RR,0,145,2717424151482641221,gateway_calibration,sweep:anomaly_pair:shared_scenarios,634.791952338948,127,686.8318564977369,,,shared_all_anomaly_strengths,diffusion_coeff,1500.0
RR,0,146,7103388310734235320,gateway_calibration,sweep:anomaly_pair:shared_scenarios,620.2725894305944,132,686.8318564977369,,,shared_all_anomaly_strengths,diffusion_coeff,1500.0
RR,0,147,6613689040717774173,gateway_calibration,sweep:anomaly_pair:shared_scenarios,551.2567664736899,127,686.8318564977369,,,shared_all_anomaly_strengths,diffusion_coeff,1500.0
RR,0,148,3013865715162790417,gateway_calibration,sweep:anomaly_pair:shared_scenarios,478.2758420354094,128,686.8318564977369,,,shared_all_anomaly_strengths,diffusion_coeff,1500.0
RR,0,149,5411062845189856806,gateway_calibration,sweep:anomaly_pair:shared_scenarios,414.55460179500636,107,686.8318564977369,,,shared_all_anomaly_strengths,diffusion_coeff,1500.0
RR,0,150,753526066345137121,gateway_calibration,sweep:anomaly_pair:shared_scenarios,636.2383937362143,120,686.8318564977369,,,shared_all_anomaly_strengths,diffusion_coeff,1500.0
RR,0,151,5517788874787541446,gateway_calibration,sweep:anomaly_pair:shared_scenarios,581.0699297185641,135,686.8318564977369,,,shared_all_anomaly_strengths,diffusion_coeff,1500.0
RR,0,152,3012173983135274094,gateway_calibration,sweep:anomaly_pair:shared_scenarios,459.390013462172,137,686.8318564977369,,,shared_all_anomaly_strengths,diffusion_coeff,1500.0
RR,0,153,7525768142714343326,gateway_calibration,sweep:anomaly_pair:shared_scenarios,476.9735931527136,109,686.8318564977369,,,shared_all_anomaly_strengths,diffusion_coeff,1500.0
RR,0,154,5795757086317543101,gateway_calibration,sweep:anomaly_pair:shared_scenarios,573.5814390421295,101,686.8318564977369,,,shared_all_anomaly_strengths,diffusion_coeff,1500.0
RR,0,155,1489560090090177220,gateway_calibration,sweep:anomaly_pair:shared_scenarios,530.5011176337397,125,686.8318564977369,,,shared_all_anomaly_strengths,diffusion_coeff,1500.0
RR,0,156,5650023223194757707,gateway_calibration,sweep:anomaly_pair:shared_scenarios,592.0250545203415,118,686.8318564977369,,,shared_all_anomaly_strengths,diffusion_coeff,1500.0
RR,0,157,9095396682315926676,gateway_calibration,sweep:anomaly_pair:shared_scenarios,563.893974015874,126,686.8318564977369,,,shared_all_anomaly_strengths,diffusion_coeff,1500.0
RR,0,158,3646421855625731332,gateway_calibration,sweep:anomaly_pair:shared_scenarios,532.3927961000353,114,686.8318564977369,,,shared_all_anomaly_strengths,diffusion_coeff,1500.0
RR,0,159,2731180400104840963,gateway_calibration,sweep:anomaly_pair:shared_scenarios,670.6594869244838,128,686.8318564977369,,,shared_all_anomaly_strengths,diffusion_coeff,1500.0
RR,0,160,6525253475390859142,gateway_calibration,sweep:anomaly_pair:shared_scenarios,665.7218422282316,146,686.8318564977369,,,shared_all_anomaly_strengths,diffusion_coeff,1500.0
RR,0,161,5342702562007933787,gateway_calibration,sweep:anomaly_pair:shared_scenarios,532.5966168070806,122,686.8318564977369,,,shared_all_anomaly_strengths,diffusion_coeff,1500.0
RR,0,162,1696163523599298321,gateway_calibration,sweep:anomaly_pair:shared_scenarios,611.1360286205929,138,686.8318564977369,,,shared_all_anomaly_strengths,diffusion_coeff,1500.0
RR,0,163,3743667071636317329,gateway_calibration,sweep:anomaly_pair:shared_scenarios,622.5021649969498,148,686.8318564977369,,,shared_all_anomaly_strengths,diffusion_coeff,1500.0
RR,0,164,1703215274657857080,gateway_calibration,sweep:anomaly_pair:shared_scenarios,574.7661666977399,124,686.8318564977369,,,shared_all_anomaly_strengths,diffusion_coeff,1500.0
RR,0,165,3749419661803877216,gateway_calibration,sweep:anomaly_pair:shared_scenarios,555.9966043698282,104,686.8318564977369,,,shared_all_anomaly_strengths,diffusion_coeff,1500.0
RR,0,166,1022849663340299120,gateway_calibration,sweep:anomaly_pair:shared_scenarios,614.7196270157915,122,686.8318564977369,,,shared_all_anomaly_strengths,diffusion_coeff,1500.0
RR,0,167,812573164251080741,gateway_calibration,sweep:anomaly_pair:shared_scenarios,549.0552790087509,132,686.8318564977369,,,shared_all_anomaly_strengths,diffusion_coeff,1500.0
RR,0,168,9181789161802016476,gateway_calibration,sweep:anomaly_pair:shared_scenarios,654.0043147888093,127,686.8318564977369,,,shared_all_anomaly_strengths,diffusion_coeff,1500.0
RR,0,169,41852731993844740,gateway_calibration,sweep:anomaly_pair:shared_scenarios,591.5134755340348,126,686.8318564977369,,,shared_all_anomaly_strengths,diffusion_coeff,1500.0
RR,0,170,2160723943465049599,gateway_calibration,sweep:anomaly_pair:shared_scenarios,579.938267409303,127,686.8318564977369,,,shared_all_anomaly_strengths,diffusion_coeff,1500.0
RR,0,171,4956274529951239709,gateway_calibration,sweep:anomaly_pair:shared_scenarios,663.5632485238416,134,686.8318564977369,,,shared_all_anomaly_strengths,diffusion_coeff,1500.0
RR,0,172,6793317195616864064,gateway_calibration,sweep:anomaly_pair:shared_scenarios,679.290942127462,137,686.8318564977369,,,shared_all_anomaly_strengths,diffusion_coeff,1500.0
RR,0,173,4303638152728383403,gateway_calibration,sweep:anomaly_pair:shared_scenarios,586.5074967915608,127,686.8318564977369,,,shared_all_anomaly_strengths,diffusion_coeff,1500.0
RR,0,174,7314201943706610406,gateway_calibration,sweep:anomaly_pair:shared_scenarios,562.8484236705677,130,686.8318564977369,,,shared_all_anomaly_strengths,diffusion_coeff,1500.0
RR,0,175,1512635151930618621,gateway_calibration,sweep:anomaly_pair:shared_scenarios,602.7180277969807,127,686.8318564977369,,,shared_all_anomaly_strengths,diffusion_coeff,1500.0
RR,0,176,8308315004410766501,gateway_calibration,sweep:anomaly_pair:shared_scenarios,605.1421353848937,134,686.8318564977369,,,shared_all_anomaly_strengths,diffusion_coeff,1500.0
RR,0,177,8366281085404403237,gateway_calibration,sweep:anomaly_pair:shared_scenarios,470.56356267353164,115,686.8318564977369,,,shared_all_anomaly_strengths,diffusion_coeff,1500.0
RR,0,178,3431044729523368993,gateway_calibration,sweep:anomaly_pair:shared_scenarios,562.9549427151172,136,686.8318564977369,,,shared_all_anomaly_strengths,diffusion_coeff,1500.0
RR,0,179,2007998228956077302,gateway_calibration,sweep:anomaly_pair:shared_scenarios,584.7043174735999,120,686.8318564977369,,,shared_all_anomaly_strengths,diffusion_coeff,1500.0
RR,0,180,8751753062912985555,gateway_calibration,sweep:anomaly_pair:shared_scenarios,542.7866170261456,128,686.8318564977369,,,shared_all_anomaly_strengths,diffusion_coeff,1500.0
RR,0,181,6021098798304103526,gateway_calibration,sweep:anomaly_pair:shared_scenarios,504.38180533863806,138,686.8318564977369,,,shared_all_anomaly_strengths,diffusion_coeff,1500.0
RR,0,182,6935358694610535876,gateway_calibration,sweep:anomaly_pair:shared_scenarios,512.4712948173443,130,686.8318564977369,,,shared_all_anomaly_strengths,diffusion_coeff,1500.0
RR,0,183,8750411618794352639,gateway_calibration,sweep:anomaly_pair:shared_scenarios,568.6422285640235,124,686.8318564977369,,,shared_all_anomaly_strengths,diffusion_coeff,1500.0
RR,0,184,5456778154641903347,gateway_calibration,sweep:anomaly_pair:shared_scenarios,623.1224067240188,144,686.8318564977369,,,shared_all_anomaly_strengths,diffusion_coeff,1500.0
RR,0,185,1287740648467288647,gateway_calibration,sweep:anomaly_pair:shared_scenarios,547.5209013185254,114,686.8318564977369,,,shared_all_anomaly_strengths,diffusion_coeff,1500.0
RR,0,186,5407093370613870835,gateway_calibration,sweep:anomaly_pair:shared_scenarios,543.4190647580907,127,686.8318564977369,,,shared_all_anomaly_strengths,diffusion_coeff,1500.0
RR,0,187,3818214081160493,gateway_calibration,sweep:anomaly_pair:shared_scenarios,555.5450652814544,133,686.8318564977369,,,shared_all_anomaly_strengths,diffusion_coeff,1500.0
RR,0,188,4306571545613910018,gateway_calibration,sweep:anomaly_pair:shared_scenarios,534.9942324526033,120,686.8318564977369,,,shared_all_anomaly_strengths,diffusion_coeff,1500.0
RR,0,189,1959307662180969903,gateway_calibration,sweep:anomaly_pair:shared_scenarios,621.8660678104306,130,686.8318564977369,,,shared_all_anomaly_strengths,diffusion_coeff,1500.0
RR,0,190,4992208587719153238,gateway_calibration,sweep:anomaly_pair:shared_scenarios,415.8480036036237,124,686.8318564977369,,,shared_all_anomaly_strengths,diffusion_coeff,1500.0
RR,0,191,5365441848557421041,gateway_calibration,sweep:anomaly_pair:shared_scenarios,643.7176648197865,144,686.8318564977369,,,shared_all_anomaly_strengths,diffusion_coeff,1500.0
RR,0,192,1408715418700674555,gateway_calibration,sweep:anomaly_pair:shared_scenarios,540.9847992485996,123,686.8318564977369,,,shared_all_anomaly_strengths,diffusion_coeff,1500.0
RR,0,193,8108843531229667530,gateway_calibration,sweep:anomaly_pair:shared_scenarios,668.9938140347297,137,686.8318564977369,,,shared_all_anomaly_strengths,diffusion_coeff,1500.0
RR,0,194,5355952040063825204,gateway_calibration,sweep:anomaly_pair:shared_scenarios,580.6489610790171,127,686.8318564977369,,,shared_all_anomaly_strengths,diffusion_coeff,1500.0
RR,0,195,3749598425399707804,gateway_calibration,sweep:anomaly_pair:shared_scenarios,588.517674859799,125,686.8318564977369,,,shared_all_anomaly_strengths,diffusion_coeff,1500.0
RR,0,196,2149480101104034459,gateway_calibration,sweep:anomaly_pair:shared_scenarios,628.1862337797081,132,686.8318564977369,,,shared_all_anomaly_strengths,diffusion_coeff,1500.0
RR,0,197,2249485913525693031,gateway_calibration,sweep:anomaly_pair:shared_scenarios,632.3902000726644,144,686.8318564977369,,,shared_all_anomaly_strengths,diffusion_coeff,1500.0
RR,0,198,7943041684628071969,gateway_calibration,sweep:anomaly_pair:shared_scenarios,715.4131928634847,143,686.8318564977369,,,shared_all_anomaly_strengths,diffusion_coeff,1500.0
RR,0,199,5498905627511140374,gateway_calibration,sweep:anomaly_pair:shared_scenarios,640.3359698284461,145,686.8318564977369,,,shared_all_anomaly_strengths,diffusion_coeff,1500.0
RR,0,200,3602637090699499683,gateway_calibration,sweep:anomaly_pair:shared_scenarios,564.8827107281386,125,686.8318564977369,,,shared_all_anomaly_strengths,diffusion_coeff,1500.0
RR,0,201,7286351669153130392,gateway_calibration,sweep:anomaly_pair:shared_scenarios,537.8347667086786,114,686.8318564977369,,,shared_all_anomaly_strengths,diffusion_coeff,1500.0
RR,0,202,3191901830673673490,gateway_calibration,sweep:anomaly_pair:shared_scenarios,485.94177996682043,121,686.8318564977369,,,shared_all_anomaly_strengths,diffusion_coeff,1500.0
RR,0,203,8524659376700415706,gateway_calibration,sweep:anomaly_pair:shared_scenarios,820.3597948408903,139,686.8318564977369,,,shared_all_anomaly_strengths,diffusion_coeff,1500.0
RR,0,204,6349588482576067091,gateway_calibration,sweep:anomaly_pair:shared_scenarios,608.3799596103325,120,686.8318564977369,,,shared_all_anomaly_strengths,diffusion_coeff,1500.0
RR,0,205,7988033359410408816,gateway_calibration,sweep:anomaly_pair:shared_scenarios,535.1529510680266,126,686.8318564977369,,,shared_all_anomaly_strengths,diffusion_coeff,1500.0
RR,0,206,8515216027005570369,gateway_calibration,sweep:anomaly_pair:shared_scenarios,518.3827301309987,114,686.8318564977369,,,shared_all_anomaly_strengths,diffusion_coeff,1500.0
RR,0,207,6416540730684243514,gateway_calibration,sweep:anomaly_pair:shared_scenarios,480.8211308581013,108,686.8318564977369,,,shared_all_anomaly_strengths,diffusion_coeff,1500.0
RR,0,208,602517514173483864,gateway_calibration,sweep:anomaly_pair:shared_scenarios,511.75947912045393,125,686.8318564977369,,,shared_all_anomaly_strengths,diffusion_coeff,1500.0
RR,0,209,3465670740941638925,gateway_calibration,sweep:anomaly_pair:shared_scenarios,648.8087619409794,143,686.8318564977369,,,shared_all_anomaly_strengths,diffusion_coeff,1500.0
RR,0,210,3944025305726431335,gateway_calibration,sweep:anomaly_pair:shared_scenarios,638.5484413212511,143,686.8318564977369,,,shared_all_anomaly_strengths,diffusion_coeff,1500.0
RR,0,211,2339277267613070629,gateway_calibration,sweep:anomaly_pair:shared_scenarios,421.8999425568524,120,686.8318564977369,,,shared_all_anomaly_strengths,diffusion_coeff,1500.0
RR,0,212,7600535093870098984,gateway_calibration,sweep:anomaly_pair:shared_scenarios,535.0488349729478,125,686.8318564977369,,,shared_all_anomaly_strengths,diffusion_coeff,1500.0
RR,0,213,3861443108061582389,gateway_calibration,sweep:anomaly_pair:shared_scenarios,436.18622470964897,128,686.8318564977369,,,shared_all_anomaly_strengths,diffusion_coeff,1500.0
RR,0,214,3250073084552866822,gateway_calibration,sweep:anomaly_pair:shared_scenarios,680.1193816487233,141,686.8318564977369,,,shared_all_anomaly_strengths,diffusion_coeff,1500.0
RR,0,215,8591855540292640479,gateway_calibration,sweep:anomaly_pair:shared_scenarios,468.96586986830783,114,686.8318564977369,,,shared_all_anomaly_strengths,diffusion_coeff,1500.0
RR,0,216,3408653263756247515,gateway_calibration,sweep:anomaly_pair:shared_scenarios,658.4374516470762,146,686.8318564977369,,,shared_all_anomaly_strengths,diffusion_coeff,1500.0
RR,0,217,2181672054838164337,gateway_calibration,sweep:anomaly_pair:shared_scenarios,597.192014880202,144,686.8318564977369,,,shared_all_anomaly_strengths,diffusion_coeff,1500.0
RR,0,218,1689637169394222035,gateway_calibration,sweep:anomaly_pair:shared_scenarios,532.1220814465016,120,686.8318564977369,,,shared_all_anomaly_strengths,diffusion_coeff,1500.0
RR,0,219,5046962185951232574,gateway_calibration,sweep:anomaly_pair:shared_scenarios,634.804249348688,129,686.8318564977369,,,shared_all_anomaly_strengths,diffusion_coeff,1500.0
RR,0,220,9018680245675993190,gateway_calibration,sweep:anomaly_pair:shared_scenarios,553.5516510163877,132,686.8318564977369,,,shared_all_anomaly_strengths,diffusion_coeff,1500.0
RR,0,221,8785852485249820827,gateway_calibration,sweep:anomaly_pair:shared_scenarios,548.2482258978825,136,686.8318564977369,,,shared_all_anomaly_strengths,diffusion_coeff,1500.0
RR,0,222,34609839810900876,gateway_calibration,sweep:anomaly_pair:shared_scenarios,465.6822118904856,127,686.8318564977369,,,shared_all_anomaly_strengths,diffusion_coeff,1500.0
RR,0,223,4892593663520200719,gateway_calibration,sweep:anomaly_pair:shared_scenarios,675.4770806493312,137,686.8318564977369,,,shared_all_anomaly_strengths,diffusion_coeff,1500.0
RR,0,224,1595203616003947553,gateway_calibration,sweep:anomaly_pair:shared_scenarios,671.4438868240028,130,686.8318564977369,,,shared_all_anomaly_strengths,diffusion_coeff,1500.0
RR,0,225,7424048805208454819,gateway_calibration,sweep:anomaly_pair:shared_scenarios,750.3036623190644,129,686.8318564977369,,,shared_all_anomaly_strengths,diffusion_coeff,1500.0
RR,0,226,2920126023839666219,gateway_calibration,sweep:anomaly_pair:shared_scenarios,501.2370286025617,114,686.8318564977369,,,shared_all_anomaly_strengths,diffusion_coeff,1500.0
RR,0,227,382931740595247515,gateway_calibration,sweep:anomaly_pair:shared_scenarios,623.8855855888435,136,686.8318564977369,,,shared_all_anomaly_strengths,diffusion_coeff,1500.0
RR,0,228,8014502905414229746,gateway_calibration,sweep:anomaly_pair:shared_scenarios,583.950109612,131,686.8318564977369,,,shared_all_anomaly_strengths,diffusion_coeff,1500.0
RR,0,229,4743279688235879997,gateway_calibration,sweep:anomaly_pair:shared_scenarios,482.22124991887245,121,686.8318564977369,,,shared_all_anomaly_strengths,diffusion_coeff,1500.0
RR,0,230,1572592790386553068,gateway_calibration,sweep:anomaly_pair:shared_scenarios,539.8206793454892,117,686.8318564977369,,,shared_all_anomaly_strengths,diffusion_coeff,1500.0
RR,0,231,6252360334841237253,gateway_calibration,sweep:anomaly_pair:shared_scenarios,506.75253863175976,111,686.8318564977369,,,shared_all_anomaly_strengths,diffusion_coeff,1500.0
RR,0,232,6969017964403244413,gateway_calibration,sweep:anomaly_pair:shared_scenarios,556.6096924853156,132,686.8318564977369,,,shared_all_anomaly_strengths,diffusion_coeff,1500.0
RR,0,233,1610212804197154449,gateway_calibration,sweep:anomaly_pair:shared_scenarios,727.9660480780327,140,686.8318564977369,,,shared_all_anomaly_strengths,diffusion_coeff,1500.0
RR,0,234,6647587057665530600,gateway_calibration,sweep:anomaly_pair:shared_scenarios,438.4613869515657,116,686.8318564977369,,,shared_all_anomaly_strengths,diffusion_coeff,1500.0
RR,0,235,3531987962649334536,gateway_calibration,sweep:anomaly_pair:shared_scenarios,487.10152224368267,133,686.8318564977369,,,shared_all_anomaly_strengths,diffusion_coeff,1500.0
RR,0,236,6609225715223448195,gateway_calibration,sweep:anomaly_pair:shared_scenarios,654.6324054423404,145,686.8318564977369,,,shared_all_anomaly_strengths,diffusion_coeff,1500.0
RR,0,237,6784175964849256680,gateway_calibration,sweep:anomaly_pair:shared_scenarios,462.76630033670807,114,686.8318564977369,,,shared_all_anomaly_strengths,diffusion_coeff,1500.0
RR,0,238,771076435409536658,gateway_calibration,sweep:anomaly_pair:shared_scenarios,510.497381905453,120,686.8318564977369,,,shared_all_anomaly_strengths,diffusion_coeff,1500.0
RR,0,239,1557660180791943490,gateway_calibration,sweep:anomaly_pair:shared_scenarios,527.1087993539641,127,686.8318564977369,,,shared_all_anomaly_strengths,diffusion_coeff,1500.0
RR,0,240,8213476521277927481,gateway_calibration,sweep:anomaly_pair:shared_scenarios,590.2813216920937,119,686.8318564977369,,,shared_all_anomaly_strengths,diffusion_coeff,1500.0
RR,0,241,2142536073008782941,gateway_calibration,sweep:anomaly_pair:shared_scenarios,570.1196179219226,132,686.8318564977369,,,shared_all_anomaly_strengths,diffusion_coeff,1500.0
RR,0,242,972861009822655055,gateway_calibration,sweep:anomaly_pair:shared_scenarios,587.7862060059853,112,686.8318564977369,,,shared_all_anomaly_strengths,diffusion_coeff,1500.0
RR,0,243,7555691644283107163,gateway_calibration,sweep:anomaly_pair:shared_scenarios,585.2728993492441,114,686.8318564977369,,,shared_all_anomaly_strengths,diffusion_coeff,1500.0
RR,0,244,3765971885569387299,gateway_calibration,sweep:anomaly_pair:shared_scenarios,602.3905075700974,127,686.8318564977369,,,shared_all_anomaly_strengths,diffusion_coeff,1500.0
RR,0,245,5592160503430992696,gateway_calibration,sweep:anomaly_pair:shared_scenarios,615.183371549912,129,686.8318564977369,,,shared_all_anomaly_strengths,diffusion_coeff,1500.0
RR,0,246,1478843254938813623,gateway_calibration,sweep:anomaly_pair:shared_scenarios,520.4185664607346,118,686.8318564977369,,,shared_all_anomaly_strengths,diffusion_coeff,1500.0
RR,0,247,1942727857375669376,gateway_calibration,sweep:anomaly_pair:shared_scenarios,494.74819218204925,122,686.8318564977369,,,shared_all_anomaly_strengths,diffusion_coeff,1500.0
RR,0,248,8887415122826351358,gateway_calibration,sweep:anomaly_pair:shared_scenarios,747.2447716319867,147,686.8318564977369,,,shared_all_anomaly_strengths,diffusion_coeff,1500.0
RR,0,249,4016396015928191167,gateway_calibration,sweep:anomaly_pair:shared_scenarios,513.5707133165739,125,686.8318564977369,,,shared_all_anomaly_strengths,diffusion_coeff,1500.0
RR,0,250,545721072604639066,gateway_calibration,sweep:anomaly_pair:shared_scenarios,500.69676615039833,128,686.8318564977369,,,shared_all_anomaly_strengths,diffusion_coeff,1500.0
RR,0,251,5849536730748012463,gateway_calibration,sweep:anomaly_pair:shared_scenarios,610.3545986205297,135,686.8318564977369,,,shared_all_anomaly_strengths,diffusion_coeff,1500.0
RR,0,252,1771686267565403887,gateway_calibration,sweep:anomaly_pair:shared_scenarios,549.6109573683576,118,686.8318564977369,,,shared_all_anomaly_strengths,diffusion_coeff,1500.0
RR,0,253,527015852999154159,gateway_calibration,sweep:anomaly_pair:shared_scenarios,463.5321826263157,125,686.8318564977369,,,shared_all_anomaly_strengths,diffusion_coeff,1500.0
RR,0,254,795232045204162150,gateway_calibration,sweep:anomaly_pair:shared_scenarios,521.031251210914,130,686.8318564977369,,,shared_all_anomaly_strengths,diffusion_coeff,1500.0
RR,0,255,2003186406057830921,gateway_calibration,sweep:anomaly_pair:shared_scenarios,522.9453728718995,119,686.8318564977369,,,shared_all_anomaly_strengths,diffusion_coeff,1500.0
RR,0,256,6455722452370991548,gateway_calibration,sweep:anomaly_pair:shared_scenarios,580.9063500733595,125,686.8318564977369,,,shared_all_anomaly_strengths,diffusion_coeff,1500.0
RR,0,257,3067394350402456365,gateway_calibration,sweep:anomaly_pair:shared_scenarios,506.3728948789172,106,686.8318564977369,,,shared_all_anomaly_strengths,diffusion_coeff,1500.0
RR,0,258,6475421966152866023,gateway_calibration,sweep:anomaly_pair:shared_scenarios,616.481097191017,130,686.8318564977369,,,shared_all_anomaly_strengths,diffusion_coeff,1500.0
RR,0,259,3761046985503647801,gateway_calibration,sweep:anomaly_pair:shared_scenarios,476.5472319905481,115,686.8318564977369,,,shared_all_anomaly_strengths,diffusion_coeff,1500.0
RR,0,260,2385970463494678191,gateway_calibration,sweep:anomaly_pair:shared_scenarios,506.7235454701655,114,686.8318564977369,,,shared_all_anomaly_strengths,diffusion_coeff,1500.0
RR,0,261,5183448992162080607,gateway_calibration,sweep:anomaly_pair:shared_scenarios,626.2136762487902,130,686.8318564977369,,,shared_all_anomaly_strengths,diffusion_coeff,1500.0
RR,0,262,6268266913998342604,gateway_calibration,sweep:anomaly_pair:shared_scenarios,625.0597014556187,130,686.8318564977369,,,shared_all_anomaly_strengths,diffusion_coeff,1500.0
RR,0,263,21012256327926221,gateway_calibration,sweep:anomaly_pair:shared_scenarios,559.3747971453602,143,686.8318564977369,,,shared_all_anomaly_strengths,diffusion_coeff,1500.0
RR,0,264,4109767241554258606,gateway_calibration,sweep:anomaly_pair:shared_scenarios,559.1106524908287,134,686.8318564977369,,,shared_all_anomaly_strengths,diffusion_coeff,1500.0
RR,0,265,4959424012684389745,gateway_calibration,sweep:anomaly_pair:shared_scenarios,599.2399542076625,131,686.8318564977369,,,shared_all_anomaly_strengths,diffusion_coeff,1500.0
RR,0,266,7451109072791456209,gateway_calibration,sweep:anomaly_pair:shared_scenarios,600.9710909273975,144,686.8318564977369,,,shared_all_anomaly_strengths,diffusion_coeff,1500.0
RR,0,267,8054500674269120968,gateway_calibration,sweep:anomaly_pair:shared_scenarios,463.81534728029243,123,686.8318564977369,,,shared_all_anomaly_strengths,diffusion_coeff,1500.0
RR,0,268,5331532706382194712,gateway_calibration,sweep:anomaly_pair:shared_scenarios,601.8993449956416,133,686.8318564977369,,,shared_all_anomaly_strengths,diffusion_coeff,1500.0
RR,0,269,841203630616903155,gateway_calibration,sweep:anomaly_pair:shared_scenarios,616.1586269889192,129,686.8318564977369,,,shared_all_anomaly_strengths,diffusion_coeff,1500.0
RR,0,270,4066905452799334610,gateway_calibration,sweep:anomaly_pair:shared_scenarios,590.7166843245599,136,686.8318564977369,,,shared_all_anomaly_strengths,diffusion_coeff,1500.0
RR,0,271,9150950453982994658,gateway_calibration,sweep:anomaly_pair:shared_scenarios,448.69588673915075,116,686.8318564977369,,,shared_all_anomaly_strengths,diffusion_coeff,1500.0
RR,0,272,6119393693526968570,gateway_calibration,sweep:anomaly_pair:shared_scenarios,571.334705642076,125,686.8318564977369,,,shared_all_anomaly_strengths,diffusion_coeff,1500.0
RR,0,273,1347105042981981039,gateway_calibration,sweep:anomaly_pair:shared_scenarios,494.696362827337,134,686.8318564977369,,,shared_all_anomaly_strengths,diffusion_coeff,1500.0
RR,0,274,8911832980425435268,gateway_calibration,sweep:anomaly_pair:shared_scenarios,564.7731739289887,124,686.8318564977369,,,shared_all_anomaly_strengths,diffusion_coeff,1500.0
RR,0,275,5843722553093405471,gateway_calibration,sweep:anomaly_pair:shared_scenarios,526.8716107255863,114,686.8318564977369,,,shared_all_anomaly_strengths,diffusion_coeff,1500.0
RR,0,276,3354555160635420741,gateway_calibration,sweep:anomaly_pair:shared_scenarios,559.4258300913159,125,686.8318564977369,,,shared_all_anomaly_strengths,diffusion_coeff,1500.0
RR,0,277,688745337611783334,gateway_calibration,sweep:anomaly_pair:shared_scenarios,508.9514115504772,126,686.8318564977369,,,shared_all_anomaly_strengths,diffusion_coeff,1500.0
RR,0,278,219363152796672916,gateway_calibration,sweep:anomaly_pair:shared_scenarios,618.5798061649389,123,686.8318564977369,,,shared_all_anomaly_strengths,diffusion_coeff,1500.0
RR,0,279,373686025269973233,gateway_calibration,sweep:anomaly_pair:shared_scenarios,652.0730803843679,123,686.8318564977369,,,shared_all_anomaly_strengths,diffusion_coeff,1500.0
RR,0,280,5610514536613434387,gateway_calibration,sweep:anomaly_pair:shared_scenarios,680.6777588080853,136,686.8318564977369,,,shared_all_anomaly_strengths,diffusion_coeff,1500.0
RR,0,281,4171514933633241565,gateway_calibration,sweep:anomaly_pair:shared_scenarios,621.5588864798759,131,686.8318564977369,,,shared_all_anomaly_strengths,diffusion_coeff,1500.0
RR,0,282,4861498392405652878,gateway_calibration,sweep:anomaly_pair:shared_scenarios,460.74217053587296,124,686.8318564977369,,,shared_all_anomaly_strengths,diffusion_coeff,1500.0
RR,0,283,8572809235512946288,gateway_calibration,sweep:anomaly_pair:shared_scenarios,612.2335022634225,129,686.8318564977369,,,shared_all_anomaly_strengths,diffusion_coeff,1500.0
RR,0,284,8187471053016651709,gateway_calibration,sweep:anomaly_pair:shared_scenarios,621.0237111889983,137,686.8318564977369,,,shared_all_anomaly_strengths,diffusion_coeff,1500.0
RR,0,285,8839651195694762440,gateway_calibration,sweep:anomaly_pair:shared_scenarios,486.7254840454642,119,686.8318564977369,,,shared_all_anomaly_strengths,diffusion_coeff,1500.0
RR,0,286,2874448108009063227,gateway_calibration,sweep:anomaly_pair:shared_scenarios,557.1192218889099,134,686.8318564977369,,,shared_all_anomaly_strengths,diffusion_coeff,1500.0
RR,0,287,8707203536458320760,gateway_calibration,sweep:anomaly_pair:shared_scenarios,529.9139429560751,111,686.8318564977369,,,shared_all_anomaly_strengths,diffusion_coeff,1500.0
RR,0,288,8368439969047545418,gateway_calibration,sweep:anomaly_pair:shared_scenarios,519.2026782242299,133,686.8318564977369,,,shared_all_anomaly_strengths,diffusion_coeff,1500.0
RR,0,289,4822230351368366288,gateway_calibration,sweep:anomaly_pair:shared_scenarios,557.080591155438,111,686.8318564977369,,,shared_all_anomaly_strengths,diffusion_coeff,1500.0
RR,0,290,560612887312139697,gateway_calibration,sweep:anomaly_pair:shared_scenarios,609.4300410067508,113,686.8318564977369,,,shared_all_anomaly_strengths,diffusion_coeff,1500.0
RR,0,291,4708984480155462159,gateway_calibration,sweep:anomaly_pair:shared_scenarios,625.6394027856743,147,686.8318564977369,,,shared_all_anomaly_strengths,diffusion_coeff,1500.0
RR,0,292,221505334779598471,gateway_calibration,sweep:anomaly_pair:shared_scenarios,502.8044843436671,125,686.8318564977369,,,shared_all_anomaly_strengths,diffusion_coeff,1500.0
RR,0,293,313024099195558927,gateway_calibration,sweep:anomaly_pair:shared_scenarios,492.67978877241933,143,686.8318564977369,,,shared_all_anomaly_strengths,diffusion_coeff,1500.0
RR,0,294,1256218112766498617,gateway_calibration,sweep:anomaly_pair:shared_scenarios,576.0426038627663,133,686.8318564977369,,,shared_all_anomaly_strengths,diffusion_coeff,1500.0
RR,0,295,8758679596665815611,gateway_calibration,sweep:anomaly_pair:shared_scenarios,633.2114256070224,142,686.8318564977369,,,shared_all_anomaly_strengths,diffusion_coeff,1500.0
RR,0,296,8732704811787225309,gateway_calibration,sweep:anomaly_pair:shared_scenarios,502.36099132318293,123,686.8318564977369,,,shared_all_anomaly_strengths,diffusion_coeff,1500.0
RR,0,297,7291668075851963674,gateway_calibration,sweep:anomaly_pair:shared_scenarios,505.24466399139504,133,686.8318564977369,,,shared_all_anomaly_strengths,diffusion_coeff,1500.0
RR,0,298,8160139849952943474,gateway_calibration,sweep:anomaly_pair:shared_scenarios,509.1655128300366,129,686.8318564977369,,,shared_all_anomaly_strengths,diffusion_coeff,1500.0
RR,0,299,2513721670770597509,gateway_calibration,sweep:anomaly_pair:shared_scenarios,672.3865353381393,142,686.8318564977369,,,shared_all_anomaly_strengths,diffusion_coeff,1500.0
RR,0,300,7063318709798897080,gateway_calibration,sweep:anomaly_pair:shared_scenarios,642.9466309927061,148,686.8318564977369,,,shared_all_anomaly_strengths,diffusion_coeff,1500.0
RR,0,301,8415020812705705061,gateway_calibration,sweep:anomaly_pair:shared_scenarios,670.0720118605809,138,686.8318564977369,,,shared_all_anomaly_strengths,diffusion_coeff,1500.0
RR,0,302,3425196686933402479,gateway_calibration,sweep:anomaly_pair:shared_scenarios,450.402559990709,104,686.8318564977369,,,shared_all_anomaly_strengths,diffusion_coeff,1500.0
RR,0,303,3114915321845009342,gateway_calibration,sweep:anomaly_pair:shared_scenarios,521.2498927847299,112,686.8318564977369,,,shared_all_anomaly_strengths,diffusion_coeff,1500.0
RR,0,304,2896931233588044786,gateway_calibration,sweep:anomaly_pair:shared_scenarios,550.9438807096335,119,686.8318564977369,,,shared_all_anomaly_strengths,diffusion_coeff,1500.0
RR,0,305,1551170222759424305,gateway_calibration,sweep:anomaly_pair:shared_scenarios,553.5129262461587,138,686.8318564977369,,,shared_all_anomaly_strengths,diffusion_coeff,1500.0
RR,0,306,4718806530038829033,gateway_calibration,sweep:anomaly_pair:shared_scenarios,593.3150032404163,136,686.8318564977369,,,shared_all_anomaly_strengths,diffusion_coeff,1500.0
RR,0,307,5119279349088370044,gateway_calibration,sweep:anomaly_pair:shared_scenarios,572.1165190102347,132,686.8318564977369,,,shared_all_anomaly_strengths,diffusion_coeff,1500.0
RR,0,308,2822775968759270459,gateway_calibration,sweep:anomaly_pair:shared_scenarios,727.7421932047525,135,686.8318564977369,,,shared_all_anomaly_strengths,diffusion_coeff,1500.0
RR,0,309,7998405917407377120,gateway_calibration,sweep:anomaly_pair:shared_scenarios,536.9984274798076,121,686.8318564977369,,,shared_all_anomaly_strengths,diffusion_coeff,1500.0
RR,0,310,5146001952486015638,gateway_calibration,sweep:anomaly_pair:shared_scenarios,646.3481353167278,141,686.8318564977369,,,shared_all_anomaly_strengths,diffusion_coeff,1500.0
RR,0,311,6911500135314972136,gateway_calibration,sweep:anomaly_pair:shared_scenarios,463.40091593151806,114,686.8318564977369,,,shared_all_anomaly_strengths,diffusion_coeff,1500.0
RR,0,312,3026266370475567930,gateway_calibration,sweep:anomaly_pair:shared_scenarios,739.8236381874898,145,686.8318564977369,,,shared_all_anomaly_strengths,diffusion_coeff,1500.0
RR,0,313,2263219430505968284,gateway_calibration,sweep:anomaly_pair:shared_scenarios,463.1857439635897,119,686.8318564977369,,,shared_all_anomaly_strengths,diffusion_coeff,1500.0
RR,0,314,6005314762223339669,gateway_calibration,sweep:anomaly_pair:shared_scenarios,555.1487023938081,125,686.8318564977369,,,shared_all_anomaly_strengths,diffusion_coeff,1500.0
RR,0,315,6620051426260236045,gateway_calibration,sweep:anomaly_pair:shared_scenarios,536.8224247905903,120,686.8318564977369,,,shared_all_anomaly_strengths,diffusion_coeff,1500.0
RR,0,316,1375290459054701469,gateway_calibration,sweep:anomaly_pair:shared_scenarios,649.4666702878459,135,686.8318564977369,,,shared_all_anomaly_strengths,diffusion_coeff,1500.0
RR,0,317,3387434723583950275,gateway_calibration,sweep:anomaly_pair:shared_scenarios,511.66477890550766,115,686.8318564977369,,,shared_all_anomaly_strengths,diffusion_coeff,1500.0
RR,0,318,1492748310594346890,gateway_calibration,sweep:anomaly_pair:shared_scenarios,757.4117723111422,137,686.8318564977369,,,shared_all_anomaly_strengths,diffusion_coeff,1500.0
RR,0,319,6526070513380422193,gateway_calibration,sweep:anomaly_pair:shared_scenarios,503.89318009726696,125,686.8318564977369,,,shared_all_anomaly_strengths,diffusion_coeff,1500.0
RR,0,320,4569908186093849248,gateway_calibration,sweep:anomaly_pair:shared_scenarios,507.66042991253715,129,686.8318564977369,,,shared_all_anomaly_strengths,diffusion_coeff,1500.0
RR,0,321,2058735402210199549,gateway_calibration,sweep:anomaly_pair:shared_scenarios,600.4845263695629,122,686.8318564977369,,,shared_all_anomaly_strengths,diffusion_coeff,1500.0
RR,0,322,7792514555662345644,gateway_calibration,sweep:anomaly_pair:shared_scenarios,513.8724005061379,119,686.8318564977369,,,shared_all_anomaly_strengths,diffusion_coeff,1500.0
RR,0,323,5919491502808918703,gateway_calibration,sweep:anomaly_pair:shared_scenarios,670.4851284907471,145,686.8318564977369,,,shared_all_anomaly_strengths,diffusion_coeff,1500.0
RR,0,324,4574905972397435795,gateway_calibration,sweep:anomaly_pair:shared_scenarios,694.2173101417345,142,686.8318564977369,,,shared_all_anomaly_strengths,diffusion_coeff,1500.0
RR,0,325,7539986577246166921,gateway_calibration,sweep:anomaly_pair:shared_scenarios,567.1659867107629,131,686.8318564977369,,,shared_all_anomaly_strengths,diffusion_coeff,1500.0
RR,0,326,8057266659081106092,gateway_calibration,sweep:anomaly_pair:shared_scenarios,681.7535562216509,135,686.8318564977369,,,shared_all_anomaly_strengths,diffusion_coeff,1500.0
RR,0,327,7592041352101782096,gateway_calibration,sweep:anomaly_pair:shared_scenarios,549.7912732434638,130,686.8318564977369,,,shared_all_anomaly_strengths,diffusion_coeff,1500.0
RR,0,328,7157190776130753350,gateway_calibration,sweep:anomaly_pair:shared_scenarios,539.5523029481169,120,686.8318564977369,,,shared_all_anomaly_strengths,diffusion_coeff,1500.0
RR,0,329,3536119658432613956,gateway_calibration,sweep:anomaly_pair:shared_scenarios,729.0505455936192,151,686.8318564977369,,,shared_all_anomaly_strengths,diffusion_coeff,1500.0
RR,0,330,3387957629084434680,gateway_calibration,sweep:anomaly_pair:shared_scenarios,579.059020143461,145,686.8318564977369,,,shared_all_anomaly_strengths,diffusion_coeff,1500.0
RR,0,331,7014301768858485691,gateway_calibration,sweep:anomaly_pair:shared_scenarios,528.921499555397,128,686.8318564977369,,,shared_all_anomaly_strengths,diffusion_coeff,1500.0
RR,0,332,7509048679395089766,gateway_calibration,sweep:anomaly_pair:shared_scenarios,493.7986951172942,128,686.8318564977369,,,shared_all_anomaly_strengths,diffusion_coeff,1500.0
RR,0,333,8077057740997865815,gateway_calibration,sweep:anomaly_pair:shared_scenarios,585.1201161545947,124,686.8318564977369,,,shared_all_anomaly_strengths,diffusion_coeff,1500.0
RR,0,334,4792265241973382002,gateway_calibration,sweep:anomaly_pair:shared_scenarios,533.2389168024736,145,686.8318564977369,,,shared_all_anomaly_strengths,diffusion_coeff,1500.0
RR,0,335,4631816253128208771,gateway_calibration,sweep:anomaly_pair:shared_scenarios,515.6533407168812,119,686.8318564977369,,,shared_all_anomaly_strengths,diffusion_coeff,1500.0
RR,0,336,1353780890302308168,gateway_calibration,sweep:anomaly_pair:shared_scenarios,498.63512415866916,126,686.8318564977369,,,shared_all_anomaly_strengths,diffusion_coeff,1500.0
RR,0,337,301188514516452582,gateway_calibration,sweep:anomaly_pair:shared_scenarios,798.2606428863875,132,686.8318564977369,,,shared_all_anomaly_strengths,diffusion_coeff,1500.0
RR,0,338,848291969102783726,gateway_calibration,sweep:anomaly_pair:shared_scenarios,511.75136784979827,127,686.8318564977369,,,shared_all_anomaly_strengths,diffusion_coeff,1500.0
RR,0,339,3301607682890482163,gateway_calibration,sweep:anomaly_pair:shared_scenarios,488.5884097234285,116,686.8318564977369,,,shared_all_anomaly_strengths,diffusion_coeff,1500.0
RR,0,340,3382309239349475861,gateway_calibration,sweep:anomaly_pair:shared_scenarios,587.915029381178,135,686.8318564977369,,,shared_all_anomaly_strengths,diffusion_coeff,1500.0
RR,0,341,3511804255243715536,gateway_calibration,sweep:anomaly_pair:shared_scenarios,568.061238721501,138,686.8318564977369,,,shared_all_anomaly_strengths,diffusion_coeff,1500.0
RR,0,342,7172406527062268769,gateway_calibration,sweep:anomaly_pair:shared_scenarios,478.0681759153798,121,686.8318564977369,,,shared_all_anomaly_strengths,diffusion_coeff,1500.0
RR,0,343,8148651635281023479,gateway_calibration,sweep:anomaly_pair:shared_scenarios,498.24335595349703,138,686.8318564977369,,,shared_all_anomaly_strengths,diffusion_coeff,1500.0
RR,0,344,4543894699244939752,gateway_calibration,sweep:anomaly_pair:shared_scenarios,519.6595393842829,118,686.8318564977369,,,shared_all_anomaly_strengths,diffusion_coeff,1500.0
RR,0,345,6891358735647678813,gateway_calibration,sweep:anomaly_pair:shared_scenarios,706.6009106983698,153,686.8318564977369,,,shared_all_anomaly_strengths,diffusion_coeff,1500.0
RR,0,346,1563481499315660104,gateway_calibration,sweep:anomaly_pair:shared_scenarios,610.9549875090619,138,686.8318564977369,,,shared_all_anomaly_strengths,diffusion_coeff,1500.0
RR,0,347,2629125604810830811,gateway_calibration,sweep:anomaly_pair:shared_scenarios,417.6785900864645,131,686.8318564977369,,,shared_all_anomaly_strengths,diffusion_coeff,1500.0
RR,0,348,3894426847858961166,gateway_calibration,sweep:anomaly_pair:shared_scenarios,622.690551899168,142,686.8318564977369,,,shared_all_anomaly_strengths,diffusion_coeff,1500.0
RR,0,349,4282787653601296890,gateway_calibration,sweep:anomaly_pair:shared_scenarios,678.6000605647165,129,686.8318564977369,,,shared_all_anomaly_strengths,diffusion_coeff,1500.0
RR,0,350,7842601743270043461,gateway_calibration,sweep:anomaly_pair:shared_scenarios,529.8023752592852,114,686.8318564977369,,,shared_all_anomaly_strengths,diffusion_coeff,1500.0
RR,0,351,7700102950595571335,gateway_calibration,sweep:anomaly_pair:shared_scenarios,568.7658447646407,134,686.8318564977369,,,shared_all_anomaly_strengths,diffusion_coeff,1500.0
RR,0,352,2808087562537772166,gateway_calibration,sweep:anomaly_pair:shared_scenarios,574.8407536882563,120,686.8318564977369,,,shared_all_anomaly_strengths,diffusion_coeff,1500.0
RR,0,353,6304865133883968004,gateway_calibration,sweep:anomaly_pair:shared_scenarios,546.766700019712,123,686.8318564977369,,,shared_all_anomaly_strengths,diffusion_coeff,1500.0
RR,0,354,3342415063500426256,gateway_calibration,sweep:anomaly_pair:shared_scenarios,650.9652959690327,125,686.8318564977369,,,shared_all_anomaly_strengths,diffusion_coeff,1500.0
RR,0,355,8959621061715784363,gateway_calibration,sweep:anomaly_pair:shared_scenarios,409.8710849237692,124,686.8318564977369,,,shared_all_anomaly_strengths,diffusion_coeff,1500.0
RR,0,356,1186687812096718750,gateway_calibration,sweep:anomaly_pair:shared_scenarios,494.7978823159552,117,686.8318564977369,,,shared_all_anomaly_strengths,diffusion_coeff,1500.0
RR,0,357,8329058846985055289,gateway_calibration,sweep:anomaly_pair:shared_scenarios,671.6805455394723,134,686.8318564977369,,,shared_all_anomaly_strengths,diffusion_coeff,1500.0
RR,0,358,275625437843561760,gateway_calibration,sweep:anomaly_pair:shared_scenarios,516.5631490654235,123,686.8318564977369,,,shared_all_anomaly_strengths,diffusion_coeff,1500.0
RR,0,359,527484844984551272,gateway_calibration,sweep:anomaly_pair:shared_scenarios,536.8751932855176,120,686.8318564977369,,,shared_all_anomaly_strengths,diffusion_coeff,1500.0
RR,0,360,6499704723849040690,gateway_calibration,sweep:anomaly_pair:shared_scenarios,591.4006380015892,120,686.8318564977369,,,shared_all_anomaly_strengths,diffusion_coeff,1500.0
RR,0,361,3392988020843846596,gateway_calibration,sweep:anomaly_pair:shared_scenarios,426.8129127104247,109,686.8318564977369,,,shared_all_anomaly_strengths,diffusion_coeff,1500.0
RR,0,362,6082838417800885541,gateway_calibration,sweep:anomaly_pair:shared_scenarios,534.6699729382708,129,686.8318564977369,,,shared_all_anomaly_strengths,diffusion_coeff,1500.0
RR,0,363,9161439992453118853,gateway_calibration,sweep:anomaly_pair:shared_scenarios,612.5350556353485,144,686.8318564977369,,,shared_all_anomaly_strengths,diffusion_coeff,1500.0
RR,0,364,1104199357173535709,gateway_calibration,sweep:anomaly_pair:shared_scenarios,519.3393816179733,122,686.8318564977369,,,shared_all_anomaly_strengths,diffusion_coeff,1500.0
RR,0,365,3968092569436272899,gateway_calibration,sweep:anomaly_pair:shared_scenarios,557.4627876951195,127,686.8318564977369,,,shared_all_anomaly_strengths,diffusion_coeff,1500.0
RR,0,366,88510700048790040,gateway_calibration,sweep:anomaly_pair:shared_scenarios,496.1369639394721,120,686.8318564977369,,,shared_all_anomaly_strengths,diffusion_coeff,1500.0
RR,0,367,3708546901166186520,gateway_calibration,sweep:anomaly_pair:shared_scenarios,734.9373522346473,138,686.8318564977369,,,shared_all_anomaly_strengths,diffusion_coeff,1500.0
RR,0,368,6013111248236961738,gateway_calibration,sweep:anomaly_pair:shared_scenarios,458.43476212696714,124,686.8318564977369,,,shared_all_anomaly_strengths,diffusion_coeff,1500.0
RR,0,369,2114847280044500927,gateway_calibration,sweep:anomaly_pair:shared_scenarios,547.8986958881794,126,686.8318564977369,,,shared_all_anomaly_strengths,diffusion_coeff,1500.0
RR,0,370,7087323381771673869,gateway_calibration,sweep:anomaly_pair:shared_scenarios,519.0903917320625,123,686.8318564977369,,,shared_all_anomaly_strengths,diffusion_coeff,1500.0
RR,0,371,5657654365128844730,gateway_calibration,sweep:anomaly_pair:shared_scenarios,505.5851987721999,129,686.8318564977369,,,shared_all_anomaly_strengths,diffusion_coeff,1500.0
RR,0,372,2027870051160191704,gateway_calibration,sweep:anomaly_pair:shared_scenarios,542.5157307596822,97,686.8318564977369,,,shared_all_anomaly_strengths,diffusion_coeff,1500.0
RR,0,373,7848999889242844692,gateway_calibration,sweep:anomaly_pair:shared_scenarios,459.49837968134193,133,686.8318564977369,,,shared_all_anomaly_strengths,diffusion_coeff,1500.0
RR,0,374,333687295804109698,gateway_calibration,sweep:anomaly_pair:shared_scenarios,479.00869417886753,108,686.8318564977369,,,shared_all_anomaly_strengths,diffusion_coeff,1500.0
RR,0,375,3858544135291456003,gateway_calibration,sweep:anomaly_pair:shared_scenarios,577.4974176095201,122,686.8318564977369,,,shared_all_anomaly_strengths,diffusion_coeff,1500.0
RR,0,376,5954054979897712788,gateway_calibration,sweep:anomaly_pair:shared_scenarios,569.7122070729141,131,686.8318564977369,,,shared_all_anomaly_strengths,diffusion_coeff,1500.0
RR,0,377,1335844326469534536,gateway_calibration,sweep:anomaly_pair:shared_scenarios,673.8344042568093,134,686.8318564977369,,,shared_all_anomaly_strengths,diffusion_coeff,1500.0
RR,0,378,7763485567302934545,gateway_calibration,sweep:anomaly_pair:shared_scenarios,512.6225686392246,115,686.8318564977369,,,shared_all_anomaly_strengths,diffusion_coeff,1500.0
RR,0,379,2085077819561017134,gateway_calibration,sweep:anomaly_pair:shared_scenarios,596.129977511887,118,686.8318564977369,,,shared_all_anomaly_strengths,diffusion_coeff,1500.0
RR,0,380,2522980069351540246,gateway_calibration,sweep:anomaly_pair:shared_scenarios,670.9041689228422,133,686.8318564977369,,,shared_all_anomaly_strengths,diffusion_coeff,1500.0
RR,0,381,4975283561804637613,gateway_calibration,sweep:anomaly_pair:shared_scenarios,626.4555770750156,132,686.8318564977369,,,shared_all_anomaly_strengths,diffusion_coeff,1500.0
RR,0,382,1302504027955615947,gateway_calibration,sweep:anomaly_pair:shared_scenarios,528.7826650257045,125,686.8318564977369,,,shared_all_anomaly_strengths,diffusion_coeff,1500.0
RR,0,383,8927732358631061418,gateway_calibration,sweep:anomaly_pair:shared_scenarios,555.6981821563223,125,686.8318564977369,,,shared_all_anomaly_strengths,diffusion_coeff,1500.0
RR,0,384,7102871842583592410,gateway_calibration,sweep:anomaly_pair:shared_scenarios,522.4763998198529,131,686.8318564977369,,,shared_all_anomaly_strengths,diffusion_coeff,1500.0
RR,0,385,8751812685682384577,gateway_calibration,sweep:anomaly_pair:shared_scenarios,601.6966847699919,131,686.8318564977369,,,shared_all_anomaly_strengths,diffusion_coeff,1500.0
RR,0,386,2867292286665412959,gateway_calibration,sweep:anomaly_pair:shared_scenarios,517.0893054600944,122,686.8318564977369,,,shared_all_anomaly_strengths,diffusion_coeff,1500.0
RR,0,387,2624927968075345649,gateway_calibration,sweep:anomaly_pair:shared_scenarios,701.9446356382992,149,686.8318564977369,,,shared_all_anomaly_strengths,diffusion_coeff,1500.0
RR,0,388,2537836582560678006,gateway_calibration,sweep:anomaly_pair:shared_scenarios,593.896761794255,111,686.8318564977369,,,shared_all_anomaly_strengths,diffusion_coeff,1500.0
RR,0,389,2800143550304458978,gateway_calibration,sweep:anomaly_pair:shared_scenarios,448.0281742455456,112,686.8318564977369,,,shared_all_anomaly_strengths,diffusion_coeff,1500.0
RR,0,390,5542491175477138315,gateway_calibration,sweep:anomaly_pair:shared_scenarios,578.957809212223,125,686.8318564977369,,,shared_all_anomaly_strengths,diffusion_coeff,1500.0
RR,0,391,920575682054079790,gateway_calibration,sweep:anomaly_pair:shared_scenarios,556.400553448568,128,686.8318564977369,,,shared_all_anomaly_strengths,diffusion_coeff,1500.0
RR,0,392,7832892230890482956,gateway_calibration,sweep:anomaly_pair:shared_scenarios,521.1968281969815,146,686.8318564977369,,,shared_all_anomaly_strengths,diffusion_coeff,1500.0
RR,0,393,757741762273162161,gateway_calibration,sweep:anomaly_pair:shared_scenarios,569.16036095475,123,686.8318564977369,,,shared_all_anomaly_strengths,diffusion_coeff,1500.0
RR,0,394,2545938917521492744,gateway_calibration,sweep:anomaly_pair:shared_scenarios,483.2990788571795,118,686.8318564977369,,,shared_all_anomaly_strengths,diffusion_coeff,1500.0
RR,0,395,8023561360387127259,gateway_calibration,sweep:anomaly_pair:shared_scenarios,431.06097766086094,113,686.8318564977369,,,shared_all_anomaly_strengths,diffusion_coeff,1500.0
RR,0,396,7027188297947467006,gateway_calibration,sweep:anomaly_pair:shared_scenarios,656.5100155174811,129,686.8318564977369,,,shared_all_anomaly_strengths,diffusion_coeff,1500.0
RR,0,397,7878834433110996755,gateway_calibration,sweep:anomaly_pair:shared_scenarios,511.1357653379639,106,686.8318564977369,,,shared_all_anomaly_strengths,diffusion_coeff,1500.0
RR,0,398,4744550561105664732,gateway_calibration,sweep:anomaly_pair:shared_scenarios,526.5609786472203,135,686.8318564977369,,,shared_all_anomaly_strengths,diffusion_coeff,1500.0
RR,0,399,5344886015201979308,gateway_calibration,sweep:anomaly_pair:shared_scenarios,687.4996368840605,133,686.8318564977369,,,shared_all_anomaly_strengths,diffusion_coeff,1500.0
RR,0,400,5149434508763057584,gateway_calibration,sweep:anomaly_pair:shared_scenarios,554.1603445427158,130,686.8318564977369,,,shared_all_anomaly_strengths,diffusion_coeff,1500.0
RR,0,401,5599666805503637415,gateway_calibration,sweep:anomaly_pair:shared_scenarios,601.962510672121,129,686.8318564977369,,,shared_all_anomaly_strengths,diffusion_coeff,1500.0
RR,0,402,2625638571049592825,gateway_calibration,sweep:anomaly_pair:shared_scenarios,564.0913970114532,133,686.8318564977369,,,shared_all_anomaly_strengths,diffusion_coeff,1500.0
RR,0,403,6629408355495065749,gateway_calibration,sweep:anomaly_pair:shared_scenarios,514.1029738589452,115,686.8318564977369,,,shared_all_anomaly_strengths,diffusion_coeff,1500.0
RR,0,404,3150249386986199613,gateway_calibration,sweep:anomaly_pair:shared_scenarios,516.3241127252234,107,686.8318564977369,,,shared_all_anomaly_strengths,diffusion_coeff,1500.0
RR,0,405,4117381947987728137,gateway_calibration,sweep:anomaly_pair:shared_scenarios,579.1864255629371,127,686.8318564977369,,,shared_all_anomaly_strengths,diffusion_coeff,1500.0
RR,0,406,7366258876741991286,gateway_calibration,sweep:anomaly_pair:shared_scenarios,414.08074889051977,113,686.8318564977369,,,shared_all_anomaly_strengths,diffusion_coeff,1500.0
RR,0,407,3058169725806449045,gateway_calibration,sweep:anomaly_pair:shared_scenarios,552.4369020585855,139,686.8318564977369,,,shared_all_anomaly_strengths,diffusion_coeff,1500.0
RR,0,408,2978841122516248054,gateway_calibration,sweep:anomaly_pair:shared_scenarios,550.6678728241728,135,686.8318564977369,,,shared_all_anomaly_strengths,diffusion_coeff,1500.0
RR,0,409,2599485624261039583,gateway_calibration,sweep:anomaly_pair:shared_scenarios,580.7612717515384,113,686.8318564977369,,,shared_all_anomaly_strengths,diffusion_coeff,1500.0
RR,0,410,458882496312945663,gateway_calibration,sweep:anomaly_pair:shared_scenarios,509.0860677520531,130,686.8318564977369,,,shared_all_anomaly_strengths,diffusion_coeff,1500.0
RR,0,411,4000618753593853165,gateway_calibration,sweep:anomaly_pair:shared_scenarios,541.5198417977238,103,686.8318564977369,,,shared_all_anomaly_strengths,diffusion_coeff,1500.0
RR,0,412,8339539677611557861,gateway_calibration,sweep:anomaly_pair:shared_scenarios,580.0103697173092,117,686.8318564977369,,,shared_all_anomaly_strengths,diffusion_coeff,1500.0
RR,0,413,2580185991513178045,gateway_calibration,sweep:anomaly_pair:shared_scenarios,686.7967101616147,141,686.8318564977369,,,shared_all_anomaly_strengths,diffusion_coeff,1500.0
RR,0,414,3076826962419443480,gateway_calibration,sweep:anomaly_pair:shared_scenarios,469.37061784837397,96,686.8318564977369,,,shared_all_anomaly_strengths,diffusion_coeff,1500.0
RR,0,415,6827605468891931010,gateway_calibration,sweep:anomaly_pair:shared_scenarios,457.3269493399925,116,686.8318564977369,,,shared_all_anomaly_strengths,diffusion_coeff,1500.0
RR,0,416,3218560465134718098,gateway_calibration,sweep:anomaly_pair:shared_scenarios,574.3804568883573,123,686.8318564977369,,,shared_all_anomaly_strengths,diffusion_coeff,1500.0
RR,0,417,3922954233183090676,gateway_calibration,sweep:anomaly_pair:shared_scenarios,522.5176532058897,126,686.8318564977369,,,shared_all_anomaly_strengths,diffusion_coeff,1500.0
RR,0,418,1460299898534465968,gateway_calibration,sweep:anomaly_pair:shared_scenarios,602.939758543856,133,686.8318564977369,,,shared_all_anomaly_strengths,diffusion_coeff,1500.0
RR,0,419,8305113000185527425,gateway_calibration,sweep:anomaly_pair:shared_scenarios,528.5154980152789,135,686.8318564977369,,,shared_all_anomaly_strengths,diffusion_coeff,1500.0
RR,0,420,666906365206469240,gateway_calibration,sweep:anomaly_pair:shared_scenarios,592.249984082235,109,686.8318564977369,,,shared_all_anomaly_strengths,diffusion_coeff,1500.0
RR,0,421,4902312007981976155,gateway_calibration,sweep:anomaly_pair:shared_scenarios,569.9321424672996,132,686.8318564977369,,,shared_all_anomaly_strengths,diffusion_coeff,1500.0
RR,0,422,213388171490915124,gateway_calibration,sweep:anomaly_pair:shared_scenarios,492.9533915739116,132,686.8318564977369,,,shared_all_anomaly_strengths,diffusion_coeff,1500.0
RR,0,423,3426814509533468634,gateway_calibration,sweep:anomaly_pair:shared_scenarios,498.8663204398569,115,686.8318564977369,,,shared_all_anomaly_strengths,diffusion_coeff,1500.0
RR,0,424,3022645040617138448,gateway_calibration,sweep:anomaly_pair:shared_scenarios,695.657583184267,154,686.8318564977369,,,shared_all_anomaly_strengths,diffusion_coeff,1500.0
RR,0,425,5527100482172181234,gateway_calibration,sweep:anomaly_pair:shared_scenarios,466.1796429073797,129,686.8318564977369,,,shared_all_anomaly_strengths,diffusion_coeff,1500.0
RR,0,426,1012614697466316415,gateway_calibration,sweep:anomaly_pair:shared_scenarios,596.1632644447212,121,686.8318564977369,,,shared_all_anomaly_strengths,diffusion_coeff,1500.0
RR,0,427,6258153257279431865,gateway_calibration,sweep:anomaly_pair:shared_scenarios,647.9926335542286,124,686.8318564977369,,,shared_all_anomaly_strengths,diffusion_coeff,1500.0
RR,0,428,3494724231981409682,gateway_calibration,sweep:anomaly_pair:shared_scenarios,549.0956754660675,117,686.8318564977369,,,shared_all_anomaly_strengths,diffusion_coeff,1500.0
RR,0,429,9138299470163467240,gateway_calibration,sweep:anomaly_pair:shared_scenarios,650.6605696885368,123,686.8318564977369,,,shared_all_anomaly_strengths,diffusion_coeff,1500.0
RR,0,430,6891783168053645325,gateway_calibration,sweep:anomaly_pair:shared_scenarios,555.3862303344135,143,686.8318564977369,,,shared_all_anomaly_strengths,diffusion_coeff,1500.0
RR,0,431,6869361412516472794,gateway_calibration,sweep:anomaly_pair:shared_scenarios,662.9023950546397,150,686.8318564977369,,,shared_all_anomaly_strengths,diffusion_coeff,1500.0
RR,0,432,2541163241042689952,gateway_calibration,sweep:anomaly_pair:shared_scenarios,718.3963713328379,147,686.8318564977369,,,shared_all_anomaly_strengths,diffusion_coeff,1500.0
RR,0,433,8254769182462207207,gateway_calibration,sweep:anomaly_pair:shared_scenarios,499.651772422341,117,686.8318564977369,,,shared_all_anomaly_strengths,diffusion_coeff,1500.0
RR,0,434,4013505716720903184,gateway_calibration,sweep:anomaly_pair:shared_scenarios,617.2577514241503,136,686.8318564977369,,,shared_all_anomaly_strengths,diffusion_coeff,1500.0
RR,0,435,5806127130564233059,gateway_calibration,sweep:anomaly_pair:shared_scenarios,593.7072280667977,135,686.8318564977369,,,shared_all_anomaly_strengths,diffusion_coeff,1500.0
RR,0,436,8292276808083054766,gateway_calibration,sweep:anomaly_pair:shared_scenarios,614.708018639242,117,686.8318564977369,,,shared_all_anomaly_strengths,diffusion_coeff,1500.0
RR,0,437,411766100713001608,gateway_calibration,sweep:anomaly_pair:shared_scenarios,466.61650580859265,117,686.8318564977369,,,shared_all_anomaly_strengths,diffusion_coeff,1500.0
RR,0,438,3930968551179869439,gateway_calibration,sweep:anomaly_pair:shared_scenarios,588.6759925027902,121,686.8318564977369,,,shared_all_anomaly_strengths,diffusion_coeff,1500.0
RR,0,439,3763632109674308185,gateway_calibration,sweep:anomaly_pair:shared_scenarios,669.7473937745207,139,686.8318564977369,,,shared_all_anomaly_strengths,diffusion_coeff,1500.0
RR,0,440,5278015637357484618,gateway_calibration,sweep:anomaly_pair:shared_scenarios,599.1094569976908,120,686.8318564977369,,,shared_all_anomaly_strengths,diffusion_coeff,1500.0
RR,0,441,5470421236833479721,gateway_calibration,sweep:anomaly_pair:shared_scenarios,601.0719796121043,134,686.8318564977369,,,shared_all_anomaly_strengths,diffusion_coeff,1500.0
RR,0,442,4152824066035952546,gateway_calibration,sweep:anomaly_pair:shared_scenarios,565.345266114411,122,686.8318564977369,,,shared_all_anomaly_strengths,diffusion_coeff,1500.0
RR,0,443,8782078971988136695,gateway_calibration,sweep:anomaly_pair:shared_scenarios,520.0630316212598,109,686.8318564977369,,,shared_all_anomaly_strengths,diffusion_coeff,1500.0
RR,0,444,8949691134399507769,gateway_calibration,sweep:anomaly_pair:shared_scenarios,542.9979400833523,128,686.8318564977369,,,shared_all_anomaly_strengths,diffusion_coeff,1500.0
RR,0,445,1243237072583537200,gateway_calibration,sweep:anomaly_pair:shared_scenarios,561.6422634058758,116,686.8318564977369,,,shared_all_anomaly_strengths,diffusion_coeff,1500.0
RR,0,446,6083371766119392307,gateway_calibration,sweep:anomaly_pair:shared_scenarios,663.8731091646464,131,686.8318564977369,,,shared_all_anomaly_strengths,diffusion_coeff,1500.0
RR,0,447,7648441755753076920,gateway_calibration,sweep:anomaly_pair:shared_scenarios,607.909130010463,125,686.8318564977369,,,shared_all_anomaly_strengths,diffusion_coeff,1500.0
RR,0,448,955005731795147001,gateway_calibration,sweep:anomaly_pair:shared_scenarios,682.182615534052,126,686.8318564977369,,,shared_all_anomaly_strengths,diffusion_coeff,1500.0
RR,0,449,45305231348623693,gateway_calibration,sweep:anomaly_pair:shared_scenarios,657.3702539128348,129,686.8318564977369,,,shared_all_anomaly_strengths,diffusion_coeff,1500.0
RR,0,450,2115602869220638789,gateway_calibration,sweep:anomaly_pair:shared_scenarios,573.7031941438088,119,686.8318564977369,,,shared_all_anomaly_strengths,diffusion_coeff,1500.0
RR,0,451,5676793455979563788,gateway_calibration,sweep:anomaly_pair:shared_scenarios,541.8077819111691,121,686.8318564977369,,,shared_all_anomaly_strengths,diffusion_coeff,1500.0
RR,0,452,6366447883379022413,gateway_calibration,sweep:anomaly_pair:shared_scenarios,579.5669256846293,138,686.8318564977369,,,shared_all_anomaly_strengths,diffusion_coeff,1500.0
RR,0,453,4225207655377417674,gateway_calibration,sweep:anomaly_pair:shared_scenarios,554.0897585609458,132,686.8318564977369,,,shared_all_anomaly_strengths,diffusion_coeff,1500.0
RR,0,454,7327466488411297350,gateway_calibration,sweep:anomaly_pair:shared_scenarios,566.5769845212079,124,686.8318564977369,,,shared_all_anomaly_strengths,diffusion_coeff,1500.0
RR,0,455,5345767761096099882,gateway_calibration,sweep:anomaly_pair:shared_scenarios,443.8106523166496,107,686.8318564977369,,,shared_all_anomaly_strengths,diffusion_coeff,1500.0
RR,0,456,2133102790808814152,gateway_calibration,sweep:anomaly_pair:shared_scenarios,559.7226639683126,129,686.8318564977369,,,shared_all_anomaly_strengths,diffusion_coeff,1500.0
RR,0,457,6037868011932965840,gateway_calibration,sweep:anomaly_pair:shared_scenarios,576.1184238556821,132,686.8318564977369,,,shared_all_anomaly_strengths,diffusion_coeff,1500.0
RR,0,458,4340644108282100646,gateway_calibration,sweep:anomaly_pair:shared_scenarios,684.1951325137933,144,686.8318564977369,,,shared_all_anomaly_strengths,diffusion_coeff,1500.0
RR,0,459,949751417938216244,gateway_calibration,sweep:anomaly_pair:shared_scenarios,679.055754604652,127,686.8318564977369,,,shared_all_anomaly_strengths,diffusion_coeff,1500.0
RR,0,460,7054426845112713226,gateway_calibration,sweep:anomaly_pair:shared_scenarios,608.2813549280039,131,686.8318564977369,,,shared_all_anomaly_strengths,diffusion_coeff,1500.0
RR,0,461,2331330513053472942,gateway_calibration,sweep:anomaly_pair:shared_scenarios,577.4894826258077,118,686.8318564977369,,,shared_all_anomaly_strengths,diffusion_coeff,1500.0
RR,0,462,2243847955329417019,gateway_calibration,sweep:anomaly_pair:shared_scenarios,488.75394266339174,118,686.8318564977369,,,shared_all_anomaly_strengths,diffusion_coeff,1500.0
RR,0,463,1493485923527818258,gateway_calibration,sweep:anomaly_pair:shared_scenarios,473.09270713440736,120,686.8318564977369,,,shared_all_anomaly_strengths,diffusion_coeff,1500.0
RR,0,464,2216699455221061669,gateway_calibration,sweep:anomaly_pair:shared_scenarios,585.47409428953,141,686.8318564977369,,,shared_all_anomaly_strengths,diffusion_coeff,1500.0
RR,0,465,6883161541620008480,gateway_calibration,sweep:anomaly_pair:shared_scenarios,517.696914852451,131,686.8318564977369,,,shared_all_anomaly_strengths,diffusion_coeff,1500.0
RR,0,466,1985404953787314291,gateway_calibration,sweep:anomaly_pair:shared_scenarios,681.8302901671025,150,686.8318564977369,,,shared_all_anomaly_strengths,diffusion_coeff,1500.0
RR,0,467,1384036578423497838,gateway_calibration,sweep:anomaly_pair:shared_scenarios,558.7794726269069,113,686.8318564977369,,,shared_all_anomaly_strengths,diffusion_coeff,1500.0
RR,0,468,4722935997294481070,gateway_calibration,sweep:anomaly_pair:shared_scenarios,581.9567211923262,133,686.8318564977369,,,shared_all_anomaly_strengths,diffusion_coeff,1500.0
RR,0,469,528191954664659622,gateway_calibration,sweep:anomaly_pair:shared_scenarios,534.0417354003791,133,686.8318564977369,,,shared_all_anomaly_strengths,diffusion_coeff,1500.0
RR,0,470,1633712328529169800,gateway_calibration,sweep:anomaly_pair:shared_scenarios,569.0836789370258,138,686.8318564977369,,,shared_all_anomaly_strengths,diffusion_coeff,1500.0
RR,0,471,6633907339390607815,gateway_calibration,sweep:anomaly_pair:shared_scenarios,547.5756931726775,105,686.8318564977369,,,shared_all_anomaly_strengths,diffusion_coeff,1500.0
RR,0,472,7110316941102820115,gateway_calibration,sweep:anomaly_pair:shared_scenarios,579.9865839602978,115,686.8318564977369,,,shared_all_anomaly_strengths,diffusion_coeff,1500.0
RR,0,473,648151194668048025,gateway_calibration,sweep:anomaly_pair:shared_scenarios,521.2488348542371,121,686.8318564977369,,,shared_all_anomaly_strengths,diffusion_coeff,1500.0
RR,0,474,2324647907345855690,gateway_calibration,sweep:anomaly_pair:shared_scenarios,614.9350939970582,125,686.8318564977369,,,shared_all_anomaly_strengths,diffusion_coeff,1500.0
RR,0,475,944763265997848402,gateway_calibration,sweep:anomaly_pair:shared_scenarios,565.3936836588069,122,686.8318564977369,,,shared_all_anomaly_strengths,diffusion_coeff,1500.0
RR,0,476,7563131271191532633,gateway_calibration,sweep:anomaly_pair:shared_scenarios,553.8820097166857,137,686.8318564977369,,,shared_all_anomaly_strengths,diffusion_coeff,1500.0
RR,0,477,2509031892675661094,gateway_calibration,sweep:anomaly_pair:shared_scenarios,471.8759276646915,112,686.8318564977369,,,shared_all_anomaly_strengths,diffusion_coeff,1500.0
RR,0,478,6203947427023563777,gateway_calibration,sweep:anomaly_pair:shared_scenarios,607.688860411135,124,686.8318564977369,,,shared_all_anomaly_strengths,diffusion_coeff,1500.0
RR,0,479,6280194980310007953,gateway_calibration,sweep:anomaly_pair:shared_scenarios,552.1351327166292,124,686.8318564977369,,,shared_all_anomaly_strengths,diffusion_coeff,1500.0
RR,0,480,6714940429764513866,gateway_calibration,sweep:anomaly_pair:shared_scenarios,548.716393590862,120,686.8318564977369,,,shared_all_anomaly_strengths,diffusion_coeff,1500.0
RR,0,481,1585407397185217282,gateway_calibration,sweep:anomaly_pair:shared_scenarios,800.0088917792098,134,686.8318564977369,,,shared_all_anomaly_strengths,diffusion_coeff,1500.0
RR,0,482,6706063428171325988,gateway_calibration,sweep:anomaly_pair:shared_scenarios,518.9920711492604,122,686.8318564977369,,,shared_all_anomaly_strengths,diffusion_coeff,1500.0
RR,0,483,2723086856808871853,gateway_calibration,sweep:anomaly_pair:shared_scenarios,642.6042594556294,126,686.8318564977369,,,shared_all_anomaly_strengths,diffusion_coeff,1500.0
RR,0,484,4346870091848339416,gateway_calibration,sweep:anomaly_pair:shared_scenarios,458.8349621947499,132,686.8318564977369,,,shared_all_anomaly_strengths,diffusion_coeff,1500.0
RR,0,485,7287133659789628915,gateway_calibration,sweep:anomaly_pair:shared_scenarios,526.276373179012,130,686.8318564977369,,,shared_all_anomaly_strengths,diffusion_coeff,1500.0
RR,0,486,2494165871751805290,gateway_calibration,sweep:anomaly_pair:shared_scenarios,572.0261996167976,132,686.8318564977369,,,shared_all_anomaly_strengths,diffusion_coeff,1500.0
RR,0,487,3661305971430326717,gateway_calibration,sweep:anomaly_pair:shared_scenarios,511.23345640873583,114,686.8318564977369,,,shared_all_anomaly_strengths,diffusion_coeff,1500.0
RR,0,488,4108916358889597565,gateway_calibration,sweep:anomaly_pair:shared_scenarios,529.2929875691669,123,686.8318564977369,,,shared_all_anomaly_strengths,diffusion_coeff,1500.0
RR,0,489,1534234753197727125,gateway_calibration,sweep:anomaly_pair:shared_scenarios,522.7110231230879,116,686.8318564977369,,,shared_all_anomaly_strengths,diffusion_coeff,1500.0
RR,0,490,7992839432723694714,gateway_calibration,sweep:anomaly_pair:shared_scenarios,609.6122920380558,130,686.8318564977369,,,shared_all_anomaly_strengths,diffusion_coeff,1500.0
RR,0,491,267602845997369720,gateway_calibration,sweep:anomaly_pair:shared_scenarios,495.7707772329949,117,686.8318564977369,,,shared_all_anomaly_strengths,diffusion_coeff,1500.0
RR,0,492,8956605696040384406,gateway_calibration,sweep:anomaly_pair:shared_scenarios,556.448853971724,119,686.8318564977369,,,shared_all_anomaly_strengths,diffusion_coeff,1500.0
RR,0,493,5206171671982199970,gateway_calibration,sweep:anomaly_pair:shared_scenarios,561.8377686748208,126,686.8318564977369,,,shared_all_anomaly_strengths,diffusion_coeff,1500.0
RR,0,494,3552257924642337236,gateway_calibration,sweep:anomaly_pair:shared_scenarios,613.9253310386462,136,686.8318564977369,,,shared_all_anomaly_strengths,diffusion_coeff,1500.0
RR,0,495,4539722117532196426,gateway_calibration,sweep:anomaly_pair:shared_scenarios,516.0154164496322,123,686.8318564977369,,,shared_all_anomaly_strengths,diffusion_coeff,1500.0
RR,0,496,4932179539160465299,gateway_calibration,sweep:anomaly_pair:shared_scenarios,780.4570414945125,167,686.8318564977369,,,shared_all_anomaly_strengths,diffusion_coeff,1500.0
RR,0,497,6745222888165061244,gateway_calibration,sweep:anomaly_pair:shared_scenarios,455.4881440664075,114,686.8318564977369,,,shared_all_anomaly_strengths,diffusion_coeff,1500.0
RR,0,498,8037702420921553958,gateway_calibration,sweep:anomaly_pair:shared_scenarios,545.3127217146344,122,686.8318564977369,,,shared_all_anomaly_strengths,diffusion_coeff,1500.0
RR,0,499,3026982929224465183,gateway_calibration,sweep:anomaly_pair:shared_scenarios,676.1846146209379,124,686.8318564977369,,,shared_all_anomaly_strengths,diffusion_coeff,1500.0
TR,0,0,6942901201456939297,gateway_calibration,sweep:anomaly_pair:shared_scenarios,473.84101196948694,107,643.3646233823168,,,shared_all_anomaly_strengths,diffusion_coeff,1500.0
TR,0,1,3707311459125033713,gateway_calibration,sweep:anomaly_pair:shared_scenarios,510.17886193343855,120,643.3646233823168,,,shared_all_anomaly_strengths,diffusion_coeff,1500.0
TR,0,2,6525899029649517457,gateway_calibration,sweep:anomaly_pair:shared_scenarios,563.9444260920509,135,643.3646233823168,,,shared_all_anomaly_strengths,diffusion_coeff,1500.0
TR,0,3,7579878600958796329,gateway_calibration,sweep:anomaly_pair:shared_scenarios,559.9537126988732,122,643.3646233823168,,,shared_all_anomaly_strengths,diffusion_coeff,1500.0
TR,0,4,1995048182365014103,gateway_calibration,sweep:anomaly_pair:shared_scenarios,676.7208884686405,127,643.3646233823168,,,shared_all_anomaly_strengths,diffusion_coeff,1500.0
TR,0,5,3295882431625053650,gateway_calibration,sweep:anomaly_pair:shared_scenarios,483.4979917726389,129,643.3646233823168,,,shared_all_anomaly_strengths,diffusion_coeff,1500.0
TR,0,6,5854776044075552459,gateway_calibration,sweep:anomaly_pair:shared_scenarios,463.85564885517925,107,643.3646233823168,,,shared_all_anomaly_strengths,diffusion_coeff,1500.0
TR,0,7,7709607086058877159,gateway_calibration,sweep:anomaly_pair:shared_scenarios,466.0674711937988,115,643.3646233823168,,,shared_all_anomaly_strengths,diffusion_coeff,1500.0
TR,0,8,1741592563361101750,gateway_calibration,sweep:anomaly_pair:shared_scenarios,542.0635700822994,125,643.3646233823168,,,shared_all_anomaly_strengths,diffusion_coeff,1500.0
TR,0,9,3282932482964655802,gateway_calibration,sweep:anomaly_pair:shared_scenarios,566.3749328914049,133,643.3646233823168,,,shared_all_anomaly_strengths,diffusion_coeff,1500.0
TR,0,10,1774785994864530756,gateway_calibration,sweep:anomaly_pair:shared_scenarios,528.7602729309887,124,643.3646233823168,,,shared_all_anomaly_strengths,diffusion_coeff,1500.0
TR,0,11,8140464769652066346,gateway_calibration,sweep:anomaly_pair:shared_scenarios,474.87095900634756,111,643.3646233823168,,,shared_all_anomaly_strengths,diffusion_coeff,1500.0
TR,0,12,1253555579543505935,gateway_calibration,sweep:anomaly_pair:shared_scenarios,514.4982836552624,115,643.3646233823168,,,shared_all_anomaly_strengths,diffusion_coeff,1500.0
TR,0,13,7889622116667546826,gateway_calibration,sweep:anomaly_pair:shared_scenarios,540.1885681618253,132,643.3646233823168,,,shared_all_anomaly_strengths,diffusion_coeff,1500.0
TR,0,14,2999731371178102042,gateway_calibration,sweep:anomaly_pair:shared_scenarios,459.5067159727739,107,643.3646233823168,,,shared_all_anomaly_strengths,diffusion_coeff,1500.0
TR,0,15,3149132606532110017,gateway_calibration,sweep:anomaly_pair:shared_scenarios,497.4596784253454,116,643.3646233823168,,,shared_all_anomaly_strengths,diffusion_coeff,1500.0
TR,0,16,5945166213153900620,gateway_calibration,sweep:anomaly_pair:shared_scenarios,655.0344833102674,107,643.3646233823168,,,shared_all_anomaly_strengths,diffusion_coeff,1500.0
TR,0,17,8780635847486979818,gateway_calibration,sweep:anomaly_pair:shared_scenarios,507.7005388071499,109,643.3646233823168,,,shared_all_anomaly_strengths,diffusion_coeff,1500.0
TR,0,18,977807179708126678,gateway_calibration,sweep:anomaly_pair:shared_scenarios,454.5415002811429,97,643.3646233823168,,,shared_all_anomaly_strengths,diffusion_coeff,1500.0
TR,0,19,4758583958882270302,gateway_calibration,sweep:anomaly_pair:shared_scenarios,631.5035827107645,125,643.3646233823168,,,shared_all_anomaly_strengths,diffusion_coeff,1500.0
TR,0,20,624488504525834361,gateway_calibration,sweep:anomaly_pair:shared_scenarios,516.8007246085942,110,643.3646233823168,,,shared_all_anomaly_strengths,diffusion_coeff,1500.0
TR,0,21,9127488914970490212,gateway_calibration,sweep:anomaly_pair:shared_scenarios,441.77162413702587,109,643.3646233823168,,,shared_all_anomaly_strengths,diffusion_coeff,1500.0
TR,0,22,3878214634024289995,gateway_calibration,sweep:anomaly_pair:shared_scenarios,519.4165464592277,106,643.3646233823168,,,shared_all_anomaly_strengths,diffusion_coeff,1500.0
TR,0,23,3074434249601971096,gateway_calibration,sweep:anomaly_pair:shared_scenarios,477.98436157041624,114,643.3646233823168,,,shared_all_anomaly_strengths,diffusion_coeff,1500.0
TR,0,24,3240386866293341253,gateway_calibration,sweep:anomaly_pair:shared_scenarios,408.05824668719526,93,643.3646233823168,,,shared_all_anomaly_strengths,diffusion_coeff,1500.0
TR,0,25,6243332140314349343,gateway_calibration,sweep:anomaly_pair:shared_scenarios,402.6807381738595,102,643.3646233823168,,,shared_all_anomaly_strengths,diffusion_coeff,1500.0
TR,0,26,3868622807354924164,gateway_calibration,sweep:anomaly_pair:shared_scenarios,500.5780163311488,114,643.3646233823168,,,shared_all_anomaly_strengths,diffusion_coeff,1500.0
TR,0,27,1718082128973198771,gateway_calibration,sweep:anomaly_pair:shared_scenarios,663.2263724809565,122,643.3646233823168,,,shared_all_anomaly_strengths,diffusion_coeff,1500.0
TR,0,28,2704479796120479431,gateway_calibration,sweep:anomaly_pair:shared_scenarios,530.4919548433325,124,643.3646233823168,,,shared_all_anomaly_strengths,diffusion_coeff,1500.0
TR,0,29,3697228631517816840,gateway_calibration,sweep:anomaly_pair:shared_scenarios,564.9842982426497,126,643.3646233823168,,,shared_all_anomaly_strengths,diffusion_coeff,1500.0
TR,0,30,8820983848116756903,gateway_calibration,sweep:anomaly_pair:shared_scenarios,514.2530770284827,124,643.3646233823168,,,shared_all_anomaly_strengths,diffusion_coeff,1500.0
TR,0,31,7643153808516479349,gateway_calibration,sweep:anomaly_pair:shared_scenarios,454.13381561679864,105,643.3646233823168,,,shared_all_anomaly_strengths,diffusion_coeff,1500.0
TR,0,32,3795846149567597038,gateway_calibration,sweep:anomaly_pair:shared_scenarios,589.0970070158085,125,643.3646233823168,,,shared_all_anomaly_strengths,diffusion_coeff,1500.0
TR,0,33,8760001566670653492,gateway_calibration,sweep:anomaly_pair:shared_scenarios,596.1281298495151,119,643.3646233823168,,,shared_all_anomaly_strengths,diffusion_coeff,1500.0
TR,0,34,2744726624485914817,gateway_calibration,sweep:anomaly_pair:shared_scenarios,452.2737818378149,109,643.3646233823168,,,shared_all_anomaly_strengths,diffusion_coeff,1500.0
TR,0,35,7310029771266914304,gateway_calibration,sweep:anomaly_pair:shared_scenarios,489.2909283150095,110,643.3646233823168,,,shared_all_anomaly_strengths,diffusion_coeff,1500.0
TR,0,36,8860427485777938866,gateway_calibration,sweep:anomaly_pair:shared_scenarios,504.3583209908346,117,643.3646233823168,,,shared_all_anomaly_strengths,diffusion_coeff,1500.0
TR,0,37,8598656038562839224,gateway_calibration,sweep:anomaly_pair:shared_scenarios,642.4159265807713,116,643.3646233823168,,,shared_all_anomaly_strengths,diffusion_coeff,1500.0
TR,0,38,8997019032754762713,gateway_calibration,sweep:anomaly_pair:shared_scenarios,529.5786928512965,109,643.3646233823168,,,shared_all_anomaly_strengths,diffusion_coeff,1500.0
TR,0,39,4208817818748932462,gateway_calibration,sweep:anomaly_pair:shared_scenarios,478.22632966384845,99,643.3646233823168,,,shared_all_anomaly_strengths,diffusion_coeff,1500.0
TR,0,40,6068242829919299090,gateway_calibration,sweep:anomaly_pair:shared_scenarios,570.3574584636846,115,643.3646233823168,,,shared_all_anomaly_strengths,diffusion_coeff,1500.0
TR,0,41,4049042354117377146,gateway_calibration,sweep:anomaly_pair:shared_scenarios,419.6637772679068,120,643.3646233823168,,,shared_all_anomaly_strengths,diffusion_coeff,1500.0
TR,0,42,5126773472074832949,gateway_calibration,sweep:anomaly_pair:shared_scenarios,420.91062990737413,114,643.3646233823168,,,shared_all_anomaly_strengths,diffusion_coeff,1500.0
TR,0,43,6183996202129912428,gateway_calibration,sweep:anomaly_pair:shared_scenarios,515.1782318301724,116,643.3646233823168,,,shared_all_anomaly_strengths,diffusion_coeff,1500.0
TR,0,44,5034920799087487164,gateway_calibration,sweep:anomaly_pair:shared_scenarios,529.5313147638965,130,643.3646233823168,,,shared_all_anomaly_strengths,diffusion_coeff,1500.0
TR,0,45,5099780515566784822,gateway_calibration,sweep:anomaly_pair:shared_scenarios,525.2723086164922,109,643.3646233823168,,,shared_all_anomaly_strengths,diffusion_coeff,1500.0
TR,0,46,3743304880928594782,gateway_calibration,sweep:anomaly_pair:shared_scenarios,447.93724506696026,99,643.3646233823168,,,shared_all_anomaly_strengths,diffusion_coeff,1500.0
TR,0,47,7315397891830491094,gateway_calibration,sweep:anomaly_pair:shared_scenarios,431.88753411328514,106,643.3646233823168,,,shared_all_anomaly_strengths,diffusion_coeff,1500.0
TR,0,48,2190007532852709612,gateway_calibration,sweep:anomaly_pair:shared_scenarios,570.07159086039,118,643.3646233823168,,,shared_all_anomaly_strengths,diffusion_coeff,1500.0
TR,0,49,120834209760926409,gateway_calibration,sweep:anomaly_pair:shared_scenarios,424.9533047844076,107,643.3646233823168,,,shared_all_anomaly_strengths,diffusion_coeff,1500.0
TR,0,50,3276339480421714797,gateway_calibration,sweep:anomaly_pair:shared_scenarios,596.9033479447041,126,643.3646233823168,,,shared_all_anomaly_strengths,diffusion_coeff,1500.0
TR,0,51,7889239287137057542,gateway_calibration,sweep:anomaly_pair:shared_scenarios,525.5082179063367,124,643.3646233823168,,,shared_all_anomaly_strengths,diffusion_coeff,1500.0
TR,0,52,3388785810564520190,gateway_calibration,sweep:anomaly_pair:shared_scenarios,547.2926924020643,122,643.3646233823168,,,shared_all_anomaly_strengths,diffusion_coeff,1500.0
TR,0,53,5503237878395346684,gateway_calibration,sweep:anomaly_pair:shared_scenarios,483.19370094394276,110,643.3646233823168,,,shared_all_anomaly_strengths,diffusion_coeff,1500.0
TR,0,54,5415491490608218996,gateway_calibration,sweep:anomaly_pair:shared_scenarios,528.9302828606694,122,643.3646233823168,,,shared_all_anomaly_strengths,diffusion_coeff,1500.0
TR,0,55,26760604161946009,gateway_calibration,sweep:anomaly_pair:shared_scenarios,499.10729985912127,99,643.3646233823168,,,shared_all_anomaly_strengths,diffusion_coeff,1500.0
TR,0,56,6830352398876445275,gateway_calibration,sweep:anomaly_pair:shared_scenarios,528.46807765853,127,643.3646233823168,,,shared_all_anomaly_strengths,diffusion_coeff,1500.0
TR,0,57,1406415348362794825,gateway_calibration,sweep:anomaly_pair:shared_scenarios,546.8671963680794,132,643.3646233823168,,,shared_all_anomaly_strengths,diffusion_coeff,1500.0
TR,0,58,7701508260034706105,gateway_calibration,sweep:anomaly_pair:shared_scenarios,536.5927778688922,126,643.3646233823168,,,shared_all_anomaly_strengths,diffusion_coeff,1500.0
TR,0,59,2711167823261115708,gateway_calibration,sweep:anomaly_pair:shared_scenarios,542.70915116156,117,643.3646233823168,,,shared_all_anomaly_strengths,diffusion_coeff,1500.0
TR,0,60,3144340299977682071,gateway_calibration,sweep:anomaly_pair:shared_scenarios,581.6275394505735,117,643.3646233823168,,,shared_all_anomaly_strengths,diffusion_coeff,1500.0
TR,0,61,6563400931778538780,gateway_calibration,sweep:anomaly_pair:shared_scenarios,397.43225424759385,96,643.3646233823168,,,shared_all_anomaly_strengths,diffusion_coeff,1500.0
TR,0,62,2388043308876394469,gateway_calibration,sweep:anomaly_pair:shared_scenarios,543.1566452490683,126,643.3646233823168,,,shared_all_anomaly_strengths,diffusion_coeff,1500.0
TR,0,63,6824789488425972207,gateway_calibration,sweep:anomaly_pair:shared_scenarios,477.4628035541196,114,643.3646233823168,,,shared_all_anomaly_strengths,diffusion_coeff,1500.0
TR,0,64,1401432086598941843,gateway_calibration,sweep:anomaly_pair:shared_scenarios,589.5986497322859,127,643.3646233823168,,,shared_all_anomaly_strengths,diffusion_coeff,1500.0
TR,0,65,4672481713666300259,gateway_calibration,sweep:anomaly_pair:shared_scenarios,555.1035644168777,120,643.3646233823168,,,shared_all_anomaly_strengths,diffusion_coeff,1500.0
TR,0,66,6903420366369478612,gateway_calibration,sweep:anomaly_pair:shared_scenarios,550.9707727419553,120,643.3646233823168,,,shared_all_anomaly_strengths,diffusion_coeff,1500.0
TR,0,67,6898050963322559496,gateway_calibration,sweep:anomaly_pair:shared_scenarios,423.58791103676754,106,643.3646233823168,,,shared_all_anomaly_strengths,diffusion_coeff,1500.0
TR,0,68,614393272824454916,gateway_calibration,sweep:anomaly_pair:shared_scenarios,511.5532146895257,118,643.3646233823168,,,shared_all_anomaly_strengths,diffusion_coeff,1500.0
TR,0,69,672551910386015347,gateway_calibration,sweep:anomaly_pair:shared_scenarios,649.3563564020935,114,643.3646233823168,,,shared_all_anomaly_strengths,diffusion_coeff,1500.0
TR,0,70,2982091152045645099,gateway_calibration,sweep:anomaly_pair:shared_scenarios,468.83249360809856,98,643.3646233823168,,,shared_all_anomaly_strengths,diffusion_coeff,1500.0
TR,0,71,823492357614472977,gateway_calibration,sweep:anomaly_pair:shared_scenarios,516.0829905536848,123,643.3646233823168,,,shared_all_anomaly_strengths,diffusion_coeff,1500.0
TR,0,72,4697794938409790858,gateway_calibration,sweep:anomaly_pair:shared_scenarios,465.4125143674581,111,643.3646233823168,,,shared_all_anomaly_strengths,diffusion_coeff,1500.0
TR,0,73,6582019303472037237,gateway_calibration,sweep:anomaly_pair:shared_scenarios,541.1001073354278,105,643.3646233823168,,,shared_all_anomaly_strengths,diffusion_coeff,1500.0
TR,0,74,300672792335245350,gateway_calibration,sweep:anomaly_pair:shared_scenarios,425.87285528679126,105,643.3646233823168,,,shared_all_anomaly_strengths,diffusion_coeff,1500.0
TR,0,75,5751946339530838054,gateway_calibration,sweep:anomaly_pair:shared_scenarios,507.7963166418135,124,643.3646233823168,,,shared_all_anomaly_strengths,diffusion_coeff,1500.0
TR,0,76,961439938750258285,gateway_calibration,sweep:anomaly_pair:shared_scenarios,619.1359873283365,134,643.3646233823168,,,shared_all_anomaly_strengths,diffusion_coeff,1500.0
TR,0,77,3257887825763507863,gateway_calibration,sweep:anomaly_pair:shared_scenarios,400.50157490986555,99,643.3646233823168,,,shared_all_anomaly_strengths,diffusion_coeff,1500.0
TR,0,78,8166365252455630432,gateway_calibration,sweep:anomaly_pair:shared_scenarios,563.4338674347564,114,643.3646233823168,,,shared_all_anomaly_strengths,diffusion_coeff,1500.0
TR,0,79,2849578758725429319,gateway_calibration,sweep:anomaly_pair:shared_scenarios,535.5481117013014,104,643.3646233823168,,,shared_all_anomaly_strengths,diffusion_coeff,1500.0
TR,0,80,5847011703168282323,gateway_calibration,sweep:anomaly_pair:shared_scenarios,651.5882377647838,128,643.3646233823168,,,shared_all_anomaly_strengths,diffusion_coeff,1500.0
TR,0,81,7858864668525583430,gateway_calibration,sweep:anomaly_pair:shared_scenarios,402.34518863374984,94,643.3646233823168,,,shared_all_anomaly_strengths,diffusion_coeff,1500.0
TR,0,82,268940495404723730,gateway_calibration,sweep:anomaly_pair:shared_scenarios,339.6309030720963,92,643.3646233823168,,,shared_all_anomaly_strengths,diffusion_coeff,1500.0
TR,0,83,4400655767576069724,gateway_calibration,sweep:anomaly_pair:shared_scenarios,591.1372482284426,121,643.3646233823168,,,shared_all_anomaly_strengths,diffusion_coeff,1500.0
TR,0,84,7359957410266699792,gateway_calibration,sweep:anomaly_pair:shared_scenarios,496.9963521492402,116,643.3646233823168,,,shared_all_anomaly_strengths,diffusion_coeff,1500.0
TR,0,85,4731760846268061734,gateway_calibration,sweep:anomaly_pair:shared_scenarios,468.2011893941821,106,643.3646233823168,,,shared_all_anomaly_strengths,diffusion_coeff,1500.0
TR,0,86,1992618809938800466,gateway_calibration,sweep:anomaly_pair:shared_scenarios,490.45538142483906,121,643.3646233823168,,,shared_all_anomaly_strengths,diffusion_coeff,1500.0
TR,0,87,8403004296001441656,gateway_calibration,sweep:anomaly_pair:shared_scenarios,569.7735304275536,115,643.3646233823168,,,shared_all_anomaly_strengths,diffusion_coeff,1500.0
TR,0,88,5944369264469843788,gateway_calibration,sweep:anomaly_pair:shared_scenarios,557.6495590566547,121,643.3646233823168,,,shared_all_anomaly_strengths,diffusion_coeff,1500.0
TR,0,89,216637230108974742,gateway_calibration,sweep:anomaly_pair:shared_scenarios,478.126771057072,111,643.3646233823168,,,shared_all_anomaly_strengths,diffusion_coeff,1500.0
TR,0,90,896283027553350313,gateway_calibration,sweep:anomaly_pair:shared_scenarios,489.09317873798585,123,643.3646233823168,,,shared_all_anomaly_strengths,diffusion_coeff,1500.0
TR,0,91,2129979059599230336,gateway_calibration,sweep:anomaly_pair:shared_scenarios,483.55155635904214,108,643.3646233823168,,,shared_all_anomaly_strengths,diffusion_coeff,1500.0
TR,0,92,8440158530804782812,gateway_calibration,sweep:anomaly_pair:shared_scenarios,614.31132382281,112,643.3646233823168,,,shared_all_anomaly_strengths,diffusion_coeff,1500.0
TR,0,93,2515105766560126937,gateway_calibration,sweep:anomaly_pair:shared_scenarios,494.3187561639191,102,643.3646233823168,,,shared_all_anomaly_strengths,diffusion_coeff,1500.0
TR,0,94,7871536140642585085,gateway_calibration,sweep:anomaly_pair:shared_scenarios,433.43514263176684,91,643.3646233823168,,,shared_all_anomaly_strengths,diffusion_coeff,1500.0
TR,0,95,5141400087580602088,gateway_calibration,sweep:anomaly_pair:shared_scenarios,499.10220429356247,122,643.3646233823168,,,shared_all_anomaly_strengths,diffusion_coeff,1500.0
TR,0,96,8112959400662868633,gateway_calibration,sweep:anomaly_pair:shared_scenarios,309.13314675648866,94,643.3646233823168,,,shared_all_anomaly_strengths,diffusion_coeff,1500.0
TR,0,97,1078891354826946508,gateway_calibration,sweep:anomaly_pair:shared_scenarios,465.83571370773143,109,643.3646233823168,,,shared_all_anomaly_strengths,diffusion_coeff,1500.0
TR,0,98,2726858539062778841,gateway_calibration,sweep:anomaly_pair:shared_scenarios,426.2748375255102,92,643.3646233823168,,,shared_all_anomaly_strengths,diffusion_coeff,1500.0
TR,0,99,4880208515358931166,gateway_calibration,sweep:anomaly_pair:shared_scenarios,532.520815055149,109,643.3646233823168,,,shared_all_anomaly_strengths,diffusion_coeff,1500.0
TR,0,100,9112943947571933379,gateway_calibration,sweep:anomaly_pair:shared_scenarios,501.3266794990267,121,643.3646233823168,,,shared_all_anomaly_strengths,diffusion_coeff,1500.0
TR,0,101,4842620908627243129,gateway_calibration,sweep:anomaly_pair:shared_scenarios,446.7067862168426,105,643.3646233823168,,,shared_all_anomaly_strengths,diffusion_coeff,1500.0
TR,0,102,9221364585446048791,gateway_calibration,sweep:anomaly_pair:shared_scenarios,480.58666410488524,117,643.3646233823168,,,shared_all_anomaly_strengths,diffusion_coeff,1500.0
TR,0,103,3494744169553416929,gateway_calibration,sweep:anomaly_pair:shared_scenarios,585.4241114073365,106,643.3646233823168,,,shared_all_anomaly_strengths,diffusion_coeff,1500.0
TR,0,104,7233638741406416371,gateway_calibration,sweep:anomaly_pair:shared_scenarios,572.5401666619749,112,643.3646233823168,,,shared_all_anomaly_strengths,diffusion_coeff,1500.0
TR,0,105,3641336694656935735,gateway_calibration,sweep:anomaly_pair:shared_scenarios,497.9208447311363,108,643.3646233823168,,,shared_all_anomaly_strengths,diffusion_coeff,1500.0
TR,0,106,3835715673444251126,gateway_calibration,sweep:anomaly_pair:shared_scenarios,583.4375822487973,116,643.3646233823168,,,shared_all_anomaly_strengths,diffusion_coeff,1500.0
TR,0,107,2714185319899586904,gateway_calibration,sweep:anomaly_pair:shared_scenarios,700.327506587178,132,643.3646233823168,,,shared_all_anomaly_strengths,diffusion_coeff,1500.0
TR,0,108,7065677078823521164,gateway_calibration,sweep:anomaly_pair:shared_scenarios,543.5337878039472,119,643.3646233823168,,,shared_all_anomaly_strengths,diffusion_coeff,1500.0
TR,0,109,1054405605846734754,gateway_calibration,sweep:anomaly_pair:shared_scenarios,688.4946958460084,135,643.3646233823168,,,shared_all_anomaly_strengths,diffusion_coeff,1500.0
TR,0,110,2962441662239683096,gateway_calibration,sweep:anomaly_pair:shared_scenarios,619.2100983061218,135,643.3646233823168,,,shared_all_anomaly_strengths,diffusion_coeff,1500.0
TR,0,111,4129263628419206857,gateway_calibration,sweep:anomaly_pair:shared_scenarios,485.31261911194963,111,643.3646233823168,,,shared_all_anomaly_strengths,diffusion_coeff,1500.0
TR,0,112,1622360177596404131,gateway_calibration,sweep:anomaly_pair:shared_scenarios,498.0973734679365,109,643.3646233823168,,,shared_all_anomaly_strengths,diffusion_coeff,1500.0
TR,0,113,2330463691884836340,gateway_calibration,sweep:anomaly_pair:shared_scenarios,494.84889701202053,114,643.3646233823168,,,shared_all_anomaly_strengths,diffusion_coeff,1500.0
TR,0,114,2652712276700624970,gateway_calibration,sweep:anomaly_pair:shared_scenarios,443.82084782802013,115,643.3646233823168,,,shared_all_anomaly_strengths,diffusion_coeff,1500.0
TR,0,115,6210151626445176008,gateway_calibration,sweep:anomaly_pair:shared_scenarios,488.34476345489276,114,643.3646233823168,,,shared_all_anomaly_strengths,diffusion_coeff,1500.0
TR,0,116,5484880361464436307,gateway_calibration,sweep:anomaly_pair:shared_scenarios,590.337691612821,125,643.3646233823168,,,shared_all_anomaly_strengths,diffusion_coeff,1500.0
TR,0,117,9083936004600730053,gateway_calibration,sweep:anomaly_pair:shared_scenarios,412.4885591700148,94,643.3646233823168,,,shared_all_anomaly_strengths,diffusion_coeff,1500.0
TR,0,118,7499139004400980353,gateway_calibration,sweep:anomaly_pair:shared_scenarios,501.3586069426049,115,643.3646233823168,,,shared_all_anomaly_strengths,diffusion_coeff,1500.0
TR,0,119,426229976672197883,gateway_calibration,sweep:anomaly_pair:shared_scenarios,494.73312986055885,119,643.3646233823168,,,shared_all_anomaly_strengths,diffusion_coeff,1500.0
TR,0,120,246508369912879822,gateway_calibration,sweep:anomaly_pair:shared_scenarios,627.8653268891851,107,643.3646233823168,,,shared_all_anomaly_strengths,diffusion_coeff,1500.0
TR,0,121,2652398091327796019,gateway_calibration,sweep:anomaly_pair:shared_scenarios,471.84404375601946,111,643.3646233823168,,,shared_all_anomaly_strengths,diffusion_coeff,1500.0
TR,0,122,5503532496059794744,gateway_calibration,sweep:anomaly_pair:shared_scenarios,469.51537290007906,115,643.3646233823168,,,shared_all_anomaly_strengths,diffusion_coeff,1500.0
TR,0,123,8329007375693140607,gateway_calibration,sweep:anomaly_pair:shared_scenarios,545.3253457548433,114,643.3646233823168,,,shared_all_anomaly_strengths,diffusion_coeff,1500.0
TR,0,124,4366984316536531468,gateway_calibration,sweep:anomaly_pair:shared_scenarios,415.214731169789,120,643.3646233823168,,,shared_all_anomaly_strengths,diffusion_coeff,1500.0
TR,0,125,6198917521197951328,gateway_calibration,sweep:anomaly_pair:shared_scenarios,496.17079064613415,118,643.3646233823168,,,shared_all_anomaly_strengths,diffusion_coeff,1500.0
TR,0,126,3901305802510177060,gateway_calibration,sweep:anomaly_pair:shared_scenarios,420.2978101607923,113,643.3646233823168,,,shared_all_anomaly_strengths,diffusion_coeff,1500.0
TR,0,127,3651935198066528014,gateway_calibration,sweep:anomaly_pair:shared_scenarios,434.4035562455697,102,643.3646233823168,,,shared_all_anomaly_strengths,diffusion_coeff,1500.0
TR,0,128,3665222385996101800,gateway_calibration,sweep:anomaly_pair:shared_scenarios,407.1778394030667,121,643.3646233823168,,,shared_all_anomaly_strengths,diffusion_coeff,1500.0
TR,0,129,3695450124233607618,gateway_calibration,sweep:anomaly_pair:shared_scenarios,520.6969935512885,111,643.3646233823168,,,shared_all_anomaly_strengths,diffusion_coeff,1500.0
TR,0,130,4507573490889405567,gateway_calibration,sweep:anomaly_pair:shared_scenarios,518.2647574200064,116,643.3646233823168,,,shared_all_anomaly_strengths,diffusion_coeff,1500.0
TR,0,131,6622006059011695217,gateway_calibration,sweep:anomaly_pair:shared_scenarios,456.5025382123304,113,643.3646233823168,,,shared_all_anomaly_strengths,diffusion_coeff,1500.0
TR,0,132,1072149559379176970,gateway_calibration,sweep:anomaly_pair:shared_scenarios,565.7118706736468,110,643.3646233823168,,,shared_all_anomaly_strengths,diffusion_coeff,1500.0
TR,0,133,2236710786858836466,gateway_calibration,sweep:anomaly_pair:shared_scenarios,444.40938435315155,115,643.3646233823168,,,shared_all_anomaly_strengths,diffusion_coeff,1500.0
TR,0,134,4061241335305450115,gateway_calibration,sweep:anomaly_pair:shared_scenarios,395.96756340203376,115,643.3646233823168,,,shared_all_anomaly_strengths,diffusion_coeff,1500.0
TR,0,135,4458267631564501530,gateway_calibration,sweep:anomaly_pair:shared_scenarios,493.62553917857923,118,643.3646233823168,,,shared_all_anomaly_strengths,diffusion_coeff,1500.0
TR,0,136,4602541395243770802,gateway_calibration,sweep:anomaly_pair:shared_scenarios,397.96629077599175,109,643.3646233823168,,,shared_all_anomaly_strengths,diffusion_coeff,1500.0
TR,0,137,8154260143710516340,gateway_calibration,sweep:anomaly_pair:shared_scenarios,457.10991174369866,118,643.3646233823168,,,shared_all_anomaly_strengths,diffusion_coeff,1500.0
TR,0,138,7114745814847013655,gateway_calibration,sweep:anomaly_pair:shared_scenarios,477.302802593005,114,643.3646233823168,,,shared_all_anomaly_strengths,diffusion_coeff,1500.0
TR,0,139,7504069718206669675,gateway_calibration,sweep:anomaly_pair:shared_scenarios,490.5028481857268,101,643.3646233823168,,,shared_all_anomaly_strengths,diffusion_coeff,1500.0
TR,0,140,2484320023919988263,gateway_calibration,sweep:anomaly_pair:shared_scenarios,601.6713313077598,112,643.3646233823168,,,shared_all_anomaly_strengths,diffusion_coeff,1500.0
TR,0,141,5967893154890299710,gateway_calibration,sweep:anomaly_pair:shared_scenarios,498.1939342464907,107,643.3646233823168,,,shared_all_anomaly_strengths,diffusion_coeff,1500.0
TR,0,142,8551485174213736670,gateway_calibration,sweep:anomaly_pair:shared_scenarios,501.24400413341993,110,643.3646233823168,,,shared_all_anomaly_strengths,diffusion_coeff,1500.0
TR,0,143,400428821000820213,gateway_calibration,sweep:anomaly_pair:shared_scenarios,617.554830968712,122,643.3646233823168,,,shared_all_anomaly_strengths,diffusion_coeff,1500.0
TR,0,144,4671208357574952400,gateway_calibration,sweep:anomaly_pair:shared_scenarios,514.0225763111524,116,643.3646233823168,,,shared_all_anomaly_strengths,diffusion_coeff,1500.0
TR,0,145,2717424151482641221,gateway_calibration,sweep:anomaly_pair:shared_scenarios,496.18481323830383,117,643.3646233823168,,,shared_all_anomaly_strengths,diffusion_coeff,1500.0
TR,0,146,7103388310734235320,gateway_calibration,sweep:anomaly_pair:shared_scenarios,613.4707042812287,118,643.3646233823168,,,shared_all_anomaly_strengths,diffusion_coeff,1500.0
TR,0,147,6613689040717774173,gateway_calibration,sweep:anomaly_pair:shared_scenarios,467.7153611913749,110,643.3646233823168,,,shared_all_anomaly_strengths,diffusion_coeff,1500.0
TR,0,148,3013865715162790417,gateway_calibration,sweep:anomaly_pair:shared_scenarios,479.9077479244319,111,643.3646233823168,,,shared_all_anomaly_strengths,diffusion_coeff,1500.0
TR,0,149,5411062845189856806,gateway_calibration,sweep:anomaly_pair:shared_scenarios,410.1019224549919,108,643.3646233823168,,,shared_all_anomaly_strengths,diffusion_coeff,1500.0
TR,0,150,753526066345137121,gateway_calibration,sweep:anomaly_pair:shared_scenarios,617.1367720763095,120,643.3646233823168,,,shared_all_anomaly_strengths,diffusion_coeff,1500.0
TR,0,151,5517788874787541446,gateway_calibration,sweep:anomaly_pair:shared_scenarios,660.8733686185769,135,643.3646233823168,,,shared_all_anomaly_strengths,diffusion_coeff,1500.0
TR,0,152,3012173983135274094,gateway_calibration,sweep:anomaly_pair:shared_scenarios,424.4076146597061,119,643.3646233823168,,,shared_all_anomaly_strengths,diffusion_coeff,1500.0
TR,0,153,7525768142714343326,gateway_calibration,sweep:anomaly_pair:shared_scenarios,498.91414124637106,119,643.3646233823168,,,shared_all_anomaly_strengths,diffusion_coeff,1500.0
TR,0,154,5795757086317543101,gateway_calibration,sweep:anomaly_pair:shared_scenarios,567.4306991453343,102,643.3646233823168,,,shared_all_anomaly_strengths,diffusion_coeff,1500.0
TR,0,155,1489560090090177220,gateway_calibration,sweep:anomaly_pair:shared_scenarios,528.3087601757144,123,643.3646233823168,,,shared_all_anomaly_strengths,diffusion_coeff,1500.0
TR,0,156,5650023223194757707,gateway_calibration,sweep:anomaly_pair:shared_scenarios,533.4138996785341,112,643.3646233823168,,,shared_all_anomaly_strengths,diffusion_coeff,1500.0
TR,0,157,9095396682315926676,gateway_calibration,sweep:anomaly_pair:shared_scenarios,642.8843301235698,120,643.3646233823168,,,shared_all_anomaly_strengths,diffusion_coeff,1500.0
TR,0,158,3646421855625731332,gateway_calibration,sweep:anomaly_pair:shared_scenarios,525.2451036671356,99,643.3646233823168,,,shared_all_anomaly_strengths,diffusion_coeff,1500.0
TR,0,159,2731180400104840963,gateway_calibration,sweep:anomaly_pair:shared_scenarios,522.9173690176359,106,643.3646233823168,,,shared_all_anomaly_strengths,diffusion_coeff,1500.0
TR,0,160,6525253475390859142,gateway_calibration,sweep:anomaly_pair:shared_scenarios,534.639855701639,126,643.3646233823168,,,shared_all_anomaly_strengths,diffusion_coeff,1500.0
TR,0,161,5342702562007933787,gateway_calibration,sweep:anomaly_pair:shared_scenarios,382.2985522445026,108,643.3646233823168,,,shared_all_anomaly_strengths,diffusion_coeff,1500.0
TR,0,162,1696163523599298321,gateway_calibration,sweep:anomaly_pair:shared_scenarios,512.3083473233521,114,643.3646233823168,,,shared_all_anomaly_strengths,diffusion_coeff,1500.0
TR,0,163,3743667071636317329,gateway_calibration,sweep:anomaly_pair:shared_scenarios,511.38908715786357,114,643.3646233823168,,,shared_all_anomaly_strengths,diffusion_coeff,1500.0
TR,0,164,1703215274657857080,gateway_calibration,sweep:anomaly_pair:shared_scenarios,486.21366997988923,99,643.3646233823168,,,shared_all_anomaly_strengths,diffusion_coeff,1500.0
TR,0,165,3749419661803877216,gateway_calibration,sweep:anomaly_pair:shared_scenarios,380.8749560932333,80,643.3646233823168,,,shared_all_anomaly_strengths,diffusion_coeff,1500.0
TR,0,166,1022849663340299120,gateway_calibration,sweep:anomaly_pair:shared_scenarios,545.8422201591713,101,643.3646233823168,,,shared_all_anomaly_strengths,diffusion_coeff,1500.0
TR,0,167,812573164251080741,gateway_calibration,sweep:anomaly_pair:shared_scenarios,721.8570618569277,134,643.3646233823168,,,shared_all_anomaly_strengths,diffusion_coeff,1500.0
TR,0,168,9181789161802016476,gateway_calibration,sweep:anomaly_pair:shared_scenarios,517.1939380822632,121,643.3646233823168,,,shared_all_anomaly_strengths,diffusion_coeff,1500.0
TR,0,169,41852731993844740,gateway_calibration,sweep:anomaly_pair:shared_scenarios,468.59914355005685,127,643.3646233823168,,,shared_all_anomaly_strengths,diffusion_coeff,1500.0
TR,0,170,2160723943465049599,gateway_calibration,sweep:anomaly_pair:shared_scenarios,615.909191497272,128,643.3646233823168,,,shared_all_anomaly_strengths,diffusion_coeff,1500.0
TR,0,171,4956274529951239709,gateway_calibration,sweep:anomaly_pair:shared_scenarios,559.6789403632714,117,643.3646233823168,,,shared_all_anomaly_strengths,diffusion_coeff,1500.0
TR,0,172,6793317195616864064,gateway_calibration,sweep:anomaly_pair:shared_scenarios,643.0492690128552,128,643.3646233823168,,,shared_all_anomaly_strengths,diffusion_coeff,1500.0
TR,0,173,4303638152728383403,gateway_calibration,sweep:anomaly_pair:shared_scenarios,509.9317677819959,110,643.3646233823168,,,shared_all_anomaly_strengths,diffusion_coeff,1500.0
TR,0,174,7314201943706610406,gateway_calibration,sweep:anomaly_pair:shared_scenarios,468.37526866134476,105,643.3646233823168,,,shared_all_anomaly_strengths,diffusion_coeff,1500.0
TR,0,175,1512635151930618621,gateway_calibration,sweep:anomaly_pair:shared_scenarios,498.5446705385199,111,643.3646233823168,,,shared_all_anomaly_strengths,diffusion_coeff,1500.0
TR,0,176,8308315004410766501,gateway_calibration,sweep:anomaly_pair:shared_scenarios,497.99204747124446,117,643.3646233823168,,,shared_all_anomaly_strengths,diffusion_coeff,1500.0
TR,0,177,8366281085404403237,gateway_calibration,sweep:anomaly_pair:shared_scenarios,539.4632711600628,112,643.3646233823168,,,shared_all_anomaly_strengths,diffusion_coeff,1500.0
TR,0,178,3431044729523368993,gateway_calibration,sweep:anomaly_pair:shared_scenarios,501.94290841248636,117,643.3646233823168,,,shared_all_anomaly_strengths,diffusion_coeff,1500.0
TR,0,179,2007998228956077302,gateway_calibration,sweep:anomaly_pair:shared_scenarios,481.8992789444616,99,643.3646233823168,,,shared_all_anomaly_strengths,diffusion_coeff,1500.0
TR,0,180,8751753062912985555,gateway_calibration,sweep:anomaly_pair:shared_scenarios,448.04444336390793,114,643.3646233823168,,,shared_all_anomaly_strengths,diffusion_coeff,1500.0
TR,0,181,6021098798304103526,gateway_calibration,sweep:anomaly_pair:shared_scenarios,423.4706338487523,120,643.3646233823168,,,shared_all_anomaly_strengths,diffusion_coeff,1500.0
TR,0,182,6935358694610535876,gateway_calibration,sweep:anomaly_pair:shared_scenarios,513.9517962572631,121,643.3646233823168,,,shared_all_anomaly_strengths,diffusion_coeff,1500.0
TR,0,183,8750411618794352639,gateway_calibration,sweep:anomaly_pair:shared_scenarios,555.7791609652517,105,643.3646233823168,,,shared_all_anomaly_strengths,diffusion_coeff,1500.0
TR,0,184,5456778154641903347,gateway_calibration,sweep:anomaly_pair:shared_scenarios,588.4874256252411,125,643.3646233823168,,,shared_all_anomaly_strengths,diffusion_coeff,1500.0
TR,0,185,1287740648467288647,gateway_calibration,sweep:anomaly_pair:shared_scenarios,508.511432084312,125,643.3646233823168,,,shared_all_anomaly_strengths,diffusion_coeff,1500.0
TR,0,186,5407093370613870835,gateway_calibration,sweep:anomaly_pair:shared_scenarios,568.0557901786946,125,643.3646233823168,,,shared_all_anomaly_strengths,diffusion_coeff,1500.0
TR,0,187,3818214081160493,gateway_calibration,sweep:anomaly_pair:shared_scenarios,489.6067703083791,118,643.3646233823168,,,shared_all_anomaly_strengths,diffusion_coeff,1500.0
TR,0,188,4306571545613910018,gateway_calibration,sweep:anomaly_pair:shared_scenarios,465.49873569368674,105,643.3646233823168,,,shared_all_anomaly_strengths,diffusion_coeff,1500.0
TR,0,189,1959307662180969903,gateway_calibration,sweep:anomaly_pair:shared_scenarios,486.24955178628755,107,643.3646233823168,,,shared_all_anomaly_strengths,diffusion_coeff,1500.0
TR,0,190,4992208587719153238,gateway_calibration,sweep:anomaly_pair:shared_scenarios,391.34123395765164,119,643.3646233823168,,,shared_all_anomaly_strengths,diffusion_coeff,1500.0
TR,0,191,5365441848557421041,gateway_calibration,sweep:anomaly_pair:shared_scenarios,523.1345542842345,121,643.3646233823168,,,shared_all_anomaly_strengths,diffusion_coeff,1500.0
TR,0,192,1408715418700674555,gateway_calibration,sweep:anomaly_pair:shared_scenarios,449.89277783091325,101,643.3646233823168,,,shared_all_anomaly_strengths,diffusion_coeff,1500.0
TR,0,193,8108843531229667530,gateway_calibration,sweep:anomaly_pair:shared_scenarios,559.1373111312879,115,643.3646233823168,,,shared_all_anomaly_strengths,diffusion_coeff,1500.0
TR,0,194,5355952040063825204,gateway_calibration,sweep:anomaly_pair:shared_scenarios,496.9573577332661,120,643.3646233823168,,,shared_all_anomaly_strengths,diffusion_coeff,1500.0
TR,0,195,3749598425399707804,gateway_calibration,sweep:anomaly_pair:shared_scenarios,462.93454063830274,97,643.3646233823168,,,shared_all_anomaly_strengths,diffusion_coeff,1500.0
TR,0,196,2149480101104034459,gateway_calibration,sweep:anomaly_pair:shared_scenarios,683.0207688294421,114,643.3646233823168,,,shared_all_anomaly_strengths,diffusion_coeff,1500.0
TR,0,197,2249485913525693031,gateway_calibration,sweep:anomaly_pair:shared_scenarios,598.3699597747661,140,643.3646233823168,,,shared_all_anomaly_strengths,diffusion_coeff,1500.0
TR,0,198,7943041684628071969,gateway_calibration,sweep:anomaly_pair:shared_scenarios,629.3097111122084,126,643.3646233823168,,,shared_all_anomaly_strengths,diffusion_coeff,1500.0
TR,0,199,5498905627511140374,gateway_calibration,sweep:anomaly_pair:shared_scenarios,549.9707421383534,132,643.3646233823168,,,shared_all_anomaly_strengths,diffusion_coeff,1500.0
TR,0,200,3602637090699499683,gateway_calibration,sweep:anomaly_pair:shared_scenarios,562.6274426303632,117,643.3646233823168,,,shared_all_anomaly_strengths,diffusion_coeff,1500.0
TR,0,201,7286351669153130392,gateway_calibration,sweep:anomaly_pair:shared_scenarios,469.99226625454446,102,643.3646233823168,,,shared_all_anomaly_strengths,diffusion_coeff,1500.0
TR,0,202,3191901830673673490,gateway_calibration,sweep:anomaly_pair:shared_scenarios,560.278573430435,124,643.3646233823168,,,shared_all_anomaly_strengths,diffusion_coeff,1500.0
TR,0,203,8524659376700415706,gateway_calibration,sweep:anomaly_pair:shared_scenarios,601.8242631102812,118,643.3646233823168,,,shared_all_anomaly_strengths,diffusion_coeff,1500.0
TR,0,204,6349588482576067091,gateway_calibration,sweep:anomaly_pair:shared_scenarios,519.6768135254805,110,643.3646233823168,,,shared_all_anomaly_strengths,diffusion_coeff,1500.0
TR,0,205,7988033359410408816,gateway_calibration,sweep:anomaly_pair:shared_scenarios,393.6565410771834,115,643.3646233823168,,,shared_all_anomaly_strengths,diffusion_coeff,1500.0
TR,0,206,8515216027005570369,gateway_calibration,sweep:anomaly_pair:shared_scenarios,495.77055128645725,107,643.3646233823168,,,shared_all_anomaly_strengths,diffusion_coeff,1500.0
TR,0,207,6416540730684243514,gateway_calibration,sweep:anomaly_pair:shared_scenarios,555.8136082428491,102,643.3646233823168,,,shared_all_anomaly_strengths,diffusion_coeff,1500.0
TR,0,208,602517514173483864,gateway_calibration,sweep:anomaly_pair:shared_scenarios,532.8788375474275,127,643.3646233823168,,,shared_all_anomaly_strengths,diffusion_coeff,1500.0
TR,0,209,3465670740941638925,gateway_calibration,sweep:anomaly_pair:shared_scenarios,542.6702431051544,128,643.3646233823168,,,shared_all_anomaly_strengths,diffusion_coeff,1500.0
TR,0,210,3944025305726431335,gateway_calibration,sweep:anomaly_pair:shared_scenarios,551.31186244817,115,643.3646233823168,,,shared_all_anomaly_strengths,diffusion_coeff,1500.0
TR,0,211,2339277267613070629,gateway_calibration,sweep:anomaly_pair:shared_scenarios,438.0813035311707,122,643.3646233823168,,,shared_all_anomaly_strengths,diffusion_coeff,1500.0
TR,0,212,7600535093870098984,gateway_calibration,sweep:anomaly_pair:shared_scenarios,583.6178074189563,133,643.3646233823168,,,shared_all_anomaly_strengths,diffusion_coeff,1500.0
TR,0,213,3861443108061582389,gateway_calibration,sweep:anomaly_pair:shared_scenarios,413.5566990067635,106,643.3646233823168,,,shared_all_anomaly_strengths,diffusion_coeff,1500.0
TR,0,214,3250073084552866822,gateway_calibration,sweep:anomaly_pair:shared_scenarios,635.7136252720579,119,643.3646233823168,,,shared_all_anomaly_strengths,diffusion_coeff,1500.0
TR,0,215,8591855540292640479,gateway_calibration,sweep:anomaly_pair:shared_scenarios,478.7152432492204,114,643.3646233823168,,,shared_all_anomaly_strengths,diffusion_coeff,1500.0
TR,0,216,3408653263756247515,gateway_calibration,sweep:anomaly_pair:shared_scenarios,511.9324276923972,117,643.3646233823168,,,shared_all_anomaly_strengths,diffusion_coeff,1500.0
TR,0,217,2181672054838164337,gateway_calibration,sweep:anomaly_pair:shared_scenarios,582.0907899345945,133,643.3646233823168,,,shared_all_anomaly_strengths,diffusion_coeff,1500.0
TR,0,218,1689637169394222035,gateway_calibration,sweep:anomaly_pair:shared_scenarios,312.64221775768834,91,643.3646233823168,,,shared_all_anomaly_strengths,diffusion_coeff,1500.0
TR,0,219,5046962185951232574,gateway_calibration,sweep:anomaly_pair:shared_scenarios,473.844093386594,113,643.3646233823168,,,shared_all_anomaly_strengths,diffusion_coeff,1500.0
TR,0,220,9018680245675993190,gateway_calibration,sweep:anomaly_pair:shared_scenarios,498.4739270167408,114,643.3646233823168,,,shared_all_anomaly_strengths,diffusion_coeff,1500.0
TR,0,221,8785852485249820827,gateway_calibration,sweep:anomaly_pair:shared_scenarios,521.5082493991229,107,643.3646233823168,,,shared_all_anomaly_strengths,diffusion_coeff,1500.0
TR,0,222,34609839810900876,gateway_calibration,sweep:anomaly_pair:shared_scenarios,483.60525755242764,114,643.3646233823168,,,shared_all_anomaly_strengths,diffusion_coeff,1500.0
TR,0,223,4892593663520200719,gateway_calibration,sweep:anomaly_pair:shared_scenarios,502.20365560468383,112,643.3646233823168,,,shared_all_anomaly_strengths,diffusion_coeff,1500.0
TR,0,224,1595203616003947553,gateway_calibration,sweep:anomaly_pair:shared_scenarios,611.459523075217,120,643.3646233823168,,,shared_all_anomaly_strengths,diffusion_coeff,1500.0
TR,0,225,7424048805208454819,gateway_calibration,sweep:anomaly_pair:shared_scenarios,522.4680872327083,109,643.3646233823168,,,shared_all_anomaly_strengths,diffusion_coeff,1500.0
TR,0,226,2920126023839666219,gateway_calibration,sweep:anomaly_pair:shared_scenarios,464.6943959343936,107,643.3646233823168,,,shared_all_anomaly_strengths,diffusion_coeff,1500.0
TR,0,227,382931740595247515,gateway_calibration,sweep:anomaly_pair:shared_scenarios,618.0286297184363,125,643.3646233823168,,,shared_all_anomaly_strengths,diffusion_coeff,1500.0
TR,0,228,8014502905414229746,gateway_calibration,sweep:anomaly_pair:shared_scenarios,593.584504217278,122,643.3646233823168,,,shared_all_anomaly_strengths,diffusion_coeff,1500.0
TR,0,229,4743279688235879997,gateway_calibration,sweep:anomaly_pair:shared_scenarios,391.66757412392917,99,643.3646233823168,,,shared_all_anomaly_strengths,diffusion_coeff,1500.0
TR,0,230,1572592790386553068,gateway_calibration,sweep:anomaly_pair:shared_scenarios,490.9800132152353,116,643.3646233823168,,,shared_all_anomaly_strengths,diffusion_coeff,1500.0
TR,0,231,6252360334841237253,gateway_calibration,sweep:anomaly_pair:shared_scenarios,544.4878413620534,108,643.3646233823168,,,shared_all_anomaly_strengths,diffusion_coeff,1500.0
TR,0,232,6969017964403244413,gateway_calibration,sweep:anomaly_pair:shared_scenarios,514.490327606719,116,643.3646233823168,,,shared_all_anomaly_strengths,diffusion_coeff,1500.0
TR,0,233,1610212804197154449,gateway_calibration,sweep:anomaly_pair:shared_scenarios,606.1288871370895,128,643.3646233823168,,,shared_all_anomaly_strengths,diffusion_coeff,1500.0
TR,0,234,6647587057665530600,gateway_calibration,sweep:anomaly_pair:shared_scenarios,500.28054041855023,122,643.3646233823168,,,shared_all_anomaly_strengths,diffusion_coeff,1500.0
TR,0,235,3531987962649334536,gateway_calibration,sweep:anomaly_pair:shared_scenarios,366.42554547067226,102,643.3646233823168,,,shared_all_anomaly_strengths,diffusion_coeff,1500.0
TR,0,236,6609225715223448195,gateway_calibration,sweep:anomaly_pair:shared_scenarios,506.5841707132068,119,643.3646233823168,,,shared_all_anomaly_strengths,diffusion_coeff,1500.0
TR,0,237,6784175964849256680,gateway_calibration,sweep:anomaly_pair:shared_scenarios,442.0028694712726,104,643.3646233823168,,,shared_all_anomaly_strengths,diffusion_coeff,1500.0
TR,0,238,771076435409536658,gateway_calibration,sweep:anomaly_pair:shared_scenarios,468.6900798009519,103,643.3646233823168,,,shared_all_anomaly_strengths,diffusion_coeff,1500.0
TR,0,239,1557660180791943490,gateway_calibration,sweep:anomaly_pair:shared_scenarios,454.78103360764953,113,643.3646233823168,,,shared_all_anomaly_strengths,diffusion_coeff,1500.0
TR,0,240,8213476521277927481,gateway_calibration,sweep:anomaly_pair:shared_scenarios,529.6145871696375,111,643.3646233823168,,,shared_all_anomaly_strengths,diffusion_coeff,1500.0
TR,0,241,2142536073008782941,gateway_calibration,sweep:anomaly_pair:shared_scenarios,472.3908669831981,102,643.3646233823168,,,shared_all_anomaly_strengths,diffusion_coeff,1500.0
TR,0,242,972861009822655055,gateway_calibration,sweep:anomaly_pair:shared_scenarios,540.870446194744,116,643.3646233823168,,,shared_all_anomaly_strengths,diffusion_coeff,1500.0
TR,0,243,7555691644283107163,gateway_calibration,sweep:anomaly_pair:shared_scenarios,580.3193272487227,110,643.3646233823168,,,shared_all_anomaly_strengths,diffusion_coeff,1500.0
TR,0,244,3765971885569387299,gateway_calibration,sweep:anomaly_pair:shared_scenarios,544.5440566524321,125,643.3646233823168,,,shared_all_anomaly_strengths,diffusion_coeff,1500.0
TR,0,245,5592160503430992696,gateway_calibration,sweep:anomaly_pair:shared_scenarios,497.4611535149772,108,643.3646233823168,,,shared_all_anomaly_strengths,diffusion_coeff,1500.0
TR,0,246,1478843254938813623,gateway_calibration,sweep:anomaly_pair:shared_scenarios,599.8563009062207,120,643.3646233823168,,,shared_all_anomaly_strengths,diffusion_coeff,1500.0
TR,0,247,1942727857375669376,gateway_calibration,sweep:anomaly_pair:shared_scenarios,553.7268290602763,109,643.3646233823168,,,shared_all_anomaly_strengths,diffusion_coeff,1500.0
TR,0,248,8887415122826351358,gateway_calibration,sweep:anomaly_pair:shared_scenarios,762.0429805380528,137,643.3646233823168,,,shared_all_anomaly_strengths,diffusion_coeff,1500.0
TR,0,249,4016396015928191167,gateway_calibration,sweep:anomaly_pair:shared_scenarios,558.4496352236519,111,643.3646233823168,,,shared_all_anomaly_strengths,diffusion_coeff,1500.0
TR,0,250,545721072604639066,gateway_calibration,sweep:anomaly_pair:shared_scenarios,412.6521410533017,100,643.3646233823168,,,shared_all_anomaly_strengths,diffusion_coeff,1500.0
TR,0,251,5849536730748012463,gateway_calibration,sweep:anomaly_pair:shared_scenarios,568.9649151155514,115,643.3646233823168,,,shared_all_anomaly_strengths,diffusion_coeff,1500.0
TR,0,252,1771686267565403887,gateway_calibration,sweep:anomaly_pair:shared_scenarios,437.0689521654773,103,643.3646233823168,,,shared_all_anomaly_strengths,diffusion_coeff,1500.0
TR,0,253,527015852999154159,gateway_calibration,sweep:anomaly_pair:shared_scenarios,468.76447484596906,118,643.3646233823168,,,shared_all_anomaly_strengths,diffusion_coeff,1500.0
TR,0,254,795232045204162150,gateway_calibration,sweep:anomaly_pair:shared_scenarios,551.7109077720377,137,643.3646233823168,,,shared_all_anomaly_strengths,diffusion_coeff,1500.0
TR,0,255,2003186406057830921,gateway_calibration,sweep:anomaly_pair:shared_scenarios,474.2090782242132,118,643.3646233823168,,,shared_all_anomaly_strengths,diffusion_coeff,1500.0
TR,0,256,6455722452370991548,gateway_calibration,sweep:anomaly_pair:shared_scenarios,547.7578193022173,104,643.3646233823168,,,shared_all_anomaly_strengths,diffusion_coeff,1500.0
TR,0,257,3067394350402456365,gateway_calibration,sweep:anomaly_pair:shared_scenarios,514.8440250031302,100,643.3646233823168,,,shared_all_anomaly_strengths,diffusion_coeff,1500.0
TR,0,258,6475421966152866023,gateway_calibration,sweep:anomaly_pair:shared_scenarios,499.9870529951409,118,643.3646233823168,,,shared_all_anomaly_strengths,diffusion_coeff,1500.0
TR,0,259,3761046985503647801,gateway_calibration,sweep:anomaly_pair:shared_scenarios,453.0190557764023,112,643.3646233823168,,,shared_all_anomaly_strengths,diffusion_coeff,1500.0
TR,0,260,2385970463494678191,gateway_calibration,sweep:anomaly_pair:shared_scenarios,476.87369420616835,114,643.3646233823168,,,shared_all_anomaly_strengths,diffusion_coeff,1500.0
TR,0,261,5183448992162080607,gateway_calibration,sweep:anomaly_pair:shared_scenarios,433.428483295447,112,643.3646233823168,,,shared_all_anomaly_strengths,diffusion_coeff,1500.0
TR,0,262,6268266913998342604,gateway_calibration,sweep:anomaly_pair:shared_scenarios,536.7025085806764,118,643.3646233823168,,,shared_all_anomaly_strengths,diffusion_coeff,1500.0
TR,0,263,21012256327926221,gateway_calibration,sweep:anomaly_pair:shared_scenarios,433.16595588039695,107,643.3646233823168,,,shared_all_anomaly_strengths,diffusion_coeff,1500.0
TR,0,264,4109767241554258606,gateway_calibration,sweep:anomaly_pair:shared_scenarios,480.2372019480757,109,643.3646233823168,,,shared_all_anomaly_strengths,diffusion_coeff,1500.0
TR,0,265,4959424012684389745,gateway_calibration,sweep:anomaly_pair:shared_scenarios,404.0389980155779,104,643.3646233823168,,,shared_all_anomaly_strengths,diffusion_coeff,1500.0
TR,0,266,7451109072791456209,gateway_calibration,sweep:anomaly_pair:shared_scenarios,478.41216705525056,111,643.3646233823168,,,shared_all_anomaly_strengths,diffusion_coeff,1500.0
TR,0,267,8054500674269120968,gateway_calibration,sweep:anomaly_pair:shared_scenarios,424.020222121602,107,643.3646233823168,,,shared_all_anomaly_strengths,diffusion_coeff,1500.0
TR,0,268,5331532706382194712,gateway_calibration,sweep:anomaly_pair:shared_scenarios,539.8284933743579,121,643.3646233823168,,,shared_all_anomaly_strengths,diffusion_coeff,1500.0
TR,0,269,841203630616903155,gateway_calibration,sweep:anomaly_pair:shared_scenarios,531.1313566455026,115,643.3646233823168,,,shared_all_anomaly_strengths,diffusion_coeff,1500.0
TR,0,270,4066905452799334610,gateway_calibration,sweep:anomaly_pair:shared_scenarios,706.2238845170433,133,643.3646233823168,,,shared_all_anomaly_strengths,diffusion_coeff,1500.0
TR,0,271,9150950453982994658,gateway_calibration,sweep:anomaly_pair:shared_scenarios,442.6886265352868,107,643.3646233823168,,,shared_all_anomaly_strengths,diffusion_coeff,1500.0
TR,0,272,6119393693526968570,gateway_calibration,sweep:anomaly_pair:shared_scenarios,584.5996362472574,118,643.3646233823168,,,shared_all_anomaly_strengths,diffusion_coeff,1500.0
TR,0,273,1347105042981981039,gateway_calibration,sweep:anomaly_pair:shared_scenarios,439.00883455148795,121,643.3646233823168,,,shared_all_anomaly_strengths,diffusion_coeff,1500.0
TR,0,274,8911832980425435268,gateway_calibration,sweep:anomaly_pair:shared_scenarios,626.1343226302308,125,643.3646233823168,,,shared_all_anomaly_strengths,diffusion_coeff,1500.0
TR,0,275,5843722553093405471,gateway_calibration,sweep:anomaly_pair:shared_scenarios,594.2942218666082,124,643.3646233823168,,,shared_all_anomaly_strengths,diffusion_coeff,1500.0
TR,0,276,3354555160635420741,gateway_calibration,sweep:anomaly_pair:shared_scenarios,551.8504627532109,115,643.3646233823168,,,shared_all_anomaly_strengths,diffusion_coeff,1500.0
TR,0,277,688745337611783334,gateway_calibration,sweep:anomaly_pair:shared_scenarios,457.81364993059276,115,643.3646233823168,,,shared_all_anomaly_strengths,diffusion_coeff,1500.0
TR,0,278,219363152796672916,gateway_calibration,sweep:anomaly_pair:shared_scenarios,535.9969577184381,121,643.3646233823168,,,shared_all_anomaly_strengths,diffusion_coeff,1500.0
TR,0,279,373686025269973233,gateway_calibration,sweep:anomaly_pair:shared_scenarios,501.2699123652176,109,643.3646233823168,,,shared_all_anomaly_strengths,diffusion_coeff,1500.0
TR,0,280,5610514536613434387,gateway_calibration,sweep:anomaly_pair:shared_scenarios,570.9068117473435,120,643.3646233823168,,,shared_all_anomaly_strengths,diffusion_coeff,1500.0
TR,0,281,4171514933633241565,gateway_calibration,sweep:anomaly_pair:shared_scenarios,448.5567832639736,120,643.3646233823168,,,shared_all_anomaly_strengths,diffusion_coeff,1500.0
TR,0,282,4861498392405652878,gateway_calibration,sweep:anomaly_pair:shared_scenarios,430.44997268778604,110,643.3646233823168,,,shared_all_anomaly_strengths,diffusion_coeff,1500.0
TR,0,283,8572809235512946288,gateway_calibration,sweep:anomaly_pair:shared_scenarios,548.2709081437644,111,643.3646233823168,,,shared_all_anomaly_strengths,diffusion_coeff,1500.0
TR,0,284,8187471053016651709,gateway_calibration,sweep:anomaly_pair:shared_scenarios,542.4326113662305,126,643.3646233823168,,,shared_all_anomaly_strengths,diffusion_coeff,1500.0
TR,0,285,8839651195694762440,gateway_calibration,sweep:anomaly_pair:shared_scenarios,380.57924668078596,107,643.3646233823168,,,shared_all_anomaly_strengths,diffusion_coeff,1500.0
TR,0,286,2874448108009063227,gateway_calibration,sweep:anomaly_pair:shared_scenarios,521.4740386950805,125,643.3646233823168,,,shared_all_anomaly_strengths,diffusion_coeff,1500.0
TR,0,287,8707203536458320760,gateway_calibration,sweep:anomaly_pair:shared_scenarios,549.3837635033876,108,643.3646233823168,,,shared_all_anomaly_strengths,diffusion_coeff,1500.0
TR,0,288,8368439969047545418,gateway_calibration,sweep:anomaly_pair:shared_scenarios,524.4232993389204,112,643.3646233823168,,,shared_all_anomaly_strengths,diffusion_coeff,1500.0
TR,0,289,4822230351368366288,gateway_calibration,sweep:anomaly_pair:shared_scenarios,523.703735913068,104,643.3646233823168,,,shared_all_anomaly_strengths,diffusion_coeff,1500.0
TR,0,290,560612887312139697,gateway_calibration,sweep:anomaly_pair:shared_scenarios,518.8538186144383,102,643.3646233823168,,,shared_all_anomaly_strengths,diffusion_coeff,1500.0
TR,0,291,4708984480155462159,gateway_calibration,sweep:anomaly_pair:shared_scenarios,571.5430748238301,143,643.3646233823168,,,shared_all_anomaly_strengths,diffusion_coeff,1500.0
TR,0,292,221505334779598471,gateway_calibration,sweep:anomaly_pair:shared_scenarios,452.9080877048766,116,643.3646233823168,,,shared_all_anomaly_strengths,diffusion_coeff,1500.0
TR,0,293,313024099195558927,gateway_calibration,sweep:anomaly_pair:shared_scenarios,455.0509689496336,118,643.3646233823168,,,shared_all_anomaly_strengths,diffusion_coeff,1500.0
TR,0,294,1256218112766498617,gateway_calibration,sweep:anomaly_pair:shared_scenarios,537.8378145442201,117,643.3646233823168,,,shared_all_anomaly_strengths,diffusion_coeff,1500.0
TR,0,295,8758679596665815611,gateway_calibration,sweep:anomaly_pair:shared_scenarios,523.0470647182965,109,643.3646233823168,,,shared_all_anomaly_strengths,diffusion_coeff,1500.0
TR,0,296,8732704811787225309,gateway_calibration,sweep:anomaly_pair:shared_scenarios,402.77990955145964,111,643.3646233823168,,,shared_all_anomaly_strengths,diffusion_coeff,1500.0
TR,0,297,7291668075851963674,gateway_calibration,sweep:anomaly_pair:shared_scenarios,417.9624390367225,96,643.3646233823168,,,shared_all_anomaly_strengths,diffusion_coeff,1500.0
TR,0,298,8160139849952943474,gateway_calibration,sweep:anomaly_pair:shared_scenarios,472.07655169863114,111,643.3646233823168,,,shared_all_anomaly_strengths,diffusion_coeff,1500.0
TR,0,299,2513721670770597509,gateway_calibration,sweep:anomaly_pair:shared_scenarios,455.879297390264,105,643.3646233823168,,,shared_all_anomaly_strengths,diffusion_coeff,1500.0
TR,0,300,7063318709798897080,gateway_calibration,sweep:anomaly_pair:shared_scenarios,570.9341595495896,132,643.3646233823168,,,shared_all_anomaly_strengths,diffusion_coeff,1500.0
TR,0,301,8415020812705705061,gateway_calibration,sweep:anomaly_pair:shared_scenarios,609.3649384851981,127,643.3646233823168,,,shared_all_anomaly_strengths,diffusion_coeff,1500.0
TR,0,302,3425196686933402479,gateway_calibration,sweep:anomaly_pair:shared_scenarios,447.8596085217713,110,643.3646233823168,,,shared_all_anomaly_strengths,diffusion_coeff,1500.0
TR,0,303,3114915321845009342,gateway_calibration,sweep:anomaly_pair:shared_scenarios,509.2514554849481,102,643.3646233823168,,,shared_all_anomaly_strengths,diffusion_coeff,1500.0
TR,0,304,2896931233588044786,gateway_calibration,sweep:anomaly_pair:shared_scenarios,416.3653518022932,96,643.3646233823168,,,shared_all_anomaly_strengths,diffusion_coeff,1500.0
TR,0,305,1551170222759424305,gateway_calibration,sweep:anomaly_pair:shared_scenarios,454.9938378226426,110,643.3646233823168,,,shared_all_anomaly_strengths,diffusion_coeff,1500.0
TR,0,306,4718806530038829033,gateway_calibration,sweep:anomaly_pair:shared_scenarios,518.9027360550627,125,643.3646233823168,,,shared_all_anomaly_strengths,diffusion_coeff,1500.0
TR,0,307,5119279349088370044,gateway_calibration,sweep:anomaly_pair:shared_scenarios,496.4342744767561,114,643.3646233823168,,,shared_all_anomaly_strengths,diffusion_coeff,1500.0
TR,0,308,2822775968759270459,gateway_calibration,sweep:anomaly_pair:shared_scenarios,420.80482973149316,111,643.3646233823168,,,shared_all_anomaly_strengths,diffusion_coeff,1500.0
TR,0,309,7998405917407377120,gateway_calibration,sweep:anomaly_pair:shared_scenarios,424.89448845894213,107,643.3646233823168,,,shared_all_anomaly_strengths,diffusion_coeff,1500.0
TR,0,310,5146001952486015638,gateway_calibration,sweep:anomaly_pair:shared_scenarios,450.57108870711744,104,643.3646233823168,,,shared_all_anomaly_strengths,diffusion_coeff,1500.0
TR,0,311,6911500135314972136,gateway_calibration,sweep:anomaly_pair:shared_scenarios,400.6165071896347,103,643.3646233823168,,,shared_all_anomaly_strengths,diffusion_coeff,1500.0
TR,0,312,3026266370475567930,gateway_calibration,sweep:anomaly_pair:shared_scenarios,684.0696683145243,124,643.3646233823168,,,shared_all_anomaly_strengths,diffusion_coeff,1500.0
TR,0,313,2263219430505968284,gateway_calibration,sweep:anomaly_pair:shared_scenarios,415.8907574947395,106,643.3646233823168,,,shared_all_anomaly_strengths,diffusion_coeff,1500.0
TR,0,314,6005314762223339669,gateway_calibration,sweep:anomaly_pair:shared_scenarios,515.4530767599495,117,643.3646233823168,,,shared_all_anomaly_strengths,diffusion_coeff,1500.0
TR,0,315,6620051426260236045,gateway_calibration,sweep:anomaly_pair:shared_scenarios,406.0237441240961,94,643.3646233823168,,,shared_all_anomaly_strengths,diffusion_coeff,1500.0
TR,0,316,1375290459054701469,gateway_calibration,sweep:anomaly_pair:shared_scenarios,553.337126244063,113,643.3646233823168,,,shared_all_anomaly_strengths,diffusion_coeff,1500.0
TR,0,317,3387434723583950275,gateway_calibration,sweep:anomaly_pair:shared_scenarios,458.8851726571698,111,643.3646233823168,,,shared_all_anomaly_strengths,diffusion_coeff,1500.0
TR,0,318,1492748310594346890,gateway_calibration,sweep:anomaly_pair:shared_scenarios,762.6680975718205,135,643.3646233823168,,,shared_all_anomaly_strengths,diffusion_coeff,1500.0
TR,0,319,6526070513380422193,gateway_calibration,sweep:anomaly_pair:shared_scenarios,438.20053649434715,118,643.3646233823168,,,shared_all_anomaly_strengths,diffusion_coeff,1500.0
TR,0,320,4569908186093849248,gateway_calibration,sweep:anomaly_pair:shared_scenarios,440.4830026026576,125,643.3646233823168,,,shared_all_anomaly_strengths,diffusion_coeff,1500.0
TR,0,321,2058735402210199549,gateway_calibration,sweep:anomaly_pair:shared_scenarios,596.161137875921,126,643.3646233823168,,,shared_all_anomaly_strengths,diffusion_coeff,1500.0
TR,0,322,7792514555662345644,gateway_calibration,sweep:anomaly_pair:shared_scenarios,534.7845992013013,109,643.3646233823168,,,shared_all_anomaly_strengths,diffusion_coeff,1500.0
TR,0,323,5919491502808918703,gateway_calibration,sweep:anomaly_pair:shared_scenarios,606.9739485435606,124,643.3646233823168,,,shared_all_anomaly_strengths,diffusion_coeff,1500.0
TR,0,324,4574905972397435795,gateway_calibration,sweep:anomaly_pair:shared_scenarios,568.7093334409868,121,643.3646233823168,,,shared_all_anomaly_strengths,diffusion_coeff,1500.0
TR,0,325,7539986577246166921,gateway_calibration,sweep:anomaly_pair:shared_scenarios,535.0352579977719,124,643.3646233823168,,,shared_all_anomaly_strengths,diffusion_coeff,1500.0
TR,0,326,8057266659081106092,gateway_calibration,sweep:anomaly_pair:shared_scenarios,597.9135862162964,120,643.3646233823168,,,shared_all_anomaly_strengths,diffusion_coeff,1500.0
TR,0,327,7592041352101782096,gateway_calibration,sweep:anomaly_pair:shared_scenarios,556.8839101720989,108,643.3646233823168,,,shared_all_anomaly_strengths,diffusion_coeff,1500.0
TR,0,328,7157190776130753350,gateway_calibration,sweep:anomaly_pair:shared_scenarios,473.12999643130206,101,643.3646233823168,,,shared_all_anomaly_strengths,diffusion_coeff,1500.0
TR,0,329,3536119658432613956,gateway_calibration,sweep:anomaly_pair:shared_scenarios,603.3542676122587,118,643.3646233823168,,,shared_all_anomaly_strengths,diffusion_coeff,1500.0
TR,0,330,3387957629084434680,gateway_calibration,sweep:anomaly_pair:shared_scenarios,476.1438298178916,126,643.3646233823168,,,shared_all_anomaly_strengths,diffusion_coeff,1500.0
TR,0,331,7014301768858485691,gateway_calibration,sweep:anomaly_pair:shared_scenarios,499.9048644886208,119,643.3646233823168,,,shared_all_anomaly_strengths,diffusion_coeff,1500.0
TR,0,332,7509048679395089766,gateway_calibration,sweep:anomaly_pair:shared_scenarios,452.22033811411836,113,643.3646233823168,,,shared_all_anomaly_strengths,diffusion_coeff,1500.0
TR,0,333,8077057740997865815,gateway_calibration,sweep:anomaly_pair:shared_scenarios,555.2349522716162,105,643.3646233823168,,,shared_all_anomaly_strengths,diffusion_coeff,1500.0
TR,0,334,4792265241973382002,gateway_calibration,sweep:anomaly_pair:shared_scenarios,497.61987995248523,121,643.3646233823168,,,shared_all_anomaly_strengths,diffusion_coeff,1500.0
TR,0,335,4631816253128208771,gateway_calibration,sweep:anomaly_pair:shared_scenarios,565.0367780598176,129,643.3646233823168,,,shared_all_anomaly_strengths,diffusion_coeff,1500.0
TR,0,336,1353780890302308168,gateway_calibration,sweep:anomaly_pair:shared_scenarios,508.2316821316195,125,643.3646233823168,,,shared_all_anomaly_strengths,diffusion_coeff,1500.0
TR,0,337,301188514516452582,gateway_calibration,sweep:anomaly_pair:shared_scenarios,699.5689081830488,100,643.3646233823168,,,shared_all_anomaly_strengths,diffusion_coeff,1500.0
TR,0,338,848291969102783726,gateway_calibration,sweep:anomaly_pair:shared_scenarios,437.7995904801523,120,643.3646233823168,,,shared_all_anomaly_strengths,diffusion_coeff,1500.0
TR,0,339,3301607682890482163,gateway_calibration,sweep:anomaly_pair:shared_scenarios,350.8419611123439,95,643.3646233823168,,,shared_all_anomaly_strengths,diffusion_coeff,1500.0
TR,0,340,3382309239349475861,gateway_calibration,sweep:anomaly_pair:shared_scenarios,616.8038318706176,128,643.3646233823168,,,shared_all_anomaly_strengths,diffusion_coeff,1500.0
TR,0,341,3511804255243715536,gateway_calibration,sweep:anomaly_pair:shared_scenarios,526.8371523447767,115,643.3646233823168,,,shared_all_anomaly_strengths,diffusion_coeff,1500.0
TR,0,342,7172406527062268769,gateway_calibration,sweep:anomaly_pair:shared_scenarios,397.0187105564342,116,643.3646233823168,,,shared_all_anomaly_strengths,diffusion_coeff,1500.0
TR,0,343,8148651635281023479,gateway_calibration,sweep:anomaly_pair:shared_scenarios,456.2996610552949,118,643.3646233823168,,,shared_all_anomaly_strengths,diffusion_coeff,1500.0
TR,0,344,4543894699244939752,gateway_calibration,sweep:anomaly_pair:shared_scenarios,511.7379422725788,102,643.3646233823168,,,shared_all_anomaly_strengths,diffusion_coeff,1500.0
TR,0,345,6891358735647678813,gateway_calibration,sweep:anomaly_pair:shared_scenarios,666.7618908450262,132,643.3646233823168,,,shared_all_anomaly_strengths,diffusion_coeff,1500.0
TR,0,346,1563481499315660104,gateway_calibration,sweep:anomaly_pair:shared_scenarios,477.9066736654251,103,643.3646233823168,,,shared_all_anomaly_strengths,diffusion_coeff,1500.0
TR,0,347,2629125604810830811,gateway_calibration,sweep:anomaly_pair:shared_scenarios,408.78245135238905,118,643.3646233823168,,,shared_all_anomaly_strengths,diffusion_coeff,1500.0
TR,0,348,3894426847858961166,gateway_calibration,sweep:anomaly_pair:shared_scenarios,581.1620797919945,121,643.3646233823168,,,shared_all_anomaly_strengths,diffusion_coeff,1500.0
TR,0,349,4282787653601296890,gateway_calibration,sweep:anomaly_pair:shared_scenarios,620.1788760870256,110,643.3646233823168,,,shared_all_anomaly_strengths,diffusion_coeff,1500.0
TR,0,350,7842601743270043461,gateway_calibration,sweep:anomaly_pair:shared_scenarios,515.1913940619969,111,643.3646233823168,,,shared_all_anomaly_strengths,diffusion_coeff,1500.0
TR,0,351,7700102950595571335,gateway_calibration,sweep:anomaly_pair:shared_scenarios,489.4918077298289,113,643.3646233823168,,,shared_all_anomaly_strengths,diffusion_coeff,1500.0
TR,0,352,2808087562537772166,gateway_calibration,sweep:anomaly_pair:shared_scenarios,496.27863267317525,104,643.3646233823168,,,shared_all_anomaly_strengths,diffusion_coeff,1500.0
TR,0,353,6304865133883968004,gateway_calibration,sweep:anomaly_pair:shared_scenarios,520.0605932222342,131,643.3646233823168,,,shared_all_anomaly_strengths,diffusion_coeff,1500.0
TR,0,354,3342415063500426256,gateway_calibration,sweep:anomaly_pair:shared_scenarios,557.3136181145971,111,643.3646233823168,,,shared_all_anomaly_strengths,diffusion_coeff,1500.0
TR,0,355,8959621061715784363,gateway_calibration,sweep:anomaly_pair:shared_scenarios,391.80086754373804,114,643.3646233823168,,,shared_all_anomaly_strengths,diffusion_coeff,1500.0
TR,0,356,1186687812096718750,gateway_calibration,sweep:anomaly_pair:shared_scenarios,434.66687835598793,105,643.3646233823168,,,shared_all_anomaly_strengths,diffusion_coeff,1500.0
TR,0,357,8329058846985055289,gateway_calibration,sweep:anomaly_pair:shared_scenarios,546.8023276315698,98,643.3646233823168,,,shared_all_anomaly_strengths,diffusion_coeff,1500.0
TR,0,358,275625437843561760,gateway_calibration,sweep:anomaly_pair:shared_scenarios,506.4028385231147,122,643.3646233823168,,,shared_all_anomaly_strengths,diffusion_coeff,1500.0
TR,0,359,527484844984551272,gateway_calibration,sweep:anomaly_pair:shared_scenarios,567.7664179737496,115,643.3646233823168,,,shared_all_anomaly_strengths,diffusion_coeff,1500.0
TR,0,360,6499704723849040690,gateway_calibration,sweep:anomaly_pair:shared_scenarios,584.8485823246617,124,643.3646233823168,,,shared_all_anomaly_strengths,diffusion_coeff,1500.0
TR,0,361,3392988020843846596,gateway_calibration,sweep:anomaly_pair:shared_scenarios,512.2856282776074,109,643.3646233823168,,,shared_all_anomaly_strengths,diffusion_coeff,1500.0
TR,0,362,6082838417800885541,gateway_calibration,sweep:anomaly_pair:shared_scenarios,504.21568666308104,113,643.3646233823168,,,shared_all_anomaly_strengths,diffusion_coeff,1500.0
TR,0,363,9161439992453118853,gateway_calibration,sweep:anomaly_pair:shared_scenarios,503.3826046224708,122,643.3646233823168,,,shared_all_anomaly_strengths,diffusion_coeff,1500.0
TR,0,364,1104199357173535709,gateway_calibration,sweep:anomaly_pair:shared_scenarios,478.06516791752864,111,643.3646233823168,,,shared_all_anomaly_strengths,diffusion_coeff,1500.0
TR,0,365,3968092569436272899,gateway_calibration,sweep:anomaly_pair:shared_scenarios,616.4057219287134,130,643.3646233823168,,,shared_all_anomaly_strengths,diffusion_coeff,1500.0
TR,0,366,88510700048790040,gateway_calibration,sweep:anomaly_pair:shared_scenarios,503.4183950663952,119,643.3646233823168,,,shared_all_anomaly_strengths,diffusion_coeff,1500.0
TR,0,367,3708546901166186520,gateway_calibration,sweep:anomaly_pair:shared_scenarios,670.0108499482408,130,643.3646233823168,,,shared_all_anomaly_strengths,diffusion_coeff,1500.0
TR,0,368,6013111248236961738,gateway_calibration,sweep:anomaly_pair:shared_scenarios,397.63294948833476,118,643.3646233823168,,,shared_all_anomaly_strengths,diffusion_coeff,1500.0
TR,0,369,2114847280044500927,gateway_calibration,sweep:anomaly_pair:shared_scenarios,519.3661702031133,116,643.3646233823168,,,shared_all_anomaly_strengths,diffusion_coeff,1500.0
TR,0,370,7087323381771673869,gateway_calibration,sweep:anomaly_pair:shared_scenarios,468.79216094479995,101,643.3646233823168,,,shared_all_anomaly_strengths,diffusion_coeff,1500.0
TR,0,371,5657654365128844730,gateway_calibration,sweep:anomaly_pair:shared_scenarios,438.2053388347404,115,643.3646233823168,,,shared_all_anomaly_strengths,diffusion_coeff,1500.0
TR,0,372,2027870051160191704,gateway_calibration,sweep:anomaly_pair:shared_scenarios,518.6241152469744,96,643.3646233823168,,,shared_all_anomaly_strengths,diffusion_coeff,1500.0
TR,0,373,7848999889242844692,gateway_calibration,sweep:anomaly_pair:shared_scenarios,438.90790517980236,127,643.3646233823168,,,shared_all_anomaly_strengths,diffusion_coeff,1500.0
TR,0,374,333687295804109698,gateway_calibration,sweep:anomaly_pair:shared_scenarios,457.25461016190155,106,643.3646233823168,,,shared_all_anomaly_strengths,diffusion_coeff,1500.0
TR,0,375,3858544135291456003,gateway_calibration,sweep:anomaly_pair:shared_scenarios,559.7209583597086,102,643.3646233823168,,,shared_all_anomaly_strengths,diffusion_coeff,1500.0
TR,0,376,5954054979897712788,gateway_calibration,sweep:anomaly_pair:shared_scenarios,515.6169953919488,125,643.3646233823168,,,shared_all_anomaly_strengths,diffusion_coeff,1500.0
TR,0,377,1335844326469534536,gateway_calibration,sweep:anomaly_pair:shared_scenarios,581.2949745024902,113,643.3646233823168,,,shared_all_anomaly_strengths,diffusion_coeff,1500.0
TR,0,378,7763485567302934545,gateway_calibration,sweep:anomaly_pair:shared_scenarios,525.3456603056687,104,643.3646233823168,,,shared_all_anomaly_strengths,diffusion_coeff,1500.0
TR,0,379,2085077819561017134,gateway_calibration,sweep:anomaly_pair:shared_scenarios,742.8582904585622,111,643.3646233823168,,,shared_all_anomaly_strengths,diffusion_coeff,1500.0
TR,0,380,2522980069351540246,gateway_calibration,sweep:anomaly_pair:shared_scenarios,536.870726149501,113,643.3646233823168,,,shared_all_anomaly_strengths,diffusion_coeff,1500.0
TR,0,381,4975283561804637613,gateway_calibration,sweep:anomaly_pair:shared_scenarios,593.9689165149778,120,643.3646233823168,,,shared_all_anomaly_strengths,diffusion_coeff,1500.0
TR,0,382,1302504027955615947,gateway_calibration,sweep:anomaly_pair:shared_scenarios,483.3639687355224,127,643.3646233823168,,,shared_all_anomaly_strengths,diffusion_coeff,1500.0
TR,0,383,8927732358631061418,gateway_calibration,sweep:anomaly_pair:shared_scenarios,730.5075492998186,147,643.3646233823168,,,shared_all_anomaly_strengths,diffusion_coeff,1500.0
TR,0,384,7102871842583592410,gateway_calibration,sweep:anomaly_pair:shared_scenarios,503.0983816049322,128,643.3646233823168,,,shared_all_anomaly_strengths,diffusion_coeff,1500.0
TR,0,385,8751812685682384577,gateway_calibration,sweep:anomaly_pair:shared_scenarios,568.023344672634,114,643.3646233823168,,,shared_all_anomaly_strengths,diffusion_coeff,1500.0
TR,0,386,2867292286665412959,gateway_calibration,sweep:anomaly_pair:shared_scenarios,541.6145712951017,113,643.3646233823168,,,shared_all_anomaly_strengths,diffusion_coeff,1500.0
TR,0,387,2624927968075345649,gateway_calibration,sweep:anomaly_pair:shared_scenarios,626.4538692309022,130,643.3646233823168,,,shared_all_anomaly_strengths,diffusion_coeff,1500.0
TR,0,388,2537836582560678006,gateway_calibration,sweep:anomaly_pair:shared_scenarios,513.9345185721303,93,643.3646233823168,,,shared_all_anomaly_strengths,diffusion_coeff,1500.0
TR,0,389,2800143550304458978,gateway_calibration,sweep:anomaly_pair:shared_scenarios,493.33333880190145,123,643.3646233823168,,,shared_all_anomaly_strengths,diffusion_coeff,1500.0
TR,0,390,5542491175477138315,gateway_calibration,sweep:anomaly_pair:shared_scenarios,560.7972507272045,123,643.3646233823168,,,shared_all_anomaly_strengths,diffusion_coeff,1500.0
TR,0,391,920575682054079790,gateway_calibration,sweep:anomaly_pair:shared_scenarios,475.3450089331845,116,643.3646233823168,,,shared_all_anomaly_strengths,diffusion_coeff,1500.0
TR,0,392,7832892230890482956,gateway_calibration,sweep:anomaly_pair:shared_scenarios,433.30500147888546,116,643.3646233823168,,,shared_all_anomaly_strengths,diffusion_coeff,1500.0
TR,0,393,757741762273162161,gateway_calibration,sweep:anomaly_pair:shared_scenarios,463.54403921873933,109,643.3646233823168,,,shared_all_anomaly_strengths,diffusion_coeff,1500.0
TR,0,394,2545938917521492744,gateway_calibration,sweep:anomaly_pair:shared_scenarios,394.79204011097244,108,643.3646233823168,,,shared_all_anomaly_strengths,diffusion_coeff,1500.0
TR,0,395,8023561360387127259,gateway_calibration,sweep:anomaly_pair:shared_scenarios,482.30511749885727,115,643.3646233823168,,,shared_all_anomaly_strengths,diffusion_coeff,1500.0
TR,0,396,7027188297947467006,gateway_calibration,sweep:anomaly_pair:shared_scenarios,554.038837433303,116,643.3646233823168,,,shared_all_anomaly_strengths,diffusion_coeff,1500.0
TR,0,397,7878834433110996755,gateway_calibration,sweep:anomaly_pair:shared_scenarios,617.6744136883797,99,643.3646233823168,,,shared_all_anomaly_strengths,diffusion_coeff,1500.0
TR,0,398,4744550561105664732,gateway_calibration,sweep:anomaly_pair:shared_scenarios,493.72774208969065,126,643.3646233823168,,,shared_all_anomaly_strengths,diffusion_coeff,1500.0
TR,0,399,5344886015201979308,gateway_calibration,sweep:anomaly_pair:shared_scenarios,506.19159848448095,119,643.3646233823168,,,shared_all_anomaly_strengths,diffusion_coeff,1500.0
TR,0,400,5149434508763057584,gateway_calibration,sweep:anomaly_pair:shared_scenarios,413.87550750917796,110,643.3646233823168,,,shared_all_anomaly_strengths,diffusion_coeff,1500.0
TR,0,401,5599666805503637415,gateway_calibration,sweep:anomaly_pair:shared_scenarios,690.0471876939573,124,643.3646233823168,,,shared_all_anomaly_strengths,diffusion_coeff,1500.0
TR,0,402,2625638571049592825,gateway_calibration,sweep:anomaly_pair:shared_scenarios,495.3434894044485,120,643.3646233823168,,,shared_all_anomaly_strengths,diffusion_coeff,1500.0
TR,0,403,6629408355495065749,gateway_calibration,sweep:anomaly_pair:shared_scenarios,490.50863407424254,108,643.3646233823168,,,shared_all_anomaly_strengths,diffusion_coeff,1500.0
TR,0,404,3150249386986199613,gateway_calibration,sweep:anomaly_pair:shared_scenarios,389.837888319614,88,643.3646233823168,,,shared_all_anomaly_strengths,diffusion_coeff,1500.0
TR,0,405,4117381947987728137,gateway_calibration,sweep:anomaly_pair:shared_scenarios,533.4366236861692,126,643.3646233823168,,,shared_all_anomaly_strengths,diffusion_coeff,1500.0
TR,0,406,7366258876741991286,gateway_calibration,sweep:anomaly_pair:shared_scenarios,519.5936603183353,119,643.3646233823168,,,shared_all_anomaly_strengths,diffusion_coeff,1500.0
TR,0,407,3058169725806449045,gateway_calibration,sweep:anomaly_pair:shared_scenarios,490.14936464151845,125,643.3646233823168,,,shared_all_anomaly_strengths,diffusion_coeff,1500.0
TR,0,408,2978841122516248054,gateway_calibration,sweep:anomaly_pair:shared_scenarios,606.7728170473696,124,643.3646233823168,,,shared_all_anomaly_strengths,diffusion_coeff,1500.0
TR,0,409,2599485624261039583,gateway_calibration,sweep:anomaly_pair:shared_scenarios,715.4231656752793,126,643.3646233823168,,,shared_all_anomaly_strengths,diffusion_coeff,1500.0
TR,0,410,458882496312945663,gateway_calibration,sweep:anomaly_pair:shared_scenarios,587.9787651430711,119,643.3646233823168,,,shared_all_anomaly_strengths,diffusion_coeff,1500.0
TR,0,411,4000618753593853165,gateway_calibration,sweep:anomaly_pair:shared_scenarios,350.81446311051764,94,643.3646233823168,,,shared_all_anomaly_strengths,diffusion_coeff,1500.0
TR,0,412,8339539677611557861,gateway_calibration,sweep:anomaly_pair:shared_scenarios,576.1546301619276,118,643.3646233823168,,,shared_all_anomaly_strengths,diffusion_coeff,1500.0
TR,0,413,2580185991513178045,gateway_calibration,sweep:anomaly_pair:shared_scenarios,537.2192249696708,120,643.3646233823168,,,shared_all_anomaly_strengths,diffusion_coeff,1500.0
TR,0,414,3076826962419443480,gateway_calibration,sweep:anomaly_pair:shared_scenarios,468.7474119722751,99,643.3646233823168,,,shared_all_anomaly_strengths,diffusion_coeff,1500.0
TR,0,415,6827605468891931010,gateway_calibration,sweep:anomaly_pair:shared_scenarios,478.4968449780099,119,643.3646233823168,,,shared_all_anomaly_strengths,diffusion_coeff,1500.0
TR,0,416,3218560465134718098,gateway_calibration,sweep:anomaly_pair:shared_scenarios,485.5668608239747,113,643.3646233823168,,,shared_all_anomaly_strengths,diffusion_coeff,1500.0
TR,0,417,3922954233183090676,gateway_calibration,sweep:anomaly_pair:shared_scenarios,633.427984144061,123,643.3646233823168,,,shared_all_anomaly_strengths,diffusion_coeff,1500.0
TR,0,418,1460299898534465968,gateway_calibration,sweep:anomaly_pair:shared_scenarios,480.827569305456,124,643.3646233823168,,,shared_all_anomaly_strengths,diffusion_coeff,1500.0
TR,0,419,8305113000185527425,gateway_calibration,sweep:anomaly_pair:shared_scenarios,423.8333321773083,106,643.3646233823168,,,shared_all_anomaly_strengths,diffusion_coeff,1500.0
TR,0,420,666906365206469240,gateway_calibration,sweep:anomaly_pair:shared_scenarios,571.7747579507484,122,643.3646233823168,,,shared_all_anomaly_strengths,diffusion_coeff,1500.0
TR,0,421,4902312007981976155,gateway_calibration,sweep:anomaly_pair:shared_scenarios,353.65388223498684,98,643.3646233823168,,,shared_all_anomaly_strengths,diffusion_coeff,1500.0
TR,0,422,213388171490915124,gateway_calibration,sweep:anomaly_pair:shared_scenarios,400.74569797118187,105,643.3646233823168,,,shared_all_anomaly_strengths,diffusion_coeff,1500.0
TR,0,423,3426814509533468634,gateway_calibration,sweep:anomaly_pair:shared_scenarios,448.16536312780966,110,643.3646233823168,,,shared_all_anomaly_strengths,diffusion_coeff,1500.0
TR,0,424,3022645040617138448,gateway_calibration,sweep:anomaly_pair:shared_scenarios,592.5957714396707,120,643.3646233823168,,,shared_all_anomaly_strengths,diffusion_coeff,1500.0
TR,0,425,5527100482172181234,gateway_calibration,sweep:anomaly_pair:shared_scenarios,412.81766160607964,100,643.3646233823168,,,shared_all_anomaly_strengths,diffusion_coeff,1500.0
TR,0,426,1012614697466316415,gateway_calibration,sweep:anomaly_pair:shared_scenarios,660.8216396697562,113,643.3646233823168,,,shared_all_anomaly_strengths,diffusion_coeff,1500.0
TR,0,427,6258153257279431865,gateway_calibration,sweep:anomaly_pair:shared_scenarios,589.1531219904051,105,643.3646233823168,,,shared_all_anomaly_strengths,diffusion_coeff,1500.0
TR,0,428,3494724231981409682,gateway_calibration,sweep:anomaly_pair:shared_scenarios,506.12089115113747,107,643.3646233823168,,,shared_all_anomaly_strengths,diffusion_coeff,1500.0
TR,0,429,9138299470163467240,gateway_calibration,sweep:anomaly_pair:shared_scenarios,590.8118829617257,113,643.3646233823168,,,shared_all_anomaly_strengths,diffusion_coeff,1500.0
TR,0,430,6891783168053645325,gateway_calibration,sweep:anomaly_pair:shared_scenarios,578.267890649447,125,643.3646233823168,,,shared_all_anomaly_strengths,diffusion_coeff,1500.0
TR,0,431,6869361412516472794,gateway_calibration,sweep:anomaly_pair:shared_scenarios,460.6183008725926,117,643.3646233823168,,,shared_all_anomaly_strengths,diffusion_coeff,1500.0
TR,0,432,2541163241042689952,gateway_calibration,sweep:anomaly_pair:shared_scenarios,472.6044023458349,112,643.3646233823168,,,shared_all_anomaly_strengths,diffusion_coeff,1500.0
TR,0,433,8254769182462207207,gateway_calibration,sweep:anomaly_pair:shared_scenarios,430.1798557018923,101,643.3646233823168,,,shared_all_anomaly_strengths,diffusion_coeff,1500.0
TR,0,434,4013505716720903184,gateway_calibration,sweep:anomaly_pair:shared_scenarios,529.4932319141175,108,643.3646233823168,,,shared_all_anomaly_strengths,diffusion_coeff,1500.0
TR,0,435,5806127130564233059,gateway_calibration,sweep:anomaly_pair:shared_scenarios,537.1330306621611,121,643.3646233823168,,,shared_all_anomaly_strengths,diffusion_coeff,1500.0
TR,0,436,8292276808083054766,gateway_calibration,sweep:anomaly_pair:shared_scenarios,523.7473496931118,95,643.3646233823168,,,shared_all_anomaly_strengths,diffusion_coeff,1500.0
TR,0,437,411766100713001608,gateway_calibration,sweep:anomaly_pair:shared_scenarios,465.5244773664742,107,643.3646233823168,,,shared_all_anomaly_strengths,diffusion_coeff,1500.0
TR,0,438,3930968551179869439,gateway_calibration,sweep:anomaly_pair:shared_scenarios,494.6169735014052,109,643.3646233823168,,,shared_all_anomaly_strengths,diffusion_coeff,1500.0
TR,0,439,3763632109674308185,gateway_calibration,sweep:anomaly_pair:shared_scenarios,533.290243646108,121,643.3646233823168,,,shared_all_anomaly_strengths,diffusion_coeff,1500.0
TR,0,440,5278015637357484618,gateway_calibration,sweep:anomaly_pair:shared_scenarios,515.7235874485178,95,643.3646233823168,,,shared_all_anomaly_strengths,diffusion_coeff,1500.0
TR,0,441,5470421236833479721,gateway_calibration,sweep:anomaly_pair:shared_scenarios,544.9153555688354,119,643.3646233823168,,,shared_all_anomaly_strengths,diffusion_coeff,1500.0
TR,0,442,4152824066035952546,gateway_calibration,sweep:anomaly_pair:shared_scenarios,549.4270816176131,108,643.3646233823168,,,shared_all_anomaly_strengths,diffusion_coeff,1500.0
TR,0,443,8782078971988136695,gateway_calibration,sweep:anomaly_pair:shared_scenarios,449.3180563508952,105,643.3646233823168,,,shared_all_anomaly_strengths,diffusion_coeff,1500.0
TR,0,444,8949691134399507769,gateway_calibration,sweep:anomaly_pair:shared_scenarios,447.17583453240553,104,643.3646233823168,,,shared_all_anomaly_strengths,diffusion_coeff,1500.0
TR,0,445,1243237072583537200,gateway_calibration,sweep:anomaly_pair:shared_scenarios,463.1342637212297,108,643.3646233823168,,,shared_all_anomaly_strengths,diffusion_coeff,1500.0
TR,0,446,6083371766119392307,gateway_calibration,sweep:anomaly_pair:shared_scenarios,579.0219814697524,111,643.3646233823168,,,shared_all_anomaly_strengths,diffusion_coeff,1500.0
TR,0,447,7648441755753076920,gateway_calibration,sweep:anomaly_pair:shared_scenarios,535.8815605418338,117,643.3646233823168,,,shared_all_anomaly_strengths,diffusion_coeff,1500.0
TR,0,448,955005731795147001,gateway_calibration,sweep:anomaly_pair:shared_scenarios,592.167512756602,121,643.3646233823168,,,shared_all_anomaly_strengths,diffusion_coeff,1500.0
TR,0,449,45305231348623693,gateway_calibration,sweep:anomaly_pair:shared_scenarios,626.826909866111,127,643.3646233823168,,,shared_all_anomaly_strengths,diffusion_coeff,1500.0
TR,0,450,2115602869220638789,gateway_calibration,sweep:anomaly_pair:shared_scenarios,485.16178907215846,118,643.3646233823168,,,shared_all_anomaly_strengths,diffusion_coeff,1500.0
TR,0,451,5676793455979563788,gateway_calibration,sweep:anomaly_pair:shared_scenarios,728.2358433226202,131,643.3646233823168,,,shared_all_anomaly_strengths,diffusion_coeff,1500.0
TR,0,452,6366447883379022413,gateway_calibration,sweep:anomaly_pair:shared_scenarios,622.6403806920141,128,643.3646233823168,,,shared_all_anomaly_strengths,diffusion_coeff,1500.0
TR,0,453,4225207655377417674,gateway_calibration,sweep:anomaly_pair:shared_scenarios,567.5475698201237,122,643.3646233823168,,,shared_all_anomaly_strengths,diffusion_coeff,1500.0
TR,0,454,7327466488411297350,gateway_calibration,sweep:anomaly_pair:shared_scenarios,664.9281728764719,115,643.3646233823168,,,shared_all_anomaly_strengths,diffusion_coeff,1500.0
TR,0,455,5345767761096099882,gateway_calibration,sweep:anomaly_pair:shared_scenarios,420.3677713900908,96,643.3646233823168,,,shared_all_anomaly_strengths,diffusion_coeff,1500.0
TR,0,456,2133102790808814152,gateway_calibration,sweep:anomaly_pair:shared_scenarios,438.2375163615286,119,643.3646233823168,,,shared_all_anomaly_strengths,diffusion_coeff,1500.0
TR,0,457,6037868011932965840,gateway_calibration,sweep:anomaly_pair:shared_scenarios,513.7792029707821,118,643.3646233823168,,,shared_all_anomaly_strengths,diffusion_coeff,1500.0
TR,0,458,4340644108282100646,gateway_calibration,sweep:anomaly_pair:shared_scenarios,695.3582692206859,133,643.3646233823168,,,shared_all_anomaly_strengths,diffusion_coeff,1500.0
TR,0,459,949751417938216244,gateway_calibration,sweep:anomaly_pair:shared_scenarios,555.6407525353161,124,643.3646233823168,,,shared_all_anomaly_strengths,diffusion_coeff,1500.0
TR,0,460,7054426845112713226,gateway_calibration,sweep:anomaly_pair:shared_scenarios,598.844277628896,125,643.3646233823168,,,shared_all_anomaly_strengths,diffusion_coeff,1500.0
TR,0,461,2331330513053472942,gateway_calibration,sweep:anomaly_pair:shared_scenarios,567.1245535985095,107,643.3646233823168,,,shared_all_anomaly_strengths,diffusion_coeff,1500.0
TR,0,462,2243847955329417019,gateway_calibration,sweep:anomaly_pair:shared_scenarios,472.63812812522383,111,643.3646233823168,,,shared_all_anomaly_strengths,diffusion_coeff,1500.0
TR,0,463,1493485923527818258,gateway_calibration,sweep:anomaly_pair:shared_scenarios,460.73531555384875,101,643.3646233823168,,,shared_all_anomaly_strengths,diffusion_coeff,1500.0
TR,0,464,2216699455221061669,gateway_calibration,sweep:anomaly_pair:shared_scenarios,632.317424436508,127,643.3646233823168,,,shared_all_anomaly_strengths,diffusion_coeff,1500.0
TR,0,465,6883161541620008480,gateway_calibration,sweep:anomaly_pair:shared_scenarios,436.18529209907706,108,643.3646233823168,,,shared_all_anomaly_strengths,diffusion_coeff,1500.0
TR,0,466,1985404953787314291,gateway_calibration,sweep:anomaly_pair:shared_scenarios,600.9241889223131,129,643.3646233823168,,,shared_all_anomaly_strengths,diffusion_coeff,1500.0
TR,0,467,1384036578423497838,gateway_calibration,sweep:anomaly_pair:shared_scenarios,532.7493944944807,97,643.3646233823168,,,shared_all_anomaly_strengths,diffusion_coeff,1500.0
TR,0,468,4722935997294481070,gateway_calibration,sweep:anomaly_pair:shared_scenarios,488.991615475589,116,643.3646233823168,,,shared_all_anomaly_strengths,diffusion_coeff,1500.0
TR,0,469,528191954664659622,gateway_calibration,sweep:anomaly_pair:shared_scenarios,435.807871586113,122,643.3646233823168,,,shared_all_anomaly_strengths,diffusion_coeff,1500.0
TR,0,470,1633712328529169800,gateway_calibration,sweep:anomaly_pair:shared_scenarios,482.85466725738917,127,643.3646233823168,,,shared_all_anomaly_strengths,diffusion_coeff,1500.0
TR,0,471,6633907339390607815,gateway_calibration,sweep:anomaly_pair:shared_scenarios,557.2760209586969,106,643.3646233823168,,,shared_all_anomaly_strengths,diffusion_coeff,1500.0
TR,0,472,7110316941102820115,gateway_calibration,sweep:anomaly_pair:shared_scenarios,587.6288549382937,116,643.3646233823168,,,shared_all_anomaly_strengths,diffusion_coeff,1500.0
TR,0,473,648151194668048025,gateway_calibration,sweep:anomaly_pair:shared_scenarios,536.1832232420661,109,643.3646233823168,,,shared_all_anomaly_strengths,diffusion_coeff,1500.0
TR,0,474,2324647907345855690,gateway_calibration,sweep:anomaly_pair:shared_scenarios,599.8891215541639,121,643.3646233823168,,,shared_all_anomaly_strengths,diffusion_coeff,1500.0
TR,0,475,944763265997848402,gateway_calibration,sweep:anomaly_pair:shared_scenarios,407.1049085348053,104,643.3646233823168,,,shared_all_anomaly_strengths,diffusion_coeff,1500.0
TR,0,476,7563131271191532633,gateway_calibration,sweep:anomaly_pair:shared_scenarios,514.7419288448028,126,643.3646233823168,,,shared_all_anomaly_strengths,diffusion_coeff,1500.0
TR,0,477,2509031892675661094,gateway_calibration,sweep:anomaly_pair:shared_scenarios,452.8826498392858,118,643.3646233823168,,,shared_all_anomaly_strengths,diffusion_coeff,1500.0
TR,0,478,6203947427023563777,gateway_calibration,sweep:anomaly_pair:shared_scenarios,628.7259950536665,117,643.3646233823168,,,shared_all_anomaly_strengths,diffusion_coeff,1500.0
TR,0,479,6280194980310007953,gateway_calibration,sweep:anomaly_pair:shared_scenarios,499.9525090544022,112,643.3646233823168,,,shared_all_anomaly_strengths,diffusion_coeff,1500.0
TR,0,480,6714940429764513866,gateway_calibration,sweep:anomaly_pair:shared_scenarios,532.4184842522909,117,643.3646233823168,,,shared_all_anomaly_strengths,diffusion_coeff,1500.0
TR,0,481,1585407397185217282,gateway_calibration,sweep:anomaly_pair:shared_scenarios,585.3378828533296,114,643.3646233823168,,,shared_all_anomaly_strengths,diffusion_coeff,1500.0
TR,0,482,6706063428171325988,gateway_calibration,sweep:anomaly_pair:shared_scenarios,438.26740077053296,109,643.3646233823168,,,shared_all_anomaly_strengths,diffusion_coeff,1500.0
TR,0,483,2723086856808871853,gateway_calibration,sweep:anomaly_pair:shared_scenarios,564.2856742299105,119,643.3646233823168,,,shared_all_anomaly_strengths,diffusion_coeff,1500.0
TR,0,484,4346870091848339416,gateway_calibration,sweep:anomaly_pair:shared_scenarios,600.1349526945588,122,643.3646233823168,,,shared_all_anomaly_strengths,diffusion_coeff,1500.0
TR,0,485,7287133659789628915,gateway_calibration,sweep:anomaly_pair:shared_scenarios,534.1891207923375,115,643.3646233823168,,,shared_all_anomaly_strengths,diffusion_coeff,1500.0
TR,0,486,2494165871751805290,gateway_calibration,sweep:anomaly_pair:shared_scenarios,513.5824647920091,115,643.3646233823168,,,shared_all_anomaly_strengths,diffusion_coeff,1500.0
TR,0,487,3661305971430326717,gateway_calibration,sweep:anomaly_pair:shared_scenarios,521.6508328384391,119,643.3646233823168,,,shared_all_anomaly_strengths,diffusion_coeff,1500.0
TR,0,488,4108916358889597565,gateway_calibration,sweep:anomaly_pair:shared_scenarios,374.1427067774523,91,643.3646233823168,,,shared_all_anomaly_strengths,diffusion_coeff,1500.0
TR,0,489,1534234753197727125,gateway_calibration,sweep:anomaly_pair:shared_scenarios,567.4425668165966,114,643.3646233823168,,,shared_all_anomaly_strengths,diffusion_coeff,1500.0
TR,0,490,7992839432723694714,gateway_calibration,sweep:anomaly_pair:shared_scenarios,537.5375549135263,129,643.3646233823168,,,shared_all_anomaly_strengths,diffusion_coeff,1500.0
TR,0,491,267602845997369720,gateway_calibration,sweep:anomaly_pair:shared_scenarios,424.60113154542796,102,643.3646233823168,,,shared_all_anomaly_strengths,diffusion_coeff,1500.0
TR,0,492,8956605696040384406,gateway_calibration,sweep:anomaly_pair:shared_scenarios,470.80693228683344,101,643.3646233823168,,,shared_all_anomaly_strengths,diffusion_coeff,1500.0
TR,0,493,5206171671982199970,gateway_calibration,sweep:anomaly_pair:shared_scenarios,528.6753869333238,109,643.3646233823168,,,shared_all_anomaly_strengths,diffusion_coeff,1500.0
TR,0,494,3552257924642337236,gateway_calibration,sweep:anomaly_pair:shared_scenarios,553.771339478015,131,643.3646233823168,,,shared_all_anomaly_strengths,diffusion_coeff,1500.0
TR,0,495,4539722117532196426,gateway_calibration,sweep:anomaly_pair:shared_scenarios,545.0465134734184,126,643.3646233823168,,,shared_all_anomaly_strengths,diffusion_coeff,1500.0
TR,0,496,4932179539160465299,gateway_calibration,sweep:anomaly_pair:shared_scenarios,545.0749422323813,131,643.3646233823168,,,shared_all_anomaly_strengths,diffusion_coeff,1500.0
TR,0,497,6745222888165061244,gateway_calibration,sweep:anomaly_pair:shared_scenarios,329.3785387074318,95,643.3646233823168,,,shared_all_anomaly_strengths,diffusion_coeff,1500.0
TR,0,498,8037702420921553958,gateway_calibration,sweep:anomaly_pair:shared_scenarios,578.5635942932452,122,643.3646233823168,,,shared_all_anomaly_strengths,diffusion_coeff,1500.0
TR,0,499,3026982929224465183,gateway_calibration,sweep:anomaly_pair:shared_scenarios,498.8369527513869,115,643.3646233823168,,,shared_all_anomaly_strengths,diffusion_coeff,1500.0
EIR,0,0,6942901201456939297,gateway_calibration,sweep:anomaly_pair:shared_scenarios,429.3244992862964,117,666.9667046642434,,,shared_all_anomaly_strengths,diffusion_coeff,1500.0
EIR,0,1,3707311459125033713,gateway_calibration,sweep:anomaly_pair:shared_scenarios,453.6743722739356,121,666.9667046642434,,,shared_all_anomaly_strengths,diffusion_coeff,1500.0
EIR,0,2,6525899029649517457,gateway_calibration,sweep:anomaly_pair:shared_scenarios,523.7785000752949,137,666.9667046642434,,,shared_all_anomaly_strengths,diffusion_coeff,1500.0
EIR,0,3,7579878600958796329,gateway_calibration,sweep:anomaly_pair:shared_scenarios,549.3903901903872,127,666.9667046642434,,,shared_all_anomaly_strengths,diffusion_coeff,1500.0
EIR,0,4,1995048182365014103,gateway_calibration,sweep:anomaly_pair:shared_scenarios,558.8965282573904,133,666.9667046642434,,,shared_all_anomaly_strengths,diffusion_coeff,1500.0
EIR,0,5,3295882431625053650,gateway_calibration,sweep:anomaly_pair:shared_scenarios,518.7598855591606,145,666.9667046642434,,,shared_all_anomaly_strengths,diffusion_coeff,1500.0
EIR,0,6,5854776044075552459,gateway_calibration,sweep:anomaly_pair:shared_scenarios,529.6213575214198,125,666.9667046642434,,,shared_all_anomaly_strengths,diffusion_coeff,1500.0
EIR,0,7,7709607086058877159,gateway_calibration,sweep:anomaly_pair:shared_scenarios,554.2374780142623,127,666.9667046642434,,,shared_all_anomaly_strengths,diffusion_coeff,1500.0
EIR,0,8,1741592563361101750,gateway_calibration,sweep:anomaly_pair:shared_scenarios,368.55013008406604,107,666.9667046642434,,,shared_all_anomaly_strengths,diffusion_coeff,1500.0
EIR,0,9,3282932482964655802,gateway_calibration,sweep:anomaly_pair:shared_scenarios,459.85612585355506,114,666.9667046642434,,,shared_all_anomaly_strengths,diffusion_coeff,1500.0
EIR,0,10,1774785994864530756,gateway_calibration,sweep:anomaly_pair:shared_scenarios,538.1155653235137,126,666.9667046642434,,,shared_all_anomaly_strengths,diffusion_coeff,1500.0
EIR,0,11,8140464769652066346,gateway_calibration,sweep:anomaly_pair:shared_scenarios,499.7988863709022,131,666.9667046642434,,,shared_all_anomaly_strengths,diffusion_coeff,1500.0
EIR,0,12,1253555579543505935,gateway_calibration,sweep:anomaly_pair:shared_scenarios,527.2030325694501,127,666.9667046642434,,,shared_all_anomaly_strengths,diffusion_coeff,1500.0
EIR,0,13,7889622116667546826,gateway_calibration,sweep:anomaly_pair:shared_scenarios,531.344973137986,130,666.9667046642434,,,shared_all_anomaly_strengths,diffusion_coeff,1500.0
EIR,0,14,2999731371178102042,gateway_calibration,sweep:anomaly_pair:shared_scenarios,674.1301920960465,138,666.9667046642434,,,shared_all_anomaly_strengths,diffusion_coeff,1500.0
EIR,0,15,3149132606532110017,gateway_calibration,sweep:anomaly_pair:shared_scenarios,545.1662204013576,128,666.9667046642434,,,shared_all_anomaly_strengths,diffusion_coeff,1500.0
EIR,0,16,5945166213153900620,gateway_calibration,sweep:anomaly_pair:shared_scenarios,404.12796217248274,101,666.9667046642434,,,shared_all_anomaly_strengths,diffusion_coeff,1500.0
EIR,0,17,8780635847486979818,gateway_calibration,sweep:anomaly_pair:shared_scenarios,477.5016645826287,110,666.9667046642434,,,shared_all_anomaly_strengths,diffusion_coeff,1500.0
EIR,0,18,977807179708126678,gateway_calibration,sweep:anomaly_pair:shared_scenarios,555.4371023220676,123,666.9667046642434,,,shared_all_anomaly_strengths,diffusion_coeff,1500.0
EIR,0,19,4758583958882270302,gateway_calibration,sweep:anomaly_pair:shared_scenarios,559.1845471106772,124,666.9667046642434,,,shared_all_anomaly_strengths,diffusion_coeff,1500.0
EIR,0,20,624488504525834361,gateway_calibration,sweep:anomaly_pair:shared_scenarios,425.653999245359,109,666.9667046642434,,,shared_all_anomaly_strengths,diffusion_coeff,1500.0
EIR,0,21,9127488914970490212,gateway_calibration,sweep:anomaly_pair:shared_scenarios,393.6981931865513,108,666.9667046642434,,,shared_all_anomaly_strengths,diffusion_coeff,1500.0
EIR,0,22,3878214634024289995,gateway_calibration,sweep:anomaly_pair:shared_scenarios,653.2734030355093,128,666.9667046642434,,,shared_all_anomaly_strengths,diffusion_coeff,1500.0
EIR,0,23,3074434249601971096,gateway_calibration,sweep:anomaly_pair:shared_scenarios,395.3344396653015,111,666.9667046642434,,,shared_all_anomaly_strengths,diffusion_coeff,1500.0
EIR,0,24,3240386866293341253,gateway_calibration,sweep:anomaly_pair:shared_scenarios,496.62099093962456,116,666.9667046642434,,,shared_all_anomaly_strengths,diffusion_coeff,1500.0
EIR,0,25,6243332140314349343,gateway_calibration,sweep:anomaly_pair:shared_scenarios,619.7704180336239,120,666.9667046642434,,,shared_all_anomaly_strengths,diffusion_coeff,1500.0
EIR,0,26,3868622807354924164,gateway_calibration,sweep:anomaly_pair:shared_scenarios,427.2529846506961,120,666.9667046642434,,,shared_all_anomaly_strengths,diffusion_coeff,1500.0
EIR,0,27,1718082128973198771,gateway_calibration,sweep:anomaly_pair:shared_scenarios,520.3384771579393,114,666.9667046642434,,,shared_all_anomaly_strengths,diffusion_coeff,1500.0
EIR,0,28,2704479796120479431,gateway_calibration,sweep:anomaly_pair:shared_scenarios,510.12346206042264,119,666.9667046642434,,,shared_all_anomaly_strengths,diffusion_coeff,1500.0
EIR,0,29,3697228631517816840,gateway_calibration,sweep:anomaly_pair:shared_scenarios,573.3230104305244,116,666.9667046642434,,,shared_all_anomaly_strengths,diffusion_coeff,1500.0
EIR,0,30,8820983848116756903,gateway_calibration,sweep:anomaly_pair:shared_scenarios,658.6810274641447,126,666.9667046642434,,,shared_all_anomaly_strengths,diffusion_coeff,1500.0
EIR,0,31,7643153808516479349,gateway_calibration,sweep:anomaly_pair:shared_scenarios,484.8771695565164,105,666.9667046642434,,,shared_all_anomaly_strengths,diffusion_coeff,1500.0
EIR,0,32,3795846149567597038,gateway_calibration,sweep:anomaly_pair:shared_scenarios,546.7535749245953,115,666.9667046642434,,,shared_all_anomaly_strengths,diffusion_coeff,1500.0
EIR,0,33,8760001566670653492,gateway_calibration,sweep:anomaly_pair:shared_scenarios,565.9340082418892,110,666.9667046642434,,,shared_all_anomaly_strengths,diffusion_coeff,1500.0
EIR,0,34,2744726624485914817,gateway_calibration,sweep:anomaly_pair:shared_scenarios,535.0526235799408,117,666.9667046642434,,,shared_all_anomaly_strengths,diffusion_coeff,1500.0
EIR,0,35,7310029771266914304,gateway_calibration,sweep:anomaly_pair:shared_scenarios,468.1792119510099,118,666.9667046642434,,,shared_all_anomaly_strengths,diffusion_coeff,1500.0
EIR,0,36,8860427485777938866,gateway_calibration,sweep:anomaly_pair:shared_scenarios,621.1763260938305,135,666.9667046642434,,,shared_all_anomaly_strengths,diffusion_coeff,1500.0
EIR,0,37,8598656038562839224,gateway_calibration,sweep:anomaly_pair:shared_scenarios,495.42518410779223,122,666.9667046642434,,,shared_all_anomaly_strengths,diffusion_coeff,1500.0
EIR,0,38,8997019032754762713,gateway_calibration,sweep:anomaly_pair:shared_scenarios,514.549842896549,109,666.9667046642434,,,shared_all_anomaly_strengths,diffusion_coeff,1500.0
EIR,0,39,4208817818748932462,gateway_calibration,sweep:anomaly_pair:shared_scenarios,519.9215046734369,124,666.9667046642434,,,shared_all_anomaly_strengths,diffusion_coeff,1500.0
EIR,0,40,6068242829919299090,gateway_calibration,sweep:anomaly_pair:shared_scenarios,625.2490440516867,112,666.9667046642434,,,shared_all_anomaly_strengths,diffusion_coeff,1500.0
EIR,0,41,4049042354117377146,gateway_calibration,sweep:anomaly_pair:shared_scenarios,413.1837515485853,129,666.9667046642434,,,shared_all_anomaly_strengths,diffusion_coeff,1500.0
EIR,0,42,5126773472074832949,gateway_calibration,sweep:anomaly_pair:shared_scenarios,487.4023772157025,120,666.9667046642434,,,shared_all_anomaly_strengths,diffusion_coeff,1500.0
EIR,0,43,6183996202129912428,gateway_calibration,sweep:anomaly_pair:shared_scenarios,508.12521189619076,113,666.9667046642434,,,shared_all_anomaly_strengths,diffusion_coeff,1500.0
EIR,0,44,5034920799087487164,gateway_calibration,sweep:anomaly_pair:shared_scenarios,499.20424800450553,137,666.9667046642434,,,shared_all_anomaly_strengths,diffusion_coeff,1500.0
EIR,0,45,5099780515566784822,gateway_calibration,sweep:anomaly_pair:shared_scenarios,613.69914095412,118,666.9667046642434,,,shared_all_anomaly_strengths,diffusion_coeff,1500.0
EIR,0,46,3743304880928594782,gateway_calibration,sweep:anomaly_pair:shared_scenarios,499.0880711321266,119,666.9667046642434,,,shared_all_anomaly_strengths,diffusion_coeff,1500.0
EIR,0,47,7315397891830491094,gateway_calibration,sweep:anomaly_pair:shared_scenarios,592.0303708773166,114,666.9667046642434,,,shared_all_anomaly_strengths,diffusion_coeff,1500.0
EIR,0,48,2190007532852709612,gateway_calibration,sweep:anomaly_pair:shared_scenarios,570.3735194416491,106,666.9667046642434,,,shared_all_anomaly_strengths,diffusion_coeff,1500.0
EIR,0,49,120834209760926409,gateway_calibration,sweep:anomaly_pair:shared_scenarios,608.9810270378641,129,666.9667046642434,,,shared_all_anomaly_strengths,diffusion_coeff,1500.0
EIR,0,50,3276339480421714797,gateway_calibration,sweep:anomaly_pair:shared_scenarios,686.0623290125894,145,666.9667046642434,,,shared_all_anomaly_strengths,diffusion_coeff,1500.0
EIR,0,51,7889239287137057542,gateway_calibration,sweep:anomaly_pair:shared_scenarios,604.6688789677853,118,666.9667046642434,,,shared_all_anomaly_strengths,diffusion_coeff,1500.0
EIR,0,52,3388785810564520190,gateway_calibration,sweep:anomaly_pair:shared_scenarios,517.4711697472917,124,666.9667046642434,,,shared_all_anomaly_strengths,diffusion_coeff,1500.0
EIR,0,53,5503237878395346684,gateway_calibration,sweep:anomaly_pair:shared_scenarios,384.9869191971087,106,666.9667046642434,,,shared_all_anomaly_strengths,diffusion_coeff,1500.0
EIR,0,54,5415491490608218996,gateway_calibration,sweep:anomaly_pair:shared_scenarios,515.8351987423583,117,666.9667046642434,,,shared_all_anomaly_strengths,diffusion_coeff,1500.0
EIR,0,55,26760604161946009,gateway_calibration,sweep:anomaly_pair:shared_scenarios,455.4435620579282,101,666.9667046642434,,,shared_all_anomaly_strengths,diffusion_coeff,1500.0
EIR,0,56,6830352398876445275,gateway_calibration,sweep:anomaly_pair:shared_scenarios,515.6515997190562,117,666.9667046642434,,,shared_all_anomaly_strengths,diffusion_coeff,1500.0
EIR,0,57,1406415348362794825,gateway_calibration,sweep:anomaly_pair:shared_scenarios,536.1878728349304,124,666.9667046642434,,,shared_all_anomaly_strengths,diffusion_coeff,1500.0
EIR,0,58,7701508260034706105,gateway_calibration,sweep:anomaly_pair:shared_scenarios,433.09737922834256,108,666.9667046642434,,,shared_all_anomaly_strengths,diffusion_coeff,1500.0
EIR,0,59,2711167823261115708,gateway_calibration,sweep:anomaly_pair:shared_scenarios,653.7091273112133,139,666.9667046642434,,,shared_all_anomaly_strengths,diffusion_coeff,1500.0
EIR,0,60,3144340299977682071,gateway_calibration,sweep:anomaly_pair:shared_scenarios,629.4829555121499,115,666.9667046642434,,,shared_all_anomaly_strengths,diffusion_coeff,1500.0
EIR,0,61,6563400931778538780,gateway_calibration,sweep:anomaly_pair:shared_scenarios,571.5641473836617,109,666.9667046642434,,,shared_all_anomaly_strengths,diffusion_coeff,1500.0
EIR,0,62,2388043308876394469,gateway_calibration,sweep:anomaly_pair:shared_scenarios,532.8034704854146,131,666.9667046642434,,,shared_all_anomaly_strengths,diffusion_coeff,1500.0
EIR,0,63,6824789488425972207,gateway_calibration,sweep:anomaly_pair:shared_scenarios,471.3293882648518,111,666.9667046642434,,,shared_all_anomaly_strengths,diffusion_coeff,1500.0
EIR,0,64,1401432086598941843,gateway_calibration,sweep:anomaly_pair:shared_scenarios,651.4818618530461,131,666.9667046642434,,,shared_all_anomaly_strengths,diffusion_coeff,1500.0
EIR,0,65,4672481713666300259,gateway_calibration,sweep:anomaly_pair:shared_scenarios,626.840024598642,135,666.9667046642434,,,shared_all_anomaly_strengths,diffusion_coeff,1500.0
EIR,0,66,6903420366369478612,gateway_calibration,sweep:anomaly_pair:shared_scenarios,473.70659909802816,118,666.9667046642434,,,shared_all_anomaly_strengths,diffusion_coeff,1500.0
EIR,0,67,6898050963322559496,gateway_calibration,sweep:anomaly_pair:shared_scenarios,477.04515580973526,112,666.9667046642434,,,shared_all_anomaly_strengths,diffusion_coeff,1500.0
EIR,0,68,614393272824454916,gateway_calibration,sweep:anomaly_pair:shared_scenarios,513.0753329546338,133,666.9667046642434,,,shared_all_anomaly_strengths,diffusion_coeff,1500.0
EIR,0,69,672551910386015347,gateway_calibration,sweep:anomaly_pair:shared_scenarios,529.6840978097039,126,666.9667046642434,,,shared_all_anomaly_strengths,diffusion_coeff,1500.0
EIR,0,70,2982091152045645099,gateway_calibration,sweep:anomaly_pair:shared_scenarios,593.2234532146161,114,666.9667046642434,,,shared_all_anomaly_strengths,diffusion_coeff,1500.0
EIR,0,71,823492357614472977,gateway_calibration,sweep:anomaly_pair:shared_scenarios,634.4932280423375,141,666.9667046642434,,,shared_all_anomaly_strengths,diffusion_coeff,1500.0
EIR,0,72,4697794938409790858,gateway_calibration,sweep:anomaly_pair:shared_scenarios,562.9481928284275,122,666.9667046642434,,,shared_all_anomaly_strengths,diffusion_coeff,1500.0
EIR,0,73,6582019303472037237,gateway_calibration,sweep:anomaly_pair:shared_scenarios,532.5023955824583,111,666.9667046642434,,,shared_all_anomaly_strengths,diffusion_coeff,1500.0
EIR,0,74,300672792335245350,gateway_calibration,sweep:anomaly_pair:shared_scenarios,424.38757018247225,106,666.9667046642434,,,shared_all_anomaly_strengths,diffusion_coeff,1500.0
EIR,0,75,5751946339530838054,gateway_calibration,sweep:anomaly_pair:shared_scenarios,473.1506707257359,122,666.9667046642434,,,shared_all_anomaly_strengths,diffusion_coeff,1500.0
EIR,0,76,961439938750258285,gateway_calibration,sweep:anomaly_pair:shared_scenarios,687.8096887993268,121,666.9667046642434,,,shared_all_anomaly_strengths,diffusion_coeff,1500.0
EIR,0,77,3257887825763507863,gateway_calibration,sweep:anomaly_pair:shared_scenarios,564.5423380009203,130,666.9667046642434,,,shared_all_anomaly_strengths,diffusion_coeff,1500.0
EIR,0,78,8166365252455630432,gateway_calibration,sweep:anomaly_pair:shared_scenarios,522.8140803631723,121,666.9667046642434,,,shared_all_anomaly_strengths,diffusion_coeff,1500.0
EIR,0,79,2849578758725429319,gateway_calibration,sweep:anomaly_pair:shared_scenarios,533.9383851273111,117,666.9667046642434,,,shared_all_anomaly_strengths,diffusion_coeff,1500.0
EIR,0,80,5847011703168282323,gateway_calibration,sweep:anomaly_pair:shared_scenarios,653.808352932953,134,666.9667046642434,,,shared_all_anomaly_strengths,diffusion_coeff,1500.0
EIR,0,81,7858864668525583430,gateway_calibration,sweep:anomaly_pair:shared_scenarios,410.9606570018674,98,666.9667046642434,,,shared_all_anomaly_strengths,diffusion_coeff,1500.0
EIR,0,82,268940495404723730,gateway_calibration,sweep:anomaly_pair:shared_scenarios,378.5546266633633,103,666.9667046642434,,,shared_all_anomaly_strengths,diffusion_coeff,1500.0
EIR,0,83,4400655767576069724,gateway_calibration,sweep:anomaly_pair:shared_scenarios,521.7984189755401,123,666.9667046642434,,,shared_all_anomaly_strengths,diffusion_coeff,1500.0
EIR,0,84,7359957410266699792,gateway_calibration,sweep:anomaly_pair:shared_scenarios,598.6902511934708,132,666.9667046642434,,,shared_all_anomaly_strengths,diffusion_coeff,1500.0
EIR,0,85,4731760846268061734,gateway_calibration,sweep:anomaly_pair:shared_scenarios,566.5327927756045,112,666.9667046642434,,,shared_all_anomaly_strengths,diffusion_coeff,1500.0
EIR,0,86,1992618809938800466,gateway_calibration,sweep:anomaly_pair:shared_scenarios,556.6324681861578,139,666.9667046642434,,,shared_all_anomaly_strengths,diffusion_coeff,1500.0
EIR,0,87,8403004296001441656,gateway_calibration,sweep:anomaly_pair:shared_scenarios,539.5922449079774,130,666.9667046642434,,,shared_all_anomaly_strengths,diffusion_coeff,1500.0
EIR,0,88,5944369264469843788,gateway_calibration,sweep:anomaly_pair:shared_scenarios,544.2468477678816,128,666.9667046642434,,,shared_all_anomaly_strengths,diffusion_coeff,1500.0
EIR,0,89,216637230108974742,gateway_calibration,sweep:anomaly_pair:shared_scenarios,631.1853606122974,127,666.9667046642434,,,shared_all_anomaly_strengths,diffusion_coeff,1500.0
EIR,0,90,896283027553350313,gateway_calibration,sweep:anomaly_pair:shared_scenarios,565.7668959345406,120,666.9667046642434,,,shared_all_anomaly_strengths,diffusion_coeff,1500.0
EIR,0,91,2129979059599230336,gateway_calibration,sweep:anomaly_pair:shared_scenarios,528.7611310112671,111,666.9667046642434,,,shared_all_anomaly_strengths,diffusion_coeff,1500.0
EIR,0,92,8440158530804782812,gateway_calibration,sweep:anomaly_pair:shared_scenarios,472.1032563815202,119,666.9667046642434,,,shared_all_anomaly_strengths,diffusion_coeff,1500.0
EIR,0,93,2515105766560126937,gateway_calibration,sweep:anomaly_pair:shared_scenarios,514.8208032452873,123,666.9667046642434,,,shared_all_anomaly_strengths,diffusion_coeff,1500.0
EIR,0,94,7871536140642585085,gateway_calibration,sweep:anomaly_pair:shared_scenarios,481.7658247030146,114,666.9667046642434,,,shared_all_anomaly_strengths,diffusion_coeff,1500.0
EIR,0,95,5141400087580602088,gateway_calibration,sweep:anomaly_pair:shared_scenarios,434.75300996978996,118,666.9667046642434,,,shared_all_anomaly_strengths,diffusion_coeff,1500.0
EIR,0,96,8112959400662868633,gateway_calibration,sweep:anomaly_pair:shared_scenarios,428.085140123313,118,666.9667046642434,,,shared_all_anomaly_strengths,diffusion_coeff,1500.0
EIR,0,97,1078891354826946508,gateway_calibration,sweep:anomaly_pair:shared_scenarios,428.033882973246,111,666.9667046642434,,,shared_all_anomaly_strengths,diffusion_coeff,1500.0
EIR,0,98,2726858539062778841,gateway_calibration,sweep:anomaly_pair:shared_scenarios,619.7811252764209,107,666.9667046642434,,,shared_all_anomaly_strengths,diffusion_coeff,1500.0
EIR,0,99,4880208515358931166,gateway_calibration,sweep:anomaly_pair:shared_scenarios,510.35564339133293,114,666.9667046642434,,,shared_all_anomaly_strengths,diffusion_coeff,1500.0
EIR,0,100,9112943947571933379,gateway_calibration,sweep:anomaly_pair:shared_scenarios,505.82345907333735,116,666.9667046642434,,,shared_all_anomaly_strengths,diffusion_coeff,1500.0
EIR,0,101,4842620908627243129,gateway_calibration,sweep:anomaly_pair:shared_scenarios,569.6110735535708,124,666.9667046642434,,,shared_all_anomaly_strengths,diffusion_coeff,1500.0
EIR,0,102,9221364585446048791,gateway_calibration,sweep:anomaly_pair:shared_scenarios,603.1624378295263,131,666.9667046642434,,,shared_all_anomaly_strengths,diffusion_coeff,1500.0
EIR,0,103,3494744169553416929,gateway_calibration,sweep:anomaly_pair:shared_scenarios,601.1237353585941,115,666.9667046642434,,,shared_all_anomaly_strengths,diffusion_coeff,1500.0
EIR,0,104,7233638741406416371,gateway_calibration,sweep:anomaly_pair:shared_scenarios,553.3746109045836,122,666.9667046642434,,,shared_all_anomaly_strengths,diffusion_coeff,1500.0
EIR,0,105,3641336694656935735,gateway_calibration,sweep:anomaly_pair:shared_scenarios,459.2386454981811,114,666.9667046642434,,,shared_all_anomaly_strengths,diffusion_coeff,1500.0
EIR,0,106,3835715673444251126,gateway_calibration,sweep:anomaly_pair:shared_scenarios,589.1399082611056,128,666.9667046642434,,,shared_all_anomaly_strengths,diffusion_coeff,1500.0
EIR,0,107,2714185319899586904,gateway_calibration,sweep:anomaly_pair:shared_scenarios,698.9955335560654,134,666.9667046642434,,,shared_all_anomaly_strengths,diffusion_coeff,1500.0
EIR,0,108,7065677078823521164,gateway_calibration,sweep:anomaly_pair:shared_scenarios,622.0009683213938,135,666.9667046642434,,,shared_all_anomaly_strengths,diffusion_coeff,1500.0
EIR,0,109,1054405605846734754,gateway_calibration,sweep:anomaly_pair:shared_scenarios,600.2686978862132,126,666.9667046642434,,,shared_all_anomaly_strengths,diffusion_coeff,1500.0
EIR,0,110,2962441662239683096,gateway_calibration,sweep:anomaly_pair:shared_scenarios,663.734126444517,132,666.9667046642434,,,shared_all_anomaly_strengths,diffusion_coeff,1500.0
EIR,0,111,4129263628419206857,gateway_calibration,sweep:anomaly_pair:shared_scenarios,763.2364169535093,114,666.9667046642434,,,shared_all_anomaly_strengths,diffusion_coeff,1500.0
EIR,0,112,1622360177596404131,gateway_calibration,sweep:anomaly_pair:shared_scenarios,391.0790916841582,98,666.9667046642434,,,shared_all_anomaly_strengths,diffusion_coeff,1500.0
EIR,0,113,2330463691884836340,gateway_calibration,sweep:anomaly_pair:shared_scenarios,600.3887209660588,145,666.9667046642434,,,shared_all_anomaly_strengths,diffusion_coeff,1500.0
EIR,0,114,2652712276700624970,gateway_calibration,sweep:anomaly_pair:shared_scenarios,461.12847610913695,113,666.9667046642434,,,shared_all_anomaly_strengths,diffusion_coeff,1500.0
EIR,0,115,6210151626445176008,gateway_calibration,sweep:anomaly_pair:shared_scenarios,637.1952909569308,123,666.9667046642434,,,shared_all_anomaly_strengths,diffusion_coeff,1500.0
EIR,0,116,5484880361464436307,gateway_calibration,sweep:anomaly_pair:shared_scenarios,477.0207244858364,115,666.9667046642434,,,shared_all_anomaly_strengths,diffusion_coeff,1500.0
EIR,0,117,9083936004600730053,gateway_calibration,sweep:anomaly_pair:shared_scenarios,538.426425611963,127,666.9667046642434,,,shared_all_anomaly_strengths,diffusion_coeff,1500.0
EIR,0,118,7499139004400980353,gateway_calibration,sweep:anomaly_pair:shared_scenarios,573.2997362120143,131,666.9667046642434,,,shared_all_anomaly_strengths,diffusion_coeff,1500.0
EIR,0,119,426229976672197883,gateway_calibration,sweep:anomaly_pair:shared_scenarios,638.1283231638245,125,666.9667046642434,,,shared_all_anomaly_strengths,diffusion_coeff,1500.0
EIR,0,120,246508369912879822,gateway_calibration,sweep:anomaly_pair:shared_scenarios,666.8212012136717,147,666.9667046642434,,,shared_all_anomaly_strengths,diffusion_coeff,1500.0
EIR,0,121,2652398091327796019,gateway_calibration,sweep:anomaly_pair:shared_scenarios,389.23933252323855,112,666.9667046642434,,,shared_all_anomaly_strengths,diffusion_coeff,1500.0
EIR,0,122,5503532496059794744,gateway_calibration,sweep:anomaly_pair:shared_scenarios,489.193228227965,114,666.9667046642434,,,shared_all_anomaly_strengths,diffusion_coeff,1500.0
EIR,0,123,8329007375693140607,gateway_calibration,sweep:anomaly_pair:shared_scenarios,507.88418738502384,135,666.9667046642434,,,shared_all_anomaly_strengths,diffusion_coeff,1500.0
EIR,0,124,4366984316536531468,gateway_calibration,sweep:anomaly_pair:shared_scenarios,474.4113694863775,136,666.9667046642434,,,shared_all_anomaly_strengths,diffusion_coeff,1500.0
EIR,0,125,6198917521197951328,gateway_calibration,sweep:anomaly_pair:shared_scenarios,601.606401535974,144,666.9667046642434,,,shared_all_anomaly_strengths,diffusion_coeff,1500.0
EIR,0,126,3901305802510177060,gateway_calibration,sweep:anomaly_pair:shared_scenarios,464.49066282863157,122,666.9667046642434,,,shared_all_anomaly_strengths,diffusion_coeff,1500.0
EIR,0,127,3651935198066528014,gateway_calibration,sweep:anomaly_pair:shared_scenarios,484.2316266614064,115,666.9667046642434,,,shared_all_anomaly_strengths,diffusion_coeff,1500.0
EIR,0,128,3665222385996101800,gateway_calibration,sweep:anomaly_pair:shared_scenarios,513.3374495701975,125,666.9667046642434,,,shared_all_anomaly_strengths,diffusion_coeff,1500.0
EIR,0,129,3695450124233607618,gateway_calibration,sweep:anomaly_pair:shared_scenarios,555.1433766949476,125,666.9667046642434,,,shared_all_anomaly_strengths,diffusion_coeff,1500.0
EIR,0,130,4507573490889405567,gateway_calibration,sweep:anomaly_pair:shared_scenarios,601.2131602471502,116,666.9667046642434,,,shared_all_anomaly_strengths,diffusion_coeff,1500.0
EIR,0,131,6622006059011695217,gateway_calibration,sweep:anomaly_pair:shared_scenarios,638.9406096117627,130,666.9667046642434,,,shared_all_anomaly_strengths,diffusion_coeff,1500.0
EIR,0,132,1072149559379176970,gateway_calibration,sweep:anomaly_pair:shared_scenarios,468.02538027083637,105,666.9667046642434,,,shared_all_anomaly_strengths,diffusion_coeff,1500.0
EIR,0,133,2236710786858836466,gateway_calibration,sweep:anomaly_pair:shared_scenarios,503.8174637475684,110,666.9667046642434,,,shared_all_anomaly_strengths,diffusion_coeff,1500.0
EIR,0,134,4061241335305450115,gateway_calibration,sweep:anomaly_pair:shared_scenarios,535.8854527830293,128,666.9667046642434,,,shared_all_anomaly_strengths,diffusion_coeff,1500.0
EIR,0,135,4458267631564501530,gateway_calibration,sweep:anomaly_pair:shared_scenarios,457.4037188489816,111,666.9667046642434,,,shared_all_anomaly_strengths,diffusion_coeff,1500.0
EIR,0,136,4602541395243770802,gateway_calibration,sweep:anomaly_pair:shared_scenarios,386.9324753147715,118,666.9667046642434,,,shared_all_anomaly_strengths,diffusion_coeff,1500.0
EIR,0,137,8154260143710516340,gateway_calibration,sweep:anomaly_pair:shared_scenarios,442.6450504382335,121,666.9667046642434,,,shared_all_anomaly_strengths,diffusion_coeff,1500.0
EIR,0,138,7114745814847013655,gateway_calibration,sweep:anomaly_pair:shared_scenarios,523.0584122666287,126,666.9667046642434,,,shared_all_anomaly_strengths,diffusion_coeff,1500.0
EIR,0,139,7504069718206669675,gateway_calibration,sweep:anomaly_pair:shared_scenarios,483.4373274214882,115,666.9667046642434,,,shared_all_anomaly_strengths,diffusion_coeff,1500.0
EIR,0,140,2484320023919988263,gateway_calibration,sweep:anomaly_pair:shared_scenarios,502.37967489539096,130,666.9667046642434,,,shared_all_anomaly_strengths,diffusion_coeff,1500.0
EIR,0,141,5967893154890299710,gateway_calibration,sweep:anomaly_pair:shared_scenarios,581.1571164008083,127,666.9667046642434,,,shared_all_anomaly_strengths,diffusion_coeff,1500.0
EIR,0,142,8551485174213736670,gateway_calibration,sweep:anomaly_pair:shared_scenarios,495.02761538918975,114,666.9667046642434,,,shared_all_anomaly_strengths,diffusion_coeff,1500.0
EIR,0,143,400428821000820213,gateway_calibration,sweep:anomaly_pair:shared_scenarios,599.1189507994782,123,666.9667046642434,,,shared_all_anomaly_strengths,diffusion_coeff,1500.0
EIR,0,144,4671208357574952400,gateway_calibration,sweep:anomaly_pair:shared_scenarios,510.52473506120344,112,666.9667046642434,,,shared_all_anomaly_strengths,diffusion_coeff,1500.0
EIR,0,145,2717424151482641221,gateway_calibration,sweep:anomaly_pair:shared_scenarios,606.3193656505689,140,666.9667046642434,,,shared_all_anomaly_strengths,diffusion_coeff,1500.0
EIR,0,146,7103388310734235320,gateway_calibration,sweep:anomaly_pair:shared_scenarios,559.1739020564768,127,666.9667046642434,,,shared_all_anomaly_strengths,diffusion_coeff,1500.0
EIR,0,147,6613689040717774173,gateway_calibration,sweep:anomaly_pair:shared_scenarios,532.9270342775854,135,666.9667046642434,,,shared_all_anomaly_strengths,diffusion_coeff,1500.0
EIR,0,148,3013865715162790417,gateway_calibration,sweep:anomaly_pair:shared_scenarios,533.8354173717888,129,666.9667046642434,,,shared_all_anomaly_strengths,diffusion_coeff,1500.0
EIR,0,149,5411062845189856806,gateway_calibration,sweep:anomaly_pair:shared_scenarios,426.31361244714765,114,666.9667046642434,,,shared_all_anomaly_strengths,diffusion_coeff,1500.0
EIR,0,150,753526066345137121,gateway_calibration,sweep:anomaly_pair:shared_scenarios,375.3354850931767,110,666.9667046642434,,,shared_all_anomaly_strengths,diffusion_coeff,1500.0
EIR,0,151,5517788874787541446,gateway_calibration,sweep:anomaly_pair:shared_scenarios,647.9901978288482,116,666.9667046642434,,,shared_all_anomaly_strengths,diffusion_coeff,1500.0
EIR,0,152,3012173983135274094,gateway_calibration,sweep:anomaly_pair:shared_scenarios,476.6135978142187,146,666.9667046642434,,,shared_all_anomaly_strengths,diffusion_coeff,1500.0
EIR,0,153,7525768142714343326,gateway_calibration,sweep:anomaly_pair:shared_scenarios,519.3185682002239,125,666.9667046642434,,,shared_all_anomaly_strengths,diffusion_coeff,1500.0
EIR,0,154,5795757086317543101,gateway_calibration,sweep:anomaly_pair:shared_scenarios,543.8454531736662,103,666.9667046642434,,,shared_all_anomaly_strengths,diffusion_coeff,1500.0
EIR,0,155,1489560090090177220,gateway_calibration,sweep:anomaly_pair:shared_scenarios,588.9512050543871,131,666.9667046642434,,,shared_all_anomaly_strengths,diffusion_coeff,1500.0
EIR,0,156,5650023223194757707,gateway_calibration,sweep:anomaly_pair:shared_scenarios,561.2251512791395,122,666.9667046642434,,,shared_all_anomaly_strengths,diffusion_coeff,1500.0
EIR,0,157,9095396682315926676,gateway_calibration,sweep:anomaly_pair:shared_scenarios,595.913709790727,130,666.9667046642434,,,shared_all_anomaly_strengths,diffusion_coeff,1500.0
EIR,0,158,3646421855625731332,gateway_calibration,sweep:anomaly_pair:shared_scenarios,522.9182508516888,119,666.9667046642434,,,shared_all_anomaly_strengths,diffusion_coeff,1500.0
EIR,0,159,2731180400104840963,gateway_calibration,sweep:anomaly_pair:shared_scenarios,526.9965290657034,123,666.9667046642434,,,shared_all_anomaly_strengths,diffusion_coeff,1500.0
EIR,0,160,6525253475390859142,gateway_calibration,sweep:anomaly_pair:shared_scenarios,731.2118837384887,128,666.9667046642434,,,shared_all_anomaly_strengths,diffusion_coeff,1500.0
EIR,0,161,5342702562007933787,gateway_calibration,sweep:anomaly_pair:shared_scenarios,526.2521366023279,129,666.9667046642434,,,shared_all_anomaly_strengths,diffusion_coeff,1500.0
EIR,0,162,1696163523599298321,gateway_calibration,sweep:anomaly_pair:shared_scenarios,545.2418401852831,117,666.9667046642434,,,shared_all_anomaly_strengths,diffusion_coeff,1500.0
EIR,0,163,3743667071636317329,gateway_calibration,sweep:anomaly_pair:shared_scenarios,606.034272307076,138,666.9667046642434,,,shared_all_anomaly_strengths,diffusion_coeff,1500.0
EIR,0,164,1703215274657857080,gateway_calibration,sweep:anomaly_pair:shared_scenarios,585.0141811469899,123,666.9667046642434,,,shared_all_anomaly_strengths,diffusion_coeff,1500.0
EIR,0,165,3749419661803877216,gateway_calibration,sweep:anomaly_pair:shared_scenarios,624.3888643165526,126,666.9667046642434,,,shared_all_anomaly_strengths,diffusion_coeff,1500.0
EIR,0,166,1022849663340299120,gateway_calibration,sweep:anomaly_pair:shared_scenarios,503.66989851067365,117,666.9667046642434,,,shared_all_anomaly_strengths,diffusion_coeff,1500.0
EIR,0,167,812573164251080741,gateway_calibration,sweep:anomaly_pair:shared_scenarios,586.1199205203128,128,666.9667046642434,,,shared_all_anomaly_strengths,diffusion_coeff,1500.0
EIR,0,168,9181789161802016476,gateway_calibration,sweep:anomaly_pair:shared_scenarios,427.45229567082356,111,666.9667046642434,,,shared_all_anomaly_strengths,diffusion_coeff,1500.0
EIR,0,169,41852731993844740,gateway_calibration,sweep:anomaly_pair:shared_scenarios,490.2611926617873,124,666.9667046642434,,,shared_all_anomaly_strengths,diffusion_coeff,1500.0
EIR,0,170,2160723943465049599,gateway_calibration,sweep:anomaly_pair:shared_scenarios,465.4238118181139,117,666.9667046642434,,,shared_all_anomaly_strengths,diffusion_coeff,1500.0
EIR,0,171,4956274529951239709,gateway_calibration,sweep:anomaly_pair:shared_scenarios,574.1210342317094,125,666.9667046642434,,,shared_all_anomaly_strengths,diffusion_coeff,1500.0
EIR,0,172,6793317195616864064,gateway_calibration,sweep:anomaly_pair:shared_scenarios,661.8259117429191,120,666.9667046642434,,,shared_all_anomaly_strengths,diffusion_coeff,1500.0
EIR,0,173,4303638152728383403,gateway_calibration,sweep:anomaly_pair:shared_scenarios,510.57695575879995,102,666.9667046642434,,,shared_all_anomaly_strengths,diffusion_coeff,1500.0
EIR,0,174,7314201943706610406,gateway_calibration,sweep:anomaly_pair:shared_scenarios,468.8974997444683,130,666.9667046642434,,,shared_all_anomaly_strengths,diffusion_coeff,1500.0
EIR,0,175,1512635151930618621,gateway_calibration,sweep:anomaly_pair:shared_scenarios,606.7872743824906,114,666.9667046642434,,,shared_all_anomaly_strengths,diffusion_coeff,1500.0
EIR,0,176,8308315004410766501,gateway_calibration,sweep:anomaly_pair:shared_scenarios,541.6057209195264,118,666.9667046642434,,,shared_all_anomaly_strengths,diffusion_coeff,1500.0
EIR,0,177,8366281085404403237,gateway_calibration,sweep:anomaly_pair:shared_scenarios,430.0270019752185,120,666.9667046642434,,,shared_all_anomaly_strengths,diffusion_coeff,1500.0
EIR,0,178,3431044729523368993,gateway_calibration,sweep:anomaly_pair:shared_scenarios,510.3649501126742,128,666.9667046642434,,,shared_all_anomaly_strengths,diffusion_coeff,1500.0
EIR,0,179,2007998228956077302,gateway_calibration,sweep:anomaly_pair:shared_scenarios,724.569666672677,134,666.9667046642434,,,shared_all_anomaly_strengths,diffusion_coeff,1500.0
EIR,0,180,8751753062912985555,gateway_calibration,sweep:anomaly_pair:shared_scenarios,686.7045850987223,129,666.9667046642434,,,shared_all_anomaly_strengths,diffusion_coeff,1500.0
EIR,0,181,6021098798304103526,gateway_calibration,sweep:anomaly_pair:shared_scenarios,439.34413396806207,128,666.9667046642434,,,shared_all_anomaly_strengths,diffusion_coeff,1500.0
EIR,0,182,6935358694610535876,gateway_calibration,sweep:anomaly_pair:shared_scenarios,525.514069393525,132,666.9667046642434,,,shared_all_anomaly_strengths,diffusion_coeff,1500.0
EIR,0,183,8750411618794352639,gateway_calibration,sweep:anomaly_pair:shared_scenarios,394.9160842300228,100,666.9667046642434,,,shared_all_anomaly_strengths,diffusion_coeff,1500.0
EIR,0,184,5456778154641903347,gateway_calibration,sweep:anomaly_pair:shared_scenarios,448.3720984510627,110,666.9667046642434,,,shared_all_anomaly_strengths,diffusion_coeff,1500.0
EIR,0,185,1287740648467288647,gateway_calibration,sweep:anomaly_pair:shared_scenarios,448.7514816283967,104,666.9667046642434,,,shared_all_anomaly_strengths,diffusion_coeff,1500.0
EIR,0,186,5407093370613870835,gateway_calibration,sweep:anomaly_pair:shared_scenarios,576.3639818840154,128,666.9667046642434,,,shared_all_anomaly_strengths,diffusion_coeff,1500.0
EIR,0,187,3818214081160493,gateway_calibration,sweep:anomaly_pair:shared_scenarios,503.7970151499333,130,666.9667046642434,,,shared_all_anomaly_strengths,diffusion_coeff,1500.0
EIR,0,188,4306571545613910018,gateway_calibration,sweep:anomaly_pair:shared_scenarios,454.8301591574326,109,666.9667046642434,,,shared_all_anomaly_strengths,diffusion_coeff,1500.0
EIR,0,189,1959307662180969903,gateway_calibration,sweep:anomaly_pair:shared_scenarios,499.8609524199088,128,666.9667046642434,,,shared_all_anomaly_strengths,diffusion_coeff,1500.0
EIR,0,190,4992208587719153238,gateway_calibration,sweep:anomaly_pair:shared_scenarios,475.9985925747504,124,666.9667046642434,,,shared_all_anomaly_strengths,diffusion_coeff,1500.0
EIR,0,191,5365441848557421041,gateway_calibration,sweep:anomaly_pair:shared_scenarios,551.0228928586911,141,666.9667046642434,,,shared_all_anomaly_strengths,diffusion_coeff,1500.0
EIR,0,192,1408715418700674555,gateway_calibration,sweep:anomaly_pair:shared_scenarios,678.0275116875379,129,666.9667046642434,,,shared_all_anomaly_strengths,diffusion_coeff,1500.0
EIR,0,193,8108843531229667530,gateway_calibration,sweep:anomaly_pair:shared_scenarios,630.9164082614884,119,666.9667046642434,,,shared_all_anomaly_strengths,diffusion_coeff,1500.0
EIR,0,194,5355952040063825204,gateway_calibration,sweep:anomaly_pair:shared_scenarios,490.82939722014925,106,666.9667046642434,,,shared_all_anomaly_strengths,diffusion_coeff,1500.0
EIR,0,195,3749598425399707804,gateway_calibration,sweep:anomaly_pair:shared_scenarios,547.3230988334016,139,666.9667046642434,,,shared_all_anomaly_strengths,diffusion_coeff,1500.0
EIR,0,196,2149480101104034459,gateway_calibration,sweep:anomaly_pair:shared_scenarios,590.1542024302526,119,666.9667046642434,,,shared_all_anomaly_strengths,diffusion_coeff,1500.0
EIR,0,197,2249485913525693031,gateway_calibration,sweep:anomaly_pair:shared_scenarios,517.1316590371617,136,666.9667046642434,,,shared_all_anomaly_strengths,diffusion_coeff,1500.0
EIR,0,198,7943041684628071969,gateway_calibration,sweep:anomaly_pair:shared_scenarios,559.6148774052295,120,666.9667046642434,,,shared_all_anomaly_strengths,diffusion_coeff,1500.0
EIR,0,199,5498905627511140374,gateway_calibration,sweep:anomaly_pair:shared_scenarios,576.2228703504646,145,666.9667046642434,,,shared_all_anomaly_strengths,diffusion_coeff,1500.0
EIR,0,200,3602637090699499683,gateway_calibration,sweep:anomaly_pair:shared_scenarios,579.7978531593575,122,666.9667046642434,,,shared_all_anomaly_strengths,diffusion_coeff,1500.0
EIR,0,201,7286351669153130392,gateway_calibration,sweep:anomaly_pair:shared_scenarios,547.0218712502286,130,666.9667046642434,,,shared_all_anomaly_strengths,diffusion_coeff,1500.0
EIR,0,202,3191901830673673490,gateway_calibration,sweep:anomaly_pair:shared_scenarios,528.3607420816161,126,666.9667046642434,,,shared_all_anomaly_strengths,diffusion_coeff,1500.0
EIR,0,203,8524659376700415706,gateway_calibration,sweep:anomaly_pair:shared_scenarios,640.4354443007377,132,666.9667046642434,,,shared_all_anomaly_strengths,diffusion_coeff,1500.0
EIR,0,204,6349588482576067091,gateway_calibration,sweep:anomaly_pair:shared_scenarios,634.5050672447294,137,666.9667046642434,,,shared_all_anomaly_strengths,diffusion_coeff,1500.0
EIR,0,205,7988033359410408816,gateway_calibration,sweep:anomaly_pair:shared_scenarios,465.80231119555077,119,666.9667046642434,,,shared_all_anomaly_strengths,diffusion_coeff,1500.0
EIR,0,206,8515216027005570369,gateway_calibration,sweep:anomaly_pair:shared_scenarios,548.8243967794701,109,666.9667046642434,,,shared_all_anomaly_strengths,diffusion_coeff,1500.0
EIR,0,207,6416540730684243514,gateway_calibration,sweep:anomaly_pair:shared_scenarios,490.2646586290805,119,666.9667046642434,,,shared_all_anomaly_strengths,diffusion_coeff,1500.0
EIR,0,208,602517514173483864,gateway_calibration,sweep:anomaly_pair:shared_scenarios,530.4842017127971,126,666.9667046642434,,,shared_all_anomaly_strengths,diffusion_coeff,1500.0
EIR,0,209,3465670740941638925,gateway_calibration,sweep:anomaly_pair:shared_scenarios,647.367912062967,136,666.9667046642434,,,shared_all_anomaly_strengths,diffusion_coeff,1500.0
EIR,0,210,3944025305726431335,gateway_calibration,sweep:anomaly_pair:shared_scenarios,580.7543414250757,132,666.9667046642434,,,shared_all_anomaly_strengths,diffusion_coeff,1500.0
EIR,0,211,2339277267613070629,gateway_calibration,sweep:anomaly_pair:shared_scenarios,473.54567078924646,124,666.9667046642434,,,shared_all_anomaly_strengths,diffusion_coeff,1500.0
EIR,0,212,7600535093870098984,gateway_calibration,sweep:anomaly_pair:shared_scenarios,545.0538438274888,133,666.9667046642434,,,shared_all_anomaly_strengths,diffusion_coeff,1500.0
EIR,0,213,3861443108061582389,gateway_calibration,sweep:anomaly_pair:shared_scenarios,456.07971721806194,124,666.9667046642434,,,shared_all_anomaly_strengths,diffusion_coeff,1500.0
EIR,0,214,3250073084552866822,gateway_calibration,sweep:anomaly_pair:shared_scenarios,583.6431128599951,135,666.9667046642434,,,shared_all_anomaly_strengths,diffusion_coeff,1500.0
EIR,0,215,8591855540292640479,gateway_calibration,sweep:anomaly_pair:shared_scenarios,575.2514131099891,130,666.9667046642434,,,shared_all_anomaly_strengths,diffusion_coeff,1500.0
EIR,0,216,3408653263756247515,gateway_calibration,sweep:anomaly_pair:shared_scenarios,478.8724944371804,120,666.9667046642434,,,shared_all_anomaly_strengths,diffusion_coeff,1500.0
EIR,0,217,2181672054838164337,gateway_calibration,sweep:anomaly_pair:shared_scenarios,528.1930725707538,113,666.9667046642434,,,shared_all_anomaly_strengths,diffusion_coeff,1500.0
EIR,0,218,1689637169394222035,gateway_calibration,sweep:anomaly_pair:shared_scenarios,542.2252906426851,132,666.9667046642434,,,shared_all_anomaly_strengths,diffusion_coeff,1500.0
EIR,0,219,5046962185951232574,gateway_calibration,sweep:anomaly_pair:shared_scenarios,616.1917526895244,128,666.9667046642434,,,shared_all_anomaly_strengths,diffusion_coeff,1500.0
EIR,0,220,9018680245675993190,gateway_calibration,sweep:anomaly_pair:shared_scenarios,560.0424514210957,124,666.9667046642434,,,shared_all_anomaly_strengths,diffusion_coeff,1500.0
EIR,0,221,8785852485249820827,gateway_calibration,sweep:anomaly_pair:shared_scenarios,724.709493090047,135,666.9667046642434,,,shared_all_anomaly_strengths,diffusion_coeff,1500.0
EIR,0,222,34609839810900876,gateway_calibration,sweep:anomaly_pair:shared_scenarios,464.6398773386184,116,666.9667046642434,,,shared_all_anomaly_strengths,diffusion_coeff,1500.0
EIR,0,223,4892593663520200719,gateway_calibration,sweep:anomaly_pair:shared_scenarios,807.1429572912007,136,666.9667046642434,,,shared_all_anomaly_strengths,diffusion_coeff,1500.0
EIR,0,224,1595203616003947553,gateway_calibration,sweep:anomaly_pair:shared_scenarios,550.4473738753436,121,666.9667046642434,,,shared_all_anomaly_strengths,diffusion_coeff,1500.0
EIR,0,225,7424048805208454819,gateway_calibration,sweep:anomaly_pair:shared_scenarios,380.3564315245705,87,666.9667046642434,,,shared_all_anomaly_strengths,diffusion_coeff,1500.0
EIR,0,226,2920126023839666219,gateway_calibration,sweep:anomaly_pair:shared_scenarios,475.947940032765,118,666.9667046642434,,,shared_all_anomaly_strengths,diffusion_coeff,1500.0
EIR,0,227,382931740595247515,gateway_calibration,sweep:anomaly_pair:shared_scenarios,517.737406911989,122,666.9667046642434,,,shared_all_anomaly_strengths,diffusion_coeff,1500.0
EIR,0,228,8014502905414229746,gateway_calibration,sweep:anomaly_pair:shared_scenarios,598.3804996540132,124,666.9667046642434,,,shared_all_anomaly_strengths,diffusion_coeff,1500.0
EIR,0,229,4743279688235879997,gateway_calibration,sweep:anomaly_pair:shared_scenarios,504.26003441178847,107,666.9667046642434,,,shared_all_anomaly_strengths,diffusion_coeff,1500.0
EIR,0,230,1572592790386553068,gateway_calibration,sweep:anomaly_pair:shared_scenarios,431.20963801800605,97,666.9667046642434,,,shared_all_anomaly_strengths,diffusion_coeff,1500.0
EIR,0,231,6252360334841237253,gateway_calibration,sweep:anomaly_pair:shared_scenarios,684.3513207992221,123,666.9667046642434,,,shared_all_anomaly_strengths,diffusion_coeff,1500.0
EIR,0,232,6969017964403244413,gateway_calibration,sweep:anomaly_pair:shared_scenarios,590.5176662527048,139,666.9667046642434,,,shared_all_anomaly_strengths,diffusion_coeff,1500.0
EIR,0,233,1610212804197154449,gateway_calibration,sweep:anomaly_pair:shared_scenarios,652.0065535549772,131,666.9667046642434,,,shared_all_anomaly_strengths,diffusion_coeff,1500.0
EIR,0,234,6647587057665530600,gateway_calibration,sweep:anomaly_pair:shared_scenarios,490.5528721065278,118,666.9667046642434,,,shared_all_anomaly_strengths,diffusion_coeff,1500.0
EIR,0,235,3531987962649334536,gateway_calibration,sweep:anomaly_pair:shared_scenarios,481.510455943665,120,666.9667046642434,,,shared_all_anomaly_strengths,diffusion_coeff,1500.0
EIR,0,236,6609225715223448195,gateway_calibration,sweep:anomaly_pair:shared_scenarios,543.506065422722,132,666.9667046642434,,,shared_all_anomaly_strengths,diffusion_coeff,1500.0
EIR,0,237,6784175964849256680,gateway_calibration,sweep:anomaly_pair:shared_scenarios,495.12548064337216,115,666.9667046642434,,,shared_all_anomaly_strengths,diffusion_coeff,1500.0
EIR,0,238,771076435409536658,gateway_calibration,sweep:anomaly_pair:shared_scenarios,466.8320516973515,124,666.9667046642434,,,shared_all_anomaly_strengths,diffusion_coeff,1500.0
EIR,0,239,1557660180791943490,gateway_calibration,sweep:anomaly_pair:shared_scenarios,404.95392326445636,117,666.9667046642434,,,shared_all_anomaly_strengths,diffusion_coeff,1500.0
EIR,0,240,8213476521277927481,gateway_calibration,sweep:anomaly_pair:shared_scenarios,686.3110446563041,133,666.9667046642434,,,shared_all_anomaly_strengths,diffusion_coeff,1500.0
EIR,0,241,2142536073008782941,gateway_calibration,sweep:anomaly_pair:shared_scenarios,494.04229680550094,134,666.9667046642434,,,shared_all_anomaly_strengths,diffusion_coeff,1500.0
EIR,0,242,972861009822655055,gateway_calibration,sweep:anomaly_pair:shared_scenarios,531.9746376154749,109,666.9667046642434,,,shared_all_anomaly_strengths,diffusion_coeff,1500.0
EIR,0,243,7555691644283107163,gateway_calibration,sweep:anomaly_pair:shared_scenarios,669.731270225108,120,666.9667046642434,,,shared_all_anomaly_strengths,diffusion_coeff,1500.0
EIR,0,244,3765971885569387299,gateway_calibration,sweep:anomaly_pair:shared_scenarios,479.39900318743776,116,666.9667046642434,,,shared_all_anomaly_strengths,diffusion_coeff,1500.0
EIR,0,245,5592160503430992696,gateway_calibration,sweep:anomaly_pair:shared_scenarios,410.00197013179417,109,666.9667046642434,,,shared_all_anomaly_strengths,diffusion_coeff,1500.0
EIR,0,246,1478843254938813623,gateway_calibration,sweep:anomaly_pair:shared_scenarios,471.0040384225349,102,666.9667046642434,,,shared_all_anomaly_strengths,diffusion_coeff,1500.0
EIR,0,247,1942727857375669376,gateway_calibration,sweep:anomaly_pair:shared_scenarios,443.5671066176524,121,666.9667046642434,,,shared_all_anomaly_strengths,diffusion_coeff,1500.0
EIR,0,248,8887415122826351358,gateway_calibration,sweep:anomaly_pair:shared_scenarios,741.3453557217143,147,666.9667046642434,,,shared_all_anomaly_strengths,diffusion_coeff,1500.0
EIR,0,249,4016396015928191167,gateway_calibration,sweep:anomaly_pair:shared_scenarios,593.9569360384174,119,666.9667046642434,,,shared_all_anomaly_strengths,diffusion_coeff,1500.0
EIR,0,250,545721072604639066,gateway_calibration,sweep:anomaly_pair:shared_scenarios,454.30719336770704,131,666.9667046642434,,,shared_all_anomaly_strengths,diffusion_coeff,1500.0
EIR,0,251,5849536730748012463,gateway_calibration,sweep:anomaly_pair:shared_scenarios,492.9794982232413,127,666.9667046642434,,,shared_all_anomaly_strengths,diffusion_coeff,1500.0
EIR,0,252,1771686267565403887,gateway_calibration,sweep:anomaly_pair:shared_scenarios,621.2156418095518,120,666.9667046642434,,,shared_all_anomaly_strengths,diffusion_coeff,1500.0
EIR,0,253,527015852999154159,gateway_calibration,sweep:anomaly_pair:shared_scenarios,523.5508352370664,119,666.9667046642434,,,shared_all_anomaly_strengths,diffusion_coeff,1500.0
EIR,0,254,795232045204162150,gateway_calibration,sweep:anomaly_pair:shared_scenarios,365.0501684982846,109,666.9667046642434,,,shared_all_anomaly_strengths,diffusion_coeff,1500.0
EIR,0,255,2003186406057830921,gateway_calibration,sweep:anomaly_pair:shared_scenarios,531.9739463246666,125,666.9667046642434,,,shared_all_anomaly_strengths,diffusion_coeff,1500.0
EIR,0,256,6455722452370991548,gateway_calibration,sweep:anomaly_pair:shared_scenarios,440.7620294962466,111,666.9667046642434,,,shared_all_anomaly_strengths,diffusion_coeff,1500.0
EIR,0,257,3067394350402456365,gateway_calibration,sweep:anomaly_pair:shared_scenarios,523.6550401133646,107,666.9667046642434,,,shared_all_anomaly_strengths,diffusion_coeff,1500.0
EIR,0,258,6475421966152866023,gateway_calibration,sweep:anomaly_pair:shared_scenarios,540.4133302601654,137,666.9667046642434,,,shared_all_anomaly_strengths,diffusion_coeff,1500.0
EIR,0,259,3761046985503647801,gateway_calibration,sweep:anomaly_pair:shared_scenarios,450.5296691040796,102,666.9667046642434,,,shared_all_anomaly_strengths,diffusion_coeff,1500.0
EIR,0,260,2385970463494678191,gateway_calibration,sweep:anomaly_pair:shared_scenarios,548.6728047682088,135,666.9667046642434,,,shared_all_anomaly_strengths,diffusion_coeff,1500.0
EIR,0,261,5183448992162080607,gateway_calibration,sweep:anomaly_pair:shared_scenarios,480.77719723590053,115,666.9667046642434,,,shared_all_anomaly_strengths,diffusion_coeff,1500.0
EIR,0,262,6268266913998342604,gateway_calibration,sweep:anomaly_pair:shared_scenarios,608.4263953057427,133,666.9667046642434,,,shared_all_anomaly_strengths,diffusion_coeff,1500.0
EIR,0,263,21012256327926221,gateway_calibration,sweep:anomaly_pair:shared_scenarios,512.2640393580494,118,666.9667046642434,,,shared_all_anomaly_strengths,diffusion_coeff,1500.0
EIR,0,264,4109767241554258606,gateway_calibration,sweep:anomaly_pair:shared_scenarios,537.0087422832283,146,666.9667046642434,,,shared_all_anomaly_strengths,diffusion_coeff,1500.0
EIR,0,265,4959424012684389745,gateway_calibration,sweep:anomaly_pair:shared_scenarios,531.3766265010394,130,666.9667046642434,,,shared_all_anomaly_strengths,diffusion_coeff,1500.0
EIR,0,266,7451109072791456209,gateway_calibration,sweep:anomaly_pair:shared_scenarios,496.50400508529236,127,666.9667046642434,,,shared_all_anomaly_strengths,diffusion_coeff,1500.0
EIR,0,267,8054500674269120968,gateway_calibration,sweep:anomaly_pair:shared_scenarios,522.3155367172558,132,666.9667046642434,,,shared_all_anomaly_strengths,diffusion_coeff,1500.0
EIR,0,268,5331532706382194712,gateway_calibration,sweep:anomaly_pair:shared_scenarios,608.7928083577965,138,666.9667046642434,,,shared_all_anomaly_strengths,diffusion_coeff,1500.0
EIR,0,269,841203630616903155,gateway_calibration,sweep:anomaly_pair:shared_scenarios,599.7313268263989,121,666.9667046642434,,,shared_all_anomaly_strengths,diffusion_coeff,1500.0
EIR,0,270,4066905452799334610,gateway_calibration,sweep:anomaly_pair:shared_scenarios,654.9722420764915,135,666.9667046642434,,,shared_all_anomaly_strengths,diffusion_coeff,1500.0
EIR,0,271,9150950453982994658,gateway_calibration,sweep:anomaly_pair:shared_scenarios,411.91887587725404,111,666.9667046642434,,,shared_all_anomaly_strengths,diffusion_coeff,1500.0
EIR,0,272,6119393693526968570,gateway_calibration,sweep:anomaly_pair:shared_scenarios,481.0283176554675,113,666.9667046642434,,,shared_all_anomaly_strengths,diffusion_coeff,1500.0
EIR,0,273,1347105042981981039,gateway_calibration,sweep:anomaly_pair:shared_scenarios,526.7985849119294,147,666.9667046642434,,,shared_all_anomaly_strengths,diffusion_coeff,1500.0
EIR,0,274,8911832980425435268,gateway_calibration,sweep:anomaly_pair:shared_scenarios,614.031151584479,129,666.9667046642434,,,shared_all_anomaly_strengths,diffusion_coeff,1500.0
EIR,0,275,5843722553093405471,gateway_calibration,sweep:anomaly_pair:shared_scenarios,519.9122184778481,123,666.9667046642434,,,shared_all_anomaly_strengths,diffusion_coeff,1500.0
EIR,0,276,3354555160635420741,gateway_calibration,sweep:anomaly_pair:shared_scenarios,436.9171300468425,114,666.9667046642434,,,shared_all_anomaly_strengths,diffusion_coeff,1500.0
EIR,0,277,688745337611783334,gateway_calibration,sweep:anomaly_pair:shared_scenarios,515.0081658139561,136,666.9667046642434,,,shared_all_anomaly_strengths,diffusion_coeff,1500.0
EIR,0,278,219363152796672916,gateway_calibration,sweep:anomaly_pair:shared_scenarios,558.5943162122961,123,666.9667046642434,,,shared_all_anomaly_strengths,diffusion_coeff,1500.0
EIR,0,279,373686025269973233,gateway_calibration,sweep:anomaly_pair:shared_scenarios,587.6632388243164,116,666.9667046642434,,,shared_all_anomaly_strengths,diffusion_coeff,1500.0
EIR,0,280,5610514536613434387,gateway_calibration,sweep:anomaly_pair:shared_scenarios,664.1681775430352,132,666.9667046642434,,,shared_all_anomaly_strengths,diffusion_coeff,1500.0
EIR,0,281,4171514933633241565,gateway_calibration,sweep:anomaly_pair:shared_scenarios,482.71428358339887,128,666.9667046642434,,,shared_all_anomaly_strengths,diffusion_coeff,1500.0
EIR,0,282,4861498392405652878,gateway_calibration,sweep:anomaly_pair:shared_scenarios,477.51947839613433,112,666.9667046642434,,,shared_all_anomaly_strengths,diffusion_coeff,1500.0
EIR,0,283,8572809235512946288,gateway_calibration,sweep:anomaly_pair:shared_scenarios,595.184589221012,129,666.9667046642434,,,shared_all_anomaly_strengths,diffusion_coeff,1500.0
EIR,0,284,8187471053016651709,gateway_calibration,sweep:anomaly_pair:shared_scenarios,553.9717528476147,119,666.9667046642434,,,shared_all_anomaly_strengths,diffusion_coeff,1500.0
EIR,0,285,8839651195694762440,gateway_calibration,sweep:anomaly_pair:shared_scenarios,430.05858017602714,111,666.9667046642434,,,shared_all_anomaly_strengths,diffusion_coeff,1500.0
EIR,0,286,2874448108009063227,gateway_calibration,sweep:anomaly_pair:shared_scenarios,618.2108395143529,152,666.9667046642434,,,shared_all_anomaly_strengths,diffusion_coeff,1500.0
EIR,0,287,8707203536458320760,gateway_calibration,sweep:anomaly_pair:shared_scenarios,467.9535981757358,110,666.9667046642434,,,shared_all_anomaly_strengths,diffusion_coeff,1500.0
EIR,0,288,8368439969047545418,gateway_calibration,sweep:anomaly_pair:shared_scenarios,505.87960505992424,116,666.9667046642434,,,shared_all_anomaly_strengths,diffusion_coeff,1500.0
EIR,0,289,4822230351368366288,gateway_calibration,sweep:anomaly_pair:shared_scenarios,648.7908463688507,131,666.9667046642434,,,shared_all_anomaly_strengths,diffusion_coeff,1500.0
EIR,0,290,560612887312139697,gateway_calibration,sweep:anomaly_pair:shared_scenarios,609.9288427894708,105,666.9667046642434,,,shared_all_anomaly_strengths,diffusion_coeff,1500.0
EIR,0,291,4708984480155462159,gateway_calibration,sweep:anomaly_pair:shared_scenarios,590.5851982694818,130,666.9667046642434,,,shared_all_anomaly_strengths,diffusion_coeff,1500.0
EIR,0,292,221505334779598471,gateway_calibration,sweep:anomaly_pair:shared_scenarios,470.76433498755637,121,666.9667046642434,,,shared_all_anomaly_strengths,diffusion_coeff,1500.0
EIR,0,293,313024099195558927,gateway_calibration,sweep:anomaly_pair:shared_scenarios,534.4789701647609,136,666.9667046642434,,,shared_all_anomaly_strengths,diffusion_coeff,1500.0
EIR,0,294,1256218112766498617,gateway_calibration,sweep:anomaly_pair:shared_scenarios,495.41028993827746,109,666.9667046642434,,,shared_all_anomaly_strengths,diffusion_coeff,1500.0
EIR,0,295,8758679596665815611,gateway_calibration,sweep:anomaly_pair:shared_scenarios,478.7987051099004,118,666.9667046642434,,,shared_all_anomaly_strengths,diffusion_coeff,1500.0
EIR,0,296,8732704811787225309,gateway_calibration,sweep:anomaly_pair:shared_scenarios,459.8903834353956,117,666.9667046642434,,,shared_all_anomaly_strengths,diffusion_coeff,1500.0
EIR,0,297,7291668075851963674,gateway_calibration,sweep:anomaly_pair:shared_scenarios,466.1405913381559,129,666.9667046642434,,,shared_all_anomaly_strengths,diffusion_coeff,1500.0
EIR,0,298,8160139849952943474,gateway_calibration,sweep:anomaly_pair:shared_scenarios,537.5294729744024,116,666.9667046642434,,,shared_all_anomaly_strengths,diffusion_coeff,1500.0
EIR,0,299,2513721670770597509,gateway_calibration,sweep:anomaly_pair:shared_scenarios,376.9573174038148,101,666.9667046642434,,,shared_all_anomaly_strengths,diffusion_coeff,1500.0
EIR,0,300,7063318709798897080,gateway_calibration,sweep:anomaly_pair:shared_scenarios,571.8950819704291,136,666.9667046642434,,,shared_all_anomaly_strengths,diffusion_coeff,1500.0
EIR,0,301,8415020812705705061,gateway_calibration,sweep:anomaly_pair:shared_scenarios,405.89034526547727,106,666.9667046642434,,,shared_all_anomaly_strengths,diffusion_coeff,1500.0
EIR,0,302,3425196686933402479,gateway_calibration,sweep:anomaly_pair:shared_scenarios,453.13490107624307,112,666.9667046642434,,,shared_all_anomaly_strengths,diffusion_coeff,1500.0
EIR,0,303,3114915321845009342,gateway_calibration,sweep:anomaly_pair:shared_scenarios,485.19736467667377,115,666.9667046642434,,,shared_all_anomaly_strengths,diffusion_coeff,1500.0
EIR,0,304,2896931233588044786,gateway_calibration,sweep:anomaly_pair:shared_scenarios,605.2160556383078,126,666.9667046642434,,,shared_all_anomaly_strengths,diffusion_coeff,1500.0
EIR,0,305,1551170222759424305,gateway_calibration,sweep:anomaly_pair:shared_scenarios,475.43409365553515,123,666.9667046642434,,,shared_all_anomaly_strengths,diffusion_coeff,1500.0
EIR,0,306,4718806530038829033,gateway_calibration,sweep:anomaly_pair:shared_scenarios,670.359250963368,147,666.9667046642434,,,shared_all_anomaly_strengths,diffusion_coeff,1500.0
EIR,0,307,5119279349088370044,gateway_calibration,sweep:anomaly_pair:shared_scenarios,528.6758658447278,141,666.9667046642434,,,shared_all_anomaly_strengths,diffusion_coeff,1500.0
EIR,0,308,2822775968759270459,gateway_calibration,sweep:anomaly_pair:shared_scenarios,551.9124626291796,124,666.9667046642434,,,shared_all_anomaly_strengths,diffusion_coeff,1500.0
EIR,0,309,7998405917407377120,gateway_calibration,sweep:anomaly_pair:shared_scenarios,504.3186842428816,114,666.9667046642434,,,shared_all_anomaly_strengths,diffusion_coeff,1500.0
EIR,0,310,5146001952486015638,gateway_calibration,sweep:anomaly_pair:shared_scenarios,597.1749613170889,135,666.9667046642434,,,shared_all_anomaly_strengths,diffusion_coeff,1500.0
EIR,0,311,6911500135314972136,gateway_calibration,sweep:anomaly_pair:shared_scenarios,529.4778242497944,129,666.9667046642434,,,shared_all_anomaly_strengths,diffusion_coeff,1500.0
EIR,0,312,3026266370475567930,gateway_calibration,sweep:anomaly_pair:shared_scenarios,688.4223673178587,130,666.9667046642434,,,shared_all_anomaly_strengths,diffusion_coeff,1500.0
EIR,0,313,2263219430505968284,gateway_calibration,sweep:anomaly_pair:shared_scenarios,502.75530577558055,137,666.9667046642434,,,shared_all_anomaly_strengths,diffusion_coeff,1500.0
EIR,0,314,6005314762223339669,gateway_calibration,sweep:anomaly_pair:shared_scenarios,585.3067094987678,128,666.9667046642434,,,shared_all_anomaly_strengths,diffusion_coeff,1500.0
EIR,0,315,6620051426260236045,gateway_calibration,sweep:anomaly_pair:shared_scenarios,630.6719607776338,123,666.9667046642434,,,shared_all_anomaly_strengths,diffusion_coeff,1500.0
EIR,0,316,1375290459054701469,gateway_calibration,sweep:anomaly_pair:shared_scenarios,615.6107593684496,129,666.9667046642434,,,shared_all_anomaly_strengths,diffusion_coeff,1500.0
EIR,0,317,3387434723583950275,gateway_calibration,sweep:anomaly_pair:shared_scenarios,450.6113544882382,121,666.9667046642434,,,shared_all_anomaly_strengths,diffusion_coeff,1500.0
EIR,0,318,1492748310594346890,gateway_calibration,sweep:anomaly_pair:shared_scenarios,661.0047562116123,134,666.9667046642434,,,shared_all_anomaly_strengths,diffusion_coeff,1500.0
EIR,0,319,6526070513380422193,gateway_calibration,sweep:anomaly_pair:shared_scenarios,448.07987184162624,117,666.9667046642434,,,shared_all_anomaly_strengths,diffusion_coeff,1500.0
EIR,0,320,4569908186093849248,gateway_calibration,sweep:anomaly_pair:shared_scenarios,507.38708520688493,126,666.9667046642434,,,shared_all_anomaly_strengths,diffusion_coeff,1500.0
EIR,0,321,2058735402210199549,gateway_calibration,sweep:anomaly_pair:shared_scenarios,682.1587394727749,132,666.9667046642434,,,shared_all_anomaly_strengths,diffusion_coeff,1500.0
EIR,0,322,7792514555662345644,gateway_calibration,sweep:anomaly_pair:shared_scenarios,502.1970470321898,119,666.9667046642434,,,shared_all_anomaly_strengths,diffusion_coeff,1500.0
EIR,0,323,5919491502808918703,gateway_calibration,sweep:anomaly_pair:shared_scenarios,606.5123373421682,135,666.9667046642434,,,shared_all_anomaly_strengths,diffusion_coeff,1500.0
EIR,0,324,4574905972397435795,gateway_calibration,sweep:anomaly_pair:shared_scenarios,632.4265033591619,141,666.9667046642434,,,shared_all_anomaly_strengths,diffusion_coeff,1500.0
EIR,0,325,7539986577246166921,gateway_calibration,sweep:anomaly_pair:shared_scenarios,460.67021713306497,114,666.9667046642434,,,shared_all_anomaly_strengths,diffusion_coeff,1500.0
EIR,0,326,8057266659081106092,gateway_calibration,sweep:anomaly_pair:shared_scenarios,685.3241436518296,124,666.9667046642434,,,shared_all_anomaly_strengths,diffusion_coeff,1500.0
EIR,0,327,7592041352101782096,gateway_calibration,sweep:anomaly_pair:shared_scenarios,521.1233269616176,111,666.9667046642434,,,shared_all_anomaly_strengths,diffusion_coeff,1500.0
EIR,0,328,7157190776130753350,gateway_calibration,sweep:anomaly_pair:shared_scenarios,469.2841030443142,112,666.9667046642434,,,shared_all_anomaly_strengths,diffusion_coeff,1500.0
EIR,0,329,3536119658432613956,gateway_calibration,sweep:anomaly_pair:shared_scenarios,567.0580647511225,121,666.9667046642434,,,shared_all_anomaly_strengths,diffusion_coeff,1500.0
EIR,0,330,3387957629084434680,gateway_calibration,sweep:anomaly_pair:shared_scenarios,479.76736503828675,125,666.9667046642434,,,shared_all_anomaly_strengths,diffusion_coeff,1500.0
EIR,0,331,7014301768858485691,gateway_calibration,sweep:anomaly_pair:shared_scenarios,546.9826859758854,123,666.9667046642434,,,shared_all_anomaly_strengths,diffusion_coeff,1500.0
EIR,0,332,7509048679395089766,gateway_calibration,sweep:anomaly_pair:shared_scenarios,411.38466060105685,117,666.9667046642434,,,shared_all_anomaly_strengths,diffusion_coeff,1500.0
EIR,0,333,8077057740997865815,gateway_calibration,sweep:anomaly_pair:shared_scenarios,479.89276322972154,107,666.9667046642434,,,shared_all_anomaly_strengths,diffusion_coeff,1500.0
EIR,0,334,4792265241973382002,gateway_calibration,sweep:anomaly_pair:shared_scenarios,406.9302384387185,121,666.9667046642434,,,shared_all_anomaly_strengths,diffusion_coeff,1500.0
EIR,0,335,4631816253128208771,gateway_calibration,sweep:anomaly_pair:shared_scenarios,471.28328834025564,116,666.9667046642434,,,shared_all_anomaly_strengths,diffusion_coeff,1500.0
EIR,0,336,1353780890302308168,gateway_calibration,sweep:anomaly_pair:shared_scenarios,459.5386699925402,120,666.9667046642434,,,shared_all_anomaly_strengths,diffusion_coeff,1500.0
EIR,0,337,301188514516452582,gateway_calibration,sweep:anomaly_pair:shared_scenarios,583.1058611068694,132,666.9667046642434,,,shared_all_anomaly_strengths,diffusion_coeff,1500.0
EIR,0,338,848291969102783726,gateway_calibration,sweep:anomaly_pair:shared_scenarios,563.3858097300647,135,666.9667046642434,,,shared_all_anomaly_strengths,diffusion_coeff,1500.0
EIR,0,339,3301607682890482163,gateway_calibration,sweep:anomaly_pair:shared_scenarios,543.8885248386539,128,666.9667046642434,,,shared_all_anomaly_strengths,diffusion_coeff,1500.0
EIR,0,340,3382309239349475861,gateway_calibration,sweep:anomaly_pair:shared_scenarios,458.25198067012207,114,666.9667046642434,,,shared_all_anomaly_strengths,diffusion_coeff,1500.0
EIR,0,341,3511804255243715536,gateway_calibration,sweep:anomaly_pair:shared_scenarios,518.2487035425877,118,666.9667046642434,,,shared_all_anomaly_strengths,diffusion_coeff,1500.0
EIR,0,342,7172406527062268769,gateway_calibration,sweep:anomaly_pair:shared_scenarios,560.7352961991111,136,666.9667046642434,,,shared_all_anomaly_strengths,diffusion_coeff,1500.0
EIR,0,343,8148651635281023479,gateway_calibration,sweep:anomaly_pair:shared_scenarios,470.88974834259835,131,666.9667046642434,,,shared_all_anomaly_strengths,diffusion_coeff,1500.0
EIR,0,344,4543894699244939752,gateway_calibration,sweep:anomaly_pair:shared_scenarios,530.1913133038738,102,666.9667046642434,,,shared_all_anomaly_strengths,diffusion_coeff,1500.0
EIR,0,345,6891358735647678813,gateway_calibration,sweep:anomaly_pair:shared_scenarios,532.4722682839962,125,666.9667046642434,,,shared_all_anomaly_strengths,diffusion_coeff,1500.0
EIR,0,346,1563481499315660104,gateway_calibration,sweep:anomaly_pair:shared_scenarios,473.22935717607567,119,666.9667046642434,,,shared_all_anomaly_strengths,diffusion_coeff,1500.0
EIR,0,347,2629125604810830811,gateway_calibration,sweep:anomaly_pair:shared_scenarios,444.89213914397277,118,666.9667046642434,,,shared_all_anomaly_strengths,diffusion_coeff,1500.0
EIR,0,348,3894426847858961166,gateway_calibration,sweep:anomaly_pair:shared_scenarios,547.8916030433193,122,666.9667046642434,,,shared_all_anomaly_strengths,diffusion_coeff,1500.0
EIR,0,349,4282787653601296890,gateway_calibration,sweep:anomaly_pair:shared_scenarios,525.6861196488135,127,666.9667046642434,,,shared_all_anomaly_strengths,diffusion_coeff,1500.0
EIR,0,350,7842601743270043461,gateway_calibration,sweep:anomaly_pair:shared_scenarios,427.7074914254814,114,666.9667046642434,,,shared_all_anomaly_strengths,diffusion_coeff,1500.0
EIR,0,351,7700102950595571335,gateway_calibration,sweep:anomaly_pair:shared_scenarios,510.3477911193872,123,666.9667046642434,,,shared_all_anomaly_strengths,diffusion_coeff,1500.0
EIR,0,352,2808087562537772166,gateway_calibration,sweep:anomaly_pair:shared_scenarios,497.0747299552065,128,666.9667046642434,,,shared_all_anomaly_strengths,diffusion_coeff,1500.0
EIR,0,353,6304865133883968004,gateway_calibration,sweep:anomaly_pair:shared_scenarios,595.8768540436292,123,666.9667046642434,,,shared_all_anomaly_strengths,diffusion_coeff,1500.0
EIR,0,354,3342415063500426256,gateway_calibration,sweep:anomaly_pair:shared_scenarios,755.3407573271919,134,666.9667046642434,,,shared_all_anomaly_strengths,diffusion_coeff,1500.0
EIR,0,355,8959621061715784363,gateway_calibration,sweep:anomaly_pair:shared_scenarios,449.910914336983,115,666.9667046642434,,,shared_all_anomaly_strengths,diffusion_coeff,1500.0
EIR,0,356,1186687812096718750,gateway_calibration,sweep:anomaly_pair:shared_scenarios,511.08991035397685,129,666.9667046642434,,,shared_all_anomaly_strengths,diffusion_coeff,1500.0
EIR,0,357,8329058846985055289,gateway_calibration,sweep:anomaly_pair:shared_scenarios,579.0462053629112,107,666.9667046642434,,,shared_all_anomaly_strengths,diffusion_coeff,1500.0
EIR,0,358,275625437843561760,gateway_calibration,sweep:anomaly_pair:shared_scenarios,398.4848960029882,108,666.9667046642434,,,shared_all_anomaly_strengths,diffusion_coeff,1500.0
EIR,0,359,527484844984551272,gateway_calibration,sweep:anomaly_pair:shared_scenarios,517.6216432150637,121,666.9667046642434,,,shared_all_anomaly_strengths,diffusion_coeff,1500.0
EIR,0,360,6499704723849040690,gateway_calibration,sweep:anomaly_pair:shared_scenarios,496.1947526572176,115,666.9667046642434,,,shared_all_anomaly_strengths,diffusion_coeff,1500.0
EIR,0,361,3392988020843846596,gateway_calibration,sweep:anomaly_pair:shared_scenarios,368.7463609897168,103,666.9667046642434,,,shared_all_anomaly_strengths,diffusion_coeff,1500.0
EIR,0,362,6082838417800885541,gateway_calibration,sweep:anomaly_pair:shared_scenarios,627.754362572142,121,666.9667046642434,,,shared_all_anomaly_strengths,diffusion_coeff,1500.0
EIR,0,363,9161439992453118853,gateway_calibration,sweep:anomaly_pair:shared_scenarios,504.90052020954505,145,666.9667046642434,,,shared_all_anomaly_strengths,diffusion_coeff,1500.0
EIR,0,364,1104199357173535709,gateway_calibration,sweep:anomaly_pair:shared_scenarios,664.3296438844338,139,666.9667046642434,,,shared_all_anomaly_strengths,diffusion_coeff,1500.0
EIR,0,365,3968092569436272899,gateway_calibration,sweep:anomaly_pair:shared_scenarios,672.7598837919799,134,666.9667046642434,,,shared_all_anomaly_strengths,diffusion_coeff,1500.0
EIR,0,366,88510700048790040,gateway_calibration,sweep:anomaly_pair:shared_scenarios,550.719647342665,140,666.9667046642434,,,shared_all_anomaly_strengths,diffusion_coeff,1500.0
EIR,0,367,3708546901166186520,gateway_calibration,sweep:anomaly_pair:shared_scenarios,603.8842672587336,125,666.9667046642434,,,shared_all_anomaly_strengths,diffusion_coeff,1500.0
EIR,0,368,6013111248236961738,gateway_calibration,sweep:anomaly_pair:shared_scenarios,472.4710213633121,123,666.9667046642434,,,shared_all_anomaly_strengths,diffusion_coeff,1500.0
EIR,0,369,2114847280044500927,gateway_calibration,sweep:anomaly_pair:shared_scenarios,566.3521485099305,133,666.9667046642434,,,shared_all_anomaly_strengths,diffusion_coeff,1500.0
EIR,0,370,7087323381771673869,gateway_calibration,sweep:anomaly_pair:shared_scenarios,533.2359227854855,118,666.9667046642434,,,shared_all_anomaly_strengths,diffusion_coeff,1500.0
EIR,0,371,5657654365128844730,gateway_calibration,sweep:anomaly_pair:shared_scenarios,521.0636676853013,129,666.9667046642434,,,shared_all_anomaly_strengths,diffusion_coeff,1500.0
EIR,0,372,2027870051160191704,gateway_calibration,sweep:anomaly_pair:shared_scenarios,432.77743300875517,107,666.9667046642434,,,shared_all_anomaly_strengths,diffusion_coeff,1500.0
EIR,0,373,7848999889242844692,gateway_calibration,sweep:anomaly_pair:shared_scenarios,514.8597475297086,151,666.9667046642434,,,shared_all_anomaly_strengths,diffusion_coeff,1500.0
EIR,0,374,333687295804109698,gateway_calibration,sweep:anomaly_pair:shared_scenarios,491.89000564912567,113,666.9667046642434,,,shared_all_anomaly_strengths,diffusion_coeff,1500.0
EIR,0,375,3858544135291456003,gateway_calibration,sweep:anomaly_pair:shared_scenarios,636.3016972331405,118,666.9667046642434,,,shared_all_anomaly_strengths,diffusion_coeff,1500.0
EIR,0,376,5954054979897712788,gateway_calibration,sweep:anomaly_pair:shared_scenarios,576.8182200743952,149,666.9667046642434,,,shared_all_anomaly_strengths,diffusion_coeff,1500.0
EIR,0,377,1335844326469534536,gateway_calibration,sweep:anomaly_pair:shared_scenarios,542.1102979129878,133,666.9667046642434,,,shared_all_anomaly_strengths,diffusion_coeff,1500.0
EIR,0,378,7763485567302934545,gateway_calibration,sweep:anomaly_pair:shared_scenarios,606.5985601481425,130,666.9667046642434,,,shared_all_anomaly_strengths,diffusion_coeff,1500.0
EIR,0,379,2085077819561017134,gateway_calibration,sweep:anomaly_pair:shared_scenarios,541.6875666713732,112,666.9667046642434,,,shared_all_anomaly_strengths,diffusion_coeff,1500.0
EIR,0,380,2522980069351540246,gateway_calibration,sweep:anomaly_pair:shared_scenarios,521.5296345493615,118,666.9667046642434,,,shared_all_anomaly_strengths,diffusion_coeff,1500.0
EIR,0,381,4975283561804637613,gateway_calibration,sweep:anomaly_pair:shared_scenarios,470.31327579684057,126,666.9667046642434,,,shared_all_anomaly_strengths,diffusion_coeff,1500.0
EIR,0,382,1302504027955615947,gateway_calibration,sweep:anomaly_pair:shared_scenarios,590.5505239360094,117,666.9667046642434,,,shared_all_anomaly_strengths,diffusion_coeff,1500.0
EIR,0,383,8927732358631061418,gateway_calibration,sweep:anomaly_pair:shared_scenarios,581.5841405463484,131,666.9667046642434,,,shared_all_anomaly_strengths,diffusion_coeff,1500.0
EIR,0,384,7102871842583592410,gateway_calibration,sweep:anomaly_pair:shared_scenarios,569.1663622690836,125,666.9667046642434,,,shared_all_anomaly_strengths,diffusion_coeff,1500.0
EIR,0,385,8751812685682384577,gateway_calibration,sweep:anomaly_pair:shared_scenarios,607.7456594401742,135,666.9667046642434,,,shared_all_anomaly_strengths,diffusion_coeff,1500.0
EIR,0,386,2867292286665412959,gateway_calibration,sweep:anomaly_pair:shared_scenarios,435.19194119204064,111,666.9667046642434,,,shared_all_anomaly_strengths,diffusion_coeff,1500.0
EIR,0,387,2624927968075345649,gateway_calibration,sweep:anomaly_pair:shared_scenarios,682.8728669660587,134,666.9667046642434,,,shared_all_anomaly_strengths,diffusion_coeff,1500.0
EIR,0,388,2537836582560678006,gateway_calibration,sweep:anomaly_pair:shared_scenarios,580.5443267250168,127,666.9667046642434,,,shared_all_anomaly_strengths,diffusion_coeff,1500.0
EIR,0,389,2800143550304458978,gateway_calibration,sweep:anomaly_pair:shared_scenarios,467.4863106344108,124,666.9667046642434,,,shared_all_anomaly_strengths,diffusion_coeff,1500.0
EIR,0,390,5542491175477138315,gateway_calibration,sweep:anomaly_pair:shared_scenarios,554.9189038217899,125,666.9667046642434,,,shared_all_anomaly_strengths,diffusion_coeff,1500.0
EIR,0,391,920575682054079790,gateway_calibration,sweep:anomaly_pair:shared_scenarios,559.6274576957902,122,666.9667046642434,,,shared_all_anomaly_strengths,diffusion_coeff,1500.0
EIR,0,392,7832892230890482956,gateway_calibration,sweep:anomaly_pair:shared_scenarios,481.81715029678014,130,666.9667046642434,,,shared_all_anomaly_strengths,diffusion_coeff,1500.0
EIR,0,393,757741762273162161,gateway_calibration,sweep:anomaly_pair:shared_scenarios,445.1219793012087,98,666.9667046642434,,,shared_all_anomaly_strengths,diffusion_coeff,1500.0
EIR,0,394,2545938917521492744,gateway_calibration,sweep:anomaly_pair:shared_scenarios,509.34593620206897,129,666.9667046642434,,,shared_all_anomaly_strengths,diffusion_coeff,1500.0
EIR,0,395,8023561360387127259,gateway_calibration,sweep:anomaly_pair:shared_scenarios,519.2188149859309,120,666.9667046642434,,,shared_all_anomaly_strengths,diffusion_coeff,1500.0
EIR,0,396,7027188297947467006,gateway_calibration,sweep:anomaly_pair:shared_scenarios,613.4433074517107,129,666.9667046642434,,,shared_all_anomaly_strengths,diffusion_coeff,1500.0
EIR,0,397,7878834433110996755,gateway_calibration,sweep:anomaly_pair:shared_scenarios,637.6928095375105,114,666.9667046642434,,,shared_all_anomaly_strengths,diffusion_coeff,1500.0
EIR,0,398,4744550561105664732,gateway_calibration,sweep:anomaly_pair:shared_scenarios,522.1919005548999,139,666.9667046642434,,,shared_all_anomaly_strengths,diffusion_coeff,1500.0
EIR,0,399,5344886015201979308,gateway_calibration,sweep:anomaly_pair:shared_scenarios,760.8970436524919,137,666.9667046642434,,,shared_all_anomaly_strengths,diffusion_coeff,1500.0
EIR,0,400,5149434508763057584,gateway_calibration,sweep:anomaly_pair:shared_scenarios,458.06202225446776,114,666.9667046642434,,,shared_all_anomaly_strengths,diffusion_coeff,1500.0
EIR,0,401,5599666805503637415,gateway_calibration,sweep:anomaly_pair:shared_scenarios,507.1721116482112,107,666.9667046642434,,,shared_all_anomaly_strengths,diffusion_coeff,1500.0
EIR,0,402,2625638571049592825,gateway_calibration,sweep:anomaly_pair:shared_scenarios,542.4979489738832,126,666.9667046642434,,,shared_all_anomaly_strengths,diffusion_coeff,1500.0
EIR,0,403,6629408355495065749,gateway_calibration,sweep:anomaly_pair:shared_scenarios,468.2605684036266,104,666.9667046642434,,,shared_all_anomaly_strengths,diffusion_coeff,1500.0
EIR,0,404,3150249386986199613,gateway_calibration,sweep:anomaly_pair:shared_scenarios,489.15626651658584,112,666.9667046642434,,,shared_all_anomaly_strengths,diffusion_coeff,1500.0
EIR,0,405,4117381947987728137,gateway_calibration,sweep:anomaly_pair:shared_scenarios,605.8608019996807,150,666.9667046642434,,,shared_all_anomaly_strengths,diffusion_coeff,1500.0
EIR,0,406,7366258876741991286,gateway_calibration,sweep:anomaly_pair:shared_scenarios,512.2472141001963,136,666.9667046642434,,,shared_all_anomaly_strengths,diffusion_coeff,1500.0
EIR,0,407,3058169725806449045,gateway_calibration,sweep:anomaly_pair:shared_scenarios,511.7087922827059,122,666.9667046642434,,,shared_all_anomaly_strengths,diffusion_coeff,1500.0
EIR,0,408,2978841122516248054,gateway_calibration,sweep:anomaly_pair:shared_scenarios,496.9458331607704,116,666.9667046642434,,,shared_all_anomaly_strengths,diffusion_coeff,1500.0
EIR,0,409,2599485624261039583,gateway_calibration,sweep:anomaly_pair:shared_scenarios,606.7486734483481,107,666.9667046642434,,,shared_all_anomaly_strengths,diffusion_coeff,1500.0
EIR,0,410,458882496312945663,gateway_calibration,sweep:anomaly_pair:shared_scenarios,593.4335574883265,136,666.9667046642434,,,shared_all_anomaly_strengths,diffusion_coeff,1500.0
EIR,0,411,4000618753593853165,gateway_calibration,sweep:anomaly_pair:shared_scenarios,416.04508777106344,106,666.9667046642434,,,shared_all_anomaly_strengths,diffusion_coeff,1500.0
EIR,0,412,8339539677611557861,gateway_calibration,sweep:anomaly_pair:shared_scenarios,582.5913902533025,122,666.9667046642434,,,shared_all_anomaly_strengths,diffusion_coeff,1500.0
EIR,0,413,2580185991513178045,gateway_calibration,sweep:anomaly_pair:shared_scenarios,570.3031727871261,125,666.9667046642434,,,shared_all_anomaly_strengths,diffusion_coeff,1500.0
EIR,0,414,3076826962419443480,gateway_calibration,sweep:anomaly_pair:shared_scenarios,582.4302961939404,129,666.9667046642434,,,shared_all_anomaly_strengths,diffusion_coeff,1500.0
EIR,0,415,6827605468891931010,gateway_calibration,sweep:anomaly_pair:shared_scenarios,446.268702820948,112,666.9667046642434,,,shared_all_anomaly_strengths,diffusion_coeff,1500.0
EIR,0,416,3218560465134718098,gateway_calibration,sweep:anomaly_pair:shared_scenarios,661.7179925787864,113,666.9667046642434,,,shared_all_anomaly_strengths,diffusion_coeff,1500.0
EIR,0,417,3922954233183090676,gateway_calibration,sweep:anomaly_pair:shared_scenarios,615.408915726388,123,666.9667046642434,,,shared_all_anomaly_strengths,diffusion_coeff,1500.0
EIR,0,418,1460299898534465968,gateway_calibration,sweep:anomaly_pair:shared_scenarios,470.1439692006631,111,666.9667046642434,,,shared_all_anomaly_strengths,diffusion_coeff,1500.0
EIR,0,419,8305113000185527425,gateway_calibration,sweep:anomaly_pair:shared_scenarios,474.7246649443488,109,666.9667046642434,,,shared_all_anomaly_strengths,diffusion_coeff,1500.0
EIR,0,420,666906365206469240,gateway_calibration,sweep:anomaly_pair:shared_scenarios,617.7450929229766,128,666.9667046642434,,,shared_all_anomaly_strengths,diffusion_coeff,1500.0
EIR,0,421,4902312007981976155,gateway_calibration,sweep:anomaly_pair:shared_scenarios,419.3361241053941,113,666.9667046642434,,,shared_all_anomaly_strengths,diffusion_coeff,1500.0
EIR,0,422,213388171490915124,gateway_calibration,sweep:anomaly_pair:shared_scenarios,486.84456881359586,120,666.9667046642434,,,shared_all_anomaly_strengths,diffusion_coeff,1500.0
EIR,0,423,3426814509533468634,gateway_calibration,sweep:anomaly_pair:shared_scenarios,373.099528674423,100,666.9667046642434,,,shared_all_anomaly_strengths,diffusion_coeff,1500.0
EIR,0,424,3022645040617138448,gateway_calibration,sweep:anomaly_pair:shared_scenarios,696.6735129199069,130,666.9667046642434,,,shared_all_anomaly_strengths,diffusion_coeff,1500.0
EIR,0,425,5527100482172181234,gateway_calibration,sweep:anomaly_pair:shared_scenarios,462.47887531199945,115,666.9667046642434,,,shared_all_anomaly_strengths,diffusion_coeff,1500.0
EIR,0,426,1012614697466316415,gateway_calibration,sweep:anomaly_pair:shared_scenarios,607.326278580693,132,666.9667046642434,,,shared_all_anomaly_strengths,diffusion_coeff,1500.0
EIR,0,427,6258153257279431865,gateway_calibration,sweep:anomaly_pair:shared_scenarios,605.4869074001688,130,666.9667046642434,,,shared_all_anomaly_strengths,diffusion_coeff,1500.0
EIR,0,428,3494724231981409682,gateway_calibration,sweep:anomaly_pair:shared_scenarios,550.2459970191809,118,666.9667046642434,,,shared_all_anomaly_strengths,diffusion_coeff,1500.0
EIR,0,429,9138299470163467240,gateway_calibration,sweep:anomaly_pair:shared_scenarios,579.387030721341,108,666.9667046642434,,,shared_all_anomaly_strengths,diffusion_coeff,1500.0
EIR,0,430,6891783168053645325,gateway_calibration,sweep:anomaly_pair:shared_scenarios,492.799325436545,122,666.9667046642434,,,shared_all_anomaly_strengths,diffusion_coeff,1500.0
EIR,0,431,6869361412516472794,gateway_calibration,sweep:anomaly_pair:shared_scenarios,533.3202478568844,127,666.9667046642434,,,shared_all_anomaly_strengths,diffusion_coeff,1500.0
EIR,0,432,2541163241042689952,gateway_calibration,sweep:anomaly_pair:shared_scenarios,496.9762252012185,128,666.9667046642434,,,shared_all_anomaly_strengths,diffusion_coeff,1500.0
EIR,0,433,8254769182462207207,gateway_calibration,sweep:anomaly_pair:shared_scenarios,554.2358153395952,110,666.9667046642434,,,shared_all_anomaly_strengths,diffusion_coeff,1500.0
EIR,0,434,4013505716720903184,gateway_calibration,sweep:anomaly_pair:shared_scenarios,522.1002739543161,108,666.9667046642434,,,shared_all_anomaly_strengths,diffusion_coeff,1500.0
EIR,0,435,5806127130564233059,gateway_calibration,sweep:anomaly_pair:shared_scenarios,583.0156223943843,123,666.9667046642434,,,shared_all_anomaly_strengths,diffusion_coeff,1500.0
EIR,0,436,8292276808083054766,gateway_calibration,sweep:anomaly_pair:shared_scenarios,694.2490690346826,134,666.9667046642434,,,shared_all_anomaly_strengths,diffusion_coeff,1500.0
EIR,0,437,411766100713001608,gateway_calibration,sweep:anomaly_pair:shared_scenarios,502.83221465742236,124,666.9667046642434,,,shared_all_anomaly_strengths,diffusion_coeff,1500.0
EIR,0,438,3930968551179869439,gateway_calibration,sweep:anomaly_pair:shared_scenarios,563.382245268534,116,666.9667046642434,,,shared_all_anomaly_strengths,diffusion_coeff,1500.0
EIR,0,439,3763632109674308185,gateway_calibration,sweep:anomaly_pair:shared_scenarios,455.9172711498241,121,666.9667046642434,,,shared_all_anomaly_strengths,diffusion_coeff,1500.0
EIR,0,440,5278015637357484618,gateway_calibration,sweep:anomaly_pair:shared_scenarios,554.6631647270057,120,666.9667046642434,,,shared_all_anomaly_strengths,diffusion_coeff,1500.0
EIR,0,441,5470421236833479721,gateway_calibration,sweep:anomaly_pair:shared_scenarios,596.5525188738113,113,666.9667046642434,,,shared_all_anomaly_strengths,diffusion_coeff,1500.0
EIR,0,442,4152824066035952546,gateway_calibration,sweep:anomaly_pair:shared_scenarios,530.3501716386991,116,666.9667046642434,,,shared_all_anomaly_strengths,diffusion_coeff,1500.0
EIR,0,443,8782078971988136695,gateway_calibration,sweep:anomaly_pair:shared_scenarios,537.4699659041322,119,666.9667046642434,,,shared_all_anomaly_strengths,diffusion_coeff,1500.0
EIR,0,444,8949691134399507769,gateway_calibration,sweep:anomaly_pair:shared_scenarios,629.9507507612785,127,666.9667046642434,,,shared_all_anomaly_strengths,diffusion_coeff,1500.0
EIR,0,445,1243237072583537200,gateway_calibration,sweep:anomaly_pair:shared_scenarios,515.2258494498631,108,666.9667046642434,,,shared_all_anomaly_strengths,diffusion_coeff,1500.0
EIR,0,446,6083371766119392307,gateway_calibration,sweep:anomaly_pair:shared_scenarios,513.2610227297157,101,666.9667046642434,,,shared_all_anomaly_strengths,diffusion_coeff,1500.0
EIR,0,447,7648441755753076920,gateway_calibration,sweep:anomaly_pair:shared_scenarios,609.12634321936,122,666.9667046642434,,,shared_all_anomaly_strengths,diffusion_coeff,1500.0
EIR,0,448,955005731795147001,gateway_calibration,sweep:anomaly_pair:shared_scenarios,619.6675475056029,121,666.9667046642434,,,shared_all_anomaly_strengths,diffusion_coeff,1500.0
EIR,0,449,45305231348623693,gateway_calibration,sweep:anomaly_pair:shared_scenarios,544.3671794774564,133,666.9667046642434,,,shared_all_anomaly_strengths,diffusion_coeff,1500.0
EIR,0,450,2115602869220638789,gateway_calibration,sweep:anomaly_pair:shared_scenarios,508.09785241242696,125,666.9667046642434,,,shared_all_anomaly_strengths,diffusion_coeff,1500.0
EIR,0,451,5676793455979563788,gateway_calibration,sweep:anomaly_pair:shared_scenarios,612.3625483645683,111,666.9667046642434,,,shared_all_anomaly_strengths,diffusion_coeff,1500.0
EIR,0,452,6366447883379022413,gateway_calibration,sweep:anomaly_pair:shared_scenarios,568.6872304484863,132,666.9667046642434,,,shared_all_anomaly_strengths,diffusion_coeff,1500.0
EIR,0,453,4225207655377417674,gateway_calibration,sweep:anomaly_pair:shared_scenarios,514.9702463583964,131,666.9667046642434,,,shared_all_anomaly_strengths,diffusion_coeff,1500.0
EIR,0,454,7327466488411297350,gateway_calibration,sweep:anomaly_pair:shared_scenarios,483.15028887900564,118,666.9667046642434,,,shared_all_anomaly_strengths,diffusion_coeff,1500.0
EIR,0,455,5345767761096099882,gateway_calibration,sweep:anomaly_pair:shared_scenarios,447.14847739896425,87,666.9667046642434,,,shared_all_anomaly_strengths,diffusion_coeff,1500.0
EIR,0,456,2133102790808814152,gateway_calibration,sweep:anomaly_pair:shared_scenarios,572.243421360631,125,666.9667046642434,,,shared_all_anomaly_strengths,diffusion_coeff,1500.0
EIR,0,457,6037868011932965840,gateway_calibration,sweep:anomaly_pair:shared_scenarios,502.4759368089959,131,666.9667046642434,,,shared_all_anomaly_strengths,diffusion_coeff,1500.0
EIR,0,458,4340644108282100646,gateway_calibration,sweep:anomaly_pair:shared_scenarios,599.0100813233228,147,666.9667046642434,,,shared_all_anomaly_strengths,diffusion_coeff,1500.0
EIR,0,459,949751417938216244,gateway_calibration,sweep:anomaly_pair:shared_scenarios,510.1027996412547,120,666.9667046642434,,,shared_all_anomaly_strengths,diffusion_coeff,1500.0
EIR,0,460,7054426845112713226,gateway_calibration,sweep:anomaly_pair:shared_scenarios,584.9430650069139,132,666.9667046642434,,,shared_all_anomaly_strengths,diffusion_coeff,1500.0
EIR,0,461,2331330513053472942,gateway_calibration,sweep:anomaly_pair:shared_scenarios,576.2133453878562,125,666.9667046642434,,,shared_all_anomaly_strengths,diffusion_coeff,1500.0
EIR,0,462,2243847955329417019,gateway_calibration,sweep:anomaly_pair:shared_scenarios,447.2561492505908,121,666.9667046642434,,,shared_all_anomaly_strengths,diffusion_coeff,1500.0
EIR,0,463,1493485923527818258,gateway_calibration,sweep:anomaly_pair:shared_scenarios,469.9493725168916,131,666.9667046642434,,,shared_all_anomaly_strengths,diffusion_coeff,1500.0
EIR,0,464,2216699455221061669,gateway_calibration,sweep:anomaly_pair:shared_scenarios,596.999221715102,132,666.9667046642434,,,shared_all_anomaly_strengths,diffusion_coeff,1500.0
EIR,0,465,6883161541620008480,gateway_calibration,sweep:anomaly_pair:shared_scenarios,566.2647738034854,123,666.9667046642434,,,shared_all_anomaly_strengths,diffusion_coeff,1500.0
EIR,0,466,1985404953787314291,gateway_calibration,sweep:anomaly_pair:shared_scenarios,490.84533218996177,119,666.9667046642434,,,shared_all_anomaly_strengths,diffusion_coeff,1500.0
EIR,0,467,1384036578423497838,gateway_calibration,sweep:anomaly_pair:shared_scenarios,580.4767721313367,123,666.9667046642434,,,shared_all_anomaly_strengths,diffusion_coeff,1500.0
EIR,0,468,4722935997294481070,gateway_calibration,sweep:anomaly_pair:shared_scenarios,475.62780212460126,114,666.9667046642434,,,shared_all_anomaly_strengths,diffusion_coeff,1500.0
EIR,0,469,528191954664659622,gateway_calibration,sweep:anomaly_pair:shared_scenarios,454.8002812467836,111,666.9667046642434,,,shared_all_anomaly_strengths,diffusion_coeff,1500.0
EIR,0,470,1633712328529169800,gateway_calibration,sweep:anomaly_pair:shared_scenarios,519.9754907565881,144,666.9667046642434,,,shared_all_anomaly_strengths,diffusion_coeff,1500.0
EIR,0,471,6633907339390607815,gateway_calibration,sweep:anomaly_pair:shared_scenarios,599.0096284116372,108,666.9667046642434,,,shared_all_anomaly_strengths,diffusion_coeff,1500.0
EIR,0,472,7110316941102820115,gateway_calibration,sweep:anomaly_pair:shared_scenarios,606.5232130487225,123,666.9667046642434,,,shared_all_anomaly_strengths,diffusion_coeff,1500.0
EIR,0,473,648151194668048025,gateway_calibration,sweep:anomaly_pair:shared_scenarios,477.8812288202901,113,666.9667046642434,,,shared_all_anomaly_strengths,diffusion_coeff,1500.0
EIR,0,474,2324647907345855690,gateway_calibration,sweep:anomaly_pair:shared_scenarios,612.9706943984398,133,666.9667046642434,,,shared_all_anomaly_strengths,diffusion_coeff,1500.0
EIR,0,475,944763265997848402,gateway_calibration,sweep:anomaly_pair:shared_scenarios,430.1797944039445,110,666.9667046642434,,,shared_all_anomaly_strengths,diffusion_coeff,1500.0
EIR,0,476,7563131271191532633,gateway_calibration,sweep:anomaly_pair:shared_scenarios,607.854593491327,154,666.9667046642434,,,shared_all_anomaly_strengths,diffusion_coeff,1500.0
EIR,0,477,2509031892675661094,gateway_calibration,sweep:anomaly_pair:shared_scenarios,412.3981077537757,116,666.9667046642434,,,shared_all_anomaly_strengths,diffusion_coeff,1500.0
EIR,0,478,6203947427023563777,gateway_calibration,sweep:anomaly_pair:shared_scenarios,570.2094090805915,112,666.9667046642434,,,shared_all_anomaly_strengths,diffusion_coeff,1500.0
EIR,0,479,6280194980310007953,gateway_calibration,sweep:anomaly_pair:shared_scenarios,581.7017984683324,126,666.9667046642434,,,shared_all_anomaly_strengths,diffusion_coeff,1500.0
EIR,0,480,6714940429764513866,gateway_calibration,sweep:anomaly_pair:shared_scenarios,535.1571853749388,122,666.9667046642434,,,shared_all_anomaly_strengths,diffusion_coeff,1500.0
EIR,0,481,1585407397185217282,gateway_calibration,sweep:anomaly_pair:shared_scenarios,618.6170069696138,138,666.9667046642434,,,shared_all_anomaly_strengths,diffusion_coeff,1500.0
EIR,0,482,6706063428171325988,gateway_calibration,sweep:anomaly_pair:shared_scenarios,507.3195103510505,109,666.9667046642434,,,shared_all_anomaly_strengths,diffusion_coeff,1500.0
EIR,0,483,2723086856808871853,gateway_calibration,sweep:anomaly_pair:shared_scenarios,535.5308399084262,113,666.9667046642434,,,shared_all_anomaly_strengths,diffusion_coeff,1500.0
EIR,0,484,4346870091848339416,gateway_calibration,sweep:anomaly_pair:shared_scenarios,522.054450307593,130,666.9667046642434,,,shared_all_anomaly_strengths,diffusion_coeff,1500.0
EIR,0,485,7287133659789628915,gateway_calibration,sweep:anomaly_pair:shared_scenarios,566.3797194922496,134,666.9667046642434,,,shared_all_anomaly_strengths,diffusion_coeff,1500.0
EIR,0,486,2494165871751805290,gateway_calibration,sweep:anomaly_pair:shared_scenarios,620.8155609600628,132,666.9667046642434,,,shared_all_anomaly_strengths,diffusion_coeff,1500.0
EIR,0,487,3661305971430326717,gateway_calibration,sweep:anomaly_pair:shared_scenarios,541.2975213535143,126,666.9667046642434,,,shared_all_anomaly_strengths,diffusion_coeff,1500.0
EIR,0,488,4108916358889597565,gateway_calibration,sweep:anomaly_pair:shared_scenarios,477.43993329396403,107,666.9667046642434,,,shared_all_anomaly_strengths,diffusion_coeff,1500.0
EIR,0,489,1534234753197727125,gateway_calibration,sweep:anomaly_pair:shared_scenarios,494.3103867868273,112,666.9667046642434,,,shared_all_anomaly_strengths,diffusion_coeff,1500.0
EIR,0,490,7992839432723694714,gateway_calibration,sweep:anomaly_pair:shared_scenarios,539.9474602300107,127,666.9667046642434,,,shared_all_anomaly_strengths,diffusion_coeff,1500.0
EIR,0,491,267602845997369720,gateway_calibration,sweep:anomaly_pair:shared_scenarios,505.57948566422624,115,666.9667046642434,,,shared_all_anomaly_strengths,diffusion_coeff,1500.0
EIR,0,492,8956605696040384406,gateway_calibration,sweep:anomaly_pair:shared_scenarios,598.6879059065348,114,666.9667046642434,,,shared_all_anomaly_strengths,diffusion_coeff,1500.0
EIR,0,493,5206171671982199970,gateway_calibration,sweep:anomaly_pair:shared_scenarios,494.99670295108416,121,666.9667046642434,,,shared_all_anomaly_strengths,diffusion_coeff,1500.0
EIR,0,494,3552257924642337236,gateway_calibration,sweep:anomaly_pair:shared_scenarios,477.98458090137007,127,666.9667046642434,,,shared_all_anomaly_strengths,diffusion_coeff,1500.0
EIR,0,495,4539722117532196426,gateway_calibration,sweep:anomaly_pair:shared_scenarios,584.854710139341,141,666.9667046642434,,,shared_all_anomaly_strengths,diffusion_coeff,1500.0
EIR,0,496,4932179539160465299,gateway_calibration,sweep:anomaly_pair:shared_scenarios,463.96238371802787,120,666.9667046642434,,,shared_all_anomaly_strengths,diffusion_coeff,1500.0
EIR,0,497,6745222888165061244,gateway_calibration,sweep:anomaly_pair:shared_scenarios,351.12945038655073,98,666.9667046642434,,,shared_all_anomaly_strengths,diffusion_coeff,1500.0
EIR,0,498,8037702420921553958,gateway_calibration,sweep:anomaly_pair:shared_scenarios,559.7344634119112,116,666.9667046642434,,,shared_all_anomaly_strengths,diffusion_coeff,1500.0
EIR,0,499,3026982929224465183,gateway_calibration,sweep:anomaly_pair:shared_scenarios,660.3845618378058,128,666.9667046642434,,,shared_all_anomaly_strengths,diffusion_coeff,1500.0
RR,0,0,6942901201456939297,gateway_calibration,sweep:anomaly_pair:shared_scenarios,569.5218307162426,89,811.6338322072953,,,shared_all_anomaly_strengths,diffusion_coeff,3000.0
RR,0,1,3707311459125033713,gateway_calibration,sweep:anomaly_pair:shared_scenarios,637.0129746969429,117,811.6338322072953,,,shared_all_anomaly_strengths,diffusion_coeff,3000.0
RR,0,2,6525899029649517457,gateway_calibration,sweep:anomaly_pair:shared_scenarios,668.8897900431724,140,811.6338322072953,,,shared_all_anomaly_strengths,diffusion_coeff,3000.0
RR,0,3,7579878600958796329,gateway_calibration,sweep:anomaly_pair:shared_scenarios,692.9364560394724,120,811.6338322072953,,,shared_all_anomaly_strengths,diffusion_coeff,3000.0
RR,0,4,1995048182365014103,gateway_calibration,sweep:anomaly_pair:shared_scenarios,864.7108012044494,147,811.6338322072953,,,shared_all_anomaly_strengths,diffusion_coeff,3000.0
RR,0,5,3295882431625053650,gateway_calibration,sweep:anomaly_pair:shared_scenarios,673.7082030461164,139,811.6338322072953,,,shared_all_anomaly_strengths,diffusion_coeff,3000.0
RR,0,6,5854776044075552459,gateway_calibration,sweep:anomaly_pair:shared_scenarios,681.2784921809425,124,811.6338322072953,,,shared_all_anomaly_strengths,diffusion_coeff,3000.0
RR,0,7,7709607086058877159,gateway_calibration,sweep:anomaly_pair:shared_scenarios,673.3629872714114,135,811.6338322072953,,,shared_all_anomaly_strengths,diffusion_coeff,3000.0
RR,0,8,1741592563361101750,gateway_calibration,sweep:anomaly_pair:shared_scenarios,644.4537003990921,115,811.6338322072953,,,shared_all_anomaly_strengths,diffusion_coeff,3000.0
RR,0,9,3282932482964655802,gateway_calibration,sweep:anomaly_pair:shared_scenarios,645.5037326849285,135,811.6338322072953,,,shared_all_anomaly_strengths,diffusion_coeff,3000.0
RR,0,10,1774785994864530756,gateway_calibration,sweep:anomaly_pair:shared_scenarios,523.7129620027232,118,811.6338322072953,,,shared_all_anomaly_strengths,diffusion_coeff,3000.0
RR,0,11,8140464769652066346,gateway_calibration,sweep:anomaly_pair:shared_scenarios,695.7227070357013,117,811.6338322072953,,,shared_all_anomaly_strengths,diffusion_coeff,3000.0
RR,0,12,1253555579543505935,gateway_calibration,sweep:anomaly_pair:shared_scenarios,805.9021374700542,141,811.6338322072953,,,shared_all_anomaly_strengths,diffusion_coeff,3000.0
RR,0,13,7889622116667546826,gateway_calibration,sweep:anomaly_pair:shared_scenarios,614.1730214144285,133,811.6338322072953,,,shared_all_anomaly_strengths,diffusion_coeff,3000.0
RR,0,14,2999731371178102042,gateway_calibration,sweep:anomaly_pair:shared_scenarios,643.0822836374451,119,811.6338322072953,,,shared_all_anomaly_strengths,diffusion_coeff,3000.0
RR,0,15,3149132606532110017,gateway_calibration,sweep:anomaly_pair:shared_scenarios,679.0592614488428,138,811.6338322072953,,,shared_all_anomaly_strengths,diffusion_coeff,3000.0
RR,0,16,5945166213153900620,gateway_calibration,sweep:anomaly_pair:shared_scenarios,671.1755425333795,112,811.6338322072953,,,shared_all_anomaly_strengths,diffusion_coeff,3000.0
RR,0,17,8780635847486979818,gateway_calibration,sweep:anomaly_pair:shared_scenarios,639.7812103577721,128,811.6338322072953,,,shared_all_anomaly_strengths,diffusion_coeff,3000.0
RR,0,18,977807179708126678,gateway_calibration,sweep:anomaly_pair:shared_scenarios,591.3790028511686,122,811.6338322072953,,,shared_all_anomaly_strengths,diffusion_coeff,3000.0
RR,0,19,4758583958882270302,gateway_calibration,sweep:anomaly_pair:shared_scenarios,698.9768760943156,121,811.6338322072953,,,shared_all_anomaly_strengths,diffusion_coeff,3000.0
RR,0,20,624488504525834361,gateway_calibration,sweep:anomaly_pair:shared_scenarios,593.7236340559291,112,811.6338322072953,,,shared_all_anomaly_strengths,diffusion_coeff,3000.0
RR,0,21,9127488914970490212,gateway_calibration,sweep:anomaly_pair:shared_scenarios,711.673429296384,132,811.6338322072953,,,shared_all_anomaly_strengths,diffusion_coeff,3000.0
RR,0,22,3878214634024289995,gateway_calibration,sweep:anomaly_pair:shared_scenarios,736.2354188181224,116,811.6338322072953,,,shared_all_anomaly_strengths,diffusion_coeff,3000.0
RR,0,23,3074434249601971096,gateway_calibration,sweep:anomaly_pair:shared_scenarios,592.4859897838412,107,811.6338322072953,,,shared_all_anomaly_strengths,diffusion_coeff,3000.0
RR,0,24,3240386866293341253,gateway_calibration,sweep:anomaly_pair:shared_scenarios,509.495336112637,99,811.6338322072953,,,shared_all_anomaly_strengths,diffusion_coeff,3000.0
RR,0,25,6243332140314349343,gateway_calibration,sweep:anomaly_pair:shared_scenarios,678.9480635199336,121,811.6338322072953,,,shared_all_anomaly_strengths,diffusion_coeff,3000.0
RR,0,26,3868622807354924164,gateway_calibration,sweep:anomaly_pair:shared_scenarios,735.6747433920989,137,811.6338322072953,,,shared_all_anomaly_strengths,diffusion_coeff,3000.0
RR,0,27,1718082128973198771,gateway_calibration,sweep:anomaly_pair:shared_scenarios,858.488783589724,136,811.6338322072953,,,shared_all_anomaly_strengths,diffusion_coeff,3000.0
RR,0,28,2704479796120479431,gateway_calibration,sweep:anomaly_pair:shared_scenarios,650.896624320361,127,811.6338322072953,,,shared_all_anomaly_strengths,diffusion_coeff,3000.0
RR,0,29,3697228631517816840,gateway_calibration,sweep:anomaly_pair:shared_scenarios,724.2506048540014,132,811.6338322072953,,,shared_all_anomaly_strengths,diffusion_coeff,3000.0
RR,0,30,8820983848116756903,gateway_calibration,sweep:anomaly_pair:shared_scenarios,825.8077127974714,145,811.6338322072953,,,shared_all_anomaly_strengths,diffusion_coeff,3000.0
RR,0,31,7643153808516479349,gateway_calibration,sweep:anomaly_pair:shared_scenarios,766.0415523868221,126,811.6338322072953,,,shared_all_anomaly_strengths,diffusion_coeff,3000.0
RR,0,32,3795846149567597038,gateway_calibration,sweep:anomaly_pair:shared_scenarios,600.1548613697555,110,811.6338322072953,,,shared_all_anomaly_strengths,diffusion_coeff,3000.0
RR,0,33,8760001566670653492,gateway_calibration,sweep:anomaly_pair:shared_scenarios,581.3470128306996,120,811.6338322072953,,,shared_all_anomaly_strengths,diffusion_coeff,3000.0
RR,0,34,2744726624485914817,gateway_calibration,sweep:anomaly_pair:shared_scenarios,590.1132494844203,122,811.6338322072953,,,shared_all_anomaly_strengths,diffusion_coeff,3000.0
RR,0,35,7310029771266914304,gateway_calibration,sweep:anomaly_pair:shared_scenarios,565.8521288826976,117,811.6338322072953,,,shared_all_anomaly_strengths,diffusion_coeff,3000.0
RR,0,36,8860427485777938866,gateway_calibration,sweep:anomaly_pair:shared_scenarios,582.5939435963256,113,811.6338322072953,,,shared_all_anomaly_strengths,diffusion_coeff,3000.0
RR,0,37,8598656038562839224,gateway_calibration,sweep:anomaly_pair:shared_scenarios,758.9299304684967,135,811.6338322072953,,,shared_all_anomaly_strengths,diffusion_coeff,3000.0
RR,0,38,8997019032754762713,gateway_calibration,sweep:anomaly_pair:shared_scenarios,753.0728135918253,122,811.6338322072953,,,shared_all_anomaly_strengths,diffusion_coeff,3000.0
RR,0,39,4208817818748932462,gateway_calibration,sweep:anomaly_pair:shared_scenarios,575.4418092213259,106,811.6338322072953,,,shared_all_anomaly_strengths,diffusion_coeff,3000.0
RR,0,40,6068242829919299090,gateway_calibration,sweep:anomaly_pair:shared_scenarios,672.6104155326292,126,811.6338322072953,,,shared_all_anomaly_strengths,diffusion_coeff,3000.0
RR,0,41,4049042354117377146,gateway_calibration,sweep:anomaly_pair:shared_scenarios,556.9808721476859,132,811.6338322072953,,,shared_all_anomaly_strengths,diffusion_coeff,3000.0
RR,0,42,5126773472074832949,gateway_calibration,sweep:anomaly_pair:shared_scenarios,564.1679337117063,123,811.6338322072953,,,shared_all_anomaly_strengths,diffusion_coeff,3000.0
RR,0,43,6183996202129912428,gateway_calibration,sweep:anomaly_pair:shared_scenarios,624.4683143707108,126,811.6338322072953,,,shared_all_anomaly_strengths,diffusion_coeff,3000.0
RR,0,44,5034920799087487164,gateway_calibration,sweep:anomaly_pair:shared_scenarios,728.506310932056,149,811.6338322072953,,,shared_all_anomaly_strengths,diffusion_coeff,3000.0
RR,0,45,5099780515566784822,gateway_calibration,sweep:anomaly_pair:shared_scenarios,691.7117493584005,122,811.6338322072953,,,shared_all_anomaly_strengths,diffusion_coeff,3000.0
RR,0,46,3743304880928594782,gateway_calibration,sweep:anomaly_pair:shared_scenarios,730.6918261710734,133,811.6338322072953,,,shared_all_anomaly_strengths,diffusion_coeff,3000.0
RR,0,47,7315397891830491094,gateway_calibration,sweep:anomaly_pair:shared_scenarios,835.0813110803193,141,811.6338322072953,,,shared_all_anomaly_strengths,diffusion_coeff,3000.0
RR,0,48,2190007532852709612,gateway_calibration,sweep:anomaly_pair:shared_scenarios,781.1311339949182,135,811.6338322072953,,,shared_all_anomaly_strengths,diffusion_coeff,3000.0
RR,0,49,120834209760926409,gateway_calibration,sweep:anomaly_pair:shared_scenarios,622.1203534106393,122,811.6338322072953,,,shared_all_anomaly_strengths,diffusion_coeff,3000.0
RR,0,50,3276339480421714797,gateway_calibration,sweep:anomaly_pair:shared_scenarios,633.8001857456971,130,811.6338322072953,,,shared_all_anomaly_strengths,diffusion_coeff,3000.0
RR,0,51,7889239287137057542,gateway_calibration,sweep:anomaly_pair:shared_scenarios,709.7736851437461,132,811.6338322072953,,,shared_all_anomaly_strengths,diffusion_coeff,3000.0
RR,0,52,3388785810564520190,gateway_calibration,sweep:anomaly_pair:shared_scenarios,641.858828648102,134,811.6338322072953,,,shared_all_anomaly_strengths,diffusion_coeff,3000.0
RR,0,53,5503237878395346684,gateway_calibration,sweep:anomaly_pair:shared_scenarios,628.4005897644854,115,811.6338322072953,,,shared_all_anomaly_strengths,diffusion_coeff,3000.0
RR,0,54,5415491490608218996,gateway_calibration,sweep:anomaly_pair:shared_scenarios,722.314057410151,130,811.6338322072953,,,shared_all_anomaly_strengths,diffusion_coeff,3000.0
RR,0,55,26760604161946009,gateway_calibration,sweep:anomaly_pair:shared_scenarios,721.2782131734821,110,811.6338322072953,,,shared_all_anomaly_strengths,diffusion_coeff,3000.0
RR,0,56,6830352398876445275,gateway_calibration,sweep:anomaly_pair:shared_scenarios,661.1652077088363,127,811.6338322072953,,,shared_all_anomaly_strengths,diffusion_coeff,3000.0
RR,0,57,1406415348362794825,gateway_calibration,sweep:anomaly_pair:shared_scenarios,700.5530361074957,134,811.6338322072953,,,shared_all_anomaly_strengths,diffusion_coeff,3000.0
RR,0,58,7701508260034706105,gateway_calibration,sweep:anomaly_pair:shared_scenarios,638.2654531364702,130,811.6338322072953,,,shared_all_anomaly_strengths,diffusion_coeff,3000.0
RR,0,59,2711167823261115708,gateway_calibration,sweep:anomaly_pair:shared_scenarios,669.8068651547584,132,811.6338322072953,,,shared_all_anomaly_strengths,diffusion_coeff,3000.0
RR,0,60,3144340299977682071,gateway_calibration,sweep:anomaly_pair:shared_scenarios,699.4313934624826,114,811.6338322072953,,,shared_all_anomaly_strengths,diffusion_coeff,3000.0
RR,0,61,6563400931778538780,gateway_calibration,sweep:anomaly_pair:shared_scenarios,545.9121069016086,108,811.6338322072953,,,shared_all_anomaly_strengths,diffusion_coeff,3000.0
RR,0,62,2388043308876394469,gateway_calibration,sweep:anomaly_pair:shared_scenarios,747.1758128985064,147,811.6338322072953,,,shared_all_anomaly_strengths,diffusion_coeff,3000.0
RR,0,63,6824789488425972207,gateway_calibration,sweep:anomaly_pair:shared_scenarios,632.995868006699,114,811.6338322072953,,,shared_all_anomaly_strengths,diffusion_coeff,3000.0
RR,0,64,1401432086598941843,gateway_calibration,sweep:anomaly_pair:shared_scenarios,793.1298709897388,136,811.6338322072953,,,shared_all_anomaly_strengths,diffusion_coeff,3000.0
RR,0,65,4672481713666300259,gateway_calibration,sweep:anomaly_pair:shared_scenarios,698.7897988184336,139,811.6338322072953,,,shared_all_anomaly_strengths,diffusion_coeff,3000.0
RR,0,66,6903420366369478612,gateway_calibration,sweep:anomaly_pair:shared_scenarios,707.0021296327398,129,811.6338322072953,,,shared_all_anomaly_strengths,diffusion_coeff,3000.0
RR,0,67,6898050963322559496,gateway_calibration,sweep:anomaly_pair:shared_scenarios,567.9714389194864,113,811.6338322072953,,,shared_all_anomaly_strengths,diffusion_coeff,3000.0
RR,0,68,614393272824454916,gateway_calibration,sweep:anomaly_pair:shared_scenarios,744.349943268835,142,811.6338322072953,,,shared_all_anomaly_strengths,diffusion_coeff,3000.0
RR,0,69,672551910386015347,gateway_calibration,sweep:anomaly_pair:shared_scenarios,720.822881055443,134,811.6338322072953,,,shared_all_anomaly_strengths,diffusion_coeff,3000.0
RR,0,70,2982091152045645099,gateway_calibration,sweep:anomaly_pair:shared_scenarios,666.4404689512392,112,811.6338322072953,,,shared_all_anomaly_strengths,diffusion_coeff,3000.0
RR,0,71,823492357614472977,gateway_calibration,sweep:anomaly_pair:shared_scenarios,761.5033862641955,136,811.6338322072953,,,shared_all_anomaly_strengths,diffusion_coeff,3000.0
RR,0,72,4697794938409790858,gateway_calibration,sweep:anomaly_pair:shared_scenarios,571.8629317177351,110,811.6338322072953,,,shared_all_anomaly_strengths,diffusion_coeff,3000.0
RR,0,73,6582019303472037237,gateway_calibration,sweep:anomaly_pair:shared_scenarios,791.9673837284421,128,811.6338322072953,,,shared_all_anomaly_strengths,diffusion_coeff,3000.0
RR,0,74,300672792335245350,gateway_calibration,sweep:anomaly_pair:shared_scenarios,533.1766168478025,117,811.6338322072953,,,shared_all_anomaly_strengths,diffusion_coeff,3000.0
RR,0,75,5751946339530838054,gateway_calibration,sweep:anomaly_pair:shared_scenarios,639.649599032408,130,811.6338322072953,,,shared_all_anomaly_strengths,diffusion_coeff,3000.0
RR,0,76,961439938750258285,gateway_calibration,sweep:anomaly_pair:shared_scenarios,843.8629337534314,147,811.6338322072953,,,shared_all_anomaly_strengths,diffusion_coeff,3000.0
RR,0,77,3257887825763507863,gateway_calibration,sweep:anomaly_pair:shared_scenarios,608.5133942950629,125,811.6338322072953,,,shared_all_anomaly_strengths,diffusion_coeff,3000.0
RR,0,78,8166365252455630432,gateway_calibration,sweep:anomaly_pair:shared_scenarios,696.8869564941374,129,811.6338322072953,,,shared_all_anomaly_strengths,diffusion_coeff,3000.0
RR,0,79,2849578758725429319,gateway_calibration,sweep:anomaly_pair:shared_scenarios,723.4900736636237,128,811.6338322072953,,,shared_all_anomaly_strengths,diffusion_coeff,3000.0
RR,0,80,5847011703168282323,gateway_calibration,sweep:anomaly_pair:shared_scenarios,702.3183178455824,132,811.6338322072953,,,shared_all_anomaly_strengths,diffusion_coeff,3000.0
RR,0,81,7858864668525583430,gateway_calibration,sweep:anomaly_pair:shared_scenarios,414.49125755451934,95,811.6338322072953,,,shared_all_anomaly_strengths,diffusion_coeff,3000.0
RR,0,82,268940495404723730,gateway_calibration,sweep:anomaly_pair:shared_scenarios,451.9902806490856,103,811.6338322072953,,,shared_all_anomaly_strengths,diffusion_coeff,3000.0
RR,0,83,4400655767576069724,gateway_calibration,sweep:anomaly_pair:shared_scenarios,621.4847997549105,113,811.6338322072953,,,shared_all_anomaly_strengths,diffusion_coeff,3000.0
RR,0,84,7359957410266699792,gateway_calibration,sweep:anomaly_pair:shared_scenarios,767.1715855143981,143,811.6338322072953,,,shared_all_anomaly_strengths,diffusion_coeff,3000.0
RR,0,85,4731760846268061734,gateway_calibration,sweep:anomaly_pair:shared_scenarios,653.039982383374,134,811.6338322072953,,,shared_all_anomaly_strengths,diffusion_coeff,3000.0
RR,0,86,1992618809938800466,gateway_calibration,sweep:anomaly_pair:shared_scenarios,740.7505745683263,145,811.6338322072953,,,shared_all_anomaly_strengths,diffusion_coeff,3000.0
RR,0,87,8403004296001441656,gateway_calibration,sweep:anomaly_pair:shared_scenarios,588.4504798475151,122,811.6338322072953,,,shared_all_anomaly_strengths,diffusion_coeff,3000.0
RR,0,88,5944369264469843788,gateway_calibration,sweep:anomaly_pair:shared_scenarios,702.3620079237941,125,811.6338322072953,,,shared_all_anomaly_strengths,diffusion_coeff,3000.0
RR,0,89,216637230108974742,gateway_calibration,sweep:anomaly_pair:shared_scenarios,684.3292949929574,124,811.6338322072953,,,shared_all_anomaly_strengths,diffusion_coeff,3000.0
RR,0,90,896283027553350313,gateway_calibration,sweep:anomaly_pair:shared_scenarios,693.3398461232782,130,811.6338322072953,,,shared_all_anomaly_strengths,diffusion_coeff,3000.0
RR,0,91,2129979059599230336,gateway_calibration,sweep:anomaly_pair:shared_scenarios,617.9449885522076,111,811.6338322072953,,,shared_all_anomaly_strengths,diffusion_coeff,3000.0
RR,0,92,8440158530804782812,gateway_calibration,sweep:anomaly_pair:shared_scenarios,667.9825477932095,126,811.6338322072953,,,shared_all_anomaly_strengths,diffusion_coeff,3000.0
RR,0,93,2515105766560126937,gateway_calibration,sweep:anomaly_pair:shared_scenarios,707.0282226879998,118,811.6338322072953,,,shared_all_anomaly_strengths,diffusion_coeff,3000.0
RR,0,94,7871536140642585085,gateway_calibration,sweep:anomaly_pair:shared_scenarios,635.1482739955528,117,811.6338322072953,,,shared_all_anomaly_strengths,diffusion_coeff,3000.0
RR,0,95,5141400087580602088,gateway_calibration,sweep:anomaly_pair:shared_scenarios,681.5345652773419,139,811.6338322072953,,,shared_all_anomaly_strengths,diffusion_coeff,3000.0
RR,0,96,8112959400662868633,gateway_calibration,sweep:anomaly_pair:shared_scenarios,534.1615451159349,112,811.6338322072953,,,shared_all_anomaly_strengths,diffusion_coeff,3000.0
RR,0,97,1078891354826946508,gateway_calibration,sweep:anomaly_pair:shared_scenarios,796.8842240441207,145,811.6338322072953,,,shared_all_anomaly_strengths,diffusion_coeff,3000.0
RR,0,98,2726858539062778841,gateway_calibration,sweep:anomaly_pair:shared_scenarios,615.3463367195038,106,811.6338322072953,,,shared_all_anomaly_strengths,diffusion_coeff,3000.0
RR,0,99,4880208515358931166,gateway_calibration,sweep:anomaly_pair:shared_scenarios,597.9068899194862,100,811.6338322072953,,,shared_all_anomaly_strengths,diffusion_coeff,3000.0
RR,0,100,9112943947571933379,gateway_calibration,sweep:anomaly_pair:shared_scenarios,652.0857346012294,117,811.6338322072953,,,shared_all_anomaly_strengths,diffusion_coeff,3000.0
RR,0,101,4842620908627243129,gateway_calibration,sweep:anomaly_pair:shared_scenarios,570.9471918912479,113,811.6338322072953,,,shared_all_anomaly_strengths,diffusion_coeff,3000.0
RR,0,102,9221364585446048791,gateway_calibration,sweep:anomaly_pair:shared_scenarios,794.3999478116106,143,811.6338322072953,,,shared_all_anomaly_strengths,diffusion_coeff,3000.0
RR,0,103,3494744169553416929,gateway_calibration,sweep:anomaly_pair:shared_scenarios,655.4153343810843,121,811.6338322072953,,,shared_all_anomaly_strengths,diffusion_coeff,3000.0
RR,0,104,7233638741406416371,gateway_calibration,sweep:anomaly_pair:shared_scenarios,748.5153393741658,130,811.6338322072953,,,shared_all_anomaly_strengths,diffusion_coeff,3000.0
RR,0,105,3641336694656935735,gateway_calibration,sweep:anomaly_pair:shared_scenarios,788.3663152178742,115,811.6338322072953,,,shared_all_anomaly_strengths,diffusion_coeff,3000.0
RR,0,106,3835715673444251126,gateway_calibration,sweep:anomaly_pair:shared_scenarios,670.0284240315716,123,811.6338322072953,,,shared_all_anomaly_strengths,diffusion_coeff,3000.0
RR,0,107,2714185319899586904,gateway_calibration,sweep:anomaly_pair:shared_scenarios,756.4516988777357,131,811.6338322072953,,,shared_all_anomaly_strengths,diffusion_coeff,3000.0
RR,0,108,7065677078823521164,gateway_calibration,sweep:anomaly_pair:shared_scenarios,699.6429735557466,132,811.6338322072953,,,shared_all_anomaly_strengths,diffusion_coeff,3000.0
RR,0,109,1054405605846734754,gateway_calibration,sweep:anomaly_pair:shared_scenarios,746.6206682353142,128,811.6338322072953,,,shared_all_anomaly_strengths,diffusion_coeff,3000.0
RR,0,110,2962441662239683096,gateway_calibration,sweep:anomaly_pair:shared_scenarios,710.3433584713587,141,811.6338322072953,,,shared_all_anomaly_strengths,diffusion_coeff,3000.0
RR,0,111,4129263628419206857,gateway_calibration,sweep:anomaly_pair:shared_scenarios,673.1442382211177,112,811.6338322072953,,,shared_all_anomaly_strengths,diffusion_coeff,3000.0
RR,0,112,1622360177596404131,gateway_calibration,sweep:anomaly_pair:shared_scenarios,695.0068643802417,122,811.6338322072953,,,shared_all_anomaly_strengths,diffusion_coeff,3000.0
RR,0,113,2330463691884836340,gateway_calibration,sweep:anomaly_pair:shared_scenarios,651.7107254434954,129,811.6338322072953,,,shared_all_anomaly_strengths,diffusion_coeff,3000.0
RR,0,114,2652712276700624970,gateway_calibration,sweep:anomaly_pair:shared_scenarios,634.3851947652014,123,811.6338322072953,,,shared_all_anomaly_strengths,diffusion_coeff,3000.0
RR,0,115,6210151626445176008,gateway_calibration,sweep:anomaly_pair:shared_scenarios,759.2135664306345,136,811.6338322072953,,,shared_all_anomaly_strengths,diffusion_coeff,3000.0
RR,0,116,5484880361464436307,gateway_calibration,sweep:anomaly_pair:shared_scenarios,586.5884700499595,123,811.6338322072953,,,shared_all_anomaly_strengths,diffusion_coeff,3000.0
RR,0,117,9083936004600730053,gateway_calibration,sweep:anomaly_pair:shared_scenarios,660.389405747221,119,811.6338322072953,,,shared_all_anomaly_strengths,diffusion_coeff,3000.0
RR,0,118,7499139004400980353,gateway_calibration,sweep:anomaly_pair:shared_scenarios,609.3755491851595,128,811.6338322072953,,,shared_all_anomaly_strengths,diffusion_coeff,3000.0
RR,0,119,426229976672197883,gateway_calibration,sweep:anomaly_pair:shared_scenarios,807.0943608585751,130,811.6338322072953,,,shared_all_anomaly_strengths,diffusion_coeff,3000.0
RR,0,120,246508369912879822,gateway_calibration,sweep:anomaly_pair:shared_scenarios,618.7534996963177,120,811.6338322072953,,,shared_all_anomaly_strengths,diffusion_coeff,3000.0
RR,0,121,2652398091327796019,gateway_calibration,sweep:anomaly_pair:shared_scenarios,688.995908679182,140,811.6338322072953,,,shared_all_anomaly_strengths,diffusion_coeff,3000.0
RR,0,122,5503532496059794744,gateway_calibration,sweep:anomaly_pair:shared_scenarios,558.7404270224164,114,811.6338322072953,,,shared_all_anomaly_strengths,diffusion_coeff,3000.0
RR,0,123,8329007375693140607,gateway_calibration,sweep:anomaly_pair:shared_scenarios,623.5214659850739,125,811.6338322072953,,,shared_all_anomaly_strengths,diffusion_coeff,3000.0
RR,0,124,4366984316536531468,gateway_calibration,sweep:anomaly_pair:shared_scenarios,605.8303951632838,127,811.6338322072953,,,shared_all_anomaly_strengths,diffusion_coeff,3000.0
RR,0,125,6198917521197951328,gateway_calibration,sweep:anomaly_pair:shared_scenarios,734.2954479512325,134,811.6338322072953,,,shared_all_anomaly_strengths,diffusion_coeff,3000.0
RR,0,126,3901305802510177060,gateway_calibration,sweep:anomaly_pair:shared_scenarios,612.4073433041797,145,811.6338322072953,,,shared_all_anomaly_strengths,diffusion_coeff,3000.0
RR,0,127,3651935198066528014,gateway_calibration,sweep:anomaly_pair:shared_scenarios,649.7383329712366,113,811.6338322072953,,,shared_all_anomaly_strengths,diffusion_coeff,3000.0
RR,0,128,3665222385996101800,gateway_calibration,sweep:anomaly_pair:shared_scenarios,520.8626626031386,115,811.6338322072953,,,shared_all_anomaly_strengths,diffusion_coeff,3000.0
RR,0,129,3695450124233607618,gateway_calibration,sweep:anomaly_pair:shared_scenarios,584.0796471027235,108,811.6338322072953,,,shared_all_anomaly_strengths,diffusion_coeff,3000.0
RR,0,130,4507573490889405567,gateway_calibration,sweep:anomaly_pair:shared_scenarios,584.9886216888187,107,811.6338322072953,,,shared_all_anomaly_strengths,diffusion_coeff,3000.0
RR,0,131,6622006059011695217,gateway_calibration,sweep:anomaly_pair:shared_scenarios,713.1046751893233,141,811.6338322072953,,,shared_all_anomaly_strengths,diffusion_coeff,3000.0
RR,0,132,1072149559379176970,gateway_calibration,sweep:anomaly_pair:shared_scenarios,722.8444733005002,127,811.6338322072953,,,shared_all_anomaly_strengths,diffusion_coeff,3000.0
RR,0,133,2236710786858836466,gateway_calibration,sweep:anomaly_pair:shared_scenarios,632.7095446356655,125,811.6338322072953,,,shared_all_anomaly_strengths,diffusion_coeff,3000.0
RR,0,134,4061241335305450115,gateway_calibration,sweep:anomaly_pair:shared_scenarios,444.6833284265368,109,811.6338322072953,,,shared_all_anomaly_strengths,diffusion_coeff,3000.0
RR,0,135,4458267631564501530,gateway_calibration,sweep:anomaly_pair:shared_scenarios,574.3491629318333,129,811.6338322072953,,,shared_all_anomaly_strengths,diffusion_coeff,3000.0
RR,0,136,4602541395243770802,gateway_calibration,sweep:anomaly_pair:shared_scenarios,520.5878903017466,113,811.6338322072953,,,shared_all_anomaly_strengths,diffusion_coeff,3000.0
RR,0,137,8154260143710516340,gateway_calibration,sweep:anomaly_pair:shared_scenarios,636.8432395408545,127,811.6338322072953,,,shared_all_anomaly_strengths,diffusion_coeff,3000.0
RR,0,138,7114745814847013655,gateway_calibration,sweep:anomaly_pair:shared_scenarios,764.7403901247214,141,811.6338322072953,,,shared_all_anomaly_strengths,diffusion_coeff,3000.0
RR,0,139,7504069718206669675,gateway_calibration,sweep:anomaly_pair:shared_scenarios,685.3533634292367,121,811.6338322072953,,,shared_all_anomaly_strengths,diffusion_coeff,3000.0
RR,0,140,2484320023919988263,gateway_calibration,sweep:anomaly_pair:shared_scenarios,705.4877573356829,114,811.6338322072953,,,shared_all_anomaly_strengths,diffusion_coeff,3000.0
RR,0,141,5967893154890299710,gateway_calibration,sweep:anomaly_pair:shared_scenarios,605.6226520720915,139,811.6338322072953,,,shared_all_anomaly_strengths,diffusion_coeff,3000.0
RR,0,142,8551485174213736670,gateway_calibration,sweep:anomaly_pair:shared_scenarios,593.0845409341207,122,811.6338322072953,,,shared_all_anomaly_strengths,diffusion_coeff,3000.0
RR,0,143,400428821000820213,gateway_calibration,sweep:anomaly_pair:shared_scenarios,673.7423890659675,120,811.6338322072953,,,shared_all_anomaly_strengths,diffusion_coeff,3000.0
RR,0,144,4671208357574952400,gateway_calibration,sweep:anomaly_pair:shared_scenarios,535.0315918117136,108,811.6338322072953,,,shared_all_anomaly_strengths,diffusion_coeff,3000.0
RR,0,145,2717424151482641221,gateway_calibration,sweep:anomaly_pair:shared_scenarios,757.8705631940385,127,811.6338322072953,,,shared_all_anomaly_strengths,diffusion_coeff,3000.0
RR,0,146,7103388310734235320,gateway_calibration,sweep:anomaly_pair:shared_scenarios,758.5391731450746,132,811.6338322072953,,,shared_all_anomaly_strengths,diffusion_coeff,3000.0
RR,0,147,6613689040717774173,gateway_calibration,sweep:anomaly_pair:shared_scenarios,684.7949132885333,127,811.6338322072953,,,shared_all_anomaly_strengths,diffusion_coeff,3000.0
RR,0,148,3013865715162790417,gateway_calibration,sweep:anomaly_pair:shared_scenarios,585.3701801194334,128,811.6338322072953,,,shared_all_anomaly_strengths,diffusion_coeff,3000.0
RR,0,149,5411062845189856806,gateway_calibration,sweep:anomaly_pair:shared_scenarios,523.9901254605194,107,811.6338322072953,,,shared_all_anomaly_strengths,diffusion_coeff,3000.0
RR,0,150,753526066345137121,gateway_calibration,sweep:anomaly_pair:shared_scenarios,760.2681911392119,120,811.6338322072953,,,shared_all_anomaly_strengths,diffusion_coeff,3000.0
RR,0,151,5517788874787541446,gateway_calibration,sweep:anomaly_pair:shared_scenarios,712.1526255682508,135,811.6338322072953,,,shared_all_anomaly_strengths,diffusion_coeff,3000.0
RR,0,152,3012173983135274094,gateway_calibration,sweep:anomaly_pair:shared_scenarios,580.9282135965994,137,811.6338322072953,,,shared_all_anomaly_strengths,diffusion_coeff,3000.0
RR,0,153,7525768142714343326,gateway_calibration,sweep:anomaly_pair:shared_scenarios,557.0536349022957,109,811.6338322072953,,,shared_all_anomaly_strengths,diffusion_coeff,3000.0
RR,0,154,5795757086317543101,gateway_calibration,sweep:anomaly_pair:shared_scenarios,651.0643526499841,101,811.6338322072953,,,shared_all_anomaly_strengths,diffusion_coeff,3000.0
RR,0,155,1489560090090177220,gateway_calibration,sweep:anomaly_pair:shared_scenarios,637.3133131790169,125,811.6338322072953,,,shared_all_anomaly_strengths,diffusion_coeff,3000.0
RR,0,156,5650023223194757707,gateway_calibration,sweep:anomaly_pair:shared_scenarios,729.8209503336006,118,811.6338322072953,,,shared_all_anomaly_strengths,diffusion_coeff,3000.0
RR,0,157,9095396682315926676,gateway_calibration,sweep:anomaly_pair:shared_scenarios,673.2017281811461,126,811.6338322072953,,,shared_all_anomaly_strengths,diffusion_coeff,3000.0
RR,0,158,3646421855625731332,gateway_calibration,sweep:anomaly_pair:shared_scenarios,635.0060805046269,114,811.6338322072953,,,shared_all_anomaly_strengths,diffusion_coeff,3000.0
RR,0,159,2731180400104840963,gateway_calibration,sweep:anomaly_pair:shared_scenarios,794.3017411578682,128,811.6338322072953,,,shared_all_anomaly_strengths,diffusion_coeff,3000.0
RR,0,160,6525253475390859142,gateway_calibration,sweep:anomaly_pair:shared_scenarios,779.342569676656,146,811.6338322072953,,,shared_all_anomaly_strengths,diffusion_coeff,3000.0
RR,0,161,5342702562007933787,gateway_calibration,sweep:anomaly_pair:shared_scenarios,619.5882639864087,122,811.6338322072953,,,shared_all_anomaly_strengths,diffusion_coeff,3000.0
RR,0,162,1696163523599298321,gateway_calibration,sweep:anomaly_pair:shared_scenarios,743.877167678884,138,811.6338322072953,,,shared_all_anomaly_strengths,diffusion_coeff,3000.0
RR,0,163,3743667071636317329,gateway_calibration,sweep:anomaly_pair:shared_scenarios,770.963528054433,148,811.6338322072953,,,shared_all_anomaly_strengths,diffusion_coeff,3000.0
RR,0,164,1703215274657857080,gateway_calibration,sweep:anomaly_pair:shared_scenarios,706.3254251546598,124,811.6338322072953,,,shared_all_anomaly_strengths,diffusion_coeff,3000.0
RR,0,165,3749419661803877216,gateway_calibration,sweep:anomaly_pair:shared_scenarios,625.4881272149262,104,811.6338322072953,,,shared_all_anomaly_strengths,diffusion_coeff,3000.0
RR,0,166,1022849663340299120,gateway_calibration,sweep:anomaly_pair:shared_scenarios,676.1601765725516,122,811.6338322072953,,,shared_all_anomaly_strengths,diffusion_coeff,3000.0
RR,0,167,812573164251080741,gateway_calibration,sweep:anomaly_pair:shared_scenarios,648.8647706719014,132,811.6338322072953,,,shared_all_anomaly_strengths,diffusion_coeff,3000.0
RR,0,168,9181789161802016476,gateway_calibration,sweep:anomaly_pair:shared_scenarios,745.9085428797927,127,811.6338322072953,,,shared_all_anomaly_strengths,diffusion_coeff,3000.0
RR,0,169,41852731993844740,gateway_calibration,sweep:anomaly_pair:shared_scenarios,711.5413383861371,126,811.6338322072953,,,shared_all_anomaly_strengths,diffusion_coeff,3000.0
RR,0,170,2160723943465049599,gateway_calibration,sweep:anomaly_pair:shared_scenarios,689.1001408502553,127,811.6338322072953,,,shared_all_anomaly_strengths,diffusion_coeff,3000.0
RR,0,171,4956274529951239709,gateway_calibration,sweep:anomaly_pair:shared_scenarios,812.7659376802904,134,811.6338322072953,,,shared_all_anomaly_strengths,diffusion_coeff,3000.0
RR,0,172,6793317195616864064,gateway_calibration,sweep:anomaly_pair:shared_scenarios,779.4821098686546,137,811.6338322072953,,,shared_all_anomaly_strengths,diffusion_coeff,3000.0
RR,0,173,4303638152728383403,gateway_calibration,sweep:anomaly_pair:shared_scenarios,703.5841655872915,127,811.6338322072953,,,shared_all_anomaly_strengths,diffusion_coeff,3000.0
RR,0,174,7314201943706610406,gateway_calibration,sweep:anomaly_pair:shared_scenarios,656.8421243874285,130,811.6338322072953,,,shared_all_anomaly_strengths,diffusion_coeff,3000.0
RR,0,175,1512635151930618621,gateway_calibration,sweep:anomaly_pair:shared_scenarios,700.7522018608888,127,811.6338322072953,,,shared_all_anomaly_strengths,diffusion_coeff,3000.0
RR,0,176,8308315004410766501,gateway_calibration,sweep:anomaly_pair:shared_scenarios,738.390739559935,134,811.6338322072953,,,shared_all_anomaly_strengths,diffusion_coeff,3000.0
RR,0,177,8366281085404403237,gateway_calibration,sweep:anomaly_pair:shared_scenarios,561.7123437637335,115,811.6338322072953,,,shared_all_anomaly_strengths,diffusion_coeff,3000.0
RR,0,178,3431044729523368993,gateway_calibration,sweep:anomaly_pair:shared_scenarios,638.1766987842728,136,811.6338322072953,,,shared_all_anomaly_strengths,diffusion_coeff,3000.0
RR,0,179,2007998228956077302,gateway_calibration,sweep:anomaly_pair:shared_scenarios,712.3157772981809,120,811.6338322072953,,,shared_all_anomaly_strengths,diffusion_coeff,3000.0
RR,0,180,8751753062912985555,gateway_calibration,sweep:anomaly_pair:shared_scenarios,666.8937011405978,128,811.6338322072953,,,shared_all_anomaly_strengths,diffusion_coeff,3000.0
RR,0,181,6021098798304103526,gateway_calibration,sweep:anomaly_pair:shared_scenarios,625.3659037508146,138,811.6338322072953,,,shared_all_anomaly_strengths,diffusion_coeff,3000.0
RR,0,182,6935358694610535876,gateway_calibration,sweep:anomaly_pair:shared_scenarios,631.8807510905943,130,811.6338322072953,,,shared_all_anomaly_strengths,diffusion_coeff,3000.0
RR,0,183,8750411618794352639,gateway_calibration,sweep:anomaly_pair:shared_scenarios,623.24405715942,124,811.6338322072953,,,shared_all_anomaly_strengths,diffusion_coeff,3000.0
RR,0,184,5456778154641903347,gateway_calibration,sweep:anomaly_pair:shared_scenarios,721.7826812080059,144,811.6338322072953,,,shared_all_anomaly_strengths,diffusion_coeff,3000.0
RR,0,185,1287740648467288647,gateway_calibration,sweep:anomaly_pair:shared_scenarios,592.2861287524677,114,811.6338322072953,,,shared_all_anomaly_strengths,diffusion_coeff,3000.0
RR,0,186,5407093370613870835,gateway_calibration,sweep:anomaly_pair:shared_scenarios,652.387734074554,127,811.6338322072953,,,shared_all_anomaly_strengths,diffusion_coeff,3000.0
RR,0,187,3818214081160493,gateway_calibration,sweep:anomaly_pair:shared_scenarios,673.4454467546309,133,811.6338322072953,,,shared_all_anomaly_strengths,diffusion_coeff,3000.0
RR,0,188,4306571545613910018,gateway_calibration,sweep:anomaly_pair:shared_scenarios,599.4879606091283,120,811.6338322072953,,,shared_all_anomaly_strengths,diffusion_coeff,3000.0
RR,0,189,1959307662180969903,gateway_calibration,sweep:anomaly_pair:shared_scenarios,757.2141920980365,130,811.6338322072953,,,shared_all_anomaly_strengths,diffusion_coeff,3000.0
RR,0,190,4992208587719153238,gateway_calibration,sweep:anomaly_pair:shared_scenarios,549.0463802611627,124,811.6338322072953,,,shared_all_anomaly_strengths,diffusion_coeff,3000.0
RR,0,191,5365441848557421041,gateway_calibration,sweep:anomaly_pair:shared_scenarios,765.3356954550403,144,811.6338322072953,,,shared_all_anomaly_strengths,diffusion_coeff,3000.0
RR,0,192,1408715418700674555,gateway_calibration,sweep:anomaly_pair:shared_scenarios,656.5993362108143,123,811.6338322072953,,,shared_all_anomaly_strengths,diffusion_coeff,3000.0
RR,0,193,8108843531229667530,gateway_calibration,sweep:anomaly_pair:shared_scenarios,797.2939168605023,137,811.6338322072953,,,shared_all_anomaly_strengths,diffusion_coeff,3000.0
RR,0,194,5355952040063825204,gateway_calibration,sweep:anomaly_pair:shared_scenarios,741.5163095983171,127,811.6338322072953,,,shared_all_anomaly_strengths,diffusion_coeff,3000.0
RR,0,195,3749598425399707804,gateway_calibration,sweep:anomaly_pair:shared_scenarios,730.808653926451,125,811.6338322072953,,,shared_all_anomaly_strengths,diffusion_coeff,3000.0
RR,0,196,2149480101104034459,gateway_calibration,sweep:anomaly_pair:shared_scenarios,729.8805128952208,132,811.6338322072953,,,shared_all_anomaly_strengths,diffusion_coeff,3000.0
RR,0,197,2249485913525693031,gateway_calibration,sweep:anomaly_pair:shared_scenarios,761.333868590921,144,811.6338322072953,,,shared_all_anomaly_strengths,diffusion_coeff,3000.0
RR,0,198,7943041684628071969,gateway_calibration,sweep:anomaly_pair:shared_scenarios,838.4979032838738,143,811.6338322072953,,,shared_all_anomaly_strengths,diffusion_coeff,3000.0
RR,0,199,5498905627511140374,gateway_calibration,sweep:anomaly_pair:shared_scenarios,773.8312280864627,145,811.6338322072953,,,shared_all_anomaly_strengths,diffusion_coeff,3000.0
RR,0,200,3602637090699499683,gateway_calibration,sweep:anomaly_pair:shared_scenarios,685.0587571948113,125,811.6338322072953,,,shared_all_anomaly_strengths,diffusion_coeff,3000.0
RR,0,201,7286351669153130392,gateway_calibration,sweep:anomaly_pair:shared_scenarios,692.3241428438613,114,811.6338322072953,,,shared_all_anomaly_strengths,diffusion_coeff,3000.0
RR,0,202,3191901830673673490,gateway_calibration,sweep:anomaly_pair:shared_scenarios,562.7088742845311,121,811.6338322072953,,,shared_all_anomaly_strengths,diffusion_coeff,3000.0
RR,0,203,8524659376700415706,gateway_calibration,sweep:anomaly_pair:shared_scenarios,896.603979099605,139,811.6338322072953,,,shared_all_anomaly_strengths,diffusion_coeff,3000.0
RR,0,204,6349588482576067091,gateway_calibration,sweep:anomaly_pair:shared_scenarios,694.4352047310958,120,811.6338322072953,,,shared_all_anomaly_strengths,diffusion_coeff,3000.0
RR,0,205,7988033359410408816,gateway_calibration,sweep:anomaly_pair:shared_scenarios,676.7558502120166,126,811.6338322072953,,,shared_all_anomaly_strengths,diffusion_coeff,3000.0
RR,0,206,8515216027005570369,gateway_calibration,sweep:anomaly_pair:shared_scenarios,592.2052776029939,114,811.6338322072953,,,shared_all_anomaly_strengths,diffusion_coeff,3000.0
RR,0,207,6416540730684243514,gateway_calibration,sweep:anomaly_pair:shared_scenarios,553.9532412448248,108,811.6338322072953,,,shared_all_anomaly_strengths,diffusion_coeff,3000.0
RR,0,208,602517514173483864,gateway_calibration,sweep:anomaly_pair:shared_scenarios,633.5023168187828,125,811.6338322072953,,,shared_all_anomaly_strengths,diffusion_coeff,3000.0
RR,0,209,3465670740941638925,gateway_calibration,sweep:anomaly_pair:shared_scenarios,801.290500624998,143,811.6338322072953,,,shared_all_anomaly_strengths,diffusion_coeff,3000.0
RR,0,210,3944025305726431335,gateway_calibration,sweep:anomaly_pair:shared_scenarios,724.0234192461102,143,811.6338322072953,,,shared_all_anomaly_strengths,diffusion_coeff,3000.0
RR,0,211,2339277267613070629,gateway_calibration,sweep:anomaly_pair:shared_scenarios,528.1544102968885,120,811.6338322072953,,,shared_all_anomaly_strengths,diffusion_coeff,3000.0
RR,0,212,7600535093870098984,gateway_calibration,sweep:anomaly_pair:shared_scenarios,622.5748016124066,125,811.6338322072953,,,shared_all_anomaly_strengths,diffusion_coeff,3000.0
RR,0,213,3861443108061582389,gateway_calibration,sweep:anomaly_pair:shared_scenarios,531.9693101130047,128,811.6338322072953,,,shared_all_anomaly_strengths,diffusion_coeff,3000.0
RR,0,214,3250073084552866822,gateway_calibration,sweep:anomaly_pair:shared_scenarios,775.4279575887388,141,811.6338322072953,,,shared_all_anomaly_strengths,diffusion_coeff,3000.0
RR,0,215,8591855540292640479,gateway_calibration,sweep:anomaly_pair:shared_scenarios,553.5917808634557,114,811.6338322072953,,,shared_all_anomaly_strengths,diffusion_coeff,3000.0
RR,0,216,3408653263756247515,gateway_calibration,sweep:anomaly_pair:shared_scenarios,777.454974949994,146,811.6338322072953,,,shared_all_anomaly_strengths,diffusion_coeff,3000.0
RR,0,217,2181672054838164337,gateway_calibration,sweep:anomaly_pair:shared_scenarios,744.239254547397,144,811.6338322072953,,,shared_all_anomaly_strengths,diffusion_coeff,3000.0
RR,0,218,1689637169394222035,gateway_calibration,sweep:anomaly_pair:shared_scenarios,638.1952915148786,120,811.6338322072953,,,shared_all_anomaly_strengths,diffusion_coeff,3000.0
RR,0,219,5046962185951232574,gateway_calibration,sweep:anomaly_pair:shared_scenarios,727.1371513875683,129,811.6338322072953,,,shared_all_anomaly_strengths,diffusion_coeff,3000.0
RR,0,220,9018680245675993190,gateway_calibration,sweep:anomaly_pair:shared_scenarios,683.2760814750917,132,811.6338322072953,,,shared_all_anomaly_strengths,diffusion_coeff,3000.0
RR,0,221,8785852485249820827,gateway_calibration,sweep:anomaly_pair:shared_scenarios,699.2315270010168,136,811.6338322072953,,,shared_all_anomaly_strengths,diffusion_coeff,3000.0
RR,0,222,34609839810900876,gateway_calibration,sweep:anomaly_pair:shared_scenarios,569.0342915321074,127,811.6338322072953,,,shared_all_anomaly_strengths,diffusion_coeff,3000.0
RR,0,223,4892593663520200719,gateway_calibration,sweep:anomaly_pair:shared_scenarios,803.4502736469776,137,811.6338322072953,,,shared_all_anomaly_strengths,diffusion_coeff,3000.0
RR,0,224,1595203616003947553,gateway_calibration,sweep:anomaly_pair:shared_scenarios,785.2254227055113,130,811.6338322072953,,,shared_all_anomaly_strengths,diffusion_coeff,3000.0
RR,0,225,7424048805208454819,gateway_calibration,sweep:anomaly_pair:shared_scenarios,880.7772398970375,129,811.6338322072953,,,shared_all_anomaly_strengths,diffusion_coeff,3000.0
RR,0,226,2920126023839666219,gateway_calibration,sweep:anomaly_pair:shared_scenarios,605.7698456405753,114,811.6338322072953,,,shared_all_anomaly_strengths,diffusion_coeff,3000.0
RR,0,227,382931740595247515,gateway_calibration,sweep:anomaly_pair:shared_scenarios,711.3721048657154,136,811.6338322072953,,,shared_all_anomaly_strengths,diffusion_coeff,3000.0
RR,0,228,8014502905414229746,gateway_calibration,sweep:anomaly_pair:shared_scenarios,722.0222235299669,131,811.6338322072953,,,shared_all_anomaly_strengths,diffusion_coeff,3000.0
RR,0,229,4743279688235879997,gateway_calibration,sweep:anomaly_pair:shared_scenarios,580.0561656399686,121,811.6338322072953,,,shared_all_anomaly_strengths,diffusion_coeff,3000.0
RR,0,230,1572592790386553068,gateway_calibration,sweep:anomaly_pair:shared_scenarios,645.2387349777819,117,811.6338322072953,,,shared_all_anomaly_strengths,diffusion_coeff,3000.0
RR,0,231,6252360334841237253,gateway_calibration,sweep:anomaly_pair:shared_scenarios,615.5407056095135,111,811.6338322072953,,,shared_all_anomaly_strengths,diffusion_coeff,3000.0
RR,0,232,6969017964403244413,gateway_calibration,sweep:anomaly_pair:shared_scenarios,680.8628168667169,132,811.6338322072953,,,shared_all_anomaly_strengths,diffusion_coeff,3000.0
RR,0,233,1610212804197154449,gateway_calibration,sweep:anomaly_pair:shared_scenarios,851.9816756012616,140,811.6338322072953,,,shared_all_anomaly_strengths,diffusion_coeff,3000.0
RR,0,234,6647587057665530600,gateway_calibration,sweep:anomaly_pair:shared_scenarios,530.1259292096121,116,811.6338322072953,,,shared_all_anomaly_strengths,diffusion_coeff,3000.0
RR,0,235,3531987962649334536,gateway_calibration,sweep:anomaly_pair:shared_scenarios,593.52704377925,133,811.6338322072953,,,shared_all_anomaly_strengths,diffusion_coeff,3000.0
RR,0,236,6609225715223448195,gateway_calibration,sweep:anomaly_pair:shared_scenarios,793.7665581623014,145,811.6338322072953,,,shared_all_anomaly_strengths,diffusion_coeff,3000.0
RR,0,237,6784175964849256680,gateway_calibration,sweep:anomaly_pair:shared_scenarios,577.2999079792427,114,811.6338322072953,,,shared_all_anomaly_strengths,diffusion_coeff,3000.0
RR,0,238,771076435409536658,gateway_calibration,sweep:anomaly_pair:shared_scenarios,617.0608419746188,120,811.6338322072953,,,shared_all_anomaly_strengths,diffusion_coeff,3000.0
RR,0,239,1557660180791943490,gateway_calibration,sweep:anomaly_pair:shared_scenarios,616.1497543259778,127,811.6338322072953,,,shared_all_anomaly_strengths,diffusion_coeff,3000.0
RR,0,240,8213476521277927481,gateway_calibration,sweep:anomaly_pair:shared_scenarios,679.679468011938,119,811.6338322072953,,,shared_all_anomaly_strengths,diffusion_coeff,3000.0
RR,0,241,2142536073008782941,gateway_calibration,sweep:anomaly_pair:shared_scenarios,657.5537752970778,132,811.6338322072953,,,shared_all_anomaly_strengths,diffusion_coeff,3000.0
RR,0,242,972861009822655055,gateway_calibration,sweep:anomaly_pair:shared_scenarios,691.0188089016866,112,811.6338322072953,,,shared_all_anomaly_strengths,diffusion_coeff,3000.0
RR,0,243,7555691644283107163,gateway_calibration,sweep:anomaly_pair:shared_scenarios,686.2675444974008,114,811.6338322072953,,,shared_all_anomaly_strengths,diffusion_coeff,3000.0
RR,0,244,3765971885569387299,gateway_calibration,sweep:anomaly_pair:shared_scenarios,741.5102804061294,127,811.6338322072953,,,shared_all_anomaly_strengths,diffusion_coeff,3000.0
RR,0,245,5592160503430992696,gateway_calibration,sweep:anomaly_pair:shared_scenarios,775.1877519789697,129,811.6338322072953,,,shared_all_anomaly_strengths,diffusion_coeff,3000.0
RR,0,246,1478843254938813623,gateway_calibration,sweep:anomaly_pair:shared_scenarios,624.8002656509739,118,811.6338322072953,,,shared_all_anomaly_strengths,diffusion_coeff,3000.0
RR,0,247,1942727857375669376,gateway_calibration,sweep:anomaly_pair:shared_scenarios,609.984186568647,122,811.6338322072953,,,shared_all_anomaly_strengths,diffusion_coeff,3000.0
RR,0,248,8887415122826351358,gateway_calibration,sweep:anomaly_pair:shared_scenarios,829.0658973719517,147,811.6338322072953,,,shared_all_anomaly_strengths,diffusion_coeff,3000.0
RR,0,249,4016396015928191167,gateway_calibration,sweep:anomaly_pair:shared_scenarios,584.8149004672359,125,811.6338322072953,,,shared_all_anomaly_strengths,diffusion_coeff,3000.0
RR,0,250,545721072604639066,gateway_calibration,sweep:anomaly_pair:shared_scenarios,649.2483682593129,128,811.6338322072953,,,shared_all_anomaly_strengths,diffusion_coeff,3000.0
RR,0,251,5849536730748012463,gateway_calibration,sweep:anomaly_pair:shared_scenarios,704.0939255750833,135,811.6338322072953,,,shared_all_anomaly_strengths,diffusion_coeff,3000.0
RR,0,252,1771686267565403887,gateway_calibration,sweep:anomaly_pair:shared_scenarios,644.5917061385691,118,811.6338322072953,,,shared_all_anomaly_strengths,diffusion_coeff,3000.0
RR,0,253,527015852999154159,gateway_calibration,sweep:anomaly_pair:shared_scenarios,570.5586511634824,125,811.6338322072953,,,shared_all_anomaly_strengths,diffusion_coeff,3000.0
RR,0,254,795232045204162150,gateway_calibration,sweep:anomaly_pair:shared_scenarios,598.6060554479169,130,811.6338322072953,,,shared_all_anomaly_strengths,diffusion_coeff,3000.0
RR,0,255,2003186406057830921,gateway_calibration,sweep:anomaly_pair:shared_scenarios,634.8674597451048,119,811.6338322072953,,,shared_all_anomaly_strengths,diffusion_coeff,3000.0
RR,0,256,6455722452370991548,gateway_calibration,sweep:anomaly_pair:shared_scenarios,714.541136693788,125,811.6338322072953,,,shared_all_anomaly_strengths,diffusion_coeff,3000.0
RR,0,257,3067394350402456365,gateway_calibration,sweep:anomaly_pair:shared_scenarios,610.1857099540877,106,811.6338322072953,,,shared_all_anomaly_strengths,diffusion_coeff,3000.0
RR,0,258,6475421966152866023,gateway_calibration,sweep:anomaly_pair:shared_scenarios,767.6783320233149,130,811.6338322072953,,,shared_all_anomaly_strengths,diffusion_coeff,3000.0
RR,0,259,3761046985503647801,gateway_calibration,sweep:anomaly_pair:shared_scenarios,539.6714718022962,115,811.6338322072953,,,shared_all_anomaly_strengths,diffusion_coeff,3000.0
RR,0,260,2385970463494678191,gateway_calibration,sweep:anomaly_pair:shared_scenarios,634.5688067839822,114,811.6338322072953,,,shared_all_anomaly_strengths,diffusion_coeff,3000.0
RR,0,261,5183448992162080607,gateway_calibration,sweep:anomaly_pair:shared_scenarios,746.7352532201286,130,811.6338322072953,,,shared_all_anomaly_strengths,diffusion_coeff,3000.0
RR,0,262,6268266913998342604,gateway_calibration,sweep:anomaly_pair:shared_scenarios,664.153919478387,130,811.6338322072953,,,shared_all_anomaly_strengths,diffusion_coeff,3000.0
RR,0,263,21012256327926221,gateway_calibration,sweep:anomaly_pair:shared_scenarios,685.0319885646909,143,811.6338322072953,,,shared_all_anomaly_strengths,diffusion_coeff,3000.0
RR,0,264,4109767241554258606,gateway_calibration,sweep:anomaly_pair:shared_scenarios,656.8015648859142,134,811.6338322072953,,,shared_all_anomaly_strengths,diffusion_coeff,3000.0
RR,0,265,4959424012684389745,gateway_calibration,sweep:anomaly_pair:shared_scenarios,720.9858266536527,131,811.6338322072953,,,shared_all_anomaly_strengths,diffusion_coeff,3000.0
RR,0,266,7451109072791456209,gateway_calibration,sweep:anomaly_pair:shared_scenarios,742.6172206912415,144,811.6338322072953,,,shared_all_anomaly_strengths,diffusion_coeff,3000.0
RR,0,267,8054500674269120968,gateway_calibration,sweep:anomaly_pair:shared_scenarios,566.0454997082373,123,811.6338322072953,,,shared_all_anomaly_strengths,diffusion_coeff,3000.0
RR,0,268,5331532706382194712,gateway_calibration,sweep:anomaly_pair:shared_scenarios,713.9984926298406,133,811.6338322072953,,,shared_all_anomaly_strengths,diffusion_coeff,3000.0
RR,0,269,841203630616903155,gateway_calibration,sweep:anomaly_pair:shared_scenarios,725.8685184050732,129,811.6338322072953,,,shared_all_anomaly_strengths,diffusion_coeff,3000.0
RR,0,270,4066905452799334610,gateway_calibration,sweep:anomaly_pair:shared_scenarios,715.4700759978842,136,811.6338322072953,,,shared_all_anomaly_strengths,diffusion_coeff,3000.0
RR,0,271,9150950453982994658,gateway_calibration,sweep:anomaly_pair:shared_scenarios,560.0673505303758,116,811.6338322072953,,,shared_all_anomaly_strengths,diffusion_coeff,3000.0
RR,0,272,6119393693526968570,gateway_calibration,sweep:anomaly_pair:shared_scenarios,686.2159769687152,125,811.6338322072953,,,shared_all_anomaly_strengths,diffusion_coeff,3000.0
RR,0,273,1347105042981981039,gateway_calibration,sweep:anomaly_pair:shared_scenarios,645.5682787598315,134,811.6338322072953,,,shared_all_anomaly_strengths,diffusion_coeff,3000.0
RR,0,274,8911832980425435268,gateway_calibration,sweep:anomaly_pair:shared_scenarios,688.0983630626853,124,811.6338322072953,,,shared_all_anomaly_strengths,diffusion_coeff,3000.0
RR,0,275,5843722553093405471,gateway_calibration,sweep:anomaly_pair:shared_scenarios,633.3659819232691,114,811.6338322072953,,,shared_all_anomaly_strengths,diffusion_coeff,3000.0
RR,0,276,3354555160635420741,gateway_calibration,sweep:anomaly_pair:shared_scenarios,688.7325266044485,125,811.6338322072953,,,shared_all_anomaly_strengths,diffusion_coeff,3000.0
RR,0,277,688745337611783334,gateway_calibration,sweep:anomaly_pair:shared_scenarios,613.8274095104391,126,811.6338322072953,,,shared_all_anomaly_strengths,diffusion_coeff,3000.0
RR,0,278,219363152796672916,gateway_calibration,sweep:anomaly_pair:shared_scenarios,743.6223232882852,123,811.6338322072953,,,shared_all_anomaly_strengths,diffusion_coeff,3000.0
RR,0,279,373686025269973233,gateway_calibration,sweep:anomaly_pair:shared_scenarios,792.2945168799228,123,811.6338322072953,,,shared_all_anomaly_strengths,diffusion_coeff,3000.0
RR,0,280,5610514536613434387,gateway_calibration,sweep:anomaly_pair:shared_scenarios,812.3698131379182,136,811.6338322072953,,,shared_all_anomaly_strengths,diffusion_coeff,3000.0
RR,0,281,4171514933633241565,gateway_calibration,sweep:anomaly_pair:shared_scenarios,752.537746605051,131,811.6338322072953,,,shared_all_anomaly_strengths,diffusion_coeff,3000.0
RR,0,282,4861498392405652878,gateway_calibration,sweep:anomaly_pair:shared_scenarios,594.0375894901886,124,811.6338322072953,,,shared_all_anomaly_strengths,diffusion_coeff,3000.0
RR,0,283,8572809235512946288,gateway_calibration,sweep:anomaly_pair:shared_scenarios,770.5474265799804,129,811.6338322072953,,,shared_all_anomaly_strengths,diffusion_coeff,3000.0
RR,0,284,8187471053016651709,gateway_calibration,sweep:anomaly_pair:shared_scenarios,709.3964260124205,137,811.6338322072953,,,shared_all_anomaly_strengths,diffusion_coeff,3000.0
RR,0,285,8839651195694762440,gateway_calibration,sweep:anomaly_pair:shared_scenarios,614.7018597586288,119,811.6338322072953,,,shared_all_anomaly_strengths,diffusion_coeff,3000.0
RR,0,286,2874448108009063227,gateway_calibration,sweep:anomaly_pair:shared_scenarios,674.3727644074702,134,811.6338322072953,,,shared_all_anomaly_strengths,diffusion_coeff,3000.0
RR,0,287,8707203536458320760,gateway_calibration,sweep:anomaly_pair:shared_scenarios,611.5879088613787,111,811.6338322072953,,,shared_all_anomaly_strengths,diffusion_coeff,3000.0
RR,0,288,8368439969047545418,gateway_calibration,sweep:anomaly_pair:shared_scenarios,617.5075674759,133,811.6338322072953,,,shared_all_anomaly_strengths,diffusion_coeff,3000.0
RR,0,289,4822230351368366288,gateway_calibration,sweep:anomaly_pair:shared_scenarios,646.8692261388155,111,811.6338322072953,,,shared_all_anomaly_strengths,diffusion_coeff,3000.0
RR,0,290,560612887312139697,gateway_calibration,sweep:anomaly_pair:shared_scenarios,685.2565436585911,113,811.6338322072953,,,shared_all_anomaly_strengths,diffusion_coeff,3000.0
RR,0,291,4708984480155462159,gateway_calibration,sweep:anomaly_pair:shared_scenarios,744.6802619741532,147,811.6338322072953,,,shared_all_anomaly_strengths,diffusion_coeff,3000.0
RR,0,292,221505334779598471,gateway_calibration,sweep:anomaly_pair:shared_scenarios,605.6825746597356,125,811.6338322072953,,,shared_all_anomaly_strengths,diffusion_coeff,3000.0
RR,0,293,313024099195558927,gateway_calibration,sweep:anomaly_pair:shared_scenarios,605.8191598848579,143,811.6338322072953,,,shared_all_anomaly_strengths,diffusion_coeff,3000.0
RR,0,294,1256218112766498617,gateway_calibration,sweep:anomaly_pair:shared_scenarios,675.128590990151,133,811.6338322072953,,,shared_all_anomaly_strengths,diffusion_coeff,3000.0
RR,0,295,8758679596665815611,gateway_calibration,sweep:anomaly_pair:shared_scenarios,725.6544357313048,142,811.6338322072953,,,shared_all_anomaly_strengths,diffusion_coeff,3000.0
RR,0,296,8732704811787225309,gateway_calibration,sweep:anomaly_pair:shared_scenarios,592.7730485944144,123,811.6338322072953,,,shared_all_anomaly_strengths,diffusion_coeff,3000.0
RR,0,297,7291668075851963674,gateway_calibration,sweep:anomaly_pair:shared_scenarios,590.5847755567288,133,811.6338322072953,,,shared_all_anomaly_strengths,diffusion_coeff,3000.0
RR,0,298,8160139849952943474,gateway_calibration,sweep:anomaly_pair:shared_scenarios,603.374440332299,129,811.6338322072953,,,shared_all_anomaly_strengths,diffusion_coeff,3000.0
RR,0,299,2513721670770597509,gateway_calibration,sweep:anomaly_pair:shared_scenarios,810.7943086558478,142,811.6338322072953,,,shared_all_anomaly_strengths,diffusion_coeff,3000.0
RR,0,300,7063318709798897080,gateway_calibration,sweep:anomaly_pair:shared_scenarios,789.2850907982207,148,811.6338322072953,,,shared_all_anomaly_strengths,diffusion_coeff,3000.0
RR,0,301,8415020812705705061,gateway_calibration,sweep:anomaly_pair:shared_scenarios,810.9033361584832,138,811.6338322072953,,,shared_all_anomaly_strengths,diffusion_coeff,3000.0
RR,0,302,3425196686933402479,gateway_calibration,sweep:anomaly_pair:shared_scenarios,555.6120451282072,104,811.6338322072953,,,shared_all_anomaly_strengths,diffusion_coeff,3000.0
RR,0,303,3114915321845009342,gateway_calibration,sweep:anomaly_pair:shared_scenarios,594.4034244528714,112,811.6338322072953,,,shared_all_anomaly_strengths,diffusion_coeff,3000.0
RR,0,304,2896931233588044786,gateway_calibration,sweep:anomaly_pair:shared_scenarios,615.8538061528412,119,811.6338322072953,,,shared_all_anomaly_strengths,diffusion_coeff,3000.0
RR,0,305,1551170222759424305,gateway_calibration,sweep:anomaly_pair:shared_scenarios,669.9018070817363,138,811.6338322072953,,,shared_all_anomaly_strengths,diffusion_coeff,3000.0
RR,0,306,4718806530038829033,gateway_calibration,sweep:anomaly_pair:shared_scenarios,685.4051520324199,136,811.6338322072953,,,shared_all_anomaly_strengths,diffusion_coeff,3000.0
RR,0,307,5119279349088370044,gateway_calibration,sweep:anomaly_pair:shared_scenarios,726.4230644838208,132,811.6338322072953,,,shared_all_anomaly_strengths,diffusion_coeff,3000.0
RR,0,308,2822775968759270459,gateway_calibration,sweep:anomaly_pair:shared_scenarios,860.0170951239367,135,811.6338322072953,,,shared_all_anomaly_strengths,diffusion_coeff,3000.0
RR,0,309,7998405917407377120,gateway_calibration,sweep:anomaly_pair:shared_scenarios,673.9153033426815,121,811.6338322072953,,,shared_all_anomaly_strengths,diffusion_coeff,3000.0
RR,0,310,5146001952486015638,gateway_calibration,sweep:anomaly_pair:shared_scenarios,757.9564233803624,141,811.6338322072953,,,shared_all_anomaly_strengths,diffusion_coeff,3000.0
RR,0,311,6911500135314972136,gateway_calibration,sweep:anomaly_pair:shared_scenarios,581.1177357513321,114,811.6338322072953,,,shared_all_anomaly_strengths,diffusion_coeff,3000.0
RR,0,312,3026266370475567930,gateway_calibration,sweep:anomaly_pair:shared_scenarios,841.6072503832612,145,811.6338322072953,,,shared_all_anomaly_strengths,diffusion_coeff,3000.0
RR,0,313,2263219430505968284,gateway_calibration,sweep:anomaly_pair:shared_scenarios,574.1438845286813,119,811.6338322072953,,,shared_all_anomaly_strengths,diffusion_coeff,3000.0
RR,0,314,6005314762223339669,gateway_calibration,sweep:anomaly_pair:shared_scenarios,656.0648569210138,125,811.6338322072953,,,shared_all_anomaly_strengths,diffusion_coeff,3000.0
RR,0,315,6620051426260236045,gateway_calibration,sweep:anomaly_pair:shared_scenarios,668.7895589713705,120,811.6338322072953,,,shared_all_anomaly_strengths,diffusion_coeff,3000.0
RR,0,316,1375290459054701469,gateway_calibration,sweep:anomaly_pair:shared_scenarios,747.749325802145,135,811.6338322072953,,,shared_all_anomaly_strengths,diffusion_coeff,3000.0
RR,0,317,3387434723583950275,gateway_calibration,sweep:anomaly_pair:shared_scenarios,586.1740745799925,115,811.6338322072953,,,shared_all_anomaly_strengths,diffusion_coeff,3000.0
RR,0,318,1492748310594346890,gateway_calibration,sweep:anomaly_pair:shared_scenarios,807.84221150603,137,811.6338322072953,,,shared_all_anomaly_strengths,diffusion_coeff,3000.0
RR,0,319,6526070513380422193,gateway_calibration,sweep:anomaly_pair:shared_scenarios,618.3215618421439,125,811.6338322072953,,,shared_all_anomaly_strengths,diffusion_coeff,3000.0
RR,0,320,4569908186093849248,gateway_calibration,sweep:anomaly_pair:shared_scenarios,632.982939644683,129,811.6338322072953,,,shared_all_anomaly_strengths,diffusion_coeff,3000.0
RR,0,321,2058735402210199549,gateway_calibration,sweep:anomaly_pair:shared_scenarios,673.5267774464296,122,811.6338322072953,,,shared_all_anomaly_strengths,diffusion_coeff,3000.0
RR,0,322,7792514555662345644,gateway_calibration,sweep:anomaly_pair:shared_scenarios,620.8930457416374,119,811.6338322072953,,,shared_all_anomaly_strengths,diffusion_coeff,3000.0
RR,0,323,5919491502808918703,gateway_calibration,sweep:anomaly_pair:shared_scenarios,795.7291403156867,145,811.6338322072953,,,shared_all_anomaly_strengths,diffusion_coeff,3000.0
RR,0,324,4574905972397435795,gateway_calibration,sweep:anomaly_pair:shared_scenarios,861.9635717650508,142,811.6338322072953,,,shared_all_anomaly_strengths,diffusion_coeff,3000.0
RR,0,325,7539986577246166921,gateway_calibration,sweep:anomaly_pair:shared_scenarios,675.7315370691317,131,811.6338322072953,,,shared_all_anomaly_strengths,diffusion_coeff,3000.0
RR,0,326,8057266659081106092,gateway_calibration,sweep:anomaly_pair:shared_scenarios,800.3473051839526,135,811.6338322072953,,,shared_all_anomaly_strengths,diffusion_coeff,3000.0
RR,0,327,7592041352101782096,gateway_calibration,sweep:anomaly_pair:shared_scenarios,642.5750356096506,130,811.6338322072953,,,shared_all_anomaly_strengths,diffusion_coeff,3000.0
RR,0,328,7157190776130753350,gateway_calibration,sweep:anomaly_pair:shared_scenarios,631.8005691176705,120,811.6338322072953,,,shared_all_anomaly_strengths,diffusion_coeff,3000.0
RR,0,329,3536119658432613956,gateway_calibration,sweep:anomaly_pair:shared_scenarios,807.775017669406,151,811.6338322072953,,,shared_all_anomaly_strengths,diffusion_coeff,3000.0
RR,0,330,3387957629084434680,gateway_calibration,sweep:anomaly_pair:shared_scenarios,696.9797004493017,145,811.6338322072953,,,shared_all_anomaly_strengths,diffusion_coeff,3000.0
RR,0,331,7014301768858485691,gateway_calibration,sweep:anomaly_pair:shared_scenarios,658.2247719552624,128,811.6338322072953,,,shared_all_anomaly_strengths,diffusion_coeff,3000.0
RR,0,332,7509048679395089766,gateway_calibration,sweep:anomaly_pair:shared_scenarios,598.8716330766267,128,811.6338322072953,,,shared_all_anomaly_strengths,diffusion_coeff,3000.0
RR,0,333,8077057740997865815,gateway_calibration,sweep:anomaly_pair:shared_scenarios,721.7217071843427,124,811.6338322072953,,,shared_all_anomaly_strengths,diffusion_coeff,3000.0
RR,0,334,4792265241973382002,gateway_calibration,sweep:anomaly_pair:shared_scenarios,618.5863371528222,145,811.6338322072953,,,shared_all_anomaly_strengths,diffusion_coeff,3000.0
RR,0,335,4631816253128208771,gateway_calibration,sweep:anomaly_pair:shared_scenarios,611.4030027526449,119,811.6338322072953,,,shared_all_anomaly_strengths,diffusion_coeff,3000.0
RR,0,336,1353780890302308168,gateway_calibration,sweep:anomaly_pair:shared_scenarios,629.6141210952771,126,811.6338322072953,,,shared_all_anomaly_strengths,diffusion_coeff,3000.0
RR,0,337,301188514516452582,gateway_calibration,sweep:anomaly_pair:shared_scenarios,863.2576430155325,132,811.6338322072953,,,shared_all_anomaly_strengths,diffusion_coeff,3000.0
RR,0,338,848291969102783726,gateway_calibration,sweep:anomaly_pair:shared_scenarios,642.205612068555,127,811.6338322072953,,,shared_all_anomaly_strengths,diffusion_coeff,3000.0
RR,0,339,3301607682890482163,gateway_calibration,sweep:anomaly_pair:shared_scenarios,549.3183654256517,116,811.6338322072953,,,shared_all_anomaly_strengths,diffusion_coeff,3000.0
RR,0,340,3382309239349475861,gateway_calibration,sweep:anomaly_pair:shared_scenarios,673.5524325311073,135,811.6338322072953,,,shared_all_anomaly_strengths,diffusion_coeff,3000.0
RR,0,341,3511804255243715536,gateway_calibration,sweep:anomaly_pair:shared_scenarios,669.403521496135,138,811.6338322072953,,,shared_all_anomaly_strengths,diffusion_coeff,3000.0
RR,0,342,7172406527062268769,gateway_calibration,sweep:anomaly_pair:shared_scenarios,564.8504661934381,121,811.6338322072953,,,shared_all_anomaly_strengths,diffusion_coeff,3000.0
RR,0,343,8148651635281023479,gateway_calibration,sweep:anomaly_pair:shared_scenarios,628.9650302891536,138,811.6338322072953,,,shared_all_anomaly_strengths,diffusion_coeff,3000.0
RR,0,344,4543894699244939752,gateway_calibration,sweep:anomaly_pair:shared_scenarios,633.2153603805833,118,811.6338322072953,,,shared_all_anomaly_strengths,diffusion_coeff,3000.0
RR,0,345,6891358735647678813,gateway_calibration,sweep:anomaly_pair:shared_scenarios,795.6124006729117,153,811.6338322072953,,,shared_all_anomaly_strengths,diffusion_coeff,3000.0
RR,0,346,1563481499315660104,gateway_calibration,sweep:anomaly_pair:shared_scenarios,695.9407356756793,138,811.6338322072953,,,shared_all_anomaly_strengths,diffusion_coeff,3000.0
RR,0,347,2629125604810830811,gateway_calibration,sweep:anomaly_pair:shared_scenarios,544.2401031752914,131,811.6338322072953,,,shared_all_anomaly_strengths,diffusion_coeff,3000.0
RR,0,348,3894426847858961166,gateway_calibration,sweep:anomaly_pair:shared_scenarios,733.3855941711149,142,811.6338322072953,,,shared_all_anomaly_strengths,diffusion_coeff,3000.0
RR,0,349,4282787653601296890,gateway_calibration,sweep:anomaly_pair:shared_scenarios,774.3367821000061,129,811.6338322072953,,,shared_all_anomaly_strengths,diffusion_coeff,3000.0
RR,0,350,7842601743270043461,gateway_calibration,sweep:anomaly_pair:shared_scenarios,606.3455217953876,114,811.6338322072953,,,shared_all_anomaly_strengths,diffusion_coeff,3000.0
RR,0,351,7700102950595571335,gateway_calibration,sweep:anomaly_pair:shared_scenarios,690.6858772610127,134,811.6338322072953,,,shared_all_anomaly_strengths,diffusion_coeff,3000.0
RR,0,352,2808087562537772166,gateway_calibration,sweep:anomaly_pair:shared_scenarios,660.148269374402,120,811.6338322072953,,,shared_all_anomaly_strengths,diffusion_coeff,3000.0
RR,0,353,6304865133883968004,gateway_calibration,sweep:anomaly_pair:shared_scenarios,669.6284227577197,123,811.6338322072953,,,shared_all_anomaly_strengths,diffusion_coeff,3000.0
RR,0,354,3342415063500426256,gateway_calibration,sweep:anomaly_pair:shared_scenarios,773.5060354710384,125,811.6338322072953,,,shared_all_anomaly_strengths,diffusion_coeff,3000.0
RR,0,355,8959621061715784363,gateway_calibration,sweep:anomaly_pair:shared_scenarios,558.8797745595414,124,811.6338322072953,,,shared_all_anomaly_strengths,diffusion_coeff,3000.0
RR,0,356,1186687812096718750,gateway_calibration,sweep:anomaly_pair:shared_scenarios,585.7401492158134,117,811.6338322072953,,,shared_all_anomaly_strengths,diffusion_coeff,3000.0
RR,0,357,8329058846985055289,gateway_calibration,sweep:anomaly_pair:shared_scenarios,843.0015059697552,134,811.6338322072953,,,shared_all_anomaly_strengths,diffusion_coeff,3000.0
RR,0,358,275625437843561760,gateway_calibration,sweep:anomaly_pair:shared_scenarios,623.7365714453538,123,811.6338322072953,,,shared_all_anomaly_strengths,diffusion_coeff,3000.0
RR,0,359,527484844984551272,gateway_calibration,sweep:anomaly_pair:shared_scenarios,615.6061834200906,120,811.6338322072953,,,shared_all_anomaly_strengths,diffusion_coeff,3000.0
RR,0,360,6499704723849040690,gateway_calibration,sweep:anomaly_pair:shared_scenarios,706.9286709161084,120,811.6338322072953,,,shared_all_anomaly_strengths,diffusion_coeff,3000.0
RR,0,361,3392988020843846596,gateway_calibration,sweep:anomaly_pair:shared_scenarios,537.0225479305514,109,811.6338322072953,,,shared_all_anomaly_strengths,diffusion_coeff,3000.0
RR,0,362,6082838417800885541,gateway_calibration,sweep:anomaly_pair:shared_scenarios,600.817950552044,129,811.6338322072953,,,shared_all_anomaly_strengths,diffusion_coeff,3000.0
RR,0,363,9161439992453118853,gateway_calibration,sweep:anomaly_pair:shared_scenarios,747.8288138954878,144,811.6338322072953,,,shared_all_anomaly_strengths,diffusion_coeff,3000.0
RR,0,364,1104199357173535709,gateway_calibration,sweep:anomaly_pair:shared_scenarios,637.8969912163942,122,811.6338322072953,,,shared_all_anomaly_strengths,diffusion_coeff,3000.0
RR,0,365,3968092569436272899,gateway_calibration,sweep:anomaly_pair:shared_scenarios,645.2075405061892,127,811.6338322072953,,,shared_all_anomaly_strengths,diffusion_coeff,3000.0
RR,0,366,88510700048790040,gateway_calibration,sweep:anomaly_pair:shared_scenarios,595.16387840875,120,811.6338322072953,,,shared_all_anomaly_strengths,diffusion_coeff,3000.0
RR,0,367,3708546901166186520,gateway_calibration,sweep:anomaly_pair:shared_scenarios,881.5770887229169,138,811.6338322072953,,,shared_all_anomaly_strengths,diffusion_coeff,3000.0
RR,0,368,6013111248236961738,gateway_calibration,sweep:anomaly_pair:shared_scenarios,542.6608159305492,124,811.6338322072953,,,shared_all_anomaly_strengths,diffusion_coeff,3000.0
RR,0,369,2114847280044500927,gateway_calibration,sweep:anomaly_pair:shared_scenarios,654.5692197551707,126,811.6338322072953,,,shared_all_anomaly_strengths,diffusion_coeff,3000.0
RR,0,370,7087323381771673869,gateway_calibration,sweep:anomaly_pair:shared_scenarios,616.3104028813729,123,811.6338322072953,,,shared_all_anomaly_strengths,diffusion_coeff,3000.0
RR,0,371,5657654365128844730,gateway_calibration,sweep:anomaly_pair:shared_scenarios,643.1517635229292,129,811.6338322072953,,,shared_all_anomaly_strengths,diffusion_coeff,3000.0
RR,0,372,2027870051160191704,gateway_calibration,sweep:anomaly_pair:shared_scenarios,661.5705213227411,97,811.6338322072953,,,shared_all_anomaly_strengths,diffusion_coeff,3000.0
RR,0,373,7848999889242844692,gateway_calibration,sweep:anomaly_pair:shared_scenarios,595.891247914352,133,811.6338322072953,,,shared_all_anomaly_strengths,diffusion_coeff,3000.0
RR,0,374,333687295804109698,gateway_calibration,sweep:anomaly_pair:shared_scenarios,552.697356556589,108,811.6338322072953,,,shared_all_anomaly_strengths,diffusion_coeff,3000.0
RR,0,375,3858544135291456003,gateway_calibration,sweep:anomaly_pair:shared_scenarios,672.7374140355288,122,811.6338322072953,,,shared_all_anomaly_strengths,diffusion_coeff,3000.0
RR,0,376,5954054979897712788,gateway_calibration,sweep:anomaly_pair:shared_scenarios,655.8966040363629,131,811.6338322072953,,,shared_all_anomaly_strengths,diffusion_coeff,3000.0
RR,0,377,1335844326469534536,gateway_calibration,sweep:anomaly_pair:shared_scenarios,813.7612123919833,134,811.6338322072953,,,shared_all_anomaly_strengths,diffusion_coeff,3000.0
RR,0,378,7763485567302934545,gateway_calibration,sweep:anomaly_pair:shared_scenarios,569.5331260849599,115,811.6338322072953,,,shared_all_anomaly_strengths,diffusion_coeff,3000.0
RR,0,379,2085077819561017134,gateway_calibration,sweep:anomaly_pair:shared_scenarios,650.1949311998376,118,811.6338322072953,,,shared_all_anomaly_strengths,diffusion_coeff,3000.0
RR,0,380,2522980069351540246,gateway_calibration,sweep:anomaly_pair:shared_scenarios,815.9764094838547,133,811.6338322072953,,,shared_all_anomaly_strengths,diffusion_coeff,3000.0
RR,0,381,4975283561804637613,gateway_calibration,sweep:anomaly_pair:shared_scenarios,737.0857484988504,132,811.6338322072953,,,shared_all_anomaly_strengths,diffusion_coeff,3000.0
RR,0,382,1302504027955615947,gateway_calibration,sweep:anomaly_pair:shared_scenarios,657.7861394825413,125,811.6338322072953,,,shared_all_anomaly_strengths,diffusion_coeff,3000.0
RR,0,383,8927732358631061418,gateway_calibration,sweep:anomaly_pair:shared_scenarios,606.048642763289,125,811.6338322072953,,,shared_all_anomaly_strengths,diffusion_coeff,3000.0
RR,0,384,7102871842583592410,gateway_calibration,sweep:anomaly_pair:shared_scenarios,616.4680502597531,131,811.6338322072953,,,shared_all_anomaly_strengths,diffusion_coeff,3000.0
RR,0,385,8751812685682384577,gateway_calibration,sweep:anomaly_pair:shared_scenarios,688.472123136585,131,811.6338322072953,,,shared_all_anomaly_strengths,diffusion_coeff,3000.0
RR,0,386,2867292286665412959,gateway_calibration,sweep:anomaly_pair:shared_scenarios,631.5984370812824,122,811.6338322072953,,,shared_all_anomaly_strengths,diffusion_coeff,3000.0
RR,0,387,2624927968075345649,gateway_calibration,sweep:anomaly_pair:shared_scenarios,795.914779661655,149,811.6338322072953,,,shared_all_anomaly_strengths,diffusion_coeff,3000.0
RR,0,388,2537836582560678006,gateway_calibration,sweep:anomaly_pair:shared_scenarios,664.3393290613874,111,811.6338322072953,,,shared_all_anomaly_strengths,diffusion_coeff,3000.0
RR,0,389,2800143550304458978,gateway_calibration,sweep:anomaly_pair:shared_scenarios,540.1341798249953,112,811.6338322072953,,,shared_all_anomaly_strengths,diffusion_coeff,3000.0
RR,0,390,5542491175477138315,gateway_calibration,sweep:anomaly_pair:shared_scenarios,696.2899447949993,125,811.6338322072953,,,shared_all_anomaly_strengths,diffusion_coeff,3000.0
RR,0,391,920575682054079790,gateway_calibration,sweep:anomaly_pair:shared_scenarios,685.6935361195706,128,811.6338322072953,,,shared_all_anomaly_strengths,diffusion_coeff,3000.0
RR,0,392,7832892230890482956,gateway_calibration,sweep:anomaly_pair:shared_scenarios,651.4409417287392,146,811.6338322072953,,,shared_all_anomaly_strengths,diffusion_coeff,3000.0
RR,0,393,757741762273162161,gateway_calibration,sweep:anomaly_pair:shared_scenarios,643.8412832585356,123,811.6338322072953,,,shared_all_anomaly_strengths,diffusion_coeff,3000.0
RR,0,394,2545938917521492744,gateway_calibration,sweep:anomaly_pair:shared_scenarios,585.3573889350907,118,811.6338322072953,,,shared_all_anomaly_strengths,diffusion_coeff,3000.0
RR,0,395,8023561360387127259,gateway_calibration,sweep:anomaly_pair:shared_scenarios,523.9587607497683,113,811.6338322072953,,,shared_all_anomaly_strengths,diffusion_coeff,3000.0
RR,0,396,7027188297947467006,gateway_calibration,sweep:anomaly_pair:shared_scenarios,775.8700200452098,129,811.6338322072953,,,shared_all_anomaly_strengths,diffusion_coeff,3000.0
RR,0,397,7878834433110996755,gateway_calibration,sweep:anomaly_pair:shared_scenarios,591.1978343164405,106,811.6338322072953,,,shared_all_anomaly_strengths,diffusion_coeff,3000.0
RR,0,398,4744550561105664732,gateway_calibration,sweep:anomaly_pair:shared_scenarios,593.7163287496179,135,811.6338322072953,,,shared_all_anomaly_strengths,diffusion_coeff,3000.0
RR,0,399,5344886015201979308,gateway_calibration,sweep:anomaly_pair:shared_scenarios,744.5923165727368,133,811.6338322072953,,,shared_all_anomaly_strengths,diffusion_coeff,3000.0
RR,0,400,5149434508763057584,gateway_calibration,sweep:anomaly_pair:shared_scenarios,665.2867501897459,130,811.6338322072953,,,shared_all_anomaly_strengths,diffusion_coeff,3000.0
RR,0,401,5599666805503637415,gateway_calibration,sweep:anomaly_pair:shared_scenarios,693.7284986268793,129,811.6338322072953,,,shared_all_anomaly_strengths,diffusion_coeff,3000.0
RR,0,402,2625638571049592825,gateway_calibration,sweep:anomaly_pair:shared_scenarios,650.4678574333998,133,811.6338322072953,,,shared_all_anomaly_strengths,diffusion_coeff,3000.0
RR,0,403,6629408355495065749,gateway_calibration,sweep:anomaly_pair:shared_scenarios,596.9975388727535,115,811.6338322072953,,,shared_all_anomaly_strengths,diffusion_coeff,3000.0
RR,0,404,3150249386986199613,gateway_calibration,sweep:anomaly_pair:shared_scenarios,652.0901723101861,107,811.6338322072953,,,shared_all_anomaly_strengths,diffusion_coeff,3000.0
RR,0,405,4117381947987728137,gateway_calibration,sweep:anomaly_pair:shared_scenarios,644.7115227353773,127,811.6338322072953,,,shared_all_anomaly_strengths,diffusion_coeff,3000.0
RR,0,406,7366258876741991286,gateway_calibration,sweep:anomaly_pair:shared_scenarios,521.3387263546344,113,811.6338322072953,,,shared_all_anomaly_strengths,diffusion_coeff,3000.0
RR,0,407,3058169725806449045,gateway_calibration,sweep:anomaly_pair:shared_scenarios,740.2197990992019,139,811.6338322072953,,,shared_all_anomaly_strengths,diffusion_coeff,3000.0
RR,0,408,2978841122516248054,gateway_calibration,sweep:anomaly_pair:shared_scenarios,680.0389053979219,135,811.6338322072953,,,shared_all_anomaly_strengths,diffusion_coeff,3000.0
RR,0,409,2599485624261039583,gateway_calibration,sweep:anomaly_pair:shared_scenarios,668.0068833510584,113,811.6338322072953,,,shared_all_anomaly_strengths,diffusion_coeff,3000.0
RR,0,410,458882496312945663,gateway_calibration,sweep:anomaly_pair:shared_scenarios,631.6868970747597,130,811.6338322072953,,,shared_all_anomaly_strengths,diffusion_coeff,3000.0
RR,0,411,4000618753593853165,gateway_calibration,sweep:anomaly_pair:shared_scenarios,635.8468675790582,103,811.6338322072953,,,shared_all_anomaly_strengths,diffusion_coeff,3000.0
RR,0,412,8339539677611557861,gateway_calibration,sweep:anomaly_pair:shared_scenarios,686.1365310563684,117,811.6338322072953,,,shared_all_anomaly_strengths,diffusion_coeff,3000.0
RR,0,413,2580185991513178045,gateway_calibration,sweep:anomaly_pair:shared_scenarios,800.7801043472286,141,811.6338322072953,,,shared_all_anomaly_strengths,diffusion_coeff,3000.0
RR,0,414,3076826962419443480,gateway_calibration,sweep:anomaly_pair:shared_scenarios,547.9647659850812,96,811.6338322072953,,,shared_all_anomaly_strengths,diffusion_coeff,3000.0
RR,0,415,6827605468891931010,gateway_calibration,sweep:anomaly_pair:shared_scenarios,575.7654657353363,116,811.6338322072953,,,shared_all_anomaly_strengths,diffusion_coeff,3000.0
RR,0,416,3218560465134718098,gateway_calibration,sweep:anomaly_pair:shared_scenarios,684.1959149212299,123,811.6338322072953,,,shared_all_anomaly_strengths,diffusion_coeff,3000.0
RR,0,417,3922954233183090676,gateway_calibration,sweep:anomaly_pair:shared_scenarios,608.2787035578976,126,811.6338322072953,,,shared_all_anomaly_strengths,diffusion_coeff,3000.0
RR,0,418,1460299898534465968,gateway_calibration,sweep:anomaly_pair:shared_scenarios,721.1367446768284,133,811.6338322072953,,,shared_all_anomaly_strengths,diffusion_coeff,3000.0
RR,0,419,8305113000185527425,gateway_calibration,sweep:anomaly_pair:shared_scenarios,625.2748341059872,135,811.6338322072953,,,shared_all_anomaly_strengths,diffusion_coeff,3000.0
RR,0,420,666906365206469240,gateway_calibration,sweep:anomaly_pair:shared_scenarios,676.6034540678079,109,811.6338322072953,,,shared_all_anomaly_strengths,diffusion_coeff,3000.0
RR,0,421,4902312007981976155,gateway_calibration,sweep:anomaly_pair:shared_scenarios,715.7955861723043,132,811.6338322072953,,,shared_all_anomaly_strengths,diffusion_coeff,3000.0
RR,0,422,213388171490915124,gateway_calibration,sweep:anomaly_pair:shared_scenarios,607.0525513143518,132,811.6338322072953,,,shared_all_anomaly_strengths,diffusion_coeff,3000.0
RR,0,423,3426814509533468634,gateway_calibration,sweep:anomaly_pair:shared_scenarios,593.3863731091733,115,811.6338322072953,,,shared_all_anomaly_strengths,diffusion_coeff,3000.0
RR,0,424,3022645040617138448,gateway_calibration,sweep:anomaly_pair:shared_scenarios,792.5652787711014,154,811.6338322072953,,,shared_all_anomaly_strengths,diffusion_coeff,3000.0
RR,0,425,5527100482172181234,gateway_calibration,sweep:anomaly_pair:shared_scenarios,623.5094107993169,129,811.6338322072953,,,shared_all_anomaly_strengths,diffusion_coeff,3000.0
RR,0,426,1012614697466316415,gateway_calibration,sweep:anomaly_pair:shared_scenarios,739.0026242993897,121,811.6338322072953,,,shared_all_anomaly_strengths,diffusion_coeff,3000.0
RR,0,427,6258153257279431865,gateway_calibration,sweep:anomaly_pair:shared_scenarios,699.8724935881579,124,811.6338322072953,,,shared_all_anomaly_strengths,diffusion_coeff,3000.0
RR,0,428,3494724231981409682,gateway_calibration,sweep:anomaly_pair:shared_scenarios,623.4908013762556,117,811.6338322072953,,,shared_all_anomaly_strengths,diffusion_coeff,3000.0
RR,0,429,9138299470163467240,gateway_calibration,sweep:anomaly_pair:shared_scenarios,728.9845620960983,123,811.6338322072953,,,shared_all_anomaly_strengths,diffusion_coeff,3000.0
RR,0,430,6891783168053645325,gateway_calibration,sweep:anomaly_pair:shared_scenarios,685.321404308836,143,811.6338322072953,,,shared_all_anomaly_strengths,diffusion_coeff,3000.0
RR,0,431,6869361412516472794,gateway_calibration,sweep:anomaly_pair:shared_scenarios,796.6267187572186,150,811.6338322072953,,,shared_all_anomaly_strengths,diffusion_coeff,3000.0
RR,0,432,2541163241042689952,gateway_calibration,sweep:anomaly_pair:shared_scenarios,823.0028103989505,147,811.6338322072953,,,shared_all_anomaly_strengths,diffusion_coeff,3000.0
RR,0,433,8254769182462207207,gateway_calibration,sweep:anomaly_pair:shared_scenarios,592.8098670608802,117,811.6338322072953,,,shared_all_anomaly_strengths,diffusion_coeff,3000.0
RR,0,434,4013505716720903184,gateway_calibration,sweep:anomaly_pair:shared_scenarios,758.4537541918893,136,811.6338322072953,,,shared_all_anomaly_strengths,diffusion_coeff,3000.0
RR,0,435,5806127130564233059,gateway_calibration,sweep:anomaly_pair:shared_scenarios,696.0387974960988,135,811.6338322072953,,,shared_all_anomaly_strengths,diffusion_coeff,3000.0
RR,0,436,8292276808083054766,gateway_calibration,sweep:anomaly_pair:shared_scenarios,681.4433794092237,117,811.6338322072953,,,shared_all_anomaly_strengths,diffusion_coeff,3000.0
RR,0,437,411766100713001608,gateway_calibration,sweep:anomaly_pair:shared_scenarios,587.1204802201385,117,811.6338322072953,,,shared_all_anomaly_strengths,diffusion_coeff,3000.0
RR,0,438,3930968551179869439,gateway_calibration,sweep:anomaly_pair:shared_scenarios,669.5740583024907,121,811.6338322072953,,,shared_all_anomaly_strengths,diffusion_coeff,3000.0
RR,0,439,3763632109674308185,gateway_calibration,sweep:anomaly_pair:shared_scenarios,793.9420278093376,139,811.6338322072953,,,shared_all_anomaly_strengths,diffusion_coeff,3000.0
RR,0,440,5278015637357484618,gateway_calibration,sweep:anomaly_pair:shared_scenarios,694.7664060077727,120,811.6338322072953,,,shared_all_anomaly_strengths,diffusion_coeff,3000.0
RR,0,441,5470421236833479721,gateway_calibration,sweep:anomaly_pair:shared_scenarios,741.6417243350361,134,811.6338322072953,,,shared_all_anomaly_strengths,diffusion_coeff,3000.0
RR,0,442,4152824066035952546,gateway_calibration,sweep:anomaly_pair:shared_scenarios,658.5730867460787,122,811.6338322072953,,,shared_all_anomaly_strengths,diffusion_coeff,3000.0
RR,0,443,8782078971988136695,gateway_calibration,sweep:anomaly_pair:shared_scenarios,638.4688364070819,109,811.6338322072953,,,shared_all_anomaly_strengths,diffusion_coeff,3000.0
RR,0,444,8949691134399507769,gateway_calibration,sweep:anomaly_pair:shared_scenarios,654.864956114137,128,811.6338322072953,,,shared_all_anomaly_strengths,diffusion_coeff,3000.0
RR,0,445,1243237072583537200,gateway_calibration,sweep:anomaly_pair:shared_scenarios,640.7294324494715,116,811.6338322072953,,,shared_all_anomaly_strengths,diffusion_coeff,3000.0
RR,0,446,6083371766119392307,gateway_calibration,sweep:anomaly_pair:shared_scenarios,813.7010366358599,131,811.6338322072953,,,shared_all_anomaly_strengths,diffusion_coeff,3000.0
RR,0,447,7648441755753076920,gateway_calibration,sweep:anomaly_pair:shared_scenarios,696.5145617246094,125,811.6338322072953,,,shared_all_anomaly_strengths,diffusion_coeff,3000.0
RR,0,448,955005731795147001,gateway_calibration,sweep:anomaly_pair:shared_scenarios,811.5950963688415,126,811.6338322072953,,,shared_all_anomaly_strengths,diffusion_coeff,3000.0
RR,0,449,45305231348623693,gateway_calibration,sweep:anomaly_pair:shared_scenarios,764.8282295217526,129,811.6338322072953,,,shared_all_anomaly_strengths,diffusion_coeff,3000.0
RR,0,450,2115602869220638789,gateway_calibration,sweep:anomaly_pair:shared_scenarios,664.8293989326792,119,811.6338322072953,,,shared_all_anomaly_strengths,diffusion_coeff,3000.0
RR,0,451,5676793455979563788,gateway_calibration,sweep:anomaly_pair:shared_scenarios,650.0149584245177,121,811.6338322072953,,,shared_all_anomaly_strengths,diffusion_coeff,3000.0
RR,0,452,6366447883379022413,gateway_calibration,sweep:anomaly_pair:shared_scenarios,689.3749517260486,138,811.6338322072953,,,shared_all_anomaly_strengths,diffusion_coeff,3000.0
RR,0,453,4225207655377417674,gateway_calibration,sweep:anomaly_pair:shared_scenarios,682.1955894523155,132,811.6338322072953,,,shared_all_anomaly_strengths,diffusion_coeff,3000.0
RR,0,454,7327466488411297350,gateway_calibration,sweep:anomaly_pair:shared_scenarios,641.5664712787774,124,811.6338322072953,,,shared_all_anomaly_strengths,diffusion_coeff,3000.0
RR,0,455,5345767761096099882,gateway_calibration,sweep:anomaly_pair:shared_scenarios,514.9755409867273,107,811.6338322072953,,,shared_all_anomaly_strengths,diffusion_coeff,3000.0
RR,0,456,2133102790808814152,gateway_calibration,sweep:anomaly_pair:shared_scenarios,647.5097131593807,129,811.6338322072953,,,shared_all_anomaly_strengths,diffusion_coeff,3000.0
RR,0,457,6037868011932965840,gateway_calibration,sweep:anomaly_pair:shared_scenarios,686.2419765772125,132,811.6338322072953,,,shared_all_anomaly_strengths,diffusion_coeff,3000.0
RR,0,458,4340644108282100646,gateway_calibration,sweep:anomaly_pair:shared_scenarios,797.7878752729655,144,811.6338322072953,,,shared_all_anomaly_strengths,diffusion_coeff,3000.0
RR,0,459,949751417938216244,gateway_calibration,sweep:anomaly_pair:shared_scenarios,799.3990942634729,127,811.6338322072953,,,shared_all_anomaly_strengths,diffusion_coeff,3000.0
RR,0,460,7054426845112713226,gateway_calibration,sweep:anomaly_pair:shared_scenarios,698.3602442055038,131,811.6338322072953,,,shared_all_anomaly_strengths,diffusion_coeff,3000.0
RR,0,461,2331330513053472942,gateway_calibration,sweep:anomaly_pair:shared_scenarios,678.4296349417061,118,811.6338322072953,,,shared_all_anomaly_strengths,diffusion_coeff,3000.0
RR,0,462,2243847955329417019,gateway_calibration,sweep:anomaly_pair:shared_scenarios,575.6104235293373,118,811.6338322072953,,,shared_all_anomaly_strengths,diffusion_coeff,3000.0
RR,0,463,1493485923527818258,gateway_calibration,sweep:anomaly_pair:shared_scenarios,560.8148687953183,120,811.6338322072953,,,shared_all_anomaly_strengths,diffusion_coeff,3000.0
RR,0,464,2216699455221061669,gateway_calibration,sweep:anomaly_pair:shared_scenarios,712.5951333814259,141,811.6338322072953,,,shared_all_anomaly_strengths,diffusion_coeff,3000.0
RR,0,465,6883161541620008480,gateway_calibration,sweep:anomaly_pair:shared_scenarios,605.7809680590276,131,811.6338322072953,,,shared_all_anomaly_strengths,diffusion_coeff,3000.0
RR,0,466,1985404953787314291,gateway_calibration,sweep:anomaly_pair:shared_scenarios,858.1755439288343,150,811.6338322072953,,,shared_all_anomaly_strengths,diffusion_coeff,3000.0
RR,0,467,1384036578423497838,gateway_calibration,sweep:anomaly_pair:shared_scenarios,650.961696236722,113,811.6338322072953,,,shared_all_anomaly_strengths,diffusion_coeff,3000.0
RR,0,468,4722935997294481070,gateway_calibration,sweep:anomaly_pair:shared_scenarios,715.4792181042139,133,811.6338322072953,,,shared_all_anomaly_strengths,diffusion_coeff,3000.0
RR,0,469,528191954664659622,gateway_calibration,sweep:anomaly_pair:shared_scenarios,666.5939027052041,133,811.6338322072953,,,shared_all_anomaly_strengths,diffusion_coeff,3000.0
RR,0,470,1633712328529169800,gateway_calibration,sweep:anomaly_pair:shared_scenarios,704.1472614527921,138,811.6338322072953,,,shared_all_anomaly_strengths,diffusion_coeff,3000.0
RR,0,471,6633907339390607815,gateway_calibration,sweep:anomaly_pair:shared_scenarios,638.5676411949156,105,811.6338322072953,,,shared_all_anomaly_strengths,diffusion_coeff,3000.0
RR,0,472,7110316941102820115,gateway_calibration,sweep:anomaly_pair:shared_scenarios,681.8599959242672,115,811.6338322072953,,,shared_all_anomaly_strengths,diffusion_coeff,3000.0
RR,0,473,648151194668048025,gateway_calibration,sweep:anomaly_pair:shared_scenarios,612.5476506029253,121,811.6338322072953,,,shared_all_anomaly_strengths,diffusion_coeff,3000.0
RR,0,474,2324647907345855690,gateway_calibration,sweep:anomaly_pair:shared_scenarios,747.1810327649755,125,811.6338322072953,,,shared_all_anomaly_strengths,diffusion_coeff,3000.0
RR,0,475,944763265997848402,gateway_calibration,sweep:anomaly_pair:shared_scenarios,714.7915018451423,122,811.6338322072953,,,shared_all_anomaly_strengths,diffusion_coeff,3000.0
RR,0,476,7563131271191532633,gateway_calibration,sweep:anomaly_pair:shared_scenarios,641.4678826338941,137,811.6338322072953,,,shared_all_anomaly_strengths,diffusion_coeff,3000.0
RR,0,477,2509031892675661094,gateway_calibration,sweep:anomaly_pair:shared_scenarios,542.4346448772393,112,811.6338322072953,,,shared_all_anomaly_strengths,diffusion_coeff,3000.0
RR,0,478,6203947427023563777,gateway_calibration,sweep:anomaly_pair:shared_scenarios,675.9184661070151,124,811.6338322072953,,,shared_all_anomaly_strengths,diffusion_coeff,3000.0
RR,0,479,6280194980310007953,gateway_calibration,sweep:anomaly_pair:shared_scenarios,681.4193465998729,124,811.6338322072953,,,shared_all_anomaly_strengths,diffusion_coeff,3000.0
RR,0,480,6714940429764513866,gateway_calibration,sweep:anomaly_pair:shared_scenarios,633.188619527184,120,811.6338322072953,,,shared_all_anomaly_strengths,diffusion_coeff,3000.0
RR,0,481,1585407397185217282,gateway_calibration,sweep:anomaly_pair:shared_scenarios,903.5936283463656,134,811.6338322072953,,,shared_all_anomaly_strengths,diffusion_coeff,3000.0
RR,0,482,6706063428171325988,gateway_calibration,sweep:anomaly_pair:shared_scenarios,615.9402087463609,122,811.6338322072953,,,shared_all_anomaly_strengths,diffusion_coeff,3000.0
RR,0,483,2723086856808871853,gateway_calibration,sweep:anomaly_pair:shared_scenarios,755.5281432229912,126,811.6338322072953,,,shared_all_anomaly_strengths,diffusion_coeff,3000.0
RR,0,484,4346870091848339416,gateway_calibration,sweep:anomaly_pair:shared_scenarios,581.6325215091305,132,811.6338322072953,,,shared_all_anomaly_strengths,diffusion_coeff,3000.0
RR,0,485,7287133659789628915,gateway_calibration,sweep:anomaly_pair:shared_scenarios,633.1417987238068,130,811.6338322072953,,,shared_all_anomaly_strengths,diffusion_coeff,3000.0
RR,0,486,2494165871751805290,gateway_calibration,sweep:anomaly_pair:shared_scenarios,695.652412582962,132,811.6338322072953,,,shared_all_anomaly_strengths,diffusion_coeff,3000.0
RR,0,487,3661305971430326717,gateway_calibration,sweep:anomaly_pair:shared_scenarios,607.9268710050341,114,811.6338322072953,,,shared_all_anomaly_strengths,diffusion_coeff,3000.0
RR,0,488,4108916358889597565,gateway_calibration,sweep:anomaly_pair:shared_scenarios,629.7249039263017,123,811.6338322072953,,,shared_all_anomaly_strengths,diffusion_coeff,3000.0
RR,0,489,1534234753197727125,gateway_calibration,sweep:anomaly_pair:shared_scenarios,628.0241830724453,116,811.6338322072953,,,shared_all_anomaly_strengths,diffusion_coeff,3000.0
RR,0,490,7992839432723694714,gateway_calibration,sweep:anomaly_pair:shared_scenarios,726.2290375911828,130,811.6338322072953,,,shared_all_anomaly_strengths,diffusion_coeff,3000.0
RR,0,491,267602845997369720,gateway_calibration,sweep:anomaly_pair:shared_scenarios,597.1986517067332,117,811.6338322072953,,,shared_all_anomaly_strengths,diffusion_coeff,3000.0
RR,0,492,8956605696040384406,gateway_calibration,sweep:anomaly_pair:shared_scenarios,646.1894796681099,119,811.6338322072953,,,shared_all_anomaly_strengths,diffusion_coeff,3000.0
RR,0,493,5206171671982199970,gateway_calibration,sweep:anomaly_pair:shared_scenarios,654.487506094539,126,811.6338322072953,,,shared_all_anomaly_strengths,diffusion_coeff,3000.0
RR,0,494,3552257924642337236,gateway_calibration,sweep:anomaly_pair:shared_scenarios,727.2747923434182,136,811.6338322072953,,,shared_all_anomaly_strengths,diffusion_coeff,3000.0
RR,0,495,4539722117532196426,gateway_calibration,sweep:anomaly_pair:shared_scenarios,614.5143768553044,123,811.6338322072953,,,shared_all_anomaly_strengths,diffusion_coeff,3000.0
RR,0,496,4932179539160465299,gateway_calibration,sweep:anomaly_pair:shared_scenarios,967.7015741545794,167,811.6338322072953,,,shared_all_anomaly_strengths,diffusion_coeff,3000.0
RR,0,497,6745222888165061244,gateway_calibration,sweep:anomaly_pair:shared_scenarios,530.3954422162954,114,811.6338322072953,,,shared_all_anomaly_strengths,diffusion_coeff,3000.0
RR,0,498,8037702420921553958,gateway_calibration,sweep:anomaly_pair:shared_scenarios,622.6493740641101,122,811.6338322072953,,,shared_all_anomaly_strengths,diffusion_coeff,3000.0
RR,0,499,3026982929224465183,gateway_calibration,sweep:anomaly_pair:shared_scenarios,753.2232895501521,124,811.6338322072953,,,shared_all_anomaly_strengths,diffusion_coeff,3000.0
TR,0,0,6942901201456939297,gateway_calibration,sweep:anomaly_pair:shared_scenarios,540.9590003203393,107,753.666212845984,,,shared_all_anomaly_strengths,diffusion_coeff,3000.0
TR,0,1,3707311459125033713,gateway_calibration,sweep:anomaly_pair:shared_scenarios,608.0495911773871,120,753.666212845984,,,shared_all_anomaly_strengths,diffusion_coeff,3000.0
TR,0,2,6525899029649517457,gateway_calibration,sweep:anomaly_pair:shared_scenarios,713.1013642996195,135,753.666212845984,,,shared_all_anomaly_strengths,diffusion_coeff,3000.0
TR,0,3,7579878600958796329,gateway_calibration,sweep:anomaly_pair:shared_scenarios,693.1943905223441,122,753.666212845984,,,shared_all_anomaly_strengths,diffusion_coeff,3000.0
TR,0,4,1995048182365014103,gateway_calibration,sweep:anomaly_pair:shared_scenarios,784.9940775201741,127,753.666212845984,,,shared_all_anomaly_strengths,diffusion_coeff,3000.0
TR,0,5,3295882431625053650,gateway_calibration,sweep:anomaly_pair:shared_scenarios,614.8942366431179,129,753.666212845984,,,shared_all_anomaly_strengths,diffusion_coeff,3000.0
TR,0,6,5854776044075552459,gateway_calibration,sweep:anomaly_pair:shared_scenarios,533.46891390764,107,753.666212845984,,,shared_all_anomaly_strengths,diffusion_coeff,3000.0
TR,0,7,7709607086058877159,gateway_calibration,sweep:anomaly_pair:shared_scenarios,592.8911996788869,115,753.666212845984,,,shared_all_anomaly_strengths,diffusion_coeff,3000.0
TR,0,8,1741592563361101750,gateway_calibration,sweep:anomaly_pair:shared_scenarios,654.6975882681411,125,753.666212845984,,,shared_all_anomaly_strengths,diffusion_coeff,3000.0
TR,0,9,3282932482964655802,gateway_calibration,sweep:anomaly_pair:shared_scenarios,721.9192218485971,133,753.666212845984,,,shared_all_anomaly_strengths,diffusion_coeff,3000.0
TR,0,10,1774785994864530756,gateway_calibration,sweep:anomaly_pair:shared_scenarios,650.4568578309741,124,753.666212845984,,,shared_all_anomaly_strengths,diffusion_coeff,3000.0
TR,0,11,8140464769652066346,gateway_calibration,sweep:anomaly_pair:shared_scenarios,579.720970390407,111,753.666212845984,,,shared_all_anomaly_strengths,diffusion_coeff,3000.0
TR,0,12,1253555579543505935,gateway_calibration,sweep:anomaly_pair:shared_scenarios,597.3676478582529,115,753.666212845984,,,shared_all_anomaly_strengths,diffusion_coeff,3000.0
TR,0,13,7889622116667546826,gateway_calibration,sweep:anomaly_pair:shared_scenarios,666.8906992733667,132,753.666212845984,,,shared_all_anomaly_strengths,diffusion_coeff,3000.0
TR,0,14,2999731371178102042,gateway_calibration,sweep:anomaly_pair:shared_scenarios,561.9092492536995,107,753.666212845984,,,shared_all_anomaly_strengths,diffusion_coeff,3000.0
TR,0,15,3149132606532110017,gateway_calibration,sweep:anomaly_pair:shared_scenarios,613.0727495157337,116,753.666212845984,,,shared_all_anomaly_strengths,diffusion_coeff,3000.0
TR,0,16,5945166213153900620,gateway_calibration,sweep:anomaly_pair:shared_scenarios,780.4501709514905,107,753.666212845984,,,shared_all_anomaly_strengths,diffusion_coeff,3000.0
TR,0,17,8780635847486979818,gateway_calibration,sweep:anomaly_pair:shared_scenarios,576.4816420572664,109,753.666212845984,,,shared_all_anomaly_strengths,diffusion_coeff,3000.0
TR,0,18,977807179708126678,gateway_calibration,sweep:anomaly_pair:shared_scenarios,528.3057483106285,97,753.666212845984,,,shared_all_anomaly_strengths,diffusion_coeff,3000.0
TR,0,19,4758583958882270302,gateway_calibration,sweep:anomaly_pair:shared_scenarios,741.1696966810662,125,753.666212845984,,,shared_all_anomaly_strengths,diffusion_coeff,3000.0
TR,0,20,624488504525834361,gateway_calibration,sweep:anomaly_pair:shared_scenarios,643.03497391341,110,753.666212845984,,,shared_all_anomaly_strengths,diffusion_coeff,3000.0
TR,0,21,9127488914970490212,gateway_calibration,sweep:anomaly_pair:shared_scenarios,520.0109129862896,109,753.666212845984,,,shared_all_anomaly_strengths,diffusion_coeff,3000.0
TR,0,22,3878214634024289995,gateway_calibration,sweep:anomaly_pair:shared_scenarios,612.8613426326607,106,753.666212845984,,,shared_all_anomaly_strengths,diffusion_coeff,3000.0
TR,0,23,3074434249601971096,gateway_calibration,sweep:anomaly_pair:shared_scenarios,586.5913589112519,114,753.666212845984,,,shared_all_anomaly_strengths,diffusion_coeff,3000.0
TR,0,24,3240386866293341253,gateway_calibration,sweep:anomaly_pair:shared_scenarios,489.25828316007903,93,753.666212845984,,,shared_all_anomaly_strengths,diffusion_coeff,3000.0
TR,0,25,6243332140314349343,gateway_calibration,sweep:anomaly_pair:shared_scenarios,498.6909997824127,102,753.666212845984,,,shared_all_anomaly_strengths,diffusion_coeff,3000.0
TR,0,26,3868622807354924164,gateway_calibration,sweep:anomaly_pair:shared_scenarios,641.1424758515834,114,753.666212845984,,,shared_all_anomaly_strengths,diffusion_coeff,3000.0
TR,0,27,1718082128973198771,gateway_calibration,sweep:anomaly_pair:shared_scenarios,753.2754783673279,122,753.666212845984,,,shared_all_anomaly_strengths,diffusion_coeff,3000.0
TR,0,28,2704479796120479431,gateway_calibration,sweep:anomaly_pair:shared_scenarios,610.5231857226248,124,753.666212845984,,,shared_all_anomaly_strengths,diffusion_coeff,3000.0
TR,0,29,3697228631517816840,gateway_calibration,sweep:anomaly_pair:shared_scenarios,644.2653965963282,126,753.666212845984,,,shared_all_anomaly_strengths,diffusion_coeff,3000.0
TR,0,30,8820983848116756903,gateway_calibration,sweep:anomaly_pair:shared_scenarios,621.5309269026714,124,753.666212845984,,,shared_all_anomaly_strengths,diffusion_coeff,3000.0
TR,0,31,7643153808516479349,gateway_calibration,sweep:anomaly_pair:shared_scenarios,510.47039800756096,105,753.666212845984,,,shared_all_anomaly_strengths,diffusion_coeff,3000.0
TR,0,32,3795846149567597038,gateway_calibration,sweep:anomaly_pair:shared_scenarios,702.1438468173593,125,753.666212845984,,,shared_all_anomaly_strengths,diffusion_coeff,3000.0
TR,0,33,8760001566670653492,gateway_calibration,sweep:anomaly_pair:shared_scenarios,649.6518625625256,119,753.666212845984,,,shared_all_anomaly_strengths,diffusion_coeff,3000.0
TR,0,34,2744726624485914817,gateway_calibration,sweep:anomaly_pair:shared_scenarios,543.057455795457,109,753.666212845984,,,shared_all_anomaly_strengths,diffusion_coeff,3000.0
TR,0,35,7310029771266914304,gateway_calibration,sweep:anomaly_pair:shared_scenarios,573.686417676319,110,753.666212845984,,,shared_all_anomaly_strengths,diffusion_coeff,3000.0
TR,0,36,8860427485777938866,gateway_calibration,sweep:anomaly_pair:shared_scenarios,596.636404907352,117,753.666212845984,,,shared_all_anomaly_strengths,diffusion_coeff,3000.0
TR,0,37,8598656038562839224,gateway_calibration,sweep:anomaly_pair:shared_scenarios,785.5859448408912,116,753.666212845984,,,shared_all_anomaly_strengths,diffusion_coeff,3000.0
TR,0,38,8997019032754762713,gateway_calibration,sweep:anomaly_pair:shared_scenarios,645.6064654743597,109,753.666212845984,,,shared_all_anomaly_strengths,diffusion_coeff,3000.0
TR,0,39,4208817818748932462,gateway_calibration,sweep:anomaly_pair:shared_scenarios,567.9614930016935,99,753.666212845984,,,shared_all_anomaly_strengths,diffusion_coeff,3000.0
TR,0,40,6068242829919299090,gateway_calibration,sweep:anomaly_pair:shared_scenarios,654.9826929243025,115,753.666212845984,,,shared_all_anomaly_strengths,diffusion_coeff,3000.0
TR,0,41,4049042354117377146,gateway_calibration,sweep:anomaly_pair:shared_scenarios,518.5782247437925,120,753.666212845984,,,shared_all_anomaly_strengths,diffusion_coeff,3000.0
TR,0,42,5126773472074832949,gateway_calibration,sweep:anomaly_pair:shared_scenarios,550.0484194634491,114,753.666212845984,,,shared_all_anomaly_strengths,diffusion_coeff,3000.0
TR,0,43,6183996202129912428,gateway_calibration,sweep:anomaly_pair:shared_scenarios,572.4422813197845,116,753.666212845984,,,shared_all_anomaly_strengths,diffusion_coeff,3000.0
TR,0,44,5034920799087487164,gateway_calibration,sweep:anomaly_pair:shared_scenarios,668.5621203680544,130,753.666212845984,,,shared_all_anomaly_strengths,diffusion_coeff,3000.0
TR,0,45,5099780515566784822,gateway_calibration,sweep:anomaly_pair:shared_scenarios,638.4588115409712,109,753.666212845984,,,shared_all_anomaly_strengths,diffusion_coeff,3000.0
TR,0,46,3743304880928594782,gateway_calibration,sweep:anomaly_pair:shared_scenarios,573.9990451900444,99,753.666212845984,,,shared_all_anomaly_strengths,diffusion_coeff,3000.0
TR,0,47,7315397891830491094,gateway_calibration,sweep:anomaly_pair:shared_scenarios,561.3129158263291,106,753.666212845984,,,shared_all_anomaly_strengths,diffusion_coeff,3000.0
TR,0,48,2190007532852709612,gateway_calibration,sweep:anomaly_pair:shared_scenarios,687.7648095393654,118,753.666212845984,,,shared_all_anomaly_strengths,diffusion_coeff,3000.0
TR,0,49,120834209760926409,gateway_calibration,sweep:anomaly_pair:shared_scenarios,527.4252757874118,107,753.666212845984,,,shared_all_anomaly_strengths,diffusion_coeff,3000.0
TR,0,50,3276339480421714797,gateway_calibration,sweep:anomaly_pair:shared_scenarios,677.3593456235277,126,753.666212845984,,,shared_all_anomaly_strengths,diffusion_coeff,3000.0
TR,0,51,7889239287137057542,gateway_calibration,sweep:anomaly_pair:shared_scenarios,597.8906052668974,124,753.666212845984,,,shared_all_anomaly_strengths,diffusion_coeff,3000.0
TR,0,52,3388785810564520190,gateway_calibration,sweep:anomaly_pair:shared_scenarios,665.0395272777515,122,753.666212845984,,,shared_all_anomaly_strengths,diffusion_coeff,3000.0
TR,0,53,5503237878395346684,gateway_calibration,sweep:anomaly_pair:shared_scenarios,605.3206546228685,110,753.666212845984,,,shared_all_anomaly_strengths,diffusion_coeff,3000.0
TR,0,54,5415491490608218996,gateway_calibration,sweep:anomaly_pair:shared_scenarios,664.7529219438661,122,753.666212845984,,,shared_all_anomaly_strengths,diffusion_coeff,3000.0
TR,0,55,26760604161946009,gateway_calibration,sweep:anomaly_pair:shared_scenarios,564.4728738904653,99,753.666212845984,,,shared_all_anomaly_strengths,diffusion_coeff,3000.0
TR,0,56,6830352398876445275,gateway_calibration,sweep:anomaly_pair:shared_scenarios,633.7732757480957,127,753.666212845984,,,shared_all_anomaly_strengths,diffusion_coeff,3000.0
TR,0,57,1406415348362794825,gateway_calibration,sweep:anomaly_pair:shared_scenarios,670.2711500225676,132,753.666212845984,,,shared_all_anomaly_strengths,diffusion_coeff,3000.0
TR,0,58,7701508260034706105,gateway_calibration,sweep:anomaly_pair:shared_scenarios,603.5652302969532,126,753.666212845984,,,shared_all_anomaly_strengths,diffusion_coeff,3000.0
TR,0,59,2711167823261115708,gateway_calibration,sweep:anomaly_pair:shared_scenarios,615.7625921351093,117,753.666212845984,,,shared_all_anomaly_strengths,diffusion_coeff,3000.0
TR,0,60,3144340299977682071,gateway_calibration,sweep:anomaly_pair:shared_scenarios,692.5231926097163,117,753.666212845984,,,shared_all_anomaly_strengths,diffusion_coeff,3000.0
TR,0,61,6563400931778538780,gateway_calibration,sweep:anomaly_pair:shared_scenarios,494.93320346802733,96,753.666212845984,,,shared_all_anomaly_strengths,diffusion_coeff,3000.0
TR,0,62,2388043308876394469,gateway_calibration,sweep:anomaly_pair:shared_scenarios,649.9100089797133,126,753.666212845984,,,shared_all_anomaly_strengths,diffusion_coeff,3000.0
TR,0,63,6824789488425972207,gateway_calibration,sweep:anomaly_pair:shared_scenarios,581.6105893432848,114,753.666212845984,,,shared_all_anomaly_strengths,diffusion_coeff,3000.0
TR,0,64,1401432086598941843,gateway_calibration,sweep:anomaly_pair:shared_scenarios,711.8276923016299,127,753.666212845984,,,shared_all_anomaly_strengths,diffusion_coeff,3000.0
TR,0,65,4672481713666300259,gateway_calibration,sweep:anomaly_pair:shared_scenarios,610.9202353002494,120,753.666212845984,,,shared_all_anomaly_strengths,diffusion_coeff,3000.0
TR,0,66,6903420366369478612,gateway_calibration,sweep:anomaly_pair:shared_scenarios,622.4402526643963,120,753.666212845984,,,shared_all_anomaly_strengths,diffusion_coeff,3000.0
TR,0,67,6898050963322559496,gateway_calibration,sweep:anomaly_pair:shared_scenarios,531.5168140630338,106,753.666212845984,,,shared_all_anomaly_strengths,diffusion_coeff,3000.0
TR,0,68,614393272824454916,gateway_calibration,sweep:anomaly_pair:shared_scenarios,577.6150458321513,118,753.666212845984,,,shared_all_anomaly_strengths,diffusion_coeff,3000.0
TR,0,69,672551910386015347,gateway_calibration,sweep:anomaly_pair:shared_scenarios,724.536827948781,114,753.666212845984,,,shared_all_anomaly_strengths,diffusion_coeff,3000.0
TR,0,70,2982091152045645099,gateway_calibration,sweep:anomaly_pair:shared_scenarios,550.3810630579944,98,753.666212845984,,,shared_all_anomaly_strengths,diffusion_coeff,3000.0
TR,0,71,823492357614472977,gateway_calibration,sweep:anomaly_pair:shared_scenarios,611.0616043505104,123,753.666212845984,,,shared_all_anomaly_strengths,diffusion_coeff,3000.0
TR,0,72,4697794938409790858,gateway_calibration,sweep:anomaly_pair:shared_scenarios,575.8756888420639,111,753.666212845984,,,shared_all_anomaly_strengths,diffusion_coeff,3000.0
TR,0,73,6582019303472037237,gateway_calibration,sweep:anomaly_pair:shared_scenarios,592.8893109605115,105,753.666212845984,,,shared_all_anomaly_strengths,diffusion_coeff,3000.0
TR,0,74,300672792335245350,gateway_calibration,sweep:anomaly_pair:shared_scenarios,534.1781655539372,105,753.666212845984,,,shared_all_anomaly_strengths,diffusion_coeff,3000.0
TR,0,75,5751946339530838054,gateway_calibration,sweep:anomaly_pair:shared_scenarios,653.2239247922956,124,753.666212845984,,,shared_all_anomaly_strengths,diffusion_coeff,3000.0
TR,0,76,961439938750258285,gateway_calibration,sweep:anomaly_pair:shared_scenarios,719.4507782220323,134,753.666212845984,,,shared_all_anomaly_strengths,diffusion_coeff,3000.0
TR,0,77,3257887825763507863,gateway_calibration,sweep:anomaly_pair:shared_scenarios,514.8389385445942,99,753.666212845984,,,shared_all_anomaly_strengths,diffusion_coeff,3000.0
TR,0,78,8166365252455630432,gateway_calibration,sweep:anomaly_pair:shared_scenarios,695.9980267012362,114,753.666212845984,,,shared_all_anomaly_strengths,diffusion_coeff,3000.0
TR,0,79,2849578758725429319,gateway_calibration,sweep:anomaly_pair:shared_scenarios,621.3771422682102,104,753.666212845984,,,shared_all_anomaly_strengths,diffusion_coeff,3000.0
TR,0,80,5847011703168282323,gateway_calibration,sweep:anomaly_pair:shared_scenarios,742.6368500632461,128,753.666212845984,,,shared_all_anomaly_strengths,diffusion_coeff,3000.0
TR,0,81,7858864668525583430,gateway_calibration,sweep:anomaly_pair:shared_scenarios,491.82841097893146,94,753.666212845984,,,shared_all_anomaly_strengths,diffusion_coeff,3000.0
TR,0,82,268940495404723730,gateway_calibration,sweep:anomaly_pair:shared_scenarios,404.020993203105,92,753.666212845984,,,shared_all_anomaly_strengths,diffusion_coeff,3000.0
TR,0,83,4400655767576069724,gateway_calibration,sweep:anomaly_pair:shared_scenarios,698.7785700534741,121,753.666212845984,,,shared_all_anomaly_strengths,diffusion_coeff,3000.0
TR,0,84,7359957410266699792,gateway_calibration,sweep:anomaly_pair:shared_scenarios,561.2895287753906,116,753.666212845984,,,shared_all_anomaly_strengths,diffusion_coeff,3000.0
TR,0,85,4731760846268061734,gateway_calibration,sweep:anomaly_pair:shared_scenarios,555.7990842903982,106,753.666212845984,,,shared_all_anomaly_strengths,diffusion_coeff,3000.0
TR,0,86,1992618809938800466,gateway_calibration,sweep:anomaly_pair:shared_scenarios,590.7501317927531,121,753.666212845984,,,shared_all_anomaly_strengths,diffusion_coeff,3000.0
TR,0,87,8403004296001441656,gateway_calibration,sweep:anomaly_pair:shared_scenarios,653.6467853222474,115,753.666212845984,,,shared_all_anomaly_strengths,diffusion_coeff,3000.0
TR,0,88,5944369264469843788,gateway_calibration,sweep:anomaly_pair:shared_scenarios,654.7694482413283,121,753.666212845984,,,shared_all_anomaly_strengths,diffusion_coeff,3000.0
TR,0,89,216637230108974742,gateway_calibration,sweep:anomaly_pair:shared_scenarios,581.5327308712443,111,753.666212845984,,,shared_all_anomaly_strengths,diffusion_coeff,3000.0
TR,0,90,896283027553350313,gateway_calibration,sweep:anomaly_pair:shared_scenarios,621.8372434092028,123,753.666212845984,,,shared_all_anomaly_strengths,diffusion_coeff,3000.0
TR,0,91,2129979059599230336,gateway_calibration,sweep:anomaly_pair:shared_scenarios,562.5562787656373,108,753.666212845984,,,shared_all_anomaly_strengths,diffusion_coeff,3000.0
TR,0,92,8440158530804782812,gateway_calibration,sweep:anomaly_pair:shared_scenarios,721.7774709187672,112,753.666212845984,,,shared_all_anomaly_strengths,diffusion_coeff,3000.0
TR,0,93,2515105766560126937,gateway_calibration,sweep:anomaly_pair:shared_scenarios,584.0541485229927,102,753.666212845984,,,shared_all_anomaly_strengths,diffusion_coeff,3000.0
TR,0,94,7871536140642585085,gateway_calibration,sweep:anomaly_pair:shared_scenarios,503.54090343245304,91,753.666212845984,,,shared_all_anomaly_strengths,diffusion_coeff,3000.0
TR,0,95,5141400087580602088,gateway_calibration,sweep:anomaly_pair:shared_scenarios,627.2102617964172,122,753.666212845984,,,shared_all_anomaly_strengths,diffusion_coeff,3000.0
TR,0,96,8112959400662868633,gateway_calibration,sweep:anomaly_pair:shared_scenarios,433.5541668035823,94,753.666212845984,,,shared_all_anomaly_strengths,diffusion_coeff,3000.0
TR,0,97,1078891354826946508,gateway_calibration,sweep:anomaly_pair:shared_scenarios,553.9376369132856,109,753.666212845984,,,shared_all_anomaly_strengths,diffusion_coeff,3000.0
TR,0,98,2726858539062778841,gateway_calibration,sweep:anomaly_pair:shared_scenarios,505.41447795741595,92,753.666212845984,,,shared_all_anomaly_strengths,diffusion_coeff,3000.0
TR,0,99,4880208515358931166,gateway_calibration,sweep:anomaly_pair:shared_scenarios,630.1903617263393,109,753.666212845984,,,shared_all_anomaly_strengths,diffusion_coeff,3000.0
TR,0,100,9112943947571933379,gateway_calibration,sweep:anomaly_pair:shared_scenarios,624.898266873952,121,753.666212845984,,,shared_all_anomaly_strengths,diffusion_coeff,3000.0
TR,0,101,4842620908627243129,gateway_calibration,sweep:anomaly_pair:shared_scenarios,549.4686924550955,105,753.666212845984,,,shared_all_anomaly_strengths,diffusion_coeff,3000.0
TR,0,102,9221364585446048791,gateway_calibration,sweep:anomaly_pair:shared_scenarios,577.2772318704133,117,753.666212845984,,,shared_all_anomaly_strengths,diffusion_coeff,3000.0
TR,0,103,3494744169553416929,gateway_calibration,sweep:anomaly_pair:shared_scenarios,620.3617589361844,106,753.666212845984,,,shared_all_anomaly_strengths,diffusion_coeff,3000.0
TR,0,104,7233638741406416371,gateway_calibration,sweep:anomaly_pair:shared_scenarios,659.3711464954596,112,753.666212845984,,,shared_all_anomaly_strengths,diffusion_coeff,3000.0
TR,0,105,3641336694656935735,gateway_calibration,sweep:anomaly_pair:shared_scenarios,580.7494862537582,108,753.666212845984,,,shared_all_anomaly_strengths,diffusion_coeff,3000.0
TR,0,106,3835715673444251126,gateway_calibration,sweep:anomaly_pair:shared_scenarios,675.4735898492796,116,753.666212845984,,,shared_all_anomaly_strengths,diffusion_coeff,3000.0
TR,0,107,2714185319899586904,gateway_calibration,sweep:anomaly_pair:shared_scenarios,790.2122105878914,132,753.666212845984,,,shared_all_anomaly_strengths,diffusion_coeff,3000.0
TR,0,108,7065677078823521164,gateway_calibration,sweep:anomaly_pair:shared_scenarios,651.250748375961,119,753.666212845984,,,shared_all_anomaly_strengths,diffusion_coeff,3000.0
TR,0,109,1054405605846734754,gateway_calibration,sweep:anomaly_pair:shared_scenarios,770.156722046773,135,753.666212845984,,,shared_all_anomaly_strengths,diffusion_coeff,3000.0
TR,0,110,2962441662239683096,gateway_calibration,sweep:anomaly_pair:shared_scenarios,750.9855524034301,135,753.666212845984,,,shared_all_anomaly_strengths,diffusion_coeff,3000.0
TR,0,111,4129263628419206857,gateway_calibration,sweep:anomaly_pair:shared_scenarios,594.5705846723472,111,753.666212845984,,,shared_all_anomaly_strengths,diffusion_coeff,3000.0
TR,0,112,1622360177596404131,gateway_calibration,sweep:anomaly_pair:shared_scenarios,593.5343781122021,109,753.666212845984,,,shared_all_anomaly_strengths,diffusion_coeff,3000.0
TR,0,113,2330463691884836340,gateway_calibration,sweep:anomaly_pair:shared_scenarios,557.054776237952,114,753.666212845984,,,shared_all_anomaly_strengths,diffusion_coeff,3000.0
TR,0,114,2652712276700624970,gateway_calibration,sweep:anomaly_pair:shared_scenarios,544.2389633174192,115,753.666212845984,,,shared_all_anomaly_strengths,diffusion_coeff,3000.0
TR,0,115,6210151626445176008,gateway_calibration,sweep:anomaly_pair:shared_scenarios,568.4855382974647,114,753.666212845984,,,shared_all_anomaly_strengths,diffusion_coeff,3000.0
TR,0,116,5484880361464436307,gateway_calibration,sweep:anomaly_pair:shared_scenarios,684.5564166422631,125,753.666212845984,,,shared_all_anomaly_strengths,diffusion_coeff,3000.0
TR,0,117,9083936004600730053,gateway_calibration,sweep:anomaly_pair:shared_scenarios,481.4349837577184,94,753.666212845984,,,shared_all_anomaly_strengths,diffusion_coeff,3000.0
TR,0,118,7499139004400980353,gateway_calibration,sweep:anomaly_pair:shared_scenarios,567.1870876794611,115,753.666212845984,,,shared_all_anomaly_strengths,diffusion_coeff,3000.0
TR,0,119,426229976672197883,gateway_calibration,sweep:anomaly_pair:shared_scenarios,608.4341089932648,119,753.666212845984,,,shared_all_anomaly_strengths,diffusion_coeff,3000.0
TR,0,120,246508369912879822,gateway_calibration,sweep:anomaly_pair:shared_scenarios,683.4656906364747,107,753.666212845984,,,shared_all_anomaly_strengths,diffusion_coeff,3000.0
TR,0,121,2652398091327796019,gateway_calibration,sweep:anomaly_pair:shared_scenarios,591.2993226900516,111,753.666212845984,,,shared_all_anomaly_strengths,diffusion_coeff,3000.0
TR,0,122,5503532496059794744,gateway_calibration,sweep:anomaly_pair:shared_scenarios,555.4831998266344,115,753.666212845984,,,shared_all_anomaly_strengths,diffusion_coeff,3000.0
TR,0,123,8329007375693140607,gateway_calibration,sweep:anomaly_pair:shared_scenarios,597.8249750729193,114,753.666212845984,,,shared_all_anomaly_strengths,diffusion_coeff,3000.0
TR,0,124,4366984316536531468,gateway_calibration,sweep:anomaly_pair:shared_scenarios,535.3537603719449,120,753.666212845984,,,shared_all_anomaly_strengths,diffusion_coeff,3000.0
TR,0,125,6198917521197951328,gateway_calibration,sweep:anomaly_pair:shared_scenarios,589.693183102813,118,753.666212845984,,,shared_all_anomaly_strengths,diffusion_coeff,3000.0
TR,0,126,3901305802510177060,gateway_calibration,sweep:anomaly_pair:shared_scenarios,547.4024871993198,113,753.666212845984,,,shared_all_anomaly_strengths,diffusion_coeff,3000.0
TR,0,127,3651935198066528014,gateway_calibration,sweep:anomaly_pair:shared_scenarios,517.4082554059493,102,753.666212845984,,,shared_all_anomaly_strengths,diffusion_coeff,3000.0
TR,0,128,3665222385996101800,gateway_calibration,sweep:anomaly_pair:shared_scenarios,500.0790994995763,121,753.666212845984,,,shared_all_anomaly_strengths,diffusion_coeff,3000.0
TR,0,129,3695450124233607618,gateway_calibration,sweep:anomaly_pair:shared_scenarios,672.7122973531285,111,753.666212845984,,,shared_all_anomaly_strengths,diffusion_coeff,3000.0
TR,0,130,4507573490889405567,gateway_calibration,sweep:anomaly_pair:shared_scenarios,651.0595389070115,116,753.666212845984,,,shared_all_anomaly_strengths,diffusion_coeff,3000.0
TR,0,131,6622006059011695217,gateway_calibration,sweep:anomaly_pair:shared_scenarios,522.7633377466917,113,753.666212845984,,,shared_all_anomaly_strengths,diffusion_coeff,3000.0
TR,0,132,1072149559379176970,gateway_calibration,sweep:anomaly_pair:shared_scenarios,675.9610920859277,110,753.666212845984,,,shared_all_anomaly_strengths,diffusion_coeff,3000.0
TR,0,133,2236710786858836466,gateway_calibration,sweep:anomaly_pair:shared_scenarios,577.544939136551,115,753.666212845984,,,shared_all_anomaly_strengths,diffusion_coeff,3000.0
TR,0,134,4061241335305450115,gateway_calibration,sweep:anomaly_pair:shared_scenarios,492.1785778874179,115,753.666212845984,,,shared_all_anomaly_strengths,diffusion_coeff,3000.0
TR,0,135,4458267631564501530,gateway_calibration,sweep:anomaly_pair:shared_scenarios,614.1158419731163,118,753.666212845984,,,shared_all_anomaly_strengths,diffusion_coeff,3000.0
TR,0,136,4602541395243770802,gateway_calibration,sweep:anomaly_pair:shared_scenarios,516.2247483324583,109,753.666212845984,,,shared_all_anomaly_strengths,diffusion_coeff,3000.0
TR,0,137,8154260143710516340,gateway_calibration,sweep:anomaly_pair:shared_scenarios,605.0328645444806,118,753.666212845984,,,shared_all_anomaly_strengths,diffusion_coeff,3000.0
TR,0,138,7114745814847013655,gateway_calibration,sweep:anomaly_pair:shared_scenarios,555.7723105126356,114,753.666212845984,,,shared_all_anomaly_strengths,diffusion_coeff,3000.0
TR,0,139,7504069718206669675,gateway_calibration,sweep:anomaly_pair:shared_scenarios,584.4738757735537,101,753.666212845984,,,shared_all_anomaly_strengths,diffusion_coeff,3000.0
TR,0,140,2484320023919988263,gateway_calibration,sweep:anomaly_pair:shared_scenarios,673.6334059873556,112,753.666212845984,,,shared_all_anomaly_strengths,diffusion_coeff,3000.0
TR,0,141,5967893154890299710,gateway_calibration,sweep:anomaly_pair:shared_scenarios,642.35898502291,107,753.666212845984,,,shared_all_anomaly_strengths,diffusion_coeff,3000.0
TR,0,142,8551485174213736670,gateway_calibration,sweep:anomaly_pair:shared_scenarios,620.9393457409687,110,753.666212845984,,,shared_all_anomaly_strengths,diffusion_coeff,3000.0
TR,0,143,400428821000820213,gateway_calibration,sweep:anomaly_pair:shared_scenarios,690.6470496712581,122,753.666212845984,,,shared_all_anomaly_strengths,diffusion_coeff,3000.0
TR,0,144,4671208357574952400,gateway_calibration,sweep:anomaly_pair:shared_scenarios,651.9514960738558,116,753.666212845984,,,shared_all_anomaly_strengths,diffusion_coeff,3000.0
TR,0,145,2717424151482641221,gateway_calibration,sweep:anomaly_pair:shared_scenarios,626.9026622761323,117,753.666212845984,,,shared_all_anomaly_strengths,diffusion_coeff,3000.0
TR,0,146,7103388310734235320,gateway_calibration,sweep:anomaly_pair:shared_scenarios,733.1188716828937,118,753.666212845984,,,shared_all_anomaly_strengths,diffusion_coeff,3000.0
TR,0,147,6613689040717774173,gateway_calibration,sweep:anomaly_pair:shared_scenarios,566.2692610444878,110,753.666212845984,,,shared_all_anomaly_strengths,diffusion_coeff,3000.0
TR,0,148,3013865715162790417,gateway_calibration,sweep:anomaly_pair:shared_scenarios,599.4692759894338,111,753.666212845984,,,shared_all_anomaly_strengths,diffusion_coeff,3000.0
TR,0,149,5411062845189856806,gateway_calibration,sweep:anomaly_pair:shared_scenarios,531.0286681142485,108,753.666212845984,,,shared_all_anomaly_strengths,diffusion_coeff,3000.0
TR,0,150,753526066345137121,gateway_calibration,sweep:anomaly_pair:shared_scenarios,737.7291522687378,120,753.666212845984,,,shared_all_anomaly_strengths,diffusion_coeff,3000.0
TR,0,151,5517788874787541446,gateway_calibration,sweep:anomaly_pair:shared_scenarios,790.6846268617509,135,753.666212845984,,,shared_all_anomaly_strengths,diffusion_coeff,3000.0
TR,0,152,3012173983135274094,gateway_calibration,sweep:anomaly_pair:shared_scenarios,545.4120276124856,119,753.666212845984,,,shared_all_anomaly_strengths,diffusion_coeff,3000.0
TR,0,153,7525768142714343326,gateway_calibration,sweep:anomaly_pair:shared_scenarios,589.5102223562933,119,753.666212845984,,,shared_all_anomaly_strengths,diffusion_coeff,3000.0
TR,0,154,5795757086317543101,gateway_calibration,sweep:anomaly_pair:shared_scenarios,659.8095937781266,102,753.666212845984,,,shared_all_anomaly_strengths,diffusion_coeff,3000.0
TR,0,155,1489560090090177220,gateway_calibration,sweep:anomaly_pair:shared_scenarios,653.0103127388292,123,753.666212845984,,,shared_all_anomaly_strengths,diffusion_coeff,3000.0
TR,0,156,5650023223194757707,gateway_calibration,sweep:anomaly_pair:shared_scenarios,653.947708863868,112,753.666212845984,,,shared_all_anomaly_strengths,diffusion_coeff,3000.0
TR,0,157,9095396682315926676,gateway_calibration,sweep:anomaly_pair:shared_scenarios,682.6588337403739,120,753.666212845984,,,shared_all_anomaly_strengths,diffusion_coeff,3000.0
TR,0,158,3646421855625731332,gateway_calibration,sweep:anomaly_pair:shared_scenarios,589.7863803887586,99,753.666212845984,,,shared_all_anomaly_strengths,diffusion_coeff,3000.0
TR,0,159,2731180400104840963,gateway_calibration,sweep:anomaly_pair:shared_scenarios,602.387137992419,106,753.666212845984,,,shared_all_anomaly_strengths,diffusion_coeff,3000.0
TR,0,160,6525253475390859142,gateway_calibration,sweep:anomaly_pair:shared_scenarios,578.2234747848373,126,753.666212845984,,,shared_all_anomaly_strengths,diffusion_coeff,3000.0
TR,0,161,5342702562007933787,gateway_calibration,sweep:anomaly_pair:shared_scenarios,506.31695450068696,108,753.666212845984,,,shared_all_anomaly_strengths,diffusion_coeff,3000.0
TR,0,162,1696163523599298321,gateway_calibration,sweep:anomaly_pair:shared_scenarios,613.5622070108367,114,753.666212845984,,,shared_all_anomaly_strengths,diffusion_coeff,3000.0
TR,0,163,3743667071636317329,gateway_calibration,sweep:anomaly_pair:shared_scenarios,614.0179479692787,114,753.666212845984,,,shared_all_anomaly_strengths,diffusion_coeff,3000.0
TR,0,164,1703215274657857080,gateway_calibration,sweep:anomaly_pair:shared_scenarios,581.7464943292459,99,753.666212845984,,,shared_all_anomaly_strengths,diffusion_coeff,3000.0
TR,0,165,3749419661803877216,gateway_calibration,sweep:anomaly_pair:shared_scenarios,447.7859016019002,80,753.666212845984,,,shared_all_anomaly_strengths,diffusion_coeff,3000.0
TR,0,166,1022849663340299120,gateway_calibration,sweep:anomaly_pair:shared_scenarios,592.8687233609768,101,753.666212845984,,,shared_all_anomaly_strengths,diffusion_coeff,3000.0
TR,0,167,812573164251080741,gateway_calibration,sweep:anomaly_pair:shared_scenarios,782.8580658611216,134,753.666212845984,,,shared_all_anomaly_strengths,diffusion_coeff,3000.0
TR,0,168,9181789161802016476,gateway_calibration,sweep:anomaly_pair:shared_scenarios,603.8159491669776,121,753.666212845984,,,shared_all_anomaly_strengths,diffusion_coeff,3000.0
TR,0,169,41852731993844740,gateway_calibration,sweep:anomaly_pair:shared_scenarios,574.1816865313491,127,753.666212845984,,,shared_all_anomaly_strengths,diffusion_coeff,3000.0
TR,0,170,2160723943465049599,gateway_calibration,sweep:anomaly_pair:shared_scenarios,766.136088795561,128,753.666212845984,,,shared_all_anomaly_strengths,diffusion_coeff,3000.0
TR,0,171,4956274529951239709,gateway_calibration,sweep:anomaly_pair:shared_scenarios,670.895431941046,117,753.666212845984,,,shared_all_anomaly_strengths,diffusion_coeff,3000.0
TR,0,172,6793317195616864064,gateway_calibration,sweep:anomaly_pair:shared_scenarios,753.189963837131,128,753.666212845984,,,shared_all_anomaly_strengths,diffusion_coeff,3000.0
TR,0,173,4303638152728383403,gateway_calibration,sweep:anomaly_pair:shared_scenarios,614.0674927447334,110,753.666212845984,,,shared_all_anomaly_strengths,diffusion_coeff,3000.0
TR,0,174,7314201943706610406,gateway_calibration,sweep:anomaly_pair:shared_scenarios,558.0107755970884,105,753.666212845984,,,shared_all_anomaly_strengths,diffusion_coeff,3000.0
TR,0,175,1512635151930618621,gateway_calibration,sweep:anomaly_pair:shared_scenarios,594.1561918900564,111,753.666212845984,,,shared_all_anomaly_strengths,diffusion_coeff,3000.0
TR,0,176,8308315004410766501,gateway_calibration,sweep:anomaly_pair:shared_scenarios,623.1677535360162,117,753.666212845984,,,shared_all_anomaly_strengths,diffusion_coeff,3000.0
TR,0,177,8366281085404403237,gateway_calibration,sweep:anomaly_pair:shared_scenarios,651.6773018605771,112,753.666212845984,,,shared_all_anomaly_strengths,diffusion_coeff,3000.0
TR,0,178,3431044729523368993,gateway_calibration,sweep:anomaly_pair:shared_scenarios,548.6868077799988,117,753.666212845984,,,shared_all_anomaly_strengths,diffusion_coeff,3000.0
TR,0,179,2007998228956077302,gateway_calibration,sweep:anomaly_pair:shared_scenarios,597.6348380639613,99,753.666212845984,,,shared_all_anomaly_strengths,diffusion_coeff,3000.0
TR,0,180,8751753062912985555,gateway_calibration,sweep:anomaly_pair:shared_scenarios,559.7252883718443,114,753.666212845984,,,shared_all_anomaly_strengths,diffusion_coeff,3000.0
TR,0,181,6021098798304103526,gateway_calibration,sweep:anomaly_pair:shared_scenarios,549.2836891165667,120,753.666212845984,,,shared_all_anomaly_strengths,diffusion_coeff,3000.0
TR,0,182,6935358694610535876,gateway_calibration,sweep:anomaly_pair:shared_scenarios,629.9650306523683,121,753.666212845984,,,shared_all_anomaly_strengths,diffusion_coeff,3000.0
TR,0,183,8750411618794352639,gateway_calibration,sweep:anomaly_pair:shared_scenarios,591.9217023582047,105,753.666212845984,,,shared_all_anomaly_strengths,diffusion_coeff,3000.0
TR,0,184,5456778154641903347,gateway_calibration,sweep:anomaly_pair:shared_scenarios,725.2102432814985,125,753.666212845984,,,shared_all_anomaly_strengths,diffusion_coeff,3000.0
TR,0,185,1287740648467288647,gateway_calibration,sweep:anomaly_pair:shared_scenarios,585.8908751782618,125,753.666212845984,,,shared_all_anomaly_strengths,diffusion_coeff,3000.0
TR,0,186,5407093370613870835,gateway_calibration,sweep:anomaly_pair:shared_scenarios,683.994229082566,125,753.666212845984,,,shared_all_anomaly_strengths,diffusion_coeff,3000.0
TR,0,187,3818214081160493,gateway_calibration,sweep:anomaly_pair:shared_scenarios,605.8558562740751,118,753.666212845984,,,shared_all_anomaly_strengths,diffusion_coeff,3000.0
TR,0,188,4306571545613910018,gateway_calibration,sweep:anomaly_pair:shared_scenarios,538.9042051159059,105,753.666212845984,,,shared_all_anomaly_strengths,diffusion_coeff,3000.0
TR,0,189,1959307662180969903,gateway_calibration,sweep:anomaly_pair:shared_scenarios,603.1038679708475,107,753.666212845984,,,shared_all_anomaly_strengths,diffusion_coeff,3000.0
TR,0,190,4992208587719153238,gateway_calibration,sweep:anomaly_pair:shared_scenarios,508.0644295173496,119,753.666212845984,,,shared_all_anomaly_strengths,diffusion_coeff,3000.0
TR,0,191,5365441848557421041,gateway_calibration,sweep:anomaly_pair:shared_scenarios,619.1445900885985,121,753.666212845984,,,shared_all_anomaly_strengths,diffusion_coeff,3000.0
TR,0,192,1408715418700674555,gateway_calibration,sweep:anomaly_pair:shared_scenarios,499.62266104827455,101,753.666212845984,,,shared_all_anomaly_strengths,diffusion_coeff,3000.0
TR,0,193,8108843531229667530,gateway_calibration,sweep:anomaly_pair:shared_scenarios,617.2243298020253,115,753.666212845984,,,shared_all_anomaly_strengths,diffusion_coeff,3000.0
TR,0,194,5355952040063825204,gateway_calibration,sweep:anomaly_pair:shared_scenarios,630.0029367020452,120,753.666212845984,,,shared_all_anomaly_strengths,diffusion_coeff,3000.0
TR,0,195,3749598425399707804,gateway_calibration,sweep:anomaly_pair:shared_scenarios,547.7219639388483,97,753.666212845984,,,shared_all_anomaly_strengths,diffusion_coeff,3000.0
TR,0,196,2149480101104034459,gateway_calibration,sweep:anomaly_pair:shared_scenarios,840.7305638318719,114,753.666212845984,,,shared_all_anomaly_strengths,diffusion_coeff,3000.0
TR,0,197,2249485913525693031,gateway_calibration,sweep:anomaly_pair:shared_scenarios,731.9102244436036,140,753.666212845984,,,shared_all_anomaly_strengths,diffusion_coeff,3000.0
TR,0,198,7943041684628071969,gateway_calibration,sweep:anomaly_pair:shared_scenarios,770.1088948545072,126,753.666212845984,,,shared_all_anomaly_strengths,diffusion_coeff,3000.0
TR,0,199,5498905627511140374,gateway_calibration,sweep:anomaly_pair:shared_scenarios,667.096125186428,132,753.666212845984,,,shared_all_anomaly_strengths,diffusion_coeff,3000.0
TR,0,200,3602637090699499683,gateway_calibration,sweep:anomaly_pair:shared_scenarios,637.4127046071602,117,753.666212845984,,,shared_all_anomaly_strengths,diffusion_coeff,3000.0
TR,0,201,7286351669153130392,gateway_calibration,sweep:anomaly_pair:shared_scenarios,562.5556264496724,102,753.666212845984,,,shared_all_anomaly_strengths,diffusion_coeff,3000.0
TR,0,202,3191901830673673490,gateway_calibration,sweep:anomaly_pair:shared_scenarios,641.3921961966537,124,753.666212845984,,,shared_all_anomaly_strengths,diffusion_coeff,3000.0
TR,0,203,8524659376700415706,gateway_calibration,sweep:anomaly_pair:shared_scenarios,673.8466738961607,118,753.666212845984,,,shared_all_anomaly_strengths,diffusion_coeff,3000.0
TR,0,204,6349588482576067091,gateway_calibration,sweep:anomaly_pair:shared_scenarios,596.5320080934083,110,753.666212845984,,,shared_all_anomaly_strengths,diffusion_coeff,3000.0
TR,0,205,7988033359410408816,gateway_calibration,sweep:anomaly_pair:shared_scenarios,509.43571608803705,115,753.666212845984,,,shared_all_anomaly_strengths,diffusion_coeff,3000.0
TR,0,206,8515216027005570369,gateway_calibration,sweep:anomaly_pair:shared_scenarios,547.45843593101,107,753.666212845984,,,shared_all_anomaly_strengths,diffusion_coeff,3000.0
TR,0,207,6416540730684243514,gateway_calibration,sweep:anomaly_pair:shared_scenarios,643.6485153277386,102,753.666212845984,,,shared_all_anomaly_strengths,diffusion_coeff,3000.0
TR,0,208,602517514173483864,gateway_calibration,sweep:anomaly_pair:shared_scenarios,608.1600943119689,127,753.666212845984,,,shared_all_anomaly_strengths,diffusion_coeff,3000.0
TR,0,209,3465670740941638925,gateway_calibration,sweep:anomaly_pair:shared_scenarios,670.4720060136497,128,753.666212845984,,,shared_all_anomaly_strengths,diffusion_coeff,3000.0
TR,0,210,3944025305726431335,gateway_calibration,sweep:anomaly_pair:shared_scenarios,639.2694269264955,115,753.666212845984,,,shared_all_anomaly_strengths,diffusion_coeff,3000.0
TR,0,211,2339277267613070629,gateway_calibration,sweep:anomaly_pair:shared_scenarios,573.3927145475975,122,753.666212845984,,,shared_all_anomaly_strengths,diffusion_coeff,3000.0
TR,0,212,7600535093870098984,gateway_calibration,sweep:anomaly_pair:shared_scenarios,730.2730481720574,133,753.666212845984,,,shared_all_anomaly_strengths,diffusion_coeff,3000.0
TR,0,213,3861443108061582389,gateway_calibration,sweep:anomaly_pair:shared_scenarios,478.8598107414005,106,753.666212845984,,,shared_all_anomaly_strengths,diffusion_coeff,3000.0
TR,0,214,3250073084552866822,gateway_calibration,sweep:anomaly_pair:shared_scenarios,705.0448856614786,119,753.666212845984,,,shared_all_anomaly_strengths,diffusion_coeff,3000.0
TR,0,215,8591855540292640479,gateway_calibration,sweep:anomaly_pair:shared_scenarios,584.3544922428116,114,753.666212845984,,,shared_all_anomaly_strengths,diffusion_coeff,3000.0
TR,0,216,3408653263756247515,gateway_calibration,sweep:anomaly_pair:shared_scenarios,617.6873523144413,117,753.666212845984,,,shared_all_anomaly_strengths,diffusion_coeff,3000.0
TR,0,217,2181672054838164337,gateway_calibration,sweep:anomaly_pair:shared_scenarios,711.394797870182,133,753.666212845984,,,shared_all_anomaly_strengths,diffusion_coeff,3000.0
TR,0,218,1689637169394222035,gateway_calibration,sweep:anomaly_pair:shared_scenarios,401.85621393834293,91,753.666212845984,,,shared_all_anomaly_strengths,diffusion_coeff,3000.0
TR,0,219,5046962185951232574,gateway_calibration,sweep:anomaly_pair:shared_scenarios,598.8253638038575,113,753.666212845984,,,shared_all_anomaly_strengths,diffusion_coeff,3000.0
TR,0,220,9018680245675993190,gateway_calibration,sweep:anomaly_pair:shared_scenarios,626.5516755498271,114,753.666212845984,,,shared_all_anomaly_strengths,diffusion_coeff,3000.0
TR,0,221,8785852485249820827,gateway_calibration,sweep:anomaly_pair:shared_scenarios,646.2071677003904,107,753.666212845984,,,shared_all_anomaly_strengths,diffusion_coeff,3000.0
TR,0,222,34609839810900876,gateway_calibration,sweep:anomaly_pair:shared_scenarios,566.816056354694,114,753.666212845984,,,shared_all_anomaly_strengths,diffusion_coeff,3000.0
TR,0,223,4892593663520200719,gateway_calibration,sweep:anomaly_pair:shared_scenarios,556.0937650242787,112,753.666212845984,,,shared_all_anomaly_strengths,diffusion_coeff,3000.0
TR,0,224,1595203616003947553,gateway_calibration,sweep:anomaly_pair:shared_scenarios,713.5370881586537,120,753.666212845984,,,shared_all_anomaly_strengths,diffusion_coeff,3000.0
TR,0,225,7424048805208454819,gateway_calibration,sweep:anomaly_pair:shared_scenarios,650.7071046082572,109,753.666212845984,,,shared_all_anomaly_strengths,diffusion_coeff,3000.0
TR,0,226,2920126023839666219,gateway_calibration,sweep:anomaly_pair:shared_scenarios,576.1532632192898,107,753.666212845984,,,shared_all_anomaly_strengths,diffusion_coeff,3000.0
TR,0,227,382931740595247515,gateway_calibration,sweep:anomaly_pair:shared_scenarios,713.0408840772733,125,753.666212845984,,,shared_all_anomaly_strengths,diffusion_coeff,3000.0
TR,0,228,8014502905414229746,gateway_calibration,sweep:anomaly_pair:shared_scenarios,774.6016567248505,122,753.666212845984,,,shared_all_anomaly_strengths,diffusion_coeff,3000.0
TR,0,229,4743279688235879997,gateway_calibration,sweep:anomaly_pair:shared_scenarios,479.9212262942866,99,753.666212845984,,,shared_all_anomaly_strengths,diffusion_coeff,3000.0
TR,0,230,1572592790386553068,gateway_calibration,sweep:anomaly_pair:shared_scenarios,609.6369589578283,116,753.666212845984,,,shared_all_anomaly_strengths,diffusion_coeff,3000.0
TR,0,231,6252360334841237253,gateway_calibration,sweep:anomaly_pair:shared_scenarios,651.4946715973072,108,753.666212845984,,,shared_all_anomaly_strengths,diffusion_coeff,3000.0
TR,0,232,6969017964403244413,gateway_calibration,sweep:anomaly_pair:shared_scenarios,614.2502716495793,116,753.666212845984,,,shared_all_anomaly_strengths,diffusion_coeff,3000.0
TR,0,233,1610212804197154449,gateway_calibration,sweep:anomaly_pair:shared_scenarios,724.6420830848258,128,753.666212845984,,,shared_all_anomaly_strengths,diffusion_coeff,3000.0
TR,0,234,6647587057665530600,gateway_calibration,sweep:anomaly_pair:shared_scenarios,612.7038071764864,122,753.666212845984,,,shared_all_anomaly_strengths,diffusion_coeff,3000.0
TR,0,235,3531987962649334536,gateway_calibration,sweep:anomaly_pair:shared_scenarios,476.47768477806073,102,753.666212845984,,,shared_all_anomaly_strengths,diffusion_coeff,3000.0
TR,0,236,6609225715223448195,gateway_calibration,sweep:anomaly_pair:shared_scenarios,640.1937177469578,119,753.666212845984,,,shared_all_anomaly_strengths,diffusion_coeff,3000.0
TR,0,237,6784175964849256680,gateway_calibration,sweep:anomaly_pair:shared_scenarios,554.4133451485728,104,753.666212845984,,,shared_all_anomaly_strengths,diffusion_coeff,3000.0
TR,0,238,771076435409536658,gateway_calibration,sweep:anomaly_pair:shared_scenarios,617.3733616038353,103,753.666212845984,,,shared_all_anomaly_strengths,diffusion_coeff,3000.0
TR,0,239,1557660180791943490,gateway_calibration,sweep:anomaly_pair:shared_scenarios,545.6403032680688,113,753.666212845984,,,shared_all_anomaly_strengths,diffusion_coeff,3000.0
TR,0,240,8213476521277927481,gateway_calibration,sweep:anomaly_pair:shared_scenarios,611.0451210295588,111,753.666212845984,,,shared_all_anomaly_strengths,diffusion_coeff,3000.0
TR,0,241,2142536073008782941,gateway_calibration,sweep:anomaly_pair:shared_scenarios,561.638982765568,102,753.666212845984,,,shared_all_anomaly_strengths,diffusion_coeff,3000.0
TR,0,242,972861009822655055,gateway_calibration,sweep:anomaly_pair:shared_scenarios,649.6413846216759,116,753.666212845984,,,shared_all_anomaly_strengths,diffusion_coeff,3000.0
TR,0,243,7555691644283107163,gateway_calibration,sweep:anomaly_pair:shared_scenarios,685.491253368195,110,753.666212845984,,,shared_all_anomaly_strengths,diffusion_coeff,3000.0
TR,0,244,3765971885569387299,gateway_calibration,sweep:anomaly_pair:shared_scenarios,649.6776108305913,125,753.666212845984,,,shared_all_anomaly_strengths,diffusion_coeff,3000.0
TR,0,245,5592160503430992696,gateway_calibration,sweep:anomaly_pair:shared_scenarios,624.6008984073923,108,753.666212845984,,,shared_all_anomaly_strengths,diffusion_coeff,3000.0
TR,0,246,1478843254938813623,gateway_calibration,sweep:anomaly_pair:shared_scenarios,712.601191295689,120,753.666212845984,,,shared_all_anomaly_strengths,diffusion_coeff,3000.0
TR,0,247,1942727857375669376,gateway_calibration,sweep:anomaly_pair:shared_scenarios,690.1922755734271,109,753.666212845984,,,shared_all_anomaly_strengths,diffusion_coeff,3000.0
TR,0,248,8887415122826351358,gateway_calibration,sweep:anomaly_pair:shared_scenarios,863.7429380805879,137,753.666212845984,,,shared_all_anomaly_strengths,diffusion_coeff,3000.0
TR,0,249,4016396015928191167,gateway_calibration,sweep:anomaly_pair:shared_scenarios,624.0482524916254,111,753.666212845984,,,shared_all_anomaly_strengths,diffusion_coeff,3000.0
TR,0,250,545721072604639066,gateway_calibration,sweep:anomaly_pair:shared_scenarios,500.25984787265713,100,753.666212845984,,,shared_all_anomaly_strengths,diffusion_coeff,3000.0
TR,0,251,5849536730748012463,gateway_calibration,sweep:anomaly_pair:shared_scenarios,657.034784568628,115,753.666212845984,,,shared_all_anomaly_strengths,diffusion_coeff,3000.0
TR,0,252,1771686267565403887,gateway_calibration,sweep:anomaly_pair:shared_scenarios,509.5371436350316,103,753.666212845984,,,shared_all_anomaly_strengths,diffusion_coeff,3000.0
TR,0,253,527015852999154159,gateway_calibration,sweep:anomaly_pair:shared_scenarios,584.9858423106086,118,753.666212845984,,,shared_all_anomaly_strengths,diffusion_coeff,3000.0
TR,0,254,795232045204162150,gateway_calibration,sweep:anomaly_pair:shared_scenarios,653.5259689433037,137,753.666212845984,,,shared_all_anomaly_strengths,diffusion_coeff,3000.0
TR,0,255,2003186406057830921,gateway_calibration,sweep:anomaly_pair:shared_scenarios,585.5914561167183,118,753.666212845984,,,shared_all_anomaly_strengths,diffusion_coeff,3000.0
TR,0,256,6455722452370991548,gateway_calibration,sweep:anomaly_pair:shared_scenarios,656.7633378954172,104,753.666212845984,,,shared_all_anomaly_strengths,diffusion_coeff,3000.0
TR,0,257,3067394350402456365,gateway_calibration,sweep:anomaly_pair:shared_scenarios,609.7517461915603,100,753.666212845984,,,shared_all_anomaly_strengths,diffusion_coeff,3000.0
TR,0,258,6475421966152866023,gateway_calibration,sweep:anomaly_pair:shared_scenarios,614.8506968673615,118,753.666212845984,,,shared_all_anomaly_strengths,diffusion_coeff,3000.0
TR,0,259,3761046985503647801,gateway_calibration,sweep:anomaly_pair:shared_scenarios,515.1406459515897,112,753.666212845984,,,shared_all_anomaly_strengths,diffusion_coeff,3000.0
TR,0,260,2385970463494678191,gateway_calibration,sweep:anomaly_pair:shared_scenarios,585.8390590416437,114,753.666212845984,,,shared_all_anomaly_strengths,diffusion_coeff,3000.0
TR,0,261,5183448992162080607,gateway_calibration,sweep:anomaly_pair:shared_scenarios,525.1828978830846,112,753.666212845984,,,shared_all_anomaly_strengths,diffusion_coeff,3000.0
TR,0,262,6268266913998342604,gateway_calibration,sweep:anomaly_pair:shared_scenarios,563.0299206837448,118,753.666212845984,,,shared_all_anomaly_strengths,diffusion_coeff,3000.0
TR,0,263,21012256327926221,gateway_calibration,sweep:anomaly_pair:shared_scenarios,524.846228051674,107,753.666212845984,,,shared_all_anomaly_strengths,diffusion_coeff,3000.0
TR,0,264,4109767241554258606,gateway_calibration,sweep:anomaly_pair:shared_scenarios,548.9648925074966,109,753.666212845984,,,shared_all_anomaly_strengths,diffusion_coeff,3000.0
TR,0,265,4959424012684389745,gateway_calibration,sweep:anomaly_pair:shared_scenarios,516.8371649510493,104,753.666212845984,,,shared_all_anomaly_strengths,diffusion_coeff,3000.0
TR,0,266,7451109072791456209,gateway_calibration,sweep:anomaly_pair:shared_scenarios,563.3523847977382,111,753.666212845984,,,shared_all_anomaly_strengths,diffusion_coeff,3000.0
TR,0,267,8054500674269120968,gateway_calibration,sweep:anomaly_pair:shared_scenarios,530.0922923882287,107,753.666212845984,,,shared_all_anomaly_strengths,diffusion_coeff,3000.0
TR,0,268,5331532706382194712,gateway_calibration,sweep:anomaly_pair:shared_scenarios,635.9943422123478,121,753.666212845984,,,shared_all_anomaly_strengths,diffusion_coeff,3000.0
TR,0,269,841203630616903155,gateway_calibration,sweep:anomaly_pair:shared_scenarios,615.3188607989279,115,753.666212845984,,,shared_all_anomaly_strengths,diffusion_coeff,3000.0
TR,0,270,4066905452799334610,gateway_calibration,sweep:anomaly_pair:shared_scenarios,856.1145318850763,133,753.666212845984,,,shared_all_anomaly_strengths,diffusion_coeff,3000.0
TR,0,271,9150950453982994658,gateway_calibration,sweep:anomaly_pair:shared_scenarios,567.3931330039381,107,753.666212845984,,,shared_all_anomaly_strengths,diffusion_coeff,3000.0
TR,0,272,6119393693526968570,gateway_calibration,sweep:anomaly_pair:shared_scenarios,710.2824056148801,118,753.666212845984,,,shared_all_anomaly_strengths,diffusion_coeff,3000.0
TR,0,273,1347105042981981039,gateway_calibration,sweep:anomaly_pair:shared_scenarios,559.0545661893191,121,753.666212845984,,,shared_all_anomaly_strengths,diffusion_coeff,3000.0
TR,0,274,8911832980425435268,gateway_calibration,sweep:anomaly_pair:shared_scenarios,761.0901679404581,125,753.666212845984,,,shared_all_anomaly_strengths,diffusion_coeff,3000.0
TR,0,275,5843722553093405471,gateway_calibration,sweep:anomaly_pair:shared_scenarios,763.1166933493256,124,753.666212845984,,,shared_all_anomaly_strengths,diffusion_coeff,3000.0
TR,0,276,3354555160635420741,gateway_calibration,sweep:anomaly_pair:shared_scenarios,631.8663539485448,115,753.666212845984,,,shared_all_anomaly_strengths,diffusion_coeff,3000.0
TR,0,277,688745337611783334,gateway_calibration,sweep:anomaly_pair:shared_scenarios,604.3078759127517,115,753.666212845984,,,shared_all_anomaly_strengths,diffusion_coeff,3000.0
TR,0,278,219363152796672916,gateway_calibration,sweep:anomaly_pair:shared_scenarios,660.8285337089026,121,753.666212845984,,,shared_all_anomaly_strengths,diffusion_coeff,3000.0
TR,0,279,373686025269973233,gateway_calibration,sweep:anomaly_pair:shared_scenarios,630.8825745116661,109,753.666212845984,,,shared_all_anomaly_strengths,diffusion_coeff,3000.0
TR,0,280,5610514536613434387,gateway_calibration,sweep:anomaly_pair:shared_scenarios,698.4057079352825,120,753.666212845984,,,shared_all_anomaly_strengths,diffusion_coeff,3000.0
TR,0,281,4171514933633241565,gateway_calibration,sweep:anomaly_pair:shared_scenarios,537.3931541450181,120,753.666212845984,,,shared_all_anomaly_strengths,diffusion_coeff,3000.0
TR,0,282,4861498392405652878,gateway_calibration,sweep:anomaly_pair:shared_scenarios,527.9718483180014,110,753.666212845984,,,shared_all_anomaly_strengths,diffusion_coeff,3000.0
TR,0,283,8572809235512946288,gateway_calibration,sweep:anomaly_pair:shared_scenarios,660.8173520870125,111,753.666212845984,,,shared_all_anomaly_strengths,diffusion_coeff,3000.0
TR,0,284,8187471053016651709,gateway_calibration,sweep:anomaly_pair:shared_scenarios,640.6655815185849,126,753.666212845984,,,shared_all_anomaly_strengths,diffusion_coeff,3000.0
TR,0,285,8839651195694762440,gateway_calibration,sweep:anomaly_pair:shared_scenarios,519.2436079644854,107,753.666212845984,,,shared_all_anomaly_strengths,diffusion_coeff,3000.0
TR,0,286,2874448108009063227,gateway_calibration,sweep:anomaly_pair:shared_scenarios,633.8215602777442,125,753.666212845984,,,shared_all_anomaly_strengths,diffusion_coeff,3000.0
TR,0,287,8707203536458320760,gateway_calibration,sweep:anomaly_pair:shared_scenarios,635.0840497425723,108,753.666212845984,,,shared_all_anomaly_strengths,diffusion_coeff,3000.0
TR,0,288,8368439969047545418,gateway_calibration,sweep:anomaly_pair:shared_scenarios,617.3296267342708,112,753.666212845984,,,shared_all_anomaly_strengths,diffusion_coeff,3000.0
TR,0,289,4822230351368366288,gateway_calibration,sweep:anomaly_pair:shared_scenarios,580.3146616329611,104,753.666212845984,,,shared_all_anomaly_strengths,diffusion_coeff,3000.0
TR,0,290,560612887312139697,gateway_calibration,sweep:anomaly_pair:shared_scenarios,595.5519881710215,102,753.666212845984,,,shared_all_anomaly_strengths,diffusion_coeff,3000.0
TR,0,291,4708984480155462159,gateway_calibration,sweep:anomaly_pair:shared_scenarios,712.4936025330827,143,753.666212845984,,,shared_all_anomaly_strengths,diffusion_coeff,3000.0
TR,0,292,221505334779598471,gateway_calibration,sweep:anomaly_pair:shared_scenarios,566.1865254253215,116,753.666212845984,,,shared_all_anomaly_strengths,diffusion_coeff,3000.0
TR,0,293,313024099195558927,gateway_calibration,sweep:anomaly_pair:shared_scenarios,588.9414401630389,118,753.666212845984,,,shared_all_anomaly_strengths,diffusion_coeff,3000.0
TR,0,294,1256218112766498617,gateway_calibration,sweep:anomaly_pair:shared_scenarios,637.2106024490861,117,753.666212845984,,,shared_all_anomaly_strengths,diffusion_coeff,3000.0
TR,0,295,8758679596665815611,gateway_calibration,sweep:anomaly_pair:shared_scenarios,601.0874159237887,109,753.666212845984,,,shared_all_anomaly_strengths,diffusion_coeff,3000.0
TR,0,296,8732704811787225309,gateway_calibration,sweep:anomaly_pair:shared_scenarios,501.0865494529586,111,753.666212845984,,,shared_all_anomaly_strengths,diffusion_coeff,3000.0
TR,0,297,7291668075851963674,gateway_calibration,sweep:anomaly_pair:shared_scenarios,504.76955019687404,96,753.666212845984,,,shared_all_anomaly_strengths,diffusion_coeff,3000.0
TR,0,298,8160139849952943474,gateway_calibration,sweep:anomaly_pair:shared_scenarios,561.9026635550435,111,753.666212845984,,,shared_all_anomaly_strengths,diffusion_coeff,3000.0
TR,0,299,2513721670770597509,gateway_calibration,sweep:anomaly_pair:shared_scenarios,543.8615478180104,105,753.666212845984,,,shared_all_anomaly_strengths,diffusion_coeff,3000.0
TR,0,300,7063318709798897080,gateway_calibration,sweep:anomaly_pair:shared_scenarios,707.2993176205912,132,753.666212845984,,,shared_all_anomaly_strengths,diffusion_coeff,3000.0
TR,0,301,8415020812705705061,gateway_calibration,sweep:anomaly_pair:shared_scenarios,724.6009528554606,127,753.666212845984,,,shared_all_anomaly_strengths,diffusion_coeff,3000.0
TR,0,302,3425196686933402479,gateway_calibration,sweep:anomaly_pair:shared_scenarios,541.81243488206,110,753.666212845984,,,shared_all_anomaly_strengths,diffusion_coeff,3000.0
TR,0,303,3114915321845009342,gateway_calibration,sweep:anomaly_pair:shared_scenarios,576.9281734202727,102,753.666212845984,,,shared_all_anomaly_strengths,diffusion_coeff,3000.0
TR,0,304,2896931233588044786,gateway_calibration,sweep:anomaly_pair:shared_scenarios,506.0623501519038,96,753.666212845984,,,shared_all_anomaly_strengths,diffusion_coeff,3000.0
TR,0,305,1551170222759424305,gateway_calibration,sweep:anomaly_pair:shared_scenarios,569.3454374393667,110,753.666212845984,,,shared_all_anomaly_strengths,diffusion_coeff,3000.0
TR,0,306,4718806530038829033,gateway_calibration,sweep:anomaly_pair:shared_scenarios,622.508346858122,125,753.666212845984,,,shared_all_anomaly_strengths,diffusion_coeff,3000.0
TR,0,307,5119279349088370044,gateway_calibration,sweep:anomaly_pair:shared_scenarios,615.972716845425,114,753.666212845984,,,shared_all_anomaly_strengths,diffusion_coeff,3000.0
TR,0,308,2822775968759270459,gateway_calibration,sweep:anomaly_pair:shared_scenarios,530.1497013082017,111,753.666212845984,,,shared_all_anomaly_strengths,diffusion_coeff,3000.0
TR,0,309,7998405917407377120,gateway_calibration,sweep:anomaly_pair:shared_scenarios,572.2240742420566,107,753.666212845984,,,shared_all_anomaly_strengths,diffusion_coeff,3000.0
TR,0,310,5146001952486015638,gateway_calibration,sweep:anomaly_pair:shared_scenarios,548.705234174866,104,753.666212845984,,,shared_all_anomaly_strengths,diffusion_coeff,3000.0
TR,0,311,6911500135314972136,gateway_calibration,sweep:anomaly_pair:shared_scenarios,497.50543985827966,103,753.666212845984,,,shared_all_anomaly_strengths,diffusion_coeff,3000.0
TR,0,312,3026266370475567930,gateway_calibration,sweep:anomaly_pair:shared_scenarios,804.4940295237905,124,753.666212845984,,,shared_all_anomaly_strengths,diffusion_coeff,3000.0
TR,0,313,2263219430505968284,gateway_calibration,sweep:anomaly_pair:shared_scenarios,545.1690012408576,106,753.666212845984,,,shared_all_anomaly_strengths,diffusion_coeff,3000.0
TR,0,314,6005314762223339669,gateway_calibration,sweep:anomaly_pair:shared_scenarios,600.3014446339405,117,753.666212845984,,,shared_all_anomaly_strengths,diffusion_coeff,3000.0
TR,0,315,6620051426260236045,gateway_calibration,sweep:anomaly_pair:shared_scenarios,498.8324345422777,94,753.666212845984,,,shared_all_anomaly_strengths,diffusion_coeff,3000.0
TR,0,316,1375290459054701469,gateway_calibration,sweep:anomaly_pair:shared_scenarios,673.2382683104227,113,753.666212845984,,,shared_all_anomaly_strengths,diffusion_coeff,3000.0
TR,0,317,3387434723583950275,gateway_calibration,sweep:anomaly_pair:shared_scenarios,555.2906612879642,111,753.666212845984,,,shared_all_anomaly_strengths,diffusion_coeff,3000.0
TR,0,318,1492748310594346890,gateway_calibration,sweep:anomaly_pair:shared_scenarios,765.2535312634958,135,753.666212845984,,,shared_all_anomaly_strengths,diffusion_coeff,3000.0
TR,0,319,6526070513380422193,gateway_calibration,sweep:anomaly_pair:shared_scenarios,553.1065362312468,118,753.666212845984,,,shared_all_anomaly_strengths,diffusion_coeff,3000.0
TR,0,320,4569908186093849248,gateway_calibration,sweep:anomaly_pair:shared_scenarios,590.6139484525606,125,753.666212845984,,,shared_all_anomaly_strengths,diffusion_coeff,3000.0
TR,0,321,2058735402210199549,gateway_calibration,sweep:anomaly_pair:shared_scenarios,713.5365852890174,126,753.666212845984,,,shared_all_anomaly_strengths,diffusion_coeff,3000.0
TR,0,322,7792514555662345644,gateway_calibration,sweep:anomaly_pair:shared_scenarios,632.6788260567706,109,753.666212845984,,,shared_all_anomaly_strengths,diffusion_coeff,3000.0
TR,0,323,5919491502808918703,gateway_calibration,sweep:anomaly_pair:shared_scenarios,683.5192783905194,124,753.666212845984,,,shared_all_anomaly_strengths,diffusion_coeff,3000.0
TR,0,324,4574905972397435795,gateway_calibration,sweep:anomaly_pair:shared_scenarios,656.7820115363112,121,753.666212845984,,,shared_all_anomaly_strengths,diffusion_coeff,3000.0
TR,0,325,7539986577246166921,gateway_calibration,sweep:anomaly_pair:shared_scenarios,634.4481652460647,124,753.666212845984,,,shared_all_anomaly_strengths,diffusion_coeff,3000.0
TR,0,326,8057266659081106092,gateway_calibration,sweep:anomaly_pair:shared_scenarios,692.7215464076094,120,753.666212845984,,,shared_all_anomaly_strengths,diffusion_coeff,3000.0
TR,0,327,7592041352101782096,gateway_calibration,sweep:anomaly_pair:shared_scenarios,647.4596014700539,108,753.666212845984,,,shared_all_anomaly_strengths,diffusion_coeff,3000.0
TR,0,328,7157190776130753350,gateway_calibration,sweep:anomaly_pair:shared_scenarios,545.0799134768934,101,753.666212845984,,,shared_all_anomaly_strengths,diffusion_coeff,3000.0
TR,0,329,3536119658432613956,gateway_calibration,sweep:anomaly_pair:shared_scenarios,743.8787473757919,118,753.666212845984,,,shared_all_anomaly_strengths,diffusion_coeff,3000.0
TR,0,330,3387957629084434680,gateway_calibration,sweep:anomaly_pair:shared_scenarios,573.5231529801345,126,753.666212845984,,,shared_all_anomaly_strengths,diffusion_coeff,3000.0
TR,0,331,7014301768858485691,gateway_calibration,sweep:anomaly_pair:shared_scenarios,626.4864942140225,119,753.666212845984,,,shared_all_anomaly_strengths,diffusion_coeff,3000.0
TR,0,332,7509048679395089766,gateway_calibration,sweep:anomaly_pair:shared_scenarios,542.1262690333623,113,753.666212845984,,,shared_all_anomaly_strengths,diffusion_coeff,3000.0
TR,0,333,8077057740997865815,gateway_calibration,sweep:anomaly_pair:shared_scenarios,648.3858164469139,105,753.666212845984,,,shared_all_anomaly_strengths,diffusion_coeff,3000.0
TR,0,334,4792265241973382002,gateway_calibration,sweep:anomaly_pair:shared_scenarios,616.6150346628033,121,753.666212845984,,,shared_all_anomaly_strengths,diffusion_coeff,3000.0
TR,0,335,4631816253128208771,gateway_calibration,sweep:anomaly_pair:shared_scenarios,668.0076370056665,129,753.666212845984,,,shared_all_anomaly_strengths,diffusion_coeff,3000.0
TR,0,336,1353780890302308168,gateway_calibration,sweep:anomaly_pair:shared_scenarios,627.2534453821482,125,753.666212845984,,,shared_all_anomaly_strengths,diffusion_coeff,3000.0
TR,0,337,301188514516452582,gateway_calibration,sweep:anomaly_pair:shared_scenarios,766.9436878824034,100,753.666212845984,,,shared_all_anomaly_strengths,diffusion_coeff,3000.0
TR,0,338,848291969102783726,gateway_calibration,sweep:anomaly_pair:shared_scenarios,539.7606828628137,120,753.666212845984,,,shared_all_anomaly_strengths,diffusion_coeff,3000.0
TR,0,339,3301607682890482163,gateway_calibration,sweep:anomaly_pair:shared_scenarios,451.53713067360206,95,753.666212845984,,,shared_all_anomaly_strengths,diffusion_coeff,3000.0
TR,0,340,3382309239349475861,gateway_calibration,sweep:anomaly_pair:shared_scenarios,666.6467638997296,128,753.666212845984,,,shared_all_anomaly_strengths,diffusion_coeff,3000.0
TR,0,341,3511804255243715536,gateway_calibration,sweep:anomaly_pair:shared_scenarios,625.8020750793191,115,753.666212845984,,,shared_all_anomaly_strengths,diffusion_coeff,3000.0
TR,0,342,7172406527062268769,gateway_calibration,sweep:anomaly_pair:shared_scenarios,510.6350339916776,116,753.666212845984,,,shared_all_anomaly_strengths,diffusion_coeff,3000.0
TR,0,343,8148651635281023479,gateway_calibration,sweep:anomaly_pair:shared_scenarios,566.297759595839,118,753.666212845984,,,shared_all_anomaly_strengths,diffusion_coeff,3000.0
TR,0,344,4543894699244939752,gateway_calibration,sweep:anomaly_pair:shared_scenarios,610.4296481385777,102,753.666212845984,,,shared_all_anomaly_strengths,diffusion_coeff,3000.0
TR,0,345,6891358735647678813,gateway_calibration,sweep:anomaly_pair:shared_scenarios,717.9077749478739,132,753.666212845984,,,shared_all_anomaly_strengths,diffusion_coeff,3000.0
TR,0,346,1563481499315660104,gateway_calibration,sweep:anomaly_pair:shared_scenarios,587.5116737203774,103,753.666212845984,,,shared_all_anomaly_strengths,diffusion_coeff,3000.0
TR,0,347,2629125604810830811,gateway_calibration,sweep:anomaly_pair:shared_scenarios,529.3449847813412,118,753.666212845984,,,shared_all_anomaly_strengths,diffusion_coeff,3000.0
TR,0,348,3894426847858961166,gateway_calibration,sweep:anomaly_pair:shared_scenarios,677.942239003019,121,753.666212845984,,,shared_all_anomaly_strengths,diffusion_coeff,3000.0
TR,0,349,4282787653601296890,gateway_calibration,sweep:anomaly_pair:shared_scenarios,712.729058993696,110,753.666212845984,,,shared_all_anomaly_strengths,diffusion_coeff,3000.0
TR,0,350,7842601743270043461,gateway_calibration,sweep:anomaly_pair:shared_scenarios,570.8704277894974,111,753.666212845984,,,shared_all_anomaly_strengths,diffusion_coeff,3000.0
TR,0,351,7700102950595571335,gateway_calibration,sweep:anomaly_pair:shared_scenarios,596.0071274840279,113,753.666212845984,,,shared_all_anomaly_strengths,diffusion_coeff,3000.0
TR,0,352,2808087562537772166,gateway_calibration,sweep:anomaly_pair:shared_scenarios,585.1898869186598,104,753.666212845984,,,shared_all_anomaly_strengths,diffusion_coeff,3000.0
TR,0,353,6304865133883968004,gateway_calibration,sweep:anomaly_pair:shared_scenarios,628.0258798271748,131,753.666212845984,,,shared_all_anomaly_strengths,diffusion_coeff,3000.0
TR,0,354,3342415063500426256,gateway_calibration,sweep:anomaly_pair:shared_scenarios,637.4699830939352,111,753.666212845984,,,shared_all_anomaly_strengths,diffusion_coeff,3000.0
TR,0,355,8959621061715784363,gateway_calibration,sweep:anomaly_pair:shared_scenarios,489.8541255075535,114,753.666212845984,,,shared_all_anomaly_strengths,diffusion_coeff,3000.0
TR,0,356,1186687812096718750,gateway_calibration,sweep:anomaly_pair:shared_scenarios,546.6075746023431,105,753.666212845984,,,shared_all_anomaly_strengths,diffusion_coeff,3000.0
TR,0,357,8329058846985055289,gateway_calibration,sweep:anomaly_pair:shared_scenarios,654.0252822007735,98,753.666212845984,,,shared_all_anomaly_strengths,diffusion_coeff,3000.0
TR,0,358,275625437843561760,gateway_calibration,sweep:anomaly_pair:shared_scenarios,628.862169816181,122,753.666212845984,,,shared_all_anomaly_strengths,diffusion_coeff,3000.0
TR,0,359,527484844984551272,gateway_calibration,sweep:anomaly_pair:shared_scenarios,660.0979394201382,115,753.666212845984,,,shared_all_anomaly_strengths,diffusion_coeff,3000.0
TR,0,360,6499704723849040690,gateway_calibration,sweep:anomaly_pair:shared_scenarios,692.1012908202329,124,753.666212845984,,,shared_all_anomaly_strengths,diffusion_coeff,3000.0
TR,0,361,3392988020843846596,gateway_calibration,sweep:anomaly_pair:shared_scenarios,636.5084747449063,109,753.666212845984,,,shared_all_anomaly_strengths,diffusion_coeff,3000.0
TR,0,362,6082838417800885541,gateway_calibration,sweep:anomaly_pair:shared_scenarios,591.5141648725956,113,753.666212845984,,,shared_all_anomaly_strengths,diffusion_coeff,3000.0
TR,0,363,9161439992453118853,gateway_calibration,sweep:anomaly_pair:shared_scenarios,608.6095055814382,122,753.666212845984,,,shared_all_anomaly_strengths,diffusion_coeff,3000.0
TR,0,364,1104199357173535709,gateway_calibration,sweep:anomaly_pair:shared_scenarios,576.8675130314302,111,753.666212845984,,,shared_all_anomaly_strengths,diffusion_coeff,3000.0
TR,0,365,3968092569436272899,gateway_calibration,sweep:anomaly_pair:shared_scenarios,678.5886171317565,130,753.666212845984,,,shared_all_anomaly_strengths,diffusion_coeff,3000.0
TR,0,366,88510700048790040,gateway_calibration,sweep:anomaly_pair:shared_scenarios,626.4755403390528,119,753.666212845984,,,shared_all_anomaly_strengths,diffusion_coeff,3000.0
TR,0,367,3708546901166186520,gateway_calibration,sweep:anomaly_pair:shared_scenarios,773.863839703361,130,753.666212845984,,,shared_all_anomaly_strengths,diffusion_coeff,3000.0
TR,0,368,6013111248236961738,gateway_calibration,sweep:anomaly_pair:shared_scenarios,478.1522181375497,118,753.666212845984,,,shared_all_anomaly_strengths,diffusion_coeff,3000.0
TR,0,369,2114847280044500927,gateway_calibration,sweep:anomaly_pair:shared_scenarios,615.3342961269959,116,753.666212845984,,,shared_all_anomaly_strengths,diffusion_coeff,3000.0
TR,0,370,7087323381771673869,gateway_calibration,sweep:anomaly_pair:shared_scenarios,555.0322417534269,101,753.666212845984,,,shared_all_anomaly_strengths,diffusion_coeff,3000.0
TR,0,371,5657654365128844730,gateway_calibration,sweep:anomaly_pair:shared_scenarios,534.3619260570392,115,753.666212845984,,,shared_all_anomaly_strengths,diffusion_coeff,3000.0
TR,0,372,2027870051160191704,gateway_calibration,sweep:anomaly_pair:shared_scenarios,635.2170448071693,96,753.666212845984,,,shared_all_anomaly_strengths,diffusion_coeff,3000.0
TR,0,373,7848999889242844692,gateway_calibration,sweep:anomaly_pair:shared_scenarios,568.1999584308767,127,753.666212845984,,,shared_all_anomaly_strengths,diffusion_coeff,3000.0
TR,0,374,333687295804109698,gateway_calibration,sweep:anomaly_pair:shared_scenarios,539.8006084850497,106,753.666212845984,,,shared_all_anomaly_strengths,diffusion_coeff,3000.0
TR,0,375,3858544135291456003,gateway_calibration,sweep:anomaly_pair:shared_scenarios,596.4380941108767,102,753.666212845984,,,shared_all_anomaly_strengths,diffusion_coeff,3000.0
TR,0,376,5954054979897712788,gateway_calibration,sweep:anomaly_pair:shared_scenarios,585.0199746837893,125,753.666212845984,,,shared_all_anomaly_strengths,diffusion_coeff,3000.0
TR,0,377,1335844326469534536,gateway_calibration,sweep:anomaly_pair:shared_scenarios,672.5781627918574,113,753.666212845984,,,shared_all_anomaly_strengths,diffusion_coeff,3000.0
TR,0,378,7763485567302934545,gateway_calibration,sweep:anomaly_pair:shared_scenarios,611.8078301744657,104,753.666212845984,,,shared_all_anomaly_strengths,diffusion_coeff,3000.0
TR,0,379,2085077819561017134,gateway_calibration,sweep:anomaly_pair:shared_scenarios,819.845710731014,111,753.666212845984,,,shared_all_anomaly_strengths,diffusion_coeff,3000.0
TR,0,380,2522980069351540246,gateway_calibration,sweep:anomaly_pair:shared_scenarios,652.9266104973483,113,753.666212845984,,,shared_all_anomaly_strengths,diffusion_coeff,3000.0
TR,0,381,4975283561804637613,gateway_calibration,sweep:anomaly_pair:shared_scenarios,708.9384895408738,120,753.666212845984,,,shared_all_anomaly_strengths,diffusion_coeff,3000.0
TR,0,382,1302504027955615947,gateway_calibration,sweep:anomaly_pair:shared_scenarios,591.8686276439593,127,753.666212845984,,,shared_all_anomaly_strengths,diffusion_coeff,3000.0
TR,0,383,8927732358631061418,gateway_calibration,sweep:anomaly_pair:shared_scenarios,811.8793412244594,147,753.666212845984,,,shared_all_anomaly_strengths,diffusion_coeff,3000.0
TR,0,384,7102871842583592410,gateway_calibration,sweep:anomaly_pair:shared_scenarios,578.2476254111194,128,753.666212845984,,,shared_all_anomaly_strengths,diffusion_coeff,3000.0
TR,0,385,8751812685682384577,gateway_calibration,sweep:anomaly_pair:shared_scenarios,645.6288277057648,114,753.666212845984,,,shared_all_anomaly_strengths,diffusion_coeff,3000.0
TR,0,386,2867292286665412959,gateway_calibration,sweep:anomaly_pair:shared_scenarios,616.6956016096392,113,753.666212845984,,,shared_all_anomaly_strengths,diffusion_coeff,3000.0
TR,0,387,2624927968075345649,gateway_calibration,sweep:anomaly_pair:shared_scenarios,716.164354816285,130,753.666212845984,,,shared_all_anomaly_strengths,diffusion_coeff,3000.0
TR,0,388,2537836582560678006,gateway_calibration,sweep:anomaly_pair:shared_scenarios,571.5916605248343,93,753.666212845984,,,shared_all_anomaly_strengths,diffusion_coeff,3000.0
TR,0,389,2800143550304458978,gateway_calibration,sweep:anomaly_pair:shared_scenarios,611.6872698960651,123,753.666212845984,,,shared_all_anomaly_strengths,diffusion_coeff,3000.0
TR,0,390,5542491175477138315,gateway_calibration,sweep:anomaly_pair:shared_scenarios,675.1365544842381,123,753.666212845984,,,shared_all_anomaly_strengths,diffusion_coeff,3000.0
TR,0,391,920575682054079790,gateway_calibration,sweep:anomaly_pair:shared_scenarios,598.3025491249106,116,753.666212845984,,,shared_all_anomaly_strengths,diffusion_coeff,3000.0
TR,0,392,7832892230890482956,gateway_calibration,sweep:anomaly_pair:shared_scenarios,535.0137256651559,116,753.666212845984,,,shared_all_anomaly_strengths,diffusion_coeff,3000.0
TR,0,393,757741762273162161,gateway_calibration,sweep:anomaly_pair:shared_scenarios,558.912690126431,109,753.666212845984,,,shared_all_anomaly_strengths,diffusion_coeff,3000.0
TR,0,394,2545938917521492744,gateway_calibration,sweep:anomaly_pair:shared_scenarios,511.4007018666465,108,753.666212845984,,,shared_all_anomaly_strengths,diffusion_coeff,3000.0
TR,0,395,8023561360387127259,gateway_calibration,sweep:anomaly_pair:shared_scenarios,560.5460566737939,115,753.666212845984,,,shared_all_anomaly_strengths,diffusion_coeff,3000.0
TR,0,396,7027188297947467006,gateway_calibration,sweep:anomaly_pair:shared_scenarios,662.3118898294445,116,753.666212845984,,,shared_all_anomaly_strengths,diffusion_coeff,3000.0
TR,0,397,7878834433110996755,gateway_calibration,sweep:anomaly_pair:shared_scenarios,695.9813202308234,99,753.666212845984,,,shared_all_anomaly_strengths,diffusion_coeff,3000.0
TR,0,398,4744550561105664732,gateway_calibration,sweep:anomaly_pair:shared_scenarios,577.7471099260497,126,753.666212845984,,,shared_all_anomaly_strengths,diffusion_coeff,3000.0
TR,0,399,5344886015201979308,gateway_calibration,sweep:anomaly_pair:shared_scenarios,558.9116308124462,119,753.666212845984,,,shared_all_anomaly_strengths,diffusion_coeff,3000.0
TR,0,400,5149434508763057584,gateway_calibration,sweep:anomaly_pair:shared_scenarios,502.4713648483908,110,753.666212845984,,,shared_all_anomaly_strengths,diffusion_coeff,3000.0
TR,0,401,5599666805503637415,gateway_calibration,sweep:anomaly_pair:shared_scenarios,833.7029882758834,124,753.666212845984,,,shared_all_anomaly_strengths,diffusion_coeff,3000.0
TR,0,402,2625638571049592825,gateway_calibration,sweep:anomaly_pair:shared_scenarios,597.8362898206998,120,753.666212845984,,,shared_all_anomaly_strengths,diffusion_coeff,3000.0
TR,0,403,6629408355495065749,gateway_calibration,sweep:anomaly_pair:shared_scenarios,589.7861418708625,108,753.666212845984,,,shared_all_anomaly_strengths,diffusion_coeff,3000.0
TR,0,404,3150249386986199613,gateway_calibration,sweep:anomaly_pair:shared_scenarios,512.6613354558907,88,753.666212845984,,,shared_all_anomaly_strengths,diffusion_coeff,3000.0
TR,0,405,4117381947987728137,gateway_calibration,sweep:anomaly_pair:shared_scenarios,616.10364788385,126,753.666212845984,,,shared_all_anomaly_strengths,diffusion_coeff,3000.0
TR,0,406,7366258876741991286,gateway_calibration,sweep:anomaly_pair:shared_scenarios,666.6006813572249,119,753.666212845984,,,shared_all_anomaly_strengths,diffusion_coeff,3000.0
TR,0,407,3058169725806449045,gateway_calibration,sweep:anomaly_pair:shared_scenarios,612.5957253568778,125,753.666212845984,,,shared_all_anomaly_strengths,diffusion_coeff,3000.0
TR,0,408,2978841122516248054,gateway_calibration,sweep:anomaly_pair:shared_scenarios,689.0082226121674,124,753.666212845984,,,shared_all_anomaly_strengths,diffusion_coeff,3000.0
TR,0,409,2599485624261039583,gateway_calibration,sweep:anomaly_pair:shared_scenarios,830.881970733959,126,753.666212845984,,,shared_all_anomaly_strengths,diffusion_coeff,3000.0
TR,0,410,458882496312945663,gateway_calibration,sweep:anomaly_pair:shared_scenarios,665.845644181006,119,753.666212845984,,,shared_all_anomaly_strengths,diffusion_coeff,3000.0
TR,0,411,4000618753593853165,gateway_calibration,sweep:anomaly_pair:shared_scenarios,413.75254198951535,94,753.666212845984,,,shared_all_anomaly_strengths,diffusion_coeff,3000.0
TR,0,412,8339539677611557861,gateway_calibration,sweep:anomaly_pair:shared_scenarios,649.4217202392135,118,753.666212845984,,,shared_all_anomaly_strengths,diffusion_coeff,3000.0
TR,0,413,2580185991513178045,gateway_calibration,sweep:anomaly_pair:shared_scenarios,617.109450247685,120,753.666212845984,,,shared_all_anomaly_strengths,diffusion_coeff,3000.0
TR,0,414,3076826962419443480,gateway_calibration,sweep:anomaly_pair:shared_scenarios,590.8604181936956,99,753.666212845984,,,shared_all_anomaly_strengths,diffusion_coeff,3000.0
TR,0,415,6827605468891931010,gateway_calibration,sweep:anomaly_pair:shared_scenarios,593.6306948669369,119,753.666212845984,,,shared_all_anomaly_strengths,diffusion_coeff,3000.0
TR,0,416,3218560465134718098,gateway_calibration,sweep:anomaly_pair:shared_scenarios,613.8887019103386,113,753.666212845984,,,shared_all_anomaly_strengths,diffusion_coeff,3000.0
TR,0,417,3922954233183090676,gateway_calibration,sweep:anomaly_pair:shared_scenarios,700.2001384787433,123,753.666212845984,,,shared_all_anomaly_strengths,diffusion_coeff,3000.0
TR,0,418,1460299898534465968,gateway_calibration,sweep:anomaly_pair:shared_scenarios,620.947319283161,124,753.666212845984,,,shared_all_anomaly_strengths,diffusion_coeff,3000.0
TR,0,419,8305113000185527425,gateway_calibration,sweep:anomaly_pair:shared_scenarios,521.6379125223807,106,753.666212845984,,,shared_all_anomaly_strengths,diffusion_coeff,3000.0
TR,0,420,666906365206469240,gateway_calibration,sweep:anomaly_pair:shared_scenarios,622.1380603178327,122,753.666212845984,,,shared_all_anomaly_strengths,diffusion_coeff,3000.0
TR,0,421,4902312007981976155,gateway_calibration,sweep:anomaly_pair:shared_scenarios,450.7601218569818,98,753.666212845984,,,shared_all_anomaly_strengths,diffusion_coeff,3000.0
TR,0,422,213388171490915124,gateway_calibration,sweep:anomaly_pair:shared_scenarios,501.5361155731005,105,753.666212845984,,,shared_all_anomaly_strengths,diffusion_coeff,3000.0
TR,0,423,3426814509533468634,gateway_calibration,sweep:anomaly_pair:shared_scenarios,551.5367918863493,110,753.666212845984,,,shared_all_anomaly_strengths,diffusion_coeff,3000.0
TR,0,424,3022645040617138448,gateway_calibration,sweep:anomaly_pair:shared_scenarios,671.7408463049578,120,753.666212845984,,,shared_all_anomaly_strengths,diffusion_coeff,3000.0
TR,0,425,5527100482172181234,gateway_calibration,sweep:anomaly_pair:shared_scenarios,528.0504629054204,100,753.666212845984,,,shared_all_anomaly_strengths,diffusion_coeff,3000.0
TR,0,426,1012614697466316415,gateway_calibration,sweep:anomaly_pair:shared_scenarios,687.8920637790659,113,753.666212845984,,,shared_all_anomaly_strengths,diffusion_coeff,3000.0
TR,0,427,6258153257279431865,gateway_calibration,sweep:anomaly_pair:shared_scenarios,694.1782825895211,105,753.666212845984,,,shared_all_anomaly_strengths,diffusion_coeff,3000.0
TR,0,428,3494724231981409682,gateway_calibration,sweep:anomaly_pair:shared_scenarios,592.1993379753142,107,753.666212845984,,,shared_all_anomaly_strengths,diffusion_coeff,3000.0
TR,0,429,9138299470163467240,gateway_calibration,sweep:anomaly_pair:shared_scenarios,664.5530768548858,113,753.666212845984,,,shared_all_anomaly_strengths,diffusion_coeff,3000.0
TR,0,430,6891783168053645325,gateway_calibration,sweep:anomaly_pair:shared_scenarios,690.3470591651587,125,753.666212845984,,,shared_all_anomaly_strengths,diffusion_coeff,3000.0
TR,0,431,6869361412516472794,gateway_calibration,sweep:anomaly_pair:shared_scenarios,577.2412317554197,117,753.666212845984,,,shared_all_anomaly_strengths,diffusion_coeff,3000.0
TR,0,432,2541163241042689952,gateway_calibration,sweep:anomaly_pair:shared_scenarios,559.5433857403649,112,753.666212845984,,,shared_all_anomaly_strengths,diffusion_coeff,3000.0
TR,0,433,8254769182462207207,gateway_calibration,sweep:anomaly_pair:shared_scenarios,493.625224151677,101,753.666212845984,,,shared_all_anomaly_strengths,diffusion_coeff,3000.0
TR,0,434,4013505716720903184,gateway_calibration,sweep:anomaly_pair:shared_scenarios,641.29462178628,108,753.666212845984,,,shared_all_anomaly_strengths,diffusion_coeff,3000.0
TR,0,435,5806127130564233059,gateway_calibration,sweep:anomaly_pair:shared_scenarios,629.8694740118555,121,753.666212845984,,,shared_all_anomaly_strengths,diffusion_coeff,3000.0
TR,0,436,8292276808083054766,gateway_calibration,sweep:anomaly_pair:shared_scenarios,613.0408026973266,95,753.666212845984,,,shared_all_anomaly_strengths,diffusion_coeff,3000.0
TR,0,437,411766100713001608,gateway_calibration,sweep:anomaly_pair:shared_scenarios,560.5752917203179,107,753.666212845984,,,shared_all_anomaly_strengths,diffusion_coeff,3000.0
TR,0,438,3930968551179869439,gateway_calibration,sweep:anomaly_pair:shared_scenarios,567.4796113616217,109,753.666212845984,,,shared_all_anomaly_strengths,diffusion_coeff,3000.0
TR,0,439,3763632109674308185,gateway_calibration,sweep:anomaly_pair:shared_scenarios,649.2148985779596,121,753.666212845984,,,shared_all_anomaly_strengths,diffusion_coeff,3000.0
TR,0,440,5278015637357484618,gateway_calibration,sweep:anomaly_pair:shared_scenarios,593.8694401504579,95,753.666212845984,,,shared_all_anomaly_strengths,diffusion_coeff,3000.0
TR,0,441,5470421236833479721,gateway_calibration,sweep:anomaly_pair:shared_scenarios,681.5437043860187,119,753.666212845984,,,shared_all_anomaly_strengths,diffusion_coeff,3000.0
TR,0,442,4152824066035952546,gateway_calibration,sweep:anomaly_pair:shared_scenarios,639.979553248932,108,753.666212845984,,,shared_all_anomaly_strengths,diffusion_coeff,3000.0
TR,0,443,8782078971988136695,gateway_calibration,sweep:anomaly_pair:shared_scenarios,570.7513735199166,105,753.666212845984,,,shared_all_anomaly_strengths,diffusion_coeff,3000.0
TR,0,444,8949691134399507769,gateway_calibration,sweep:anomaly_pair:shared_scenarios,512.85825713319,104,753.666212845984,,,shared_all_anomaly_strengths,diffusion_coeff,3000.0
TR,0,445,1243237072583537200,gateway_calibration,sweep:anomaly_pair:shared_scenarios,533.0300871558218,108,753.666212845984,,,shared_all_anomaly_strengths,diffusion_coeff,3000.0
TR,0,446,6083371766119392307,gateway_calibration,sweep:anomaly_pair:shared_scenarios,629.7573922546914,111,753.666212845984,,,shared_all_anomaly_strengths,diffusion_coeff,3000.0
TR,0,447,7648441755753076920,gateway_calibration,sweep:anomaly_pair:shared_scenarios,644.9366828165571,117,753.666212845984,,,shared_all_anomaly_strengths,diffusion_coeff,3000.0
TR,0,448,955005731795147001,gateway_calibration,sweep:anomaly_pair:shared_scenarios,696.949244724438,121,753.666212845984,,,shared_all_anomaly_strengths,diffusion_coeff,3000.0
TR,0,449,45305231348623693,gateway_calibration,sweep:anomaly_pair:shared_scenarios,669.9840297286516,127,753.666212845984,,,shared_all_anomaly_strengths,diffusion_coeff,3000.0
TR,0,450,2115602869220638789,gateway_calibration,sweep:anomaly_pair:shared_scenarios,605.8260915035527,118,753.666212845984,,,shared_all_anomaly_strengths,diffusion_coeff,3000.0
TR,0,451,5676793455979563788,gateway_calibration,sweep:anomaly_pair:shared_scenarios,862.7662585522191,131,753.666212845984,,,shared_all_anomaly_strengths,diffusion_coeff,3000.0
TR,0,452,6366447883379022413,gateway_calibration,sweep:anomaly_pair:shared_scenarios,699.2001022427469,128,753.666212845984,,,shared_all_anomaly_strengths,diffusion_coeff,3000.0
TR,0,453,4225207655377417674,gateway_calibration,sweep:anomaly_pair:shared_scenarios,671.4317876447967,122,753.666212845984,,,shared_all_anomaly_strengths,diffusion_coeff,3000.0
TR,0,454,7327466488411297350,gateway_calibration,sweep:anomaly_pair:shared_scenarios,733.6935494352842,115,753.666212845984,,,shared_all_anomaly_strengths,diffusion_coeff,3000.0
TR,0,455,5345767761096099882,gateway_calibration,sweep:anomaly_pair:shared_scenarios,526.7887288668883,96,753.666212845984,,,shared_all_anomaly_strengths,diffusion_coeff,3000.0
TR,0,456,2133102790808814152,gateway_calibration,sweep:anomaly_pair:shared_scenarios,573.0034958015087,119,753.666212845984,,,shared_all_anomaly_strengths,diffusion_coeff,3000.0
TR,0,457,6037868011932965840,gateway_calibration,sweep:anomaly_pair:shared_scenarios,599.3082807685934,118,753.666212845984,,,shared_all_anomaly_strengths,diffusion_coeff,3000.0
TR,0,458,4340644108282100646,gateway_calibration,sweep:anomaly_pair:shared_scenarios,827.7390967020212,133,753.666212845984,,,shared_all_anomaly_strengths,diffusion_coeff,3000.0
TR,0,459,949751417938216244,gateway_calibration,sweep:anomaly_pair:shared_scenarios,687.0820827860135,124,753.666212845984,,,shared_all_anomaly_strengths,diffusion_coeff,3000.0
TR,0,460,7054426845112713226,gateway_calibration,sweep:anomaly_pair:shared_scenarios,707.7535608911361,125,753.666212845984,,,shared_all_anomaly_strengths,diffusion_coeff,3000.0
TR,0,461,2331330513053472942,gateway_calibration,sweep:anomaly_pair:shared_scenarios,622.9167557049807,107,753.666212845984,,,shared_all_anomaly_strengths,diffusion_coeff,3000.0
TR,0,462,2243847955329417019,gateway_calibration,sweep:anomaly_pair:shared_scenarios,533.8549808557145,111,753.666212845984,,,shared_all_anomaly_strengths,diffusion_coeff,3000.0
TR,0,463,1493485923527818258,gateway_calibration,sweep:anomaly_pair:shared_scenarios,535.7717059460041,101,753.666212845984,,,shared_all_anomaly_strengths,diffusion_coeff,3000.0
TR,0,464,2216699455221061669,gateway_calibration,sweep:anomaly_pair:shared_scenarios,746.1130041040102,127,753.666212845984,,,shared_all_anomaly_strengths,diffusion_coeff,3000.0
TR,0,465,6883161541620008480,gateway_calibration,sweep:anomaly_pair:shared_scenarios,525.4830036844985,108,753.666212845984,,,shared_all_anomaly_strengths,diffusion_coeff,3000.0
TR,0,466,1985404953787314291,gateway_calibration,sweep:anomaly_pair:shared_scenarios,737.5565606419262,129,753.666212845984,,,shared_all_anomaly_strengths,diffusion_coeff,3000.0
TR,0,467,1384036578423497838,gateway_calibration,sweep:anomaly_pair:shared_scenarios,596.0795237910519,97,753.666212845984,,,shared_all_anomaly_strengths,diffusion_coeff,3000.0
TR,0,468,4722935997294481070,gateway_calibration,sweep:anomaly_pair:shared_scenarios,600.1657541691745,116,753.666212845984,,,shared_all_anomaly_strengths,diffusion_coeff,3000.0
TR,0,469,528191954664659622,gateway_calibration,sweep:anomaly_pair:shared_scenarios,503.76630055979314,122,753.666212845984,,,shared_all_anomaly_strengths,diffusion_coeff,3000.0
TR,0,470,1633712328529169800,gateway_calibration,sweep:anomaly_pair:shared_scenarios,600.5938228422101,127,753.666212845984,,,shared_all_anomaly_strengths,diffusion_coeff,3000.0
TR,0,471,6633907339390607815,gateway_calibration,sweep:anomaly_pair:shared_scenarios,661.1053191184377,106,753.666212845984,,,shared_all_anomaly_strengths,diffusion_coeff,3000.0
TR,0,472,7110316941102820115,gateway_calibration,sweep:anomaly_pair:shared_scenarios,698.2531789330164,116,753.666212845984,,,shared_all_anomaly_strengths,diffusion_coeff,3000.0
TR,0,473,648151194668048025,gateway_calibration,sweep:anomaly_pair:shared_scenarios,670.1116950909998,109,753.666212845984,,,shared_all_anomaly_strengths,diffusion_coeff,3000.0
TR,0,474,2324647907345855690,gateway_calibration,sweep:anomaly_pair:shared_scenarios,734.194744459652,121,753.666212845984,,,shared_all_anomaly_strengths,diffusion_coeff,3000.0
TR,0,475,944763265997848402,gateway_calibration,sweep:anomaly_pair:shared_scenarios,508.9933399277183,104,753.666212845984,,,shared_all_anomaly_strengths,diffusion_coeff,3000.0
TR,0,476,7563131271191532633,gateway_calibration,sweep:anomaly_pair:shared_scenarios,619.257245109322,126,753.666212845984,,,shared_all_anomaly_strengths,diffusion_coeff,3000.0
TR,0,477,2509031892675661094,gateway_calibration,sweep:anomaly_pair:shared_scenarios,590.5657757973911,118,753.666212845984,,,shared_all_anomaly_strengths,diffusion_coeff,3000.0
TR,0,478,6203947427023563777,gateway_calibration,sweep:anomaly_pair:shared_scenarios,741.2588841570125,117,753.666212845984,,,shared_all_anomaly_strengths,diffusion_coeff,3000.0
TR,0,479,6280194980310007953,gateway_calibration,sweep:anomaly_pair:shared_scenarios,618.8764115634472,112,753.666212845984,,,shared_all_anomaly_strengths,diffusion_coeff,3000.0
TR,0,480,6714940429764513866,gateway_calibration,sweep:anomaly_pair:shared_scenarios,599.8427474990059,117,753.666212845984,,,shared_all_anomaly_strengths,diffusion_coeff,3000.0
TR,0,481,1585407397185217282,gateway_calibration,sweep:anomaly_pair:shared_scenarios,703.32616237692,114,753.666212845984,,,shared_all_anomaly_strengths,diffusion_coeff,3000.0
TR,0,482,6706063428171325988,gateway_calibration,sweep:anomaly_pair:shared_scenarios,521.6550340161642,109,753.666212845984,,,shared_all_anomaly_strengths,diffusion_coeff,3000.0
TR,0,483,2723086856808871853,gateway_calibration,sweep:anomaly_pair:shared_scenarios,673.4614938387059,119,753.666212845984,,,shared_all_anomaly_strengths,diffusion_coeff,3000.0
TR,0,484,4346870091848339416,gateway_calibration,sweep:anomaly_pair:shared_scenarios,713.2298273431312,122,753.666212845984,,,shared_all_anomaly_strengths,diffusion_coeff,3000.0
TR,0,485,7287133659789628915,gateway_calibration,sweep:anomaly_pair:shared_scenarios,639.1345740766333,115,753.666212845984,,,shared_all_anomaly_strengths,diffusion_coeff,3000.0
TR,0,486,2494165871751805290,gateway_calibration,sweep:anomaly_pair:shared_scenarios,631.8896788789361,115,753.666212845984,,,shared_all_anomaly_strengths,diffusion_coeff,3000.0
TR,0,487,3661305971430326717,gateway_calibration,sweep:anomaly_pair:shared_scenarios,617.8125859689363,119,753.666212845984,,,shared_all_anomaly_strengths,diffusion_coeff,3000.0
TR,0,488,4108916358889597565,gateway_calibration,sweep:anomaly_pair:shared_scenarios,449.4392011288192,91,753.666212845984,,,shared_all_anomaly_strengths,diffusion_coeff,3000.0
TR,0,489,1534234753197727125,gateway_calibration,sweep:anomaly_pair:shared_scenarios,670.3871737110226,114,753.666212845984,,,shared_all_anomaly_strengths,diffusion_coeff,3000.0
TR,0,490,7992839432723694714,gateway_calibration,sweep:anomaly_pair:shared_scenarios,665.6974217016988,129,753.666212845984,,,shared_all_anomaly_strengths,diffusion_coeff,3000.0
TR,0,491,267602845997369720,gateway_calibration,sweep:anomaly_pair:shared_scenarios,506.21962477829294,102,753.666212845984,,,shared_all_anomaly_strengths,diffusion_coeff,3000.0
TR,0,492,8956605696040384406,gateway_calibration,sweep:anomaly_pair:shared_scenarios,550.285631911891,101,753.666212845984,,,shared_all_anomaly_strengths,diffusion_coeff,3000.0
TR,0,493,5206171671982199970,gateway_calibration,sweep:anomaly_pair:shared_scenarios,610.926811632284,109,753.666212845984,,,shared_all_anomaly_strengths,diffusion_coeff,3000.0
TR,0,494,3552257924642337236,gateway_calibration,sweep:anomaly_pair:shared_scenarios,676.571867282487,131,753.666212845984,,,shared_all_anomaly_strengths,diffusion_coeff,3000.0
TR,0,495,4539722117532196426,gateway_calibration,sweep:anomaly_pair:shared_scenarios,633.7177306335697,126,753.666212845984,,,shared_all_anomaly_strengths,diffusion_coeff,3000.0
TR,0,496,4932179539160465299,gateway_calibration,sweep:anomaly_pair:shared_scenarios,666.0311101271079,131,753.666212845984,,,shared_all_anomaly_strengths,diffusion_coeff,3000.0
TR,0,497,6745222888165061244,gateway_calibration,sweep:anomaly_pair:shared_scenarios,389.8611954044272,95,753.666212845984,,,shared_all_anomaly_strengths,diffusion_coeff,3000.0
TR,0,498,8037702420921553958,gateway_calibration,sweep:anomaly_pair:shared_scenarios,677.7857904789272,122,753.666212845984,,,shared_all_anomaly_strengths,diffusion_coeff,3000.0
TR,0,499,3026982929224465183,gateway_calibration,sweep:anomaly_pair:shared_scenarios,591.7219272843275,115,753.666212845984,,,shared_all_anomaly_strengths,diffusion_coeff,3000.0
EIR,0,0,6942901201456939297,gateway_calibration,sweep:anomaly_pair:shared_scenarios,535.6184784983637,117,781.3186699662409,,,shared_all_anomaly_strengths,diffusion_coeff,3000.0
EIR,0,1,3707311459125033713,gateway_calibration,sweep:anomaly_pair:shared_scenarios,554.9260844158185,121,781.3186699662409,,,shared_all_anomaly_strengths,diffusion_coeff,3000.0
EIR,0,2,6525899029649517457,gateway_calibration,sweep:anomaly_pair:shared_scenarios,671.9161507551635,137,781.3186699662409,,,shared_all_anomaly_strengths,diffusion_coeff,3000.0
EIR,0,3,7579878600958796329,gateway_calibration,sweep:anomaly_pair:shared_scenarios,675.9713051204725,127,781.3186699662409,,,shared_all_anomaly_strengths,diffusion_coeff,3000.0
EIR,0,4,1995048182365014103,gateway_calibration,sweep:anomaly_pair:shared_scenarios,656.8189413490561,133,781.3186699662409,,,shared_all_anomaly_strengths,diffusion_coeff,3000.0
EIR,0,5,3295882431625053650,gateway_calibration,sweep:anomaly_pair:shared_scenarios,640.8528728313214,145,781.3186699662409,,,shared_all_anomaly_strengths,diffusion_coeff,3000.0
EIR,0,6,5854776044075552459,gateway_calibration,sweep:anomaly_pair:shared_scenarios,618.9440560175159,125,781.3186699662409,,,shared_all_anomaly_strengths,diffusion_coeff,3000.0
EIR,0,7,7709607086058877159,gateway_calibration,sweep:anomaly_pair:shared_scenarios,682.679481225561,127,781.3186699662409,,,shared_all_anomaly_strengths,diffusion_coeff,3000.0
EIR,0,8,1741592563361101750,gateway_calibration,sweep:anomaly_pair:shared_scenarios,468.259976774308,107,781.3186699662409,,,shared_all_anomaly_strengths,diffusion_coeff,3000.0
EIR,0,9,3282932482964655802,gateway_calibration,sweep:anomaly_pair:shared_scenarios,549.574471904107,114,781.3186699662409,,,shared_all_anomaly_strengths,diffusion_coeff,3000.0
EIR,0,10,1774785994864530756,gateway_calibration,sweep:anomaly_pair:shared_scenarios,650.7129260498144,126,781.3186699662409,,,shared_all_anomaly_strengths,diffusion_coeff,3000.0
EIR,0,11,8140464769652066346,gateway_calibration,sweep:anomaly_pair:shared_scenarios,617.9376555370698,131,781.3186699662409,,,shared_all_anomaly_strengths,diffusion_coeff,3000.0
EIR,0,12,1253555579543505935,gateway_calibration,sweep:anomaly_pair:shared_scenarios,604.7631172155445,127,781.3186699662409,,,shared_all_anomaly_strengths,diffusion_coeff,3000.0
EIR,0,13,7889622116667546826,gateway_calibration,sweep:anomaly_pair:shared_scenarios,672.2517871820604,130,781.3186699662409,,,shared_all_anomaly_strengths,diffusion_coeff,3000.0
EIR,0,14,2999731371178102042,gateway_calibration,sweep:anomaly_pair:shared_scenarios,788.0425418939267,138,781.3186699662409,,,shared_all_anomaly_strengths,diffusion_coeff,3000.0
EIR,0,15,3149132606532110017,gateway_calibration,sweep:anomaly_pair:shared_scenarios,651.5060469088048,128,781.3186699662409,,,shared_all_anomaly_strengths,diffusion_coeff,3000.0
EIR,0,16,5945166213153900620,gateway_calibration,sweep:anomaly_pair:shared_scenarios,491.2551781458238,101,781.3186699662409,,,shared_all_anomaly_strengths,diffusion_coeff,3000.0
EIR,0,17,8780635847486979818,gateway_calibration,sweep:anomaly_pair:shared_scenarios,574.7260420441933,110,781.3186699662409,,,shared_all_anomaly_strengths,diffusion_coeff,3000.0
EIR,0,18,977807179708126678,gateway_calibration,sweep:anomaly_pair:shared_scenarios,608.9727570387638,123,781.3186699662409,,,shared_all_anomaly_strengths,diffusion_coeff,3000.0
EIR,0,19,4758583958882270302,gateway_calibration,sweep:anomaly_pair:shared_scenarios,665.3152301718712,124,781.3186699662409,,,shared_all_anomaly_strengths,diffusion_coeff,3000.0
EIR,0,20,624488504525834361,gateway_calibration,sweep:anomaly_pair:shared_scenarios,523.6260363537941,109,781.3186699662409,,,shared_all_anomaly_strengths,diffusion_coeff,3000.0
EIR,0,21,9127488914970490212,gateway_calibration,sweep:anomaly_pair:shared_scenarios,488.02418016006635,108,781.3186699662409,,,shared_all_anomaly_strengths,diffusion_coeff,3000.0
EIR,0,22,3878214634024289995,gateway_calibration,sweep:anomaly_pair:shared_scenarios,743.8227662892285,128,781.3186699662409,,,shared_all_anomaly_strengths,diffusion_coeff,3000.0
EIR,0,23,3074434249601971096,gateway_calibration,sweep:anomaly_pair:shared_scenarios,512.9949451083157,111,781.3186699662409,,,shared_all_anomaly_strengths,diffusion_coeff,3000.0
EIR,0,24,3240386866293341253,gateway_calibration,sweep:anomaly_pair:shared_scenarios,602.6148339649508,116,781.3186699662409,,,shared_all_anomaly_strengths,diffusion_coeff,3000.0
EIR,0,25,6243332140314349343,gateway_calibration,sweep:anomaly_pair:shared_scenarios,761.933287058318,120,781.3186699662409,,,shared_all_anomaly_strengths,diffusion_coeff,3000.0
EIR,0,26,3868622807354924164,gateway_calibration,sweep:anomaly_pair:shared_scenarios,561.2067744381435,120,781.3186699662409,,,shared_all_anomaly_strengths,diffusion_coeff,3000.0
EIR,0,27,1718082128973198771,gateway_calibration,sweep:anomaly_pair:shared_scenarios,612.0136257974517,114,781.3186699662409,,,shared_all_anomaly_strengths,diffusion_coeff,3000.0
EIR,0,28,2704479796120479431,gateway_calibration,sweep:anomaly_pair:shared_scenarios,606.5924149550646,119,781.3186699662409,,,shared_all_anomaly_strengths,diffusion_coeff,3000.0
EIR,0,29,3697228631517816840,gateway_calibration,sweep:anomaly_pair:shared_scenarios,693.4743954030158,116,781.3186699662409,,,shared_all_anomaly_strengths,diffusion_coeff,3000.0
EIR,0,30,8820983848116756903,gateway_calibration,sweep:anomaly_pair:shared_scenarios,788.5568873202152,126,781.3186699662409,,,shared_all_anomaly_strengths,diffusion_coeff,3000.0
EIR,0,31,7643153808516479349,gateway_calibration,sweep:anomaly_pair:shared_scenarios,569.4730970623654,105,781.3186699662409,,,shared_all_anomaly_strengths,diffusion_coeff,3000.0
EIR,0,32,3795846149567597038,gateway_calibration,sweep:anomaly_pair:shared_scenarios,658.4994990173366,115,781.3186699662409,,,shared_all_anomaly_strengths,diffusion_coeff,3000.0
EIR,0,33,8760001566670653492,gateway_calibration,sweep:anomaly_pair:shared_scenarios,636.6914887648068,110,781.3186699662409,,,shared_all_anomaly_strengths,diffusion_coeff,3000.0
EIR,0,34,2744726624485914817,gateway_calibration,sweep:anomaly_pair:shared_scenarios,654.0517457693115,117,781.3186699662409,,,shared_all_anomaly_strengths,diffusion_coeff,3000.0
EIR,0,35,7310029771266914304,gateway_calibration,sweep:anomaly_pair:shared_scenarios,573.296430612174,118,781.3186699662409,,,shared_all_anomaly_strengths,diffusion_coeff,3000.0
EIR,0,36,8860427485777938866,gateway_calibration,sweep:anomaly_pair:shared_scenarios,753.1018437234075,135,781.3186699662409,,,shared_all_anomaly_strengths,diffusion_coeff,3000.0
EIR,0,37,8598656038562839224,gateway_calibration,sweep:anomaly_pair:shared_scenarios,577.3116227393946,122,781.3186699662409,,,shared_all_anomaly_strengths,diffusion_coeff,3000.0
EIR,0,38,8997019032754762713,gateway_calibration,sweep:anomaly_pair:shared_scenarios,634.8579678012206,109,781.3186699662409,,,shared_all_anomaly_strengths,diffusion_coeff,3000.0
EIR,0,39,4208817818748932462,gateway_calibration,sweep:anomaly_pair:shared_scenarios,638.6289165693686,124,781.3186699662409,,,shared_all_anomaly_strengths,diffusion_coeff,3000.0
EIR,0,40,6068242829919299090,gateway_calibration,sweep:anomaly_pair:shared_scenarios,707.7868606246769,112,781.3186699662409,,,shared_all_anomaly_strengths,diffusion_coeff,3000.0
EIR,0,41,4049042354117377146,gateway_calibration,sweep:anomaly_pair:shared_scenarios,510.83824652334556,129,781.3186699662409,,,shared_all_anomaly_strengths,diffusion_coeff,3000.0
EIR,0,42,5126773472074832949,gateway_calibration,sweep:anomaly_pair:shared_scenarios,577.6153243857399,120,781.3186699662409,,,shared_all_anomaly_strengths,diffusion_coeff,3000.0
EIR,0,43,6183996202129912428,gateway_calibration,sweep:anomaly_pair:shared_scenarios,575.7221645148067,113,781.3186699662409,,,shared_all_anomaly_strengths,diffusion_coeff,3000.0
EIR,0,44,5034920799087487164,gateway_calibration,sweep:anomaly_pair:shared_scenarios,646.5862870785447,137,781.3186699662409,,,shared_all_anomaly_strengths,diffusion_coeff,3000.0
EIR,0,45,5099780515566784822,gateway_calibration,sweep:anomaly_pair:shared_scenarios,700.9710200569538,118,781.3186699662409,,,shared_all_anomaly_strengths,diffusion_coeff,3000.0
EIR,0,46,3743304880928594782,gateway_calibration,sweep:anomaly_pair:shared_scenarios,615.6474086714865,119,781.3186699662409,,,shared_all_anomaly_strengths,diffusion_coeff,3000.0
EIR,0,47,7315397891830491094,gateway_calibration,sweep:anomaly_pair:shared_scenarios,676.6407924448016,114,781.3186699662409,,,shared_all_anomaly_strengths,diffusion_coeff,3000.0
EIR,0,48,2190007532852709612,gateway_calibration,sweep:anomaly_pair:shared_scenarios,705.837392512614,106,781.3186699662409,,,shared_all_anomaly_strengths,diffusion_coeff,3000.0
EIR,0,49,120834209760926409,gateway_calibration,sweep:anomaly_pair:shared_scenarios,624.7231739996425,129,781.3186699662409,,,shared_all_anomaly_strengths,diffusion_coeff,3000.0
EIR,0,50,3276339480421714797,gateway_calibration,sweep:anomaly_pair:shared_scenarios,801.9792847180305,145,781.3186699662409,,,shared_all_anomaly_strengths,diffusion_coeff,3000.0
EIR,0,51,7889239287137057542,gateway_calibration,sweep:anomaly_pair:shared_scenarios,701.1463904089272,118,781.3186699662409,,,shared_all_anomaly_strengths,diffusion_coeff,3000.0
EIR,0,52,3388785810564520190,gateway_calibration,sweep:anomaly_pair:shared_scenarios,607.1657838910205,124,781.3186699662409,,,shared_all_anomaly_strengths,diffusion_coeff,3000.0
EIR,0,53,5503237878395346684,gateway_calibration,sweep:anomaly_pair:shared_scenarios,469.0080406791371,106,781.3186699662409,,,shared_all_anomaly_strengths,diffusion_coeff,3000.0
EIR,0,54,5415491490608218996,gateway_calibration,sweep:anomaly_pair:shared_scenarios,601.8463775387573,117,781.3186699662409,,,shared_all_anomaly_strengths,diffusion_coeff,3000.0
EIR,0,55,26760604161946009,gateway_calibration,sweep:anomaly_pair:shared_scenarios,529.4917374577273,101,781.3186699662409,,,shared_all_anomaly_strengths,diffusion_coeff,3000.0
EIR,0,56,6830352398876445275,gateway_calibration,sweep:anomaly_pair:shared_scenarios,622.9709854416943,117,781.3186699662409,,,shared_all_anomaly_strengths,diffusion_coeff,3000.0
EIR,0,57,1406415348362794825,gateway_calibration,sweep:anomaly_pair:shared_scenarios,641.7937738931355,124,781.3186699662409,,,shared_all_anomaly_strengths,diffusion_coeff,3000.0
EIR,0,58,7701508260034706105,gateway_calibration,sweep:anomaly_pair:shared_scenarios,514.5494476801107,108,781.3186699662409,,,shared_all_anomaly_strengths,diffusion_coeff,3000.0
EIR,0,59,2711167823261115708,gateway_calibration,sweep:anomaly_pair:shared_scenarios,742.123324944342,139,781.3186699662409,,,shared_all_anomaly_strengths,diffusion_coeff,3000.0
EIR,0,60,3144340299977682071,gateway_calibration,sweep:anomaly_pair:shared_scenarios,729.0375983596982,115,781.3186699662409,,,shared_all_anomaly_strengths,diffusion_coeff,3000.0
EIR,0,61,6563400931778538780,gateway_calibration,sweep:anomaly_pair:shared_scenarios,697.6453087439558,109,781.3186699662409,,,shared_all_anomaly_strengths,diffusion_coeff,3000.0
EIR,0,62,2388043308876394469,gateway_calibration,sweep:anomaly_pair:shared_scenarios,627.9028346806223,131,781.3186699662409,,,shared_all_anomaly_strengths,diffusion_coeff,3000.0
EIR,0,63,6824789488425972207,gateway_calibration,sweep:anomaly_pair:shared_scenarios,531.935803391953,111,781.3186699662409,,,shared_all_anomaly_strengths,diffusion_coeff,3000.0
EIR,0,64,1401432086598941843,gateway_calibration,sweep:anomaly_pair:shared_scenarios,780.1664834321099,131,781.3186699662409,,,shared_all_anomaly_strengths,diffusion_coeff,3000.0
EIR,0,65,4672481713666300259,gateway_calibration,sweep:anomaly_pair:shared_scenarios,719.9886548611626,135,781.3186699662409,,,shared_all_anomaly_strengths,diffusion_coeff,3000.0
EIR,0,66,6903420366369478612,gateway_calibration,sweep:anomaly_pair:shared_scenarios,580.3577082330372,118,781.3186699662409,,,shared_all_anomaly_strengths,diffusion_coeff,3000.0
EIR,0,67,6898050963322559496,gateway_calibration,sweep:anomaly_pair:shared_scenarios,595.3411288383113,112,781.3186699662409,,,shared_all_anomaly_strengths,diffusion_coeff,3000.0
EIR,0,68,614393272824454916,gateway_calibration,sweep:anomaly_pair:shared_scenarios,633.6092631507028,133,781.3186699662409,,,shared_all_anomaly_strengths,diffusion_coeff,3000.0
EIR,0,69,672551910386015347,gateway_calibration,sweep:anomaly_pair:shared_scenarios,640.5260747929831,126,781.3186699662409,,,shared_all_anomaly_strengths,diffusion_coeff,3000.0
EIR,0,70,2982091152045645099,gateway_calibration,sweep:anomaly_pair:shared_scenarios,630.6956450966527,114,781.3186699662409,,,shared_all_anomaly_strengths,diffusion_coeff,3000.0
EIR,0,71,823492357614472977,gateway_calibration,sweep:anomaly_pair:shared_scenarios,775.6290291940636,141,781.3186699662409,,,shared_all_anomaly_strengths,diffusion_coeff,3000.0
EIR,0,72,4697794938409790858,gateway_calibration,sweep:anomaly_pair:shared_scenarios,611.0769366075633,122,781.3186699662409,,,shared_all_anomaly_strengths,diffusion_coeff,3000.0
EIR,0,73,6582019303472037237,gateway_calibration,sweep:anomaly_pair:shared_scenarios,650.7250096888351,111,781.3186699662409,,,shared_all_anomaly_strengths,diffusion_coeff,3000.0
EIR,0,74,300672792335245350,gateway_calibration,sweep:anomaly_pair:shared_scenarios,521.0671225751253,106,781.3186699662409,,,shared_all_anomaly_strengths,diffusion_coeff,3000.0
EIR,0,75,5751946339530838054,gateway_calibration,sweep:anomaly_pair:shared_scenarios,596.8751718137956,122,781.3186699662409,,,shared_all_anomaly_strengths,diffusion_coeff,3000.0
EIR,0,76,961439938750258285,gateway_calibration,sweep:anomaly_pair:shared_scenarios,785.3629825084652,121,781.3186699662409,,,shared_all_anomaly_strengths,diffusion_coeff,3000.0
EIR,0,77,3257887825763507863,gateway_calibration,sweep:anomaly_pair:shared_scenarios,695.3987730326008,130,781.3186699662409,,,shared_all_anomaly_strengths,diffusion_coeff,3000.0
EIR,0,78,8166365252455630432,gateway_calibration,sweep:anomaly_pair:shared_scenarios,645.1311913694252,121,781.3186699662409,,,shared_all_anomaly_strengths,diffusion_coeff,3000.0
EIR,0,79,2849578758725429319,gateway_calibration,sweep:anomaly_pair:shared_scenarios,624.8024659743954,117,781.3186699662409,,,shared_all_anomaly_strengths,diffusion_coeff,3000.0
EIR,0,80,5847011703168282323,gateway_calibration,sweep:anomaly_pair:shared_scenarios,733.0702330983264,134,781.3186699662409,,,shared_all_anomaly_strengths,diffusion_coeff,3000.0
EIR,0,81,7858864668525583430,gateway_calibration,sweep:anomaly_pair:shared_scenarios,486.8810426726848,98,781.3186699662409,,,shared_all_anomaly_strengths,diffusion_coeff,3000.0
EIR,0,82,268940495404723730,gateway_calibration,sweep:anomaly_pair:shared_scenarios,470.56151500098713,103,781.3186699662409,,,shared_all_anomaly_strengths,diffusion_coeff,3000.0
EIR,0,83,4400655767576069724,gateway_calibration,sweep:anomaly_pair:shared_scenarios,621.8784465936812,123,781.3186699662409,,,shared_all_anomaly_strengths,diffusion_coeff,3000.0
EIR,0,84,7359957410266699792,gateway_calibration,sweep:anomaly_pair:shared_scenarios,697.6877367119794,132,781.3186699662409,,,shared_all_anomaly_strengths,diffusion_coeff,3000.0
EIR,0,85,4731760846268061734,gateway_calibration,sweep:anomaly_pair:shared_scenarios,657.2992510841235,112,781.3186699662409,,,shared_all_anomaly_strengths,diffusion_coeff,3000.0
EIR,0,86,1992618809938800466,gateway_calibration,sweep:anomaly_pair:shared_scenarios,695.2360560325191,139,781.3186699662409,,,shared_all_anomaly_strengths,diffusion_coeff,3000.0
EIR,0,87,8403004296001441656,gateway_calibration,sweep:anomaly_pair:shared_scenarios,605.3624160247996,130,781.3186699662409,,,shared_all_anomaly_strengths,diffusion_coeff,3000.0
EIR,0,88,5944369264469843788,gateway_calibration,sweep:anomaly_pair:shared_scenarios,645.1582136718687,128,781.3186699662409,,,shared_all_anomaly_strengths,diffusion_coeff,3000.0
EIR,0,89,216637230108974742,gateway_calibration,sweep:anomaly_pair:shared_scenarios,755.7188798690653,127,781.3186699662409,,,shared_all_anomaly_strengths,diffusion_coeff,3000.0
EIR,0,90,896283027553350313,gateway_calibration,sweep:anomaly_pair:shared_scenarios,728.9449129025559,120,781.3186699662409,,,shared_all_anomaly_strengths,diffusion_coeff,3000.0
EIR,0,91,2129979059599230336,gateway_calibration,sweep:anomaly_pair:shared_scenarios,637.6561845185716,111,781.3186699662409,,,shared_all_anomaly_strengths,diffusion_coeff,3000.0
EIR,0,92,8440158530804782812,gateway_calibration,sweep:anomaly_pair:shared_scenarios,578.752616743594,119,781.3186699662409,,,shared_all_anomaly_strengths,diffusion_coeff,3000.0
EIR,0,93,2515105766560126937,gateway_calibration,sweep:anomaly_pair:shared_scenarios,661.9101160801923,123,781.3186699662409,,,shared_all_anomaly_strengths,diffusion_coeff,3000.0
EIR,0,94,7871536140642585085,gateway_calibration,sweep:anomaly_pair:shared_scenarios,583.1909520289005,114,781.3186699662409,,,shared_all_anomaly_strengths,diffusion_coeff,3000.0
EIR,0,95,5141400087580602088,gateway_calibration,sweep:anomaly_pair:shared_scenarios,570.7526249918833,118,781.3186699662409,,,shared_all_anomaly_strengths,diffusion_coeff,3000.0
EIR,0,96,8112959400662868633,gateway_calibration,sweep:anomaly_pair:shared_scenarios,563.2057557222258,118,781.3186699662409,,,shared_all_anomaly_strengths,diffusion_coeff,3000.0
EIR,0,97,1078891354826946508,gateway_calibration,sweep:anomaly_pair:shared_scenarios,532.9184524202091,111,781.3186699662409,,,shared_all_anomaly_strengths,diffusion_coeff,3000.0
EIR,0,98,2726858539062778841,gateway_calibration,sweep:anomaly_pair:shared_scenarios,696.0475323168579,107,781.3186699662409,,,shared_all_anomaly_strengths,diffusion_coeff,3000.0
EIR,0,99,4880208515358931166,gateway_calibration,sweep:anomaly_pair:shared_scenarios,546.9357833912684,114,781.3186699662409,,,shared_all_anomaly_strengths,diffusion_coeff,3000.0
EIR,0,100,9112943947571933379,gateway_calibration,sweep:anomaly_pair:shared_scenarios,668.2618270179806,116,781.3186699662409,,,shared_all_anomaly_strengths,diffusion_coeff,3000.0
EIR,0,101,4842620908627243129,gateway_calibration,sweep:anomaly_pair:shared_scenarios,665.2572262218906,124,781.3186699662409,,,shared_all_anomaly_strengths,diffusion_coeff,3000.0
EIR,0,102,9221364585446048791,gateway_calibration,sweep:anomaly_pair:shared_scenarios,724.7105042267287,131,781.3186699662409,,,shared_all_anomaly_strengths,diffusion_coeff,3000.0
EIR,0,103,3494744169553416929,gateway_calibration,sweep:anomaly_pair:shared_scenarios,707.239979137141,115,781.3186699662409,,,shared_all_anomaly_strengths,diffusion_coeff,3000.0
EIR,0,104,7233638741406416371,gateway_calibration,sweep:anomaly_pair:shared_scenarios,609.1586901493342,122,781.3186699662409,,,shared_all_anomaly_strengths,diffusion_coeff,3000.0
EIR,0,105,3641336694656935735,gateway_calibration,sweep:anomaly_pair:shared_scenarios,500.25973286379616,114,781.3186699662409,,,shared_all_anomaly_strengths,diffusion_coeff,3000.0
EIR,0,106,3835715673444251126,gateway_calibration,sweep:anomaly_pair:shared_scenarios,722.2790245540398,128,781.3186699662409,,,shared_all_anomaly_strengths,diffusion_coeff,3000.0
EIR,0,107,2714185319899586904,gateway_calibration,sweep:anomaly_pair:shared_scenarios,766.6788656913841,134,781.3186699662409,,,shared_all_anomaly_strengths,diffusion_coeff,3000.0
EIR,0,108,7065677078823521164,gateway_calibration,sweep:anomaly_pair:shared_scenarios,705.171967452326,135,781.3186699662409,,,shared_all_anomaly_strengths,diffusion_coeff,3000.0
EIR,0,109,1054405605846734754,gateway_calibration,sweep:anomaly_pair:shared_scenarios,689.0528202544663,126,781.3186699662409,,,shared_all_anomaly_strengths,diffusion_coeff,3000.0
EIR,0,110,2962441662239683096,gateway_calibration,sweep:anomaly_pair:shared_scenarios,780.7356819435838,132,781.3186699662409,,,shared_all_anomaly_strengths,diffusion_coeff,3000.0
EIR,0,111,4129263628419206857,gateway_calibration,sweep:anomaly_pair:shared_scenarios,863.6934887248028,114,781.3186699662409,,,shared_all_anomaly_strengths,diffusion_coeff,3000.0
EIR,0,112,1622360177596404131,gateway_calibration,sweep:anomaly_pair:shared_scenarios,482.4937327809975,98,781.3186699662409,,,shared_all_anomaly_strengths,diffusion_coeff,3000.0
EIR,0,113,2330463691884836340,gateway_calibration,sweep:anomaly_pair:shared_scenarios,699.5339181460016,145,781.3186699662409,,,shared_all_anomaly_strengths,diffusion_coeff,3000.0
EIR,0,114,2652712276700624970,gateway_calibration,sweep:anomaly_pair:shared_scenarios,566.7344217091689,113,781.3186699662409,,,shared_all_anomaly_strengths,diffusion_coeff,3000.0
EIR,0,115,6210151626445176008,gateway_calibration,sweep:anomaly_pair:shared_scenarios,688.2498627076765,123,781.3186699662409,,,shared_all_anomaly_strengths,diffusion_coeff,3000.0
EIR,0,116,5484880361464436307,gateway_calibration,sweep:anomaly_pair:shared_scenarios,570.3754529435333,115,781.3186699662409,,,shared_all_anomaly_strengths,diffusion_coeff,3000.0
EIR,0,117,9083936004600730053,gateway_calibration,sweep:anomaly_pair:shared_scenarios,642.4927498948347,127,781.3186699662409,,,shared_all_anomaly_strengths,diffusion_coeff,3000.0
EIR,0,118,7499139004400980353,gateway_calibration,sweep:anomaly_pair:shared_scenarios,675.2991358187011,131,781.3186699662409,,,shared_all_anomaly_strengths,diffusion_coeff,3000.0
EIR,0,119,426229976672197883,gateway_calibration,sweep:anomaly_pair:shared_scenarios,741.7688377447524,125,781.3186699662409,,,shared_all_anomaly_strengths,diffusion_coeff,3000.0
EIR,0,120,246508369912879822,gateway_calibration,sweep:anomaly_pair:shared_scenarios,719.5962681754714,147,781.3186699662409,,,shared_all_anomaly_strengths,diffusion_coeff,3000.0
EIR,0,121,2652398091327796019,gateway_calibration,sweep:anomaly_pair:shared_scenarios,479.7518105990399,112,781.3186699662409,,,shared_all_anomaly_strengths,diffusion_coeff,3000.0
EIR,0,122,5503532496059794744,gateway_calibration,sweep:anomaly_pair:shared_scenarios,586.4119806677938,114,781.3186699662409,,,shared_all_anomaly_strengths,diffusion_coeff,3000.0
EIR,0,123,8329007375693140607,gateway_calibration,sweep:anomaly_pair:shared_scenarios,624.6056780134153,135,781.3186699662409,,,shared_all_anomaly_strengths,diffusion_coeff,3000.0
EIR,0,124,4366984316536531468,gateway_calibration,sweep:anomaly_pair:shared_scenarios,632.207456946143,136,781.3186699662409,,,shared_all_anomaly_strengths,diffusion_coeff,3000.0
EIR,0,125,6198917521197951328,gateway_calibration,sweep:anomaly_pair:shared_scenarios,725.4152937547116,144,781.3186699662409,,,shared_all_anomaly_strengths,diffusion_coeff,3000.0
EIR,0,126,3901305802510177060,gateway_calibration,sweep:anomaly_pair:shared_scenarios,589.933840513172,122,781.3186699662409,,,shared_all_anomaly_strengths,diffusion_coeff,3000.0
EIR,0,127,3651935198066528014,gateway_calibration,sweep:anomaly_pair:shared_scenarios,567.1002485390555,115,781.3186699662409,,,shared_all_anomaly_strengths,diffusion_coeff,3000.0
EIR,0,128,3665222385996101800,gateway_calibration,sweep:anomaly_pair:shared_scenarios,673.1421068479362,125,781.3186699662409,,,shared_all_anomaly_strengths,diffusion_coeff,3000.0
EIR,0,129,3695450124233607618,gateway_calibration,sweep:anomaly_pair:shared_scenarios,673.4066548220362,125,781.3186699662409,,,shared_all_anomaly_strengths,diffusion_coeff,3000.0
EIR,0,130,4507573490889405567,gateway_calibration,sweep:anomaly_pair:shared_scenarios,739.1043670088604,116,781.3186699662409,,,shared_all_anomaly_strengths,diffusion_coeff,3000.0
EIR,0,131,6622006059011695217,gateway_calibration,sweep:anomaly_pair:shared_scenarios,698.8617856653856,130,781.3186699662409,,,shared_all_anomaly_strengths,diffusion_coeff,3000.0
EIR,0,132,1072149559379176970,gateway_calibration,sweep:anomaly_pair:shared_scenarios,544.297137415139,105,781.3186699662409,,,shared_all_anomaly_strengths,diffusion_coeff,3000.0
EIR,0,133,2236710786858836466,gateway_calibration,sweep:anomaly_pair:shared_scenarios,616.9537928970707,110,781.3186699662409,,,shared_all_anomaly_strengths,diffusion_coeff,3000.0
EIR,0,134,4061241335305450115,gateway_calibration,sweep:anomaly_pair:shared_scenarios,632.8862962108636,128,781.3186699662409,,,shared_all_anomaly_strengths,diffusion_coeff,3000.0
EIR,0,135,4458267631564501530,gateway_calibration,sweep:anomaly_pair:shared_scenarios,566.8525525681616,111,781.3186699662409,,,shared_all_anomaly_strengths,diffusion_coeff,3000.0
EIR,0,136,4602541395243770802,gateway_calibration,sweep:anomaly_pair:shared_scenarios,472.53724237103194,118,781.3186699662409,,,shared_all_anomaly_strengths,diffusion_coeff,3000.0
EIR,0,137,8154260143710516340,gateway_calibration,sweep:anomaly_pair:shared_scenarios,549.4095025184229,121,781.3186699662409,,,shared_all_anomaly_strengths,diffusion_coeff,3000.0
EIR,0,138,7114745814847013655,gateway_calibration,sweep:anomaly_pair:shared_scenarios,655.4194589835232,126,781.3186699662409,,,shared_all_anomaly_strengths,diffusion_coeff,3000.0
EIR,0,139,7504069718206669675,gateway_calibration,sweep:anomaly_pair:shared_scenarios,580.6838734687145,115,781.3186699662409,,,shared_all_anomaly_strengths,diffusion_coeff,3000.0
EIR,0,140,2484320023919988263,gateway_calibration,sweep:anomaly_pair:shared_scenarios,584.4833281062052,130,781.3186699662409,,,shared_all_anomaly_strengths,diffusion_coeff,3000.0
EIR,0,141,5967893154890299710,gateway_calibration,sweep:anomaly_pair:shared_scenarios,717.3248006004607,127,781.3186699662409,,,shared_all_anomaly_strengths,diffusion_coeff,3000.0
EIR,0,142,8551485174213736670,gateway_calibration,sweep:anomaly_pair:shared_scenarios,571.0528171068803,114,781.3186699662409,,,shared_all_anomaly_strengths,diffusion_coeff,3000.0
EIR,0,143,400428821000820213,gateway_calibration,sweep:anomaly_pair:shared_scenarios,657.8452887925431,123,781.3186699662409,,,shared_all_anomaly_strengths,diffusion_coeff,3000.0
EIR,0,144,4671208357574952400,gateway_calibration,sweep:anomaly_pair:shared_scenarios,569.221898120172,112,781.3186699662409,,,shared_all_anomaly_strengths,diffusion_coeff,3000.0
EIR,0,145,2717424151482641221,gateway_calibration,sweep:anomaly_pair:shared_scenarios,689.0262536154994,140,781.3186699662409,,,shared_all_anomaly_strengths,diffusion_coeff,3000.0
EIR,0,146,7103388310734235320,gateway_calibration,sweep:anomaly_pair:shared_scenarios,732.0875526896666,127,781.3186699662409,,,shared_all_anomaly_strengths,diffusion_coeff,3000.0
EIR,0,147,6613689040717774173,gateway_calibration,sweep:anomaly_pair:shared_scenarios,669.9200605065503,135,781.3186699662409,,,shared_all_anomaly_strengths,diffusion_coeff,3000.0
EIR,0,148,3013865715162790417,gateway_calibration,sweep:anomaly_pair:shared_scenarios,594.4418486104024,129,781.3186699662409,,,shared_all_anomaly_strengths,diffusion_coeff,3000.0
EIR,0,149,5411062845189856806,gateway_calibration,sweep:anomaly_pair:shared_scenarios,539.5120752406132,114,781.3186699662409,,,shared_all_anomaly_strengths,diffusion_coeff,3000.0
EIR,0,150,753526066345137121,gateway_calibration,sweep:anomaly_pair:shared_scenarios,466.7497991634275,110,781.3186699662409,,,shared_all_anomaly_strengths,diffusion_coeff,3000.0
EIR,0,151,5517788874787541446,gateway_calibration,sweep:anomaly_pair:shared_scenarios,745.4400401106544,116,781.3186699662409,,,shared_all_anomaly_strengths,diffusion_coeff,3000.0
EIR,0,152,3012173983135274094,gateway_calibration,sweep:anomaly_pair:shared_scenarios,583.1057359444126,146,781.3186699662409,,,shared_all_anomaly_strengths,diffusion_coeff,3000.0
EIR,0,153,7525768142714343326,gateway_calibration,sweep:anomaly_pair:shared_scenarios,606.6718085706267,125,781.3186699662409,,,shared_all_anomaly_strengths,diffusion_coeff,3000.0
EIR,0,154,5795757086317543101,gateway_calibration,sweep:anomaly_pair:shared_scenarios,617.6734680959247,103,781.3186699662409,,,shared_all_anomaly_strengths,diffusion_coeff,3000.0
EIR,0,155,1489560090090177220,gateway_calibration,sweep:anomaly_pair:shared_scenarios,728.4849676948663,131,781.3186699662409,,,shared_all_anomaly_strengths,diffusion_coeff,3000.0
EIR,0,156,5650023223194757707,gateway_calibration,sweep:anomaly_pair:shared_scenarios,671.9126012338306,122,781.3186699662409,,,shared_all_anomaly_strengths,diffusion_coeff,3000.0
EIR,0,157,9095396682315926676,gateway_calibration,sweep:anomaly_pair:shared_scenarios,679.2522075719996,130,781.3186699662409,,,shared_all_anomaly_strengths,diffusion_coeff,3000.0
EIR,0,158,3646421855625731332,gateway_calibration,sweep:anomaly_pair:shared_scenarios,576.5395345597775,119,781.3186699662409,,,shared_all_anomaly_strengths,diffusion_coeff,3000.0
EIR,0,159,2731180400104840963,gateway_calibration,sweep:anomaly_pair:shared_scenarios,641.3000150350206,123,781.3186699662409,,,shared_all_anomaly_strengths,diffusion_coeff,3000.0
EIR,0,160,6525253475390859142,gateway_calibration,sweep:anomaly_pair:shared_scenarios,813.4305079336333,128,781.3186699662409,,,shared_all_anomaly_strengths,diffusion_coeff,3000.0
EIR,0,161,5342702562007933787,gateway_calibration,sweep:anomaly_pair:shared_scenarios,610.243366912561,129,781.3186699662409,,,shared_all_anomaly_strengths,diffusion_coeff,3000.0
EIR,0,162,1696163523599298321,gateway_calibration,sweep:anomaly_pair:shared_scenarios,671.8643816039731,117,781.3186699662409,,,shared_all_anomaly_strengths,diffusion_coeff,3000.0
EIR,0,163,3743667071636317329,gateway_calibration,sweep:anomaly_pair:shared_scenarios,740.6247607009053,138,781.3186699662409,,,shared_all_anomaly_strengths,diffusion_coeff,3000.0
EIR,0,164,1703215274657857080,gateway_calibration,sweep:anomaly_pair:shared_scenarios,697.2743142360429,123,781.3186699662409,,,shared_all_anomaly_strengths,diffusion_coeff,3000.0
EIR,0,165,3749419661803877216,gateway_calibration,sweep:anomaly_pair:shared_scenarios,687.3047973483586,126,781.3186699662409,,,shared_all_anomaly_strengths,diffusion_coeff,3000.0
EIR,0,166,1022849663340299120,gateway_calibration,sweep:anomaly_pair:shared_scenarios,585.3804472769065,117,781.3186699662409,,,shared_all_anomaly_strengths,diffusion_coeff,3000.0
EIR,0,167,812573164251080741,gateway_calibration,sweep:anomaly_pair:shared_scenarios,652.4212693838888,128,781.3186699662409,,,shared_all_anomaly_strengths,diffusion_coeff,3000.0
EIR,0,168,9181789161802016476,gateway_calibration,sweep:anomaly_pair:shared_scenarios,515.9239235549969,111,781.3186699662409,,,shared_all_anomaly_strengths,diffusion_coeff,3000.0
EIR,0,169,41852731993844740,gateway_calibration,sweep:anomaly_pair:shared_scenarios,592.171682664571,124,781.3186699662409,,,shared_all_anomaly_strengths,diffusion_coeff,3000.0
EIR,0,170,2160723943465049599,gateway_calibration,sweep:anomaly_pair:shared_scenarios,589.8303436449123,117,781.3186699662409,,,shared_all_anomaly_strengths,diffusion_coeff,3000.0
EIR,0,171,4956274529951239709,gateway_calibration,sweep:anomaly_pair:shared_scenarios,711.7588406208696,125,781.3186699662409,,,shared_all_anomaly_strengths,diffusion_coeff,3000.0
EIR,0,172,6793317195616864064,gateway_calibration,sweep:anomaly_pair:shared_scenarios,783.8176006147307,120,781.3186699662409,,,shared_all_anomaly_strengths,diffusion_coeff,3000.0
EIR,0,173,4303638152728383403,gateway_calibration,sweep:anomaly_pair:shared_scenarios,611.8960186111364,102,781.3186699662409,,,shared_all_anomaly_strengths,diffusion_coeff,3000.0
EIR,0,174,7314201943706610406,gateway_calibration,sweep:anomaly_pair:shared_scenarios,585.4945182500757,130,781.3186699662409,,,shared_all_anomaly_strengths,diffusion_coeff,3000.0
EIR,0,175,1512635151930618621,gateway_calibration,sweep:anomaly_pair:shared_scenarios,682.2358355451062,114,781.3186699662409,,,shared_all_anomaly_strengths,diffusion_coeff,3000.0
EIR,0,176,8308315004410766501,gateway_calibration,sweep:anomaly_pair:shared_scenarios,662.7948048320872,118,781.3186699662409,,,shared_all_anomaly_strengths,diffusion_coeff,3000.0
EIR,0,177,8366281085404403237,gateway_calibration,sweep:anomaly_pair:shared_scenarios,541.2326101620907,120,781.3186699662409,,,shared_all_anomaly_strengths,diffusion_coeff,3000.0
EIR,0,178,3431044729523368993,gateway_calibration,sweep:anomaly_pair:shared_scenarios,623.2971132973415,128,781.3186699662409,,,shared_all_anomaly_strengths,diffusion_coeff,3000.0
EIR,0,179,2007998228956077302,gateway_calibration,sweep:anomaly_pair:shared_scenarios,858.6433581446147,134,781.3186699662409,,,shared_all_anomaly_strengths,diffusion_coeff,3000.0
EIR,0,180,8751753062912985555,gateway_calibration,sweep:anomaly_pair:shared_scenarios,804.1425594040115,129,781.3186699662409,,,shared_all_anomaly_strengths,diffusion_coeff,3000.0
EIR,0,181,6021098798304103526,gateway_calibration,sweep:anomaly_pair:shared_scenarios,545.4457864092745,128,781.3186699662409,,,shared_all_anomaly_strengths,diffusion_coeff,3000.0
EIR,0,182,6935358694610535876,gateway_calibration,sweep:anomaly_pair:shared_scenarios,647.7367511578155,132,781.3186699662409,,,shared_all_anomaly_strengths,diffusion_coeff,3000.0
EIR,0,183,8750411618794352639,gateway_calibration,sweep:anomaly_pair:shared_scenarios,495.3352578954467,100,781.3186699662409,,,shared_all_anomaly_strengths,diffusion_coeff,3000.0
EIR,0,184,5456778154641903347,gateway_calibration,sweep:anomaly_pair:shared_scenarios,523.5794748344344,110,781.3186699662409,,,shared_all_anomaly_strengths,diffusion_coeff,3000.0
EIR,0,185,1287740648467288647,gateway_calibration,sweep:anomaly_pair:shared_scenarios,509.92558968305127,104,781.3186699662409,,,shared_all_anomaly_strengths,diffusion_coeff,3000.0
EIR,0,186,5407093370613870835,gateway_calibration,sweep:anomaly_pair:shared_scenarios,644.5978846661444,128,781.3186699662409,,,shared_all_anomaly_strengths,diffusion_coeff,3000.0
EIR,0,187,3818214081160493,gateway_calibration,sweep:anomaly_pair:shared_scenarios,593.3184309179957,130,781.3186699662409,,,shared_all_anomaly_strengths,diffusion_coeff,3000.0
EIR,0,188,4306571545613910018,gateway_calibration,sweep:anomaly_pair:shared_scenarios,544.8017831427895,109,781.3186699662409,,,shared_all_anomaly_strengths,diffusion_coeff,3000.0
EIR,0,189,1959307662180969903,gateway_calibration,sweep:anomaly_pair:shared_scenarios,616.42483725206,128,781.3186699662409,,,shared_all_anomaly_strengths,diffusion_coeff,3000.0
EIR,0,190,4992208587719153238,gateway_calibration,sweep:anomaly_pair:shared_scenarios,629.1212034869968,124,781.3186699662409,,,shared_all_anomaly_strengths,diffusion_coeff,3000.0
EIR,0,191,5365441848557421041,gateway_calibration,sweep:anomaly_pair:shared_scenarios,609.7313015291476,141,781.3186699662409,,,shared_all_anomaly_strengths,diffusion_coeff,3000.0
EIR,0,192,1408715418700674555,gateway_calibration,sweep:anomaly_pair:shared_scenarios,786.3622958118433,129,781.3186699662409,,,shared_all_anomaly_strengths,diffusion_coeff,3000.0
EIR,0,193,8108843531229667530,gateway_calibration,sweep:anomaly_pair:shared_scenarios,741.6435547378275,119,781.3186699662409,,,shared_all_anomaly_strengths,diffusion_coeff,3000.0
EIR,0,194,5355952040063825204,gateway_calibration,sweep:anomaly_pair:shared_scenarios,582.5228113266666,106,781.3186699662409,,,shared_all_anomaly_strengths,diffusion_coeff,3000.0
EIR,0,195,3749598425399707804,gateway_calibration,sweep:anomaly_pair:shared_scenarios,697.9023034735134,139,781.3186699662409,,,shared_all_anomaly_strengths,diffusion_coeff,3000.0
EIR,0,196,2149480101104034459,gateway_calibration,sweep:anomaly_pair:shared_scenarios,673.6735843151465,119,781.3186699662409,,,shared_all_anomaly_strengths,diffusion_coeff,3000.0
EIR,0,197,2249485913525693031,gateway_calibration,sweep:anomaly_pair:shared_scenarios,648.9471495799877,136,781.3186699662409,,,shared_all_anomaly_strengths,diffusion_coeff,3000.0
EIR,0,198,7943041684628071969,gateway_calibration,sweep:anomaly_pair:shared_scenarios,637.4150838104606,120,781.3186699662409,,,shared_all_anomaly_strengths,diffusion_coeff,3000.0
EIR,0,199,5498905627511140374,gateway_calibration,sweep:anomaly_pair:shared_scenarios,713.8635116669772,145,781.3186699662409,,,shared_all_anomaly_strengths,diffusion_coeff,3000.0
EIR,0,200,3602637090699499683,gateway_calibration,sweep:anomaly_pair:shared_scenarios,718.066466631803,122,781.3186699662409,,,shared_all_anomaly_strengths,diffusion_coeff,3000.0
EIR,0,201,7286351669153130392,gateway_calibration,sweep:anomaly_pair:shared_scenarios,689.8871515120888,130,781.3186699662409,,,shared_all_anomaly_strengths,diffusion_coeff,3000.0
EIR,0,202,3191901830673673490,gateway_calibration,sweep:anomaly_pair:shared_scenarios,625.5788870019403,126,781.3186699662409,,,shared_all_anomaly_strengths,diffusion_coeff,3000.0
EIR,0,203,8524659376700415706,gateway_calibration,sweep:anomaly_pair:shared_scenarios,678.6208039291162,132,781.3186699662409,,,shared_all_anomaly_strengths,diffusion_coeff,3000.0
EIR,0,204,6349588482576067091,gateway_calibration,sweep:anomaly_pair:shared_scenarios,737.0587809447823,137,781.3186699662409,,,shared_all_anomaly_strengths,diffusion_coeff,3000.0
EIR,0,205,7988033359410408816,gateway_calibration,sweep:anomaly_pair:shared_scenarios,610.6054512585738,119,781.3186699662409,,,shared_all_anomaly_strengths,diffusion_coeff,3000.0
EIR,0,206,8515216027005570369,gateway_calibration,sweep:anomaly_pair:shared_scenarios,599.5881071387699,109,781.3186699662409,,,shared_all_anomaly_strengths,diffusion_coeff,3000.0
EIR,0,207,6416540730684243514,gateway_calibration,sweep:anomaly_pair:shared_scenarios,588.8641082600092,119,781.3186699662409,,,shared_all_anomaly_strengths,diffusion_coeff,3000.0
EIR,0,208,602517514173483864,gateway_calibration,sweep:anomaly_pair:shared_scenarios,625.0359561014326,126,781.3186699662409,,,shared_all_anomaly_strengths,diffusion_coeff,3000.0
EIR,0,209,3465670740941638925,gateway_calibration,sweep:anomaly_pair:shared_scenarios,787.5220963015717,136,781.3186699662409,,,shared_all_anomaly_strengths,diffusion_coeff,3000.0
EIR,0,210,3944025305726431335,gateway_calibration,sweep:anomaly_pair:shared_scenarios,689.3365799696553,132,781.3186699662409,,,shared_all_anomaly_strengths,diffusion_coeff,3000.0
EIR,0,211,2339277267613070629,gateway_calibration,sweep:anomaly_pair:shared_scenarios,592.4343035284148,124,781.3186699662409,,,shared_all_anomaly_strengths,diffusion_coeff,3000.0
EIR,0,212,7600535093870098984,gateway_calibration,sweep:anomaly_pair:shared_scenarios,643.6129699218369,133,781.3186699662409,,,shared_all_anomaly_strengths,diffusion_coeff,3000.0
EIR,0,213,3861443108061582389,gateway_calibration,sweep:anomaly_pair:shared_scenarios,566.1519660406482,124,781.3186699662409,,,shared_all_anomaly_strengths,diffusion_coeff,3000.0
EIR,0,214,3250073084552866822,gateway_calibration,sweep:anomaly_pair:shared_scenarios,680.3736748549021,135,781.3186699662409,,,shared_all_anomaly_strengths,diffusion_coeff,3000.0
EIR,0,215,8591855540292640479,gateway_calibration,sweep:anomaly_pair:shared_scenarios,723.172878874227,130,781.3186699662409,,,shared_all_anomaly_strengths,diffusion_coeff,3000.0
EIR,0,216,3408653263756247515,gateway_calibration,sweep:anomaly_pair:shared_scenarios,610.287015914939,120,781.3186699662409,,,shared_all_anomaly_strengths,diffusion_coeff,3000.0
EIR,0,217,2181672054838164337,gateway_calibration,sweep:anomaly_pair:shared_scenarios,624.7074824475353,113,781.3186699662409,,,shared_all_anomaly_strengths,diffusion_coeff,3000.0
EIR,0,218,1689637169394222035,gateway_calibration,sweep:anomaly_pair:shared_scenarios,644.5923773996868,132,781.3186699662409,,,shared_all_anomaly_strengths,diffusion_coeff,3000.0
EIR,0,219,5046962185951232574,gateway_calibration,sweep:anomaly_pair:shared_scenarios,713.3320772628273,128,781.3186699662409,,,shared_all_anomaly_strengths,diffusion_coeff,3000.0
EIR,0,220,9018680245675993190,gateway_calibration,sweep:anomaly_pair:shared_scenarios,716.9375497605821,124,781.3186699662409,,,shared_all_anomaly_strengths,diffusion_coeff,3000.0
EIR,0,221,8785852485249820827,gateway_calibration,sweep:anomaly_pair:shared_scenarios,891.4313377429604,135,781.3186699662409,,,shared_all_anomaly_strengths,diffusion_coeff,3000.0
EIR,0,222,34609839810900876,gateway_calibration,sweep:anomaly_pair:shared_scenarios,587.2329637527899,116,781.3186699662409,,,shared_all_anomaly_strengths,diffusion_coeff,3000.0
EIR,0,223,4892593663520200719,gateway_calibration,sweep:anomaly_pair:shared_scenarios,913.1976561597969,136,781.3186699662409,,,shared_all_anomaly_strengths,diffusion_coeff,3000.0
EIR,0,224,1595203616003947553,gateway_calibration,sweep:anomaly_pair:shared_scenarios,687.2701298209008,121,781.3186699662409,,,shared_all_anomaly_strengths,diffusion_coeff,3000.0
EIR,0,225,7424048805208454819,gateway_calibration,sweep:anomaly_pair:shared_scenarios,455.5654864859515,87,781.3186699662409,,,shared_all_anomaly_strengths,diffusion_coeff,3000.0
EIR,0,226,2920126023839666219,gateway_calibration,sweep:anomaly_pair:shared_scenarios,649.199021276939,118,781.3186699662409,,,shared_all_anomaly_strengths,diffusion_coeff,3000.0
EIR,0,227,382931740595247515,gateway_calibration,sweep:anomaly_pair:shared_scenarios,632.6490187271781,122,781.3186699662409,,,shared_all_anomaly_strengths,diffusion_coeff,3000.0
EIR,0,228,8014502905414229746,gateway_calibration,sweep:anomaly_pair:shared_scenarios,744.459355505702,124,781.3186699662409,,,shared_all_anomaly_strengths,diffusion_coeff,3000.0
EIR,0,229,4743279688235879997,gateway_calibration,sweep:anomaly_pair:shared_scenarios,586.8466385573363,107,781.3186699662409,,,shared_all_anomaly_strengths,diffusion_coeff,3000.0
EIR,0,230,1572592790386553068,gateway_calibration,sweep:anomaly_pair:shared_scenarios,510.8379835189776,97,781.3186699662409,,,shared_all_anomaly_strengths,diffusion_coeff,3000.0
EIR,0,231,6252360334841237253,gateway_calibration,sweep:anomaly_pair:shared_scenarios,765.3813179593045,123,781.3186699662409,,,shared_all_anomaly_strengths,diffusion_coeff,3000.0
EIR,0,232,6969017964403244413,gateway_calibration,sweep:anomaly_pair:shared_scenarios,706.8741935417307,139,781.3186699662409,,,shared_all_anomaly_strengths,diffusion_coeff,3000.0
EIR,0,233,1610212804197154449,gateway_calibration,sweep:anomaly_pair:shared_scenarios,800.202298971318,131,781.3186699662409,,,shared_all_anomaly_strengths,diffusion_coeff,3000.0
EIR,0,234,6647587057665530600,gateway_calibration,sweep:anomaly_pair:shared_scenarios,601.5448859822717,118,781.3186699662409,,,shared_all_anomaly_strengths,diffusion_coeff,3000.0
EIR,0,235,3531987962649334536,gateway_calibration,sweep:anomaly_pair:shared_scenarios,625.0480233095024,120,781.3186699662409,,,shared_all_anomaly_strengths,diffusion_coeff,3000.0
EIR,0,236,6609225715223448195,gateway_calibration,sweep:anomaly_pair:shared_scenarios,661.1136804455116,132,781.3186699662409,,,shared_all_anomaly_strengths,diffusion_coeff,3000.0
EIR,0,237,6784175964849256680,gateway_calibration,sweep:anomaly_pair:shared_scenarios,579.989977848329,115,781.3186699662409,,,shared_all_anomaly_strengths,diffusion_coeff,3000.0
EIR,0,238,771076435409536658,gateway_calibration,sweep:anomaly_pair:shared_scenarios,580.3235978150503,124,781.3186699662409,,,shared_all_anomaly_strengths,diffusion_coeff,3000.0
EIR,0,239,1557660180791943490,gateway_calibration,sweep:anomaly_pair:shared_scenarios,500.2727790295967,117,781.3186699662409,,,shared_all_anomaly_strengths,diffusion_coeff,3000.0
EIR,0,240,8213476521277927481,gateway_calibration,sweep:anomaly_pair:shared_scenarios,782.2553359970974,133,781.3186699662409,,,shared_all_anomaly_strengths,diffusion_coeff,3000.0
EIR,0,241,2142536073008782941,gateway_calibration,sweep:anomaly_pair:shared_scenarios,577.5167727218668,134,781.3186699662409,,,shared_all_anomaly_strengths,diffusion_coeff,3000.0
EIR,0,242,972861009822655055,gateway_calibration,sweep:anomaly_pair:shared_scenarios,652.7940937016515,109,781.3186699662409,,,shared_all_anomaly_strengths,diffusion_coeff,3000.0
EIR,0,243,7555691644283107163,gateway_calibration,sweep:anomaly_pair:shared_scenarios,803.1260225860201,120,781.3186699662409,,,shared_all_anomaly_strengths,diffusion_coeff,3000.0
EIR,0,244,3765971885569387299,gateway_calibration,sweep:anomaly_pair:shared_scenarios,617.8665877862244,116,781.3186699662409,,,shared_all_anomaly_strengths,diffusion_coeff,3000.0
EIR,0,245,5592160503430992696,gateway_calibration,sweep:anomaly_pair:shared_scenarios,517.288464422012,109,781.3186699662409,,,shared_all_anomaly_strengths,diffusion_coeff,3000.0
EIR,0,246,1478843254938813623,gateway_calibration,sweep:anomaly_pair:shared_scenarios,528.3043678055924,102,781.3186699662409,,,shared_all_anomaly_strengths,diffusion_coeff,3000.0
EIR,0,247,1942727857375669376,gateway_calibration,sweep:anomaly_pair:shared_scenarios,582.5513083127654,121,781.3186699662409,,,shared_all_anomaly_strengths,diffusion_coeff,3000.0
EIR,0,248,8887415122826351358,gateway_calibration,sweep:anomaly_pair:shared_scenarios,854.9095014000942,147,781.3186699662409,,,shared_all_anomaly_strengths,diffusion_coeff,3000.0
EIR,0,249,4016396015928191167,gateway_calibration,sweep:anomaly_pair:shared_scenarios,661.6122766911483,119,781.3186699662409,,,shared_all_anomaly_strengths,diffusion_coeff,3000.0
EIR,0,250,545721072604639066,gateway_calibration,sweep:anomaly_pair:shared_scenarios,565.7671437737027,131,781.3186699662409,,,shared_all_anomaly_strengths,diffusion_coeff,3000.0
EIR,0,251,5849536730748012463,gateway_calibration,sweep:anomaly_pair:shared_scenarios,605.2623240174403,127,781.3186699662409,,,shared_all_anomaly_strengths,diffusion_coeff,3000.0
EIR,0,252,1771686267565403887,gateway_calibration,sweep:anomaly_pair:shared_scenarios,663.2673156227644,120,781.3186699662409,,,shared_all_anomaly_strengths,diffusion_coeff,3000.0
EIR,0,253,527015852999154159,gateway_calibration,sweep:anomaly_pair:shared_scenarios,678.0142366747978,119,781.3186699662409,,,shared_all_anomaly_strengths,diffusion_coeff,3000.0
EIR,0,254,795232045204162150,gateway_calibration,sweep:anomaly_pair:shared_scenarios,459.7030720885369,109,781.3186699662409,,,shared_all_anomaly_strengths,diffusion_coeff,3000.0
EIR,0,255,2003186406057830921,gateway_calibration,sweep:anomaly_pair:shared_scenarios,632.3996281124236,125,781.3186699662409,,,shared_all_anomaly_strengths,diffusion_coeff,3000.0
EIR,0,256,6455722452370991548,gateway_calibration,sweep:anomaly_pair:shared_scenarios,534.5372647196177,111,781.3186699662409,,,shared_all_anomaly_strengths,diffusion_coeff,3000.0
EIR,0,257,3067394350402456365,gateway_calibration,sweep:anomaly_pair:shared_scenarios,574.4738435232291,107,781.3186699662409,,,shared_all_anomaly_strengths,diffusion_coeff,3000.0
EIR,0,258,6475421966152866023,gateway_calibration,sweep:anomaly_pair:shared_scenarios,637.8186707438189,137,781.3186699662409,,,shared_all_anomaly_strengths,diffusion_coeff,3000.0
EIR,0,259,3761046985503647801,gateway_calibration,sweep:anomaly_pair:shared_scenarios,520.7276261007657,102,781.3186699662409,,,shared_all_anomaly_strengths,diffusion_coeff,3000.0
EIR,0,260,2385970463494678191,gateway_calibration,sweep:anomaly_pair:shared_scenarios,706.2409108411679,135,781.3186699662409,,,shared_all_anomaly_strengths,diffusion_coeff,3000.0
EIR,0,261,5183448992162080607,gateway_calibration,sweep:anomaly_pair:shared_scenarios,620.2773027860419,115,781.3186699662409,,,shared_all_anomaly_strengths,diffusion_coeff,3000.0
EIR,0,262,6268266913998342604,gateway_calibration,sweep:anomaly_pair:shared_scenarios,666.7057915744102,133,781.3186699662409,,,shared_all_anomaly_strengths,diffusion_coeff,3000.0
EIR,0,263,21012256327926221,gateway_calibration,sweep:anomaly_pair:shared_scenarios,635.3160676247478,118,781.3186699662409,,,shared_all_anomaly_strengths,diffusion_coeff,3000.0
EIR,0,264,4109767241554258606,gateway_calibration,sweep:anomaly_pair:shared_scenarios,695.3355218977202,146,781.3186699662409,,,shared_all_anomaly_strengths,diffusion_coeff,3000.0
EIR,0,265,4959424012684389745,gateway_calibration,sweep:anomaly_pair:shared_scenarios,650.3779215709161,130,781.3186699662409,,,shared_all_anomaly_strengths,diffusion_coeff,3000.0
EIR,0,266,7451109072791456209,gateway_calibration,sweep:anomaly_pair:shared_scenarios,618.1226887527612,127,781.3186699662409,,,shared_all_anomaly_strengths,diffusion_coeff,3000.0
EIR,0,267,8054500674269120968,gateway_calibration,sweep:anomaly_pair:shared_scenarios,653.4497025756215,132,781.3186699662409,,,shared_all_anomaly_strengths,diffusion_coeff,3000.0
EIR,0,268,5331532706382194712,gateway_calibration,sweep:anomaly_pair:shared_scenarios,731.0505109528635,138,781.3186699662409,,,shared_all_anomaly_strengths,diffusion_coeff,3000.0
EIR,0,269,841203630616903155,gateway_calibration,sweep:anomaly_pair:shared_scenarios,706.82899763252,121,781.3186699662409,,,shared_all_anomaly_strengths,diffusion_coeff,3000.0
EIR,0,270,4066905452799334610,gateway_calibration,sweep:anomaly_pair:shared_scenarios,749.3763121723144,135,781.3186699662409,,,shared_all_anomaly_strengths,diffusion_coeff,3000.0
EIR,0,271,9150950453982994658,gateway_calibration,sweep:anomaly_pair:shared_scenarios,521.3167518345209,111,781.3186699662409,,,shared_all_anomaly_strengths,diffusion_coeff,3000.0
EIR,0,272,6119393693526968570,gateway_calibration,sweep:anomaly_pair:shared_scenarios,610.5622090105496,113,781.3186699662409,,,shared_all_anomaly_strengths,diffusion_coeff,3000.0
EIR,0,273,1347105042981981039,gateway_calibration,sweep:anomaly_pair:shared_scenarios,658.2475920120537,147,781.3186699662409,,,shared_all_anomaly_strengths,diffusion_coeff,3000.0
EIR,0,274,8911832980425435268,gateway_calibration,sweep:anomaly_pair:shared_scenarios,770.6910758168577,129,781.3186699662409,,,shared_all_anomaly_strengths,diffusion_coeff,3000.0
EIR,0,275,5843722553093405471,gateway_calibration,sweep:anomaly_pair:shared_scenarios,620.8085032076766,123,781.3186699662409,,,shared_all_anomaly_strengths,diffusion_coeff,3000.0
EIR,0,276,3354555160635420741,gateway_calibration,sweep:anomaly_pair:shared_scenarios,508.6217579403982,114,781.3186699662409,,,shared_all_anomaly_strengths,diffusion_coeff,3000.0
EIR,0,277,688745337611783334,gateway_calibration,sweep:anomaly_pair:shared_scenarios,633.9092287707211,136,781.3186699662409,,,shared_all_anomaly_strengths,diffusion_coeff,3000.0
EIR,0,278,219363152796672916,gateway_calibration,sweep:anomaly_pair:shared_scenarios,693.6994611096801,123,781.3186699662409,,,shared_all_anomaly_strengths,diffusion_coeff,3000.0
EIR,0,279,373686025269973233,gateway_calibration,sweep:anomaly_pair:shared_scenarios,689.931777694607,116,781.3186699662409,,,shared_all_anomaly_strengths,diffusion_coeff,3000.0
EIR,0,280,5610514536613434387,gateway_calibration,sweep:anomaly_pair:shared_scenarios,780.6827459442713,132,781.3186699662409,,,shared_all_anomaly_strengths,diffusion_coeff,3000.0
EIR,0,281,4171514933633241565,gateway_calibration,sweep:anomaly_pair:shared_scenarios,593.2434418469724,128,781.3186699662409,,,shared_all_anomaly_strengths,diffusion_coeff,3000.0
EIR,0,282,4861498392405652878,gateway_calibration,sweep:anomaly_pair:shared_scenarios,572.2819363410881,112,781.3186699662409,,,shared_all_anomaly_strengths,diffusion_coeff,3000.0
EIR,0,283,8572809235512946288,gateway_calibration,sweep:anomaly_pair:shared_scenarios,718.7585600070877,129,781.3186699662409,,,shared_all_anomaly_strengths,diffusion_coeff,3000.0
EIR,0,284,8187471053016651709,gateway_calibration,sweep:anomaly_pair:shared_scenarios,662.9440338359826,119,781.3186699662409,,,shared_all_anomaly_strengths,diffusion_coeff,3000.0
EIR,0,285,8839651195694762440,gateway_calibration,sweep:anomaly_pair:shared_scenarios,531.6059489360857,111,781.3186699662409,,,shared_all_anomaly_strengths,diffusion_coeff,3000.0
EIR,0,286,2874448108009063227,gateway_calibration,sweep:anomaly_pair:shared_scenarios,764.6590768937488,152,781.3186699662409,,,shared_all_anomaly_strengths,diffusion_coeff,3000.0
EIR,0,287,8707203536458320760,gateway_calibration,sweep:anomaly_pair:shared_scenarios,563.2789599184352,110,781.3186699662409,,,shared_all_anomaly_strengths,diffusion_coeff,3000.0
EIR,0,288,8368439969047545418,gateway_calibration,sweep:anomaly_pair:shared_scenarios,578.900347234502,116,781.3186699662409,,,shared_all_anomaly_strengths,diffusion_coeff,3000.0
EIR,0,289,4822230351368366288,gateway_calibration,sweep:anomaly_pair:shared_scenarios,741.6329088386367,131,781.3186699662409,,,shared_all_anomaly_strengths,diffusion_coeff,3000.0
EIR,0,290,560612887312139697,gateway_calibration,sweep:anomaly_pair:shared_scenarios,658.6354451447891,105,781.3186699662409,,,shared_all_anomaly_strengths,diffusion_coeff,3000.0
EIR,0,291,4708984480155462159,gateway_calibration,sweep:anomaly_pair:shared_scenarios,713.682643282247,130,781.3186699662409,,,shared_all_anomaly_strengths,diffusion_coeff,3000.0
EIR,0,292,221505334779598471,gateway_calibration,sweep:anomaly_pair:shared_scenarios,578.9814128293177,121,781.3186699662409,,,shared_all_anomaly_strengths,diffusion_coeff,3000.0
EIR,0,293,313024099195558927,gateway_calibration,sweep:anomaly_pair:shared_scenarios,648.4810594017772,136,781.3186699662409,,,shared_all_anomaly_strengths,diffusion_coeff,3000.0
EIR,0,294,1256218112766498617,gateway_calibration,sweep:anomaly_pair:shared_scenarios,594.9046852367617,109,781.3186699662409,,,shared_all_anomaly_strengths,diffusion_coeff,3000.0
EIR,0,295,8758679596665815611,gateway_calibration,sweep:anomaly_pair:shared_scenarios,598.039252577925,118,781.3186699662409,,,shared_all_anomaly_strengths,diffusion_coeff,3000.0
EIR,0,296,8732704811787225309,gateway_calibration,sweep:anomaly_pair:shared_scenarios,562.263689594063,117,781.3186699662409,,,shared_all_anomaly_strengths,diffusion_coeff,3000.0
EIR,0,297,7291668075851963674,gateway_calibration,sweep:anomaly_pair:shared_scenarios,558.5511829020284,129,781.3186699662409,,,shared_all_anomaly_strengths,diffusion_coeff,3000.0
EIR,0,298,8160139849952943474,gateway_calibration,sweep:anomaly_pair:shared_scenarios,607.6074491552846,116,781.3186699662409,,,shared_all_anomaly_strengths,diffusion_coeff,3000.0
EIR,0,299,2513721670770597509,gateway_calibration,sweep:anomaly_pair:shared_scenarios,478.2320426002249,101,781.3186699662409,,,shared_all_anomaly_strengths,diffusion_coeff,3000.0
EIR,0,300,7063318709798897080,gateway_calibration,sweep:anomaly_pair:shared_scenarios,687.4364052679042,136,781.3186699662409,,,shared_all_anomaly_strengths,diffusion_coeff,3000.0
EIR,0,301,8415020812705705061,gateway_calibration,sweep:anomaly_pair:shared_scenarios,521.0873984648476,106,781.3186699662409,,,shared_all_anomaly_strengths,diffusion_coeff,3000.0
EIR,0,302,3425196686933402479,gateway_calibration,sweep:anomaly_pair:shared_scenarios,571.425787717754,112,781.3186699662409,,,shared_all_anomaly_strengths,diffusion_coeff,3000.0
EIR,0,303,3114915321845009342,gateway_calibration,sweep:anomaly_pair:shared_scenarios,566.2005112208196,115,781.3186699662409,,,shared_all_anomaly_strengths,diffusion_coeff,3000.0
EIR,0,304,2896931233588044786,gateway_calibration,sweep:anomaly_pair:shared_scenarios,784.9000560610891,126,781.3186699662409,,,shared_all_anomaly_strengths,diffusion_coeff,3000.0
EIR,0,305,1551170222759424305,gateway_calibration,sweep:anomaly_pair:shared_scenarios,587.7075873914745,123,781.3186699662409,,,shared_all_anomaly_strengths,diffusion_coeff,3000.0
EIR,0,306,4718806530038829033,gateway_calibration,sweep:anomaly_pair:shared_scenarios,784.2618544613309,147,781.3186699662409,,,shared_all_anomaly_strengths,diffusion_coeff,3000.0
EIR,0,307,5119279349088370044,gateway_calibration,sweep:anomaly_pair:shared_scenarios,644.8042623729395,141,781.3186699662409,,,shared_all_anomaly_strengths,diffusion_coeff,3000.0
EIR,0,308,2822775968759270459,gateway_calibration,sweep:anomaly_pair:shared_scenarios,670.3524626392951,124,781.3186699662409,,,shared_all_anomaly_strengths,diffusion_coeff,3000.0
EIR,0,309,7998405917407377120,gateway_calibration,sweep:anomaly_pair:shared_scenarios,636.6508259945484,114,781.3186699662409,,,shared_all_anomaly_strengths,diffusion_coeff,3000.0
EIR,0,310,5146001952486015638,gateway_calibration,sweep:anomaly_pair:shared_scenarios,713.1190413581185,135,781.3186699662409,,,shared_all_anomaly_strengths,diffusion_coeff,3000.0
EIR,0,311,6911500135314972136,gateway_calibration,sweep:anomaly_pair:shared_scenarios,621.093962080263,129,781.3186699662409,,,shared_all_anomaly_strengths,diffusion_coeff,3000.0
EIR,0,312,3026266370475567930,gateway_calibration,sweep:anomaly_pair:shared_scenarios,783.4489873359892,130,781.3186699662409,,,shared_all_anomaly_strengths,diffusion_coeff,3000.0
EIR,0,313,2263219430505968284,gateway_calibration,sweep:anomaly_pair:shared_scenarios,590.8902801015281,137,781.3186699662409,,,shared_all_anomaly_strengths,diffusion_coeff,3000.0
EIR,0,314,6005314762223339669,gateway_calibration,sweep:anomaly_pair:shared_scenarios,724.0350058355723,128,781.3186699662409,,,shared_all_anomaly_strengths,diffusion_coeff,3000.0
EIR,0,315,6620051426260236045,gateway_calibration,sweep:anomaly_pair:shared_scenarios,822.089803173398,123,781.3186699662409,,,shared_all_anomaly_strengths,diffusion_coeff,3000.0
EIR,0,316,1375290459054701469,gateway_calibration,sweep:anomaly_pair:shared_scenarios,745.952043526974,129,781.3186699662409,,,shared_all_anomaly_strengths,diffusion_coeff,3000.0
EIR,0,317,3387434723583950275,gateway_calibration,sweep:anomaly_pair:shared_scenarios,574.203594867829,121,781.3186699662409,,,shared_all_anomaly_strengths,diffusion_coeff,3000.0
EIR,0,318,1492748310594346890,gateway_calibration,sweep:anomaly_pair:shared_scenarios,732.9912201261108,134,781.3186699662409,,,shared_all_anomaly_strengths,diffusion_coeff,3000.0
EIR,0,319,6526070513380422193,gateway_calibration,sweep:anomaly_pair:shared_scenarios,568.1678585645915,117,781.3186699662409,,,shared_all_anomaly_strengths,diffusion_coeff,3000.0
EIR,0,320,4569908186093849248,gateway_calibration,sweep:anomaly_pair:shared_scenarios,631.7275531105298,126,781.3186699662409,,,shared_all_anomaly_strengths,diffusion_coeff,3000.0
EIR,0,321,2058735402210199549,gateway_calibration,sweep:anomaly_pair:shared_scenarios,762.0738262870575,132,781.3186699662409,,,shared_all_anomaly_strengths,diffusion_coeff,3000.0
EIR,0,322,7792514555662345644,gateway_calibration,sweep:anomaly_pair:shared_scenarios,583.6136989594095,119,781.3186699662409,,,shared_all_anomaly_strengths,diffusion_coeff,3000.0
EIR,0,323,5919491502808918703,gateway_calibration,sweep:anomaly_pair:shared_scenarios,692.4250915235667,135,781.3186699662409,,,shared_all_anomaly_strengths,diffusion_coeff,3000.0
EIR,0,324,4574905972397435795,gateway_calibration,sweep:anomaly_pair:shared_scenarios,759.4399087510494,141,781.3186699662409,,,shared_all_anomaly_strengths,diffusion_coeff,3000.0
EIR,0,325,7539986577246166921,gateway_calibration,sweep:anomaly_pair:shared_scenarios,574.4149466046824,114,781.3186699662409,,,shared_all_anomaly_strengths,diffusion_coeff,3000.0
EIR,0,326,8057266659081106092,gateway_calibration,sweep:anomaly_pair:shared_scenarios,803.3873674804821,124,781.3186699662409,,,shared_all_anomaly_strengths,diffusion_coeff,3000.0
EIR,0,327,7592041352101782096,gateway_calibration,sweep:anomaly_pair:shared_scenarios,622.1256217493403,111,781.3186699662409,,,shared_all_anomaly_strengths,diffusion_coeff,3000.0
EIR,0,328,7157190776130753350,gateway_calibration,sweep:anomaly_pair:shared_scenarios,513.5884646948357,112,781.3186699662409,,,shared_all_anomaly_strengths,diffusion_coeff,3000.0
EIR,0,329,3536119658432613956,gateway_calibration,sweep:anomaly_pair:shared_scenarios,699.3505838930436,121,781.3186699662409,,,shared_all_anomaly_strengths,diffusion_coeff,3000.0
EIR,0,330,3387957629084434680,gateway_calibration,sweep:anomaly_pair:shared_scenarios,563.350563666252,125,781.3186699662409,,,shared_all_anomaly_strengths,diffusion_coeff,3000.0
EIR,0,331,7014301768858485691,gateway_calibration,sweep:anomaly_pair:shared_scenarios,683.0689658333625,123,781.3186699662409,,,shared_all_anomaly_strengths,diffusion_coeff,3000.0
EIR,0,332,7509048679395089766,gateway_calibration,sweep:anomaly_pair:shared_scenarios,521.2738864923481,117,781.3186699662409,,,shared_all_anomaly_strengths,diffusion_coeff,3000.0
EIR,0,333,8077057740997865815,gateway_calibration,sweep:anomaly_pair:shared_scenarios,547.0617232295936,107,781.3186699662409,,,shared_all_anomaly_strengths,diffusion_coeff,3000.0
EIR,0,334,4792265241973382002,gateway_calibration,sweep:anomaly_pair:shared_scenarios,533.9011367966575,121,781.3186699662409,,,shared_all_anomaly_strengths,diffusion_coeff,3000.0
EIR,0,335,4631816253128208771,gateway_calibration,sweep:anomaly_pair:shared_scenarios,547.3017486119572,116,781.3186699662409,,,shared_all_anomaly_strengths,diffusion_coeff,3000.0
EIR,0,336,1353780890302308168,gateway_calibration,sweep:anomaly_pair:shared_scenarios,588.843334105403,120,781.3186699662409,,,shared_all_anomaly_strengths,diffusion_coeff,3000.0
EIR,0,337,301188514516452582,gateway_calibration,sweep:anomaly_pair:shared_scenarios,721.1337889266624,132,781.3186699662409,,,shared_all_anomaly_strengths,diffusion_coeff,3000.0
EIR,0,338,848291969102783726,gateway_calibration,sweep:anomaly_pair:shared_scenarios,682.7087055685942,135,781.3186699662409,,,shared_all_anomaly_strengths,diffusion_coeff,3000.0
EIR,0,339,3301607682890482163,gateway_calibration,sweep:anomaly_pair:shared_scenarios,687.9860261086975,128,781.3186699662409,,,shared_all_anomaly_strengths,diffusion_coeff,3000.0
EIR,0,340,3382309239349475861,gateway_calibration,sweep:anomaly_pair:shared_scenarios,514.6823580014727,114,781.3186699662409,,,shared_all_anomaly_strengths,diffusion_coeff,3000.0
EIR,0,341,3511804255243715536,gateway_calibration,sweep:anomaly_pair:shared_scenarios,634.2422458316744,118,781.3186699662409,,,shared_all_anomaly_strengths,diffusion_coeff,3000.0
EIR,0,342,7172406527062268769,gateway_calibration,sweep:anomaly_pair:shared_scenarios,658.6137008438536,136,781.3186699662409,,,shared_all_anomaly_strengths,diffusion_coeff,3000.0
EIR,0,343,8148651635281023479,gateway_calibration,sweep:anomaly_pair:shared_scenarios,582.2434690432038,131,781.3186699662409,,,shared_all_anomaly_strengths,diffusion_coeff,3000.0
EIR,0,344,4543894699244939752,gateway_calibration,sweep:anomaly_pair:shared_scenarios,640.9873394202991,102,781.3186699662409,,,shared_all_anomaly_strengths,diffusion_coeff,3000.0
EIR,0,345,6891358735647678813,gateway_calibration,sweep:anomaly_pair:shared_scenarios,632.4463615568307,125,781.3186699662409,,,shared_all_anomaly_strengths,diffusion_coeff,3000.0
EIR,0,346,1563481499315660104,gateway_calibration,sweep:anomaly_pair:shared_scenarios,535.98353618727,119,781.3186699662409,,,shared_all_anomaly_strengths,diffusion_coeff,3000.0
EIR,0,347,2629125604810830811,gateway_calibration,sweep:anomaly_pair:shared_scenarios,556.0147952589551,118,781.3186699662409,,,shared_all_anomaly_strengths,diffusion_coeff,3000.0
EIR,0,348,3894426847858961166,gateway_calibration,sweep:anomaly_pair:shared_scenarios,657.7214899575577,122,781.3186699662409,,,shared_all_anomaly_strengths,diffusion_coeff,3000.0
EIR,0,349,4282787653601296890,gateway_calibration,sweep:anomaly_pair:shared_scenarios,646.2398223516533,127,781.3186699662409,,,shared_all_anomaly_strengths,diffusion_coeff,3000.0
EIR,0,350,7842601743270043461,gateway_calibration,sweep:anomaly_pair:shared_scenarios,545.8307571017061,114,781.3186699662409,,,shared_all_anomaly_strengths,diffusion_coeff,3000.0
EIR,0,351,7700102950595571335,gateway_calibration,sweep:anomaly_pair:shared_scenarios,613.9615884271752,123,781.3186699662409,,,shared_all_anomaly_strengths,diffusion_coeff,3000.0
EIR,0,352,2808087562537772166,gateway_calibration,sweep:anomaly_pair:shared_scenarios,616.7634848241566,128,781.3186699662409,,,shared_all_anomaly_strengths,diffusion_coeff,3000.0
EIR,0,353,6304865133883968004,gateway_calibration,sweep:anomaly_pair:shared_scenarios,740.4797856115129,123,781.3186699662409,,,shared_all_anomaly_strengths,diffusion_coeff,3000.0
EIR,0,354,3342415063500426256,gateway_calibration,sweep:anomaly_pair:shared_scenarios,900.2055262395054,134,781.3186699662409,,,shared_all_anomaly_strengths,diffusion_coeff,3000.0
EIR,0,355,8959621061715784363,gateway_calibration,sweep:anomaly_pair:shared_scenarios,575.933048176891,115,781.3186699662409,,,shared_all_anomaly_strengths,diffusion_coeff,3000.0
EIR,0,356,1186687812096718750,gateway_calibration,sweep:anomaly_pair:shared_scenarios,634.1173803593108,129,781.3186699662409,,,shared_all_anomaly_strengths,diffusion_coeff,3000.0
EIR,0,357,8329058846985055289,gateway_calibration,sweep:anomaly_pair:shared_scenarios,708.598274308952,107,781.3186699662409,,,shared_all_anomaly_strengths,diffusion_coeff,3000.0
EIR,0,358,275625437843561760,gateway_calibration,sweep:anomaly_pair:shared_scenarios,491.39138021606277,108,781.3186699662409,,,shared_all_anomaly_strengths,diffusion_coeff,3000.0
EIR,0,359,527484844984551272,gateway_calibration,sweep:anomaly_pair:shared_scenarios,603.6463462903907,121,781.3186699662409,,,shared_all_anomaly_strengths,diffusion_coeff,3000.0
EIR,0,360,6499704723849040690,gateway_calibration,sweep:anomaly_pair:shared_scenarios,634.5290151064341,115,781.3186699662409,,,shared_all_anomaly_strengths,diffusion_coeff,3000.0
EIR,0,361,3392988020843846596,gateway_calibration,sweep:anomaly_pair:shared_scenarios,456.9883940707817,103,781.3186699662409,,,shared_all_anomaly_strengths,diffusion_coeff,3000.0
EIR,0,362,6082838417800885541,gateway_calibration,sweep:anomaly_pair:shared_scenarios,723.7002208459835,121,781.3186699662409,,,shared_all_anomaly_strengths,diffusion_coeff,3000.0
EIR,0,363,9161439992453118853,gateway_calibration,sweep:anomaly_pair:shared_scenarios,652.3257317275729,145,781.3186699662409,,,shared_all_anomaly_strengths,diffusion_coeff,3000.0
EIR,0,364,1104199357173535709,gateway_calibration,sweep:anomaly_pair:shared_scenarios,777.2005449818596,139,781.3186699662409,,,shared_all_anomaly_strengths,diffusion_coeff,3000.0
EIR,0,365,3968092569436272899,gateway_calibration,sweep:anomaly_pair:shared_scenarios,739.0853937557508,134,781.3186699662409,,,shared_all_anomaly_strengths,diffusion_coeff,3000.0
EIR,0,366,88510700048790040,gateway_calibration,sweep:anomaly_pair:shared_scenarios,653.5413924756317,140,781.3186699662409,,,shared_all_anomaly_strengths,diffusion_coeff,3000.0
EIR,0,367,3708546901166186520,gateway_calibration,sweep:anomaly_pair:shared_scenarios,715.0073481144232,125,781.3186699662409,,,shared_all_anomaly_strengths,diffusion_coeff,3000.0
EIR,0,368,6013111248236961738,gateway_calibration,sweep:anomaly_pair:shared_scenarios,615.9237377241484,123,781.3186699662409,,,shared_all_anomaly_strengths,diffusion_coeff,3000.0
EIR,0,369,2114847280044500927,gateway_calibration,sweep:anomaly_pair:shared_scenarios,673.7211244047072,133,781.3186699662409,,,shared_all_anomaly_strengths,diffusion_coeff,3000.0
EIR,0,370,7087323381771673869,gateway_calibration,sweep:anomaly_pair:shared_scenarios,619.6927035304287,118,781.3186699662409,,,shared_all_anomaly_strengths,diffusion_coeff,3000.0
EIR,0,371,5657654365128844730,gateway_calibration,sweep:anomaly_pair:shared_scenarios,613.293775692669,129,781.3186699662409,,,shared_all_anomaly_strengths,diffusion_coeff,3000.0
EIR,0,372,2027870051160191704,gateway_calibration,sweep:anomaly_pair:shared_scenarios,537.2533921612256,107,781.3186699662409,,,shared_all_anomaly_strengths,diffusion_coeff,3000.0
EIR,0,373,7848999889242844692,gateway_calibration,sweep:anomaly_pair:shared_scenarios,643.9193036061251,151,781.3186699662409,,,shared_all_anomaly_strengths,diffusion_coeff,3000.0
EIR,0,374,333687295804109698,gateway_calibration,sweep:anomaly_pair:shared_scenarios,579.3761891333992,113,781.3186699662409,,,shared_all_anomaly_strengths,diffusion_coeff,3000.0
EIR,0,375,3858544135291456003,gateway_calibration,sweep:anomaly_pair:shared_scenarios,715.3902538012986,118,781.3186699662409,,,shared_all_anomaly_strengths,diffusion_coeff,3000.0
EIR,0,376,5954054979897712788,gateway_calibration,sweep:anomaly_pair:shared_scenarios,730.8818098250388,149,781.3186699662409,,,shared_all_anomaly_strengths,diffusion_coeff,3000.0
EIR,0,377,1335844326469534536,gateway_calibration,sweep:anomaly_pair:shared_scenarios,659.1227021239721,133,781.3186699662409,,,shared_all_anomaly_strengths,diffusion_coeff,3000.0
EIR,0,378,7763485567302934545,gateway_calibration,sweep:anomaly_pair:shared_scenarios,691.0274458061767,130,781.3186699662409,,,shared_all_anomaly_strengths,diffusion_coeff,3000.0
EIR,0,379,2085077819561017134,gateway_calibration,sweep:anomaly_pair:shared_scenarios,661.6497147149222,112,781.3186699662409,,,shared_all_anomaly_strengths,diffusion_coeff,3000.0
EIR,0,380,2522980069351540246,gateway_calibration,sweep:anomaly_pair:shared_scenarios,618.1130646816044,118,781.3186699662409,,,shared_all_anomaly_strengths,diffusion_coeff,3000.0
EIR,0,381,4975283561804637613,gateway_calibration,sweep:anomaly_pair:shared_scenarios,565.2358720453984,126,781.3186699662409,,,shared_all_anomaly_strengths,diffusion_coeff,3000.0
EIR,0,382,1302504027955615947,gateway_calibration,sweep:anomaly_pair:shared_scenarios,681.7263660125029,117,781.3186699662409,,,shared_all_anomaly_strengths,diffusion_coeff,3000.0
EIR,0,383,8927732358631061418,gateway_calibration,sweep:anomaly_pair:shared_scenarios,676.5824032220773,131,781.3186699662409,,,shared_all_anomaly_strengths,diffusion_coeff,3000.0
EIR,0,384,7102871842583592410,gateway_calibration,sweep:anomaly_pair:shared_scenarios,673.6480061313001,125,781.3186699662409,,,shared_all_anomaly_strengths,diffusion_coeff,3000.0
EIR,0,385,8751812685682384577,gateway_calibration,sweep:anomaly_pair:shared_scenarios,674.9702968395392,135,781.3186699662409,,,shared_all_anomaly_strengths,diffusion_coeff,3000.0
EIR,0,386,2867292286665412959,gateway_calibration,sweep:anomaly_pair:shared_scenarios,507.57411909641905,111,781.3186699662409,,,shared_all_anomaly_strengths,diffusion_coeff,3000.0
EIR,0,387,2624927968075345649,gateway_calibration,sweep:anomaly_pair:shared_scenarios,775.4742898322146,134,781.3186699662409,,,shared_all_anomaly_strengths,diffusion_coeff,3000.0
EIR,0,388,2537836582560678006,gateway_calibration,sweep:anomaly_pair:shared_scenarios,676.32332550689,127,781.3186699662409,,,shared_all_anomaly_strengths,diffusion_coeff,3000.0
EIR,0,389,2800143550304458978,gateway_calibration,sweep:anomaly_pair:shared_scenarios,583.2252422295385,124,781.3186699662409,,,shared_all_anomaly_strengths,diffusion_coeff,3000.0
EIR,0,390,5542491175477138315,gateway_calibration,sweep:anomaly_pair:shared_scenarios,674.9569828007668,125,781.3186699662409,,,shared_all_anomaly_strengths,diffusion_coeff,3000.0
EIR,0,391,920575682054079790,gateway_calibration,sweep:anomaly_pair:shared_scenarios,658.3683300246735,122,781.3186699662409,,,shared_all_anomaly_strengths,diffusion_coeff,3000.0
EIR,0,392,7832892230890482956,gateway_calibration,sweep:anomaly_pair:shared_scenarios,630.1160106888909,130,781.3186699662409,,,shared_all_anomaly_strengths,diffusion_coeff,3000.0
EIR,0,393,757741762273162161,gateway_calibration,sweep:anomaly_pair:shared_scenarios,543.8080684234927,98,781.3186699662409,,,shared_all_anomaly_strengths,diffusion_coeff,3000.0
EIR,0,394,2545938917521492744,gateway_calibration,sweep:anomaly_pair:shared_scenarios,643.2557245308551,129,781.3186699662409,,,shared_all_anomaly_strengths,diffusion_coeff,3000.0
EIR,0,395,8023561360387127259,gateway_calibration,sweep:anomaly_pair:shared_scenarios,655.8601603782587,120,781.3186699662409,,,shared_all_anomaly_strengths,diffusion_coeff,3000.0
EIR,0,396,7027188297947467006,gateway_calibration,sweep:anomaly_pair:shared_scenarios,733.2446741436793,129,781.3186699662409,,,shared_all_anomaly_strengths,diffusion_coeff,3000.0
EIR,0,397,7878834433110996755,gateway_calibration,sweep:anomaly_pair:shared_scenarios,702.8002295775738,114,781.3186699662409,,,shared_all_anomaly_strengths,diffusion_coeff,3000.0
EIR,0,398,4744550561105664732,gateway_calibration,sweep:anomaly_pair:shared_scenarios,659.1171696502454,139,781.3186699662409,,,shared_all_anomaly_strengths,diffusion_coeff,3000.0
EIR,0,399,5344886015201979308,gateway_calibration,sweep:anomaly_pair:shared_scenarios,829.8470742005933,137,781.3186699662409,,,shared_all_anomaly_strengths,diffusion_coeff,3000.0
EIR,0,400,5149434508763057584,gateway_calibration,sweep:anomaly_pair:shared_scenarios,541.2026558248907,114,781.3186699662409,,,shared_all_anomaly_strengths,diffusion_coeff,3000.0
EIR,0,401,5599666805503637415,gateway_calibration,sweep:anomaly_pair:shared_scenarios,560.2886291656395,107,781.3186699662409,,,shared_all_anomaly_strengths,diffusion_coeff,3000.0
EIR,0,402,2625638571049592825,gateway_calibration,sweep:anomaly_pair:shared_scenarios,669.0984262098291,126,781.3186699662409,,,shared_all_anomaly_strengths,diffusion_coeff,3000.0
EIR,0,403,6629408355495065749,gateway_calibration,sweep:anomaly_pair:shared_scenarios,533.1272638717533,104,781.3186699662409,,,shared_all_anomaly_strengths,diffusion_coeff,3000.0
EIR,0,404,3150249386986199613,gateway_calibration,sweep:anomaly_pair:shared_scenarios,603.9618723792219,112,781.3186699662409,,,shared_all_anomaly_strengths,diffusion_coeff,3000.0
EIR,0,405,4117381947987728137,gateway_calibration,sweep:anomaly_pair:shared_scenarios,711.7649880773374,150,781.3186699662409,,,shared_all_anomaly_strengths,diffusion_coeff,3000.0
EIR,0,406,7366258876741991286,gateway_calibration,sweep:anomaly_pair:shared_scenarios,623.3356116726558,136,781.3186699662409,,,shared_all_anomaly_strengths,diffusion_coeff,3000.0
EIR,0,407,3058169725806449045,gateway_calibration,sweep:anomaly_pair:shared_scenarios,644.1609368725902,122,781.3186699662409,,,shared_all_anomaly_strengths,diffusion_coeff,3000.0
EIR,0,408,2978841122516248054,gateway_calibration,sweep:anomaly_pair:shared_scenarios,610.7501008173731,116,781.3186699662409,,,shared_all_anomaly_strengths,diffusion_coeff,3000.0
EIR,0,409,2599485624261039583,gateway_calibration,sweep:anomaly_pair:shared_scenarios,712.4317547075735,107,781.3186699662409,,,shared_all_anomaly_strengths,diffusion_coeff,3000.0
EIR,0,410,458882496312945663,gateway_calibration,sweep:anomaly_pair:shared_scenarios,678.7326539540635,136,781.3186699662409,,,shared_all_anomaly_strengths,diffusion_coeff,3000.0
EIR,0,411,4000618753593853165,gateway_calibration,sweep:anomaly_pair:shared_scenarios,495.09511412263595,106,781.3186699662409,,,shared_all_anomaly_strengths,diffusion_coeff,3000.0
EIR,0,412,8339539677611557861,gateway_calibration,sweep:anomaly_pair:shared_scenarios,689.276019026425,122,781.3186699662409,,,shared_all_anomaly_strengths,diffusion_coeff,3000.0
EIR,0,413,2580185991513178045,gateway_calibration,sweep:anomaly_pair:shared_scenarios,689.1399794227754,125,781.3186699662409,,,shared_all_anomaly_strengths,diffusion_coeff,3000.0
EIR,0,414,3076826962419443480,gateway_calibration,sweep:anomaly_pair:shared_scenarios,697.1896258352101,129,781.3186699662409,,,shared_all_anomaly_strengths,diffusion_coeff,3000.0
EIR,0,415,6827605468891931010,gateway_calibration,sweep:anomaly_pair:shared_scenarios,551.8337795582901,112,781.3186699662409,,,shared_all_anomaly_strengths,diffusion_coeff,3000.0
EIR,0,416,3218560465134718098,gateway_calibration,sweep:anomaly_pair:shared_scenarios,781.2693717540906,113,781.3186699662409,,,shared_all_anomaly_strengths,diffusion_coeff,3000.0
EIR,0,417,3922954233183090676,gateway_calibration,sweep:anomaly_pair:shared_scenarios,724.2004890888154,123,781.3186699662409,,,shared_all_anomaly_strengths,diffusion_coeff,3000.0
EIR,0,418,1460299898534465968,gateway_calibration,sweep:anomaly_pair:shared_scenarios,609.6174375916569,111,781.3186699662409,,,shared_all_anomaly_strengths,diffusion_coeff,3000.0
EIR,0,419,8305113000185527425,gateway_calibration,sweep:anomaly_pair:shared_scenarios,568.3932515748024,109,781.3186699662409,,,shared_all_anomaly_strengths,diffusion_coeff,3000.0
EIR,0,420,666906365206469240,gateway_calibration,sweep:anomaly_pair:shared_scenarios,685.8611105558349,128,781.3186699662409,,,shared_all_anomaly_strengths,diffusion_coeff,3000.0
EIR,0,421,4902312007981976155,gateway_calibration,sweep:anomaly_pair:shared_scenarios,541.414663068967,113,781.3186699662409,,,shared_all_anomaly_strengths,diffusion_coeff,3000.0
EIR,0,422,213388171490915124,gateway_calibration,sweep:anomaly_pair:shared_scenarios,641.0242047860095,120,781.3186699662409,,,shared_all_anomaly_strengths,diffusion_coeff,3000.0
EIR,0,423,3426814509533468634,gateway_calibration,sweep:anomaly_pair:shared_scenarios,452.8333111405664,100,781.3186699662409,,,shared_all_anomaly_strengths,diffusion_coeff,3000.0
EIR,0,424,3022645040617138448,gateway_calibration,sweep:anomaly_pair:shared_scenarios,801.5281247821365,130,781.3186699662409,,,shared_all_anomaly_strengths,diffusion_coeff,3000.0
EIR,0,425,5527100482172181234,gateway_calibration,sweep:anomaly_pair:shared_scenarios,554.9516415741665,115,781.3186699662409,,,shared_all_anomaly_strengths,diffusion_coeff,3000.0
EIR,0,426,1012614697466316415,gateway_calibration,sweep:anomaly_pair:shared_scenarios,705.2073420017392,132,781.3186699662409,,,shared_all_anomaly_strengths,diffusion_coeff,3000.0
EIR,0,427,6258153257279431865,gateway_calibration,sweep:anomaly_pair:shared_scenarios,700.9358123323541,130,781.3186699662409,,,shared_all_anomaly_strengths,diffusion_coeff,3000.0
EIR,0,428,3494724231981409682,gateway_calibration,sweep:anomaly_pair:shared_scenarios,658.8987737325247,118,781.3186699662409,,,shared_all_anomaly_strengths,diffusion_coeff,3000.0
EIR,0,429,9138299470163467240,gateway_calibration,sweep:anomaly_pair:shared_scenarios,672.8167465431875,108,781.3186699662409,,,shared_all_anomaly_strengths,diffusion_coeff,3000.0
EIR,0,430,6891783168053645325,gateway_calibration,sweep:anomaly_pair:shared_scenarios,587.1806612920327,122,781.3186699662409,,,shared_all_anomaly_strengths,diffusion_coeff,3000.0
EIR,0,431,6869361412516472794,gateway_calibration,sweep:anomaly_pair:shared_scenarios,610.5596592414273,127,781.3186699662409,,,shared_all_anomaly_strengths,diffusion_coeff,3000.0
EIR,0,432,2541163241042689952,gateway_calibration,sweep:anomaly_pair:shared_scenarios,597.6054908850587,128,781.3186699662409,,,shared_all_anomaly_strengths,diffusion_coeff,3000.0
EIR,0,433,8254769182462207207,gateway_calibration,sweep:anomaly_pair:shared_scenarios,659.9848125049496,110,781.3186699662409,,,shared_all_anomaly_strengths,diffusion_coeff,3000.0
EIR,0,434,4013505716720903184,gateway_calibration,sweep:anomaly_pair:shared_scenarios,650.7882496940679,108,781.3186699662409,,,shared_all_anomaly_strengths,diffusion_coeff,3000.0
EIR,0,435,5806127130564233059,gateway_calibration,sweep:anomaly_pair:shared_scenarios,642.3417639699519,123,781.3186699662409,,,shared_all_anomaly_strengths,diffusion_coeff,3000.0
EIR,0,436,8292276808083054766,gateway_calibration,sweep:anomaly_pair:shared_scenarios,760.4809947420775,134,781.3186699662409,,,shared_all_anomaly_strengths,diffusion_coeff,3000.0
EIR,0,437,411766100713001608,gateway_calibration,sweep:anomaly_pair:shared_scenarios,614.790805555753,124,781.3186699662409,,,shared_all_anomaly_strengths,diffusion_coeff,3000.0
EIR,0,438,3930968551179869439,gateway_calibration,sweep:anomaly_pair:shared_scenarios,645.3173271229164,116,781.3186699662409,,,shared_all_anomaly_strengths,diffusion_coeff,3000.0
EIR,0,439,3763632109674308185,gateway_calibration,sweep:anomaly_pair:shared_scenarios,586.914475373513,121,781.3186699662409,,,shared_all_anomaly_strengths,diffusion_coeff,3000.0
EIR,0,440,5278015637357484618,gateway_calibration,sweep:anomaly_pair:shared_scenarios,604.7470113123159,120,781.3186699662409,,,shared_all_anomaly_strengths,diffusion_coeff,3000.0
EIR,0,441,5470421236833479721,gateway_calibration,sweep:anomaly_pair:shared_scenarios,681.5485916029386,113,781.3186699662409,,,shared_all_anomaly_strengths,diffusion_coeff,3000.0
EIR,0,442,4152824066035952546,gateway_calibration,sweep:anomaly_pair:shared_scenarios,608.1612601176704,116,781.3186699662409,,,shared_all_anomaly_strengths,diffusion_coeff,3000.0
EIR,0,443,8782078971988136695,gateway_calibration,sweep:anomaly_pair:shared_scenarios,653.527599217547,119,781.3186699662409,,,shared_all_anomaly_strengths,diffusion_coeff,3000.0
EIR,0,444,8949691134399507769,gateway_calibration,sweep:anomaly_pair:shared_scenarios,759.7643472211552,127,781.3186699662409,,,shared_all_anomaly_strengths,diffusion_coeff,3000.0
EIR,0,445,1243237072583537200,gateway_calibration,sweep:anomaly_pair:shared_scenarios,606.0180708642655,108,781.3186699662409,,,shared_all_anomaly_strengths,diffusion_coeff,3000.0
EIR,0,446,6083371766119392307,gateway_calibration,sweep:anomaly_pair:shared_scenarios,599.053071561039,101,781.3186699662409,,,shared_all_anomaly_strengths,diffusion_coeff,3000.0
EIR,0,447,7648441755753076920,gateway_calibration,sweep:anomaly_pair:shared_scenarios,706.139305515033,122,781.3186699662409,,,shared_all_anomaly_strengths,diffusion_coeff,3000.0
EIR,0,448,955005731795147001,gateway_calibration,sweep:anomaly_pair:shared_scenarios,725.560783961469,121,781.3186699662409,,,shared_all_anomaly_strengths,diffusion_coeff,3000.0
EIR,0,449,45305231348623693,gateway_calibration,sweep:anomaly_pair:shared_scenarios,656.069224824609,133,781.3186699662409,,,shared_all_anomaly_strengths,diffusion_coeff,3000.0
EIR,0,450,2115602869220638789,gateway_calibration,sweep:anomaly_pair:shared_scenarios,643.7800280729427,125,781.3186699662409,,,shared_all_anomaly_strengths,diffusion_coeff,3000.0
EIR,0,451,5676793455979563788,gateway_calibration,sweep:anomaly_pair:shared_scenarios,709.8992282383742,111,781.3186699662409,,,shared_all_anomaly_strengths,diffusion_coeff,3000.0
EIR,0,452,6366447883379022413,gateway_calibration,sweep:anomaly_pair:shared_scenarios,670.4015329813012,132,781.3186699662409,,,shared_all_anomaly_strengths,diffusion_coeff,3000.0
EIR,0,453,4225207655377417674,gateway_calibration,sweep:anomaly_pair:shared_scenarios,634.4070132925945,131,781.3186699662409,,,shared_all_anomaly_strengths,diffusion_coeff,3000.0
EIR,0,454,7327466488411297350,gateway_calibration,sweep:anomaly_pair:shared_scenarios,599.0953217402322,118,781.3186699662409,,,shared_all_anomaly_strengths,diffusion_coeff,3000.0
EIR,0,455,5345767761096099882,gateway_calibration,sweep:anomaly_pair:shared_scenarios,554.8087745343669,87,781.3186699662409,,,shared_all_anomaly_strengths,diffusion_coeff,3000.0
EIR,0,456,2133102790808814152,gateway_calibration,sweep:anomaly_pair:shared_scenarios,682.7264008814892,125,781.3186699662409,,,shared_all_anomaly_strengths,diffusion_coeff,3000.0
EIR,0,457,6037868011932965840,gateway_calibration,sweep:anomaly_pair:shared_scenarios,605.7753692694835,131,781.3186699662409,,,shared_all_anomaly_strengths,diffusion_coeff,3000.0
EIR,0,458,4340644108282100646,gateway_calibration,sweep:anomaly_pair:shared_scenarios,713.585146188037,147,781.3186699662409,,,shared_all_anomaly_strengths,diffusion_coeff,3000.0
EIR,0,459,949751417938216244,gateway_calibration,sweep:anomaly_pair:shared_scenarios,644.6099398993805,120,781.3186699662409,,,shared_all_anomaly_strengths,diffusion_coeff,3000.0
EIR,0,460,7054426845112713226,gateway_calibration,sweep:anomaly_pair:shared_scenarios,709.3816158740331,132,781.3186699662409,,,shared_all_anomaly_strengths,diffusion_coeff,3000.0
EIR,0,461,2331330513053472942,gateway_calibration,sweep:anomaly_pair:shared_scenarios,668.6809094359073,125,781.3186699662409,,,shared_all_anomaly_strengths,diffusion_coeff,3000.0
EIR,0,462,2243847955329417019,gateway_calibration,sweep:anomaly_pair:shared_scenarios,514.4275328751726,121,781.3186699662409,,,shared_all_anomaly_strengths,diffusion_coeff,3000.0
EIR,0,463,1493485923527818258,gateway_calibration,sweep:anomaly_pair:shared_scenarios,558.05767043882,131,781.3186699662409,,,shared_all_anomaly_strengths,diffusion_coeff,3000.0
EIR,0,464,2216699455221061669,gateway_calibration,sweep:anomaly_pair:shared_scenarios,703.9134113304485,132,781.3186699662409,,,shared_all_anomaly_strengths,diffusion_coeff,3000.0
EIR,0,465,6883161541620008480,gateway_calibration,sweep:anomaly_pair:shared_scenarios,696.9712974895643,123,781.3186699662409,,,shared_all_anomaly_strengths,diffusion_coeff,3000.0
EIR,0,466,1985404953787314291,gateway_calibration,sweep:anomaly_pair:shared_scenarios,625.9993755607135,119,781.3186699662409,,,shared_all_anomaly_strengths,diffusion_coeff,3000.0
EIR,0,467,1384036578423497838,gateway_calibration,sweep:anomaly_pair:shared_scenarios,651.4160837803596,123,781.3186699662409,,,shared_all_anomaly_strengths,diffusion_coeff,3000.0
EIR,0,468,4722935997294481070,gateway_calibration,sweep:anomaly_pair:shared_scenarios,558.345536016119,114,781.3186699662409,,,shared_all_anomaly_strengths,diffusion_coeff,3000.0
EIR,0,469,528191954664659622,gateway_calibration,sweep:anomaly_pair:shared_scenarios,525.8067073975459,111,781.3186699662409,,,shared_all_anomaly_strengths,diffusion_coeff,3000.0
EIR,0,470,1633712328529169800,gateway_calibration,sweep:anomaly_pair:shared_scenarios,658.0695165279318,144,781.3186699662409,,,shared_all_anomaly_strengths,diffusion_coeff,3000.0
EIR,0,471,6633907339390607815,gateway_calibration,sweep:anomaly_pair:shared_scenarios,686.1461210284117,108,781.3186699662409,,,shared_all_anomaly_strengths,diffusion_coeff,3000.0
EIR,0,472,7110316941102820115,gateway_calibration,sweep:anomaly_pair:shared_scenarios,716.6586092087532,123,781.3186699662409,,,shared_all_anomaly_strengths,diffusion_coeff,3000.0
EIR,0,473,648151194668048025,gateway_calibration,sweep:anomaly_pair:shared_scenarios,603.776573405181,113,781.3186699662409,,,shared_all_anomaly_strengths,diffusion_coeff,3000.0
EIR,0,474,2324647907345855690,gateway_calibration,sweep:anomaly_pair:shared_scenarios,729.0542149537636,133,781.3186699662409,,,shared_all_anomaly_strengths,diffusion_coeff,3000.0
EIR,0,475,944763265997848402,gateway_calibration,sweep:anomaly_pair:shared_scenarios,552.7129868092051,110,781.3186699662409,,,shared_all_anomaly_strengths,diffusion_coeff,3000.0
EIR,0,476,7563131271191532633,gateway_calibration,sweep:anomaly_pair:shared_scenarios,659.0798213296334,154,781.3186699662409,,,shared_all_anomaly_strengths,diffusion_coeff,3000.0
EIR,0,477,2509031892675661094,gateway_calibration,sweep:anomaly_pair:shared_scenarios,517.4578006502112,116,781.3186699662409,,,shared_all_anomaly_strengths,diffusion_coeff,3000.0
EIR,0,478,6203947427023563777,gateway_calibration,sweep:anomaly_pair:shared_scenarios,648.5857251695883,112,781.3186699662409,,,shared_all_anomaly_strengths,diffusion_coeff,3000.0
EIR,0,479,6280194980310007953,gateway_calibration,sweep:anomaly_pair:shared_scenarios,682.8590054152362,126,781.3186699662409,,,shared_all_anomaly_strengths,diffusion_coeff,3000.0
EIR,0,480,6714940429764513866,gateway_calibration,sweep:anomaly_pair:shared_scenarios,650.3993603130202,122,781.3186699662409,,,shared_all_anomaly_strengths,diffusion_coeff,3000.0
EIR,0,481,1585407397185217282,gateway_calibration,sweep:anomaly_pair:shared_scenarios,712.4978829683123,138,781.3186699662409,,,shared_all_anomaly_strengths,diffusion_coeff,3000.0
EIR,0,482,6706063428171325988,gateway_calibration,sweep:anomaly_pair:shared_scenarios,590.7632787465263,109,781.3186699662409,,,shared_all_anomaly_strengths,diffusion_coeff,3000.0
EIR,0,483,2723086856808871853,gateway_calibration,sweep:anomaly_pair:shared_scenarios,604.9791069970107,113,781.3186699662409,,,shared_all_anomaly_strengths,diffusion_coeff,3000.0
EIR,0,484,4346870091848339416,gateway_calibration,sweep:anomaly_pair:shared_scenarios,640.7527437477784,130,781.3186699662409,,,shared_all_anomaly_strengths,diffusion_coeff,3000.0
EIR,0,485,7287133659789628915,gateway_calibration,sweep:anomaly_pair:shared_scenarios,721.9051154447458,134,781.3186699662409,,,shared_all_anomaly_strengths,diffusion_coeff,3000.0
EIR,0,486,2494165871751805290,gateway_calibration,sweep:anomaly_pair:shared_scenarios,749.046608489002,132,781.3186699662409,,,shared_all_anomaly_strengths,diffusion_coeff,3000.0
EIR,0,487,3661305971430326717,gateway_calibration,sweep:anomaly_pair:shared_scenarios,632.887706889864,126,781.3186699662409,,,shared_all_anomaly_strengths,diffusion_coeff,3000.0
EIR,0,488,4108916358889597565,gateway_calibration,sweep:anomaly_pair:shared_scenarios,615.2380604494929,107,781.3186699662409,,,shared_all_anomaly_strengths,diffusion_coeff,3000.0
EIR,0,489,1534234753197727125,gateway_calibration,sweep:anomaly_pair:shared_scenarios,581.8551669782893,112,781.3186699662409,,,shared_all_anomaly_strengths,diffusion_coeff,3000.0
EIR,0,490,7992839432723694714,gateway_calibration,sweep:anomaly_pair:shared_scenarios,688.5521940268926,127,781.3186699662409,,,shared_all_anomaly_strengths,diffusion_coeff,3000.0
EIR,0,491,267602845997369720,gateway_calibration,sweep:anomaly_pair:shared_scenarios,620.9743307863534,115,781.3186699662409,,,shared_all_anomaly_strengths,diffusion_coeff,3000.0
EIR,0,492,8956605696040384406,gateway_calibration,sweep:anomaly_pair:shared_scenarios,698.1059695269844,114,781.3186699662409,,,shared_all_anomaly_strengths,diffusion_coeff,3000.0
EIR,0,493,5206171671982199970,gateway_calibration,sweep:anomaly_pair:shared_scenarios,588.7021757315678,121,781.3186699662409,,,shared_all_anomaly_strengths,diffusion_coeff,3000.0
EIR,0,494,3552257924642337236,gateway_calibration,sweep:anomaly_pair:shared_scenarios,593.8507543632761,127,781.3186699662409,,,shared_all_anomaly_strengths,diffusion_coeff,3000.0
EIR,0,495,4539722117532196426,gateway_calibration,sweep:anomaly_pair:shared_scenarios,716.9571646451362,141,781.3186699662409,,,shared_all_anomaly_strengths,diffusion_coeff,3000.0
EIR,0,496,4932179539160465299,gateway_calibration,sweep:anomaly_pair:shared_scenarios,590.6289151104186,120,781.3186699662409,,,shared_all_anomaly_strengths,diffusion_coeff,3000.0
EIR,0,497,6745222888165061244,gateway_calibration,sweep:anomaly_pair:shared_scenarios,443.5691144503177,98,781.3186699662409,,,shared_all_anomaly_strengths,diffusion_coeff,3000.0
EIR,0,498,8037702420921553958,gateway_calibration,sweep:anomaly_pair:shared_scenarios,655.6668728949548,116,781.3186699662409,,,shared_all_anomaly_strengths,diffusion_coeff,3000.0
EIR,0,499,3026982929224465183,gateway_calibration,sweep:anomaly_pair:shared_scenarios,748.3492372971682,128,781.3186699662409,,,shared_all_anomaly_strengths,diffusion_coeff,3000.0
RR,0,0,6942901201456939297,gateway_calibration,sweep:anomaly_pair:shared_scenarios,670.0230126747299,89,916.5478330109644,,,shared_all_anomaly_strengths,diffusion_coeff,6000.0
RR,0,1,3707311459125033713,gateway_calibration,sweep:anomaly_pair:shared_scenarios,733.6792027244394,117,916.5478330109644,,,shared_all_anomaly_strengths,diffusion_coeff,6000.0
RR,0,2,6525899029649517457,gateway_calibration,sweep:anomaly_pair:shared_scenarios,778.5375810865527,140,916.5478330109644,,,shared_all_anomaly_strengths,diffusion_coeff,6000.0
RR,0,3,7579878600958796329,gateway_calibration,sweep:anomaly_pair:shared_scenarios,765.6897743793023,120,916.5478330109644,,,shared_all_anomaly_strengths,diffusion_coeff,6000.0
RR,0,4,1995048182365014103,gateway_calibration,sweep:anomaly_pair:shared_scenarios,985.123911052312,147,916.5478330109644,,,shared_all_anomaly_strengths,diffusion_coeff,6000.0
RR,0,5,3295882431625053650,gateway_calibration,sweep:anomaly_pair:shared_scenarios,831.1520245867337,139,916.5478330109644,,,shared_all_anomaly_strengths,diffusion_coeff,6000.0
RR,0,6,5854776044075552459,gateway_calibration,sweep:anomaly_pair:shared_scenarios,794.4638856732266,124,916.5478330109644,,,shared_all_anomaly_strengths,diffusion_coeff,6000.0
RR,0,7,7709607086058877159,gateway_calibration,sweep:anomaly_pair:shared_scenarios,775.6242230796436,135,916.5478330109644,,,shared_all_anomaly_strengths,diffusion_coeff,6000.0
RR,0,8,1741592563361101750,gateway_calibration,sweep:anomaly_pair:shared_scenarios,771.8935946763954,115,916.5478330109644,,,shared_all_anomaly_strengths,diffusion_coeff,6000.0
RR,0,9,3282932482964655802,gateway_calibration,sweep:anomaly_pair:shared_scenarios,780.8352017233594,135,916.5478330109644,,,shared_all_anomaly_strengths,diffusion_coeff,6000.0
RR,0,10,1774785994864530756,gateway_calibration,sweep:anomaly_pair:shared_scenarios,614.08777207967,118,916.5478330109644,,,shared_all_anomaly_strengths,diffusion_coeff,6000.0
RR,0,11,8140464769652066346,gateway_calibration,sweep:anomaly_pair:shared_scenarios,785.1687236341993,117,916.5478330109644,,,shared_all_anomaly_strengths,diffusion_coeff,6000.0
RR,0,12,1253555579543505935,gateway_calibration,sweep:anomaly_pair:shared_scenarios,903.429969295754,141,916.5478330109644,,,shared_all_anomaly_strengths,diffusion_coeff,6000.0
RR,0,13,7889622116667546826,gateway_calibration,sweep:anomaly_pair:shared_scenarios,708.062564617917,133,916.5478330109644,,,shared_all_anomaly_strengths,diffusion_coeff,6000.0
RR,0,14,2999731371178102042,gateway_calibration,sweep:anomaly_pair:shared_scenarios,680.4087612717552,119,916.5478330109644,,,shared_all_anomaly_strengths,diffusion_coeff,6000.0
RR,0,15,3149132606532110017,gateway_calibration,sweep:anomaly_pair:shared_scenarios,787.5480287968696,138,916.5478330109644,,,shared_all_anomaly_strengths,diffusion_coeff,6000.0
RR,0,16,5945166213153900620,gateway_calibration,sweep:anomaly_pair:shared_scenarios,741.6577315929985,112,916.5478330109644,,,shared_all_anomaly_strengths,diffusion_coeff,6000.0
RR,0,17,8780635847486979818,gateway_calibration,sweep:anomaly_pair:shared_scenarios,722.3105958999415,128,916.5478330109644,,,shared_all_anomaly_strengths,diffusion_coeff,6000.0
RR,0,18,977807179708126678,gateway_calibration,sweep:anomaly_pair:shared_scenarios,643.6663776285857,122,916.5478330109644,,,shared_all_anomaly_strengths,diffusion_coeff,6000.0
RR,0,19,4758583958882270302,gateway_calibration,sweep:anomaly_pair:shared_scenarios,801.4280739180168,121,916.5478330109644,,,shared_all_anomaly_strengths,diffusion_coeff,6000.0
RR,0,20,624488504525834361,gateway_calibration,sweep:anomaly_pair:shared_scenarios,695.8369377239017,112,916.5478330109644,,,shared_all_anomaly_strengths,diffusion_coeff,6000.0
RR,0,21,9127488914970490212,gateway_calibration,sweep:anomaly_pair:shared_scenarios,822.7138115688153,132,916.5478330109644,,,shared_all_anomaly_strengths,diffusion_coeff,6000.0
RR,0,22,3878214634024289995,gateway_calibration,sweep:anomaly_pair:shared_scenarios,841.3270027778749,116,916.5478330109644,,,shared_all_anomaly_strengths,diffusion_coeff,6000.0
RR,0,23,3074434249601971096,gateway_calibration,sweep:anomaly_pair:shared_scenarios,710.8196037177607,107,916.5478330109644,,,shared_all_anomaly_strengths,diffusion_coeff,6000.0
RR,0,24,3240386866293341253,gateway_calibration,sweep:anomaly_pair:shared_scenarios,613.6559954114351,99,916.5478330109644,,,shared_all_anomaly_strengths,diffusion_coeff,6000.0
RR,0,25,6243332140314349343,gateway_calibration,sweep:anomaly_pair:shared_scenarios,759.9451112195371,121,916.5478330109644,,,shared_all_anomaly_strengths,diffusion_coeff,6000.0
RR,0,26,3868622807354924164,gateway_calibration,sweep:anomaly_pair:shared_scenarios,866.8605152280974,137,916.5478330109644,,,shared_all_anomaly_strengths,diffusion_coeff,6000.0
RR,0,27,1718082128973198771,gateway_calibration,sweep:anomaly_pair:shared_scenarios,973.614456169249,136,916.5478330109644,,,shared_all_anomaly_strengths,diffusion_coeff,6000.0
RR,0,28,2704479796120479431,gateway_calibration,sweep:anomaly_pair:shared_scenarios,722.2671999890781,127,916.5478330109644,,,shared_all_anomaly_strengths,diffusion_coeff,6000.0
RR,0,29,3697228631517816840,gateway_calibration,sweep:anomaly_pair:shared_scenarios,819.9298699878929,132,916.5478330109644,,,shared_all_anomaly_strengths,diffusion_coeff,6000.0
RR,0,30,8820983848116756903,gateway_calibration,sweep:anomaly_pair:shared_scenarios,927.1804409604182,145,916.5478330109644,,,shared_all_anomaly_strengths,diffusion_coeff,6000.0
RR,0,31,7643153808516479349,gateway_calibration,sweep:anomaly_pair:shared_scenarios,809.0831229542475,126,916.5478330109644,,,shared_all_anomaly_strengths,diffusion_coeff,6000.0
RR,0,32,3795846149567597038,gateway_calibration,sweep:anomaly_pair:shared_scenarios,681.2008939074041,110,916.5478330109644,,,shared_all_anomaly_strengths,diffusion_coeff,6000.0
RR,0,33,8760001566670653492,gateway_calibration,sweep:anomaly_pair:shared_scenarios,617.1120590569471,120,916.5478330109644,,,shared_all_anomaly_strengths,diffusion_coeff,6000.0
RR,0,34,2744726624485914817,gateway_calibration,sweep:anomaly_pair:shared_scenarios,661.945870588001,122,916.5478330109644,,,shared_all_anomaly_strengths,diffusion_coeff,6000.0
RR,0,35,7310029771266914304,gateway_calibration,sweep:anomaly_pair:shared_scenarios,650.8092632492846,117,916.5478330109644,,,shared_all_anomaly_strengths,diffusion_coeff,6000.0
RR,0,36,8860427485777938866,gateway_calibration,sweep:anomaly_pair:shared_scenarios,697.8984082533665,113,916.5478330109644,,,shared_all_anomaly_strengths,diffusion_coeff,6000.0
RR,0,37,8598656038562839224,gateway_calibration,sweep:anomaly_pair:shared_scenarios,815.3782581193396,135,916.5478330109644,,,shared_all_anomaly_strengths,diffusion_coeff,6000.0
RR,0,38,8997019032754762713,gateway_calibration,sweep:anomaly_pair:shared_scenarios,825.157384085867,122,916.5478330109644,,,shared_all_anomaly_strengths,diffusion_coeff,6000.0
RR,0,39,4208817818748932462,gateway_calibration,sweep:anomaly_pair:shared_scenarios,677.6929313012657,106,916.5478330109644,,,shared_all_anomaly_strengths,diffusion_coeff,6000.0
RR,0,40,6068242829919299090,gateway_calibration,sweep:anomaly_pair:shared_scenarios,747.8091712046756,126,916.5478330109644,,,shared_all_anomaly_strengths,diffusion_coeff,6000.0
RR,0,41,4049042354117377146,gateway_calibration,sweep:anomaly_pair:shared_scenarios,666.9562762971482,132,916.5478330109644,,,shared_all_anomaly_strengths,diffusion_coeff,6000.0
RR,0,42,5126773472074832949,gateway_calibration,sweep:anomaly_pair:shared_scenarios,656.7919082180304,123,916.5478330109644,,,shared_all_anomaly_strengths,diffusion_coeff,6000.0
RR,0,43,6183996202129912428,gateway_calibration,sweep:anomaly_pair:shared_scenarios,718.3978185213815,126,916.5478330109644,,,shared_all_anomaly_strengths,diffusion_coeff,6000.0
RR,0,44,5034920799087487164,gateway_calibration,sweep:anomaly_pair:shared_scenarios,843.9248393855896,149,916.5478330109644,,,shared_all_anomaly_strengths,diffusion_coeff,6000.0
RR,0,45,5099780515566784822,gateway_calibration,sweep:anomaly_pair:shared_scenarios,771.5223750275618,122,916.5478330109644,,,shared_all_anomaly_strengths,diffusion_coeff,6000.0
RR,0,46,3743304880928594782,gateway_calibration,sweep:anomaly_pair:shared_scenarios,842.4415046302493,133,916.5478330109644,,,shared_all_anomaly_strengths,diffusion_coeff,6000.0
RR,0,47,7315397891830491094,gateway_calibration,sweep:anomaly_pair:shared_scenarios,922.1878053210297,141,916.5478330109644,,,shared_all_anomaly_strengths,diffusion_coeff,6000.0
RR,0,48,2190007532852709612,gateway_calibration,sweep:anomaly_pair:shared_scenarios,850.9716211109417,135,916.5478330109644,,,shared_all_anomaly_strengths,diffusion_coeff,6000.0
RR,0,49,120834209760926409,gateway_calibration,sweep:anomaly_pair:shared_scenarios,669.6561643359613,122,916.5478330109644,,,shared_all_anomaly_strengths,diffusion_coeff,6000.0
RR,0,50,3276339480421714797,gateway_calibration,sweep:anomaly_pair:shared_scenarios,716.968916493562,130,916.5478330109644,,,shared_all_anomaly_strengths,diffusion_coeff,6000.0
RR,0,51,7889239287137057542,gateway_calibration,sweep:anomaly_pair:shared_scenarios,778.3771424847467,132,916.5478330109644,,,shared_all_anomaly_strengths,diffusion_coeff,6000.0
RR,0,52,3388785810564520190,gateway_calibration,sweep:anomaly_pair:shared_scenarios,762.3973187146382,134,916.5478330109644,,,shared_all_anomaly_strengths,diffusion_coeff,6000.0
RR,0,53,5503237878395346684,gateway_calibration,sweep:anomaly_pair:shared_scenarios,745.9543169621115,115,916.5478330109644,,,shared_all_anomaly_strengths,diffusion_coeff,6000.0
RR,0,54,5415491490608218996,gateway_calibration,sweep:anomaly_pair:shared_scenarios,853.5118857135028,130,916.5478330109644,,,shared_all_anomaly_strengths,diffusion_coeff,6000.0
RR,0,55,26760604161946009,gateway_calibration,sweep:anomaly_pair:shared_scenarios,797.0972470717155,110,916.5478330109644,,,shared_all_anomaly_strengths,diffusion_coeff,6000.0
RR,0,56,6830352398876445275,gateway_calibration,sweep:anomaly_pair:shared_scenarios,710.6980140707904,127,916.5478330109644,,,shared_all_anomaly_strengths,diffusion_coeff,6000.0
RR,0,57,1406415348362794825,gateway_calibration,sweep:anomaly_pair:shared_scenarios,791.5353905497807,134,916.5478330109644,,,shared_all_anomaly_strengths,diffusion_coeff,6000.0
RR,0,58,7701508260034706105,gateway_calibration,sweep:anomaly_pair:shared_scenarios,762.2591758241962,130,916.5478330109644,,,shared_all_anomaly_strengths,diffusion_coeff,6000.0
RR,0,59,2711167823261115708,gateway_calibration,sweep:anomaly_pair:shared_scenarios,720.0656085921297,132,916.5478330109644,,,shared_all_anomaly_strengths,diffusion_coeff,6000.0
RR,0,60,3144340299977682071,gateway_calibration,sweep:anomaly_pair:shared_scenarios,815.4242533159868,114,916.5478330109644,,,shared_all_anomaly_strengths,diffusion_coeff,6000.0
RR,0,61,6563400931778538780,gateway_calibration,sweep:anomaly_pair:shared_scenarios,652.5644646460526,108,916.5478330109644,,,shared_all_anomaly_strengths,diffusion_coeff,6000.0
RR,0,62,2388043308876394469,gateway_calibration,sweep:anomaly_pair:shared_scenarios,874.9129964939387,147,916.5478330109644,,,shared_all_anomaly_strengths,diffusion_coeff,6000.0
RR,0,63,6824789488425972207,gateway_calibration,sweep:anomaly_pair:shared_scenarios,685.1287503806388,114,916.5478330109644,,,shared_all_anomaly_strengths,diffusion_coeff,6000.0
RR,0,64,1401432086598941843,gateway_calibration,sweep:anomaly_pair:shared_scenarios,916.4313254782538,136,916.5478330109644,,,shared_all_anomaly_strengths,diffusion_coeff,6000.0
RR,0,65,4672481713666300259,gateway_calibration,sweep:anomaly_pair:shared_scenarios,763.2649283719331,139,916.5478330109644,,,shared_all_anomaly_strengths,diffusion_coeff,6000.0
RR,0,66,6903420366369478612,gateway_calibration,sweep:anomaly_pair:shared_scenarios,748.3725561575272,129,916.5478330109644,,,shared_all_anomaly_strengths,diffusion_coeff,6000.0
RR,0,67,6898050963322559496,gateway_calibration,sweep:anomaly_pair:shared_scenarios,685.5286250261917,113,916.5478330109644,,,shared_all_anomaly_strengths,diffusion_coeff,6000.0
RR,0,68,614393272824454916,gateway_calibration,sweep:anomaly_pair:shared_scenarios,830.0415601456245,142,916.5478330109644,,,shared_all_anomaly_strengths,diffusion_coeff,6000.0
RR,0,69,672551910386015347,gateway_calibration,sweep:anomaly_pair:shared_scenarios,758.978788640581,134,916.5478330109644,,,shared_all_anomaly_strengths,diffusion_coeff,6000.0
RR,0,70,2982091152045645099,gateway_calibration,sweep:anomaly_pair:shared_scenarios,746.2179125979709,112,916.5478330109644,,,shared_all_anomaly_strengths,diffusion_coeff,6000.0
RR,0,71,823492357614472977,gateway_calibration,sweep:anomaly_pair:shared_scenarios,885.2479732218812,136,916.5478330109644,,,shared_all_anomaly_strengths,diffusion_coeff,6000.0
RR,0,72,4697794938409790858,gateway_calibration,sweep:anomaly_pair:shared_scenarios,640.356109619407,110,916.5478330109644,,,shared_all_anomaly_strengths,diffusion_coeff,6000.0
RR,0,73,6582019303472037237,gateway_calibration,sweep:anomaly_pair:shared_scenarios,906.0085789978618,128,916.5478330109644,,,shared_all_anomaly_strengths,diffusion_coeff,6000.0
RR,0,74,300672792335245350,gateway_calibration,sweep:anomaly_pair:shared_scenarios,629.9402311644753,117,916.5478330109644,,,shared_all_anomaly_strengths,diffusion_coeff,6000.0
RR,0,75,5751946339530838054,gateway_calibration,sweep:anomaly_pair:shared_scenarios,735.0065611642315,130,916.5478330109644,,,shared_all_anomaly_strengths,diffusion_coeff,6000.0
RR,0,76,961439938750258285,gateway_calibration,sweep:anomaly_pair:shared_scenarios,937.8460411458184,147,916.5478330109644,,,shared_all_anomaly_strengths,diffusion_coeff,6000.0
RR,0,77,3257887825763507863,gateway_calibration,sweep:anomaly_pair:shared_scenarios,720.6129071913033,125,916.5478330109644,,,shared_all_anomaly_strengths,diffusion_coeff,6000.0
RR,0,78,8166365252455630432,gateway_calibration,sweep:anomaly_pair:shared_scenarios,797.0705944904342,129,916.5478330109644,,,shared_all_anomaly_strengths,diffusion_coeff,6000.0
RR,0,79,2849578758725429319,gateway_calibration,sweep:anomaly_pair:shared_scenarios,808.6765266713916,128,916.5478330109644,,,shared_all_anomaly_strengths,diffusion_coeff,6000.0
RR,0,80,5847011703168282323,gateway_calibration,sweep:anomaly_pair:shared_scenarios,823.4155530288604,132,916.5478330109644,,,shared_all_anomaly_strengths,diffusion_coeff,6000.0
RR,0,81,7858864668525583430,gateway_calibration,sweep:anomaly_pair:shared_scenarios,482.49665669003684,95,916.5478330109644,,,shared_all_anomaly_strengths,diffusion_coeff,6000.0
RR,0,82,268940495404723730,gateway_calibration,sweep:anomaly_pair:shared_scenarios,533.0215412120544,103,916.5478330109644,,,shared_all_anomaly_strengths,diffusion_coeff,6000.0
RR,0,83,4400655767576069724,gateway_calibration,sweep:anomaly_pair:shared_scenarios,691.9753284060735,113,916.5478330109644,,,shared_all_anomaly_strengths,diffusion_coeff,6000.0
RR,0,84,7359957410266699792,gateway_calibration,sweep:anomaly_pair:shared_scenarios,856.051337340089,143,916.5478330109644,,,shared_all_anomaly_strengths,diffusion_coeff,6000.0
RR,0,85,4731760846268061734,gateway_calibration,sweep:anomaly_pair:shared_scenarios,724.3653888771596,134,916.5478330109644,,,shared_all_anomaly_strengths,diffusion_coeff,6000.0
RR,0,86,1992618809938800466,gateway_calibration,sweep:anomaly_pair:shared_scenarios,865.2827602056257,145,916.5478330109644,,,shared_all_anomaly_strengths,diffusion_coeff,6000.0
RR,0,87,8403004296001441656,gateway_calibration,sweep:anomaly_pair:shared_scenarios,685.6009440626568,122,916.5478330109644,,,shared_all_anomaly_strengths,diffusion_coeff,6000.0
RR,0,88,5944369264469843788,gateway_calibration,sweep:anomaly_pair:shared_scenarios,826.4424839291123,125,916.5478330109644,,,shared_all_anomaly_strengths,diffusion_coeff,6000.0
RR,0,89,216637230108974742,gateway_calibration,sweep:anomaly_pair:shared_scenarios,773.2339967202847,124,916.5478330109644,,,shared_all_anomaly_strengths,diffusion_coeff,6000.0
RR,0,90,896283027553350313,gateway_calibration,sweep:anomaly_pair:shared_scenarios,800.5080004865555,130,916.5478330109644,,,shared_all_anomaly_strengths,diffusion_coeff,6000.0
RR,0,91,2129979059599230336,gateway_calibration,sweep:anomaly_pair:shared_scenarios,709.5333994642933,111,916.5478330109644,,,shared_all_anomaly_strengths,diffusion_coeff,6000.0
RR,0,92,8440158530804782812,gateway_calibration,sweep:anomaly_pair:shared_scenarios,747.590700602686,126,916.5478330109644,,,shared_all_anomaly_strengths,diffusion_coeff,6000.0
RR,0,93,2515105766560126937,gateway_calibration,sweep:anomaly_pair:shared_scenarios,816.8021175520608,118,916.5478330109644,,,shared_all_anomaly_strengths,diffusion_coeff,6000.0
RR,0,94,7871536140642585085,gateway_calibration,sweep:anomaly_pair:shared_scenarios,681.4628984193644,117,916.5478330109644,,,shared_all_anomaly_strengths,diffusion_coeff,6000.0
RR,0,95,5141400087580602088,gateway_calibration,sweep:anomaly_pair:shared_scenarios,790.2474504476272,139,916.5478330109644,,,shared_all_anomaly_strengths,diffusion_coeff,6000.0
RR,0,96,8112959400662868633,gateway_calibration,sweep:anomaly_pair:shared_scenarios,669.0146627912571,112,916.5478330109644,,,shared_all_anomaly_strengths,diffusion_coeff,6000.0
RR,0,97,1078891354826946508,gateway_calibration,sweep:anomaly_pair:shared_scenarios,920.9798309322922,145,916.5478330109644,,,shared_all_anomaly_strengths,diffusion_coeff,6000.0
RR,0,98,2726858539062778841,gateway_calibration,sweep:anomaly_pair:shared_scenarios,685.0082065887317,106,916.5478330109644,,,shared_all_anomaly_strengths,diffusion_coeff,6000.0
RR,0,99,4880208515358931166,gateway_calibration,sweep:anomaly_pair:shared_scenarios,661.4120354132749,100,916.5478330109644,,,shared_all_anomaly_strengths,diffusion_coeff,6000.0
RR,0,100,9112943947571933379,gateway_calibration,sweep:anomaly_pair:shared_scenarios,798.6534086412623,117,916.5478330109644,,,shared_all_anomaly_strengths,diffusion_coeff,6000.0
RR,0,101,4842620908627243129,gateway_calibration,sweep:anomaly_pair:shared_scenarios,660.0085489303106,113,916.5478330109644,,,shared_all_anomaly_strengths,diffusion_coeff,6000.0
RR,0,102,9221364585446048791,gateway_calibration,sweep:anomaly_pair:shared_scenarios,908.8206012963274,143,916.5478330109644,,,shared_all_anomaly_strengths,diffusion_coeff,6000.0
RR,0,103,3494744169553416929,gateway_calibration,sweep:anomaly_pair:shared_scenarios,692.4753610796608,121,916.5478330109644,,,shared_all_anomaly_strengths,diffusion_coeff,6000.0
RR,0,104,7233638741406416371,gateway_calibration,sweep:anomaly_pair:shared_scenarios,827.5162826110973,130,916.5478330109644,,,shared_all_anomaly_strengths,diffusion_coeff,6000.0
RR,0,105,3641336694656935735,gateway_calibration,sweep:anomaly_pair:shared_scenarios,893.5522919916634,115,916.5478330109644,,,shared_all_anomaly_strengths,diffusion_coeff,6000.0
RR,0,106,3835715673444251126,gateway_calibration,sweep:anomaly_pair:shared_scenarios,747.636711176297,123,916.5478330109644,,,shared_all_anomaly_strengths,diffusion_coeff,6000.0
RR,0,107,2714185319899586904,gateway_calibration,sweep:anomaly_pair:shared_scenarios,854.139652474794,131,916.5478330109644,,,shared_all_anomaly_strengths,diffusion_coeff,6000.0
RR,0,108,7065677078823521164,gateway_calibration,sweep:anomaly_pair:shared_scenarios,779.9503948980345,132,916.5478330109644,,,shared_all_anomaly_strengths,diffusion_coeff,6000.0
RR,0,109,1054405605846734754,gateway_calibration,sweep:anomaly_pair:shared_scenarios,833.6520996728708,128,916.5478330109644,,,shared_all_anomaly_strengths,diffusion_coeff,6000.0
RR,0,110,2962441662239683096,gateway_calibration,sweep:anomaly_pair:shared_scenarios,801.0052947139345,141,916.5478330109644,,,shared_all_anomaly_strengths,diffusion_coeff,6000.0
RR,0,111,4129263628419206857,gateway_calibration,sweep:anomaly_pair:shared_scenarios,751.7684199392339,112,916.5478330109644,,,shared_all_anomaly_strengths,diffusion_coeff,6000.0
RR,0,112,1622360177596404131,gateway_calibration,sweep:anomaly_pair:shared_scenarios,821.8081216005115,122,916.5478330109644,,,shared_all_anomaly_strengths,diffusion_coeff,6000.0
RR,0,113,2330463691884836340,gateway_calibration,sweep:anomaly_pair:shared_scenarios,796.6367642062065,129,916.5478330109644,,,shared_all_anomaly_strengths,diffusion_coeff,6000.0
RR,0,114,2652712276700624970,gateway_calibration,sweep:anomaly_pair:shared_scenarios,713.4578238311506,123,916.5478330109644,,,shared_all_anomaly_strengths,diffusion_coeff,6000.0
RR,0,115,6210151626445176008,gateway_calibration,sweep:anomaly_pair:shared_scenarios,841.2706794809054,136,916.5478330109644,,,shared_all_anomaly_strengths,diffusion_coeff,6000.0
RR,0,116,5484880361464436307,gateway_calibration,sweep:anomaly_pair:shared_scenarios,649.1626676526961,123,916.5478330109644,,,shared_all_anomaly_strengths,diffusion_coeff,6000.0
RR,0,117,9083936004600730053,gateway_calibration,sweep:anomaly_pair:shared_scenarios,728.1888459259557,119,916.5478330109644,,,shared_all_anomaly_strengths,diffusion_coeff,6000.0
RR,0,118,7499139004400980353,gateway_calibration,sweep:anomaly_pair:shared_scenarios,708.0985255744692,128,916.5478330109644,,,shared_all_anomaly_strengths,diffusion_coeff,6000.0
RR,0,119,426229976672197883,gateway_calibration,sweep:anomaly_pair:shared_scenarios,912.6654639854816,130,916.5478330109644,,,shared_all_anomaly_strengths,diffusion_coeff,6000.0
RR,0,120,246508369912879822,gateway_calibration,sweep:anomaly_pair:shared_scenarios,666.5395451807773,120,916.5478330109644,,,shared_all_anomaly_strengths,diffusion_coeff,6000.0
RR,0,121,2652398091327796019,gateway_calibration,sweep:anomaly_pair:shared_scenarios,789.7861552667378,140,916.5478330109644,,,shared_all_anomaly_strengths,diffusion_coeff,6000.0
RR,0,122,5503532496059794744,gateway_calibration,sweep:anomaly_pair:shared_scenarios,654.2408485281013,114,916.5478330109644,,,shared_all_anomaly_strengths,diffusion_coeff,6000.0
RR,0,123,8329007375693140607,gateway_calibration,sweep:anomaly_pair:shared_scenarios,686.6600502111199,125,916.5478330109644,,,shared_all_anomaly_strengths,diffusion_coeff,6000.0
RR,0,124,4366984316536531468,gateway_calibration,sweep:anomaly_pair:shared_scenarios,722.6119851627745,127,916.5478330109644,,,shared_all_anomaly_strengths,diffusion_coeff,6000.0
RR,0,125,6198917521197951328,gateway_calibration,sweep:anomaly_pair:shared_scenarios,787.1208139519547,134,916.5478330109644,,,shared_all_anomaly_strengths,diffusion_coeff,6000.0
RR,0,126,3901305802510177060,gateway_calibration,sweep:anomaly_pair:shared_scenarios,748.6669568795411,145,916.5478330109644,,,shared_all_anomaly_strengths,diffusion_coeff,6000.0
RR,0,127,3651935198066528014,gateway_calibration,sweep:anomaly_pair:shared_scenarios,712.6679659256056,113,916.5478330109644,,,shared_all_anomaly_strengths,diffusion_coeff,6000.0
RR,0,128,3665222385996101800,gateway_calibration,sweep:anomaly_pair:shared_scenarios,614.7949255195466,115,916.5478330109644,,,shared_all_anomaly_strengths,diffusion_coeff,6000.0
RR,0,129,3695450124233607618,gateway_calibration,sweep:anomaly_pair:shared_scenarios,708.7211175077589,108,916.5478330109644,,,shared_all_anomaly_strengths,diffusion_coeff,6000.0
RR,0,130,4507573490889405567,gateway_calibration,sweep:anomaly_pair:shared_scenarios,677.6017996866813,107,916.5478330109644,,,shared_all_anomaly_strengths,diffusion_coeff,6000.0
RR,0,131,6622006059011695217,gateway_calibration,sweep:anomaly_pair:shared_scenarios,843.8146980461553,141,916.5478330109644,,,shared_all_anomaly_strengths,diffusion_coeff,6000.0
RR,0,132,1072149559379176970,gateway_calibration,sweep:anomaly_pair:shared_scenarios,830.1661879100606,127,916.5478330109644,,,shared_all_anomaly_strengths,diffusion_coeff,6000.0
RR,0,133,2236710786858836466,gateway_calibration,sweep:anomaly_pair:shared_scenarios,746.9735555537258,125,916.5478330109644,,,shared_all_anomaly_strengths,diffusion_coeff,6000.0
RR,0,134,4061241335305450115,gateway_calibration,sweep:anomaly_pair:shared_scenarios,526.6673583891231,109,916.5478330109644,,,shared_all_anomaly_strengths,diffusion_coeff,6000.0
RR,0,135,4458267631564501530,gateway_calibration,sweep:anomaly_pair:shared_scenarios,669.3009805228946,129,916.5478330109644,,,shared_all_anomaly_strengths,diffusion_coeff,6000.0
RR,0,136,4602541395243770802,gateway_calibration,sweep:anomaly_pair:shared_scenarios,621.159627897483,113,916.5478330109644,,,shared_all_anomaly_strengths,diffusion_coeff,6000.0
RR,0,137,8154260143710516340,gateway_calibration,sweep:anomaly_pair:shared_scenarios,768.4008655252233,127,916.5478330109644,,,shared_all_anomaly_strengths,diffusion_coeff,6000.0
RR,0,138,7114745814847013655,gateway_calibration,sweep:anomaly_pair:shared_scenarios,877.2407333897222,141,916.5478330109644,,,shared_all_anomaly_strengths,diffusion_coeff,6000.0
RR,0,139,7504069718206669675,gateway_calibration,sweep:anomaly_pair:shared_scenarios,773.8831950840051,121,916.5478330109644,,,shared_all_anomaly_strengths,diffusion_coeff,6000.0
RR,0,140,2484320023919988263,gateway_calibration,sweep:anomaly_pair:shared_scenarios,777.619089011966,114,916.5478330109644,,,shared_all_anomaly_strengths,diffusion_coeff,6000.0
RR,0,141,5967893154890299710,gateway_calibration,sweep:anomaly_pair:shared_scenarios,715.5011201238431,139,916.5478330109644,,,shared_all_anomaly_strengths,diffusion_coeff,6000.0
RR,0,142,8551485174213736670,gateway_calibration,sweep:anomaly_pair:shared_scenarios,643.7488566276929,122,916.5478330109644,,,shared_all_anomaly_strengths,diffusion_coeff,6000.0
RR,0,143,400428821000820213,gateway_calibration,sweep:anomaly_pair:shared_scenarios,786.539456264744,120,916.5478330109644,,,shared_all_anomaly_strengths,diffusion_coeff,6000.0
RR,0,144,4671208357574952400,gateway_calibration,sweep:anomaly_pair:shared_scenarios,603.8782783934009,108,916.5478330109644,,,shared_all_anomaly_strengths,diffusion_coeff,6000.0
RR,0,145,2717424151482641221,gateway_calibration,sweep:anomaly_pair:shared_scenarios,833.2318853845569,127,916.5478330109644,,,shared_all_anomaly_strengths,diffusion_coeff,6000.0
RR,0,146,7103388310734235320,gateway_calibration,sweep:anomaly_pair:shared_scenarios,854.855848699545,132,916.5478330109644,,,shared_all_anomaly_strengths,diffusion_coeff,6000.0
RR,0,147,6613689040717774173,gateway_calibration,sweep:anomaly_pair:shared_scenarios,796.0328510766761,127,916.5478330109644,,,shared_all_anomaly_strengths,diffusion_coeff,6000.0
RR,0,148,3013865715162790417,gateway_calibration,sweep:anomaly_pair:shared_scenarios,660.6806924107012,128,916.5478330109644,,,shared_all_anomaly_strengths,diffusion_coeff,6000.0
RR,0,149,5411062845189856806,gateway_calibration,sweep:anomaly_pair:shared_scenarios,614.0680412990957,107,916.5478330109644,,,shared_all_anomaly_strengths,diffusion_coeff,6000.0
RR,0,150,753526066345137121,gateway_calibration,sweep:anomaly_pair:shared_scenarios,843.8374444632027,120,916.5478330109644,,,shared_all_anomaly_strengths,diffusion_coeff,6000.0
RR,0,151,5517788874787541446,gateway_calibration,sweep:anomaly_pair:shared_scenarios,807.7680601231808,135,916.5478330109644,,,shared_all_anomaly_strengths,diffusion_coeff,6000.0
RR,0,152,3012173983135274094,gateway_calibration,sweep:anomaly_pair:shared_scenarios,677.4670219273752,137,916.5478330109644,,,shared_all_anomaly_strengths,diffusion_coeff,6000.0
RR,0,153,7525768142714343326,gateway_calibration,sweep:anomaly_pair:shared_scenarios,614.6823776636536,109,916.5478330109644,,,shared_all_anomaly_strengths,diffusion_coeff,6000.0
RR,0,154,5795757086317543101,gateway_calibration,sweep:anomaly_pair:shared_scenarios,675.9877587038096,101,916.5478330109644,,,shared_all_anomaly_strengths,diffusion_coeff,6000.0
RR,0,155,1489560090090177220,gateway_calibration,sweep:anomaly_pair:shared_scenarios,739.1822054708515,125,916.5478330109644,,,shared_all_anomaly_strengths,diffusion_coeff,6000.0
RR,0,156,5650023223194757707,gateway_calibration,sweep:anomaly_pair:shared_scenarios,830.3588163715045,118,916.5478330109644,,,shared_all_anomaly_strengths,diffusion_coeff,6000.0
RR,0,157,9095396682315926676,gateway_calibration,sweep:anomaly_pair:shared_scenarios,757.7259832875051,126,916.5478330109644,,,shared_all_anomaly_strengths,diffusion_coeff,6000.0
RR,0,158,3646421855625731332,gateway_calibration,sweep:anomaly_pair:shared_scenarios,716.9934809879713,114,916.5478330109644,,,shared_all_anomaly_strengths,diffusion_coeff,6000.0
RR,0,159,2731180400104840963,gateway_calibration,sweep:anomaly_pair:shared_scenarios,889.6836647060626,128,916.5478330109644,,,shared_all_anomaly_strengths,diffusion_coeff,6000.0
RR,0,160,6525253475390859142,gateway_calibration,sweep:anomaly_pair:shared_scenarios,882.4897650892641,146,916.5478330109644,,,shared_all_anomaly_strengths,diffusion_coeff,6000.0
RR,0,161,5342702562007933787,gateway_calibration,sweep:anomaly_pair:shared_scenarios,665.1979080306132,122,916.5478330109644,,,shared_all_anomaly_strengths,diffusion_coeff,6000.0
RR,0,162,1696163523599298321,gateway_calibration,sweep:anomaly_pair:shared_scenarios,867.6446043250495,138,916.5478330109644,,,shared_all_anomaly_strengths,diffusion_coeff,6000.0
RR,0,163,3743667071636317329,gateway_calibration,sweep:anomaly_pair:shared_scenarios,889.0367721055712,148,916.5478330109644,,,shared_all_anomaly_strengths,diffusion_coeff,6000.0
RR,0,164,1703215274657857080,gateway_calibration,sweep:anomaly_pair:shared_scenarios,829.5949842183456,124,916.5478330109644,,,shared_all_anomaly_strengths,diffusion_coeff,6000.0
RR,0,165,3749419661803877216,gateway_calibration,sweep:anomaly_pair:shared_scenarios,654.5004023900603,104,916.5478330109644,,,shared_all_anomaly_strengths,diffusion_coeff,6000.0
RR,0,166,1022849663340299120,gateway_calibration,sweep:anomaly_pair:shared_scenarios,735.912152889764,122,916.5478330109644,,,shared_all_anomaly_strengths,diffusion_coeff,6000.0
RR,0,167,812573164251080741,gateway_calibration,sweep:anomaly_pair:shared_scenarios,773.4770067435708,132,916.5478330109644,,,shared_all_anomaly_strengths,diffusion_coeff,6000.0
RR,0,168,9181789161802016476,gateway_calibration,sweep:anomaly_pair:shared_scenarios,785.8727173333793,127,916.5478330109644,,,shared_all_anomaly_strengths,diffusion_coeff,6000.0
RR,0,169,41852731993844740,gateway_calibration,sweep:anomaly_pair:shared_scenarios,800.0600322736052,126,916.5478330109644,,,shared_all_anomaly_strengths,diffusion_coeff,6000.0
RR,0,170,2160723943465049599,gateway_calibration,sweep:anomaly_pair:shared_scenarios,773.4671457510759,127,916.5478330109644,,,shared_all_anomaly_strengths,diffusion_coeff,6000.0
RR,0,171,4956274529951239709,gateway_calibration,sweep:anomaly_pair:shared_scenarios,930.5837657889033,134,916.5478330109644,,,shared_all_anomaly_strengths,diffusion_coeff,6000.0
RR,0,172,6793317195616864064,gateway_calibration,sweep:anomaly_pair:shared_scenarios,830.1648719213127,137,916.5478330109644,,,shared_all_anomaly_strengths,diffusion_coeff,6000.0
RR,0,173,4303638152728383403,gateway_calibration,sweep:anomaly_pair:shared_scenarios,810.8818602914263,127,916.5478330109644,,,shared_all_anomaly_strengths,diffusion_coeff,6000.0
RR,0,174,7314201943706610406,gateway_calibration,sweep:anomaly_pair:shared_scenarios,798.3197187838655,130,916.5478330109644,,,shared_all_anomaly_strengths,diffusion_coeff,6000.0
RR,0,175,1512635151930618621,gateway_calibration,sweep:anomaly_pair:shared_scenarios,758.8063708907482,127,916.5478330109644,,,shared_all_anomaly_strengths,diffusion_coeff,6000.0
RR,0,176,8308315004410766501,gateway_calibration,sweep:anomaly_pair:shared_scenarios,848.5239234821838,134,916.5478330109644,,,shared_all_anomaly_strengths,diffusion_coeff,6000.0
RR,0,177,8366281085404403237,gateway_calibration,sweep:anomaly_pair:shared_scenarios,631.6732961483178,115,916.5478330109644,,,shared_all_anomaly_strengths,diffusion_coeff,6000.0
RR,0,178,3431044729523368993,gateway_calibration,sweep:anomaly_pair:shared_scenarios,732.2554764483443,136,916.5478330109644,,,shared_all_anomaly_strengths,diffusion_coeff,6000.0
RR,0,179,2007998228956077302,gateway_calibration,sweep:anomaly_pair:shared_scenarios,842.6862385365966,120,916.5478330109644,,,shared_all_anomaly_strengths,diffusion_coeff,6000.0
RR,0,180,8751753062912985555,gateway_calibration,sweep:anomaly_pair:shared_scenarios,778.515802943811,128,916.5478330109644,,,shared_all_anomaly_strengths,diffusion_coeff,6000.0
RR,0,181,6021098798304103526,gateway_calibration,sweep:anomaly_pair:shared_scenarios,762.8790078054637,138,916.5478330109644,,,shared_all_anomaly_strengths,diffusion_coeff,6000.0
RR,0,182,6935358694610535876,gateway_calibration,sweep:anomaly_pair:shared_scenarios,735.6074689735083,130,916.5478330109644,,,shared_all_anomaly_strengths,diffusion_coeff,6000.0
RR,0,183,8750411618794352639,gateway_calibration,sweep:anomaly_pair:shared_scenarios,675.6432399572913,124,916.5478330109644,,,shared_all_anomaly_strengths,diffusion_coeff,6000.0
RR,0,184,5456778154641903347,gateway_calibration,sweep:anomaly_pair:shared_scenarios,773.9233235165057,144,916.5478330109644,,,shared_all_anomaly_strengths,diffusion_coeff,6000.0
RR,0,185,1287740648467288647,gateway_calibration,sweep:anomaly_pair:shared_scenarios,645.1358171491752,114,916.5478330109644,,,shared_all_anomaly_strengths,diffusion_coeff,6000.0
RR,0,186,5407093370613870835,gateway_calibration,sweep:anomaly_pair:shared_scenarios,743.284254221757,127,916.5478330109644,,,shared_all_anomaly_strengths,diffusion_coeff,6000.0
RR,0,187,3818214081160493,gateway_calibration,sweep:anomaly_pair:shared_scenarios,769.8302967106928,133,916.5478330109644,,,shared_all_anomaly_strengths,diffusion_coeff,6000.0
RR,0,188,4306571545613910018,gateway_calibration,sweep:anomaly_pair:shared_scenarios,654.9730831337977,120,916.5478330109644,,,shared_all_anomaly_strengths,diffusion_coeff,6000.0
RR,0,189,1959307662180969903,gateway_calibration,sweep:anomaly_pair:shared_scenarios,867.1439087321043,130,916.5478330109644,,,shared_all_anomaly_strengths,diffusion_coeff,6000.0
RR,0,190,4992208587719153238,gateway_calibration,sweep:anomaly_pair:shared_scenarios,663.3670403793935,124,916.5478330109644,,,shared_all_anomaly_strengths,diffusion_coeff,6000.0
RR,0,191,5365441848557421041,gateway_calibration,sweep:anomaly_pair:shared_scenarios,881.7657728237558,144,916.5478330109644,,,shared_all_anomaly_strengths,diffusion_coeff,6000.0
RR,0,192,1408715418700674555,gateway_calibration,sweep:anomaly_pair:shared_scenarios,765.0061961218854,123,916.5478330109644,,,shared_all_anomaly_strengths,diffusion_coeff,6000.0
RR,0,193,8108843531229667530,gateway_calibration,sweep:anomaly_pair:shared_scenarios,898.920320655508,137,916.5478330109644,,,shared_all_anomaly_strengths,diffusion_coeff,6000.0
RR,0,194,5355952040063825204,gateway_calibration,sweep:anomaly_pair:shared_scenarios,878.9000097276376,127,916.5478330109644,,,shared_all_anomaly_strengths,diffusion_coeff,6000.0
RR,0,195,3749598425399707804,gateway_calibration,sweep:anomaly_pair:shared_scenarios,875.7888075302743,125,916.5478330109644,,,shared_all_anomaly_strengths,diffusion_coeff,6000.0
RR,0,196,2149480101104034459,gateway_calibration,sweep:anomaly_pair:shared_scenarios,829.6161557624339,132,916.5478330109644,,,shared_all_anomaly_strengths,diffusion_coeff,6000.0
RR,0,197,2249485913525693031,gateway_calibration,sweep:anomaly_pair:shared_scenarios,870.9556542368206,144,916.5478330109644,,,shared_all_anomaly_strengths,diffusion_coeff,6000.0
RR,0,198,7943041684628071969,gateway_calibration,sweep:anomaly_pair:shared_scenarios,927.5230400443779,143,916.5478330109644,,,shared_all_anomaly_strengths,diffusion_coeff,6000.0
RR,0,199,5498905627511140374,gateway_calibration,sweep:anomaly_pair:shared_scenarios,877.0666699607121,145,916.5478330109644,,,shared_all_anomaly_strengths,diffusion_coeff,6000.0
RR,0,200,3602637090699499683,gateway_calibration,sweep:anomaly_pair:shared_scenarios,777.7579520494836,125,916.5478330109644,,,shared_all_anomaly_strengths,diffusion_coeff,6000.0
RR,0,201,7286351669153130392,gateway_calibration,sweep:anomaly_pair:shared_scenarios,828.1398568767086,114,916.5478330109644,,,shared_all_anomaly_strengths,diffusion_coeff,6000.0
RR,0,202,3191901830673673490,gateway_calibration,sweep:anomaly_pair:shared_scenarios,601.2345073459242,121,916.5478330109644,,,shared_all_anomaly_strengths,diffusion_coeff,6000.0
RR,0,203,8524659376700415706,gateway_calibration,sweep:anomaly_pair:shared_scenarios,967.5842134824267,139,916.5478330109644,,,shared_all_anomaly_strengths,diffusion_coeff,6000.0
RR,0,204,6349588482576067091,gateway_calibration,sweep:anomaly_pair:shared_scenarios,760.5222020060048,120,916.5478330109644,,,shared_all_anomaly_strengths,diffusion_coeff,6000.0
RR,0,205,7988033359410408816,gateway_calibration,sweep:anomaly_pair:shared_scenarios,772.970947764871,126,916.5478330109644,,,shared_all_anomaly_strengths,diffusion_coeff,6000.0
RR,0,206,8515216027005570369,gateway_calibration,sweep:anomaly_pair:shared_scenarios,636.1373249132769,114,916.5478330109644,,,shared_all_anomaly_strengths,diffusion_coeff,6000.0
RR,0,207,6416540730684243514,gateway_calibration,sweep:anomaly_pair:shared_scenarios,602.0461081928804,108,916.5478330109644,,,shared_all_anomaly_strengths,diffusion_coeff,6000.0
RR,0,208,602517514173483864,gateway_calibration,sweep:anomaly_pair:shared_scenarios,739.6747495284718,125,916.5478330109644,,,shared_all_anomaly_strengths,diffusion_coeff,6000.0
RR,0,209,3465670740941638925,gateway_calibration,sweep:anomaly_pair:shared_scenarios,933.2106533939593,143,916.5478330109644,,,shared_all_anomaly_strengths,diffusion_coeff,6000.0
RR,0,210,3944025305726431335,gateway_calibration,sweep:anomaly_pair:shared_scenarios,790.3884948314894,143,916.5478330109644,,,shared_all_anomaly_strengths,diffusion_coeff,6000.0
RR,0,211,2339277267613070629,gateway_calibration,sweep:anomaly_pair:shared_scenarios,645.2937018307048,120,916.5478330109644,,,shared_all_anomaly_strengths,diffusion_coeff,6000.0
RR,0,212,7600535093870098984,gateway_calibration,sweep:anomaly_pair:shared_scenarios,690.6168732712042,125,916.5478330109644,,,shared_all_anomaly_strengths,diffusion_coeff,6000.0
RR,0,213,3861443108061582389,gateway_calibration,sweep:anomaly_pair:shared_scenarios,632.9424516114867,128,916.5478330109644,,,shared_all_anomaly_strengths,diffusion_coeff,6000.0
RR,0,214,3250073084552866822,gateway_calibration,sweep:anomaly_pair:shared_scenarios,911.0830266372645,141,916.5478330109644,,,shared_all_anomaly_strengths,diffusion_coeff,6000.0
RR,0,215,8591855540292640479,gateway_calibration,sweep:anomaly_pair:shared_scenarios,648.1040089998032,114,916.5478330109644,,,shared_all_anomaly_strengths,diffusion_coeff,6000.0
RR,0,216,3408653263756247515,gateway_calibration,sweep:anomaly_pair:shared_scenarios,879.8129615959525,146,916.5478330109644,,,shared_all_anomaly_strengths,diffusion_coeff,6000.0
RR,0,217,2181672054838164337,gateway_calibration,sweep:anomaly_pair:shared_scenarios,848.846950602172,144,916.5478330109644,,,shared_all_anomaly_strengths,diffusion_coeff,6000.0
RR,0,218,1689637169394222035,gateway_calibration,sweep:anomaly_pair:shared_scenarios,727.5913665738035,120,916.5478330109644,,,shared_all_anomaly_strengths,diffusion_coeff,6000.0
RR,0,219,5046962185951232574,gateway_calibration,sweep:anomaly_pair:shared_scenarios,783.796167714034,129,916.5478330109644,,,shared_all_anomaly_strengths,diffusion_coeff,6000.0
RR,0,220,9018680245675993190,gateway_calibration,sweep:anomaly_pair:shared_scenarios,800.663516826151,132,916.5478330109644,,,shared_all_anomaly_strengths,diffusion_coeff,6000.0
RR,0,221,8785852485249820827,gateway_calibration,sweep:anomaly_pair:shared_scenarios,813.1560479593335,136,916.5478330109644,,,shared_all_anomaly_strengths,diffusion_coeff,6000.0
RR,0,222,34609839810900876,gateway_calibration,sweep:anomaly_pair:shared_scenarios,660.6300566489957,127,916.5478330109644,,,shared_all_anomaly_strengths,diffusion_coeff,6000.0
RR,0,223,4892593663520200719,gateway_calibration,sweep:anomaly_pair:shared_scenarios,894.1643532740828,137,916.5478330109644,,,shared_all_anomaly_strengths,diffusion_coeff,6000.0
RR,0,224,1595203616003947553,gateway_calibration,sweep:anomaly_pair:shared_scenarios,870.3957065582945,130,916.5478330109644,,,shared_all_anomaly_strengths,diffusion_coeff,6000.0
RR,0,225,7424048805208454819,gateway_calibration,sweep:anomaly_pair:shared_scenarios,939.3747243053431,129,916.5478330109644,,,shared_all_anomaly_strengths,diffusion_coeff,6000.0
RR,0,226,2920126023839666219,gateway_calibration,sweep:anomaly_pair:shared_scenarios,732.7712117127307,114,916.5478330109644,,,shared_all_anomaly_strengths,diffusion_coeff,6000.0
RR,0,227,382931740595247515,gateway_calibration,sweep:anomaly_pair:shared_scenarios,762.1834014066104,136,916.5478330109644,,,shared_all_anomaly_strengths,diffusion_coeff,6000.0
RR,0,228,8014502905414229746,gateway_calibration,sweep:anomaly_pair:shared_scenarios,847.0805149697838,131,916.5478330109644,,,shared_all_anomaly_strengths,diffusion_coeff,6000.0
RR,0,229,4743279688235879997,gateway_calibration,sweep:anomaly_pair:shared_scenarios,651.3434347880233,121,916.5478330109644,,,shared_all_anomaly_strengths,diffusion_coeff,6000.0
RR,0,230,1572592790386553068,gateway_calibration,sweep:anomaly_pair:shared_scenarios,742.9672205433354,117,916.5478330109644,,,shared_all_anomaly_strengths,diffusion_coeff,6000.0
RR,0,231,6252360334841237253,gateway_calibration,sweep:anomaly_pair:shared_scenarios,679.4733628304743,111,916.5478330109644,,,shared_all_anomaly_strengths,diffusion_coeff,6000.0
RR,0,232,6969017964403244413,gateway_calibration,sweep:anomaly_pair:shared_scenarios,770.0776617157611,132,916.5478330109644,,,shared_all_anomaly_strengths,diffusion_coeff,6000.0
RR,0,233,1610212804197154449,gateway_calibration,sweep:anomaly_pair:shared_scenarios,953.0152273771321,140,916.5478330109644,,,shared_all_anomaly_strengths,diffusion_coeff,6000.0
RR,0,234,6647587057665530600,gateway_calibration,sweep:anomaly_pair:shared_scenarios,629.4922796839033,116,916.5478330109644,,,shared_all_anomaly_strengths,diffusion_coeff,6000.0
RR,0,235,3531987962649334536,gateway_calibration,sweep:anomaly_pair:shared_scenarios,697.4704599088954,133,916.5478330109644,,,shared_all_anomaly_strengths,diffusion_coeff,6000.0
RR,0,236,6609225715223448195,gateway_calibration,sweep:anomaly_pair:shared_scenarios,936.0127464754473,145,916.5478330109644,,,shared_all_anomaly_strengths,diffusion_coeff,6000.0
RR,0,237,6784175964849256680,gateway_calibration,sweep:anomaly_pair:shared_scenarios,691.5186034257986,114,916.5478330109644,,,shared_all_anomaly_strengths,diffusion_coeff,6000.0
RR,0,238,771076435409536658,gateway_calibration,sweep:anomaly_pair:shared_scenarios,718.8392014041291,120,916.5478330109644,,,shared_all_anomaly_strengths,diffusion_coeff,6000.0
RR,0,239,1557660180791943490,gateway_calibration,sweep:anomaly_pair:shared_scenarios,701.8878102849882,127,916.5478330109644,,,shared_all_anomaly_strengths,diffusion_coeff,6000.0
RR,0,240,8213476521277927481,gateway_calibration,sweep:anomaly_pair:shared_scenarios,760.8211837684705,119,916.5478330109644,,,shared_all_anomaly_strengths,diffusion_coeff,6000.0
RR,0,241,2142536073008782941,gateway_calibration,sweep:anomaly_pair:shared_scenarios,743.3711571184754,132,916.5478330109644,,,shared_all_anomaly_strengths,diffusion_coeff,6000.0
RR,0,242,972861009822655055,gateway_calibration,sweep:anomaly_pair:shared_scenarios,787.0676911767385,112,916.5478330109644,,,shared_all_anomaly_strengths,diffusion_coeff,6000.0
RR,0,243,7555691644283107163,gateway_calibration,sweep:anomaly_pair:shared_scenarios,744.4688596351854,114,916.5478330109644,,,shared_all_anomaly_strengths,diffusion_coeff,6000.0
RR,0,244,3765971885569387299,gateway_calibration,sweep:anomaly_pair:shared_scenarios,860.6403297644837,127,916.5478330109644,,,shared_all_anomaly_strengths,diffusion_coeff,6000.0
RR,0,245,5592160503430992696,gateway_calibration,sweep:anomaly_pair:shared_scenarios,928.2863323299522,129,916.5478330109644,,,shared_all_anomaly_strengths,diffusion_coeff,6000.0
RR,0,246,1478843254938813623,gateway_calibration,sweep:anomaly_pair:shared_scenarios,705.2668855055707,118,916.5478330109644,,,shared_all_anomaly_strengths,diffusion_coeff,6000.0
RR,0,247,1942727857375669376,gateway_calibration,sweep:anomaly_pair:shared_scenarios,713.6795553219289,122,916.5478330109644,,,shared_all_anomaly_strengths,diffusion_coeff,6000.0
RR,0,248,8887415122826351358,gateway_calibration,sweep:anomaly_pair:shared_scenarios,893.846696948345,147,916.5478330109644,,,shared_all_anomaly_strengths,diffusion_coeff,6000.0
RR,0,249,4016396015928191167,gateway_calibration,sweep:anomaly_pair:shared_scenarios,665.9622495671912,125,916.5478330109644,,,shared_all_anomaly_strengths,diffusion_coeff,6000.0
RR,0,250,545721072604639066,gateway_calibration,sweep:anomaly_pair:shared_scenarios,772.58976155623,128,916.5478330109644,,,shared_all_anomaly_strengths,diffusion_coeff,6000.0
RR,0,251,5849536730748012463,gateway_calibration,sweep:anomaly_pair:shared_scenarios,776.7535597549274,135,916.5478330109644,,,shared_all_anomaly_strengths,diffusion_coeff,6000.0
RR,0,252,1771686267565403887,gateway_calibration,sweep:anomaly_pair:shared_scenarios,744.661587947036,118,916.5478330109644,,,shared_all_anomaly_strengths,diffusion_coeff,6000.0
RR,0,253,527015852999154159,gateway_calibration,sweep:anomaly_pair:shared_scenarios,673.2914072583822,125,916.5478330109644,,,shared_all_anomaly_strengths,diffusion_coeff,6000.0
RR,0,254,795232045204162150,gateway_calibration,sweep:anomaly_pair:shared_scenarios,756.3981051314861,130,916.5478330109644,,,shared_all_anomaly_strengths,diffusion_coeff,6000.0
RR,0,255,2003186406057830921,gateway_calibration,sweep:anomaly_pair:shared_scenarios,723.1184993105147,119,916.5478330109644,,,shared_all_anomaly_strengths,diffusion_coeff,6000.0
RR,0,256,6455722452370991548,gateway_calibration,sweep:anomaly_pair:shared_scenarios,827.6162363024923,125,916.5478330109644,,,shared_all_anomaly_strengths,diffusion_coeff,6000.0
RR,0,257,3067394350402456365,gateway_calibration,sweep:anomaly_pair:shared_scenarios,685.8083571678984,106,916.5478330109644,,,shared_all_anomaly_strengths,diffusion_coeff,6000.0
RR,0,258,6475421966152866023,gateway_calibration,sweep:anomaly_pair:shared_scenarios,902.0457315991368,130,916.5478330109644,,,shared_all_anomaly_strengths,diffusion_coeff,6000.0
RR,0,259,3761046985503647801,gateway_calibration,sweep:anomaly_pair:shared_scenarios,639.5204619363132,115,916.5478330109644,,,shared_all_anomaly_strengths,diffusion_coeff,6000.0
RR,0,260,2385970463494678191,gateway_calibration,sweep:anomaly_pair:shared_scenarios,760.6408833128943,114,916.5478330109644,,,shared_all_anomaly_strengths,diffusion_coeff,6000.0
RR,0,261,5183448992162080607,gateway_calibration,sweep:anomaly_pair:shared_scenarios,825.296247718355,130,916.5478330109644,,,shared_all_anomaly_strengths,diffusion_coeff,6000.0
RR,0,262,6268266913998342604,gateway_calibration,sweep:anomaly_pair:shared_scenarios,693.8039170773366,130,916.5478330109644,,,shared_all_anomaly_strengths,diffusion_coeff,6000.0
RR,0,263,21012256327926221,gateway_calibration,sweep:anomaly_pair:shared_scenarios,813.1028798545384,143,916.5478330109644,,,shared_all_anomaly_strengths,diffusion_coeff,6000.0
RR,0,264,4109767241554258606,gateway_calibration,sweep:anomaly_pair:shared_scenarios,757.2625302383458,134,916.5478330109644,,,shared_all_anomaly_strengths,diffusion_coeff,6000.0
RR,0,265,4959424012684389745,gateway_calibration,sweep:anomaly_pair:shared_scenarios,817.5437184623039,131,916.5478330109644,,,shared_all_anomaly_strengths,diffusion_coeff,6000.0
RR,0,266,7451109072791456209,gateway_calibration,sweep:anomaly_pair:shared_scenarios,876.9805605421978,144,916.5478330109644,,,shared_all_anomaly_strengths,diffusion_coeff,6000.0
RR,0,267,8054500674269120968,gateway_calibration,sweep:anomaly_pair:shared_scenarios,666.8841862847019,123,916.5478330109644,,,shared_all_anomaly_strengths,diffusion_coeff,6000.0
RR,0,268,5331532706382194712,gateway_calibration,sweep:anomaly_pair:shared_scenarios,808.6326266990194,133,916.5478330109644,,,shared_all_anomaly_strengths,diffusion_coeff,6000.0
RR,0,269,841203630616903155,gateway_calibration,sweep:anomaly_pair:shared_scenarios,833.6679243566848,129,916.5478330109644,,,shared_all_anomaly_strengths,diffusion_coeff,6000.0
RR,0,270,4066905452799334610,gateway_calibration,sweep:anomaly_pair:shared_scenarios,824.7936163903015,136,916.5478330109644,,,shared_all_anomaly_strengths,diffusion_coeff,6000.0
RR,0,271,9150950453982994658,gateway_calibration,sweep:anomaly_pair:shared_scenarios,656.9394397064913,116,916.5478330109644,,,shared_all_anomaly_strengths,diffusion_coeff,6000.0
RR,0,272,6119393693526968570,gateway_calibration,sweep:anomaly_pair:shared_scenarios,781.3593117782173,125,916.5478330109644,,,shared_all_anomaly_strengths,diffusion_coeff,6000.0
RR,0,273,1347105042981981039,gateway_calibration,sweep:anomaly_pair:shared_scenarios,764.2779032498872,134,916.5478330109644,,,shared_all_anomaly_strengths,diffusion_coeff,6000.0
RR,0,274,8911832980425435268,gateway_calibration,sweep:anomaly_pair:shared_scenarios,800.6073308992654,124,916.5478330109644,,,shared_all_anomaly_strengths,diffusion_coeff,6000.0
RR,0,275,5843722553093405471,gateway_calibration,sweep:anomaly_pair:shared_scenarios,724.4597929507006,114,916.5478330109644,,,shared_all_anomaly_strengths,diffusion_coeff,6000.0
RR,0,276,3354555160635420741,gateway_calibration,sweep:anomaly_pair:shared_scenarios,804.287957935075,125,916.5478330109644,,,shared_all_anomaly_strengths,diffusion_coeff,6000.0
RR,0,277,688745337611783334,gateway_calibration,sweep:anomaly_pair:shared_scenarios,716.876369919462,126,916.5478330109644,,,shared_all_anomaly_strengths,diffusion_coeff,6000.0
RR,0,278,219363152796672916,gateway_calibration,sweep:anomaly_pair:shared_scenarios,832.4596833182754,123,916.5478330109644,,,shared_all_anomaly_strengths,diffusion_coeff,6000.0
RR,0,279,373686025269973233,gateway_calibration,sweep:anomaly_pair:shared_scenarios,898.8935002760816,123,916.5478330109644,,,shared_all_anomaly_strengths,diffusion_coeff,6000.0
RR,0,280,5610514536613434387,gateway_calibration,sweep:anomaly_pair:shared_scenarios,896.1166507292808,136,916.5478330109644,,,shared_all_anomaly_strengths,diffusion_coeff,6000.0
RR,0,281,4171514933633241565,gateway_calibration,sweep:anomaly_pair:shared_scenarios,875.9850990685792,131,916.5478330109644,,,shared_all_anomaly_strengths,diffusion_coeff,6000.0
RR,0,282,4861498392405652878,gateway_calibration,sweep:anomaly_pair:shared_scenarios,728.2025064249358,124,916.5478330109644,,,shared_all_anomaly_strengths,diffusion_coeff,6000.0
RR,0,283,8572809235512946288,gateway_calibration,sweep:anomaly_pair:shared_scenarios,897.4464300007083,129,916.5478330109644,,,shared_all_anomaly_strengths,diffusion_coeff,6000.0
RR,0,284,8187471053016651709,gateway_calibration,sweep:anomaly_pair:shared_scenarios,802.1944623261388,137,916.5478330109644,,,shared_all_anomaly_strengths,diffusion_coeff,6000.0
RR,0,285,8839651195694762440,gateway_calibration,sweep:anomaly_pair:shared_scenarios,753.5383834016831,119,916.5478330109644,,,shared_all_anomaly_strengths,diffusion_coeff,6000.0
RR,0,286,2874448108009063227,gateway_calibration,sweep:anomaly_pair:shared_scenarios,765.9863031311006,134,916.5478330109644,,,shared_all_anomaly_strengths,diffusion_coeff,6000.0
RR,0,287,8707203536458320760,gateway_calibration,sweep:anomaly_pair:shared_scenarios,701.7242844676765,111,916.5478330109644,,,shared_all_anomaly_strengths,diffusion_coeff,6000.0
RR,0,288,8368439969047545418,gateway_calibration,sweep:anomaly_pair:shared_scenarios,726.2033386177451,133,916.5478330109644,,,shared_all_anomaly_strengths,diffusion_coeff,6000.0
RR,0,289,4822230351368366288,gateway_calibration,sweep:anomaly_pair:shared_scenarios,726.2413122423362,111,916.5478330109644,,,shared_all_anomaly_strengths,diffusion_coeff,6000.0
RR,0,290,560612887312139697,gateway_calibration,sweep:anomaly_pair:shared_scenarios,748.6967990519814,113,916.5478330109644,,,shared_all_anomaly_strengths,diffusion_coeff,6000.0
RR,0,291,4708984480155462159,gateway_calibration,sweep:anomaly_pair:shared_scenarios,847.0785253088352,147,916.5478330109644,,,shared_all_anomaly_strengths,diffusion_coeff,6000.0
RR,0,292,221505334779598471,gateway_calibration,sweep:anomaly_pair:shared_scenarios,739.1322507911128,125,916.5478330109644,,,shared_all_anomaly_strengths,diffusion_coeff,6000.0
RR,0,293,313024099195558927,gateway_calibration,sweep:anomaly_pair:shared_scenarios,731.6570195873097,143,916.5478330109644,,,shared_all_anomaly_strengths,diffusion_coeff,6000.0
RR,0,294,1256218112766498617,gateway_calibration,sweep:anomaly_pair:shared_scenarios,769.5403465391363,133,916.5478330109644,,,shared_all_anomaly_strengths,diffusion_coeff,6000.0
RR,0,295,8758679596665815611,gateway_calibration,sweep:anomaly_pair:shared_scenarios,805.6479009588829,142,916.5478330109644,,,shared_all_anomaly_strengths,diffusion_coeff,6000.0
RR,0,296,8732704811787225309,gateway_calibration,sweep:anomaly_pair:shared_scenarios,708.2477841018726,123,916.5478330109644,,,shared_all_anomaly_strengths,diffusion_coeff,6000.0
RR,0,297,7291668075851963674,gateway_calibration,sweep:anomaly_pair:shared_scenarios,674.9697813594952,133,916.5478330109644,,,shared_all_anomaly_strengths,diffusion_coeff,6000.0
RR,0,298,8160139849952943474,gateway_calibration,sweep:anomaly_pair:shared_scenarios,714.6441406018025,129,916.5478330109644,,,shared_all_anomaly_strengths,diffusion_coeff,6000.0
RR,0,299,2513721670770597509,gateway_calibration,sweep:anomaly_pair:shared_scenarios,930.2871691541883,142,916.5478330109644,,,shared_all_anomaly_strengths,diffusion_coeff,6000.0
RR,0,300,7063318709798897080,gateway_calibration,sweep:anomaly_pair:shared_scenarios,906.8173165154966,148,916.5478330109644,,,shared_all_anomaly_strengths,diffusion_coeff,6000.0
RR,0,301,8415020812705705061,gateway_calibration,sweep:anomaly_pair:shared_scenarios,903.5889841556165,138,916.5478330109644,,,shared_all_anomaly_strengths,diffusion_coeff,6000.0
RR,0,302,3425196686933402479,gateway_calibration,sweep:anomaly_pair:shared_scenarios,633.8243644382599,104,916.5478330109644,,,shared_all_anomaly_strengths,diffusion_coeff,6000.0
RR,0,303,3114915321845009342,gateway_calibration,sweep:anomaly_pair:shared_scenarios,669.5590942921787,112,916.5478330109644,,,shared_all_anomaly_strengths,diffusion_coeff,6000.0
RR,0,304,2896931233588044786,gateway_calibration,sweep:anomaly_pair:shared_scenarios,710.8558412321344,119,916.5478330109644,,,shared_all_anomaly_strengths,diffusion_coeff,6000.0
RR,0,305,1551170222759424305,gateway_calibration,sweep:anomaly_pair:shared_scenarios,769.3525166605865,138,916.5478330109644,,,shared_all_anomaly_strengths,diffusion_coeff,6000.0
RR,0,306,4718806530038829033,gateway_calibration,sweep:anomaly_pair:shared_scenarios,774.1600700506616,136,916.5478330109644,,,shared_all_anomaly_strengths,diffusion_coeff,6000.0
RR,0,307,5119279349088370044,gateway_calibration,sweep:anomaly_pair:shared_scenarios,839.0801710522359,132,916.5478330109644,,,shared_all_anomaly_strengths,diffusion_coeff,6000.0
RR,0,308,2822775968759270459,gateway_calibration,sweep:anomaly_pair:shared_scenarios,954.1194873542665,135,916.5478330109644,,,shared_all_anomaly_strengths,diffusion_coeff,6000.0
RR,0,309,7998405917407377120,gateway_calibration,sweep:anomaly_pair:shared_scenarios,764.8973324621547,121,916.5478330109644,,,shared_all_anomaly_strengths,diffusion_coeff,6000.0
RR,0,310,5146001952486015638,gateway_calibration,sweep:anomaly_pair:shared_scenarios,849.2692986176701,141,916.5478330109644,,,shared_all_anomaly_strengths,diffusion_coeff,6000.0
RR,0,311,6911500135314972136,gateway_calibration,sweep:anomaly_pair:shared_scenarios,712.8328022046846,114,916.5478330109644,,,shared_all_anomaly_strengths,diffusion_coeff,6000.0
RR,0,312,3026266370475567930,gateway_calibration,sweep:anomaly_pair:shared_scenarios,912.7375412556133,145,916.5478330109644,,,shared_all_anomaly_strengths,diffusion_coeff,6000.0
RR,0,313,2263219430505968284,gateway_calibration,sweep:anomaly_pair:shared_scenarios,681.9673624099256,119,916.5478330109644,,,shared_all_anomaly_strengths,diffusion_coeff,6000.0
RR,0,314,6005314762223339669,gateway_calibration,sweep:anomaly_pair:shared_scenarios,731.7200188579559,125,916.5478330109644,,,shared_all_anomaly_strengths,diffusion_coeff,6000.0
RR,0,315,6620051426260236045,gateway_calibration,sweep:anomaly_pair:shared_scenarios,792.0412700716045,120,916.5478330109644,,,shared_all_anomaly_strengths,diffusion_coeff,6000.0
RR,0,316,1375290459054701469,gateway_calibration,sweep:anomaly_pair:shared_scenarios,838.3103782218387,135,916.5478330109644,,,shared_all_anomaly_strengths,diffusion_coeff,6000.0
RR,0,317,3387434723583950275,gateway_calibration,sweep:anomaly_pair:shared_scenarios,644.9629998175775,115,916.5478330109644,,,shared_all_anomaly_strengths,diffusion_coeff,6000.0
RR,0,318,1492748310594346890,gateway_calibration,sweep:anomaly_pair:shared_scenarios,894.3583016952533,137,916.5478330109644,,,shared_all_anomaly_strengths,diffusion_coeff,6000.0
RR,0,319,6526070513380422193,gateway_calibration,sweep:anomaly_pair:shared_scenarios,733.7475601687491,125,916.5478330109644,,,shared_all_anomaly_strengths,diffusion_coeff,6000.0
RR,0,320,4569908186093849248,gateway_calibration,sweep:anomaly_pair:shared_scenarios,739.1075096826025,129,916.5478330109644,,,shared_all_anomaly_strengths,diffusion_coeff,6000.0
RR,0,321,2058735402210199549,gateway_calibration,sweep:anomaly_pair:shared_scenarios,736.9858255079943,122,916.5478330109644,,,shared_all_anomaly_strengths,diffusion_coeff,6000.0
RR,0,322,7792514555662345644,gateway_calibration,sweep:anomaly_pair:shared_scenarios,715.4650319882876,119,916.5478330109644,,,shared_all_anomaly_strengths,diffusion_coeff,6000.0
RR,0,323,5919491502808918703,gateway_calibration,sweep:anomaly_pair:shared_scenarios,918.7614761324669,145,916.5478330109644,,,shared_all_anomaly_strengths,diffusion_coeff,6000.0
RR,0,324,4574905972397435795,gateway_calibration,sweep:anomaly_pair:shared_scenarios,981.3713113365892,142,916.5478330109644,,,shared_all_anomaly_strengths,diffusion_coeff,6000.0
RR,0,325,7539986577246166921,gateway_calibration,sweep:anomaly_pair:shared_scenarios,809.6407656586263,131,916.5478330109644,,,shared_all_anomaly_strengths,diffusion_coeff,6000.0
RR,0,326,8057266659081106092,gateway_calibration,sweep:anomaly_pair:shared_scenarios,920.5128509516121,135,916.5478330109644,,,shared_all_anomaly_strengths,diffusion_coeff,6000.0
RR,0,327,7592041352101782096,gateway_calibration,sweep:anomaly_pair:shared_scenarios,735.89022981661,130,916.5478330109644,,,shared_all_anomaly_strengths,diffusion_coeff,6000.0
RR,0,328,7157190776130753350,gateway_calibration,sweep:anomaly_pair:shared_scenarios,747.0986202486081,120,916.5478330109644,,,shared_all_anomaly_strengths,diffusion_coeff,6000.0
RR,0,329,3536119658432613956,gateway_calibration,sweep:anomaly_pair:shared_scenarios,910.754996245463,151,916.5478330109644,,,shared_all_anomaly_strengths,diffusion_coeff,6000.0
RR,0,330,3387957629084434680,gateway_calibration,sweep:anomaly_pair:shared_scenarios,781.9554858993673,145,916.5478330109644,,,shared_all_anomaly_strengths,diffusion_coeff,6000.0
RR,0,331,7014301768858485691,gateway_calibration,sweep:anomaly_pair:shared_scenarios,767.0167587875457,128,916.5478330109644,,,shared_all_anomaly_strengths,diffusion_coeff,6000.0
RR,0,332,7509048679395089766,gateway_calibration,sweep:anomaly_pair:shared_scenarios,721.8501114533784,128,916.5478330109644,,,shared_all_anomaly_strengths,diffusion_coeff,6000.0
RR,0,333,8077057740997865815,gateway_calibration,sweep:anomaly_pair:shared_scenarios,814.6766949523852,124,916.5478330109644,,,shared_all_anomaly_strengths,diffusion_coeff,6000.0
RR,0,334,4792265241973382002,gateway_calibration,sweep:anomaly_pair:shared_scenarios,728.3668429029074,145,916.5478330109644,,,shared_all_anomaly_strengths,diffusion_coeff,6000.0
RR,0,335,4631816253128208771,gateway_calibration,sweep:anomaly_pair:shared_scenarios,687.4069214038834,119,916.5478330109644,,,shared_all_anomaly_strengths,diffusion_coeff,6000.0
RR,0,336,1353780890302308168,gateway_calibration,sweep:anomaly_pair:shared_scenarios,718.1695852448927,126,916.5478330109644,,,shared_all_anomaly_strengths,diffusion_coeff,6000.0
RR,0,337,301188514516452582,gateway_calibration,sweep:anomaly_pair:shared_scenarios,870.6444304603722,132,916.5478330109644,,,shared_all_anomaly_strengths,diffusion_coeff,6000.0
RR,0,338,848291969102783726,gateway_calibration,sweep:anomaly_pair:shared_scenarios,746.4376545010363,127,916.5478330109644,,,shared_all_anomaly_strengths,diffusion_coeff,6000.0
RR,0,339,3301607682890482163,gateway_calibration,sweep:anomaly_pair:shared_scenarios,616.9314125290047,116,916.5478330109644,,,shared_all_anomaly_strengths,diffusion_coeff,6000.0
RR,0,340,3382309239349475861,gateway_calibration,sweep:anomaly_pair:shared_scenarios,748.7986518072997,135,916.5478330109644,,,shared_all_anomaly_strengths,diffusion_coeff,6000.0
RR,0,341,3511804255243715536,gateway_calibration,sweep:anomaly_pair:shared_scenarios,787.9264317727607,138,916.5478330109644,,,shared_all_anomaly_strengths,diffusion_coeff,6000.0
RR,0,342,7172406527062268769,gateway_calibration,sweep:anomaly_pair:shared_scenarios,668.2473343848353,121,916.5478330109644,,,shared_all_anomaly_strengths,diffusion_coeff,6000.0
RR,0,343,8148651635281023479,gateway_calibration,sweep:anomaly_pair:shared_scenarios,745.2210838717759,138,916.5478330109644,,,shared_all_anomaly_strengths,diffusion_coeff,6000.0
RR,0,344,4543894699244939752,gateway_calibration,sweep:anomaly_pair:shared_scenarios,708.7667092453272,118,916.5478330109644,,,shared_all_anomaly_strengths,diffusion_coeff,6000.0
RR,0,345,6891358735647678813,gateway_calibration,sweep:anomaly_pair:shared_scenarios,884.8489414388254,153,916.5478330109644,,,shared_all_anomaly_strengths,diffusion_coeff,6000.0
RR,0,346,1563481499315660104,gateway_calibration,sweep:anomaly_pair:shared_scenarios,800.4632292898315,138,916.5478330109644,,,shared_all_anomaly_strengths,diffusion_coeff,6000.0
RR,0,347,2629125604810830811,gateway_calibration,sweep:anomaly_pair:shared_scenarios,650.9464862395128,131,916.5478330109644,,,shared_all_anomaly_strengths,diffusion_coeff,6000.0
RR,0,348,3894426847858961166,gateway_calibration,sweep:anomaly_pair:shared_scenarios,880.3704811423354,142,916.5478330109644,,,shared_all_anomaly_strengths,diffusion_coeff,6000.0
RR,0,349,4282787653601296890,gateway_calibration,sweep:anomaly_pair:shared_scenarios,806.4241247839291,129,916.5478330109644,,,shared_all_anomaly_strengths,diffusion_coeff,6000.0
RR,0,350,7842601743270043461,gateway_calibration,sweep:anomaly_pair:shared_scenarios,654.4456117732855,114,916.5478330109644,,,shared_all_anomaly_strengths,diffusion_coeff,6000.0
RR,0,351,7700102950595571335,gateway_calibration,sweep:anomaly_pair:shared_scenarios,784.5233233318268,134,916.5478330109644,,,shared_all_anomaly_strengths,diffusion_coeff,6000.0
RR,0,352,2808087562537772166,gateway_calibration,sweep:anomaly_pair:shared_scenarios,755.1580546579639,120,916.5478330109644,,,shared_all_anomaly_strengths,diffusion_coeff,6000.0
RR,0,353,6304865133883968004,gateway_calibration,sweep:anomaly_pair:shared_scenarios,760.1018825605775,123,916.5478330109644,,,shared_all_anomaly_strengths,diffusion_coeff,6000.0
RR,0,354,3342415063500426256,gateway_calibration,sweep:anomaly_pair:shared_scenarios,864.0339882500024,125,916.5478330109644,,,shared_all_anomaly_strengths,diffusion_coeff,6000.0
RR,0,355,8959621061715784363,gateway_calibration,sweep:anomaly_pair:shared_scenarios,723.9768935090152,124,916.5478330109644,,,shared_all_anomaly_strengths,diffusion_coeff,6000.0
RR,0,356,1186687812096718750,gateway_calibration,sweep:anomaly_pair:shared_scenarios,689.1029678856569,117,916.5478330109644,,,shared_all_anomaly_strengths,diffusion_coeff,6000.0
RR,0,357,8329058846985055289,gateway_calibration,sweep:anomaly_pair:shared_scenarios,984.0601139523072,134,916.5478330109644,,,shared_all_anomaly_strengths,diffusion_coeff,6000.0
RR,0,358,275625437843561760,gateway_calibration,sweep:anomaly_pair:shared_scenarios,731.2517334858268,123,916.5478330109644,,,shared_all_anomaly_strengths,diffusion_coeff,6000.0
RR,0,359,527484844984551272,gateway_calibration,sweep:anomaly_pair:shared_scenarios,685.265444344025,120,916.5478330109644,,,shared_all_anomaly_strengths,diffusion_coeff,6000.0
RR,0,360,6499704723849040690,gateway_calibration,sweep:anomaly_pair:shared_scenarios,790.829515286064,120,916.5478330109644,,,shared_all_anomaly_strengths,diffusion_coeff,6000.0
RR,0,361,3392988020843846596,gateway_calibration,sweep:anomaly_pair:shared_scenarios,638.1435328710023,109,916.5478330109644,,,shared_all_anomaly_strengths,diffusion_coeff,6000.0
RR,0,362,6082838417800885541,gateway_calibration,sweep:anomaly_pair:shared_scenarios,709.4394809400313,129,916.5478330109644,,,shared_all_anomaly_strengths,diffusion_coeff,6000.0
RR,0,363,9161439992453118853,gateway_calibration,sweep:anomaly_pair:shared_scenarios,867.1069074436148,144,916.5478330109644,,,shared_all_anomaly_strengths,diffusion_coeff,6000.0
RR,0,364,1104199357173535709,gateway_calibration,sweep:anomaly_pair:shared_scenarios,737.1824783707282,122,916.5478330109644,,,shared_all_anomaly_strengths,diffusion_coeff,6000.0
RR,0,365,3968092569436272899,gateway_calibration,sweep:anomaly_pair:shared_scenarios,710.976260758454,127,916.5478330109644,,,shared_all_anomaly_strengths,diffusion_coeff,6000.0
RR,0,366,88510700048790040,gateway_calibration,sweep:anomaly_pair:shared_scenarios,714.5399731583602,120,916.5478330109644,,,shared_all_anomaly_strengths,diffusion_coeff,6000.0
RR,0,367,3708546901166186520,gateway_calibration,sweep:anomaly_pair:shared_scenarios,976.0771710197935,138,916.5478330109644,,,shared_all_anomaly_strengths,diffusion_coeff,6000.0
RR,0,368,6013111248236961738,gateway_calibration,sweep:anomaly_pair:shared_scenarios,630.2596213913786,124,916.5478330109644,,,shared_all_anomaly_strengths,diffusion_coeff,6000.0
RR,0,369,2114847280044500927,gateway_calibration,sweep:anomaly_pair:shared_scenarios,737.1535641542637,126,916.5478330109644,,,shared_all_anomaly_strengths,diffusion_coeff,6000.0
RR,0,370,7087323381771673869,gateway_calibration,sweep:anomaly_pair:shared_scenarios,704.5567176871423,123,916.5478330109644,,,shared_all_anomaly_strengths,diffusion_coeff,6000.0
RR,0,371,5657654365128844730,gateway_calibration,sweep:anomaly_pair:shared_scenarios,781.9165997681281,129,916.5478330109644,,,shared_all_anomaly_strengths,diffusion_coeff,6000.0
RR,0,372,2027870051160191704,gateway_calibration,sweep:anomaly_pair:shared_scenarios,747.7165476704786,97,916.5478330109644,,,shared_all_anomaly_strengths,diffusion_coeff,6000.0
RR,0,373,7848999889242844692,gateway_calibration,sweep:anomaly_pair:shared_scenarios,687.6751805609447,133,916.5478330109644,,,shared_all_anomaly_strengths,diffusion_coeff,6000.0
RR,0,374,333687295804109698,gateway_calibration,sweep:anomaly_pair:shared_scenarios,649.4494387446701,108,916.5478330109644,,,shared_all_anomaly_strengths,diffusion_coeff,6000.0
RR,0,375,3858544135291456003,gateway_calibration,sweep:anomaly_pair:shared_scenarios,756.5591698169836,122,916.5478330109644,,,shared_all_anomaly_strengths,diffusion_coeff,6000.0
RR,0,376,5954054979897712788,gateway_calibration,sweep:anomaly_pair:shared_scenarios,725.3865811675472,131,916.5478330109644,,,shared_all_anomaly_strengths,diffusion_coeff,6000.0
RR,0,377,1335844326469534536,gateway_calibration,sweep:anomaly_pair:shared_scenarios,908.5863840559828,134,916.5478330109644,,,shared_all_anomaly_strengths,diffusion_coeff,6000.0
RR,0,378,7763485567302934545,gateway_calibration,sweep:anomaly_pair:shared_scenarios,625.3320240635524,115,916.5478330109644,,,shared_all_anomaly_strengths,diffusion_coeff,6000.0
RR,0,379,2085077819561017134,gateway_calibration,sweep:anomaly_pair:shared_scenarios,705.5088168125461,118,916.5478330109644,,,shared_all_anomaly_strengths,diffusion_coeff,6000.0
RR,0,380,2522980069351540246,gateway_calibration,sweep:anomaly_pair:shared_scenarios,935.253659124002,133,916.5478330109644,,,shared_all_anomaly_strengths,diffusion_coeff,6000.0
RR,0,381,4975283561804637613,gateway_calibration,sweep:anomaly_pair:shared_scenarios,817.3076343543139,132,916.5478330109644,,,shared_all_anomaly_strengths,diffusion_coeff,6000.0
RR,0,382,1302504027955615947,gateway_calibration,sweep:anomaly_pair:shared_scenarios,760.1786253007745,125,916.5478330109644,,,shared_all_anomaly_strengths,diffusion_coeff,6000.0
RR,0,383,8927732358631061418,gateway_calibration,sweep:anomaly_pair:shared_scenarios,667.7089467070748,125,916.5478330109644,,,shared_all_anomaly_strengths,diffusion_coeff,6000.0
RR,0,384,7102871842583592410,gateway_calibration,sweep:anomaly_pair:shared_scenarios,697.596629528039,131,916.5478330109644,,,shared_all_anomaly_strengths,diffusion_coeff,6000.0
RR,0,385,8751812685682384577,gateway_calibration,sweep:anomaly_pair:shared_scenarios,768.2594174398567,131,916.5478330109644,,,shared_all_anomaly_strengths,diffusion_coeff,6000.0
RR,0,386,2867292286665412959,gateway_calibration,sweep:anomaly_pair:shared_scenarios,704.8404219913435,122,916.5478330109644,,,shared_all_anomaly_strengths,diffusion_coeff,6000.0
RR,0,387,2624927968075345649,gateway_calibration,sweep:anomaly_pair:shared_scenarios,837.8371977862904,149,916.5478330109644,,,shared_all_anomaly_strengths,diffusion_coeff,6000.0
RR,0,388,2537836582560678006,gateway_calibration,sweep:anomaly_pair:shared_scenarios,693.1507504306156,111,916.5478330109644,,,shared_all_anomaly_strengths,diffusion_coeff,6000.0
RR,0,389,2800143550304458978,gateway_calibration,sweep:anomaly_pair:shared_scenarios,619.5574758973855,112,916.5478330109644,,,shared_all_anomaly_strengths,diffusion_coeff,6000.0
RR,0,390,5542491175477138315,gateway_calibration,sweep:anomaly_pair:shared_scenarios,779.1711068902679,125,916.5478330109644,,,shared_all_anomaly_strengths,diffusion_coeff,6000.0
RR,0,391,920575682054079790,gateway_calibration,sweep:anomaly_pair:shared_scenarios,769.5606361342686,128,916.5478330109644,,,shared_all_anomaly_strengths,diffusion_coeff,6000.0
RR,0,392,7832892230890482956,gateway_calibration,sweep:anomaly_pair:shared_scenarios,763.9761894021817,146,916.5478330109644,,,shared_all_anomaly_strengths,diffusion_coeff,6000.0
RR,0,393,757741762273162161,gateway_calibration,sweep:anomaly_pair:shared_scenarios,737.0277010682524,123,916.5478330109644,,,shared_all_anomaly_strengths,diffusion_coeff,6000.0
RR,0,394,2545938917521492744,gateway_calibration,sweep:anomaly_pair:shared_scenarios,668.0677118880695,118,916.5478330109644,,,shared_all_anomaly_strengths,diffusion_coeff,6000.0
RR,0,395,8023561360387127259,gateway_calibration,sweep:anomaly_pair:shared_scenarios,606.5968654439072,113,916.5478330109644,,,shared_all_anomaly_strengths,diffusion_coeff,6000.0
RR,0,396,7027188297947467006,gateway_calibration,sweep:anomaly_pair:shared_scenarios,872.150122602729,129,916.5478330109644,,,shared_all_anomaly_strengths,diffusion_coeff,6000.0
RR,0,397,7878834433110996755,gateway_calibration,sweep:anomaly_pair:shared_scenarios,673.4578816114957,106,916.5478330109644,,,shared_all_anomaly_strengths,diffusion_coeff,6000.0
RR,0,398,4744550561105664732,gateway_calibration,sweep:anomaly_pair:shared_scenarios,687.1079470956763,135,916.5478330109644,,,shared_all_anomaly_strengths,diffusion_coeff,6000.0
RR,0,399,5344886015201979308,gateway_calibration,sweep:anomaly_pair:shared_scenarios,765.529726619427,133,916.5478330109644,,,shared_all_anomaly_strengths,diffusion_coeff,6000.0
RR,0,400,5149434508763057584,gateway_calibration,sweep:anomaly_pair:shared_scenarios,734.4082181023647,130,916.5478330109644,,,shared_all_anomaly_strengths,diffusion_coeff,6000.0
RR,0,401,5599666805503637415,gateway_calibration,sweep:anomaly_pair:shared_scenarios,761.2744269050968,129,916.5478330109644,,,shared_all_anomaly_strengths,diffusion_coeff,6000.0
RR,0,402,2625638571049592825,gateway_calibration,sweep:anomaly_pair:shared_scenarios,733.2904782858858,133,916.5478330109644,,,shared_all_anomaly_strengths,diffusion_coeff,6000.0
RR,0,403,6629408355495065749,gateway_calibration,sweep:anomaly_pair:shared_scenarios,673.1192493045853,115,916.5478330109644,,,shared_all_anomaly_strengths,diffusion_coeff,6000.0
RR,0,404,3150249386986199613,gateway_calibration,sweep:anomaly_pair:shared_scenarios,755.0550117774922,107,916.5478330109644,,,shared_all_anomaly_strengths,diffusion_coeff,6000.0
RR,0,405,4117381947987728137,gateway_calibration,sweep:anomaly_pair:shared_scenarios,682.7266429538972,127,916.5478330109644,,,shared_all_anomaly_strengths,diffusion_coeff,6000.0
RR,0,406,7366258876741991286,gateway_calibration,sweep:anomaly_pair:shared_scenarios,628.2313915926948,113,916.5478330109644,,,shared_all_anomaly_strengths,diffusion_coeff,6000.0
RR,0,407,3058169725806449045,gateway_calibration,sweep:anomaly_pair:shared_scenarios,902.7237250463943,139,916.5478330109644,,,shared_all_anomaly_strengths,diffusion_coeff,6000.0
RR,0,408,2978841122516248054,gateway_calibration,sweep:anomaly_pair:shared_scenarios,808.5714105221615,135,916.5478330109644,,,shared_all_anomaly_strengths,diffusion_coeff,6000.0
RR,0,409,2599485624261039583,gateway_calibration,sweep:anomaly_pair:shared_scenarios,743.9602990546537,113,916.5478330109644,,,shared_all_anomaly_strengths,diffusion_coeff,6000.0
RR,0,410,458882496312945663,gateway_calibration,sweep:anomaly_pair:shared_scenarios,742.4462291722734,130,916.5478330109644,,,shared_all_anomaly_strengths,diffusion_coeff,6000.0
RR,0,411,4000618753593853165,gateway_calibration,sweep:anomaly_pair:shared_scenarios,701.733941993825,103,916.5478330109644,,,shared_all_anomaly_strengths,diffusion_coeff,6000.0
RR,0,412,8339539677611557861,gateway_calibration,sweep:anomaly_pair:shared_scenarios,781.2890740136445,117,916.5478330109644,,,shared_all_anomaly_strengths,diffusion_coeff,6000.0
RR,0,413,2580185991513178045,gateway_calibration,sweep:anomaly_pair:shared_scenarios,904.6480341305569,141,916.5478330109644,,,shared_all_anomaly_strengths,diffusion_coeff,6000.0
RR,0,414,3076826962419443480,gateway_calibration,sweep:anomaly_pair:shared_scenarios,608.4804190990866,96,916.5478330109644,,,shared_all_anomaly_strengths,diffusion_coeff,6000.0
RR,0,415,6827605468891931010,gateway_calibration,sweep:anomaly_pair:shared_scenarios,673.8852704508349,116,916.5478330109644,,,shared_all_anomaly_strengths,diffusion_coeff,6000.0
RR,0,416,3218560465134718098,gateway_calibration,sweep:anomaly_pair:shared_scenarios,777.6947042881754,123,916.5478330109644,,,shared_all_anomaly_strengths,diffusion_coeff,6000.0
RR,0,417,3922954233183090676,gateway_calibration,sweep:anomaly_pair:shared_scenarios,706.1660431706183,126,916.5478330109644,,,shared_all_anomaly_strengths,diffusion_coeff,6000.0
RR,0,418,1460299898534465968,gateway_calibration,sweep:anomaly_pair:shared_scenarios,803.1599777656805,133,916.5478330109644,,,shared_all_anomaly_strengths,diffusion_coeff,6000.0
RR,0,419,8305113000185527425,gateway_calibration,sweep:anomaly_pair:shared_scenarios,717.3301031804309,135,916.5478330109644,,,shared_all_anomaly_strengths,diffusion_coeff,6000.0
RR,0,420,666906365206469240,gateway_calibration,sweep:anomaly_pair:shared_scenarios,754.2772112717589,109,916.5478330109644,,,shared_all_anomaly_strengths,diffusion_coeff,6000.0
RR,0,421,4902312007981976155,gateway_calibration,sweep:anomaly_pair:shared_scenarios,840.4732654029874,132,916.5478330109644,,,shared_all_anomaly_strengths,diffusion_coeff,6000.0
RR,0,422,213388171490915124,gateway_calibration,sweep:anomaly_pair:shared_scenarios,718.7213917831237,132,916.5478330109644,,,shared_all_anomaly_strengths,diffusion_coeff,6000.0
RR,0,423,3426814509533468634,gateway_calibration,sweep:anomaly_pair:shared_scenarios,713.0068542713832,115,916.5478330109644,,,shared_all_anomaly_strengths,diffusion_coeff,6000.0
RR,0,424,3022645040617138448,gateway_calibration,sweep:anomaly_pair:shared_scenarios,899.201905893503,154,916.5478330109644,,,shared_all_anomaly_strengths,diffusion_coeff,6000.0
RR,0,425,5527100482172181234,gateway_calibration,sweep:anomaly_pair:shared_scenarios,773.3251991135762,129,916.5478330109644,,,shared_all_anomaly_strengths,diffusion_coeff,6000.0
RR,0,426,1012614697466316415,gateway_calibration,sweep:anomaly_pair:shared_scenarios,866.8990541236583,121,916.5478330109644,,,shared_all_anomaly_strengths,diffusion_coeff,6000.0
RR,0,427,6258153257279431865,gateway_calibration,sweep:anomaly_pair:shared_scenarios,707.1120983660267,124,916.5478330109644,,,shared_all_anomaly_strengths,diffusion_coeff,6000.0
RR,0,428,3494724231981409682,gateway_calibration,sweep:anomaly_pair:shared_scenarios,665.7215968558457,117,916.5478330109644,,,shared_all_anomaly_strengths,diffusion_coeff,6000.0
RR,0,429,9138299470163467240,gateway_calibration,sweep:anomaly_pair:shared_scenarios,789.8587326509594,123,916.5478330109644,,,shared_all_anomaly_strengths,diffusion_coeff,6000.0
RR,0,430,6891783168053645325,gateway_calibration,sweep:anomaly_pair:shared_scenarios,809.7784171153562,143,916.5478330109644,,,shared_all_anomaly_strengths,diffusion_coeff,6000.0
RR,0,431,6869361412516472794,gateway_calibration,sweep:anomaly_pair:shared_scenarios,896.084122141775,150,916.5478330109644,,,shared_all_anomaly_strengths,diffusion_coeff,6000.0
RR,0,432,2541163241042689952,gateway_calibration,sweep:anomaly_pair:shared_scenarios,894.875954275491,147,916.5478330109644,,,shared_all_anomaly_strengths,diffusion_coeff,6000.0
RR,0,433,8254769182462207207,gateway_calibration,sweep:anomaly_pair:shared_scenarios,678.6162903845824,117,916.5478330109644,,,shared_all_anomaly_strengths,diffusion_coeff,6000.0
RR,0,434,4013505716720903184,gateway_calibration,sweep:anomaly_pair:shared_scenarios,861.1807124833533,136,916.5478330109644,,,shared_all_anomaly_strengths,diffusion_coeff,6000.0
RR,0,435,5806127130564233059,gateway_calibration,sweep:anomaly_pair:shared_scenarios,803.7704282983937,135,916.5478330109644,,,shared_all_anomaly_strengths,diffusion_coeff,6000.0
RR,0,436,8292276808083054766,gateway_calibration,sweep:anomaly_pair:shared_scenarios,739.8656498962304,117,916.5478330109644,,,shared_all_anomaly_strengths,diffusion_coeff,6000.0
RR,0,437,411766100713001608,gateway_calibration,sweep:anomaly_pair:shared_scenarios,671.493588208356,117,916.5478330109644,,,shared_all_anomaly_strengths,diffusion_coeff,6000.0
RR,0,438,3930968551179869439,gateway_calibration,sweep:anomaly_pair:shared_scenarios,736.5613813503517,121,916.5478330109644,,,shared_all_anomaly_strengths,diffusion_coeff,6000.0
RR,0,439,3763632109674308185,gateway_calibration,sweep:anomaly_pair:shared_scenarios,890.6685005676587,139,916.5478330109644,,,shared_all_anomaly_strengths,diffusion_coeff,6000.0
RR,0,440,5278015637357484618,gateway_calibration,sweep:anomaly_pair:shared_scenarios,753.6387250501765,120,916.5478330109644,,,shared_all_anomaly_strengths,diffusion_coeff,6000.0
RR,0,441,5470421236833479721,gateway_calibration,sweep:anomaly_pair:shared_scenarios,870.8955216874848,134,916.5478330109644,,,shared_all_anomaly_strengths,diffusion_coeff,6000.0
RR,0,442,4152824066035952546,gateway_calibration,sweep:anomaly_pair:shared_scenarios,720.7066323252269,122,916.5478330109644,,,shared_all_anomaly_strengths,diffusion_coeff,6000.0
RR,0,443,8782078971988136695,gateway_calibration,sweep:anomaly_pair:shared_scenarios,741.0484292785425,109,916.5478330109644,,,shared_all_anomaly_strengths,diffusion_coeff,6000.0
RR,0,444,8949691134399507769,gateway_calibration,sweep:anomaly_pair:shared_scenarios,731.3627902859764,128,916.5478330109644,,,shared_all_anomaly_strengths,diffusion_coeff,6000.0
RR,0,445,1243237072583537200,gateway_calibration,sweep:anomaly_pair:shared_scenarios,723.1208777191342,116,916.5478330109644,,,shared_all_anomaly_strengths,diffusion_coeff,6000.0
RR,0,446,6083371766119392307,gateway_calibration,sweep:anomaly_pair:shared_scenarios,900.3138035398164,131,916.5478330109644,,,shared_all_anomaly_strengths,diffusion_coeff,6000.0
RR,0,447,7648441755753076920,gateway_calibration,sweep:anomaly_pair:shared_scenarios,744.309828158772,125,916.5478330109644,,,shared_all_anomaly_strengths,diffusion_coeff,6000.0
RR,0,448,955005731795147001,gateway_calibration,sweep:anomaly_pair:shared_scenarios,900.8852738022559,126,916.5478330109644,,,shared_all_anomaly_strengths,diffusion_coeff,6000.0
RR,0,449,45305231348623693,gateway_calibration,sweep:anomaly_pair:shared_scenarios,805.6093178875734,129,916.5478330109644,,,shared_all_anomaly_strengths,diffusion_coeff,6000.0
RR,0,450,2115602869220638789,gateway_calibration,sweep:anomaly_pair:shared_scenarios,734.9719781724485,119,916.5478330109644,,,shared_all_anomaly_strengths,diffusion_coeff,6000.0
RR,0,451,5676793455979563788,gateway_calibration,sweep:anomaly_pair:shared_scenarios,717.3368070845607,121,916.5478330109644,,,shared_all_anomaly_strengths,diffusion_coeff,6000.0
RR,0,452,6366447883379022413,gateway_calibration,sweep:anomaly_pair:shared_scenarios,762.2715404641224,138,916.5478330109644,,,shared_all_anomaly_strengths,diffusion_coeff,6000.0
RR,0,453,4225207655377417674,gateway_calibration,sweep:anomaly_pair:shared_scenarios,774.1401990511604,132,916.5478330109644,,,shared_all_anomaly_strengths,diffusion_coeff,6000.0
RR,0,454,7327466488411297350,gateway_calibration,sweep:anomaly_pair:shared_scenarios,699.8021063085883,124,916.5478330109644,,,shared_all_anomaly_strengths,diffusion_coeff,6000.0
RR,0,455,5345767761096099882,gateway_calibration,sweep:anomaly_pair:shared_scenarios,572.255444512763,107,916.5478330109644,,,shared_all_anomaly_strengths,diffusion_coeff,6000.0
RR,0,456,2133102790808814152,gateway_calibration,sweep:anomaly_pair:shared_scenarios,733.00553681464,129,916.5478330109644,,,shared_all_anomaly_strengths,diffusion_coeff,6000.0
RR,0,457,6037868011932965840,gateway_calibration,sweep:anomaly_pair:shared_scenarios,788.8141482438966,132,916.5478330109644,,,shared_all_anomaly_strengths,diffusion_coeff,6000.0
RR,0,458,4340644108282100646,gateway_calibration,sweep:anomaly_pair:shared_scenarios,888.5059980434868,144,916.5478330109644,,,shared_all_anomaly_strengths,diffusion_coeff,6000.0
RR,0,459,949751417938216244,gateway_calibration,sweep:anomaly_pair:shared_scenarios,884.4212591717977,127,916.5478330109644,,,shared_all_anomaly_strengths,diffusion_coeff,6000.0
RR,0,460,7054426845112713226,gateway_calibration,sweep:anomaly_pair:shared_scenarios,749.6419356264126,131,916.5478330109644,,,shared_all_anomaly_strengths,diffusion_coeff,6000.0
RR,0,461,2331330513053472942,gateway_calibration,sweep:anomaly_pair:shared_scenarios,756.8486743733453,118,916.5478330109644,,,shared_all_anomaly_strengths,diffusion_coeff,6000.0
RR,0,462,2243847955329417019,gateway_calibration,sweep:anomaly_pair:shared_scenarios,658.2528788697174,118,916.5478330109644,,,shared_all_anomaly_strengths,diffusion_coeff,6000.0
RR,0,463,1493485923527818258,gateway_calibration,sweep:anomaly_pair:shared_scenarios,652.1433840659744,120,916.5478330109644,,,shared_all_anomaly_strengths,diffusion_coeff,6000.0
RR,0,464,2216699455221061669,gateway_calibration,sweep:anomaly_pair:shared_scenarios,871.5614887886604,141,916.5478330109644,,,shared_all_anomaly_strengths,diffusion_coeff,6000.0
RR,0,465,6883161541620008480,gateway_calibration,sweep:anomaly_pair:shared_scenarios,706.4630360093422,131,916.5478330109644,,,shared_all_anomaly_strengths,diffusion_coeff,6000.0
RR,0,466,1985404953787314291,gateway_calibration,sweep:anomaly_pair:shared_scenarios,1033.6270530242737,150,916.5478330109644,,,shared_all_anomaly_strengths,diffusion_coeff,6000.0
RR,0,467,1384036578423497838,gateway_calibration,sweep:anomaly_pair:shared_scenarios,751.9406572042345,113,916.5478330109644,,,shared_all_anomaly_strengths,diffusion_coeff,6000.0
RR,0,468,4722935997294481070,gateway_calibration,sweep:anomaly_pair:shared_scenarios,808.8588402270293,133,916.5478330109644,,,shared_all_anomaly_strengths,diffusion_coeff,6000.0
RR,0,469,528191954664659622,gateway_calibration,sweep:anomaly_pair:shared_scenarios,782.3040190508766,133,916.5478330109644,,,shared_all_anomaly_strengths,diffusion_coeff,6000.0
RR,0,470,1633712328529169800,gateway_calibration,sweep:anomaly_pair:shared_scenarios,817.4026090844673,138,916.5478330109644,,,shared_all_anomaly_strengths,diffusion_coeff,6000.0
RR,0,471,6633907339390607815,gateway_calibration,sweep:anomaly_pair:shared_scenarios,694.4707457557375,105,916.5478330109644,,,shared_all_anomaly_strengths,diffusion_coeff,6000.0
RR,0,472,7110316941102820115,gateway_calibration,sweep:anomaly_pair:shared_scenarios,749.0993990007955,115,916.5478330109644,,,shared_all_anomaly_strengths,diffusion_coeff,6000.0
RR,0,473,648151194668048025,gateway_calibration,sweep:anomaly_pair:shared_scenarios,686.3791899014163,121,916.5478330109644,,,shared_all_anomaly_strengths,diffusion_coeff,6000.0
RR,0,474,2324647907345855690,gateway_calibration,sweep:anomaly_pair:shared_scenarios,853.4545042011771,125,916.5478330109644,,,shared_all_anomaly_strengths,diffusion_coeff,6000.0
RR,0,475,944763265997848402,gateway_calibration,sweep:anomaly_pair:shared_scenarios,844.4087980971902,122,916.5478330109644,,,shared_all_anomaly_strengths,diffusion_coeff,6000.0
RR,0,476,7563131271191532633,gateway_calibration,sweep:anomaly_pair:shared_scenarios,723.3466404581233,137,916.5478330109644,,,shared_all_anomaly_strengths,diffusion_coeff,6000.0
RR,0,477,2509031892675661094,gateway_calibration,sweep:anomaly_pair:shared_scenarios,627.1707806579889,112,916.5478330109644,,,shared_all_anomaly_strengths,diffusion_coeff,6000.0
RR,0,478,6203947427023563777,gateway_calibration,sweep:anomaly_pair:shared_scenarios,747.2536256270813,124,916.5478330109644,,,shared_all_anomaly_strengths,diffusion_coeff,6000.0
RR,0,479,6280194980310007953,gateway_calibration,sweep:anomaly_pair:shared_scenarios,782.632206565745,124,916.5478330109644,,,shared_all_anomaly_strengths,diffusion_coeff,6000.0
RR,0,480,6714940429764513866,gateway_calibration,sweep:anomaly_pair:shared_scenarios,710.9977820803701,120,916.5478330109644,,,shared_all_anomaly_strengths,diffusion_coeff,6000.0
RR,0,481,1585407397185217282,gateway_calibration,sweep:anomaly_pair:shared_scenarios,953.4429028551406,134,916.5478330109644,,,shared_all_anomaly_strengths,diffusion_coeff,6000.0
RR,0,482,6706063428171325988,gateway_calibration,sweep:anomaly_pair:shared_scenarios,687.7898951474774,122,916.5478330109644,,,shared_all_anomaly_strengths,diffusion_coeff,6000.0
RR,0,483,2723086856808871853,gateway_calibration,sweep:anomaly_pair:shared_scenarios,845.4426497453634,126,916.5478330109644,,,shared_all_anomaly_strengths,diffusion_coeff,6000.0
RR,0,484,4346870091848339416,gateway_calibration,sweep:anomaly_pair:shared_scenarios,715.1503781850249,132,916.5478330109644,,,shared_all_anomaly_strengths,diffusion_coeff,6000.0
RR,0,485,7287133659789628915,gateway_calibration,sweep:anomaly_pair:shared_scenarios,737.5678286663386,130,916.5478330109644,,,shared_all_anomaly_strengths,diffusion_coeff,6000.0
RR,0,486,2494165871751805290,gateway_calibration,sweep:anomaly_pair:shared_scenarios,800.7051563043451,132,916.5478330109644,,,shared_all_anomaly_strengths,diffusion_coeff,6000.0
RR,0,487,3661305971430326717,gateway_calibration,sweep:anomaly_pair:shared_scenarios,672.4315875326106,114,916.5478330109644,,,shared_all_anomaly_strengths,diffusion_coeff,6000.0
RR,0,488,4108916358889597565,gateway_calibration,sweep:anomaly_pair:shared_scenarios,698.4288121599471,123,916.5478330109644,,,shared_all_anomaly_strengths,diffusion_coeff,6000.0
RR,0,489,1534234753197727125,gateway_calibration,sweep:anomaly_pair:shared_scenarios,710.3072540264973,116,916.5478330109644,,,shared_all_anomaly_strengths,diffusion_coeff,6000.0
RR,0,490,7992839432723694714,gateway_calibration,sweep:anomaly_pair:shared_scenarios,818.4885108846559,130,916.5478330109644,,,shared_all_anomaly_strengths,diffusion_coeff,6000.0
RR,0,491,267602845997369720,gateway_calibration,sweep:anomaly_pair:shared_scenarios,694.9549890122017,117,916.5478330109644,,,shared_all_anomaly_strengths,diffusion_coeff,6000.0
RR,0,492,8956605696040384406,gateway_calibration,sweep:anomaly_pair:shared_scenarios,696.832152880532,119,916.5478330109644,,,shared_all_anomaly_strengths,diffusion_coeff,6000.0
RR,0,493,5206171671982199970,gateway_calibration,sweep:anomaly_pair:shared_scenarios,703.2939214710055,126,916.5478330109644,,,shared_all_anomaly_strengths,diffusion_coeff,6000.0
RR,0,494,3552257924642337236,gateway_calibration,sweep:anomaly_pair:shared_scenarios,803.6054191679567,136,916.5478330109644,,,shared_all_anomaly_strengths,diffusion_coeff,6000.0
RR,0,495,4539722117532196426,gateway_calibration,sweep:anomaly_pair:shared_scenarios,674.1161401655884,123,916.5478330109644,,,shared_all_anomaly_strengths,diffusion_coeff,6000.0
RR,0,496,4932179539160465299,gateway_calibration,sweep:anomaly_pair:shared_scenarios,1131.6955338081855,167,916.5478330109644,,,shared_all_anomaly_strengths,diffusion_coeff,6000.0
RR,0,497,6745222888165061244,gateway_calibration,sweep:anomaly_pair:shared_scenarios,596.7468651585875,114,916.5478330109644,,,shared_all_anomaly_strengths,diffusion_coeff,6000.0
RR,0,498,8037702420921553958,gateway_calibration,sweep:anomaly_pair:shared_scenarios,700.7943624934284,122,916.5478330109644,,,shared_all_anomaly_strengths,diffusion_coeff,6000.0
RR,0,499,3026982929224465183,gateway_calibration,sweep:anomaly_pair:shared_scenarios,800.8393068119109,124,916.5478330109644,,,shared_all_anomaly_strengths,diffusion_coeff,6000.0
TR,0,0,6942901201456939297,gateway_calibration,sweep:anomaly_pair:shared_scenarios,598.4343906067031,107,847.9874936609539,,,shared_all_anomaly_strengths,diffusion_coeff,6000.0
TR,0,1,3707311459125033713,gateway_calibration,sweep:anomaly_pair:shared_scenarios,702.7550950237764,120,847.9874936609539,,,shared_all_anomaly_strengths,diffusion_coeff,6000.0
TR,0,2,6525899029649517457,gateway_calibration,sweep:anomaly_pair:shared_scenarios,826.4543150422785,135,847.9874936609539,,,shared_all_anomaly_strengths,diffusion_coeff,6000.0
TR,0,3,7579878600958796329,gateway_calibration,sweep:anomaly_pair:shared_scenarios,790.1631301024278,122,847.9874936609539,,,shared_all_anomaly_strengths,diffusion_coeff,6000.0
TR,0,4,1995048182365014103,gateway_calibration,sweep:anomaly_pair:shared_scenarios,834.3017538830746,127,847.9874936609539,,,shared_all_anomaly_strengths,diffusion_coeff,6000.0
TR,0,5,3295882431625053650,gateway_calibration,sweep:anomaly_pair:shared_scenarios,727.2619702059022,129,847.9874936609539,,,shared_all_anomaly_strengths,diffusion_coeff,6000.0
TR,0,6,5854776044075552459,gateway_calibration,sweep:anomaly_pair:shared_scenarios,594.5311444579188,107,847.9874936609539,,,shared_all_anomaly_strengths,diffusion_coeff,6000.0
TR,0,7,7709607086058877159,gateway_calibration,sweep:anomaly_pair:shared_scenarios,708.4154275031946,115,847.9874936609539,,,shared_all_anomaly_strengths,diffusion_coeff,6000.0
TR,0,8,1741592563361101750,gateway_calibration,sweep:anomaly_pair:shared_scenarios,717.9509248340843,125,847.9874936609539,,,shared_all_anomaly_strengths,diffusion_coeff,6000.0
TR,0,9,3282932482964655802,gateway_calibration,sweep:anomaly_pair:shared_scenarios,847.9462331677165,133,847.9874936609539,,,shared_all_anomaly_strengths,diffusion_coeff,6000.0
TR,0,10,1774785994864530756,gateway_calibration,sweep:anomaly_pair:shared_scenarios,754.8361427881798,124,847.9874936609539,,,shared_all_anomaly_strengths,diffusion_coeff,6000.0
TR,0,11,8140464769652066346,gateway_calibration,sweep:anomaly_pair:shared_scenarios,643.9001918783038,111,847.9874936609539,,,shared_all_anomaly_strengths,diffusion_coeff,6000.0
TR,0,12,1253555579543505935,gateway_calibration,sweep:anomaly_pair:shared_scenarios,692.9012924729061,115,847.9874936609539,,,shared_all_anomaly_strengths,diffusion_coeff,6000.0
TR,0,13,7889622116667546826,gateway_calibration,sweep:anomaly_pair:shared_scenarios,764.7326505364249,132,847.9874936609539,,,shared_all_anomaly_strengths,diffusion_coeff,6000.0
TR,0,14,2999731371178102042,gateway_calibration,sweep:anomaly_pair:shared_scenarios,671.9292806403815,107,847.9874936609539,,,shared_all_anomaly_strengths,diffusion_coeff,6000.0
TR,0,15,3149132606532110017,gateway_calibration,sweep:anomaly_pair:shared_scenarios,728.0082970444521,116,847.9874936609539,,,shared_all_anomaly_strengths,diffusion_coeff,6000.0
TR,0,16,5945166213153900620,gateway_calibration,sweep:anomaly_pair:shared_scenarios,865.5949584814084,107,847.9874936609539,,,shared_all_anomaly_strengths,diffusion_coeff,6000.0
TR,0,17,8780635847486979818,gateway_calibration,sweep:anomaly_pair:shared_scenarios,667.7282191883174,109,847.9874936609539,,,shared_all_anomaly_strengths,diffusion_coeff,6000.0
TR,0,18,977807179708126678,gateway_calibration,sweep:anomaly_pair:shared_scenarios,587.6096381646252,97,847.9874936609539,,,shared_all_anomaly_strengths,diffusion_coeff,6000.0
TR,0,19,4758583958882270302,gateway_calibration,sweep:anomaly_pair:shared_scenarios,807.3712770909384,125,847.9874936609539,,,shared_all_anomaly_strengths,diffusion_coeff,6000.0
TR,0,20,624488504525834361,gateway_calibration,sweep:anomaly_pair:shared_scenarios,737.9709149265636,110,847.9874936609539,,,shared_all_anomaly_strengths,diffusion_coeff,6000.0
TR,0,21,9127488914970490212,gateway_calibration,sweep:anomaly_pair:shared_scenarios,643.1037993120409,109,847.9874936609539,,,shared_all_anomaly_strengths,diffusion_coeff,6000.0
TR,0,22,3878214634024289995,gateway_calibration,sweep:anomaly_pair:shared_scenarios,669.9822151924272,106,847.9874936609539,,,shared_all_anomaly_strengths,diffusion_coeff,6000.0
TR,0,23,3074434249601971096,gateway_calibration,sweep:anomaly_pair:shared_scenarios,688.5026632607163,114,847.9874936609539,,,shared_all_anomaly_strengths,diffusion_coeff,6000.0
TR,0,24,3240386866293341253,gateway_calibration,sweep:anomaly_pair:shared_scenarios,577.0943598174817,93,847.9874936609539,,,shared_all_anomaly_strengths,diffusion_coeff,6000.0
TR,0,25,6243332140314349343,gateway_calibration,sweep:anomaly_pair:shared_scenarios,585.4583872485887,102,847.9874936609539,,,shared_all_anomaly_strengths,diffusion_coeff,6000.0
TR,0,26,3868622807354924164,gateway_calibration,sweep:anomaly_pair:shared_scenarios,758.2169137007901,114,847.9874936609539,,,shared_all_anomaly_strengths,diffusion_coeff,6000.0
TR,0,27,1718082128973198771,gateway_calibration,sweep:anomaly_pair:shared_scenarios,808.011965812361,122,847.9874936609539,,,shared_all_anomaly_strengths,diffusion_coeff,6000.0
TR,0,28,2704479796120479431,gateway_calibration,sweep:anomaly_pair:shared_scenarios,708.2856294856426,124,847.9874936609539,,,shared_all_anomaly_strengths,diffusion_coeff,6000.0
TR,0,29,3697228631517816840,gateway_calibration,sweep:anomaly_pair:shared_scenarios,712.0178774014738,126,847.9874936609539,,,shared_all_anomaly_strengths,diffusion_coeff,6000.0
TR,0,30,8820983848116756903,gateway_calibration,sweep:anomaly_pair:shared_scenarios,710.1728733452629,124,847.9874936609539,,,shared_all_anomaly_strengths,diffusion_coeff,6000.0
TR,0,31,7643153808516479349,gateway_calibration,sweep:anomaly_pair:shared_scenarios,587.029251740425,105,847.9874936609539,,,shared_all_anomaly_strengths,diffusion_coeff,6000.0
TR,0,32,3795846149567597038,gateway_calibration,sweep:anomaly_pair:shared_scenarios,791.0292463870675,125,847.9874936609539,,,shared_all_anomaly_strengths,diffusion_coeff,6000.0
TR,0,33,8760001566670653492,gateway_calibration,sweep:anomaly_pair:shared_scenarios,683.6681271291927,119,847.9874936609539,,,shared_all_anomaly_strengths,diffusion_coeff,6000.0
TR,0,34,2744726624485914817,gateway_calibration,sweep:anomaly_pair:shared_scenarios,609.2410004327819,109,847.9874936609539,,,shared_all_anomaly_strengths,diffusion_coeff,6000.0
TR,0,35,7310029771266914304,gateway_calibration,sweep:anomaly_pair:shared_scenarios,632.3511125935474,110,847.9874936609539,,,shared_all_anomaly_strengths,diffusion_coeff,6000.0
TR,0,36,8860427485777938866,gateway_calibration,sweep:anomaly_pair:shared_scenarios,698.5105418278818,117,847.9874936609539,,,shared_all_anomaly_strengths,diffusion_coeff,6000.0
TR,0,37,8598656038562839224,gateway_calibration,sweep:anomaly_pair:shared_scenarios,874.7035626589428,116,847.9874936609539,,,shared_all_anomaly_strengths,diffusion_coeff,6000.0
TR,0,38,8997019032754762713,gateway_calibration,sweep:anomaly_pair:shared_scenarios,741.7177345910007,109,847.9874936609539,,,shared_all_anomaly_strengths,diffusion_coeff,6000.0
TR,0,39,4208817818748932462,gateway_calibration,sweep:anomaly_pair:shared_scenarios,622.4093415016646,99,847.9874936609539,,,shared_all_anomaly_strengths,diffusion_coeff,6000.0
TR,0,40,6068242829919299090,gateway_calibration,sweep:anomaly_pair:shared_scenarios,719.3358145456765,115,847.9874936609539,,,shared_all_anomaly_strengths,diffusion_coeff,6000.0
TR,0,41,4049042354117377146,gateway_calibration,sweep:anomaly_pair:shared_scenarios,621.3117136378333,120,847.9874936609539,,,shared_all_anomaly_strengths,diffusion_coeff,6000.0
TR,0,42,5126773472074832949,gateway_calibration,sweep:anomaly_pair:shared_scenarios,669.8038556717837,114,847.9874936609539,,,shared_all_anomaly_strengths,diffusion_coeff,6000.0
TR,0,43,6183996202129912428,gateway_calibration,sweep:anomaly_pair:shared_scenarios,631.0491424593199,116,847.9874936609539,,,shared_all_anomaly_strengths,diffusion_coeff,6000.0
TR,0,44,5034920799087487164,gateway_calibration,sweep:anomaly_pair:shared_scenarios,814.8532160693276,130,847.9874936609539,,,shared_all_anomaly_strengths,diffusion_coeff,6000.0
TR,0,45,5099780515566784822,gateway_calibration,sweep:anomaly_pair:shared_scenarios,708.8982514755711,109,847.9874936609539,,,shared_all_anomaly_strengths,diffusion_coeff,6000.0
TR,0,46,3743304880928594782,gateway_calibration,sweep:anomaly_pair:shared_scenarios,675.0501870375367,99,847.9874936609539,,,shared_all_anomaly_strengths,diffusion_coeff,6000.0
TR,0,47,7315397891830491094,gateway_calibration,sweep:anomaly_pair:shared_scenarios,680.1359911640857,106,847.9874936609539,,,shared_all_anomaly_strengths,diffusion_coeff,6000.0
TR,0,48,2190007532852709612,gateway_calibration,sweep:anomaly_pair:shared_scenarios,780.7487224826918,118,847.9874936609539,,,shared_all_anomaly_strengths,diffusion_coeff,6000.0
TR,0,49,120834209760926409,gateway_calibration,sweep:anomaly_pair:shared_scenarios,615.4708945223854,107,847.9874936609539,,,shared_all_anomaly_strengths,diffusion_coeff,6000.0
TR,0,50,3276339480421714797,gateway_calibration,sweep:anomaly_pair:shared_scenarios,762.1800883386784,126,847.9874936609539,,,shared_all_anomaly_strengths,diffusion_coeff,6000.0
TR,0,51,7889239287137057542,gateway_calibration,sweep:anomaly_pair:shared_scenarios,651.3182885695853,124,847.9874936609539,,,shared_all_anomaly_strengths,diffusion_coeff,6000.0
TR,0,52,3388785810564520190,gateway_calibration,sweep:anomaly_pair:shared_scenarios,770.5676557447722,122,847.9874936609539,,,shared_all_anomaly_strengths,diffusion_coeff,6000.0
TR,0,53,5503237878395346684,gateway_calibration,sweep:anomaly_pair:shared_scenarios,707.8464642473731,110,847.9874936609539,,,shared_all_anomaly_strengths,diffusion_coeff,6000.0
TR,0,54,5415491490608218996,gateway_calibration,sweep:anomaly_pair:shared_scenarios,775.7734487311016,122,847.9874936609539,,,shared_all_anomaly_strengths,diffusion_coeff,6000.0
TR,0,55,26760604161946009,gateway_calibration,sweep:anomaly_pair:shared_scenarios,603.2698827893303,99,847.9874936609539,,,shared_all_anomaly_strengths,diffusion_coeff,6000.0
TR,0,56,6830352398876445275,gateway_calibration,sweep:anomaly_pair:shared_scenarios,696.6376538243551,127,847.9874936609539,,,shared_all_anomaly_strengths,diffusion_coeff,6000.0
TR,0,57,1406415348362794825,gateway_calibration,sweep:anomaly_pair:shared_scenarios,788.6399861969778,132,847.9874936609539,,,shared_all_anomaly_strengths,diffusion_coeff,6000.0
TR,0,58,7701508260034706105,gateway_calibration,sweep:anomaly_pair:shared_scenarios,661.7285145108336,126,847.9874936609539,,,shared_all_anomaly_strengths,diffusion_coeff,6000.0
TR,0,59,2711167823261115708,gateway_calibration,sweep:anomaly_pair:shared_scenarios,674.4386056252936,117,847.9874936609539,,,shared_all_anomaly_strengths,diffusion_coeff,6000.0
TR,0,60,3144340299977682071,gateway_calibration,sweep:anomaly_pair:shared_scenarios,775.4362043454261,117,847.9874936609539,,,shared_all_anomaly_strengths,diffusion_coeff,6000.0
TR,0,61,6563400931778538780,gateway_calibration,sweep:anomaly_pair:shared_scenarios,565.6980033306036,96,847.9874936609539,,,shared_all_anomaly_strengths,diffusion_coeff,6000.0
TR,0,62,2388043308876394469,gateway_calibration,sweep:anomaly_pair:shared_scenarios,749.0075355106634,126,847.9874936609539,,,shared_all_anomaly_strengths,diffusion_coeff,6000.0
TR,0,63,6824789488425972207,gateway_calibration,sweep:anomaly_pair:shared_scenarios,702.2757196744403,114,847.9874936609539,,,shared_all_anomaly_strengths,diffusion_coeff,6000.0
TR,0,64,1401432086598941843,gateway_calibration,sweep:anomaly_pair:shared_scenarios,815.770561570403,127,847.9874936609539,,,shared_all_anomaly_strengths,diffusion_coeff,6000.0
TR,0,65,4672481713666300259,gateway_calibration,sweep:anomaly_pair:shared_scenarios,700.5976695335314,120,847.9874936609539,,,shared_all_anomaly_strengths,diffusion_coeff,6000.0
TR,0,66,6903420366369478612,gateway_calibration,sweep:anomaly_pair:shared_scenarios,669.9765880709139,120,847.9874936609539,,,shared_all_anomaly_strengths,diffusion_coeff,6000.0
TR,0,67,6898050963322559496,gateway_calibration,sweep:anomaly_pair:shared_scenarios,625.7259848249056,106,847.9874936609539,,,shared_all_anomaly_strengths,diffusion_coeff,6000.0
TR,0,68,614393272824454916,gateway_calibration,sweep:anomaly_pair:shared_scenarios,631.7042883728739,118,847.9874936609539,,,shared_all_anomaly_strengths,diffusion_coeff,6000.0
TR,0,69,672551910386015347,gateway_calibration,sweep:anomaly_pair:shared_scenarios,766.007822675524,114,847.9874936609539,,,shared_all_anomaly_strengths,diffusion_coeff,6000.0
TR,0,70,2982091152045645099,gateway_calibration,sweep:anomaly_pair:shared_scenarios,632.7152065600212,98,847.9874936609539,,,shared_all_anomaly_strengths,diffusion_coeff,6000.0
TR,0,71,823492357614472977,gateway_calibration,sweep:anomaly_pair:shared_scenarios,747.4255965274979,123,847.9874936609539,,,shared_all_anomaly_strengths,diffusion_coeff,6000.0
TR,0,72,4697794938409790858,gateway_calibration,sweep:anomaly_pair:shared_scenarios,657.9628212011505,111,847.9874936609539,,,shared_all_anomaly_strengths,diffusion_coeff,6000.0
TR,0,73,6582019303472037237,gateway_calibration,sweep:anomaly_pair:shared_scenarios,616.1240457721425,105,847.9874936609539,,,shared_all_anomaly_strengths,diffusion_coeff,6000.0
TR,0,74,300672792335245350,gateway_calibration,sweep:anomaly_pair:shared_scenarios,611.5624881955079,105,847.9874936609539,,,shared_all_anomaly_strengths,diffusion_coeff,6000.0
TR,0,75,5751946339530838054,gateway_calibration,sweep:anomaly_pair:shared_scenarios,770.7103814226821,124,847.9874936609539,,,shared_all_anomaly_strengths,diffusion_coeff,6000.0
TR,0,76,961439938750258285,gateway_calibration,sweep:anomaly_pair:shared_scenarios,811.7873808237188,134,847.9874936609539,,,shared_all_anomaly_strengths,diffusion_coeff,6000.0
TR,0,77,3257887825763507863,gateway_calibration,sweep:anomaly_pair:shared_scenarios,626.4948378159523,99,847.9874936609539,,,shared_all_anomaly_strengths,diffusion_coeff,6000.0
TR,0,78,8166365252455630432,gateway_calibration,sweep:anomaly_pair:shared_scenarios,795.8310201460699,114,847.9874936609539,,,shared_all_anomaly_strengths,diffusion_coeff,6000.0
TR,0,79,2849578758725429319,gateway_calibration,sweep:anomaly_pair:shared_scenarios,682.4028250248052,104,847.9874936609539,,,shared_all_anomaly_strengths,diffusion_coeff,6000.0
TR,0,80,5847011703168282323,gateway_calibration,sweep:anomaly_pair:shared_scenarios,846.044186946528,128,847.9874936609539,,,shared_all_anomaly_strengths,diffusion_coeff,6000.0
TR,0,81,7858864668525583430,gateway_calibration,sweep:anomaly_pair:shared_scenarios,571.8923420088762,94,847.9874936609539,,,shared_all_anomaly_strengths,diffusion_coeff,6000.0
TR,0,82,268940495404723730,gateway_calibration,sweep:anomaly_pair:shared_scenarios,453.58839964853144,92,847.9874936609539,,,shared_all_anomaly_strengths,diffusion_coeff,6000.0
TR,0,83,4400655767576069724,gateway_calibration,sweep:anomaly_pair:shared_scenarios,777.1690330657233,121,847.9874936609539,,,shared_all_anomaly_strengths,diffusion_coeff,6000.0
TR,0,84,7359957410266699792,gateway_calibration,sweep:anomaly_pair:shared_scenarios,667.3223970559085,116,847.9874936609539,,,shared_all_anomaly_strengths,diffusion_coeff,6000.0
TR,0,85,4731760846268061734,gateway_calibration,sweep:anomaly_pair:shared_scenarios,645.7000429915038,106,847.9874936609539,,,shared_all_anomaly_strengths,diffusion_coeff,6000.0
TR,0,86,1992618809938800466,gateway_calibration,sweep:anomaly_pair:shared_scenarios,679.1018689310495,121,847.9874936609539,,,shared_all_anomaly_strengths,diffusion_coeff,6000.0
TR,0,87,8403004296001441656,gateway_calibration,sweep:anomaly_pair:shared_scenarios,737.681663229632,115,847.9874936609539,,,shared_all_anomaly_strengths,diffusion_coeff,6000.0
TR,0,88,5944369264469843788,gateway_calibration,sweep:anomaly_pair:shared_scenarios,749.6254167248582,121,847.9874936609539,,,shared_all_anomaly_strengths,diffusion_coeff,6000.0
TR,0,89,216637230108974742,gateway_calibration,sweep:anomaly_pair:shared_scenarios,672.0967579073911,111,847.9874936609539,,,shared_all_anomaly_strengths,diffusion_coeff,6000.0
TR,0,90,896283027553350313,gateway_calibration,sweep:anomaly_pair:shared_scenarios,701.5162721739375,123,847.9874936609539,,,shared_all_anomaly_strengths,diffusion_coeff,6000.0
TR,0,91,2129979059599230336,gateway_calibration,sweep:anomaly_pair:shared_scenarios,649.1899128315871,108,847.9874936609539,,,shared_all_anomaly_strengths,diffusion_coeff,6000.0
TR,0,92,8440158530804782812,gateway_calibration,sweep:anomaly_pair:shared_scenarios,787.2605850073592,112,847.9874936609539,,,shared_all_anomaly_strengths,diffusion_coeff,6000.0
TR,0,93,2515105766560126937,gateway_calibration,sweep:anomaly_pair:shared_scenarios,659.2898733475877,102,847.9874936609539,,,shared_all_anomaly_strengths,diffusion_coeff,6000.0
TR,0,94,7871536140642585085,gateway_calibration,sweep:anomaly_pair:shared_scenarios,545.7627767156123,91,847.9874936609539,,,shared_all_anomaly_strengths,diffusion_coeff,6000.0
TR,0,95,5141400087580602088,gateway_calibration,sweep:anomaly_pair:shared_scenarios,740.3155360144091,122,847.9874936609539,,,shared_all_anomaly_strengths,diffusion_coeff,6000.0
TR,0,96,8112959400662868633,gateway_calibration,sweep:anomaly_pair:shared_scenarios,579.4726677698261,94,847.9874936609539,,,shared_all_anomaly_strengths,diffusion_coeff,6000.0
TR,0,97,1078891354826946508,gateway_calibration,sweep:anomaly_pair:shared_scenarios,650.632458641403,109,847.9874936609539,,,shared_all_anomaly_strengths,diffusion_coeff,6000.0
TR,0,98,2726858539062778841,gateway_calibration,sweep:anomaly_pair:shared_scenarios,568.6156607820832,92,847.9874936609539,,,shared_all_anomaly_strengths,diffusion_coeff,6000.0
TR,0,99,4880208515358931166,gateway_calibration,sweep:anomaly_pair:shared_scenarios,693.4971495793069,109,847.9874936609539,,,shared_all_anomaly_strengths,diffusion_coeff,6000.0
TR,0,100,9112943947571933379,gateway_calibration,sweep:anomaly_pair:shared_scenarios,737.8643027879592,121,847.9874936609539,,,shared_all_anomaly_strengths,diffusion_coeff,6000.0
TR,0,101,4842620908627243129,gateway_calibration,sweep:anomaly_pair:shared_scenarios,664.9094724644782,105,847.9874936609539,,,shared_all_anomaly_strengths,diffusion_coeff,6000.0
TR,0,102,9221364585446048791,gateway_calibration,sweep:anomaly_pair:shared_scenarios,668.0796255740204,117,847.9874936609539,,,shared_all_anomaly_strengths,diffusion_coeff,6000.0
TR,0,103,3494744169553416929,gateway_calibration,sweep:anomaly_pair:shared_scenarios,662.7537453523108,106,847.9874936609539,,,shared_all_anomaly_strengths,diffusion_coeff,6000.0
TR,0,104,7233638741406416371,gateway_calibration,sweep:anomaly_pair:shared_scenarios,710.9416688888027,112,847.9874936609539,,,shared_all_anomaly_strengths,diffusion_coeff,6000.0
TR,0,105,3641336694656935735,gateway_calibration,sweep:anomaly_pair:shared_scenarios,653.291438396643,108,847.9874936609539,,,shared_all_anomaly_strengths,diffusion_coeff,6000.0
TR,0,106,3835715673444251126,gateway_calibration,sweep:anomaly_pair:shared_scenarios,766.7169331035599,116,847.9874936609539,,,shared_all_anomaly_strengths,diffusion_coeff,6000.0
TR,0,107,2714185319899586904,gateway_calibration,sweep:anomaly_pair:shared_scenarios,861.270298923991,132,847.9874936609539,,,shared_all_anomaly_strengths,diffusion_coeff,6000.0
TR,0,108,7065677078823521164,gateway_calibration,sweep:anomaly_pair:shared_scenarios,736.2069460943059,119,847.9874936609539,,,shared_all_anomaly_strengths,diffusion_coeff,6000.0
TR,0,109,1054405605846734754,gateway_calibration,sweep:anomaly_pair:shared_scenarios,842.3237081854161,135,847.9874936609539,,,shared_all_anomaly_strengths,diffusion_coeff,6000.0
TR,0,110,2962441662239683096,gateway_calibration,sweep:anomaly_pair:shared_scenarios,864.2432459967021,135,847.9874936609539,,,shared_all_anomaly_strengths,diffusion_coeff,6000.0
TR,0,111,4129263628419206857,gateway_calibration,sweep:anomaly_pair:shared_scenarios,668.4129873825705,111,847.9874936609539,,,shared_all_anomaly_strengths,diffusion_coeff,6000.0
TR,0,112,1622360177596404131,gateway_calibration,sweep:anomaly_pair:shared_scenarios,662.5535243734694,109,847.9874936609539,,,shared_all_anomaly_strengths,diffusion_coeff,6000.0
TR,0,113,2330463691884836340,gateway_calibration,sweep:anomaly_pair:shared_scenarios,674.746097881558,114,847.9874936609539,,,shared_all_anomaly_strengths,diffusion_coeff,6000.0
TR,0,114,2652712276700624970,gateway_calibration,sweep:anomaly_pair:shared_scenarios,639.5229886712951,115,847.9874936609539,,,shared_all_anomaly_strengths,diffusion_coeff,6000.0
TR,0,115,6210151626445176008,gateway_calibration,sweep:anomaly_pair:shared_scenarios,649.8673455246457,114,847.9874936609539,,,shared_all_anomaly_strengths,diffusion_coeff,6000.0
TR,0,116,5484880361464436307,gateway_calibration,sweep:anomaly_pair:shared_scenarios,747.8093558268204,125,847.9874936609539,,,shared_all_anomaly_strengths,diffusion_coeff,6000.0
TR,0,117,9083936004600730053,gateway_calibration,sweep:anomaly_pair:shared_scenarios,580.9495428920713,94,847.9874936609539,,,shared_all_anomaly_strengths,diffusion_coeff,6000.0
TR,0,118,7499139004400980353,gateway_calibration,sweep:anomaly_pair:shared_scenarios,654.8196557006269,115,847.9874936609539,,,shared_all_anomaly_strengths,diffusion_coeff,6000.0
TR,0,119,426229976672197883,gateway_calibration,sweep:anomaly_pair:shared_scenarios,729.7813357482447,119,847.9874936609539,,,shared_all_anomaly_strengths,diffusion_coeff,6000.0
TR,0,120,246508369912879822,gateway_calibration,sweep:anomaly_pair:shared_scenarios,732.1181682868795,107,847.9874936609539,,,shared_all_anomaly_strengths,diffusion_coeff,6000.0
TR,0,121,2652398091327796019,gateway_calibration,sweep:anomaly_pair:shared_scenarios,669.4165493080401,111,847.9874936609539,,,shared_all_anomaly_strengths,diffusion_coeff,6000.0
TR,0,122,5503532496059794744,gateway_calibration,sweep:anomaly_pair:shared_scenarios,660.295462992321,115,847.9874936609539,,,shared_all_anomaly_strengths,diffusion_coeff,6000.0
TR,0,123,8329007375693140607,gateway_calibration,sweep:anomaly_pair:shared_scenarios,624.6752997734071,114,847.9874936609539,,,shared_all_anomaly_strengths,diffusion_coeff,6000.0
TR,0,124,4366984316536531468,gateway_calibration,sweep:anomaly_pair:shared_scenarios,620.5796412978834,120,847.9874936609539,,,shared_all_anomaly_strengths,diffusion_coeff,6000.0
TR,0,125,6198917521197951328,gateway_calibration,sweep:anomaly_pair:shared_scenarios,662.3780427827852,118,847.9874936609539,,,shared_all_anomaly_strengths,diffusion_coeff,6000.0
TR,0,126,3901305802510177060,gateway_calibration,sweep:anomaly_pair:shared_scenarios,652.7890873299054,113,847.9874936609539,,,shared_all_anomaly_strengths,diffusion_coeff,6000.0
TR,0,127,3651935198066528014,gateway_calibration,sweep:anomaly_pair:shared_scenarios,610.3367073264694,102,847.9874936609539,,,shared_all_anomaly_strengths,diffusion_coeff,6000.0
TR,0,128,3665222385996101800,gateway_calibration,sweep:anomaly_pair:shared_scenarios,590.6766046457813,121,847.9874936609539,,,shared_all_anomaly_strengths,diffusion_coeff,6000.0
TR,0,129,3695450124233607618,gateway_calibration,sweep:anomaly_pair:shared_scenarios,808.1190415964985,111,847.9874936609539,,,shared_all_anomaly_strengths,diffusion_coeff,6000.0
TR,0,130,4507573490889405567,gateway_calibration,sweep:anomaly_pair:shared_scenarios,744.0565927136013,116,847.9874936609539,,,shared_all_anomaly_strengths,diffusion_coeff,6000.0
TR,0,131,6622006059011695217,gateway_calibration,sweep:anomaly_pair:shared_scenarios,588.5379527945355,113,847.9874936609539,,,shared_all_anomaly_strengths,diffusion_coeff,6000.0
TR,0,132,1072149559379176970,gateway_calibration,sweep:anomaly_pair:shared_scenarios,752.6242666846936,110,847.9874936609539,,,shared_all_anomaly_strengths,diffusion_coeff,6000.0
TR,0,133,2236710786858836466,gateway_calibration,sweep:anomaly_pair:shared_scenarios,703.4659262199749,115,847.9874936609539,,,shared_all_anomaly_strengths,diffusion_coeff,6000.0
TR,0,134,4061241335305450115,gateway_calibration,sweep:anomaly_pair:shared_scenarios,594.8462480975803,115,847.9874936609539,,,shared_all_anomaly_strengths,diffusion_coeff,6000.0
TR,0,135,4458267631564501530,gateway_calibration,sweep:anomaly_pair:shared_scenarios,723.3651277025568,118,847.9874936609539,,,shared_all_anomaly_strengths,diffusion_coeff,6000.0
TR,0,136,4602541395243770802,gateway_calibration,sweep:anomaly_pair:shared_scenarios,647.0451189040966,109,847.9874936609539,,,shared_all_anomaly_strengths,diffusion_coeff,6000.0
TR,0,137,8154260143710516340,gateway_calibration,sweep:anomaly_pair:shared_scenarios,741.632508223907,118,847.9874936609539,,,shared_all_anomaly_strengths,diffusion_coeff,6000.0
TR,0,138,7114745814847013655,gateway_calibration,sweep:anomaly_pair:shared_scenarios,625.8519366859705,114,847.9874936609539,,,shared_all_anomaly_strengths,diffusion_coeff,6000.0
TR,0,139,7504069718206669675,gateway_calibration,sweep:anomaly_pair:shared_scenarios,652.1816390281294,101,847.9874936609539,,,shared_all_anomaly_strengths,diffusion_coeff,6000.0
TR,0,140,2484320023919988263,gateway_calibration,sweep:anomaly_pair:shared_scenarios,717.6376953782335,112,847.9874936609539,,,shared_all_anomaly_strengths,diffusion_coeff,6000.0
TR,0,141,5967893154890299710,gateway_calibration,sweep:anomaly_pair:shared_scenarios,767.2024807663545,107,847.9874936609539,,,shared_all_anomaly_strengths,diffusion_coeff,6000.0
TR,0,142,8551485174213736670,gateway_calibration,sweep:anomaly_pair:shared_scenarios,720.0240436063477,110,847.9874936609539,,,shared_all_anomaly_strengths,diffusion_coeff,6000.0
TR,0,143,400428821000820213,gateway_calibration,sweep:anomaly_pair:shared_scenarios,747.7517386220215,122,847.9874936609539,,,shared_all_anomaly_strengths,diffusion_coeff,6000.0
TR,0,144,4671208357574952400,gateway_calibration,sweep:anomaly_pair:shared_scenarios,765.9542004119371,116,847.9874936609539,,,shared_all_anomaly_strengths,diffusion_coeff,6000.0
TR,0,145,2717424151482641221,gateway_calibration,sweep:anomaly_pair:shared_scenarios,741.8940447939896,117,847.9874936609539,,,shared_all_anomaly_strengths,diffusion_coeff,6000.0
TR,0,146,7103388310734235320,gateway_calibration,sweep:anomaly_pair:shared_scenarios,820.9189593219219,118,847.9874936609539,,,shared_all_anomaly_strengths,diffusion_coeff,6000.0
TR,0,147,6613689040717774173,gateway_calibration,sweep:anomaly_pair:shared_scenarios,673.1713411789661,110,847.9874936609539,,,shared_all_anomaly_strengths,diffusion_coeff,6000.0
TR,0,148,3013865715162790417,gateway_calibration,sweep:anomaly_pair:shared_scenarios,717.4646012116377,111,847.9874936609539,,,shared_all_anomaly_strengths,diffusion_coeff,6000.0
TR,0,149,5411062845189856806,gateway_calibration,sweep:anomaly_pair:shared_scenarios,654.81568812319,108,847.9874936609539,,,shared_all_anomaly_strengths,diffusion_coeff,6000.0
TR,0,150,753526066345137121,gateway_calibration,sweep:anomaly_pair:shared_scenarios,828.7931925289093,120,847.9874936609539,,,shared_all_anomaly_strengths,diffusion_coeff,6000.0
TR,0,151,5517788874787541446,gateway_calibration,sweep:anomaly_pair:shared_scenarios,904.0568408653886,135,847.9874936609539,,,shared_all_anomaly_strengths,diffusion_coeff,6000.0
TR,0,152,3012173983135274094,gateway_calibration,sweep:anomaly_pair:shared_scenarios,650.2534709617804,119,847.9874936609539,,,shared_all_anomaly_strengths,diffusion_coeff,6000.0
TR,0,153,7525768142714343326,gateway_calibration,sweep:anomaly_pair:shared_scenarios,660.0178278104743,119,847.9874936609539,,,shared_all_anomaly_strengths,diffusion_coeff,6000.0
TR,0,154,5795757086317543101,gateway_calibration,sweep:anomaly_pair:shared_scenarios,701.9230826706668,102,847.9874936609539,,,shared_all_anomaly_strengths,diffusion_coeff,6000.0
TR,0,155,1489560090090177220,gateway_calibration,sweep:anomaly_pair:shared_scenarios,748.2214911280994,123,847.9874936609539,,,shared_all_anomaly_strengths,diffusion_coeff,6000.0
TR,0,156,5650023223194757707,gateway_calibration,sweep:anomaly_pair:shared_scenarios,758.415296181399,112,847.9874936609539,,,shared_all_anomaly_strengths,diffusion_coeff,6000.0
TR,0,157,9095396682315926676,gateway_calibration,sweep:anomaly_pair:shared_scenarios,684.9690906837299,120,847.9874936609539,,,shared_all_anomaly_strengths,diffusion_coeff,6000.0
TR,0,158,3646421855625731332,gateway_calibration,sweep:anomaly_pair:shared_scenarios,666.8712776305955,99,847.9874936609539,,,shared_all_anomaly_strengths,diffusion_coeff,6000.0
TR,0,159,2731180400104840963,gateway_calibration,sweep:anomaly_pair:shared_scenarios,670.378684333893,106,847.9874936609539,,,shared_all_anomaly_strengths,diffusion_coeff,6000.0
TR,0,160,6525253475390859142,gateway_calibration,sweep:anomaly_pair:shared_scenarios,644.6466761697169,126,847.9874936609539,,,shared_all_anomaly_strengths,diffusion_coeff,6000.0
TR,0,161,5342702562007933787,gateway_calibration,sweep:anomaly_pair:shared_scenarios,595.2156765128225,108,847.9874936609539,,,shared_all_anomaly_strengths,diffusion_coeff,6000.0
TR,0,162,1696163523599298321,gateway_calibration,sweep:anomaly_pair:shared_scenarios,694.2310503571605,114,847.9874936609539,,,shared_all_anomaly_strengths,diffusion_coeff,6000.0
TR,0,163,3743667071636317329,gateway_calibration,sweep:anomaly_pair:shared_scenarios,731.7352113227234,114,847.9874936609539,,,shared_all_anomaly_strengths,diffusion_coeff,6000.0
TR,0,164,1703215274657857080,gateway_calibration,sweep:anomaly_pair:shared_scenarios,655.022522081999,99,847.9874936609539,,,shared_all_anomaly_strengths,diffusion_coeff,6000.0
TR,0,165,3749419661803877216,gateway_calibration,sweep:anomaly_pair:shared_scenarios,500.88351632670805,80,847.9874936609539,,,shared_all_anomaly_strengths,diffusion_coeff,6000.0
TR,0,166,1022849663340299120,gateway_calibration,sweep:anomaly_pair:shared_scenarios,635.9733651360713,101,847.9874936609539,,,shared_all_anomaly_strengths,diffusion_coeff,6000.0
TR,0,167,812573164251080741,gateway_calibration,sweep:anomaly_pair:shared_scenarios,865.06676859058,134,847.9874936609539,,,shared_all_anomaly_strengths,diffusion_coeff,6000.0
TR,0,168,9181789161802016476,gateway_calibration,sweep:anomaly_pair:shared_scenarios,666.5961726307235,121,847.9874936609539,,,shared_all_anomaly_strengths,diffusion_coeff,6000.0
TR,0,169,41852731993844740,gateway_calibration,sweep:anomaly_pair:shared_scenarios,688.8809848295131,127,847.9874936609539,,,shared_all_anomaly_strengths,diffusion_coeff,6000.0
TR,0,170,2160723943465049599,gateway_calibration,sweep:anomaly_pair:shared_scenarios,889.7186149996809,128,847.9874936609539,,,shared_all_anomaly_strengths,diffusion_coeff,6000.0
TR,0,171,4956274529951239709,gateway_calibration,sweep:anomaly_pair:shared_scenarios,724.1792299261612,117,847.9874936609539,,,shared_all_anomaly_strengths,diffusion_coeff,6000.0
TR,0,172,6793317195616864064,gateway_calibration,sweep:anomaly_pair:shared_scenarios,830.751787076242,128,847.9874936609539,,,shared_all_anomaly_strengths,diffusion_coeff,6000.0
TR,0,173,4303638152728383403,gateway_calibration,sweep:anomaly_pair:shared_scenarios,705.1040161161403,110,847.9874936609539,,,shared_all_anomaly_strengths,diffusion_coeff,6000.0
TR,0,174,7314201943706610406,gateway_calibration,sweep:anomaly_pair:shared_scenarios,649.801707606742,105,847.9874936609539,,,shared_all_anomaly_strengths,diffusion_coeff,6000.0
TR,0,175,1512635151930618621,gateway_calibration,sweep:anomaly_pair:shared_scenarios,651.527697055654,111,847.9874936609539,,,shared_all_anomaly_strengths,diffusion_coeff,6000.0
TR,0,176,8308315004410766501,gateway_calibration,sweep:anomaly_pair:shared_scenarios,731.3682396809797,117,847.9874936609539,,,shared_all_anomaly_strengths,diffusion_coeff,6000.0
TR,0,177,8366281085404403237,gateway_calibration,sweep:anomaly_pair:shared_scenarios,731.4900199001336,112,847.9874936609539,,,shared_all_anomaly_strengths,diffusion_coeff,6000.0
TR,0,178,3431044729523368993,gateway_calibration,sweep:anomaly_pair:shared_scenarios,651.1206288055497,117,847.9874936609539,,,shared_all_anomaly_strengths,diffusion_coeff,6000.0
TR,0,179,2007998228956077302,gateway_calibration,sweep:anomaly_pair:shared_scenarios,676.859733050458,99,847.9874936609539,,,shared_all_anomaly_strengths,diffusion_coeff,6000.0
TR,0,180,8751753062912985555,gateway_calibration,sweep:anomaly_pair:shared_scenarios,670.4276697681851,114,847.9874936609539,,,shared_all_anomaly_strengths,diffusion_coeff,6000.0
TR,0,181,6021098798304103526,gateway_calibration,sweep:anomaly_pair:shared_scenarios,690.1216859311934,120,847.9874936609539,,,shared_all_anomaly_strengths,diffusion_coeff,6000.0
TR,0,182,6935358694610535876,gateway_calibration,sweep:anomaly_pair:shared_scenarios,727.097822315543,121,847.9874936609539,,,shared_all_anomaly_strengths,diffusion_coeff,6000.0
TR,0,183,8750411618794352639,gateway_calibration,sweep:anomaly_pair:shared_scenarios,623.5537352130904,105,847.9874936609539,,,shared_all_anomaly_strengths,diffusion_coeff,6000.0
TR,0,184,5456778154641903347,gateway_calibration,sweep:anomaly_pair:shared_scenarios,806.6363952867756,125,847.9874936609539,,,shared_all_anomaly_strengths,diffusion_coeff,6000.0
TR,0,185,1287740648467288647,gateway_calibration,sweep:anomaly_pair:shared_scenarios,698.9555221996092,125,847.9874936609539,,,shared_all_anomaly_strengths,diffusion_coeff,6000.0
TR,0,186,5407093370613870835,gateway_calibration,sweep:anomaly_pair:shared_scenarios,794.9509869405456,125,847.9874936609539,,,shared_all_anomaly_strengths,diffusion_coeff,6000.0
TR,0,187,3818214081160493,gateway_calibration,sweep:anomaly_pair:shared_scenarios,700.2626731678758,118,847.9874936609539,,,shared_all_anomaly_strengths,diffusion_coeff,6000.0
TR,0,188,4306571545613910018,gateway_calibration,sweep:anomaly_pair:shared_scenarios,632.2840687100457,105,847.9874936609539,,,shared_all_anomaly_strengths,diffusion_coeff,6000.0
TR,0,189,1959307662180969903,gateway_calibration,sweep:anomaly_pair:shared_scenarios,686.0471191771986,107,847.9874936609539,,,shared_all_anomaly_strengths,diffusion_coeff,6000.0
TR,0,190,4992208587719153238,gateway_calibration,sweep:anomaly_pair:shared_scenarios,606.347810203885,119,847.9874936609539,,,shared_all_anomaly_strengths,diffusion_coeff,6000.0
TR,0,191,5365441848557421041,gateway_calibration,sweep:anomaly_pair:shared_scenarios,741.6667371357818,121,847.9874936609539,,,shared_all_anomaly_strengths,diffusion_coeff,6000.0
TR,0,192,1408715418700674555,gateway_calibration,sweep:anomaly_pair:shared_scenarios,553.9590638898635,101,847.9874936609539,,,shared_all_anomaly_strengths,diffusion_coeff,6000.0
TR,0,193,8108843531229667530,gateway_calibration,sweep:anomaly_pair:shared_scenarios,664.5319016327162,115,847.9874936609539,,,shared_all_anomaly_strengths,diffusion_coeff,6000.0
TR,0,194,5355952040063825204,gateway_calibration,sweep:anomaly_pair:shared_scenarios,748.5683514220669,120,847.9874936609539,,,shared_all_anomaly_strengths,diffusion_coeff,6000.0
TR,0,195,3749598425399707804,gateway_calibration,sweep:anomaly_pair:shared_scenarios,654.6864081908644,97,847.9874936609539,,,shared_all_anomaly_strengths,diffusion_coeff,6000.0
TR,0,196,2149480101104034459,gateway_calibration,sweep:anomaly_pair:shared_scenarios,959.7222933209207,114,847.9874936609539,,,shared_all_anomaly_strengths,diffusion_coeff,6000.0
TR,0,197,2249485913525693031,gateway_calibration,sweep:anomaly_pair:shared_scenarios,848.7714430324635,140,847.9874936609539,,,shared_all_anomaly_strengths,diffusion_coeff,6000.0
TR,0,198,7943041684628071969,gateway_calibration,sweep:anomaly_pair:shared_scenarios,874.8510102132699,126,847.9874936609539,,,shared_all_anomaly_strengths,diffusion_coeff,6000.0
TR,0,199,5498905627511140374,gateway_calibration,sweep:anomaly_pair:shared_scenarios,768.2906926967618,132,847.9874936609539,,,shared_all_anomaly_strengths,diffusion_coeff,6000.0
TR,0,200,3602637090699499683,gateway_calibration,sweep:anomaly_pair:shared_scenarios,723.0495008336078,117,847.9874936609539,,,shared_all_anomaly_strengths,diffusion_coeff,6000.0
TR,0,201,7286351669153130392,gateway_calibration,sweep:anomaly_pair:shared_scenarios,631.8755035552613,102,847.9874936609539,,,shared_all_anomaly_strengths,diffusion_coeff,6000.0
TR,0,202,3191901830673673490,gateway_calibration,sweep:anomaly_pair:shared_scenarios,681.0117580317587,124,847.9874936609539,,,shared_all_anomaly_strengths,diffusion_coeff,6000.0
TR,0,203,8524659376700415706,gateway_calibration,sweep:anomaly_pair:shared_scenarios,750.4633881473181,118,847.9874936609539,,,shared_all_anomaly_strengths,diffusion_coeff,6000.0
TR,0,204,6349588482576067091,gateway_calibration,sweep:anomaly_pair:shared_scenarios,658.8507592248038,110,847.9874936609539,,,shared_all_anomaly_strengths,diffusion_coeff,6000.0
TR,0,205,7988033359410408816,gateway_calibration,sweep:anomaly_pair:shared_scenarios,607.9336216010987,115,847.9874936609539,,,shared_all_anomaly_strengths,diffusion_coeff,6000.0
TR,0,206,8515216027005570369,gateway_calibration,sweep:anomaly_pair:shared_scenarios,610.1353528828058,107,847.9874936609539,,,shared_all_anomaly_strengths,diffusion_coeff,6000.0
TR,0,207,6416540730684243514,gateway_calibration,sweep:anomaly_pair:shared_scenarios,704.1055164364825,102,847.9874936609539,,,shared_all_anomaly_strengths,diffusion_coeff,6000.0
TR,0,208,602517514173483864,gateway_calibration,sweep:anomaly_pair:shared_scenarios,675.3045253545686,127,847.9874936609539,,,shared_all_anomaly_strengths,diffusion_coeff,6000.0
TR,0,209,3465670740941638925,gateway_calibration,sweep:anomaly_pair:shared_scenarios,776.496464853475,128,847.9874936609539,,,shared_all_anomaly_strengths,diffusion_coeff,6000.0
TR,0,210,3944025305726431335,gateway_calibration,sweep:anomaly_pair:shared_scenarios,696.4551532002472,115,847.9874936609539,,,shared_all_anomaly_strengths,diffusion_coeff,6000.0
TR,0,211,2339277267613070629,gateway_calibration,sweep:anomaly_pair:shared_scenarios,688.8985180234679,122,847.9874936609539,,,shared_all_anomaly_strengths,diffusion_coeff,6000.0
TR,0,212,7600535093870098984,gateway_calibration,sweep:anomaly_pair:shared_scenarios,868.1557499040404,133,847.9874936609539,,,shared_all_anomaly_strengths,diffusion_coeff,6000.0
TR,0,213,3861443108061582389,gateway_calibration,sweep:anomaly_pair:shared_scenarios,543.8463273938627,106,847.9874936609539,,,shared_all_anomaly_strengths,diffusion_coeff,6000.0
TR,0,214,3250073084552866822,gateway_calibration,sweep:anomaly_pair:shared_scenarios,821.9999638032176,119,847.9874936609539,,,shared_all_anomaly_strengths,diffusion_coeff,6000.0
TR,0,215,8591855540292640479,gateway_calibration,sweep:anomaly_pair:shared_scenarios,683.5095489436712,114,847.9874936609539,,,shared_all_anomaly_strengths,diffusion_coeff,6000.0
TR,0,216,3408653263756247515,gateway_calibration,sweep:anomaly_pair:shared_scenarios,731.8777314863081,117,847.9874936609539,,,shared_all_anomaly_strengths,diffusion_coeff,6000.0
TR,0,217,2181672054838164337,gateway_calibration,sweep:anomaly_pair:shared_scenarios,823.3853524719766,133,847.9874936609539,,,shared_all_anomaly_strengths,diffusion_coeff,6000.0
TR,0,218,1689637169394222035,gateway_calibration,sweep:anomaly_pair:shared_scenarios,490.10764877580266,91,847.9874936609539,,,shared_all_anomaly_strengths,diffusion_coeff,6000.0
TR,0,219,5046962185951232574,gateway_calibration,sweep:anomaly_pair:shared_scenarios,682.4307679988507,113,847.9874936609539,,,shared_all_anomaly_strengths,diffusion_coeff,6000.0
TR,0,220,9018680245675993190,gateway_calibration,sweep:anomaly_pair:shared_scenarios,705.351736523879,114,847.9874936609539,,,shared_all_anomaly_strengths,diffusion_coeff,6000.0
TR,0,221,8785852485249820827,gateway_calibration,sweep:anomaly_pair:shared_scenarios,768.1302996371348,107,847.9874936609539,,,shared_all_anomaly_strengths,diffusion_coeff,6000.0
TR,0,222,34609839810900876,gateway_calibration,sweep:anomaly_pair:shared_scenarios,630.5671182252099,114,847.9874936609539,,,shared_all_anomaly_strengths,diffusion_coeff,6000.0
TR,0,223,4892593663520200719,gateway_calibration,sweep:anomaly_pair:shared_scenarios,624.7917336034807,112,847.9874936609539,,,shared_all_anomaly_strengths,diffusion_coeff,6000.0
TR,0,224,1595203616003947553,gateway_calibration,sweep:anomaly_pair:shared_scenarios,781.1910452443623,120,847.9874936609539,,,shared_all_anomaly_strengths,diffusion_coeff,6000.0
TR,0,225,7424048805208454819,gateway_calibration,sweep:anomaly_pair:shared_scenarios,748.888162204004,109,847.9874936609539,,,shared_all_anomaly_strengths,diffusion_coeff,6000.0
TR,0,226,2920126023839666219,gateway_calibration,sweep:anomaly_pair:shared_scenarios,694.0478443861344,107,847.9874936609539,,,shared_all_anomaly_strengths,diffusion_coeff,6000.0
TR,0,227,382931740595247515,gateway_calibration,sweep:anomaly_pair:shared_scenarios,774.3824008487644,125,847.9874936609539,,,shared_all_anomaly_strengths,diffusion_coeff,6000.0
TR,0,228,8014502905414229746,gateway_calibration,sweep:anomaly_pair:shared_scenarios,933.3557916996542,122,847.9874936609539,,,shared_all_anomaly_strengths,diffusion_coeff,6000.0
TR,0,229,4743279688235879997,gateway_calibration,sweep:anomaly_pair:shared_scenarios,568.6378226960829,99,847.9874936609539,,,shared_all_anomaly_strengths,diffusion_coeff,6000.0
TR,0,230,1572592790386553068,gateway_calibration,sweep:anomaly_pair:shared_scenarios,719.1064365125342,116,847.9874936609539,,,shared_all_anomaly_strengths,diffusion_coeff,6000.0
TR,0,231,6252360334841237253,gateway_calibration,sweep:anomaly_pair:shared_scenarios,746.3179689341691,108,847.9874936609539,,,shared_all_anomaly_strengths,diffusion_coeff,6000.0
TR,0,232,6969017964403244413,gateway_calibration,sweep:anomaly_pair:shared_scenarios,710.0297572081213,116,847.9874936609539,,,shared_all_anomaly_strengths,diffusion_coeff,6000.0
TR,0,233,1610212804197154449,gateway_calibration,sweep:anomaly_pair:shared_scenarios,834.1048536819891,128,847.9874936609539,,,shared_all_anomaly_strengths,diffusion_coeff,6000.0
TR,0,234,6647587057665530600,gateway_calibration,sweep:anomaly_pair:shared_scenarios,692.7407067635869,122,847.9874936609539,,,shared_all_anomaly_strengths,diffusion_coeff,6000.0
TR,0,235,3531987962649334536,gateway_calibration,sweep:anomaly_pair:shared_scenarios,572.2006331290246,102,847.9874936609539,,,shared_all_anomaly_strengths,diffusion_coeff,6000.0
TR,0,236,6609225715223448195,gateway_calibration,sweep:anomaly_pair:shared_scenarios,779.7447233321924,119,847.9874936609539,,,shared_all_anomaly_strengths,diffusion_coeff,6000.0
TR,0,237,6784175964849256680,gateway_calibration,sweep:anomaly_pair:shared_scenarios,634.2212012992998,104,847.9874936609539,,,shared_all_anomaly_strengths,diffusion_coeff,6000.0
TR,0,238,771076435409536658,gateway_calibration,sweep:anomaly_pair:shared_scenarios,748.5784585661656,103,847.9874936609539,,,shared_all_anomaly_strengths,diffusion_coeff,6000.0
TR,0,239,1557660180791943490,gateway_calibration,sweep:anomaly_pair:shared_scenarios,614.5000045190703,113,847.9874936609539,,,shared_all_anomaly_strengths,diffusion_coeff,6000.0
TR,0,240,8213476521277927481,gateway_calibration,sweep:anomaly_pair:shared_scenarios,673.294986798558,111,847.9874936609539,,,shared_all_anomaly_strengths,diffusion_coeff,6000.0
TR,0,241,2142536073008782941,gateway_calibration,sweep:anomaly_pair:shared_scenarios,619.2309048518622,102,847.9874936609539,,,shared_all_anomaly_strengths,diffusion_coeff,6000.0
TR,0,242,972861009822655055,gateway_calibration,sweep:anomaly_pair:shared_scenarios,734.9301622814996,116,847.9874936609539,,,shared_all_anomaly_strengths,diffusion_coeff,6000.0
TR,0,243,7555691644283107163,gateway_calibration,sweep:anomaly_pair:shared_scenarios,767.243225517487,110,847.9874936609539,,,shared_all_anomaly_strengths,diffusion_coeff,6000.0
TR,0,244,3765971885569387299,gateway_calibration,sweep:anomaly_pair:shared_scenarios,738.4620791193124,125,847.9874936609539,,,shared_all_anomaly_strengths,diffusion_coeff,6000.0
TR,0,245,5592160503430992696,gateway_calibration,sweep:anomaly_pair:shared_scenarios,739.5601301527142,108,847.9874936609539,,,shared_all_anomaly_strengths,diffusion_coeff,6000.0
TR,0,246,1478843254938813623,gateway_calibration,sweep:anomaly_pair:shared_scenarios,828.5478666417406,120,847.9874936609539,,,shared_all_anomaly_strengths,diffusion_coeff,6000.0
TR,0,247,1942727857375669376,gateway_calibration,sweep:anomaly_pair:shared_scenarios,795.9091603866872,109,847.9874936609539,,,shared_all_anomaly_strengths,diffusion_coeff,6000.0
TR,0,248,8887415122826351358,gateway_calibration,sweep:anomaly_pair:shared_scenarios,927.5896422565496,137,847.9874936609539,,,shared_all_anomaly_strengths,diffusion_coeff,6000.0
TR,0,249,4016396015928191167,gateway_calibration,sweep:anomaly_pair:shared_scenarios,678.9309473726323,111,847.9874936609539,,,shared_all_anomaly_strengths,diffusion_coeff,6000.0
TR,0,250,545721072604639066,gateway_calibration,sweep:anomaly_pair:shared_scenarios,631.6314770402109,100,847.9874936609539,,,shared_all_anomaly_strengths,diffusion_coeff,6000.0
TR,0,251,5849536730748012463,gateway_calibration,sweep:anomaly_pair:shared_scenarios,740.6680944703583,115,847.9874936609539,,,shared_all_anomaly_strengths,diffusion_coeff,6000.0
TR,0,252,1771686267565403887,gateway_calibration,sweep:anomaly_pair:shared_scenarios,593.9732076026288,103,847.9874936609539,,,shared_all_anomaly_strengths,diffusion_coeff,6000.0
TR,0,253,527015852999154159,gateway_calibration,sweep:anomaly_pair:shared_scenarios,654.6279035450208,118,847.9874936609539,,,shared_all_anomaly_strengths,diffusion_coeff,6000.0
TR,0,254,795232045204162150,gateway_calibration,sweep:anomaly_pair:shared_scenarios,747.9995300733449,137,847.9874936609539,,,shared_all_anomaly_strengths,diffusion_coeff,6000.0
TR,0,255,2003186406057830921,gateway_calibration,sweep:anomaly_pair:shared_scenarios,699.5427187012954,118,847.9874936609539,,,shared_all_anomaly_strengths,diffusion_coeff,6000.0
TR,0,256,6455722452370991548,gateway_calibration,sweep:anomaly_pair:shared_scenarios,713.2178680822976,104,847.9874936609539,,,shared_all_anomaly_strengths,diffusion_coeff,6000.0
TR,0,257,3067394350402456365,gateway_calibration,sweep:anomaly_pair:shared_scenarios,698.0439389901935,100,847.9874936609539,,,shared_all_anomaly_strengths,diffusion_coeff,6000.0
TR,0,258,6475421966152866023,gateway_calibration,sweep:anomaly_pair:shared_scenarios,705.9190447187741,118,847.9874936609539,,,shared_all_anomaly_strengths,diffusion_coeff,6000.0
TR,0,259,3761046985503647801,gateway_calibration,sweep:anomaly_pair:shared_scenarios,608.9509768803943,112,847.9874936609539,,,shared_all_anomaly_strengths,diffusion_coeff,6000.0
TR,0,260,2385970463494678191,gateway_calibration,sweep:anomaly_pair:shared_scenarios,686.5051089558401,114,847.9874936609539,,,shared_all_anomaly_strengths,diffusion_coeff,6000.0
TR,0,261,5183448992162080607,gateway_calibration,sweep:anomaly_pair:shared_scenarios,594.9074060646728,112,847.9874936609539,,,shared_all_anomaly_strengths,diffusion_coeff,6000.0
TR,0,262,6268266913998342604,gateway_calibration,sweep:anomaly_pair:shared_scenarios,578.3324198699019,118,847.9874936609539,,,shared_all_anomaly_strengths,diffusion_coeff,6000.0
TR,0,263,21012256327926221,gateway_calibration,sweep:anomaly_pair:shared_scenarios,585.1523502602171,107,847.9874936609539,,,shared_all_anomaly_strengths,diffusion_coeff,6000.0
TR,0,264,4109767241554258606,gateway_calibration,sweep:anomaly_pair:shared_scenarios,596.046567486332,109,847.9874936609539,,,shared_all_anomaly_strengths,diffusion_coeff,6000.0
TR,0,265,4959424012684389745,gateway_calibration,sweep:anomaly_pair:shared_scenarios,631.523933059187,104,847.9874936609539,,,shared_all_anomaly_strengths,diffusion_coeff,6000.0
TR,0,266,7451109072791456209,gateway_calibration,sweep:anomaly_pair:shared_scenarios,674.6999100787109,111,847.9874936609539,,,shared_all_anomaly_strengths,diffusion_coeff,6000.0
TR,0,267,8054500674269120968,gateway_calibration,sweep:anomaly_pair:shared_scenarios,630.0100244932046,107,847.9874936609539,,,shared_all_anomaly_strengths,diffusion_coeff,6000.0
TR,0,268,5331532706382194712,gateway_calibration,sweep:anomaly_pair:shared_scenarios,717.1982464722275,121,847.9874936609539,,,shared_all_anomaly_strengths,diffusion_coeff,6000.0
TR,0,269,841203630616903155,gateway_calibration,sweep:anomaly_pair:shared_scenarios,690.4511143415422,115,847.9874936609539,,,shared_all_anomaly_strengths,diffusion_coeff,6000.0
TR,0,270,4066905452799334610,gateway_calibration,sweep:anomaly_pair:shared_scenarios,980.3212317603159,133,847.9874936609539,,,shared_all_anomaly_strengths,diffusion_coeff,6000.0
TR,0,271,9150950453982994658,gateway_calibration,sweep:anomaly_pair:shared_scenarios,667.2236408241988,107,847.9874936609539,,,shared_all_anomaly_strengths,diffusion_coeff,6000.0
TR,0,272,6119393693526968570,gateway_calibration,sweep:anomaly_pair:shared_scenarios,800.7079378756443,118,847.9874936609539,,,shared_all_anomaly_strengths,diffusion_coeff,6000.0
TR,0,273,1347105042981981039,gateway_calibration,sweep:anomaly_pair:shared_scenarios,673.6890302838999,121,847.9874936609539,,,shared_all_anomaly_strengths,diffusion_coeff,6000.0
TR,0,274,8911832980425435268,gateway_calibration,sweep:anomaly_pair:shared_scenarios,865.2942783701646,125,847.9874936609539,,,shared_all_anomaly_strengths,diffusion_coeff,6000.0
TR,0,275,5843722553093405471,gateway_calibration,sweep:anomaly_pair:shared_scenarios,933.0373303637052,124,847.9874936609539,,,shared_all_anomaly_strengths,diffusion_coeff,6000.0
TR,0,276,3354555160635420741,gateway_calibration,sweep:anomaly_pair:shared_scenarios,684.5030375602818,115,847.9874936609539,,,shared_all_anomaly_strengths,diffusion_coeff,6000.0
TR,0,277,688745337611783334,gateway_calibration,sweep:anomaly_pair:shared_scenarios,734.1178012951916,115,847.9874936609539,,,shared_all_anomaly_strengths,diffusion_coeff,6000.0
TR,0,278,219363152796672916,gateway_calibration,sweep:anomaly_pair:shared_scenarios,801.8337026419699,121,847.9874936609539,,,shared_all_anomaly_strengths,diffusion_coeff,6000.0
TR,0,279,373686025269973233,gateway_calibration,sweep:anomaly_pair:shared_scenarios,745.3410681698499,109,847.9874936609539,,,shared_all_anomaly_strengths,diffusion_coeff,6000.0
TR,0,280,5610514536613434387,gateway_calibration,sweep:anomaly_pair:shared_scenarios,789.6611443549224,120,847.9874936609539,,,shared_all_anomaly_strengths,diffusion_coeff,6000.0
TR,0,281,4171514933633241565,gateway_calibration,sweep:anomaly_pair:shared_scenarios,622.4396005040128,120,847.9874936609539,,,shared_all_anomaly_strengths,diffusion_coeff,6000.0
TR,0,282,4861498392405652878,gateway_calibration,sweep:anomaly_pair:shared_scenarios,597.6444460308553,110,847.9874936609539,,,shared_all_anomaly_strengths,diffusion_coeff,6000.0
TR,0,283,8572809235512946288,gateway_calibration,sweep:anomaly_pair:shared_scenarios,743.4636648779363,111,847.9874936609539,,,shared_all_anomaly_strengths,diffusion_coeff,6000.0
TR,0,284,8187471053016651709,gateway_calibration,sweep:anomaly_pair:shared_scenarios,722.9452829819777,126,847.9874936609539,,,shared_all_anomaly_strengths,diffusion_coeff,6000.0
TR,0,285,8839651195694762440,gateway_calibration,sweep:anomaly_pair:shared_scenarios,659.5930700519897,107,847.9874936609539,,,shared_all_anomaly_strengths,diffusion_coeff,6000.0
TR,0,286,2874448108009063227,gateway_calibration,sweep:anomaly_pair:shared_scenarios,734.0978567806677,125,847.9874936609539,,,shared_all_anomaly_strengths,diffusion_coeff,6000.0
TR,0,287,8707203536458320760,gateway_calibration,sweep:anomaly_pair:shared_scenarios,698.6087276353701,108,847.9874936609539,,,shared_all_anomaly_strengths,diffusion_coeff,6000.0
TR,0,288,8368439969047545418,gateway_calibration,sweep:anomaly_pair:shared_scenarios,668.5022761620551,112,847.9874936609539,,,shared_all_anomaly_strengths,diffusion_coeff,6000.0
TR,0,289,4822230351368366288,gateway_calibration,sweep:anomaly_pair:shared_scenarios,657.2401905178557,104,847.9874936609539,,,shared_all_anomaly_strengths,diffusion_coeff,6000.0
TR,0,290,560612887312139697,gateway_calibration,sweep:anomaly_pair:shared_scenarios,635.2754761266452,102,847.9874936609539,,,shared_all_anomaly_strengths,diffusion_coeff,6000.0
TR,0,291,4708984480155462159,gateway_calibration,sweep:anomaly_pair:shared_scenarios,825.3843534677495,143,847.9874936609539,,,shared_all_anomaly_strengths,diffusion_coeff,6000.0
TR,0,292,221505334779598471,gateway_calibration,sweep:anomaly_pair:shared_scenarios,661.8708345964258,116,847.9874936609539,,,shared_all_anomaly_strengths,diffusion_coeff,6000.0
TR,0,293,313024099195558927,gateway_calibration,sweep:anomaly_pair:shared_scenarios,723.9964995587851,118,847.9874936609539,,,shared_all_anomaly_strengths,diffusion_coeff,6000.0
TR,0,294,1256218112766498617,gateway_calibration,sweep:anomaly_pair:shared_scenarios,697.9288451215854,117,847.9874936609539,,,shared_all_anomaly_strengths,diffusion_coeff,6000.0
TR,0,295,8758679596665815611,gateway_calibration,sweep:anomaly_pair:shared_scenarios,714.7414263186699,109,847.9874936609539,,,shared_all_anomaly_strengths,diffusion_coeff,6000.0
TR,0,296,8732704811787225309,gateway_calibration,sweep:anomaly_pair:shared_scenarios,604.5218863715234,111,847.9874936609539,,,shared_all_anomaly_strengths,diffusion_coeff,6000.0
TR,0,297,7291668075851963674,gateway_calibration,sweep:anomaly_pair:shared_scenarios,561.3782766323851,96,847.9874936609539,,,shared_all_anomaly_strengths,diffusion_coeff,6000.0
TR,0,298,8160139849952943474,gateway_calibration,sweep:anomaly_pair:shared_scenarios,644.4689454959077,111,847.9874936609539,,,shared_all_anomaly_strengths,diffusion_coeff,6000.0
TR,0,299,2513721670770597509,gateway_calibration,sweep:anomaly_pair:shared_scenarios,623.5794349699768,105,847.9874936609539,,,shared_all_anomaly_strengths,diffusion_coeff,6000.0
TR,0,300,7063318709798897080,gateway_calibration,sweep:anomaly_pair:shared_scenarios,815.2655863238703,132,847.9874936609539,,,shared_all_anomaly_strengths,diffusion_coeff,6000.0
TR,0,301,8415020812705705061,gateway_calibration,sweep:anomaly_pair:shared_scenarios,813.9672845862428,127,847.9874936609539,,,shared_all_anomaly_strengths,diffusion_coeff,6000.0
TR,0,302,3425196686933402479,gateway_calibration,sweep:anomaly_pair:shared_scenarios,629.2695395407367,110,847.9874936609539,,,shared_all_anomaly_strengths,diffusion_coeff,6000.0
TR,0,303,3114915321845009342,gateway_calibration,sweep:anomaly_pair:shared_scenarios,649.5011336659693,102,847.9874936609539,,,shared_all_anomaly_strengths,diffusion_coeff,6000.0
TR,0,304,2896931233588044786,gateway_calibration,sweep:anomaly_pair:shared_scenarios,606.7059239934749,96,847.9874936609539,,,shared_all_anomaly_strengths,diffusion_coeff,6000.0
TR,0,305,1551170222759424305,gateway_calibration,sweep:anomaly_pair:shared_scenarios,684.9979155702727,110,847.9874936609539,,,shared_all_anomaly_strengths,diffusion_coeff,6000.0
TR,0,306,4718806530038829033,gateway_calibration,sweep:anomaly_pair:shared_scenarios,730.8734410651673,125,847.9874936609539,,,shared_all_anomaly_strengths,diffusion_coeff,6000.0
TR,0,307,5119279349088370044,gateway_calibration,sweep:anomaly_pair:shared_scenarios,728.6219625909285,114,847.9874936609539,,,shared_all_anomaly_strengths,diffusion_coeff,6000.0
TR,0,308,2822775968759270459,gateway_calibration,sweep:anomaly_pair:shared_scenarios,647.081834122801,111,847.9874936609539,,,shared_all_anomaly_strengths,diffusion_coeff,6000.0
TR,0,309,7998405917407377120,gateway_calibration,sweep:anomaly_pair:shared_scenarios,721.6468859030124,107,847.9874936609539,,,shared_all_anomaly_strengths,diffusion_coeff,6000.0
TR,0,310,5146001952486015638,gateway_calibration,sweep:anomaly_pair:shared_scenarios,628.6824954476886,104,847.9874936609539,,,shared_all_anomaly_strengths,diffusion_coeff,6000.0
TR,0,311,6911500135314972136,gateway_calibration,sweep:anomaly_pair:shared_scenarios,588.721855667607,103,847.9874936609539,,,shared_all_anomaly_strengths,diffusion_coeff,6000.0
TR,0,312,3026266370475567930,gateway_calibration,sweep:anomaly_pair:shared_scenarios,899.7278560257273,124,847.9874936609539,,,shared_all_anomaly_strengths,diffusion_coeff,6000.0
TR,0,313,2263219430505968284,gateway_calibration,sweep:anomaly_pair:shared_scenarios,673.1403406889143,106,847.9874936609539,,,shared_all_anomaly_strengths,diffusion_coeff,6000.0
TR,0,314,6005314762223339669,gateway_calibration,sweep:anomaly_pair:shared_scenarios,667.3298794134414,117,847.9874936609539,,,shared_all_anomaly_strengths,diffusion_coeff,6000.0
TR,0,315,6620051426260236045,gateway_calibration,sweep:anomaly_pair:shared_scenarios,590.3818594142966,94,847.9874936609539,,,shared_all_anomaly_strengths,diffusion_coeff,6000.0
TR,0,316,1375290459054701469,gateway_calibration,sweep:anomaly_pair:shared_scenarios,775.6402571826131,113,847.9874936609539,,,shared_all_anomaly_strengths,diffusion_coeff,6000.0
TR,0,317,3387434723583950275,gateway_calibration,sweep:anomaly_pair:shared_scenarios,647.3880654245118,111,847.9874936609539,,,shared_all_anomaly_strengths,diffusion_coeff,6000.0
TR,0,318,1492748310594346890,gateway_calibration,sweep:anomaly_pair:shared_scenarios,784.4291324646699,135,847.9874936609539,,,shared_all_anomaly_strengths,diffusion_coeff,6000.0
TR,0,319,6526070513380422193,gateway_calibration,sweep:anomaly_pair:shared_scenarios,665.5535212226196,118,847.9874936609539,,,shared_all_anomaly_strengths,diffusion_coeff,6000.0
TR,0,320,4569908186093849248,gateway_calibration,sweep:anomaly_pair:shared_scenarios,739.548081415438,125,847.9874936609539,,,shared_all_anomaly_strengths,diffusion_coeff,6000.0
TR,0,321,2058735402210199549,gateway_calibration,sweep:anomaly_pair:shared_scenarios,803.5805693509104,126,847.9874936609539,,,shared_all_anomaly_strengths,diffusion_coeff,6000.0
TR,0,322,7792514555662345644,gateway_calibration,sweep:anomaly_pair:shared_scenarios,714.025607556289,109,847.9874936609539,,,shared_all_anomaly_strengths,diffusion_coeff,6000.0
TR,0,323,5919491502808918703,gateway_calibration,sweep:anomaly_pair:shared_scenarios,732.1253253961347,124,847.9874936609539,,,shared_all_anomaly_strengths,diffusion_coeff,6000.0
TR,0,324,4574905972397435795,gateway_calibration,sweep:anomaly_pair:shared_scenarios,739.3686723405398,121,847.9874936609539,,,shared_all_anomaly_strengths,diffusion_coeff,6000.0
TR,0,325,7539986577246166921,gateway_calibration,sweep:anomaly_pair:shared_scenarios,722.459291082713,124,847.9874936609539,,,shared_all_anomaly_strengths,diffusion_coeff,6000.0
TR,0,326,8057266659081106092,gateway_calibration,sweep:anomaly_pair:shared_scenarios,758.1611573496469,120,847.9874936609539,,,shared_all_anomaly_strengths,diffusion_coeff,6000.0
TR,0,327,7592041352101782096,gateway_calibration,sweep:anomaly_pair:shared_scenarios,701.314994350293,108,847.9874936609539,,,shared_all_anomaly_strengths,diffusion_coeff,6000.0
TR,0,328,7157190776130753350,gateway_calibration,sweep:anomaly_pair:shared_scenarios,620.9119102020728,101,847.9874936609539,,,shared_all_anomaly_strengths,diffusion_coeff,6000.0
TR,0,329,3536119658432613956,gateway_calibration,sweep:anomaly_pair:shared_scenarios,865.7682538008188,118,847.9874936609539,,,shared_all_anomaly_strengths,diffusion_coeff,6000.0
TR,0,330,3387957629084434680,gateway_calibration,sweep:anomaly_pair:shared_scenarios,668.5354056677851,126,847.9874936609539,,,shared_all_anomaly_strengths,diffusion_coeff,6000.0
TR,0,331,7014301768858485691,gateway_calibration,sweep:anomaly_pair:shared_scenarios,731.5955472120089,119,847.9874936609539,,,shared_all_anomaly_strengths,diffusion_coeff,6000.0
TR,0,332,7509048679395089766,gateway_calibration,sweep:anomaly_pair:shared_scenarios,671.4983463585507,113,847.9874936609539,,,shared_all_anomaly_strengths,diffusion_coeff,6000.0
TR,0,333,8077057740997865815,gateway_calibration,sweep:anomaly_pair:shared_scenarios,702.3049609347945,105,847.9874936609539,,,shared_all_anomaly_strengths,diffusion_coeff,6000.0
TR,0,334,4792265241973382002,gateway_calibration,sweep:anomaly_pair:shared_scenarios,728.6953800001505,121,847.9874936609539,,,shared_all_anomaly_strengths,diffusion_coeff,6000.0
TR,0,335,4631816253128208771,gateway_calibration,sweep:anomaly_pair:shared_scenarios,721.2631122906647,129,847.9874936609539,,,shared_all_anomaly_strengths,diffusion_coeff,6000.0
TR,0,336,1353780890302308168,gateway_calibration,sweep:anomaly_pair:shared_scenarios,738.7378235959161,125,847.9874936609539,,,shared_all_anomaly_strengths,diffusion_coeff,6000.0
TR,0,337,301188514516452582,gateway_calibration,sweep:anomaly_pair:shared_scenarios,787.2669601219784,100,847.9874936609539,,,shared_all_anomaly_strengths,diffusion_coeff,6000.0
TR,0,338,848291969102783726,gateway_calibration,sweep:anomaly_pair:shared_scenarios,658.748895103751,120,847.9874936609539,,,shared_all_anomaly_strengths,diffusion_coeff,6000.0
TR,0,339,3301607682890482163,gateway_calibration,sweep:anomaly_pair:shared_scenarios,540.2019712891745,95,847.9874936609539,,,shared_all_anomaly_strengths,diffusion_coeff,6000.0
TR,0,340,3382309239349475861,gateway_calibration,sweep:anomaly_pair:shared_scenarios,720.5724295009086,128,847.9874936609539,,,shared_all_anomaly_strengths,diffusion_coeff,6000.0
TR,0,341,3511804255243715536,gateway_calibration,sweep:anomaly_pair:shared_scenarios,717.9406473798879,115,847.9874936609539,,,shared_all_anomaly_strengths,diffusion_coeff,6000.0
TR,0,342,7172406527062268769,gateway_calibration,sweep:anomaly_pair:shared_scenarios,611.6483054353243,116,847.9874936609539,,,shared_all_anomaly_strengths,diffusion_coeff,6000.0
TR,0,343,8148651635281023479,gateway_calibration,sweep:anomaly_pair:shared_scenarios,661.1802520392553,118,847.9874936609539,,,shared_all_anomaly_strengths,diffusion_coeff,6000.0
TR,0,344,4543894699244939752,gateway_calibration,sweep:anomaly_pair:shared_scenarios,682.1792243440337,102,847.9874936609539,,,shared_all_anomaly_strengths,diffusion_coeff,6000.0
TR,0,345,6891358735647678813,gateway_calibration,sweep:anomaly_pair:shared_scenarios,752.4073761383308,132,847.9874936609539,,,shared_all_anomaly_strengths,diffusion_coeff,6000.0
TR,0,346,1563481499315660104,gateway_calibration,sweep:anomaly_pair:shared_scenarios,670.064294494389,103,847.9874936609539,,,shared_all_anomaly_strengths,diffusion_coeff,6000.0
TR,0,347,2629125604810830811,gateway_calibration,sweep:anomaly_pair:shared_scenarios,638.4136985296926,118,847.9874936609539,,,shared_all_anomaly_strengths,diffusion_coeff,6000.0
TR,0,348,3894426847858961166,gateway_calibration,sweep:anomaly_pair:shared_scenarios,756.1748491039341,121,847.9874936609539,,,shared_all_anomaly_strengths,diffusion_coeff,6000.0
TR,0,349,4282787653601296890,gateway_calibration,sweep:anomaly_pair:shared_scenarios,769.3393746481497,110,847.9874936609539,,,shared_all_anomaly_strengths,diffusion_coeff,6000.0
TR,0,350,7842601743270043461,gateway_calibration,sweep:anomaly_pair:shared_scenarios,675.474246218842,111,847.9874936609539,,,shared_all_anomaly_strengths,diffusion_coeff,6000.0
TR,0,351,7700102950595571335,gateway_calibration,sweep:anomaly_pair:shared_scenarios,687.4017371214071,113,847.9874936609539,,,shared_all_anomaly_strengths,diffusion_coeff,6000.0
TR,0,352,2808087562537772166,gateway_calibration,sweep:anomaly_pair:shared_scenarios,647.1459374505101,104,847.9874936609539,,,shared_all_anomaly_strengths,diffusion_coeff,6000.0
TR,0,353,6304865133883968004,gateway_calibration,sweep:anomaly_pair:shared_scenarios,704.5965515934621,131,847.9874936609539,,,shared_all_anomaly_strengths,diffusion_coeff,6000.0
TR,0,354,3342415063500426256,gateway_calibration,sweep:anomaly_pair:shared_scenarios,700.0344746284545,111,847.9874936609539,,,shared_all_anomaly_strengths,diffusion_coeff,6000.0
TR,0,355,8959621061715784363,gateway_calibration,sweep:anomaly_pair:shared_scenarios,588.0996652302654,114,847.9874936609539,,,shared_all_anomaly_strengths,diffusion_coeff,6000.0
TR,0,356,1186687812096718750,gateway_calibration,sweep:anomaly_pair:shared_scenarios,620.5512079574369,105,847.9874936609539,,,shared_all_anomaly_strengths,diffusion_coeff,6000.0
TR,0,357,8329058846985055289,gateway_calibration,sweep:anomaly_pair:shared_scenarios,720.293035453497,98,847.9874936609539,,,shared_all_anomaly_strengths,diffusion_coeff,6000.0
TR,0,358,275625437843561760,gateway_calibration,sweep:anomaly_pair:shared_scenarios,744.1689924058089,122,847.9874936609539,,,shared_all_anomaly_strengths,diffusion_coeff,6000.0
TR,0,359,527484844984551272,gateway_calibration,sweep:anomaly_pair:shared_scenarios,716.6351477408458,115,847.9874936609539,,,shared_all_anomaly_strengths,diffusion_coeff,6000.0
TR,0,360,6499704723849040690,gateway_calibration,sweep:anomaly_pair:shared_scenarios,779.8378049949313,124,847.9874936609539,,,shared_all_anomaly_strengths,diffusion_coeff,6000.0
TR,0,361,3392988020843846596,gateway_calibration,sweep:anomaly_pair:shared_scenarios,738.8528347218592,109,847.9874936609539,,,shared_all_anomaly_strengths,diffusion_coeff,6000.0
TR,0,362,6082838417800885541,gateway_calibration,sweep:anomaly_pair:shared_scenarios,680.3038562775868,113,847.9874936609539,,,shared_all_anomaly_strengths,diffusion_coeff,6000.0
TR,0,363,9161439992453118853,gateway_calibration,sweep:anomaly_pair:shared_scenarios,699.4722136797956,122,847.9874936609539,,,shared_all_anomaly_strengths,diffusion_coeff,6000.0
TR,0,364,1104199357173535709,gateway_calibration,sweep:anomaly_pair:shared_scenarios,658.6604911062371,111,847.9874936609539,,,shared_all_anomaly_strengths,diffusion_coeff,6000.0
TR,0,365,3968092569436272899,gateway_calibration,sweep:anomaly_pair:shared_scenarios,731.999775914339,130,847.9874936609539,,,shared_all_anomaly_strengths,diffusion_coeff,6000.0
TR,0,366,88510700048790040,gateway_calibration,sweep:anomaly_pair:shared_scenarios,736.5494424330261,119,847.9874936609539,,,shared_all_anomaly_strengths,diffusion_coeff,6000.0
TR,0,367,3708546901166186520,gateway_calibration,sweep:anomaly_pair:shared_scenarios,833.5215130714379,130,847.9874936609539,,,shared_all_anomaly_strengths,diffusion_coeff,6000.0
TR,0,368,6013111248236961738,gateway_calibration,sweep:anomaly_pair:shared_scenarios,567.7927159563088,118,847.9874936609539,,,shared_all_anomaly_strengths,diffusion_coeff,6000.0
TR,0,369,2114847280044500927,gateway_calibration,sweep:anomaly_pair:shared_scenarios,672.8622768067127,116,847.9874936609539,,,shared_all_anomaly_strengths,diffusion_coeff,6000.0
TR,0,370,7087323381771673869,gateway_calibration,sweep:anomaly_pair:shared_scenarios,624.8002428676916,101,847.9874936609539,,,shared_all_anomaly_strengths,diffusion_coeff,6000.0
TR,0,371,5657654365128844730,gateway_calibration,sweep:anomaly_pair:shared_scenarios,637.6573888734306,115,847.9874936609539,,,shared_all_anomaly_strengths,diffusion_coeff,6000.0
TR,0,372,2027870051160191704,gateway_calibration,sweep:anomaly_pair:shared_scenarios,744.3701194458588,96,847.9874936609539,,,shared_all_anomaly_strengths,diffusion_coeff,6000.0
TR,0,373,7848999889242844692,gateway_calibration,sweep:anomaly_pair:shared_scenarios,675.1331573512273,127,847.9874936609539,,,shared_all_anomaly_strengths,diffusion_coeff,6000.0
TR,0,374,333687295804109698,gateway_calibration,sweep:anomaly_pair:shared_scenarios,591.5001877709592,106,847.9874936609539,,,shared_all_anomaly_strengths,diffusion_coeff,6000.0
TR,0,375,3858544135291456003,gateway_calibration,sweep:anomaly_pair:shared_scenarios,625.6266000008065,102,847.9874936609539,,,shared_all_anomaly_strengths,diffusion_coeff,6000.0
TR,0,376,5954054979897712788,gateway_calibration,sweep:anomaly_pair:shared_scenarios,695.611460240313,125,847.9874936609539,,,shared_all_anomaly_strengths,diffusion_coeff,6000.0
TR,0,377,1335844326469534536,gateway_calibration,sweep:anomaly_pair:shared_scenarios,717.0922332361225,113,847.9874936609539,,,shared_all_anomaly_strengths,diffusion_coeff,6000.0
TR,0,378,7763485567302934545,gateway_calibration,sweep:anomaly_pair:shared_scenarios,673.3417396045622,104,847.9874936609539,,,shared_all_anomaly_strengths,diffusion_coeff,6000.0
TR,0,379,2085077819561017134,gateway_calibration,sweep:anomaly_pair:shared_scenarios,837.8052073722844,111,847.9874936609539,,,shared_all_anomaly_strengths,diffusion_coeff,6000.0
TR,0,380,2522980069351540246,gateway_calibration,sweep:anomaly_pair:shared_scenarios,773.6794338390599,113,847.9874936609539,,,shared_all_anomaly_strengths,diffusion_coeff,6000.0
TR,0,381,4975283561804637613,gateway_calibration,sweep:anomaly_pair:shared_scenarios,781.6588901897935,120,847.9874936609539,,,shared_all_anomaly_strengths,diffusion_coeff,6000.0
TR,0,382,1302504027955615947,gateway_calibration,sweep:anomaly_pair:shared_scenarios,674.1117098275781,127,847.9874936609539,,,shared_all_anomaly_strengths,diffusion_coeff,6000.0
TR,0,383,8927732358631061418,gateway_calibration,sweep:anomaly_pair:shared_scenarios,906.9479831602316,147,847.9874936609539,,,shared_all_anomaly_strengths,diffusion_coeff,6000.0
TR,0,384,7102871842583592410,gateway_calibration,sweep:anomaly_pair:shared_scenarios,672.8603382770681,128,847.9874936609539,,,shared_all_anomaly_strengths,diffusion_coeff,6000.0
TR,0,385,8751812685682384577,gateway_calibration,sweep:anomaly_pair:shared_scenarios,698.9108331300733,114,847.9874936609539,,,shared_all_anomaly_strengths,diffusion_coeff,6000.0
TR,0,386,2867292286665412959,gateway_calibration,sweep:anomaly_pair:shared_scenarios,702.8593089872006,113,847.9874936609539,,,shared_all_anomaly_strengths,diffusion_coeff,6000.0
TR,0,387,2624927968075345649,gateway_calibration,sweep:anomaly_pair:shared_scenarios,766.7525107354707,130,847.9874936609539,,,shared_all_anomaly_strengths,diffusion_coeff,6000.0
TR,0,388,2537836582560678006,gateway_calibration,sweep:anomaly_pair:shared_scenarios,603.6424655329278,93,847.9874936609539,,,shared_all_anomaly_strengths,diffusion_coeff,6000.0
TR,0,389,2800143550304458978,gateway_calibration,sweep:anomaly_pair:shared_scenarios,727.5008261400046,123,847.9874936609539,,,shared_all_anomaly_strengths,diffusion_coeff,6000.0
TR,0,390,5542491175477138315,gateway_calibration,sweep:anomaly_pair:shared_scenarios,774.7155215992473,123,847.9874936609539,,,shared_all_anomaly_strengths,diffusion_coeff,6000.0
TR,0,391,920575682054079790,gateway_calibration,sweep:anomaly_pair:shared_scenarios,706.6251215594117,116,847.9874936609539,,,shared_all_anomaly_strengths,diffusion_coeff,6000.0
TR,0,392,7832892230890482956,gateway_calibration,sweep:anomaly_pair:shared_scenarios,630.7159199070076,116,847.9874936609539,,,shared_all_anomaly_strengths,diffusion_coeff,6000.0
TR,0,393,757741762273162161,gateway_calibration,sweep:anomaly_pair:shared_scenarios,644.0617342255147,109,847.9874936609539,,,shared_all_anomaly_strengths,diffusion_coeff,6000.0
TR,0,394,2545938917521492744,gateway_calibration,sweep:anomaly_pair:shared_scenarios,632.9614396784365,108,847.9874936609539,,,shared_all_anomaly_strengths,diffusion_coeff,6000.0
TR,0,395,8023561360387127259,gateway_calibration,sweep:anomaly_pair:shared_scenarios,644.5826602955933,115,847.9874936609539,,,shared_all_anomaly_strengths,diffusion_coeff,6000.0
TR,0,396,7027188297947467006,gateway_calibration,sweep:anomaly_pair:shared_scenarios,749.7140354881985,116,847.9874936609539,,,shared_all_anomaly_strengths,diffusion_coeff,6000.0
TR,0,397,7878834433110996755,gateway_calibration,sweep:anomaly_pair:shared_scenarios,732.5197894447705,99,847.9874936609539,,,shared_all_anomaly_strengths,diffusion_coeff,6000.0
TR,0,398,4744550561105664732,gateway_calibration,sweep:anomaly_pair:shared_scenarios,659.7287842051114,126,847.9874936609539,,,shared_all_anomaly_strengths,diffusion_coeff,6000.0
TR,0,399,5344886015201979308,gateway_calibration,sweep:anomaly_pair:shared_scenarios,654.5817170943011,119,847.9874936609539,,,shared_all_anomaly_strengths,diffusion_coeff,6000.0
TR,0,400,5149434508763057584,gateway_calibration,sweep:anomaly_pair:shared_scenarios,567.849165943104,110,847.9874936609539,,,shared_all_anomaly_strengths,diffusion_coeff,6000.0
TR,0,401,5599666805503637415,gateway_calibration,sweep:anomaly_pair:shared_scenarios,922.1452008357177,124,847.9874936609539,,,shared_all_anomaly_strengths,diffusion_coeff,6000.0
TR,0,402,2625638571049592825,gateway_calibration,sweep:anomaly_pair:shared_scenarios,707.2035226648471,120,847.9874936609539,,,shared_all_anomaly_strengths,diffusion_coeff,6000.0
TR,0,403,6629408355495065749,gateway_calibration,sweep:anomaly_pair:shared_scenarios,678.7731518944353,108,847.9874936609539,,,shared_all_anomaly_strengths,diffusion_coeff,6000.0
TR,0,404,3150249386986199613,gateway_calibration,sweep:anomaly_pair:shared_scenarios,609.404349219802,88,847.9874936609539,,,shared_all_anomaly_strengths,diffusion_coeff,6000.0
TR,0,405,4117381947987728137,gateway_calibration,sweep:anomaly_pair:shared_scenarios,750.5952632988292,126,847.9874936609539,,,shared_all_anomaly_strengths,diffusion_coeff,6000.0
TR,0,406,7366258876741991286,gateway_calibration,sweep:anomaly_pair:shared_scenarios,787.1031289988716,119,847.9874936609539,,,shared_all_anomaly_strengths,diffusion_coeff,6000.0
TR,0,407,3058169725806449045,gateway_calibration,sweep:anomaly_pair:shared_scenarios,721.339905025362,125,847.9874936609539,,,shared_all_anomaly_strengths,diffusion_coeff,6000.0
TR,0,408,2978841122516248054,gateway_calibration,sweep:anomaly_pair:shared_scenarios,768.3247069420656,124,847.9874936609539,,,shared_all_anomaly_strengths,diffusion_coeff,6000.0
TR,0,409,2599485624261039583,gateway_calibration,sweep:anomaly_pair:shared_scenarios,914.1342706091525,126,847.9874936609539,,,shared_all_anomaly_strengths,diffusion_coeff,6000.0
TR,0,410,458882496312945663,gateway_calibration,sweep:anomaly_pair:shared_scenarios,774.4725624197893,119,847.9874936609539,,,shared_all_anomaly_strengths,diffusion_coeff,6000.0
TR,0,411,4000618753593853165,gateway_calibration,sweep:anomaly_pair:shared_scenarios,472.6308770731679,94,847.9874936609539,,,shared_all_anomaly_strengths,diffusion_coeff,6000.0
TR,0,412,8339539677611557861,gateway_calibration,sweep:anomaly_pair:shared_scenarios,683.1494593022226,118,847.9874936609539,,,shared_all_anomaly_strengths,diffusion_coeff,6000.0
TR,0,413,2580185991513178045,gateway_calibration,sweep:anomaly_pair:shared_scenarios,698.1201660578597,120,847.9874936609539,,,shared_all_anomaly_strengths,diffusion_coeff,6000.0
TR,0,414,3076826962419443480,gateway_calibration,sweep:anomaly_pair:shared_scenarios,692.9865581800146,99,847.9874936609539,,,shared_all_anomaly_strengths,diffusion_coeff,6000.0
TR,0,415,6827605468891931010,gateway_calibration,sweep:anomaly_pair:shared_scenarios,698.7673110361609,119,847.9874936609539,,,shared_all_anomaly_strengths,diffusion_coeff,6000.0
TR,0,416,3218560465134718098,gateway_calibration,sweep:anomaly_pair:shared_scenarios,737.9954276161013,113,847.9874936609539,,,shared_all_anomaly_strengths,diffusion_coeff,6000.0
TR,0,417,3922954233183090676,gateway_calibration,sweep:anomaly_pair:shared_scenarios,754.9713079054042,123,847.9874936609539,,,shared_all_anomaly_strengths,diffusion_coeff,6000.0
TR,0,418,1460299898534465968,gateway_calibration,sweep:anomaly_pair:shared_scenarios,778.4579473455093,124,847.9874936609539,,,shared_all_anomaly_strengths,diffusion_coeff,6000.0
TR,0,419,8305113000185527425,gateway_calibration,sweep:anomaly_pair:shared_scenarios,609.9425826993016,106,847.9874936609539,,,shared_all_anomaly_strengths,diffusion_coeff,6000.0
TR,0,420,666906365206469240,gateway_calibration,sweep:anomaly_pair:shared_scenarios,672.2131697483006,122,847.9874936609539,,,shared_all_anomaly_strengths,diffusion_coeff,6000.0
TR,0,421,4902312007981976155,gateway_calibration,sweep:anomaly_pair:shared_scenarios,545.4859247887724,98,847.9874936609539,,,shared_all_anomaly_strengths,diffusion_coeff,6000.0
TR,0,422,213388171490915124,gateway_calibration,sweep:anomaly_pair:shared_scenarios,578.3978323257354,105,847.9874936609539,,,shared_all_anomaly_strengths,diffusion_coeff,6000.0
TR,0,423,3426814509533468634,gateway_calibration,sweep:anomaly_pair:shared_scenarios,639.5121308289808,110,847.9874936609539,,,shared_all_anomaly_strengths,diffusion_coeff,6000.0
TR,0,424,3022645040617138448,gateway_calibration,sweep:anomaly_pair:shared_scenarios,783.1303133065035,120,847.9874936609539,,,shared_all_anomaly_strengths,diffusion_coeff,6000.0
TR,0,425,5527100482172181234,gateway_calibration,sweep:anomaly_pair:shared_scenarios,659.1995805929888,100,847.9874936609539,,,shared_all_anomaly_strengths,diffusion_coeff,6000.0
TR,0,426,1012614697466316415,gateway_calibration,sweep:anomaly_pair:shared_scenarios,687.2490465916843,113,847.9874936609539,,,shared_all_anomaly_strengths,diffusion_coeff,6000.0
TR,0,427,6258153257279431865,gateway_calibration,sweep:anomaly_pair:shared_scenarios,760.5922750585215,105,847.9874936609539,,,shared_all_anomaly_strengths,diffusion_coeff,6000.0
TR,0,428,3494724231981409682,gateway_calibration,sweep:anomaly_pair:shared_scenarios,659.3825203999548,107,847.9874936609539,,,shared_all_anomaly_strengths,diffusion_coeff,6000.0
TR,0,429,9138299470163467240,gateway_calibration,sweep:anomaly_pair:shared_scenarios,685.0734118605016,113,847.9874936609539,,,shared_all_anomaly_strengths,diffusion_coeff,6000.0
TR,0,430,6891783168053645325,gateway_calibration,sweep:anomaly_pair:shared_scenarios,792.383725275248,125,847.9874936609539,,,shared_all_anomaly_strengths,diffusion_coeff,6000.0
TR,0,431,6869361412516472794,gateway_calibration,sweep:anomaly_pair:shared_scenarios,675.2213705532695,117,847.9874936609539,,,shared_all_anomaly_strengths,diffusion_coeff,6000.0
TR,0,432,2541163241042689952,gateway_calibration,sweep:anomaly_pair:shared_scenarios,631.3701084794925,112,847.9874936609539,,,shared_all_anomaly_strengths,diffusion_coeff,6000.0
TR,0,433,8254769182462207207,gateway_calibration,sweep:anomaly_pair:shared_scenarios,578.2860836818069,101,847.9874936609539,,,shared_all_anomaly_strengths,diffusion_coeff,6000.0
TR,0,434,4013505716720903184,gateway_calibration,sweep:anomaly_pair:shared_scenarios,695.0793810204082,108,847.9874936609539,,,shared_all_anomaly_strengths,diffusion_coeff,6000.0
TR,0,435,5806127130564233059,gateway_calibration,sweep:anomaly_pair:shared_scenarios,710.8446521164833,121,847.9874936609539,,,shared_all_anomaly_strengths,diffusion_coeff,6000.0
TR,0,436,8292276808083054766,gateway_calibration,sweep:anomaly_pair:shared_scenarios,675.6692566098887,95,847.9874936609539,,,shared_all_anomaly_strengths,diffusion_coeff,6000.0
TR,0,437,411766100713001608,gateway_calibration,sweep:anomaly_pair:shared_scenarios,623.3815393620291,107,847.9874936609539,,,shared_all_anomaly_strengths,diffusion_coeff,6000.0
TR,0,438,3930968551179869439,gateway_calibration,sweep:anomaly_pair:shared_scenarios,649.8993033138125,109,847.9874936609539,,,shared_all_anomaly_strengths,diffusion_coeff,6000.0
TR,0,439,3763632109674308185,gateway_calibration,sweep:anomaly_pair:shared_scenarios,737.5525818511971,121,847.9874936609539,,,shared_all_anomaly_strengths,diffusion_coeff,6000.0
TR,0,440,5278015637357484618,gateway_calibration,sweep:anomaly_pair:shared_scenarios,653.4879942139479,95,847.9874936609539,,,shared_all_anomaly_strengths,diffusion_coeff,6000.0
TR,0,441,5470421236833479721,gateway_calibration,sweep:anomaly_pair:shared_scenarios,790.2990316336326,119,847.9874936609539,,,shared_all_anomaly_strengths,diffusion_coeff,6000.0
TR,0,442,4152824066035952546,gateway_calibration,sweep:anomaly_pair:shared_scenarios,714.7925040612199,108,847.9874936609539,,,shared_all_anomaly_strengths,diffusion_coeff,6000.0
TR,0,443,8782078971988136695,gateway_calibration,sweep:anomaly_pair:shared_scenarios,682.9770316928617,105,847.9874936609539,,,shared_all_anomaly_strengths,diffusion_coeff,6000.0
TR,0,444,8949691134399507769,gateway_calibration,sweep:anomaly_pair:shared_scenarios,619.849578485483,104,847.9874936609539,,,shared_all_anomaly_strengths,diffusion_coeff,6000.0
TR,0,445,1243237072583537200,gateway_calibration,sweep:anomaly_pair:shared_scenarios,604.5122386662449,108,847.9874936609539,,,shared_all_anomaly_strengths,diffusion_coeff,6000.0
TR,0,446,6083371766119392307,gateway_calibration,sweep:anomaly_pair:shared_scenarios,680.2433425122479,111,847.9874936609539,,,shared_all_anomaly_strengths,diffusion_coeff,6000.0
TR,0,447,7648441755753076920,gateway_calibration,sweep:anomaly_pair:shared_scenarios,716.8076633889384,117,847.9874936609539,,,shared_all_anomaly_strengths,diffusion_coeff,6000.0
TR,0,448,955005731795147001,gateway_calibration,sweep:anomaly_pair:shared_scenarios,775.6693423261027,121,847.9874936609539,,,shared_all_anomaly_strengths,diffusion_coeff,6000.0
TR,0,449,45305231348623693,gateway_calibration,sweep:anomaly_pair:shared_scenarios,760.3531420998667,127,847.9874936609539,,,shared_all_anomaly_strengths,diffusion_coeff,6000.0
TR,0,450,2115602869220638789,gateway_calibration,sweep:anomaly_pair:shared_scenarios,732.0276204554493,118,847.9874936609539,,,shared_all_anomaly_strengths,diffusion_coeff,6000.0
TR,0,451,5676793455979563788,gateway_calibration,sweep:anomaly_pair:shared_scenarios,933.4173083173865,131,847.9874936609539,,,shared_all_anomaly_strengths,diffusion_coeff,6000.0
TR,0,452,6366447883379022413,gateway_calibration,sweep:anomaly_pair:shared_scenarios,734.6512298013346,128,847.9874936609539,,,shared_all_anomaly_strengths,diffusion_coeff,6000.0
TR,0,453,4225207655377417674,gateway_calibration,sweep:anomaly_pair:shared_scenarios,753.7380742758479,122,847.9874936609539,,,shared_all_anomaly_strengths,diffusion_coeff,6000.0
TR,0,454,7327466488411297350,gateway_calibration,sweep:anomaly_pair:shared_scenarios,741.9680689103789,115,847.9874936609539,,,shared_all_anomaly_strengths,diffusion_coeff,6000.0
TR,0,455,5345767761096099882,gateway_calibration,sweep:anomaly_pair:shared_scenarios,610.0188658658362,96,847.9874936609539,,,shared_all_anomaly_strengths,diffusion_coeff,6000.0
TR,0,456,2133102790808814152,gateway_calibration,sweep:anomaly_pair:shared_scenarios,690.8410466665321,119,847.9874936609539,,,shared_all_anomaly_strengths,diffusion_coeff,6000.0
TR,0,457,6037868011932965840,gateway_calibration,sweep:anomaly_pair:shared_scenarios,701.2858928197684,118,847.9874936609539,,,shared_all_anomaly_strengths,diffusion_coeff,6000.0
TR,0,458,4340644108282100646,gateway_calibration,sweep:anomaly_pair:shared_scenarios,943.8972223350596,133,847.9874936609539,,,shared_all_anomaly_strengths,diffusion_coeff,6000.0
TR,0,459,949751417938216244,gateway_calibration,sweep:anomaly_pair:shared_scenarios,800.095951538271,124,847.9874936609539,,,shared_all_anomaly_strengths,diffusion_coeff,6000.0
TR,0,460,7054426845112713226,gateway_calibration,sweep:anomaly_pair:shared_scenarios,776.6145289041131,125,847.9874936609539,,,shared_all_anomaly_strengths,diffusion_coeff,6000.0
TR,0,461,2331330513053472942,gateway_calibration,sweep:anomaly_pair:shared_scenarios,713.6009484455699,107,847.9874936609539,,,shared_all_anomaly_strengths,diffusion_coeff,6000.0
TR,0,462,2243847955329417019,gateway_calibration,sweep:anomaly_pair:shared_scenarios,597.1213310819986,111,847.9874936609539,,,shared_all_anomaly_strengths,diffusion_coeff,6000.0
TR,0,463,1493485923527818258,gateway_calibration,sweep:anomaly_pair:shared_scenarios,585.2227283541813,101,847.9874936609539,,,shared_all_anomaly_strengths,diffusion_coeff,6000.0
TR,0,464,2216699455221061669,gateway_calibration,sweep:anomaly_pair:shared_scenarios,847.4031934178042,127,847.9874936609539,,,shared_all_anomaly_strengths,diffusion_coeff,6000.0
TR,0,465,6883161541620008480,gateway_calibration,sweep:anomaly_pair:shared_scenarios,629.9574617840057,108,847.9874936609539,,,shared_all_anomaly_strengths,diffusion_coeff,6000.0
TR,0,466,1985404953787314291,gateway_calibration,sweep:anomaly_pair:shared_scenarios,856.9871388965995,129,847.9874936609539,,,shared_all_anomaly_strengths,diffusion_coeff,6000.0
TR,0,467,1384036578423497838,gateway_calibration,sweep:anomaly_pair:shared_scenarios,642.0002481534868,97,847.9874936609539,,,shared_all_anomaly_strengths,diffusion_coeff,6000.0
TR,0,468,4722935997294481070,gateway_calibration,sweep:anomaly_pair:shared_scenarios,682.3640814836218,116,847.9874936609539,,,shared_all_anomaly_strengths,diffusion_coeff,6000.0
TR,0,469,528191954664659622,gateway_calibration,sweep:anomaly_pair:shared_scenarios,600.6014843701587,122,847.9874936609539,,,shared_all_anomaly_strengths,diffusion_coeff,6000.0
TR,0,470,1633712328529169800,gateway_calibration,sweep:anomaly_pair:shared_scenarios,699.874694772974,127,847.9874936609539,,,shared_all_anomaly_strengths,diffusion_coeff,6000.0
TR,0,471,6633907339390607815,gateway_calibration,sweep:anomaly_pair:shared_scenarios,741.13119212403,106,847.9874936609539,,,shared_all_anomaly_strengths,diffusion_coeff,6000.0
TR,0,472,7110316941102820115,gateway_calibration,sweep:anomaly_pair:shared_scenarios,794.2795965894471,116,847.9874936609539,,,shared_all_anomaly_strengths,diffusion_coeff,6000.0
TR,0,473,648151194668048025,gateway_calibration,sweep:anomaly_pair:shared_scenarios,757.6547632959802,109,847.9874936609539,,,shared_all_anomaly_strengths,diffusion_coeff,6000.0
TR,0,474,2324647907345855690,gateway_calibration,sweep:anomaly_pair:shared_scenarios,861.671984365623,121,847.9874936609539,,,shared_all_anomaly_strengths,diffusion_coeff,6000.0
TR,0,475,944763265997848402,gateway_calibration,sweep:anomaly_pair:shared_scenarios,614.5600039303253,104,847.9874936609539,,,shared_all_anomaly_strengths,diffusion_coeff,6000.0
TR,0,476,7563131271191532633,gateway_calibration,sweep:anomaly_pair:shared_scenarios,691.1295226467377,126,847.9874936609539,,,shared_all_anomaly_strengths,diffusion_coeff,6000.0
TR,0,477,2509031892675661094,gateway_calibration,sweep:anomaly_pair:shared_scenarios,721.0556067378275,118,847.9874936609539,,,shared_all_anomaly_strengths,diffusion_coeff,6000.0
TR,0,478,6203947427023563777,gateway_calibration,sweep:anomaly_pair:shared_scenarios,831.227155633887,117,847.9874936609539,,,shared_all_anomaly_strengths,diffusion_coeff,6000.0
TR,0,479,6280194980310007953,gateway_calibration,sweep:anomaly_pair:shared_scenarios,726.0850973570496,112,847.9874936609539,,,shared_all_anomaly_strengths,diffusion_coeff,6000.0
TR,0,480,6714940429764513866,gateway_calibration,sweep:anomaly_pair:shared_scenarios,678.9331644741903,117,847.9874936609539,,,shared_all_anomaly_strengths,diffusion_coeff,6000.0
TR,0,481,1585407397185217282,gateway_calibration,sweep:anomaly_pair:shared_scenarios,808.5308819996543,114,847.9874936609539,,,shared_all_anomaly_strengths,diffusion_coeff,6000.0
TR,0,482,6706063428171325988,gateway_calibration,sweep:anomaly_pair:shared_scenarios,607.6259946078453,109,847.9874936609539,,,shared_all_anomaly_strengths,diffusion_coeff,6000.0
TR,0,483,2723086856808871853,gateway_calibration,sweep:anomaly_pair:shared_scenarios,773.981160864415,119,847.9874936609539,,,shared_all_anomaly_strengths,diffusion_coeff,6000.0
TR,0,484,4346870091848339416,gateway_calibration,sweep:anomaly_pair:shared_scenarios,783.1383172943176,122,847.9874936609539,,,shared_all_anomaly_strengths,diffusion_coeff,6000.0
TR,0,485,7287133659789628915,gateway_calibration,sweep:anomaly_pair:shared_scenarios,694.0566627174278,115,847.9874936609539,,,shared_all_anomaly_strengths,diffusion_coeff,6000.0
TR,0,486,2494165871751805290,gateway_calibration,sweep:anomaly_pair:shared_scenarios,701.71271644792,115,847.9874936609539,,,shared_all_anomaly_strengths,diffusion_coeff,6000.0
TR,0,487,3661305971430326717,gateway_calibration,sweep:anomaly_pair:shared_scenarios,674.0058820669091,119,847.9874936609539,,,shared_all_anomaly_strengths,diffusion_coeff,6000.0
TR,0,488,4108916358889597565,gateway_calibration,sweep:anomaly_pair:shared_scenarios,484.0782659669919,91,847.9874936609539,,,shared_all_anomaly_strengths,diffusion_coeff,6000.0
TR,0,489,1534234753197727125,gateway_calibration,sweep:anomaly_pair:shared_scenarios,745.1188093371875,114,847.9874936609539,,,shared_all_anomaly_strengths,diffusion_coeff,6000.0
TR,0,490,7992839432723694714,gateway_calibration,sweep:anomaly_pair:shared_scenarios,753.556097565876,129,847.9874936609539,,,shared_all_anomaly_strengths,diffusion_coeff,6000.0
TR,0,491,267602845997369720,gateway_calibration,sweep:anomaly_pair:shared_scenarios,598.5064373215076,102,847.9874936609539,,,shared_all_anomaly_strengths,diffusion_coeff,6000.0
TR,0,492,8956605696040384406,gateway_calibration,sweep:anomaly_pair:shared_scenarios,609.2994639129952,101,847.9874936609539,,,shared_all_anomaly_strengths,diffusion_coeff,6000.0
TR,0,493,5206171671982199970,gateway_calibration,sweep:anomaly_pair:shared_scenarios,705.3149507497253,109,847.9874936609539,,,shared_all_anomaly_strengths,diffusion_coeff,6000.0
TR,0,494,3552257924642337236,gateway_calibration,sweep:anomaly_pair:shared_scenarios,779.6151542697695,131,847.9874936609539,,,shared_all_anomaly_strengths,diffusion_coeff,6000.0
TR,0,495,4539722117532196426,gateway_calibration,sweep:anomaly_pair:shared_scenarios,698.6596929947289,126,847.9874936609539,,,shared_all_anomaly_strengths,diffusion_coeff,6000.0
TR,0,496,4932179539160465299,gateway_calibration,sweep:anomaly_pair:shared_scenarios,784.3958797935879,131,847.9874936609539,,,shared_all_anomaly_strengths,diffusion_coeff,6000.0
TR,0,497,6745222888165061244,gateway_calibration,sweep:anomaly_pair:shared_scenarios,491.98292529287295,95,847.9874936609539,,,shared_all_anomaly_strengths,diffusion_coeff,6000.0
TR,0,498,8037702420921553958,gateway_calibration,sweep:anomaly_pair:shared_scenarios,752.6102684795228,122,847.9874936609539,,,shared_all_anomaly_strengths,diffusion_coeff,6000.0
TR,0,499,3026982929224465183,gateway_calibration,sweep:anomaly_pair:shared_scenarios,666.6526526455531,115,847.9874936609539,,,shared_all_anomaly_strengths,diffusion_coeff,6000.0
EIR,0,0,6942901201456939297,gateway_calibration,sweep:anomaly_pair:shared_scenarios,636.4031450386395,117,873.6527337431316,,,shared_all_anomaly_strengths,diffusion_coeff,6000.0
EIR,0,1,3707311459125033713,gateway_calibration,sweep:anomaly_pair:shared_scenarios,646.5164348436324,121,873.6527337431316,,,shared_all_anomaly_strengths,diffusion_coeff,6000.0
EIR,0,2,6525899029649517457,gateway_calibration,sweep:anomaly_pair:shared_scenarios,795.1749189632883,137,873.6527337431316,,,shared_all_anomaly_strengths,diffusion_coeff,6000.0
EIR,0,3,7579878600958796329,gateway_calibration,sweep:anomaly_pair:shared_scenarios,773.8751870427324,127,873.6527337431316,,,shared_all_anomaly_strengths,diffusion_coeff,6000.0
EIR,0,4,1995048182365014103,gateway_calibration,sweep:anomaly_pair:shared_scenarios,727.4797015470317,133,873.6527337431316,,,shared_all_anomaly_strengths,diffusion_coeff,6000.0
EIR,0,5,3295882431625053650,gateway_calibration,sweep:anomaly_pair:shared_scenarios,751.6374340395095,145,873.6527337431316,,,shared_all_anomaly_strengths,diffusion_coeff,6000.0
EIR,0,6,5854776044075552459,gateway_calibration,sweep:anomaly_pair:shared_scenarios,700.045040951969,125,873.6527337431316,,,shared_all_anomaly_strengths,diffusion_coeff,6000.0
EIR,0,7,7709607086058877159,gateway_calibration,sweep:anomaly_pair:shared_scenarios,768.54321959137,127,873.6527337431316,,,shared_all_anomaly_strengths,diffusion_coeff,6000.0
EIR,0,8,1741592563361101750,gateway_calibration,sweep:anomaly_pair:shared_scenarios,552.49378887454,107,873.6527337431316,,,shared_all_anomaly_strengths,diffusion_coeff,6000.0
EIR,0,9,3282932482964655802,gateway_calibration,sweep:anomaly_pair:shared_scenarios,633.0013010829198,114,873.6527337431316,,,shared_all_anomaly_strengths,diffusion_coeff,6000.0
EIR,0,10,1774785994864530756,gateway_calibration,sweep:anomaly_pair:shared_scenarios,748.4965334550092,126,873.6527337431316,,,shared_all_anomaly_strengths,diffusion_coeff,6000.0
EIR,0,11,8140464769652066346,gateway_calibration,sweep:anomaly_pair:shared_scenarios,719.690718211855,131,873.6527337431316,,,shared_all_anomaly_strengths,diffusion_coeff,6000.0
EIR,0,12,1253555579543505935,gateway_calibration,sweep:anomaly_pair:shared_scenarios,717.0932379879547,127,873.6527337431316,,,shared_all_anomaly_strengths,diffusion_coeff,6000.0
EIR,0,13,7889622116667546826,gateway_calibration,sweep:anomaly_pair:shared_scenarios,803.2458307185849,130,873.6527337431316,,,shared_all_anomaly_strengths,diffusion_coeff,6000.0
EIR,0,14,2999731371178102042,gateway_calibration,sweep:anomaly_pair:shared_scenarios,889.1090712599243,138,873.6527337431316,,,shared_all_anomaly_strengths,diffusion_coeff,6000.0
EIR,0,15,3149132606532110017,gateway_calibration,sweep:anomaly_pair:shared_scenarios,749.3635907616675,128,873.6527337431316,,,shared_all_anomaly_strengths,diffusion_coeff,6000.0
EIR,0,16,5945166213153900620,gateway_calibration,sweep:anomaly_pair:shared_scenarios,559.5412299550962,101,873.6527337431316,,,shared_all_anomaly_strengths,diffusion_coeff,6000.0
EIR,0,17,8780635847486979818,gateway_calibration,sweep:anomaly_pair:shared_scenarios,614.05765213967,110,873.6527337431316,,,shared_all_anomaly_strengths,diffusion_coeff,6000.0
EIR,0,18,977807179708126678,gateway_calibration,sweep:anomaly_pair:shared_scenarios,721.354528566505,123,873.6527337431316,,,shared_all_anomaly_strengths,diffusion_coeff,6000.0
EIR,0,19,4758583958882270302,gateway_calibration,sweep:anomaly_pair:shared_scenarios,743.0443031099296,124,873.6527337431316,,,shared_all_anomaly_strengths,diffusion_coeff,6000.0
EIR,0,20,624488504525834361,gateway_calibration,sweep:anomaly_pair:shared_scenarios,592.550377096132,109,873.6527337431316,,,shared_all_anomaly_strengths,diffusion_coeff,6000.0
EIR,0,21,9127488914970490212,gateway_calibration,sweep:anomaly_pair:shared_scenarios,590.4891992232886,108,873.6527337431316,,,shared_all_anomaly_strengths,diffusion_coeff,6000.0
EIR,0,22,3878214634024289995,gateway_calibration,sweep:anomaly_pair:shared_scenarios,784.4260325923226,128,873.6527337431316,,,shared_all_anomaly_strengths,diffusion_coeff,6000.0
EIR,0,23,3074434249601971096,gateway_calibration,sweep:anomaly_pair:shared_scenarios,611.6493845402655,111,873.6527337431316,,,shared_all_anomaly_strengths,diffusion_coeff,6000.0
EIR,0,24,3240386866293341253,gateway_calibration,sweep:anomaly_pair:shared_scenarios,699.4213127351934,116,873.6527337431316,,,shared_all_anomaly_strengths,diffusion_coeff,6000.0
EIR,0,25,6243332140314349343,gateway_calibration,sweep:anomaly_pair:shared_scenarios,873.6347597430367,120,873.6527337431316,,,shared_all_anomaly_strengths,diffusion_coeff,6000.0
EIR,0,26,3868622807354924164,gateway_calibration,sweep:anomaly_pair:shared_scenarios,690.4316721148075,120,873.6527337431316,,,shared_all_anomaly_strengths,diffusion_coeff,6000.0
EIR,0,27,1718082128973198771,gateway_calibration,sweep:anomaly_pair:shared_scenarios,682.4384454798941,114,873.6527337431316,,,shared_all_anomaly_strengths,diffusion_coeff,6000.0
EIR,0,28,2704479796120479431,gateway_calibration,sweep:anomaly_pair:shared_scenarios,659.2852552051818,119,873.6527337431316,,,shared_all_anomaly_strengths,diffusion_coeff,6000.0
EIR,0,29,3697228631517816840,gateway_calibration,sweep:anomaly_pair:shared_scenarios,804.1497348744156,116,873.6527337431316,,,shared_all_anomaly_strengths,diffusion_coeff,6000.0
EIR,0,30,8820983848116756903,gateway_calibration,sweep:anomaly_pair:shared_scenarios,870.7050129846828,126,873.6527337431316,,,shared_all_anomaly_strengths,diffusion_coeff,6000.0
EIR,0,31,7643153808516479349,gateway_calibration,sweep:anomaly_pair:shared_scenarios,650.3630518245261,105,873.6527337431316,,,shared_all_anomaly_strengths,diffusion_coeff,6000.0
EIR,0,32,3795846149567597038,gateway_calibration,sweep:anomaly_pair:shared_scenarios,755.1065721070715,115,873.6527337431316,,,shared_all_anomaly_strengths,diffusion_coeff,6000.0
EIR,0,33,8760001566670653492,gateway_calibration,sweep:anomaly_pair:shared_scenarios,699.7577024340403,110,873.6527337431316,,,shared_all_anomaly_strengths,diffusion_coeff,6000.0
EIR,0,34,2744726624485914817,gateway_calibration,sweep:anomaly_pair:shared_scenarios,758.7778688841115,117,873.6527337431316,,,shared_all_anomaly_strengths,diffusion_coeff,6000.0
EIR,0,35,7310029771266914304,gateway_calibration,sweep:anomaly_pair:shared_scenarios,670.4806378518285,118,873.6527337431316,,,shared_all_anomaly_strengths,diffusion_coeff,6000.0
EIR,0,36,8860427485777938866,gateway_calibration,sweep:anomaly_pair:shared_scenarios,856.2895947703653,135,873.6527337431316,,,shared_all_anomaly_strengths,diffusion_coeff,6000.0
EIR,0,37,8598656038562839224,gateway_calibration,sweep:anomaly_pair:shared_scenarios,703.1178277297163,122,873.6527337431316,,,shared_all_anomaly_strengths,diffusion_coeff,6000.0
EIR,0,38,8997019032754762713,gateway_calibration,sweep:anomaly_pair:shared_scenarios,750.1984165525067,109,873.6527337431316,,,shared_all_anomaly_strengths,diffusion_coeff,6000.0
EIR,0,39,4208817818748932462,gateway_calibration,sweep:anomaly_pair:shared_scenarios,770.9951565188056,124,873.6527337431316,,,shared_all_anomaly_strengths,diffusion_coeff,6000.0
EIR,0,40,6068242829919299090,gateway_calibration,sweep:anomaly_pair:shared_scenarios,749.5153557957321,112,873.6527337431316,,,shared_all_anomaly_strengths,diffusion_coeff,6000.0
EIR,0,41,4049042354117377146,gateway_calibration,sweep:anomaly_pair:shared_scenarios,603.7263129194931,129,873.6527337431316,,,shared_all_anomaly_strengths,diffusion_coeff,6000.0
EIR,0,42,5126773472074832949,gateway_calibration,sweep:anomaly_pair:shared_scenarios,652.9780597251759,120,873.6527337431316,,,shared_all_anomaly_strengths,diffusion_coeff,6000.0
EIR,0,43,6183996202129912428,gateway_calibration,sweep:anomaly_pair:shared_scenarios,639.7506869289259,113,873.6527337431316,,,shared_all_anomaly_strengths,diffusion_coeff,6000.0
EIR,0,44,5034920799087487164,gateway_calibration,sweep:anomaly_pair:shared_scenarios,756.5516163110473,137,873.6527337431316,,,shared_all_anomaly_strengths,diffusion_coeff,6000.0
EIR,0,45,5099780515566784822,gateway_calibration,sweep:anomaly_pair:shared_scenarios,757.6977589274693,118,873.6527337431316,,,shared_all_anomaly_strengths,diffusion_coeff,6000.0
EIR,0,46,3743304880928594782,gateway_calibration,sweep:anomaly_pair:shared_scenarios,709.1582518989453,119,873.6527337431316,,,shared_all_anomaly_strengths,diffusion_coeff,6000.0
EIR,0,47,7315397891830491094,gateway_calibration,sweep:anomaly_pair:shared_scenarios,716.0415262034052,114,873.6527337431316,,,shared_all_anomaly_strengths,diffusion_coeff,6000.0
EIR,0,48,2190007532852709612,gateway_calibration,sweep:anomaly_pair:shared_scenarios,827.2447442243106,106,873.6527337431316,,,shared_all_anomaly_strengths,diffusion_coeff,6000.0
EIR,0,49,120834209760926409,gateway_calibration,sweep:anomaly_pair:shared_scenarios,663.4671895877987,129,873.6527337431316,,,shared_all_anomaly_strengths,diffusion_coeff,6000.0
EIR,0,50,3276339480421714797,gateway_calibration,sweep:anomaly_pair:shared_scenarios,919.8668652147403,145,873.6527337431316,,,shared_all_anomaly_strengths,diffusion_coeff,6000.0
EIR,0,51,7889239287137057542,gateway_calibration,sweep:anomaly_pair:shared_scenarios,741.9745396828903,118,873.6527337431316,,,shared_all_anomaly_strengths,diffusion_coeff,6000.0
EIR,0,52,3388785810564520190,gateway_calibration,sweep:anomaly_pair:shared_scenarios,712.6795290334283,124,873.6527337431316,,,shared_all_anomaly_strengths,diffusion_coeff,6000.0
EIR,0,53,5503237878395346684,gateway_calibration,sweep:anomaly_pair:shared_scenarios,544.8663171021524,106,873.6527337431316,,,shared_all_anomaly_strengths,diffusion_coeff,6000.0
EIR,0,54,5415491490608218996,gateway_calibration,sweep:anomaly_pair:shared_scenarios,673.5676827053827,117,873.6527337431316,,,shared_all_anomaly_strengths,diffusion_coeff,6000.0
EIR,0,55,26760604161946009,gateway_calibration,sweep:anomaly_pair:shared_scenarios,590.7767910589349,101,873.6527337431316,,,shared_all_anomaly_strengths,diffusion_coeff,6000.0
EIR,0,56,6830352398876445275,gateway_calibration,sweep:anomaly_pair:shared_scenarios,747.3791689885976,117,873.6527337431316,,,shared_all_anomaly_strengths,diffusion_coeff,6000.0
EIR,0,57,1406415348362794825,gateway_calibration,sweep:anomaly_pair:shared_scenarios,740.5268298328401,124,873.6527337431316,,,shared_all_anomaly_strengths,diffusion_coeff,6000.0
EIR,0,58,7701508260034706105,gateway_calibration,sweep:anomaly_pair:shared_scenarios,579.4489283140945,108,873.6527337431316,,,shared_all_anomaly_strengths,diffusion_coeff,6000.0
EIR,0,59,2711167823261115708,gateway_calibration,sweep:anomaly_pair:shared_scenarios,782.5899078298942,139,873.6527337431316,,,shared_all_anomaly_strengths,diffusion_coeff,6000.0
EIR,0,60,3144340299977682071,gateway_calibration,sweep:anomaly_pair:shared_scenarios,810.1828342923302,115,873.6527337431316,,,shared_all_anomaly_strengths,diffusion_coeff,6000.0
EIR,0,61,6563400931778538780,gateway_calibration,sweep:anomaly_pair:shared_scenarios,792.0852863324408,109,873.6527337431316,,,shared_all_anomaly_strengths,diffusion_coeff,6000.0
EIR,0,62,2388043308876394469,gateway_calibration,sweep:anomaly_pair:shared_scenarios,707.9404740062698,131,873.6527337431316,,,shared_all_anomaly_strengths,diffusion_coeff,6000.0
EIR,0,63,6824789488425972207,gateway_calibration,sweep:anomaly_pair:shared_scenarios,567.8080721899421,111,873.6527337431316,,,shared_all_anomaly_strengths,diffusion_coeff,6000.0
EIR,0,64,1401432086598941843,gateway_calibration,sweep:anomaly_pair:shared_scenarios,872.4292666740523,131,873.6527337431316,,,shared_all_anomaly_strengths,diffusion_coeff,6000.0
EIR,0,65,4672481713666300259,gateway_calibration,sweep:anomaly_pair:shared_scenarios,782.7471447076836,135,873.6527337431316,,,shared_all_anomaly_strengths,diffusion_coeff,6000.0
EIR,0,66,6903420366369478612,gateway_calibration,sweep:anomaly_pair:shared_scenarios,688.8072776318759,118,873.6527337431316,,,shared_all_anomaly_strengths,diffusion_coeff,6000.0
EIR,0,67,6898050963322559496,gateway_calibration,sweep:anomaly_pair:shared_scenarios,689.4772001622753,112,873.6527337431316,,,shared_all_anomaly_strengths,diffusion_coeff,6000.0
EIR,0,68,614393272824454916,gateway_calibration,sweep:anomaly_pair:shared_scenarios,738.7079649251195,133,873.6527337431316,,,shared_all_anomaly_strengths,diffusion_coeff,6000.0
EIR,0,69,672551910386015347,gateway_calibration,sweep:anomaly_pair:shared_scenarios,701.943122767537,126,873.6527337431316,,,shared_all_anomaly_strengths,diffusion_coeff,6000.0
EIR,0,70,2982091152045645099,gateway_calibration,sweep:anomaly_pair:shared_scenarios,686.0392337738864,114,873.6527337431316,,,shared_all_anomaly_strengths,diffusion_coeff,6000.0
EIR,0,71,823492357614472977,gateway_calibration,sweep:anomaly_pair:shared_scenarios,901.3137018074993,141,873.6527337431316,,,shared_all_anomaly_strengths,diffusion_coeff,6000.0
EIR,0,72,4697794938409790858,gateway_calibration,sweep:anomaly_pair:shared_scenarios,705.6901054464676,122,873.6527337431316,,,shared_all_anomaly_strengths,diffusion_coeff,6000.0
EIR,0,73,6582019303472037237,gateway_calibration,sweep:anomaly_pair:shared_scenarios,722.2839808280621,111,873.6527337431316,,,shared_all_anomaly_strengths,diffusion_coeff,6000.0
EIR,0,74,300672792335245350,gateway_calibration,sweep:anomaly_pair:shared_scenarios,597.0461680713246,106,873.6527337431316,,,shared_all_anomaly_strengths,diffusion_coeff,6000.0
EIR,0,75,5751946339530838054,gateway_calibration,sweep:anomaly_pair:shared_scenarios,708.3560655750247,122,873.6527337431316,,,shared_all_anomaly_strengths,diffusion_coeff,6000.0
EIR,0,76,961439938750258285,gateway_calibration,sweep:anomaly_pair:shared_scenarios,829.7622799051767,121,873.6527337431316,,,shared_all_anomaly_strengths,diffusion_coeff,6000.0
EIR,0,77,3257887825763507863,gateway_calibration,sweep:anomaly_pair:shared_scenarios,791.0008227906077,130,873.6527337431316,,,shared_all_anomaly_strengths,diffusion_coeff,6000.0
EIR,0,78,8166365252455630432,gateway_calibration,sweep:anomaly_pair:shared_scenarios,754.0448895528239,121,873.6527337431316,,,shared_all_anomaly_strengths,diffusion_coeff,6000.0
EIR,0,79,2849578758725429319,gateway_calibration,sweep:anomaly_pair:shared_scenarios,705.2309054147344,117,873.6527337431316,,,shared_all_anomaly_strengths,diffusion_coeff,6000.0
EIR,0,80,5847011703168282323,gateway_calibration,sweep:anomaly_pair:shared_scenarios,803.2425270062839,134,873.6527337431316,,,shared_all_anomaly_strengths,diffusion_coeff,6000.0
EIR,0,81,7858864668525583430,gateway_calibration,sweep:anomaly_pair:shared_scenarios,555.6576215059271,98,873.6527337431316,,,shared_all_anomaly_strengths,diffusion_coeff,6000.0
EIR,0,82,268940495404723730,gateway_calibration,sweep:anomaly_pair:shared_scenarios,558.5806718863635,103,873.6527337431316,,,shared_all_anomaly_strengths,diffusion_coeff,6000.0
EIR,0,83,4400655767576069724,gateway_calibration,sweep:anomaly_pair:shared_scenarios,738.1794988009818,123,873.6527337431316,,,shared_all_anomaly_strengths,diffusion_coeff,6000.0
EIR,0,84,7359957410266699792,gateway_calibration,sweep:anomaly_pair:shared_scenarios,754.0710361589577,132,873.6527337431316,,,shared_all_anomaly_strengths,diffusion_coeff,6000.0
EIR,0,85,4731760846268061734,gateway_calibration,sweep:anomaly_pair:shared_scenarios,731.5293553359849,112,873.6527337431316,,,shared_all_anomaly_strengths,diffusion_coeff,6000.0
EIR,0,86,1992618809938800466,gateway_calibration,sweep:anomaly_pair:shared_scenarios,819.8610872308368,139,873.6527337431316,,,shared_all_anomaly_strengths,diffusion_coeff,6000.0
EIR,0,87,8403004296001441656,gateway_calibration,sweep:anomaly_pair:shared_scenarios,732.9361912294031,130,873.6527337431316,,,shared_all_anomaly_strengths,diffusion_coeff,6000.0
EIR,0,88,5944369264469843788,gateway_calibration,sweep:anomaly_pair:shared_scenarios,735.7014211051649,128,873.6527337431316,,,shared_all_anomaly_strengths,diffusion_coeff,6000.0
EIR,0,89,216637230108974742,gateway_calibration,sweep:anomaly_pair:shared_scenarios,849.2531462200809,127,873.6527337431316,,,shared_all_anomaly_strengths,diffusion_coeff,6000.0
EIR,0,90,896283027553350313,gateway_calibration,sweep:anomaly_pair:shared_scenarios,845.2238617548346,120,873.6527337431316,,,shared_all_anomaly_strengths,diffusion_coeff,6000.0
EIR,0,91,2129979059599230336,gateway_calibration,sweep:anomaly_pair:shared_scenarios,729.3860601982375,111,873.6527337431316,,,shared_all_anomaly_strengths,diffusion_coeff,6000.0
EIR,0,92,8440158530804782812,gateway_calibration,sweep:anomaly_pair:shared_scenarios,669.3309226169436,119,873.6527337431316,,,shared_all_anomaly_strengths,diffusion_coeff,6000.0
EIR,0,93,2515105766560126937,gateway_calibration,sweep:anomaly_pair:shared_scenarios,784.7821842770209,123,873.6527337431316,,,shared_all_anomaly_strengths,diffusion_coeff,6000.0
EIR,0,94,7871536140642585085,gateway_calibration,sweep:anomaly_pair:shared_scenarios,644.4738338951894,114,873.6527337431316,,,shared_all_anomaly_strengths,diffusion_coeff,6000.0
EIR,0,95,5141400087580602088,gateway_calibration,sweep:anomaly_pair:shared_scenarios,677.9669360506952,118,873.6527337431316,,,shared_all_anomaly_strengths,diffusion_coeff,6000.0
EIR,0,96,8112959400662868633,gateway_calibration,sweep:anomaly_pair:shared_scenarios,677.866909907357,118,873.6527337431316,,,shared_all_anomaly_strengths,diffusion_coeff,6000.0
EIR,0,97,1078891354826946508,gateway_calibration,sweep:anomaly_pair:shared_scenarios,627.9948645964323,111,873.6527337431316,,,shared_all_anomaly_strengths,diffusion_coeff,6000.0
EIR,0,98,2726858539062778841,gateway_calibration,sweep:anomaly_pair:shared_scenarios,737.1870293635495,107,873.6527337431316,,,shared_all_anomaly_strengths,diffusion_coeff,6000.0
EIR,0,99,4880208515358931166,gateway_calibration,sweep:anomaly_pair:shared_scenarios,590.3072648541726,114,873.6527337431316,,,shared_all_anomaly_strengths,diffusion_coeff,6000.0
EIR,0,100,9112943947571933379,gateway_calibration,sweep:anomaly_pair:shared_scenarios,796.3046442270626,116,873.6527337431316,,,shared_all_anomaly_strengths,diffusion_coeff,6000.0
EIR,0,101,4842620908627243129,gateway_calibration,sweep:anomaly_pair:shared_scenarios,746.2057916285895,124,873.6527337431316,,,shared_all_anomaly_strengths,diffusion_coeff,6000.0
EIR,0,102,9221364585446048791,gateway_calibration,sweep:anomaly_pair:shared_scenarios,815.4199672039813,131,873.6527337431316,,,shared_all_anomaly_strengths,diffusion_coeff,6000.0
EIR,0,103,3494744169553416929,gateway_calibration,sweep:anomaly_pair:shared_scenarios,766.2172551570424,115,873.6527337431316,,,shared_all_anomaly_strengths,diffusion_coeff,6000.0
EIR,0,104,7233638741406416371,gateway_calibration,sweep:anomaly_pair:shared_scenarios,666.2342475232891,122,873.6527337431316,,,shared_all_anomaly_strengths,diffusion_coeff,6000.0
EIR,0,105,3641336694656935735,gateway_calibration,sweep:anomaly_pair:shared_scenarios,593.5474993138333,114,873.6527337431316,,,shared_all_anomaly_strengths,diffusion_coeff,6000.0
EIR,0,106,3835715673444251126,gateway_calibration,sweep:anomaly_pair:shared_scenarios,819.8608882593273,128,873.6527337431316,,,shared_all_anomaly_strengths,diffusion_coeff,6000.0
EIR,0,107,2714185319899586904,gateway_calibration,sweep:anomaly_pair:shared_scenarios,841.3030372522162,134,873.6527337431316,,,shared_all_anomaly_strengths,diffusion_coeff,6000.0
EIR,0,108,7065677078823521164,gateway_calibration,sweep:anomaly_pair:shared_scenarios,775.432514306639,135,873.6527337431316,,,shared_all_anomaly_strengths,diffusion_coeff,6000.0
EIR,0,109,1054405605846734754,gateway_calibration,sweep:anomaly_pair:shared_scenarios,730.7777927893818,126,873.6527337431316,,,shared_all_anomaly_strengths,diffusion_coeff,6000.0
EIR,0,110,2962441662239683096,gateway_calibration,sweep:anomaly_pair:shared_scenarios,884.9065906795539,132,873.6527337431316,,,shared_all_anomaly_strengths,diffusion_coeff,6000.0
EIR,0,111,4129263628419206857,gateway_calibration,sweep:anomaly_pair:shared_scenarios,890.9087549564415,114,873.6527337431316,,,shared_all_anomaly_strengths,diffusion_coeff,6000.0
EIR,0,112,1622360177596404131,gateway_calibration,sweep:anomaly_pair:shared_scenarios,563.1935818256673,98,873.6527337431316,,,shared_all_anomaly_strengths,diffusion_coeff,6000.0
EIR,0,113,2330463691884836340,gateway_calibration,sweep:anomaly_pair:shared_scenarios,806.9351100033564,145,873.6527337431316,,,shared_all_anomaly_strengths,diffusion_coeff,6000.0
EIR,0,114,2652712276700624970,gateway_calibration,sweep:anomaly_pair:shared_scenarios,668.7619408693693,113,873.6527337431316,,,shared_all_anomaly_strengths,diffusion_coeff,6000.0
EIR,0,115,6210151626445176008,gateway_calibration,sweep:anomaly_pair:shared_scenarios,727.2859938286477,123,873.6527337431316,,,shared_all_anomaly_strengths,diffusion_coeff,6000.0
EIR,0,116,5484880361464436307,gateway_calibration,sweep:anomaly_pair:shared_scenarios,658.4295177611821,115,873.6527337431316,,,shared_all_anomaly_strengths,diffusion_coeff,6000.0
EIR,0,117,9083936004600730053,gateway_calibration,sweep:anomaly_pair:shared_scenarios,782.3792292321803,127,873.6527337431316,,,shared_all_anomaly_strengths,diffusion_coeff,6000.0
EIR,0,118,7499139004400980353,gateway_calibration,sweep:anomaly_pair:shared_scenarios,736.2958964384159,131,873.6527337431316,,,shared_all_anomaly_strengths,diffusion_coeff,6000.0
EIR,0,119,426229976672197883,gateway_calibration,sweep:anomaly_pair:shared_scenarios,834.0895667430835,125,873.6527337431316,,,shared_all_anomaly_strengths,diffusion_coeff,6000.0
EIR,0,120,246508369912879822,gateway_calibration,sweep:anomaly_pair:shared_scenarios,770.7736123174853,147,873.6527337431316,,,shared_all_anomaly_strengths,diffusion_coeff,6000.0
EIR,0,121,2652398091327796019,gateway_calibration,sweep:anomaly_pair:shared_scenarios,542.6624265340929,112,873.6527337431316,,,shared_all_anomaly_strengths,diffusion_coeff,6000.0
EIR,0,122,5503532496059794744,gateway_calibration,sweep:anomaly_pair:shared_scenarios,645.5857776453382,114,873.6527337431316,,,shared_all_anomaly_strengths,diffusion_coeff,6000.0
EIR,0,123,8329007375693140607,gateway_calibration,sweep:anomaly_pair:shared_scenarios,773.1349097962487,135,873.6527337431316,,,shared_all_anomaly_strengths,diffusion_coeff,6000.0
EIR,0,124,4366984316536531468,gateway_calibration,sweep:anomaly_pair:shared_scenarios,795.0029506406577,136,873.6527337431316,,,shared_all_anomaly_strengths,diffusion_coeff,6000.0
EIR,0,125,6198917521197951328,gateway_calibration,sweep:anomaly_pair:shared_scenarios,840.023727153184,144,873.6527337431316,,,shared_all_anomaly_strengths,diffusion_coeff,6000.0
EIR,0,126,3901305802510177060,gateway_calibration,sweep:anomaly_pair:shared_scenarios,718.0046008967176,122,873.6527337431316,,,shared_all_anomaly_strengths,diffusion_coeff,6000.0
EIR,0,127,3651935198066528014,gateway_calibration,sweep:anomaly_pair:shared_scenarios,689.0541606353888,115,873.6527337431316,,,shared_all_anomaly_strengths,diffusion_coeff,6000.0
EIR,0,128,3665222385996101800,gateway_calibration,sweep:anomaly_pair:shared_scenarios,794.7875580329854,125,873.6527337431316,,,shared_all_anomaly_strengths,diffusion_coeff,6000.0
EIR,0,129,3695450124233607618,gateway_calibration,sweep:anomaly_pair:shared_scenarios,754.6758245614229,125,873.6527337431316,,,shared_all_anomaly_strengths,diffusion_coeff,6000.0
EIR,0,130,4507573490889405567,gateway_calibration,sweep:anomaly_pair:shared_scenarios,835.4793621470908,116,873.6527337431316,,,shared_all_anomaly_strengths,diffusion_coeff,6000.0
EIR,0,131,6622006059011695217,gateway_calibration,sweep:anomaly_pair:shared_scenarios,752.062745840272,130,873.6527337431316,,,shared_all_anomaly_strengths,diffusion_coeff,6000.0
EIR,0,132,1072149559379176970,gateway_calibration,sweep:anomaly_pair:shared_scenarios,622.8844630472463,105,873.6527337431316,,,shared_all_anomaly_strengths,diffusion_coeff,6000.0
EIR,0,133,2236710786858836466,gateway_calibration,sweep:anomaly_pair:shared_scenarios,718.3370279195564,110,873.6527337431316,,,shared_all_anomaly_strengths,diffusion_coeff,6000.0
EIR,0,134,4061241335305450115,gateway_calibration,sweep:anomaly_pair:shared_scenarios,706.6728270559838,128,873.6527337431316,,,shared_all_anomaly_strengths,diffusion_coeff,6000.0
EIR,0,135,4458267631564501530,gateway_calibration,sweep:anomaly_pair:shared_scenarios,650.2125615058436,111,873.6527337431316,,,shared_all_anomaly_strengths,diffusion_coeff,6000.0
EIR,0,136,4602541395243770802,gateway_calibration,sweep:anomaly_pair:shared_scenarios,572.7791922106015,118,873.6527337431316,,,shared_all_anomaly_strengths,diffusion_coeff,6000.0
EIR,0,137,8154260143710516340,gateway_calibration,sweep:anomaly_pair:shared_scenarios,625.0750829873398,121,873.6527337431316,,,shared_all_anomaly_strengths,diffusion_coeff,6000.0
EIR,0,138,7114745814847013655,gateway_calibration,sweep:anomaly_pair:shared_scenarios,775.4520578696124,126,873.6527337431316,,,shared_all_anomaly_strengths,diffusion_coeff,6000.0
EIR,0,139,7504069718206669675,gateway_calibration,sweep:anomaly_pair:shared_scenarios,680.4213784167573,115,873.6527337431316,,,shared_all_anomaly_strengths,diffusion_coeff,6000.0
EIR,0,140,2484320023919988263,gateway_calibration,sweep:anomaly_pair:shared_scenarios,682.7187639561809,130,873.6527337431316,,,shared_all_anomaly_strengths,diffusion_coeff,6000.0
EIR,0,141,5967893154890299710,gateway_calibration,sweep:anomaly_pair:shared_scenarios,822.6345564399226,127,873.6527337431316,,,shared_all_anomaly_strengths,diffusion_coeff,6000.0
EIR,0,142,8551485174213736670,gateway_calibration,sweep:anomaly_pair:shared_scenarios,632.0594517803141,114,873.6527337431316,,,shared_all_anomaly_strengths,diffusion_coeff,6000.0
EIR,0,143,400428821000820213,gateway_calibration,sweep:anomaly_pair:shared_scenarios,724.811028367872,123,873.6527337431316,,,shared_all_anomaly_strengths,diffusion_coeff,6000.0
EIR,0,144,4671208357574952400,gateway_calibration,sweep:anomaly_pair:shared_scenarios,624.2450086135477,112,873.6527337431316,,,shared_all_anomaly_strengths,diffusion_coeff,6000.0
EIR,0,145,2717424151482641221,gateway_calibration,sweep:anomaly_pair:shared_scenarios,729.4419236684863,140,873.6527337431316,,,shared_all_anomaly_strengths,diffusion_coeff,6000.0
EIR,0,146,7103388310734235320,gateway_calibration,sweep:anomaly_pair:shared_scenarios,876.6347248650599,127,873.6527337431316,,,shared_all_anomaly_strengths,diffusion_coeff,6000.0
EIR,0,147,6613689040717774173,gateway_calibration,sweep:anomaly_pair:shared_scenarios,786.0908365498625,135,873.6527337431316,,,shared_all_anomaly_strengths,diffusion_coeff,6000.0
EIR,0,148,3013865715162790417,gateway_calibration,sweep:anomaly_pair:shared_scenarios,663.4400141387649,129,873.6527337431316,,,shared_all_anomaly_strengths,diffusion_coeff,6000.0
EIR,0,149,5411062845189856806,gateway_calibration,sweep:anomaly_pair:shared_scenarios,652.2694846761931,114,873.6527337431316,,,shared_all_anomaly_strengths,diffusion_coeff,6000.0
EIR,0,150,753526066345137121,gateway_calibration,sweep:anomaly_pair:shared_scenarios,559.6670774610848,110,873.6527337431316,,,shared_all_anomaly_strengths,diffusion_coeff,6000.0
EIR,0,151,5517788874787541446,gateway_calibration,sweep:anomaly_pair:shared_scenarios,792.2756505321853,116,873.6527337431316,,,shared_all_anomaly_strengths,diffusion_coeff,6000.0
EIR,0,152,3012173983135274094,gateway_calibration,sweep:anomaly_pair:shared_scenarios,700.209017478702,146,873.6527337431316,,,shared_all_anomaly_strengths,diffusion_coeff,6000.0
EIR,0,153,7525768142714343326,gateway_calibration,sweep:anomaly_pair:shared_scenarios,703.9930088876267,125,873.6527337431316,,,shared_all_anomaly_strengths,diffusion_coeff,6000.0
EIR,0,154,5795757086317543101,gateway_calibration,sweep:anomaly_pair:shared_scenarios,716.9228821850049,103,873.6527337431316,,,shared_all_anomaly_strengths,diffusion_coeff,6000.0
EIR,0,155,1489560090090177220,gateway_calibration,sweep:anomaly_pair:shared_scenarios,843.576938824687,131,873.6527337431316,,,shared_all_anomaly_strengths,diffusion_coeff,6000.0
EIR,0,156,5650023223194757707,gateway_calibration,sweep:anomaly_pair:shared_scenarios,784.4592906140463,122,873.6527337431316,,,shared_all_anomaly_strengths,diffusion_coeff,6000.0
EIR,0,157,9095396682315926676,gateway_calibration,sweep:anomaly_pair:shared_scenarios,780.8850384443914,130,873.6527337431316,,,shared_all_anomaly_strengths,diffusion_coeff,6000.0
EIR,0,158,3646421855625731332,gateway_calibration,sweep:anomaly_pair:shared_scenarios,615.8624259442109,119,873.6527337431316,,,shared_all_anomaly_strengths,diffusion_coeff,6000.0
EIR,0,159,2731180400104840963,gateway_calibration,sweep:anomaly_pair:shared_scenarios,741.8295234894202,123,873.6527337431316,,,shared_all_anomaly_strengths,diffusion_coeff,6000.0
EIR,0,160,6525253475390859142,gateway_calibration,sweep:anomaly_pair:shared_scenarios,872.9029473848582,128,873.6527337431316,,,shared_all_anomaly_strengths,diffusion_coeff,6000.0
EIR,0,161,5342702562007933787,gateway_calibration,sweep:anomaly_pair:shared_scenarios,639.3009429347303,129,873.6527337431316,,,shared_all_anomaly_strengths,diffusion_coeff,6000.0
EIR,0,162,1696163523599298321,gateway_calibration,sweep:anomaly_pair:shared_scenarios,775.2899572871156,117,873.6527337431316,,,shared_all_anomaly_strengths,diffusion_coeff,6000.0
EIR,0,163,3743667071636317329,gateway_calibration,sweep:anomaly_pair:shared_scenarios,849.6521964153324,138,873.6527337431316,,,shared_all_anomaly_strengths,diffusion_coeff,6000.0
EIR,0,164,1703215274657857080,gateway_calibration,sweep:anomaly_pair:shared_scenarios,788.2973247850089,123,873.6527337431316,,,shared_all_anomaly_strengths,diffusion_coeff,6000.0
EIR,0,165,3749419661803877216,gateway_calibration,sweep:anomaly_pair:shared_scenarios,735.5768484928761,126,873.6527337431316,,,shared_all_anomaly_strengths,diffusion_coeff,6000.0
EIR,0,166,1022849663340299120,gateway_calibration,sweep:anomaly_pair:shared_scenarios,650.2139321755415,117,873.6527337431316,,,shared_all_anomaly_strengths,diffusion_coeff,6000.0
EIR,0,167,812573164251080741,gateway_calibration,sweep:anomaly_pair:shared_scenarios,706.2755863745653,128,873.6527337431316,,,shared_all_anomaly_strengths,diffusion_coeff,6000.0
EIR,0,168,9181789161802016476,gateway_calibration,sweep:anomaly_pair:shared_scenarios,583.3607993923033,111,873.6527337431316,,,shared_all_anomaly_strengths,diffusion_coeff,6000.0
EIR,0,169,41852731993844740,gateway_calibration,sweep:anomaly_pair:shared_scenarios,690.1542709534323,124,873.6527337431316,,,shared_all_anomaly_strengths,diffusion_coeff,6000.0
EIR,0,170,2160723943465049599,gateway_calibration,sweep:anomaly_pair:shared_scenarios,697.7811156713905,117,873.6527337431316,,,shared_all_anomaly_strengths,diffusion_coeff,6000.0
EIR,0,171,4956274529951239709,gateway_calibration,sweep:anomaly_pair:shared_scenarios,811.5243350943122,125,873.6527337431316,,,shared_all_anomaly_strengths,diffusion_coeff,6000.0
EIR,0,172,6793317195616864064,gateway_calibration,sweep:anomaly_pair:shared_scenarios,866.3727876388167,120,873.6527337431316,,,shared_all_anomaly_strengths,diffusion_coeff,6000.0
EIR,0,173,4303638152728383403,gateway_calibration,sweep:anomaly_pair:shared_scenarios,699.4932654590634,102,873.6527337431316,,,shared_all_anomaly_strengths,diffusion_coeff,6000.0
EIR,0,174,7314201943706610406,gateway_calibration,sweep:anomaly_pair:shared_scenarios,709.1782851303827,130,873.6527337431316,,,shared_all_anomaly_strengths,diffusion_coeff,6000.0
EIR,0,175,1512635151930618621,gateway_calibration,sweep:anomaly_pair:shared_scenarios,710.2263774632651,114,873.6527337431316,,,shared_all_anomaly_strengths,diffusion_coeff,6000.0
EIR,0,176,8308315004410766501,gateway_calibration,sweep:anomaly_pair:shared_scenarios,775.6964242495911,118,873.6527337431316,,,shared_all_anomaly_strengths,diffusion_coeff,6000.0
EIR,0,177,8366281085404403237,gateway_calibration,sweep:anomaly_pair:shared_scenarios,639.3650089166313,120,873.6527337431316,,,shared_all_anomaly_strengths,diffusion_coeff,6000.0
EIR,0,178,3431044729523368993,gateway_calibration,sweep:anomaly_pair:shared_scenarios,741.1353402951912,128,873.6527337431316,,,shared_all_anomaly_strengths,diffusion_coeff,6000.0
EIR,0,179,2007998228956077302,gateway_calibration,sweep:anomaly_pair:shared_scenarios,969.7820064447286,134,873.6527337431316,,,shared_all_anomaly_strengths,diffusion_coeff,6000.0
EIR,0,180,8751753062912985555,gateway_calibration,sweep:anomaly_pair:shared_scenarios,890.2424830378487,129,873.6527337431316,,,shared_all_anomaly_strengths,diffusion_coeff,6000.0
EIR,0,181,6021098798304103526,gateway_calibration,sweep:anomaly_pair:shared_scenarios,653.2416529063539,128,873.6527337431316,,,shared_all_anomaly_strengths,diffusion_coeff,6000.0
EIR,0,182,6935358694610535876,gateway_calibration,sweep:anomaly_pair:shared_scenarios,752.1129876060076,132,873.6527337431316,,,shared_all_anomaly_strengths,diffusion_coeff,6000.0
EIR,0,183,8750411618794352639,gateway_calibration,sweep:anomaly_pair:shared_scenarios,596.8720529118116,100,873.6527337431316,,,shared_all_anomaly_strengths,diffusion_coeff,6000.0
EIR,0,184,5456778154641903347,gateway_calibration,sweep:anomaly_pair:shared_scenarios,586.8214845140317,110,873.6527337431316,,,shared_all_anomaly_strengths,diffusion_coeff,6000.0
EIR,0,185,1287740648467288647,gateway_calibration,sweep:anomaly_pair:shared_scenarios,562.7363704370613,104,873.6527337431316,,,shared_all_anomaly_strengths,diffusion_coeff,6000.0
EIR,0,186,5407093370613870835,gateway_calibration,sweep:anomaly_pair:shared_scenarios,769.3832064099026,128,873.6527337431316,,,shared_all_anomaly_strengths,diffusion_coeff,6000.0
EIR,0,187,3818214081160493,gateway_calibration,sweep:anomaly_pair:shared_scenarios,702.8069407432392,130,873.6527337431316,,,shared_all_anomaly_strengths,diffusion_coeff,6000.0
EIR,0,188,4306571545613910018,gateway_calibration,sweep:anomaly_pair:shared_scenarios,627.7139727191241,109,873.6527337431316,,,shared_all_anomaly_strengths,diffusion_coeff,6000.0
EIR,0,189,1959307662180969903,gateway_calibration,sweep:anomaly_pair:shared_scenarios,705.4669055123109,128,873.6527337431316,,,shared_all_anomaly_strengths,diffusion_coeff,6000.0
EIR,0,190,4992208587719153238,gateway_calibration,sweep:anomaly_pair:shared_scenarios,755.1316719201798,124,873.6527337431316,,,shared_all_anomaly_strengths,diffusion_coeff,6000.0
EIR,0,191,5365441848557421041,gateway_calibration,sweep:anomaly_pair:shared_scenarios,699.5899424718589,141,873.6527337431316,,,shared_all_anomaly_strengths,diffusion_coeff,6000.0
EIR,0,192,1408715418700674555,gateway_calibration,sweep:anomaly_pair:shared_scenarios,855.928381687585,129,873.6527337431316,,,shared_all_anomaly_strengths,diffusion_coeff,6000.0
EIR,0,193,8108843531229667530,gateway_calibration,sweep:anomaly_pair:shared_scenarios,795.9372709793151,119,873.6527337431316,,,shared_all_anomaly_strengths,diffusion_coeff,6000.0
EIR,0,194,5355952040063825204,gateway_calibration,sweep:anomaly_pair:shared_scenarios,652.3804465655337,106,873.6527337431316,,,shared_all_anomaly_strengths,diffusion_coeff,6000.0
EIR,0,195,3749598425399707804,gateway_calibration,sweep:anomaly_pair:shared_scenarios,820.7921332284759,139,873.6527337431316,,,shared_all_anomaly_strengths,diffusion_coeff,6000.0
EIR,0,196,2149480101104034459,gateway_calibration,sweep:anomaly_pair:shared_scenarios,723.9489806962088,119,873.6527337431316,,,shared_all_anomaly_strengths,diffusion_coeff,6000.0
EIR,0,197,2249485913525693031,gateway_calibration,sweep:anomaly_pair:shared_scenarios,779.3275067007104,136,873.6527337431316,,,shared_all_anomaly_strengths,diffusion_coeff,6000.0
EIR,0,198,7943041684628071969,gateway_calibration,sweep:anomaly_pair:shared_scenarios,700.9986306545428,120,873.6527337431316,,,shared_all_anomaly_strengths,diffusion_coeff,6000.0
EIR,0,199,5498905627511140374,gateway_calibration,sweep:anomaly_pair:shared_scenarios,838.4506880733961,145,873.6527337431316,,,shared_all_anomaly_strengths,diffusion_coeff,6000.0
EIR,0,200,3602637090699499683,gateway_calibration,sweep:anomaly_pair:shared_scenarios,825.7396334525421,122,873.6527337431316,,,shared_all_anomaly_strengths,diffusion_coeff,6000.0
EIR,0,201,7286351669153130392,gateway_calibration,sweep:anomaly_pair:shared_scenarios,818.021987624457,130,873.6527337431316,,,shared_all_anomaly_strengths,diffusion_coeff,6000.0
EIR,0,202,3191901830673673490,gateway_calibration,sweep:anomaly_pair:shared_scenarios,702.1352754565294,126,873.6527337431316,,,shared_all_anomaly_strengths,diffusion_coeff,6000.0
EIR,0,203,8524659376700415706,gateway_calibration,sweep:anomaly_pair:shared_scenarios,751.5719985907891,132,873.6527337431316,,,shared_all_anomaly_strengths,diffusion_coeff,6000.0
EIR,0,204,6349588482576067091,gateway_calibration,sweep:anomaly_pair:shared_scenarios,802.7728584296704,137,873.6527337431316,,,shared_all_anomaly_strengths,diffusion_coeff,6000.0
EIR,0,205,7988033359410408816,gateway_calibration,sweep:anomaly_pair:shared_scenarios,742.9366904698818,119,873.6527337431316,,,shared_all_anomaly_strengths,diffusion_coeff,6000.0
EIR,0,206,8515216027005570369,gateway_calibration,sweep:anomaly_pair:shared_scenarios,618.4056975784775,109,873.6527337431316,,,shared_all_anomaly_strengths,diffusion_coeff,6000.0
EIR,0,207,6416540730684243514,gateway_calibration,sweep:anomaly_pair:shared_scenarios,672.7611992516181,119,873.6527337431316,,,shared_all_anomaly_strengths,diffusion_coeff,6000.0
EIR,0,208,602517514173483864,gateway_calibration,sweep:anomaly_pair:shared_scenarios,717.328320965985,126,873.6527337431316,,,shared_all_anomaly_strengths,diffusion_coeff,6000.0
EIR,0,209,3465670740941638925,gateway_calibration,sweep:anomaly_pair:shared_scenarios,907.3243873608566,136,873.6527337431316,,,shared_all_anomaly_strengths,diffusion_coeff,6000.0
EIR,0,210,3944025305726431335,gateway_calibration,sweep:anomaly_pair:shared_scenarios,767.6659614923194,132,873.6527337431316,,,shared_all_anomaly_strengths,diffusion_coeff,6000.0
EIR,0,211,2339277267613070629,gateway_calibration,sweep:anomaly_pair:shared_scenarios,692.3820092213416,124,873.6527337431316,,,shared_all_anomaly_strengths,diffusion_coeff,6000.0
EIR,0,212,7600535093870098984,gateway_calibration,sweep:anomaly_pair:shared_scenarios,737.8504041872687,133,873.6527337431316,,,shared_all_anomaly_strengths,diffusion_coeff,6000.0
EIR,0,213,3861443108061582389,gateway_calibration,sweep:anomaly_pair:shared_scenarios,645.6637632185256,124,873.6527337431316,,,shared_all_anomaly_strengths,diffusion_coeff,6000.0
EIR,0,214,3250073084552866822,gateway_calibration,sweep:anomaly_pair:shared_scenarios,771.8897935708889,135,873.6527337431316,,,shared_all_anomaly_strengths,diffusion_coeff,6000.0
EIR,0,215,8591855540292640479,gateway_calibration,sweep:anomaly_pair:shared_scenarios,842.7023313584358,130,873.6527337431316,,,shared_all_anomaly_strengths,diffusion_coeff,6000.0
EIR,0,216,3408653263756247515,gateway_calibration,sweep:anomaly_pair:shared_scenarios,724.0081524186021,120,873.6527337431316,,,shared_all_anomaly_strengths,diffusion_coeff,6000.0
EIR,0,217,2181672054838164337,gateway_calibration,sweep:anomaly_pair:shared_scenarios,685.144794051969,113,873.6527337431316,,,shared_all_anomaly_strengths,diffusion_coeff,6000.0
EIR,0,218,1689637169394222035,gateway_calibration,sweep:anomaly_pair:shared_scenarios,735.9156827296521,132,873.6527337431316,,,shared_all_anomaly_strengths,diffusion_coeff,6000.0
EIR,0,219,5046962185951232574,gateway_calibration,sweep:anomaly_pair:shared_scenarios,787.5458927254932,128,873.6527337431316,,,shared_all_anomaly_strengths,diffusion_coeff,6000.0
EIR,0,220,9018680245675993190,gateway_calibration,sweep:anomaly_pair:shared_scenarios,841.2890315493808,124,873.6527337431316,,,shared_all_anomaly_strengths,diffusion_coeff,6000.0
EIR,0,221,8785852485249820827,gateway_calibration,sweep:anomaly_pair:shared_scenarios,1016.2909274607151,135,873.6527337431316,,,shared_all_anomaly_strengths,diffusion_coeff,6000.0
EIR,0,222,34609839810900876,gateway_calibration,sweep:anomaly_pair:shared_scenarios,702.1490084582965,116,873.6527337431316,,,shared_all_anomaly_strengths,diffusion_coeff,6000.0
EIR,0,223,4892593663520200719,gateway_calibration,sweep:anomaly_pair:shared_scenarios,995.6022852118006,136,873.6527337431316,,,shared_all_anomaly_strengths,diffusion_coeff,6000.0
EIR,0,224,1595203616003947553,gateway_calibration,sweep:anomaly_pair:shared_scenarios,781.6332515083017,121,873.6527337431316,,,shared_all_anomaly_strengths,diffusion_coeff,6000.0
EIR,0,225,7424048805208454819,gateway_calibration,sweep:anomaly_pair:shared_scenarios,498.20848204854747,87,873.6527337431316,,,shared_all_anomaly_strengths,diffusion_coeff,6000.0
EIR,0,226,2920126023839666219,gateway_calibration,sweep:anomaly_pair:shared_scenarios,785.663665681947,118,873.6527337431316,,,shared_all_anomaly_strengths,diffusion_coeff,6000.0
EIR,0,227,382931740595247515,gateway_calibration,sweep:anomaly_pair:shared_scenarios,702.9417800542949,122,873.6527337431316,,,shared_all_anomaly_strengths,diffusion_coeff,6000.0
EIR,0,228,8014502905414229746,gateway_calibration,sweep:anomaly_pair:shared_scenarios,841.7932076693835,124,873.6527337431316,,,shared_all_anomaly_strengths,diffusion_coeff,6000.0
EIR,0,229,4743279688235879997,gateway_calibration,sweep:anomaly_pair:shared_scenarios,642.7152990427559,107,873.6527337431316,,,shared_all_anomaly_strengths,diffusion_coeff,6000.0
EIR,0,230,1572592790386553068,gateway_calibration,sweep:anomaly_pair:shared_scenarios,587.2176647900312,97,873.6527337431316,,,shared_all_anomaly_strengths,diffusion_coeff,6000.0
EIR,0,231,6252360334841237253,gateway_calibration,sweep:anomaly_pair:shared_scenarios,797.8036200182646,123,873.6527337431316,,,shared_all_anomaly_strengths,diffusion_coeff,6000.0
EIR,0,232,6969017964403244413,gateway_calibration,sweep:anomaly_pair:shared_scenarios,853.0125062094718,139,873.6527337431316,,,shared_all_anomaly_strengths,diffusion_coeff,6000.0
EIR,0,233,1610212804197154449,gateway_calibration,sweep:anomaly_pair:shared_scenarios,914.0489332476997,131,873.6527337431316,,,shared_all_anomaly_strengths,diffusion_coeff,6000.0
EIR,0,234,6647587057665530600,gateway_calibration,sweep:anomaly_pair:shared_scenarios,703.7488676165908,118,873.6527337431316,,,shared_all_anomaly_strengths,diffusion_coeff,6000.0
EIR,0,235,3531987962649334536,gateway_calibration,sweep:anomaly_pair:shared_scenarios,764.3418888410043,120,873.6527337431316,,,shared_all_anomaly_strengths,diffusion_coeff,6000.0
EIR,0,236,6609225715223448195,gateway_calibration,sweep:anomaly_pair:shared_scenarios,824.9405259029579,132,873.6527337431316,,,shared_all_anomaly_strengths,diffusion_coeff,6000.0
EIR,0,237,6784175964849256680,gateway_calibration,sweep:anomaly_pair:shared_scenarios,660.5698524140744,115,873.6527337431316,,,shared_all_anomaly_strengths,diffusion_coeff,6000.0
EIR,0,238,771076435409536658,gateway_calibration,sweep:anomaly_pair:shared_scenarios,692.7583910734016,124,873.6527337431316,,,shared_all_anomaly_strengths,diffusion_coeff,6000.0
EIR,0,239,1557660180791943490,gateway_calibration,sweep:anomaly_pair:shared_scenarios,612.13662604237,117,873.6527337431316,,,shared_all_anomaly_strengths,diffusion_coeff,6000.0
EIR,0,240,8213476521277927481,gateway_calibration,sweep:anomaly_pair:shared_scenarios,851.039387505059,133,873.6527337431316,,,shared_all_anomaly_strengths,diffusion_coeff,6000.0
EIR,0,241,2142536073008782941,gateway_calibration,sweep:anomaly_pair:shared_scenarios,687.8800466211798,134,873.6527337431316,,,shared_all_anomaly_strengths,diffusion_coeff,6000.0
EIR,0,242,972861009822655055,gateway_calibration,sweep:anomaly_pair:shared_scenarios,740.2067374889791,109,873.6527337431316,,,shared_all_anomaly_strengths,diffusion_coeff,6000.0
EIR,0,243,7555691644283107163,gateway_calibration,sweep:anomaly_pair:shared_scenarios,902.4874516139438,120,873.6527337431316,,,shared_all_anomaly_strengths,diffusion_coeff,6000.0
EIR,0,244,3765971885569387299,gateway_calibration,sweep:anomaly_pair:shared_scenarios,728.684585589195,116,873.6527337431316,,,shared_all_anomaly_strengths,diffusion_coeff,6000.0
EIR,0,245,5592160503430992696,gateway_calibration,sweep:anomaly_pair:shared_scenarios,619.1916688440973,109,873.6527337431316,,,shared_all_anomaly_strengths,diffusion_coeff,6000.0
EIR,0,246,1478843254938813623,gateway_calibration,sweep:anomaly_pair:shared_scenarios,598.2076033055885,102,873.6527337431316,,,shared_all_anomaly_strengths,diffusion_coeff,6000.0
EIR,0,247,1942727857375669376,gateway_calibration,sweep:anomaly_pair:shared_scenarios,702.2340459988145,121,873.6527337431316,,,shared_all_anomaly_strengths,diffusion_coeff,6000.0
EIR,0,248,8887415122826351358,gateway_calibration,sweep:anomaly_pair:shared_scenarios,938.0490392435077,147,873.6527337431316,,,shared_all_anomaly_strengths,diffusion_coeff,6000.0
EIR,0,249,4016396015928191167,gateway_calibration,sweep:anomaly_pair:shared_scenarios,713.5377344701286,119,873.6527337431316,,,shared_all_anomaly_strengths,diffusion_coeff,6000.0
EIR,0,250,545721072604639066,gateway_calibration,sweep:anomaly_pair:shared_scenarios,686.8505520969775,131,873.6527337431316,,,shared_all_anomaly_strengths,diffusion_coeff,6000.0
EIR,0,251,5849536730748012463,gateway_calibration,sweep:anomaly_pair:shared_scenarios,718.8066521725239,127,873.6527337431316,,,shared_all_anomaly_strengths,diffusion_coeff,6000.0
EIR,0,252,1771686267565403887,gateway_calibration,sweep:anomaly_pair:shared_scenarios,716.6919043833493,120,873.6527337431316,,,shared_all_anomaly_strengths,diffusion_coeff,6000.0
EIR,0,253,527015852999154159,gateway_calibration,sweep:anomaly_pair:shared_scenarios,803.7662299633996,119,873.6527337431316,,,shared_all_anomaly_strengths,diffusion_coeff,6000.0
EIR,0,254,795232045204162150,gateway_calibration,sweep:anomaly_pair:shared_scenarios,566.2318085435368,109,873.6527337431316,,,shared_all_anomaly_strengths,diffusion_coeff,6000.0
EIR,0,255,2003186406057830921,gateway_calibration,sweep:anomaly_pair:shared_scenarios,732.8528526252449,125,873.6527337431316,,,shared_all_anomaly_strengths,diffusion_coeff,6000.0
EIR,0,256,6455722452370991548,gateway_calibration,sweep:anomaly_pair:shared_scenarios,590.4595963257759,111,873.6527337431316,,,shared_all_anomaly_strengths,diffusion_coeff,6000.0
EIR,0,257,3067394350402456365,gateway_calibration,sweep:anomaly_pair:shared_scenarios,633.0993565904607,107,873.6527337431316,,,shared_all_anomaly_strengths,diffusion_coeff,6000.0
EIR,0,258,6475421966152866023,gateway_calibration,sweep:anomaly_pair:shared_scenarios,745.669333700771,137,873.6527337431316,,,shared_all_anomaly_strengths,diffusion_coeff,6000.0
EIR,0,259,3761046985503647801,gateway_calibration,sweep:anomaly_pair:shared_scenarios,581.9571892122774,102,873.6527337431316,,,shared_all_anomaly_strengths,diffusion_coeff,6000.0
EIR,0,260,2385970463494678191,gateway_calibration,sweep:anomaly_pair:shared_scenarios,838.5093151628012,135,873.6527337431316,,,shared_all_anomaly_strengths,diffusion_coeff,6000.0
EIR,0,261,5183448992162080607,gateway_calibration,sweep:anomaly_pair:shared_scenarios,720.4073029559228,115,873.6527337431316,,,shared_all_anomaly_strengths,diffusion_coeff,6000.0
EIR,0,262,6268266913998342604,gateway_calibration,sweep:anomaly_pair:shared_scenarios,743.4705688356419,133,873.6527337431316,,,shared_all_anomaly_strengths,diffusion_coeff,6000.0
EIR,0,263,21012256327926221,gateway_calibration,sweep:anomaly_pair:shared_scenarios,770.4322738210298,118,873.6527337431316,,,shared_all_anomaly_strengths,diffusion_coeff,6000.0
EIR,0,264,4109767241554258606,gateway_calibration,sweep:anomaly_pair:shared_scenarios,836.4718284996034,146,873.6527337431316,,,shared_all_anomaly_strengths,diffusion_coeff,6000.0
EIR,0,265,4959424012684389745,gateway_calibration,sweep:anomaly_pair:shared_scenarios,778.6027790987141,130,873.6527337431316,,,shared_all_anomaly_strengths,diffusion_coeff,6000.0
EIR,0,266,7451109072791456209,gateway_calibration,sweep:anomaly_pair:shared_scenarios,718.5037986119137,127,873.6527337431316,,,shared_all_anomaly_strengths,diffusion_coeff,6000.0
EIR,0,267,8054500674269120968,gateway_calibration,sweep:anomaly_pair:shared_scenarios,757.7326897103507,132,873.6527337431316,,,shared_all_anomaly_strengths,diffusion_coeff,6000.0
EIR,0,268,5331532706382194712,gateway_calibration,sweep:anomaly_pair:shared_scenarios,842.559890409051,138,873.6527337431316,,,shared_all_anomaly_strengths,diffusion_coeff,6000.0
EIR,0,269,841203630616903155,gateway_calibration,sweep:anomaly_pair:shared_scenarios,772.5436182404966,121,873.6527337431316,,,shared_all_anomaly_strengths,diffusion_coeff,6000.0
EIR,0,270,4066905452799334610,gateway_calibration,sweep:anomaly_pair:shared_scenarios,859.1187964170323,135,873.6527337431316,,,shared_all_anomaly_strengths,diffusion_coeff,6000.0
EIR,0,271,9150950453982994658,gateway_calibration,sweep:anomaly_pair:shared_scenarios,626.1452008615433,111,873.6527337431316,,,shared_all_anomaly_strengths,diffusion_coeff,6000.0
EIR,0,272,6119393693526968570,gateway_calibration,sweep:anomaly_pair:shared_scenarios,732.5250362444394,113,873.6527337431316,,,shared_all_anomaly_strengths,diffusion_coeff,6000.0
EIR,0,273,1347105042981981039,gateway_calibration,sweep:anomaly_pair:shared_scenarios,771.9965639736802,147,873.6527337431316,,,shared_all_anomaly_strengths,diffusion_coeff,6000.0
EIR,0,274,8911832980425435268,gateway_calibration,sweep:anomaly_pair:shared_scenarios,926.9008282813304,129,873.6527337431316,,,shared_all_anomaly_strengths,diffusion_coeff,6000.0
EIR,0,275,5843722553093405471,gateway_calibration,sweep:anomaly_pair:shared_scenarios,697.4847107130126,123,873.6527337431316,,,shared_all_anomaly_strengths,diffusion_coeff,6000.0
EIR,0,276,3354555160635420741,gateway_calibration,sweep:anomaly_pair:shared_scenarios,570.7989095726366,114,873.6527337431316,,,shared_all_anomaly_strengths,diffusion_coeff,6000.0
EIR,0,277,688745337611783334,gateway_calibration,sweep:anomaly_pair:shared_scenarios,728.744043934633,136,873.6527337431316,,,shared_all_anomaly_strengths,diffusion_coeff,6000.0
EIR,0,278,219363152796672916,gateway_calibration,sweep:anomaly_pair:shared_scenarios,811.0182215190837,123,873.6527337431316,,,shared_all_anomaly_strengths,diffusion_coeff,6000.0
EIR,0,279,373686025269973233,gateway_calibration,sweep:anomaly_pair:shared_scenarios,766.486858502774,116,873.6527337431316,,,shared_all_anomaly_strengths,diffusion_coeff,6000.0
EIR,0,280,5610514536613434387,gateway_calibration,sweep:anomaly_pair:shared_scenarios,871.0944688804818,132,873.6527337431316,,,shared_all_anomaly_strengths,diffusion_coeff,6000.0
EIR,0,281,4171514933633241565,gateway_calibration,sweep:anomaly_pair:shared_scenarios,681.2056722192692,128,873.6527337431316,,,shared_all_anomaly_strengths,diffusion_coeff,6000.0
EIR,0,282,4861498392405652878,gateway_calibration,sweep:anomaly_pair:shared_scenarios,647.5722162482335,112,873.6527337431316,,,shared_all_anomaly_strengths,diffusion_coeff,6000.0
EIR,0,283,8572809235512946288,gateway_calibration,sweep:anomaly_pair:shared_scenarios,795.2375764731954,129,873.6527337431316,,,shared_all_anomaly_strengths,diffusion_coeff,6000.0
EIR,0,284,8187471053016651709,gateway_calibration,sweep:anomaly_pair:shared_scenarios,741.5385553653286,119,873.6527337431316,,,shared_all_anomaly_strengths,diffusion_coeff,6000.0
EIR,0,285,8839651195694762440,gateway_calibration,sweep:anomaly_pair:shared_scenarios,634.723118060463,111,873.6527337431316,,,shared_all_anomaly_strengths,diffusion_coeff,6000.0
EIR,0,286,2874448108009063227,gateway_calibration,sweep:anomaly_pair:shared_scenarios,886.4048378622664,152,873.6527337431316,,,shared_all_anomaly_strengths,diffusion_coeff,6000.0
EIR,0,287,8707203536458320760,gateway_calibration,sweep:anomaly_pair:shared_scenarios,699.7676711124975,110,873.6527337431316,,,shared_all_anomaly_strengths,diffusion_coeff,6000.0
EIR,0,288,8368439969047545418,gateway_calibration,sweep:anomaly_pair:shared_scenarios,682.6719432216706,116,873.6527337431316,,,shared_all_anomaly_strengths,diffusion_coeff,6000.0
EIR,0,289,4822230351368366288,gateway_calibration,sweep:anomaly_pair:shared_scenarios,795.3397661491599,131,873.6527337431316,,,shared_all_anomaly_strengths,diffusion_coeff,6000.0
EIR,0,290,560612887312139697,gateway_calibration,sweep:anomaly_pair:shared_scenarios,664.0384631862693,105,873.6527337431316,,,shared_all_anomaly_strengths,diffusion_coeff,6000.0
EIR,0,291,4708984480155462159,gateway_calibration,sweep:anomaly_pair:shared_scenarios,808.4376868988433,130,873.6527337431316,,,shared_all_anomaly_strengths,diffusion_coeff,6000.0
EIR,0,292,221505334779598471,gateway_calibration,sweep:anomaly_pair:shared_scenarios,667.7582165610693,121,873.6527337431316,,,shared_all_anomaly_strengths,diffusion_coeff,6000.0
EIR,0,293,313024099195558927,gateway_calibration,sweep:anomaly_pair:shared_scenarios,776.6773995628184,136,873.6527337431316,,,shared_all_anomaly_strengths,diffusion_coeff,6000.0
EIR,0,294,1256218112766498617,gateway_calibration,sweep:anomaly_pair:shared_scenarios,670.9627773040714,109,873.6527337431316,,,shared_all_anomaly_strengths,diffusion_coeff,6000.0
EIR,0,295,8758679596665815611,gateway_calibration,sweep:anomaly_pair:shared_scenarios,684.3234529920946,118,873.6527337431316,,,shared_all_anomaly_strengths,diffusion_coeff,6000.0
EIR,0,296,8732704811787225309,gateway_calibration,sweep:anomaly_pair:shared_scenarios,669.1037456774338,117,873.6527337431316,,,shared_all_anomaly_strengths,diffusion_coeff,6000.0
EIR,0,297,7291668075851963674,gateway_calibration,sweep:anomaly_pair:shared_scenarios,672.7254586929662,129,873.6527337431316,,,shared_all_anomaly_strengths,diffusion_coeff,6000.0
EIR,0,298,8160139849952943474,gateway_calibration,sweep:anomaly_pair:shared_scenarios,672.8385232189913,116,873.6527337431316,,,shared_all_anomaly_strengths,diffusion_coeff,6000.0
EIR,0,299,2513721670770597509,gateway_calibration,sweep:anomaly_pair:shared_scenarios,590.0240596555224,101,873.6527337431316,,,shared_all_anomaly_strengths,diffusion_coeff,6000.0
EIR,0,300,7063318709798897080,gateway_calibration,sweep:anomaly_pair:shared_scenarios,789.5561722314635,136,873.6527337431316,,,shared_all_anomaly_strengths,diffusion_coeff,6000.0
EIR,0,301,8415020812705705061,gateway_calibration,sweep:anomaly_pair:shared_scenarios,626.0910541226481,106,873.6527337431316,,,shared_all_anomaly_strengths,diffusion_coeff,6000.0
EIR,0,302,3425196686933402479,gateway_calibration,sweep:anomaly_pair:shared_scenarios,657.8880592380257,112,873.6527337431316,,,shared_all_anomaly_strengths,diffusion_coeff,6000.0
EIR,0,303,3114915321845009342,gateway_calibration,sweep:anomaly_pair:shared_scenarios,642.011238641811,115,873.6527337431316,,,shared_all_anomaly_strengths,diffusion_coeff,6000.0
EIR,0,304,2896931233588044786,gateway_calibration,sweep:anomaly_pair:shared_scenarios,934.2187670254652,126,873.6527337431316,,,shared_all_anomaly_strengths,diffusion_coeff,6000.0
EIR,0,305,1551170222759424305,gateway_calibration,sweep:anomaly_pair:shared_scenarios,700.3487545846373,123,873.6527337431316,,,shared_all_anomaly_strengths,diffusion_coeff,6000.0
EIR,0,306,4718806530038829033,gateway_calibration,sweep:anomaly_pair:shared_scenarios,931.4019870323544,147,873.6527337431316,,,shared_all_anomaly_strengths,diffusion_coeff,6000.0
EIR,0,307,5119279349088370044,gateway_calibration,sweep:anomaly_pair:shared_scenarios,721.9289701913399,141,873.6527337431316,,,shared_all_anomaly_strengths,diffusion_coeff,6000.0
EIR,0,308,2822775968759270459,gateway_calibration,sweep:anomaly_pair:shared_scenarios,760.9582446355547,124,873.6527337431316,,,shared_all_anomaly_strengths,diffusion_coeff,6000.0
EIR,0,309,7998405917407377120,gateway_calibration,sweep:anomaly_pair:shared_scenarios,722.147526484018,114,873.6527337431316,,,shared_all_anomaly_strengths,diffusion_coeff,6000.0
EIR,0,310,5146001952486015638,gateway_calibration,sweep:anomaly_pair:shared_scenarios,800.1197550087264,135,873.6527337431316,,,shared_all_anomaly_strengths,diffusion_coeff,6000.0
EIR,0,311,6911500135314972136,gateway_calibration,sweep:anomaly_pair:shared_scenarios,744.9375582473044,129,873.6527337431316,,,shared_all_anomaly_strengths,diffusion_coeff,6000.0
EIR,0,312,3026266370475567930,gateway_calibration,sweep:anomaly_pair:shared_scenarios,838.8125693116574,130,873.6527337431316,,,shared_all_anomaly_strengths,diffusion_coeff,6000.0
EIR,0,313,2263219430505968284,gateway_calibration,sweep:anomaly_pair:shared_scenarios,665.5895162322989,137,873.6527337431316,,,shared_all_anomaly_strengths,diffusion_coeff,6000.0
EIR,0,314,6005314762223339669,gateway_calibration,sweep:anomaly_pair:shared_scenarios,840.6617987479207,128,873.6527337431316,,,shared_all_anomaly_strengths,diffusion_coeff,6000.0
EIR,0,315,6620051426260236045,gateway_calibration,sweep:anomaly_pair:shared_scenarios,984.0221288508792,123,873.6527337431316,,,shared_all_anomaly_strengths,diffusion_coeff,6000.0
EIR,0,316,1375290459054701469,gateway_calibration,sweep:anomaly_pair:shared_scenarios,843.4854297867496,129,873.6527337431316,,,shared_all_anomaly_strengths,diffusion_coeff,6000.0
EIR,0,317,3387434723583950275,gateway_calibration,sweep:anomaly_pair:shared_scenarios,680.7743289880763,121,873.6527337431316,,,shared_all_anomaly_strengths,diffusion_coeff,6000.0
EIR,0,318,1492748310594346890,gateway_calibration,sweep:anomaly_pair:shared_scenarios,789.0388333501248,134,873.6527337431316,,,shared_all_anomaly_strengths,diffusion_coeff,6000.0
EIR,0,319,6526070513380422193,gateway_calibration,sweep:anomaly_pair:shared_scenarios,661.0583633480394,117,873.6527337431316,,,shared_all_anomaly_strengths,diffusion_coeff,6000.0
EIR,0,320,4569908186093849248,gateway_calibration,sweep:anomaly_pair:shared_scenarios,731.1585602204502,126,873.6527337431316,,,shared_all_anomaly_strengths,diffusion_coeff,6000.0
EIR,0,321,2058735402210199549,gateway_calibration,sweep:anomaly_pair:shared_scenarios,873.9942397449363,132,873.6527337431316,,,shared_all_anomaly_strengths,diffusion_coeff,6000.0
EIR,0,322,7792514555662345644,gateway_calibration,sweep:anomaly_pair:shared_scenarios,634.2534993752602,119,873.6527337431316,,,shared_all_anomaly_strengths,diffusion_coeff,6000.0
EIR,0,323,5919491502808918703,gateway_calibration,sweep:anomaly_pair:shared_scenarios,821.4828949422572,135,873.6527337431316,,,shared_all_anomaly_strengths,diffusion_coeff,6000.0
EIR,0,324,4574905972397435795,gateway_calibration,sweep:anomaly_pair:shared_scenarios,828.110478236049,141,873.6527337431316,,,shared_all_anomaly_strengths,diffusion_coeff,6000.0
EIR,0,325,7539986577246166921,gateway_calibration,sweep:anomaly_pair:shared_scenarios,687.5272654732772,114,873.6527337431316,,,shared_all_anomaly_strengths,diffusion_coeff,6000.0
EIR,0,326,8057266659081106092,gateway_calibration,sweep:anomaly_pair:shared_scenarios,912.7781554728305,124,873.6527337431316,,,shared_all_anomaly_strengths,diffusion_coeff,6000.0
EIR,0,327,7592041352101782096,gateway_calibration,sweep:anomaly_pair:shared_scenarios,738.9015171596812,111,873.6527337431316,,,shared_all_anomaly_strengths,diffusion_coeff,6000.0
EIR,0,328,7157190776130753350,gateway_calibration,sweep:anomaly_pair:shared_scenarios,581.5008652912009,112,873.6527337431316,,,shared_all_anomaly_strengths,diffusion_coeff,6000.0
EIR,0,329,3536119658432613956,gateway_calibration,sweep:anomaly_pair:shared_scenarios,816.8491935047952,121,873.6527337431316,,,shared_all_anomaly_strengths,diffusion_coeff,6000.0
EIR,0,330,3387957629084434680,gateway_calibration,sweep:anomaly_pair:shared_scenarios,654.3458883315177,125,873.6527337431316,,,shared_all_anomaly_strengths,diffusion_coeff,6000.0
EIR,0,331,7014301768858485691,gateway_calibration,sweep:anomaly_pair:shared_scenarios,783.9222487230277,123,873.6527337431316,,,shared_all_anomaly_strengths,diffusion_coeff,6000.0
EIR,0,332,7509048679395089766,gateway_calibration,sweep:anomaly_pair:shared_scenarios,621.7097626052409,117,873.6527337431316,,,shared_all_anomaly_strengths,diffusion_coeff,6000.0
EIR,0,333,8077057740997865815,gateway_calibration,sweep:anomaly_pair:shared_scenarios,620.0520443588523,107,873.6527337431316,,,shared_all_anomaly_strengths,diffusion_coeff,6000.0
EIR,0,334,4792265241973382002,gateway_calibration,sweep:anomaly_pair:shared_scenarios,638.1293660680744,121,873.6527337431316,,,shared_all_anomaly_strengths,diffusion_coeff,6000.0
EIR,0,335,4631816253128208771,gateway_calibration,sweep:anomaly_pair:shared_scenarios,613.4546185148697,116,873.6527337431316,,,shared_all_anomaly_strengths,diffusion_coeff,6000.0
EIR,0,336,1353780890302308168,gateway_calibration,sweep:anomaly_pair:shared_scenarios,679.8118106837951,120,873.6527337431316,,,shared_all_anomaly_strengths,diffusion_coeff,6000.0
EIR,0,337,301188514516452582,gateway_calibration,sweep:anomaly_pair:shared_scenarios,829.7415326178148,132,873.6527337431316,,,shared_all_anomaly_strengths,diffusion_coeff,6000.0
EIR,0,338,848291969102783726,gateway_calibration,sweep:anomaly_pair:shared_scenarios,767.3742288060001,135,873.6527337431316,,,shared_all_anomaly_strengths,diffusion_coeff,6000.0
EIR,0,339,3301607682890482163,gateway_calibration,sweep:anomaly_pair:shared_scenarios,808.4351306157032,128,873.6527337431316,,,shared_all_anomaly_strengths,diffusion_coeff,6000.0
EIR,0,340,3382309239349475861,gateway_calibration,sweep:anomaly_pair:shared_scenarios,572.9962867273783,114,873.6527337431316,,,shared_all_anomaly_strengths,diffusion_coeff,6000.0
EIR,0,341,3511804255243715536,gateway_calibration,sweep:anomaly_pair:shared_scenarios,746.7788265825983,118,873.6527337431316,,,shared_all_anomaly_strengths,diffusion_coeff,6000.0
EIR,0,342,7172406527062268769,gateway_calibration,sweep:anomaly_pair:shared_scenarios,733.8731542993636,136,873.6527337431316,,,shared_all_anomaly_strengths,diffusion_coeff,6000.0
EIR,0,343,8148651635281023479,gateway_calibration,sweep:anomaly_pair:shared_scenarios,666.1830012547812,131,873.6527337431316,,,shared_all_anomaly_strengths,diffusion_coeff,6000.0
EIR,0,344,4543894699244939752,gateway_calibration,sweep:anomaly_pair:shared_scenarios,710.873817858839,102,873.6527337431316,,,shared_all_anomaly_strengths,diffusion_coeff,6000.0
EIR,0,345,6891358735647678813,gateway_calibration,sweep:anomaly_pair:shared_scenarios,711.0607255540442,125,873.6527337431316,,,shared_all_anomaly_strengths,diffusion_coeff,6000.0
EIR,0,346,1563481499315660104,gateway_calibration,sweep:anomaly_pair:shared_scenarios,601.0578661708897,119,873.6527337431316,,,shared_all_anomaly_strengths,diffusion_coeff,6000.0
EIR,0,347,2629125604810830811,gateway_calibration,sweep:anomaly_pair:shared_scenarios,650.3124542528276,118,873.6527337431316,,,shared_all_anomaly_strengths,diffusion_coeff,6000.0
EIR,0,348,3894426847858961166,gateway_calibration,sweep:anomaly_pair:shared_scenarios,754.1199968978303,122,873.6527337431316,,,shared_all_anomaly_strengths,diffusion_coeff,6000.0
EIR,0,349,4282787653601296890,gateway_calibration,sweep:anomaly_pair:shared_scenarios,746.4741191388275,127,873.6527337431316,,,shared_all_anomaly_strengths,diffusion_coeff,6000.0
EIR,0,350,7842601743270043461,gateway_calibration,sweep:anomaly_pair:shared_scenarios,628.0472749210272,114,873.6527337431316,,,shared_all_anomaly_strengths,diffusion_coeff,6000.0
EIR,0,351,7700102950595571335,gateway_calibration,sweep:anomaly_pair:shared_scenarios,695.2041241311929,123,873.6527337431316,,,shared_all_anomaly_strengths,diffusion_coeff,6000.0
EIR,0,352,2808087562537772166,gateway_calibration,sweep:anomaly_pair:shared_scenarios,719.788602974177,128,873.6527337431316,,,shared_all_anomaly_strengths,diffusion_coeff,6000.0
EIR,0,353,6304865133883968004,gateway_calibration,sweep:anomaly_pair:shared_scenarios,861.2719661029827,123,873.6527337431316,,,shared_all_anomaly_strengths,diffusion_coeff,6000.0
EIR,0,354,3342415063500426256,gateway_calibration,sweep:anomaly_pair:shared_scenarios,1039.9064176726326,134,873.6527337431316,,,shared_all_anomaly_strengths,diffusion_coeff,6000.0
EIR,0,355,8959621061715784363,gateway_calibration,sweep:anomaly_pair:shared_scenarios,686.061320458933,115,873.6527337431316,,,shared_all_anomaly_strengths,diffusion_coeff,6000.0
EIR,0,356,1186687812096718750,gateway_calibration,sweep:anomaly_pair:shared_scenarios,732.3504717093092,129,873.6527337431316,,,shared_all_anomaly_strengths,diffusion_coeff,6000.0
EIR,0,357,8329058846985055289,gateway_calibration,sweep:anomaly_pair:shared_scenarios,780.7778185527999,107,873.6527337431316,,,shared_all_anomaly_strengths,diffusion_coeff,6000.0
EIR,0,358,275625437843561760,gateway_calibration,sweep:anomaly_pair:shared_scenarios,570.2191892746872,108,873.6527337431316,,,shared_all_anomaly_strengths,diffusion_coeff,6000.0
EIR,0,359,527484844984551272,gateway_calibration,sweep:anomaly_pair:shared_scenarios,736.6054428840652,121,873.6527337431316,,,shared_all_anomaly_strengths,diffusion_coeff,6000.0
EIR,0,360,6499704723849040690,gateway_calibration,sweep:anomaly_pair:shared_scenarios,749.8342924574681,115,873.6527337431316,,,shared_all_anomaly_strengths,diffusion_coeff,6000.0
EIR,0,361,3392988020843846596,gateway_calibration,sweep:anomaly_pair:shared_scenarios,531.3839335144061,103,873.6527337431316,,,shared_all_anomaly_strengths,diffusion_coeff,6000.0
EIR,0,362,6082838417800885541,gateway_calibration,sweep:anomaly_pair:shared_scenarios,792.7526587841558,121,873.6527337431316,,,shared_all_anomaly_strengths,diffusion_coeff,6000.0
EIR,0,363,9161439992453118853,gateway_calibration,sweep:anomaly_pair:shared_scenarios,807.0281680838622,145,873.6527337431316,,,shared_all_anomaly_strengths,diffusion_coeff,6000.0
EIR,0,364,1104199357173535709,gateway_calibration,sweep:anomaly_pair:shared_scenarios,861.9210520399718,139,873.6527337431316,,,shared_all_anomaly_strengths,diffusion_coeff,6000.0
EIR,0,365,3968092569436272899,gateway_calibration,sweep:anomaly_pair:shared_scenarios,770.1013073427844,134,873.6527337431316,,,shared_all_anomaly_strengths,diffusion_coeff,6000.0
EIR,0,366,88510700048790040,gateway_calibration,sweep:anomaly_pair:shared_scenarios,709.1749521625476,140,873.6527337431316,,,shared_all_anomaly_strengths,diffusion_coeff,6000.0
EIR,0,367,3708546901166186520,gateway_calibration,sweep:anomaly_pair:shared_scenarios,763.4575333980586,125,873.6527337431316,,,shared_all_anomaly_strengths,diffusion_coeff,6000.0
EIR,0,368,6013111248236961738,gateway_calibration,sweep:anomaly_pair:shared_scenarios,740.1970804874568,123,873.6527337431316,,,shared_all_anomaly_strengths,diffusion_coeff,6000.0
EIR,0,369,2114847280044500927,gateway_calibration,sweep:anomaly_pair:shared_scenarios,762.59471883348,133,873.6527337431316,,,shared_all_anomaly_strengths,diffusion_coeff,6000.0
EIR,0,370,7087323381771673869,gateway_calibration,sweep:anomaly_pair:shared_scenarios,752.6475226425734,118,873.6527337431316,,,shared_all_anomaly_strengths,diffusion_coeff,6000.0
EIR,0,371,5657654365128844730,gateway_calibration,sweep:anomaly_pair:shared_scenarios,699.1741450551976,129,873.6527337431316,,,shared_all_anomaly_strengths,diffusion_coeff,6000.0
EIR,0,372,2027870051160191704,gateway_calibration,sweep:anomaly_pair:shared_scenarios,634.4336363608321,107,873.6527337431316,,,shared_all_anomaly_strengths,diffusion_coeff,6000.0
EIR,0,373,7848999889242844692,gateway_calibration,sweep:anomaly_pair:shared_scenarios,781.1193029534505,151,873.6527337431316,,,shared_all_anomaly_strengths,diffusion_coeff,6000.0
EIR,0,374,333687295804109698,gateway_calibration,sweep:anomaly_pair:shared_scenarios,636.3727012406239,113,873.6527337431316,,,shared_all_anomaly_strengths,diffusion_coeff,6000.0
EIR,0,375,3858544135291456003,gateway_calibration,sweep:anomaly_pair:shared_scenarios,785.0029679992579,118,873.6527337431316,,,shared_all_anomaly_strengths,diffusion_coeff,6000.0
EIR,0,376,5954054979897712788,gateway_calibration,sweep:anomaly_pair:shared_scenarios,862.8777434144528,149,873.6527337431316,,,shared_all_anomaly_strengths,diffusion_coeff,6000.0
EIR,0,377,1335844326469534536,gateway_calibration,sweep:anomaly_pair:shared_scenarios,769.5585663294202,133,873.6527337431316,,,shared_all_anomaly_strengths,diffusion_coeff,6000.0
EIR,0,378,7763485567302934545,gateway_calibration,sweep:anomaly_pair:shared_scenarios,772.1374828641716,130,873.6527337431316,,,shared_all_anomaly_strengths,diffusion_coeff,6000.0
EIR,0,379,2085077819561017134,gateway_calibration,sweep:anomaly_pair:shared_scenarios,736.7640600650093,112,873.6527337431316,,,shared_all_anomaly_strengths,diffusion_coeff,6000.0
EIR,0,380,2522980069351540246,gateway_calibration,sweep:anomaly_pair:shared_scenarios,689.5855770299106,118,873.6527337431316,,,shared_all_anomaly_strengths,diffusion_coeff,6000.0
EIR,0,381,4975283561804637613,gateway_calibration,sweep:anomaly_pair:shared_scenarios,650.1124497780797,126,873.6527337431316,,,shared_all_anomaly_strengths,diffusion_coeff,6000.0
EIR,0,382,1302504027955615947,gateway_calibration,sweep:anomaly_pair:shared_scenarios,752.5622180587857,117,873.6527337431316,,,shared_all_anomaly_strengths,diffusion_coeff,6000.0
EIR,0,383,8927732358631061418,gateway_calibration,sweep:anomaly_pair:shared_scenarios,737.5618970628104,131,873.6527337431316,,,shared_all_anomaly_strengths,diffusion_coeff,6000.0
EIR,0,384,7102871842583592410,gateway_calibration,sweep:anomaly_pair:shared_scenarios,768.4161243954945,125,873.6527337431316,,,shared_all_anomaly_strengths,diffusion_coeff,6000.0
EIR,0,385,8751812685682384577,gateway_calibration,sweep:anomaly_pair:shared_scenarios,753.9672051926395,135,873.6527337431316,,,shared_all_anomaly_strengths,diffusion_coeff,6000.0
EIR,0,386,2867292286665412959,gateway_calibration,sweep:anomaly_pair:shared_scenarios,646.3605360807751,111,873.6527337431316,,,shared_all_anomaly_strengths,diffusion_coeff,6000.0
EIR,0,387,2624927968075345649,gateway_calibration,sweep:anomaly_pair:shared_scenarios,835.4732239060245,134,873.6527337431316,,,shared_all_anomaly_strengths,diffusion_coeff,6000.0
EIR,0,388,2537836582560678006,gateway_calibration,sweep:anomaly_pair:shared_scenarios,769.6527675210829,127,873.6527337431316,,,shared_all_anomaly_strengths,diffusion_coeff,6000.0
EIR,0,389,2800143550304458978,gateway_calibration,sweep:anomaly_pair:shared_scenarios,704.079777404737,124,873.6527337431316,,,shared_all_anomaly_strengths,diffusion_coeff,6000.0
EIR,0,390,5542491175477138315,gateway_calibration,sweep:anomaly_pair:shared_scenarios,773.726137134508,125,873.6527337431316,,,shared_all_anomaly_strengths,diffusion_coeff,6000.0
EIR,0,391,920575682054079790,gateway_calibration,sweep:anomaly_pair:shared_scenarios,751.9904009523073,122,873.6527337431316,,,shared_all_anomaly_strengths,diffusion_coeff,6000.0
EIR,0,392,7832892230890482956,gateway_calibration,sweep:anomaly_pair:shared_scenarios,779.8499061594863,130,873.6527337431316,,,shared_all_anomaly_strengths,diffusion_coeff,6000.0
EIR,0,393,757741762273162161,gateway_calibration,sweep:anomaly_pair:shared_scenarios,642.4731190933385,98,873.6527337431316,,,shared_all_anomaly_strengths,diffusion_coeff,6000.0
EIR,0,394,2545938917521492744,gateway_calibration,sweep:anomaly_pair:shared_scenarios,765.5303975221439,129,873.6527337431316,,,shared_all_anomaly_strengths,diffusion_coeff,6000.0
EIR,0,395,8023561360387127259,gateway_calibration,sweep:anomaly_pair:shared_scenarios,760.5868615040272,120,873.6527337431316,,,shared_all_anomaly_strengths,diffusion_coeff,6000.0
EIR,0,396,7027188297947467006,gateway_calibration,sweep:anomaly_pair:shared_scenarios,855.3914257221197,129,873.6527337431316,,,shared_all_anomaly_strengths,diffusion_coeff,6000.0
EIR,0,397,7878834433110996755,gateway_calibration,sweep:anomaly_pair:shared_scenarios,814.1484109047586,114,873.6527337431316,,,shared_all_anomaly_strengths,diffusion_coeff,6000.0
EIR,0,398,4744550561105664732,gateway_calibration,sweep:anomaly_pair:shared_scenarios,783.5573800610214,139,873.6527337431316,,,shared_all_anomaly_strengths,diffusion_coeff,6000.0
EIR,0,399,5344886015201979308,gateway_calibration,sweep:anomaly_pair:shared_scenarios,869.1707053136005,137,873.6527337431316,,,shared_all_anomaly_strengths,diffusion_coeff,6000.0
EIR,0,400,5149434508763057584,gateway_calibration,sweep:anomaly_pair:shared_scenarios,598.484063130817,114,873.6527337431316,,,shared_all_anomaly_strengths,diffusion_coeff,6000.0
EIR,0,401,5599666805503637415,gateway_calibration,sweep:anomaly_pair:shared_scenarios,608.2818519765867,107,873.6527337431316,,,shared_all_anomaly_strengths,diffusion_coeff,6000.0
EIR,0,402,2625638571049592825,gateway_calibration,sweep:anomaly_pair:shared_scenarios,776.0117214127247,126,873.6527337431316,,,shared_all_anomaly_strengths,diffusion_coeff,6000.0
EIR,0,403,6629408355495065749,gateway_calibration,sweep:anomaly_pair:shared_scenarios,585.6874934910994,104,873.6527337431316,,,shared_all_anomaly_strengths,diffusion_coeff,6000.0
EIR,0,404,3150249386986199613,gateway_calibration,sweep:anomaly_pair:shared_scenarios,721.3197684623402,112,873.6527337431316,,,shared_all_anomaly_strengths,diffusion_coeff,6000.0
EIR,0,405,4117381947987728137,gateway_calibration,sweep:anomaly_pair:shared_scenarios,777.8964611516665,150,873.6527337431316,,,shared_all_anomaly_strengths,diffusion_coeff,6000.0
EIR,0,406,7366258876741991286,gateway_calibration,sweep:anomaly_pair:shared_scenarios,702.1056954431939,136,873.6527337431316,,,shared_all_anomaly_strengths,diffusion_coeff,6000.0
EIR,0,407,3058169725806449045,gateway_calibration,sweep:anomaly_pair:shared_scenarios,742.454957086793,122,873.6527337431316,,,shared_all_anomaly_strengths,diffusion_coeff,6000.0
EIR,0,408,2978841122516248054,gateway_calibration,sweep:anomaly_pair:shared_scenarios,711.8782972308625,116,873.6527337431316,,,shared_all_anomaly_strengths,diffusion_coeff,6000.0
EIR,0,409,2599485624261039583,gateway_calibration,sweep:anomaly_pair:shared_scenarios,789.1113320348022,107,873.6527337431316,,,shared_all_anomaly_strengths,diffusion_coeff,6000.0
EIR,0,410,458882496312945663,gateway_calibration,sweep:anomaly_pair:shared_scenarios,770.1279177287424,136,873.6527337431316,,,shared_all_anomaly_strengths,diffusion_coeff,6000.0
EIR,0,411,4000618753593853165,gateway_calibration,sweep:anomaly_pair:shared_scenarios,556.1833083958784,106,873.6527337431316,,,shared_all_anomaly_strengths,diffusion_coeff,6000.0
EIR,0,412,8339539677611557861,gateway_calibration,sweep:anomaly_pair:shared_scenarios,762.6861189025076,122,873.6527337431316,,,shared_all_anomaly_strengths,diffusion_coeff,6000.0
EIR,0,413,2580185991513178045,gateway_calibration,sweep:anomaly_pair:shared_scenarios,771.6725762634259,125,873.6527337431316,,,shared_all_anomaly_strengths,diffusion_coeff,6000.0
EIR,0,414,3076826962419443480,gateway_calibration,sweep:anomaly_pair:shared_scenarios,810.5541883333631,129,873.6527337431316,,,shared_all_anomaly_strengths,diffusion_coeff,6000.0
EIR,0,415,6827605468891931010,gateway_calibration,sweep:anomaly_pair:shared_scenarios,642.3974856090696,112,873.6527337431316,,,shared_all_anomaly_strengths,diffusion_coeff,6000.0
EIR,0,416,3218560465134718098,gateway_calibration,sweep:anomaly_pair:shared_scenarios,871.5035002731412,113,873.6527337431316,,,shared_all_anomaly_strengths,diffusion_coeff,6000.0
EIR,0,417,3922954233183090676,gateway_calibration,sweep:anomaly_pair:shared_scenarios,799.3113330232585,123,873.6527337431316,,,shared_all_anomaly_strengths,diffusion_coeff,6000.0
EIR,0,418,1460299898534465968,gateway_calibration,sweep:anomaly_pair:shared_scenarios,744.4825380022719,111,873.6527337431316,,,shared_all_anomaly_strengths,diffusion_coeff,6000.0
EIR,0,419,8305113000185527425,gateway_calibration,sweep:anomaly_pair:shared_scenarios,633.7074201898503,109,873.6527337431316,,,shared_all_anomaly_strengths,diffusion_coeff,6000.0
EIR,0,420,666906365206469240,gateway_calibration,sweep:anomaly_pair:shared_scenarios,797.0947531779742,128,873.6527337431316,,,shared_all_anomaly_strengths,diffusion_coeff,6000.0
EIR,0,421,4902312007981976155,gateway_calibration,sweep:anomaly_pair:shared_scenarios,661.4029848874555,113,873.6527337431316,,,shared_all_anomaly_strengths,diffusion_coeff,6000.0
EIR,0,422,213388171490915124,gateway_calibration,sweep:anomaly_pair:shared_scenarios,762.4118114052383,120,873.6527337431316,,,shared_all_anomaly_strengths,diffusion_coeff,6000.0
EIR,0,423,3426814509533468634,gateway_calibration,sweep:anomaly_pair:shared_scenarios,510.0485803839362,100,873.6527337431316,,,shared_all_anomaly_strengths,diffusion_coeff,6000.0
EIR,0,424,3022645040617138448,gateway_calibration,sweep:anomaly_pair:shared_scenarios,887.5220386813209,130,873.6527337431316,,,shared_all_anomaly_strengths,diffusion_coeff,6000.0
EIR,0,425,5527100482172181234,gateway_calibration,sweep:anomaly_pair:shared_scenarios,656.8637137594117,115,873.6527337431316,,,shared_all_anomaly_strengths,diffusion_coeff,6000.0
EIR,0,426,1012614697466316415,gateway_calibration,sweep:anomaly_pair:shared_scenarios,784.3718984605929,132,873.6527337431316,,,shared_all_anomaly_strengths,diffusion_coeff,6000.0
EIR,0,427,6258153257279431865,gateway_calibration,sweep:anomaly_pair:shared_scenarios,800.9093096545199,130,873.6527337431316,,,shared_all_anomaly_strengths,diffusion_coeff,6000.0
EIR,0,428,3494724231981409682,gateway_calibration,sweep:anomaly_pair:shared_scenarios,748.4742378283272,118,873.6527337431316,,,shared_all_anomaly_strengths,diffusion_coeff,6000.0
EIR,0,429,9138299470163467240,gateway_calibration,sweep:anomaly_pair:shared_scenarios,793.5806862956988,108,873.6527337431316,,,shared_all_anomaly_strengths,diffusion_coeff,6000.0
EIR,0,430,6891783168053645325,gateway_calibration,sweep:anomaly_pair:shared_scenarios,659.2048616360437,122,873.6527337431316,,,shared_all_anomaly_strengths,diffusion_coeff,6000.0
EIR,0,431,6869361412516472794,gateway_calibration,sweep:anomaly_pair:shared_scenarios,649.8345547469911,127,873.6527337431316,,,shared_all_anomaly_strengths,diffusion_coeff,6000.0
EIR,0,432,2541163241042689952,gateway_calibration,sweep:anomaly_pair:shared_scenarios,680.2583565855431,128,873.6527337431316,,,shared_all_anomaly_strengths,diffusion_coeff,6000.0
EIR,0,433,8254769182462207207,gateway_calibration,sweep:anomaly_pair:shared_scenarios,755.5808412208183,110,873.6527337431316,,,shared_all_anomaly_strengths,diffusion_coeff,6000.0
EIR,0,434,4013505716720903184,gateway_calibration,sweep:anomaly_pair:shared_scenarios,737.5044977270685,108,873.6527337431316,,,shared_all_anomaly_strengths,diffusion_coeff,6000.0
EIR,0,435,5806127130564233059,gateway_calibration,sweep:anomaly_pair:shared_scenarios,751.5764755728559,123,873.6527337431316,,,shared_all_anomaly_strengths,diffusion_coeff,6000.0
EIR,0,436,8292276808083054766,gateway_calibration,sweep:anomaly_pair:shared_scenarios,771.0146705570586,134,873.6527337431316,,,shared_all_anomaly_strengths,diffusion_coeff,6000.0
EIR,0,437,411766100713001608,gateway_calibration,sweep:anomaly_pair:shared_scenarios,707.2114797633923,124,873.6527337431316,,,shared_all_anomaly_strengths,diffusion_coeff,6000.0
EIR,0,438,3930968551179869439,gateway_calibration,sweep:anomaly_pair:shared_scenarios,718.7258022752538,116,873.6527337431316,,,shared_all_anomaly_strengths,diffusion_coeff,6000.0
EIR,0,439,3763632109674308185,gateway_calibration,sweep:anomaly_pair:shared_scenarios,720.9509719066319,121,873.6527337431316,,,shared_all_anomaly_strengths,diffusion_coeff,6000.0
EIR,0,440,5278015637357484618,gateway_calibration,sweep:anomaly_pair:shared_scenarios,699.0994188552854,120,873.6527337431316,,,shared_all_anomaly_strengths,diffusion_coeff,6000.0
EIR,0,441,5470421236833479721,gateway_calibration,sweep:anomaly_pair:shared_scenarios,733.0388346912223,113,873.6527337431316,,,shared_all_anomaly_strengths,diffusion_coeff,6000.0
EIR,0,442,4152824066035952546,gateway_calibration,sweep:anomaly_pair:shared_scenarios,696.7814013493445,116,873.6527337431316,,,shared_all_anomaly_strengths,diffusion_coeff,6000.0
EIR,0,443,8782078971988136695,gateway_calibration,sweep:anomaly_pair:shared_scenarios,752.2543754259668,119,873.6527337431316,,,shared_all_anomaly_strengths,diffusion_coeff,6000.0
EIR,0,444,8949691134399507769,gateway_calibration,sweep:anomaly_pair:shared_scenarios,838.261071098702,127,873.6527337431316,,,shared_all_anomaly_strengths,diffusion_coeff,6000.0
EIR,0,445,1243237072583537200,gateway_calibration,sweep:anomaly_pair:shared_scenarios,688.5607893674048,108,873.6527337431316,,,shared_all_anomaly_strengths,diffusion_coeff,6000.0
EIR,0,446,6083371766119392307,gateway_calibration,sweep:anomaly_pair:shared_scenarios,647.5633660917343,101,873.6527337431316,,,shared_all_anomaly_strengths,diffusion_coeff,6000.0
EIR,0,447,7648441755753076920,gateway_calibration,sweep:anomaly_pair:shared_scenarios,765.31029664074,122,873.6527337431316,,,shared_all_anomaly_strengths,diffusion_coeff,6000.0
EIR,0,448,955005731795147001,gateway_calibration,sweep:anomaly_pair:shared_scenarios,804.3981559058459,121,873.6527337431316,,,shared_all_anomaly_strengths,diffusion_coeff,6000.0
EIR,0,449,45305231348623693,gateway_calibration,sweep:anomaly_pair:shared_scenarios,743.4169238826883,133,873.6527337431316,,,shared_all_anomaly_strengths,diffusion_coeff,6000.0
EIR,0,450,2115602869220638789,gateway_calibration,sweep:anomaly_pair:shared_scenarios,772.1271039004996,125,873.6527337431316,,,shared_all_anomaly_strengths,diffusion_coeff,6000.0
EIR,0,451,5676793455979563788,gateway_calibration,sweep:anomaly_pair:shared_scenarios,734.5711621410825,111,873.6527337431316,,,shared_all_anomaly_strengths,diffusion_coeff,6000.0
EIR,0,452,6366447883379022413,gateway_calibration,sweep:anomaly_pair:shared_scenarios,780.2908095344939,132,873.6527337431316,,,shared_all_anomaly_strengths,diffusion_coeff,6000.0
EIR,0,453,4225207655377417674,gateway_calibration,sweep:anomaly_pair:shared_scenarios,746.8327358567122,131,873.6527337431316,,,shared_all_anomaly_strengths,diffusion_coeff,6000.0
EIR,0,454,7327466488411297350,gateway_calibration,sweep:anomaly_pair:shared_scenarios,675.486727746362,118,873.6527337431316,,,shared_all_anomaly_strengths,diffusion_coeff,6000.0
EIR,0,455,5345767761096099882,gateway_calibration,sweep:anomaly_pair:shared_scenarios,625.5375843034719,87,873.6527337431316,,,shared_all_anomaly_strengths,diffusion_coeff,6000.0
EIR,0,456,2133102790808814152,gateway_calibration,sweep:anomaly_pair:shared_scenarios,755.3577872002203,125,873.6527337431316,,,shared_all_anomaly_strengths,diffusion_coeff,6000.0
EIR,0,457,6037868011932965840,gateway_calibration,sweep:anomaly_pair:shared_scenarios,696.382448433363,131,873.6527337431316,,,shared_all_anomaly_strengths,diffusion_coeff,6000.0
EIR,0,458,4340644108282100646,gateway_calibration,sweep:anomaly_pair:shared_scenarios,893.3978560473452,147,873.6527337431316,,,shared_all_anomaly_strengths,diffusion_coeff,6000.0
EIR,0,459,949751417938216244,gateway_calibration,sweep:anomaly_pair:shared_scenarios,759.182197272833,120,873.6527337431316,,,shared_all_anomaly_strengths,diffusion_coeff,6000.0
EIR,0,460,7054426845112713226,gateway_calibration,sweep:anomaly_pair:shared_scenarios,800.013113578298,132,873.6527337431316,,,shared_all_anomaly_strengths,diffusion_coeff,6000.0
EIR,0,461,2331330513053472942,gateway_calibration,sweep:anomaly_pair:shared_scenarios,734.5688517461701,125,873.6527337431316,,,shared_all_anomaly_strengths,diffusion_coeff,6000.0
EIR,0,462,2243847955329417019,gateway_calibration,sweep:anomaly_pair:shared_scenarios,571.1182579735591,121,873.6527337431316,,,shared_all_anomaly_strengths,diffusion_coeff,6000.0
EIR,0,463,1493485923527818258,gateway_calibration,sweep:anomaly_pair:shared_scenarios,638.615441103273,131,873.6527337431316,,,shared_all_anomaly_strengths,diffusion_coeff,6000.0
EIR,0,464,2216699455221061669,gateway_calibration,sweep:anomaly_pair:shared_scenarios,823.1825283525751,132,873.6527337431316,,,shared_all_anomaly_strengths,diffusion_coeff,6000.0
EIR,0,465,6883161541620008480,gateway_calibration,sweep:anomaly_pair:shared_scenarios,786.7735297676192,123,873.6527337431316,,,shared_all_anomaly_strengths,diffusion_coeff,6000.0
EIR,0,466,1985404953787314291,gateway_calibration,sweep:anomaly_pair:shared_scenarios,758.435855845525,119,873.6527337431316,,,shared_all_anomaly_strengths,diffusion_coeff,6000.0
EIR,0,467,1384036578423497838,gateway_calibration,sweep:anomaly_pair:shared_scenarios,727.3827346214804,123,873.6527337431316,,,shared_all_anomaly_strengths,diffusion_coeff,6000.0
EIR,0,468,4722935997294481070,gateway_calibration,sweep:anomaly_pair:shared_scenarios,625.5010522131046,114,873.6527337431316,,,shared_all_anomaly_strengths,diffusion_coeff,6000.0
EIR,0,469,528191954664659622,gateway_calibration,sweep:anomaly_pair:shared_scenarios,581.4229467076121,111,873.6527337431316,,,shared_all_anomaly_strengths,diffusion_coeff,6000.0
EIR,0,470,1633712328529169800,gateway_calibration,sweep:anomaly_pair:shared_scenarios,800.3840843162639,144,873.6527337431316,,,shared_all_anomaly_strengths,diffusion_coeff,6000.0
EIR,0,471,6633907339390607815,gateway_calibration,sweep:anomaly_pair:shared_scenarios,715.0607473675857,108,873.6527337431316,,,shared_all_anomaly_strengths,diffusion_coeff,6000.0
EIR,0,472,7110316941102820115,gateway_calibration,sweep:anomaly_pair:shared_scenarios,784.00483008142,123,873.6527337431316,,,shared_all_anomaly_strengths,diffusion_coeff,6000.0
EIR,0,473,648151194668048025,gateway_calibration,sweep:anomaly_pair:shared_scenarios,705.98965079416,113,873.6527337431316,,,shared_all_anomaly_strengths,diffusion_coeff,6000.0
EIR,0,474,2324647907345855690,gateway_calibration,sweep:anomaly_pair:shared_scenarios,846.6974584749693,133,873.6527337431316,,,shared_all_anomaly_strengths,diffusion_coeff,6000.0
EIR,0,475,944763265997848402,gateway_calibration,sweep:anomaly_pair:shared_scenarios,662.3769555208453,110,873.6527337431316,,,shared_all_anomaly_strengths,diffusion_coeff,6000.0
EIR,0,476,7563131271191532633,gateway_calibration,sweep:anomaly_pair:shared_scenarios,758.9317404148574,154,873.6527337431316,,,shared_all_anomaly_strengths,diffusion_coeff,6000.0
EIR,0,477,2509031892675661094,gateway_calibration,sweep:anomaly_pair:shared_scenarios,633.4664892079079,116,873.6527337431316,,,shared_all_anomaly_strengths,diffusion_coeff,6000.0
EIR,0,478,6203947427023563777,gateway_calibration,sweep:anomaly_pair:shared_scenarios,691.4235400777832,112,873.6527337431316,,,shared_all_anomaly_strengths,diffusion_coeff,6000.0
EIR,0,479,6280194980310007953,gateway_calibration,sweep:anomaly_pair:shared_scenarios,764.4856862043526,126,873.6527337431316,,,shared_all_anomaly_strengths,diffusion_coeff,6000.0
EIR,0,480,6714940429764513866,gateway_calibration,sweep:anomaly_pair:shared_scenarios,726.5574496838263,122,873.6527337431316,,,shared_all_anomaly_strengths,diffusion_coeff,6000.0
EIR,0,481,1585407397185217282,gateway_calibration,sweep:anomaly_pair:shared_scenarios,776.5399320081913,138,873.6527337431316,,,shared_all_anomaly_strengths,diffusion_coeff,6000.0
EIR,0,482,6706063428171325988,gateway_calibration,sweep:anomaly_pair:shared_scenarios,671.3423969755088,109,873.6527337431316,,,shared_all_anomaly_strengths,diffusion_coeff,6000.0
EIR,0,483,2723086856808871853,gateway_calibration,sweep:anomaly_pair:shared_scenarios,669.5106541794562,113,873.6527337431316,,,shared_all_anomaly_strengths,diffusion_coeff,6000.0
EIR,0,484,4346870091848339416,gateway_calibration,sweep:anomaly_pair:shared_scenarios,723.9740863937349,130,873.6527337431316,,,shared_all_anomaly_strengths,diffusion_coeff,6000.0
EIR,0,485,7287133659789628915,gateway_calibration,sweep:anomaly_pair:shared_scenarios,875.2055064263956,134,873.6527337431316,,,shared_all_anomaly_strengths,diffusion_coeff,6000.0
EIR,0,486,2494165871751805290,gateway_calibration,sweep:anomaly_pair:shared_scenarios,814.7548825485451,132,873.6527337431316,,,shared_all_anomaly_strengths,diffusion_coeff,6000.0
EIR,0,487,3661305971430326717,gateway_calibration,sweep:anomaly_pair:shared_scenarios,705.0134900665417,126,873.6527337431316,,,shared_all_anomaly_strengths,diffusion_coeff,6000.0
EIR,0,488,4108916358889597565,gateway_calibration,sweep:anomaly_pair:shared_scenarios,721.1763911976428,107,873.6527337431316,,,shared_all_anomaly_strengths,diffusion_coeff,6000.0
EIR,0,489,1534234753197727125,gateway_calibration,sweep:anomaly_pair:shared_scenarios,633.6747201818613,112,873.6527337431316,,,shared_all_anomaly_strengths,diffusion_coeff,6000.0
EIR,0,490,7992839432723694714,gateway_calibration,sweep:anomaly_pair:shared_scenarios,808.2947392812266,127,873.6527337431316,,,shared_all_anomaly_strengths,diffusion_coeff,6000.0
EIR,0,491,267602845997369720,gateway_calibration,sweep:anomaly_pair:shared_scenarios,724.6159570909593,115,873.6527337431316,,,shared_all_anomaly_strengths,diffusion_coeff,6000.0
EIR,0,492,8956605696040384406,gateway_calibration,sweep:anomaly_pair:shared_scenarios,786.3285247887256,114,873.6527337431316,,,shared_all_anomaly_strengths,diffusion_coeff,6000.0
EIR,0,493,5206171671982199970,gateway_calibration,sweep:anomaly_pair:shared_scenarios,667.9757449114675,121,873.6527337431316,,,shared_all_anomaly_strengths,diffusion_coeff,6000.0
EIR,0,494,3552257924642337236,gateway_calibration,sweep:anomaly_pair:shared_scenarios,701.3903433191248,127,873.6527337431316,,,shared_all_anomaly_strengths,diffusion_coeff,6000.0
EIR,0,495,4539722117532196426,gateway_calibration,sweep:anomaly_pair:shared_scenarios,807.6234871749109,141,873.6527337431316,,,shared_all_anomaly_strengths,diffusion_coeff,6000.0
EIR,0,496,4932179539160465299,gateway_calibration,sweep:anomaly_pair:shared_scenarios,718.408835550862,120,873.6527337431316,,,shared_all_anomaly_strengths,diffusion_coeff,6000.0
EIR,0,497,6745222888165061244,gateway_calibration,sweep:anomaly_pair:shared_scenarios,543.5382339209292,98,873.6527337431316,,,shared_all_anomaly_strengths,diffusion_coeff,6000.0
EIR,0,498,8037702420921553958,gateway_calibration,sweep:anomaly_pair:shared_scenarios,719.6774612599029,116,873.6527337431316,,,shared_all_anomaly_strengths,diffusion_coeff,6000.0
EIR,0,499,3026982929224465183,gateway_calibration,sweep:anomaly_pair:shared_scenarios,836.2228949991096,128,873.6527337431316,,,shared_all_anomaly_strengths,diffusion_coeff,6000.0
