strategy,n_H0,n_H1,n_detected_H1,P_D,P_pre_onset_alarm,P_FA,P_D_ci_low,P_D_ci_high,P_pre_onset_alarm_ci_low,P_pre_onset_alarm_ci_high,P_FA_ci_low,P_FA_ci_high,C_total_molecules_avg,C_total_molecules_avg_ci_low,C_total_molecules_avg_ci_high,C_H0_molecules_avg,C_H0_molecules_avg_ci_low,C_H0_molecules_avg_ci_high,C_H1_molecules_avg,C_H1_molecules_avg_ci_low,C_H1_molecules_avg_ci_high,R_H1_molecules_per_s,R_H1_molecules_per_s_ci_low,R_H1_molecules_per_s_ci_high,D_avg_after_onset,D_avg_after_onset_ci_low,D_avg_after_onset_ci_high,a1,a2,eir_gate_quantile,hysteresis_margin_eir,gate_hysteresis_margin,w2
RR,150,150,45,0.3,0.0,0.10666666666666667,0.23240829378731656,0.3775798039599141,0.0,0.0249702443680766,0.06673036965207343,0.16624622258414684,13228.333333333334,13056.267631831948,13400.39903483472,12752.666666666666,12591.953612562616,12913.379720770716,13704.0,13418.818456088598,13989.181543911402,61.03500485515302,58.04208321518348,64.02792649512256,206.84444444444443,191.6919272635613,221.99696162532757,0.03,0.012,0.84,0.02,0.01,0.75
TR,150,150,29,0.19333333333333333,0.0,0.06666666666666667,0.13811889170191843,0.2638628581771686,0.0,0.0249702443680766,0.03661185666960744,0.11836235511605896,12140.0,11981.710512520422,12298.289487479578,11654.0,11490.488627279221,11817.511372720779,12626.0,12377.718764860134,12874.281235139866,56.752194815777685,53.78172547857709,59.72266415297828,205.58620689655172,185.4281322346122,225.74428155849122,0.03,0.012,0.84,0.02,0.01,0.75
RR,150,150,111,0.74,0.0,0.10666666666666667,0.6644356718314847,0.8035786108718385,0.0,0.0249702443680766,0.06673036965207343,0.16624622258414684,13074.333333333334,12844.596889973496,13304.069776693172,12752.666666666666,12591.953612562616,12913.379720770716,13396.0,12970.958975690723,13821.041024309277,70.42949398686248,68.69923342002527,72.1597545536997,182.78378378378378,173.9155244793344,191.65204308823314,0.06,0.024,0.84,0.02,0.01,0.75
TR,150,150,73,0.4866666666666667,0.0,0.06666666666666667,0.40801711922387535,0.5659820872926068,0.0,0.0249702443680766,0.03661185666960744,0.11836235511605896,12451.0,12238.164864177203,12663.835135822797,11654.0,11490.488627279221,11817.511372720779,13248.0,12898.266049152555,13597.733950847445,61.75427426541575,60.029658247810715,63.47889028302079,198.86301369863014,187.60333805630242,210.12268934095786,0.06,0.024,0.84,0.02,0.01,0.75
RR,150,150,149,0.9933333333333333,0.0,0.10666666666666667,0.9632071602251817,0.9988221986649826,0.0,0.0249702443680766,0.06673036965207343,0.16624622258414684,12217.666666666666,12003.831160263815,12431.502173069517,12752.666666666666,12591.953612562616,12913.379720770716,11682.666666666666,11304.607282890895,12060.726050442438,85.5606475827994,83.54559054806799,87.57570461753082,140.73825503355704,134.25554386002486,147.22096620708922,0.1,0.04000000000000001,0.84,0.02,0.01,0.75
TR,150,150,140,0.9333333333333333,0.0,0.06666666666666667,0.8816376448839411,0.9633881433303926,0.0,0.0249702443680766,0.03661185666960744,0.11836235511605896,11794.666666666666,11563.72366176194,12025.609671571392,11654.0,11490.488627279221,11817.511372720779,11935.333333333334,11503.710428704364,12366.956237962304,71.63605147634561,70.11894591928868,73.15315703340255,167.34285714285716,159.22397399073108,175.46174029498323,0.1,0.04000000000000001,0.84,0.02,0.01,0.75
RR,150,150,150,1.0,0.0,0.10666666666666667,0.9750297556319235,1.0,0.0,0.0249702443680766,0.06673036965207343,0.16624622258414684,11644.333333333334,11442.508698060508,11846.15796860616,12752.666666666666,12591.953612562616,12913.379720770716,10536.0,10263.400629229554,10808.599370770446,110.52059685407706,107.9170430065965,113.12415070155761,98.04666666666667,94.15590303409174,101.9374302992416,0.15,0.06,0.84,0.02,0.01,0.75
TR,150,150,150,1.0,0.0,0.06666666666666667,0.9750297556319235,1.0,0.0,0.0249702443680766,0.03661185666960744,0.11836235511605896,10980.666666666666,10793.103671457204,11168.229661876128,11654.0,11490.488627279221,11817.511372720779,10307.333333333334,10005.54178076127,10609.124885905398,89.88929949882014,88.04393099552166,91.73466800211861,117.56,112.65224838960506,122.46775161039494,0.15,0.06,0.84,0.02,0.01,0.75
RR,150,150,150,1.0,0.0,0.10666666666666667,0.9750297556319235,1.0,0.0,0.0249702443680766,0.06673036965207343,0.16624622258414684,11469.333333333334,11270.1510793416,11668.515587325068,12752.666666666666,12591.953612562616,12913.379720770716,10186.0,9965.826451342164,10406.173548657836,137.24824484137972,134.18495046444235,140.31153921831708,75.64,73.31411005568067,77.96588994431933,0.2,0.08000000000000002,0.84,0.02,0.01,0.75
TR,150,150,150,1.0,0.0,0.06666666666666667,0.9750297556319235,1.0,0.0,0.0249702443680766,0.03661185666960744,0.11836235511605896,10586.666666666666,10399.215721974806,10774.117611358526,11654.0,11490.488627279221,11817.511372720779,9519.333333333334,9283.65075029572,9755.015916370949,110.84124330626432,108.53620635725514,113.1462802552735,87.78,84.56562751700827,90.99437248299174,0.2,0.08000000000000002,0.84,0.02,0.01,0.75
EIR,150,150,54,0.36,0.0,0.06666666666666667,0.28756583250443635,0.43942583591862505,0.0,0.0249702443680766,0.03661185666960744,0.11836235511605896,12974.0,12777.759337288036,13170.240662711964,12412.0,12228.964324574279,12595.035675425721,13536.0,13212.317252091514,13859.682747908486,62.05926234595204,60.52816014974857,63.59036454215551,199.33333333333334,186.45678397210105,212.20988269456564,0.03,0.012,0.84,0.02,0.01,0.75
EIR,150,150,128,0.8533333333333334,0.0,0.06666666666666667,0.7879153994391072,0.9011056278741189,0.0,0.0249702443680766,0.03661185666960744,0.11836235511605896,13079.666666666666,12842.61684410171,13316.716489231621,12412.0,12228.964324574279,12595.035675425721,13747.333333333334,13336.192365323443,14158.474301343225,70.9229577177077,69.71410321289589,72.13181222251951,190.4765625,182.98404372738966,197.96908127261034,0.06,0.024,0.84,0.02,0.01,0.75
EIR,150,150,150,1.0,0.0,0.06666666666666667,0.9750297556319235,1.0,0.0,0.0249702443680766,0.03661185666960744,0.11836235511605896,12518.333333333334,12314.716332772594,12721.950333894074,12412.0,12228.964324574279,12595.035675425721,12624.666666666666,12260.920920329152,12988.41241300418,89.33641737149262,87.68925363876731,90.98358110421792,144.11333333333334,138.5245874391058,149.7020792275609,0.1,0.04000000000000001,0.84,0.02,0.01,0.75
EIR,150,150,150,1.0,0.0,0.06666666666666667,0.9750297556319235,1.0,0.0,0.0249702443680766,0.03661185666960744,0.11836235511605896,12167.0,11994.251931001209,12339.748068998791,12412.0,12228.964324574279,12595.035675425721,11922.0,11633.606165413794,12210.393834586206,117.40336502216773,115.29143050533273,119.51529953900274,102.99333333333334,99.70095002900885,106.28571663765783,0.15,0.06,0.84,0.02,0.01,0.75
EIR,150,150,150,1.0,0.0,0.06666666666666667,0.9750297556319235,1.0,0.0,0.0249702443680766,0.03661185666960744,0.11836235511605896,12239.666666666666,12087.507855338325,12391.825477995008,12412.0,12228.964324574279,12595.035675425721,12067.333333333334,11826.73706990798,12307.929596758688,144.2343894180302,141.58749879999232,146.88128003606806,84.54666666666667,82.48235443638598,86.61097889694736,0.2,0.08000000000000002,0.84,0.02,0.01,0.75
RR,150,150,45,0.3,0.0,0.10666666666666667,0.23240829378731656,0.3775798039599141,0.0,0.0249702443680766,0.06673036965207343,0.16624622258414684,13228.333333333334,13056.267631831948,13400.39903483472,12752.666666666666,12591.953612562616,12913.379720770716,13704.0,13418.818456088598,13989.181543911402,61.03500485515302,58.04208321518348,64.02792649512256,206.84444444444443,191.6919272635613,221.99696162532757,0.03,0.012,0.84,0.02,0.01,0.9
TR,150,150,29,0.19333333333333333,0.0,0.06666666666666667,0.13811889170191843,0.2638628581771686,0.0,0.0249702443680766,0.03661185666960744,0.11836235511605896,12140.0,11981.710512520422,12298.289487479578,11654.0,11490.488627279221,11817.511372720779,12626.0,12377.718764860134,12874.281235139866,56.752194815777685,53.78172547857709,59.72266415297828,205.58620689655172,185.4281322346122,225.74428155849122,0.03,0.012,0.84,0.02,0.01,0.9
RR,150,150,111,0.74,0.0,0.10666666666666667,0.6644356718314847,0.8035786108718385,0.0,0.0249702443680766,0.06673036965207343,0.16624622258414684,13074.333333333334,12844.596889973496,13304.069776693172,12752.666666666666,12591.953612562616,12913.379720770716,13396.0,12970.958975690723,13821.041024309277,70.42949398686248,68.69923342002527,72.1597545536997,182.78378378378378,173.9155244793344,191.65204308823314,0.06,0.024,0.84,0.02,0.01,0.9
TR,150,150,73,0.4866666666666667,0.0,0.06666666666666667,0.40801711922387535,0.5659820872926068,0.0,0.0249702443680766,0.03661185666960744,0.11836235511605896,12451.0,12238.164864177203,12663.835135822797,11654.0,11490.488627279221,11817.511372720779,13248.0,12898.266049152555,13597.733950847445,61.75427426541575,60.029658247810715,63.47889028302079,198.86301369863014,187.60333805630242,210.12268934095786,0.06,0.024,0.84,0.02,0.01,0.9
RR,150,150,149,0.9933333333333333,0.0,0.10666666666666667,0.9632071602251817,0.9988221986649826,0.0,0.0249702443680766,0.06673036965207343,0.16624622258414684,12217.666666666666,12003.831160263815,12431.502173069517,12752.666666666666,12591.953612562616,12913.379720770716,11682.666666666666,11304.607282890895,12060.726050442438,85.5606475827994,83.54559054806799,87.57570461753082,140.73825503355704,134.25554386002486,147.22096620708922,0.1,0.04000000000000001,0.84,0.02,0.01,0.9
TR,150,150,140,0.9333333333333333,0.0,0.06666666666666667,0.8816376448839411,0.9633881433303926,0.0,0.0249702443680766,0.03661185666960744,0.11836235511605896,11794.666666666666,11563.72366176194,12025.609671571392,11654.0,11490.488627279221,11817.511372720779,11935.333333333334,11503.710428704364,12366.956237962304,71.63605147634561,70.11894591928868,73.15315703340255,167.34285714285716,159.22397399073108,175.46174029498323,0.1,0.04000000000000001,0.84,0.02,0.01,0.9
RR,150,150,150,1.0,0.0,0.10666666666666667,0.9750297556319235,1.0,0.0,0.0249702443680766,0.06673036965207343,0.16624622258414684,11644.333333333334,11442.508698060508,11846.15796860616,12752.666666666666,12591.953612562616,12913.379720770716,10536.0,10263.400629229554,10808.599370770446,110.52059685407706,107.9170430065965,113.12415070155761,98.04666666666667,94.15590303409174,101.9374302992416,0.15,0.06,0.84,0.02,0.01,0.9
TR,150,150,150,1.0,0.0,0.06666666666666667,0.9750297556319235,1.0,0.0,0.0249702443680766,0.03661185666960744,0.11836235511605896,10980.666666666666,10793.103671457204,11168.229661876128,11654.0,11490.488627279221,11817.511372720779,10307.333333333334,10005.54178076127,10609.124885905398,89.88929949882014,88.04393099552166,91.73466800211861,117.56,112.65224838960506,122.46775161039494,0.15,0.06,0.84,0.02,0.01,0.9
RR,150,150,150,1.0,0.0,0.10666666666666667,0.9750297556319235,1.0,0.0,0.0249702443680766,0.06673036965207343,0.16624622258414684,11469.333333333334,11270.1510793416,11668.515587325068,12752.666666666666,12591.953612562616,12913.379720770716,10186.0,9965.826451342164,10406.173548657836,137.24824484137972,134.18495046444235,140.31153921831708,75.64,73.31411005568067,77.96588994431933,0.2,0.08000000000000002,0.84,0.02,0.01,0.9
TR,150,150,150,1.0,0.0,0.06666666666666667,0.9750297556319235,1.0,0.0,0.0249702443680766,0.03661185666960744,0.11836235511605896,10586.666666666666,10399.215721974806,10774.117611358526,11654.0,11490.488627279221,11817.511372720779,9519.333333333334,9283.65075029572,9755.015916370949,110.84124330626432,108.53620635725514,113.1462802552735,87.78,84.56562751700827,90.99437248299174,0.2,0.08000000000000002,0.84,0.02,0.01,0.9
EIR,150,150,60,0.4,0.0,0.07333333333333333,0.3250432073625253,0.4799508415110901,0.0,0.0249702443680766,0.041438815160384994,0.12653579336704038,12869.333333333334,12678.30776006812,13060.358906598547,12348.666666666666,12166.999432580993,12530.33390075234,13390.0,13074.609068931592,13705.390931068408,61.20098936732034,59.847592600337364,62.554386134303314,202.61666666666667,190.86564388150475,214.3676894518286,0.03,0.012,0.84,0.02,0.01,0.9
EIR,150,150,129,0.86,0.0,0.07333333333333333,0.7954479122405028,0.9065735118144821,0.0,0.0249702443680766,0.041438815160384994,0.12653579336704038,12906.0,12677.805058238131,13134.194941761869,12348.666666666666,12166.999432580993,12530.33390075234,13463.333333333334,13063.369433074557,13863.297233592111,70.42423873481208,69.20343000341565,71.64504746620851,187.63565891472868,180.378491199521,194.89282662993637,0.06,0.024,0.84,0.02,0.01,0.9
EIR,150,150,150,1.0,0.0,0.07333333333333333,0.9750297556319235,1.0,0.0,0.0249702443680766,0.041438815160384994,0.12653579336704038,12395.333333333334,12190.669054980273,12599.997611686395,12348.666666666666,12166.999432580993,12530.33390075234,12442.0,12074.580841451712,12809.419158548288,89.63258405730946,87.87922295198203,91.38594516263689,141.91333333333333,136.20465962906337,147.62200703760328,0.1,0.04000000000000001,0.84,0.02,0.01,0.9
EIR,150,150,150,1.0,0.0,0.07333333333333333,0.9750297556319235,1.0,0.0,0.0249702443680766,0.041438815160384994,0.12653579336704038,12072.333333333334,11897.439673760977,12247.226992905691,12348.666666666666,12166.999432580993,12530.33390075234,11796.0,11503.04712499609,12088.95287500391,117.2481128514431,115.06249407663176,119.43373162625443,102.14,98.78660501061661,105.49339498938339,0.15,0.06,0.84,0.02,0.01,0.9
EIR,150,150,150,1.0,0.0,0.07333333333333333,0.9750297556319235,1.0,0.0,0.0249702443680766,0.041438815160384994,0.12653579336704038,12150.333333333334,12000.0162414994,12300.650425167269,12348.666666666666,12166.999432580993,12530.33390075234,11952.0,11716.091280120785,12187.908719879215,144.3247999179877,141.5756516919643,147.07394814401107,83.72,81.6887971022753,85.7512028977247,0.2,0.08000000000000002,0.84,0.02,0.01,0.9
RR,150,150,45,0.3,0.0,0.10666666666666667,0.23240829378731656,0.3775798039599141,0.0,0.0249702443680766,0.06673036965207343,0.16624622258414684,13228.333333333334,13056.267631831948,13400.39903483472,12752.666666666666,12591.953612562616,12913.379720770716,13704.0,13418.818456088598,13989.181543911402,61.03500485515302,58.04208321518348,64.02792649512256,206.84444444444443,191.6919272635613,221.99696162532757,0.03,0.012,0.84,0.02,0.02,0.75
TR,150,150,29,0.19333333333333333,0.0,0.06666666666666667,0.13811889170191843,0.2638628581771686,0.0,0.0249702443680766,0.03661185666960744,0.11836235511605896,12140.0,11981.710512520422,12298.289487479578,11654.0,11490.488627279221,11817.511372720779,12626.0,12377.718764860134,12874.281235139866,56.752194815777685,53.78172547857709,59.72266415297828,205.58620689655172,185.4281322346122,225.74428155849122,0.03,0.012,0.84,0.02,0.02,0.75
RR,150,150,111,0.74,0.0,0.10666666666666667,0.6644356718314847,0.8035786108718385,0.0,0.0249702443680766,0.06673036965207343,0.16624622258414684,13074.333333333334,12844.596889973496,13304.069776693172,12752.666666666666,12591.953612562616,12913.379720770716,13396.0,12970.958975690723,13821.041024309277,70.42949398686248,68.69923342002527,72.1597545536997,182.78378378378378,173.9155244793344,191.65204308823314,0.06,0.024,0.84,0.02,0.02,0.75
TR,150,150,73,0.4866666666666667,0.0,0.06666666666666667,0.40801711922387535,0.5659820872926068,0.0,0.0249702443680766,0.03661185666960744,0.11836235511605896,12451.0,12238.164864177203,12663.835135822797,11654.0,11490.488627279221,11817.511372720779,13248.0,12898.266049152555,13597.733950847445,61.75427426541575,60.029658247810715,63.47889028302079,198.86301369863014,187.60333805630242,210.12268934095786,0.06,0.024,0.84,0.02,0.02,0.75
RR,150,150,149,0.9933333333333333,0.0,0.10666666666666667,0.9632071602251817,0.9988221986649826,0.0,0.0249702443680766,0.06673036965207343,0.16624622258414684,12217.666666666666,12003.831160263815,12431.502173069517,12752.666666666666,12591.953612562616,12913.379720770716,11682.666666666666,11304.607282890895,12060.726050442438,85.5606475827994,83.54559054806799,87.57570461753082,140.73825503355704,134.25554386002486,147.22096620708922,0.1,0.04000000000000001,0.84,0.02,0.02,0.75
TR,150,150,140,0.9333333333333333,0.0,0.06666666666666667,0.8816376448839411,0.9633881433303926,0.0,0.0249702443680766,0.03661185666960744,0.11836235511605896,11794.666666666666,11563.72366176194,12025.609671571392,11654.0,11490.488627279221,11817.511372720779,11935.333333333334,11503.710428704364,12366.956237962304,71.63605147634561,70.11894591928868,73.15315703340255,167.34285714285716,159.22397399073108,175.46174029498323,0.1,0.04000000000000001,0.84,0.02,0.02,0.75
RR,150,150,150,1.0,0.0,0.10666666666666667,0.9750297556319235,1.0,0.0,0.0249702443680766,0.06673036965207343,0.16624622258414684,11644.333333333334,11442.508698060508,11846.15796860616,12752.666666666666,12591.953612562616,12913.379720770716,10536.0,10263.400629229554,10808.599370770446,110.52059685407706,107.9170430065965,113.12415070155761,98.04666666666667,94.15590303409174,101.9374302992416,0.15,0.06,0.84,0.02,0.02,0.75
TR,150,150,150,1.0,0.0,0.06666666666666667,0.9750297556319235,1.0,0.0,0.0249702443680766,0.03661185666960744,0.11836235511605896,10980.666666666666,10793.103671457204,11168.229661876128,11654.0,11490.488627279221,11817.511372720779,10307.333333333334,10005.54178076127,10609.124885905398,89.88929949882014,88.04393099552166,91.73466800211861,117.56,112.65224838960506,122.46775161039494,0.15,0.06,0.84,0.02,0.02,0.75
RR,150,150,150,1.0,0.0,0.10666666666666667,0.9750297556319235,1.0,0.0,0.0249702443680766,0.06673036965207343,0.16624622258414684,11469.333333333334,11270.1510793416,11668.515587325068,12752.666666666666,12591.953612562616,12913.379720770716,10186.0,9965.826451342164,10406.173548657836,137.24824484137972,134.18495046444235,140.31153921831708,75.64,73.31411005568067,77.96588994431933,0.2,0.08000000000000002,0.84,0.02,0.02,0.75
TR,150,150,150,1.0,0.0,0.06666666666666667,0.9750297556319235,1.0,0.0,0.0249702443680766,0.03661185666960744,0.11836235511605896,10586.666666666666,10399.215721974806,10774.117611358526,11654.0,11490.488627279221,11817.511372720779,9519.333333333334,9283.65075029572,9755.015916370949,110.84124330626432,108.53620635725514,113.1462802552735,87.78,84.56562751700827,90.99437248299174,0.2,0.08000000000000002,0.84,0.02,0.02,0.75
EIR,150,150,52,0.3466666666666667,0.0,0.06,0.2751950896082086,0.4257957853313349,0.0,0.0249702443680766,0.03188404420920532,0.11008977083470209,12954.666666666666,12758.534465211405,13150.798868121927,12380.666666666666,12198.839042972713,12562.494290360619,13528.666666666666,13205.65337721794,13851.679956115393,62.02936018437584,60.44019543827715,63.61852493047453,198.28846153846155,185.08890757086175,211.48801550606134,0.03,0.012,0.84,0.02,0.02,0.75
EIR,150,150,127,0.8466666666666667,0.0,0.06,0.7804201682766676,0.8956004622947993,0.0,0.0249702443680766,0.03188404420920532,0.11008977083470209,13066.333333333334,12828.615645041342,13304.051021625326,12380.666666666666,12198.839042972713,12562.494290360619,13752.0,13340.303303945395,14163.696696054605,70.76357813895217,69.53852717863089,71.98862909927345,190.60629921259843,183.0859849846715,198.12661344052535,0.06,0.024,0.84,0.02,0.02,0.75
EIR,150,150,150,1.0,0.0,0.06,0.9750297556319235,1.0,0.0,0.0249702443680766,0.03188404420920532,0.11008977083470209,12531.666666666666,12321.78988408621,12741.543449247121,12380.666666666666,12198.839042972713,12562.494290360619,12682.666666666666,12305.112260071897,13060.221073261435,88.79672045090291,87.15345904389203,90.43998185791379,145.76666666666668,139.93212916618677,151.6012041671466,0.1,0.04000000000000001,0.84,0.02,0.02,0.75
EIR,150,150,150,1.0,0.0,0.06,0.9750297556319235,1.0,0.0,0.0249702443680766,0.03188404420920532,0.11008977083470209,12132.666666666666,11960.612078513388,12304.721254819944,12380.666666666666,12198.839042972713,12562.494290360619,11884.666666666666,11597.30652703476,12172.026806298572,116.48094132629606,114.39820872438733,118.56367392820479,103.51333333333334,100.1796418256565,106.84702484101017,0.15,0.06,0.84,0.02,0.02,0.75
EIR,150,150,150,1.0,0.0,0.06,0.9750297556319235,1.0,0.0,0.0249702443680766,0.03188404420920532,0.11008977083470209,12199.0,12046.878945650462,12351.121054349538,12380.666666666666,12198.839042972713,12562.494290360619,12017.333333333334,11776.271387106215,12258.395279560453,142.5853123863694,139.94098005686678,145.229644715872,85.22666666666667,83.096176691778,87.35715664155535,0.2,0.08000000000000002,0.84,0.02,0.02,0.75
RR,150,150,45,0.3,0.0,0.10666666666666667,0.23240829378731656,0.3775798039599141,0.0,0.0249702443680766,0.06673036965207343,0.16624622258414684,13228.333333333334,13056.267631831948,13400.39903483472,12752.666666666666,12591.953612562616,12913.379720770716,13704.0,13418.818456088598,13989.181543911402,61.03500485515302,58.04208321518348,64.02792649512256,206.84444444444443,191.6919272635613,221.99696162532757,0.03,0.012,0.84,0.02,0.02,0.9
TR,150,150,29,0.19333333333333333,0.0,0.06666666666666667,0.13811889170191843,0.2638628581771686,0.0,0.0249702443680766,0.03661185666960744,0.11836235511605896,12140.0,11981.710512520422,12298.289487479578,11654.0,11490.488627279221,11817.511372720779,12626.0,12377.718764860134,12874.281235139866,56.752194815777685,53.78172547857709,59.72266415297828,205.58620689655172,185.4281322346122,225.74428155849122,0.03,0.012,0.84,0.02,0.02,0.9
RR,150,150,111,0.74,0.0,0.10666666666666667,0.6644356718314847,0.8035786108718385,0.0,0.0249702443680766,0.06673036965207343,0.16624622258414684,13074.333333333334,12844.596889973496,13304.069776693172,12752.666666666666,12591.953612562616,12913.379720770716,13396.0,12970.958975690723,13821.041024309277,70.42949398686248,68.69923342002527,72.1597545536997,182.78378378378378,173.9155244793344,191.65204308823314,0.06,0.024,0.84,0.02,0.02,0.9
TR,150,150,73,0.4866666666666667,0.0,0.06666666666666667,0.40801711922387535,0.5659820872926068,0.0,0.0249702443680766,0.03661185666960744,0.11836235511605896,12451.0,12238.164864177203,12663.835135822797,11654.0,11490.488627279221,11817.511372720779,13248.0,12898.266049152555,13597.733950847445,61.75427426541575,60.029658247810715,63.47889028302079,198.86301369863014,187.60333805630242,210.12268934095786,0.06,0.024,0.84,0.02,0.02,0.9
RR,150,150,149,0.9933333333333333,0.0,0.10666666666666667,0.9632071602251817,0.9988221986649826,0.0,0.0249702443680766,0.06673036965207343,0.16624622258414684,12217.666666666666,12003.831160263815,12431.502173069517,12752.666666666666,12591.953612562616,12913.379720770716,11682.666666666666,11304.607282890895,12060.726050442438,85.5606475827994,83.54559054806799,87.57570461753082,140.73825503355704,134.25554386002486,147.22096620708922,0.1,0.04000000000000001,0.84,0.02,0.02,0.9
TR,150,150,140,0.9333333333333333,0.0,0.06666666666666667,0.8816376448839411,0.9633881433303926,0.0,0.0249702443680766,0.03661185666960744,0.11836235511605896,11794.666666666666,11563.72366176194,12025.609671571392,11654.0,11490.488627279221,11817.511372720779,11935.333333333334,11503.710428704364,12366.956237962304,71.63605147634561,70.11894591928868,73.15315703340255,167.34285714285716,159.22397399073108,175.46174029498323,0.1,0.04000000000000001,0.84,0.02,0.02,0.9
RR,150,150,150,1.0,0.0,0.10666666666666667,0.9750297556319235,1.0,0.0,0.0249702443680766,0.06673036965207343,0.16624622258414684,11644.333333333334,11442.508698060508,11846.15796860616,12752.666666666666,12591.953612562616,12913.379720770716,10536.0,10263.400629229554,10808.599370770446,110.52059685407706,107.9170430065965,113.12415070155761,98.04666666666667,94.15590303409174,101.9374302992416,0.15,0.06,0.84,0.02,0.02,0.9
TR,150,150,150,1.0,0.0,0.06666666666666667,0.9750297556319235,1.0,0.0,0.0249702443680766,0.03661185666960744,0.11836235511605896,10980.666666666666,10793.103671457204,11168.229661876128,11654.0,11490.488627279221,11817.511372720779,10307.333333333334,10005.54178076127,10609.124885905398,89.88929949882014,88.04393099552166,91.73466800211861,117.56,112.65224838960506,122.46775161039494,0.15,0.06,0.84,0.02,0.02,0.9
RR,150,150,150,1.0,0.0,0.10666666666666667,0.9750297556319235,1.0,0.0,0.0249702443680766,0.06673036965207343,0.16624622258414684,11469.333333333334,11270.1510793416,11668.515587325068,12752.666666666666,12591.953612562616,12913.379720770716,10186.0,9965.826451342164,10406.173548657836,137.24824484137972,134.18495046444235,140.31153921831708,75.64,73.31411005568067,77.96588994431933,0.2,0.08000000000000002,0.84,0.02,0.02,0.9
TR,150,150,150,1.0,0.0,0.06666666666666667,0.9750297556319235,1.0,0.0,0.0249702443680766,0.03661185666960744,0.11836235511605896,10586.666666666666,10399.215721974806,10774.117611358526,11654.0,11490.488627279221,11817.511372720779,9519.333333333334,9283.65075029572,9755.015916370949,110.84124330626432,108.53620635725514,113.1462802552735,87.78,84.56562751700827,90.99437248299174,0.2,0.08000000000000002,0.84,0.02,0.02,0.9
EIR,150,150,58,0.38666666666666666,0.0,0.07333333333333333,0.31249116779192654,0.4665020875981708,0.0,0.0249702443680766,0.041438815160384994,0.12653579336704038,12853.666666666666,12662.566218097625,13044.767115235707,12318.666666666666,12138.360783313665,12498.972550019667,13388.666666666666,13073.549500037057,13703.783833296275,61.19545634880712,59.80323676722854,62.5876759303857,201.82758620689654,189.81547126535926,213.83970114843382,0.03,0.012,0.84,0.02,0.02,0.9
EIR,150,150,128,0.8533333333333334,0.0,0.07333333333333333,0.7879153994391072,0.9011056278741189,0.0,0.0249702443680766,0.041438815160384994,0.12653579336704038,12923.0,12695.013271251086,13150.986728748914,12318.666666666666,12138.360783313665,12498.972550019667,13527.333333333334,13130.763765653395,13923.902901013273,70.2715482919814,69.03232658199357,71.51077000196923,189.0859375,181.68008386294508,196.49179113705492,0.06,0.024,0.84,0.02,0.02,0.9
EIR,150,150,150,1.0,0.0,0.07333333333333333,0.9750297556319235,1.0,0.0,0.0249702443680766,0.041438815160384994,0.12653579336704038,12388.0,12182.447993386495,12593.552006613505,12318.666666666666,12138.360783313665,12498.972550019667,12457.333333333334,12087.44745363607,12827.219213030598,89.15513922059482,87.40957519109132,90.90070325009832,142.84,137.08768152584494,148.59231847415506,0.1,0.04000000000000001,0.84,0.02,0.02,0.9
EIR,150,150,150,1.0,0.0,0.07333333333333333,0.9750297556319235,1.0,0.0,0.0249702443680766,0.041438815160384994,0.12653579336704038,12037.0,11862.877050522151,12211.122949477849,12318.666666666666,12138.360783313665,12498.972550019667,11755.333333333334,11463.64662788672,12047.020038779949,116.34166373209739,114.18382107456567,118.4995063896291,102.60666666666667,99.21627169908663,105.9970616342467,0.15,0.06,0.84,0.02,0.02,0.9
EIR,150,150,150,1.0,0.0,0.07333333333333333,0.9750297556319235,1.0,0.0,0.0249702443680766,0.041438815160384994,0.12653579336704038,12111.0,11961.843559034876,12260.156440965124,12318.666666666666,12138.360783313665,12498.972550019667,11903.333333333334,11669.762564859004,12136.904101807664,142.85036607182013,140.13404368563906,145.5666884580012,84.28,82.19682918659853,86.36317081340147,0.2,0.08000000000000002,0.84,0.02,0.02,0.9
RR,150,150,45,0.3,0.0,0.10666666666666667,0.23240829378731656,0.3775798039599141,0.0,0.0249702443680766,0.06673036965207343,0.16624622258414684,13228.333333333334,13056.267631831948,13400.39903483472,12752.666666666666,12591.953612562616,12913.379720770716,13704.0,13418.818456088598,13989.181543911402,61.03500485515302,58.04208321518348,64.02792649512256,206.84444444444443,191.6919272635613,221.99696162532757,0.03,0.012,0.84,0.02,0.03,0.75
TR,150,150,29,0.19333333333333333,0.0,0.06666666666666667,0.13811889170191843,0.2638628581771686,0.0,0.0249702443680766,0.03661185666960744,0.11836235511605896,12140.0,11981.710512520422,12298.289487479578,11654.0,11490.488627279221,11817.511372720779,12626.0,12377.718764860134,12874.281235139866,56.752194815777685,53.78172547857709,59.72266415297828,205.58620689655172,185.4281322346122,225.74428155849122,0.03,0.012,0.84,0.02,0.03,0.75
RR,150,150,111,0.74,0.0,0.10666666666666667,0.6644356718314847,0.8035786108718385,0.0,0.0249702443680766,0.06673036965207343,0.16624622258414684,13074.333333333334,12844.596889973496,13304.069776693172,12752.666666666666,12591.953612562616,12913.379720770716,13396.0,12970.958975690723,13821.041024309277,70.42949398686248,68.69923342002527,72.1597545536997,182.78378378378378,173.9155244793344,191.65204308823314,0.06,0.024,0.84,0.02,0.03,0.75
TR,150,150,73,0.4866666666666667,0.0,0.06666666666666667,0.40801711922387535,0.5659820872926068,0.0,0.0249702443680766,0.03661185666960744,0.11836235511605896,12451.0,12238.164864177203,12663.835135822797,11654.0,11490.488627279221,11817.511372720779,13248.0,12898.266049152555,13597.733950847445,61.75427426541575,60.029658247810715,63.47889028302079,198.86301369863014,187.60333805630242,210.12268934095786,0.06,0.024,0.84,0.02,0.03,0.75
RR,150,150,149,0.9933333333333333,0.0,0.10666666666666667,0.9632071602251817,0.9988221986649826,0.0,0.0249702443680766,0.06673036965207343,0.16624622258414684,12217.666666666666,12003.831160263815,12431.502173069517,12752.666666666666,12591.953612562616,12913.379720770716,11682.666666666666,11304.607282890895,12060.726050442438,85.5606475827994,83.54559054806799,87.57570461753082,140.73825503355704,134.25554386002486,147.22096620708922,0.1,0.04000000000000001,0.84,0.02,0.03,0.75
TR,150,150,140,0.9333333333333333,0.0,0.06666666666666667,0.8816376448839411,0.9633881433303926,0.0,0.0249702443680766,0.03661185666960744,0.11836235511605896,11794.666666666666,11563.72366176194,12025.609671571392,11654.0,11490.488627279221,11817.511372720779,11935.333333333334,11503.710428704364,12366.956237962304,71.63605147634561,70.11894591928868,73.15315703340255,167.34285714285716,159.22397399073108,175.46174029498323,0.1,0.04000000000000001,0.84,0.02,0.03,0.75
RR,150,150,150,1.0,0.0,0.10666666666666667,0.9750297556319235,1.0,0.0,0.0249702443680766,0.06673036965207343,0.16624622258414684,11644.333333333334,11442.508698060508,11846.15796860616,12752.666666666666,12591.953612562616,12913.379720770716,10536.0,10263.400629229554,10808.599370770446,110.52059685407706,107.9170430065965,113.12415070155761,98.04666666666667,94.15590303409174,101.9374302992416,0.15,0.06,0.84,0.02,0.03,0.75
TR,150,150,150,1.0,0.0,0.06666666666666667,0.9750297556319235,1.0,0.0,0.0249702443680766,0.03661185666960744,0.11836235511605896,10980.666666666666,10793.103671457204,11168.229661876128,11654.0,11490.488627279221,11817.511372720779,10307.333333333334,10005.54178076127,10609.124885905398,89.88929949882014,88.04393099552166,91.73466800211861,117.56,112.65224838960506,122.46775161039494,0.15,0.06,0.84,0.02,0.03,0.75
RR,150,150,150,1.0,0.0,0.10666666666666667,0.9750297556319235,1.0,0.0,0.0249702443680766,0.06673036965207343,0.16624622258414684,11469.333333333334,11270.1510793416,11668.515587325068,12752.666666666666,12591.953612562616,12913.379720770716,10186.0,9965.826451342164,10406.173548657836,137.24824484137972,134.18495046444235,140.31153921831708,75.64,73.31411005568067,77.96588994431933,0.2,0.08000000000000002,0.84,0.02,0.03,0.75
TR,150,150,150,1.0,0.0,0.06666666666666667,0.9750297556319235,1.0,0.0,0.0249702443680766,0.03661185666960744,0.11836235511605896,10586.666666666666,10399.215721974806,10774.117611358526,11654.0,11490.488627279221,11817.511372720779,9519.333333333334,9283.65075029572,9755.015916370949,110.84124330626432,108.53620635725514,113.1462802552735,87.78,84.56562751700827,90.99437248299174,0.2,0.08000000000000002,0.84,0.02,0.03,0.75
EIR,150,150,52,0.3466666666666667,0.0,0.06,0.2751950896082086,0.4257957853313349,0.0,0.0249702443680766,0.03188404420920532,0.11008977083470209,12930.666666666666,12735.121134222833,13126.2121991105,12360.0,12179.469161870098,12540.530838129902,13501.333333333334,13178.715907365935,13823.950759300733,61.884358322583346,60.27679027539326,63.49192636977343,198.3653846153846,185.16531572581962,211.5654535049496,0.03,0.012,0.84,0.02,0.03,0.75
EIR,150,150,125,0.8333333333333334,0.0,0.06,0.7655341358309921,0.884485701256957,0.0,0.0249702443680766,0.03188404420920532,0.11008977083470209,13082.0,12844.504649802764,13319.495350197236,12360.0,12179.469161870098,12540.530838129902,13804.0,13395.462597698464,14212.537402301536,70.5039912232131,69.265487948322,71.74249449810421,191.424,183.90766109923547,198.94033890076454,0.06,0.024,0.84,0.02,0.03,0.75
EIR,150,150,150,1.0,0.0,0.06,0.9750297556319235,1.0,0.0,0.0249702443680766,0.03188404420920532,0.11008977083470209,12512.0,12301.973534559762,12722.026465440238,12360.0,12179.469161870098,12540.530838129902,12664.0,12285.511082802426,13042.488917197574,88.44529874498163,86.8050748652082,90.08552262475506,146.12666666666667,140.26084316488664,151.9924901684467,0.1,0.04000000000000001,0.84,0.02,0.03,0.75
EIR,150,150,150,1.0,0.0,0.06,0.9750297556319235,1.0,0.0,0.0249702443680766,0.03188404420920532,0.11008977083470209,12115.0,11942.902775175698,12287.097224824302,12360.0,12179.469161870098,12540.530838129902,11870.0,11581.589001661136,12158.410998338864,115.69841728669063,113.64688112353234,117.74995344984892,104.06,100.71080027170537,107.40919972829464,0.15,0.06,0.84,0.02,0.03,0.75
EIR,150,150,150,1.0,0.0,0.06,0.9750297556319235,1.0,0.0,0.0249702443680766,0.03188404420920532,0.11008977083470209,12166.0,12013.162256728607,12318.837743271393,12360.0,12179.469161870098,12540.530838129902,11972.0,11728.650384389888,12215.349615610112,141.22922120719605,138.57175775003725,143.88668466435485,85.74,83.5733292689897,87.9066707310103,0.2,0.08000000000000002,0.84,0.02,0.03,0.75
RR,150,150,45,0.3,0.0,0.10666666666666667,0.23240829378731656,0.3775798039599141,0.0,0.0249702443680766,0.06673036965207343,0.16624622258414684,13228.333333333334,13056.267631831948,13400.39903483472,12752.666666666666,12591.953612562616,12913.379720770716,13704.0,13418.818456088598,13989.181543911402,61.03500485515302,58.04208321518348,64.02792649512256,206.84444444444443,191.6919272635613,221.99696162532757,0.03,0.012,0.84,0.02,0.03,0.9
TR,150,150,29,0.19333333333333333,0.0,0.06666666666666667,0.13811889170191843,0.2638628581771686,0.0,0.0249702443680766,0.03661185666960744,0.11836235511605896,12140.0,11981.710512520422,12298.289487479578,11654.0,11490.488627279221,11817.511372720779,12626.0,12377.718764860134,12874.281235139866,56.752194815777685,53.78172547857709,59.72266415297828,205.58620689655172,185.4281322346122,225.74428155849122,0.03,0.012,0.84,0.02,0.03,0.9
RR,150,150,111,0.74,0.0,0.10666666666666667,0.6644356718314847,0.8035786108718385,0.0,0.0249702443680766,0.06673036965207343,0.16624622258414684,13074.333333333334,12844.596889973496,13304.069776693172,12752.666666666666,12591.953612562616,12913.379720770716,13396.0,12970.958975690723,13821.041024309277,70.42949398686248,68.69923342002527,72.1597545536997,182.78378378378378,173.9155244793344,191.65204308823314,0.06,0.024,0.84,0.02,0.03,0.9
TR,150,150,73,0.4866666666666667,0.0,0.06666666666666667,0.40801711922387535,0.5659820872926068,0.0,0.0249702443680766,0.03661185666960744,0.11836235511605896,12451.0,12238.164864177203,12663.835135822797,11654.0,11490.488627279221,11817.511372720779,13248.0,12898.266049152555,13597.733950847445,61.75427426541575,60.029658247810715,63.47889028302079,198.86301369863014,187.60333805630242,210.12268934095786,0.06,0.024,0.84,0.02,0.03,0.9
RR,150,150,149,0.9933333333333333,0.0,0.10666666666666667,0.9632071602251817,0.9988221986649826,0.0,0.0249702443680766,0.06673036965207343,0.16624622258414684,12217.666666666666,12003.831160263815,12431.502173069517,12752.666666666666,12591.953612562616,12913.379720770716,11682.666666666666,11304.607282890895,12060.726050442438,85.5606475827994,83.54559054806799,87.57570461753082,140.73825503355704,134.25554386002486,147.22096620708922,0.1,0.04000000000000001,0.84,0.02,0.03,0.9
TR,150,150,140,0.9333333333333333,0.0,0.06666666666666667,0.8816376448839411,0.9633881433303926,0.0,0.0249702443680766,0.03661185666960744,0.11836235511605896,11794.666666666666,11563.72366176194,12025.609671571392,11654.0,11490.488627279221,11817.511372720779,11935.333333333334,11503.710428704364,12366.956237962304,71.63605147634561,70.11894591928868,73.15315703340255,167.34285714285716,159.22397399073108,175.46174029498323,0.1,0.04000000000000001,0.84,0.02,0.03,0.9
RR,150,150,150,1.0,0.0,0.10666666666666667,0.9750297556319235,1.0,0.0,0.0249702443680766,0.06673036965207343,0.16624622258414684,11644.333333333334,11442.508698060508,11846.15796860616,12752.666666666666,12591.953612562616,12913.379720770716,10536.0,10263.400629229554,10808.599370770446,110.52059685407706,107.9170430065965,113.12415070155761,98.04666666666667,94.15590303409174,101.9374302992416,0.15,0.06,0.84,0.02,0.03,0.9
TR,150,150,150,1.0,0.0,0.06666666666666667,0.9750297556319235,1.0,0.0,0.0249702443680766,0.03661185666960744,0.11836235511605896,10980.666666666666,10793.103671457204,11168.229661876128,11654.0,11490.488627279221,11817.511372720779,10307.333333333334,10005.54178076127,10609.124885905398,89.88929949882014,88.04393099552166,91.73466800211861,117.56,112.65224838960506,122.46775161039494,0.15,0.06,0.84,0.02,0.03,0.9
RR,150,150,150,1.0,0.0,0.10666666666666667,0.9750297556319235,1.0,0.0,0.0249702443680766,0.06673036965207343,0.16624622258414684,11469.333333333334,11270.1510793416,11668.515587325068,12752.666666666666,12591.953612562616,12913.379720770716,10186.0,9965.826451342164,10406.173548657836,137.24824484137972,134.18495046444235,140.31153921831708,75.64,73.31411005568067,77.96588994431933,0.2,0.08000000000000002,0.84,0.02,0.03,0.9
TR,150,150,150,1.0,0.0,0.06666666666666667,0.9750297556319235,1.0,0.0,0.0249702443680766,0.03661185666960744,0.11836235511605896,10586.666666666666,10399.215721974806,10774.117611358526,11654.0,11490.488627279221,11817.511372720779,9519.333333333334,9283.65075029572,9755.015916370949,110.84124330626432,108.53620635725514,113.1462802552735,87.78,84.56562751700827,90.99437248299174,0.2,0.08000000000000002,0.84,0.02,0.03,0.9
EIR,150,150,57,0.38,0.0,0.07333333333333333,0.3062372724644591,0.45975558618387935,0.0,0.0249702443680766,0.041438815160384994,0.12653579336704038,12848.666666666666,12660.66333526916,13036.669998064172,12298.666666666666,12119.368328377208,12477.965004956124,13398.666666666666,13091.8936568276,13705.439676505732,61.160836606115694,59.74326085082181,62.578412361409576,202.89473684210526,190.8325771592183,214.95689652499223,0.03,0.012,0.84,0.02,0.03,0.9
EIR,150,150,128,0.8533333333333334,0.0,0.07333333333333333,0.7879153994391072,0.9011056278741189,0.0,0.0249702443680766,0.041438815160384994,0.12653579336704038,12931.333333333334,12699.491405150282,13163.175261516386,12298.666666666666,12119.368328377208,12477.965004956124,13564.0,13160.345129088802,13967.654870911198,70.07757561413061,68.83445772954052,71.3206934987207,190.3125,182.75670314087856,197.86829685912144,0.06,0.024,0.84,0.02,0.03,0.9
EIR,150,150,150,1.0,0.0,0.07333333333333333,0.9750297556319235,1.0,0.0,0.0249702443680766,0.041438815160384994,0.12653579336704038,12398.666666666666,12187.14450794715,12610.188825386182,12298.666666666666,12119.368328377208,12477.965004956124,12498.666666666666,12115.386707558366,12881.946625774966,88.81927789231132,87.07282590848065,90.56572987614199,143.95333333333335,137.97297390248428,149.9336927641824,0.1,0.04000000000000001,0.84,0.02,0.03,0.9
EIR,150,150,150,1.0,0.0,0.07333333333333333,0.9750297556319235,1.0,0.0,0.0249702443680766,0.041438815160384994,0.12653579336704038,12020.666666666666,11847.333463905981,12193.99986942735,12298.666666666666,12119.368328377208,12477.965004956124,11742.666666666666,11452.067333659128,12033.265999674204,115.50053260950202,113.38416874682639,117.61689647217764,103.21333333333334,99.82264992132632,106.60401674534036,0.15,0.06,0.84,0.02,0.03,0.9
EIR,150,150,150,1.0,0.0,0.07333333333333333,0.9750297556319235,1.0,0.0,0.0249702443680766,0.041438815160384994,0.12653579336704038,12082.0,11931.877788697018,12232.122211302982,12298.666666666666,12119.368328377208,12477.965004956124,11865.333333333334,11628.94230368308,12101.724362983588,141.6013695645008,138.89219134331842,144.31054778568318,84.76666666666667,82.64043494186743,86.8928983914659,0.2,0.08000000000000002,0.84,0.02,0.03,0.9
RR,150,150,45,0.3,0.0,0.10666666666666667,0.23240829378731656,0.3775798039599141,0.0,0.0249702443680766,0.06673036965207343,0.16624622258414684,13228.333333333334,13056.267631831948,13400.39903483472,12752.666666666666,12591.953612562616,12913.379720770716,13704.0,13418.818456088598,13989.181543911402,61.03500485515302,58.04208321518348,64.02792649512256,206.84444444444443,191.6919272635613,221.99696162532757,0.03,0.012,0.84,0.03,0.01,0.75
TR,150,150,29,0.19333333333333333,0.0,0.06666666666666667,0.13811889170191843,0.2638628581771686,0.0,0.0249702443680766,0.03661185666960744,0.11836235511605896,12140.0,11981.710512520422,12298.289487479578,11654.0,11490.488627279221,11817.511372720779,12626.0,12377.718764860134,12874.281235139866,56.752194815777685,53.78172547857709,59.72266415297828,205.58620689655172,185.4281322346122,225.74428155849122,0.03,0.012,0.84,0.03,0.01,0.75
RR,150,150,111,0.74,0.0,0.10666666666666667,0.6644356718314847,0.8035786108718385,0.0,0.0249702443680766,0.06673036965207343,0.16624622258414684,13074.333333333334,12844.596889973496,13304.069776693172,12752.666666666666,12591.953612562616,12913.379720770716,13396.0,12970.958975690723,13821.041024309277,70.42949398686248,68.69923342002527,72.1597545536997,182.78378378378378,173.9155244793344,191.65204308823314,0.06,0.024,0.84,0.03,0.01,0.75
TR,150,150,73,0.4866666666666667,0.0,0.06666666666666667,0.40801711922387535,0.5659820872926068,0.0,0.0249702443680766,0.03661185666960744,0.11836235511605896,12451.0,12238.164864177203,12663.835135822797,11654.0,11490.488627279221,11817.511372720779,13248.0,12898.266049152555,13597.733950847445,61.75427426541575,60.029658247810715,63.47889028302079,198.86301369863014,187.60333805630242,210.12268934095786,0.06,0.024,0.84,0.03,0.01,0.75
RR,150,150,149,0.9933333333333333,0.0,0.10666666666666667,0.9632071602251817,0.9988221986649826,0.0,0.0249702443680766,0.06673036965207343,0.16624622258414684,12217.666666666666,12003.831160263815,12431.502173069517,12752.666666666666,12591.953612562616,12913.379720770716,11682.666666666666,11304.607282890895,12060.726050442438,85.5606475827994,83.54559054806799,87.57570461753082,140.73825503355704,134.25554386002486,147.22096620708922,0.1,0.04000000000000001,0.84,0.03,0.01,0.75
TR,150,150,140,0.9333333333333333,0.0,0.06666666666666667,0.8816376448839411,0.9633881433303926,0.0,0.0249702443680766,0.03661185666960744,0.11836235511605896,11794.666666666666,11563.72366176194,12025.609671571392,11654.0,11490.488627279221,11817.511372720779,11935.333333333334,11503.710428704364,12366.956237962304,71.63605147634561,70.11894591928868,73.15315703340255,167.34285714285716,159.22397399073108,175.46174029498323,0.1,0.04000000000000001,0.84,0.03,0.01,0.75
RR,150,150,150,1.0,0.0,0.10666666666666667,0.9750297556319235,1.0,0.0,0.0249702443680766,0.06673036965207343,0.16624622258414684,11644.333333333334,11442.508698060508,11846.15796860616,12752.666666666666,12591.953612562616,12913.379720770716,10536.0,10263.400629229554,10808.599370770446,110.52059685407706,107.9170430065965,113.12415070155761,98.04666666666667,94.15590303409174,101.9374302992416,0.15,0.06,0.84,0.03,0.01,0.75
TR,150,150,150,1.0,0.0,0.06666666666666667,0.9750297556319235,1.0,0.0,0.0249702443680766,0.03661185666960744,0.11836235511605896,10980.666666666666,10793.103671457204,11168.229661876128,11654.0,11490.488627279221,11817.511372720779,10307.333333333334,10005.54178076127,10609.124885905398,89.88929949882014,88.04393099552166,91.73466800211861,117.56,112.65224838960506,122.46775161039494,0.15,0.06,0.84,0.03,0.01,0.75
RR,150,150,150,1.0,0.0,0.10666666666666667,0.9750297556319235,1.0,0.0,0.0249702443680766,0.06673036965207343,0.16624622258414684,11469.333333333334,11270.1510793416,11668.515587325068,12752.666666666666,12591.953612562616,12913.379720770716,10186.0,9965.826451342164,10406.173548657836,137.24824484137972,134.18495046444235,140.31153921831708,75.64,73.31411005568067,77.96588994431933,0.2,0.08000000000000002,0.84,0.03,0.01,0.75
TR,150,150,150,1.0,0.0,0.06666666666666667,0.9750297556319235,1.0,0.0,0.0249702443680766,0.03661185666960744,0.11836235511605896,10586.666666666666,10399.215721974806,10774.117611358526,11654.0,11490.488627279221,11817.511372720779,9519.333333333334,9283.65075029572,9755.015916370949,110.84124330626432,108.53620635725514,113.1462802552735,87.78,84.56562751700827,90.99437248299174,0.2,0.08000000000000002,0.84,0.03,0.01,0.75
EIR,150,150,55,0.36666666666666664,0.0,0.06666666666666667,0.2937744456533283,0.44621761951149214,0.0,0.0249702443680766,0.03661185666960744,0.11836235511605896,12975.333333333334,12783.511356017005,13167.155310649663,12396.666666666666,12213.955277730258,12579.378055603074,13554.0,13242.508537922964,13865.491462077036,61.4828009617534,59.93632181828864,63.029280105218156,202.74545454545455,190.4508442619074,215.0400648290017,0.03,0.012,0.84,0.03,0.01,0.75
EIR,150,150,127,0.8466666666666667,0.0,0.06666666666666667,0.7804201682766676,0.8956004622947993,0.0,0.0249702443680766,0.03661185666960744,0.11836235511605896,13079.666666666666,12840.412193827275,13318.921139506057,12396.666666666666,12213.955277730258,12579.378055603074,13762.666666666666,13347.573846161391,14177.759487171941,70.8162115454564,69.61798429461771,72.01443879629508,190.748031496063,183.12417978524226,198.37188320688372,0.06,0.024,0.84,0.03,0.01,0.75
EIR,150,150,150,1.0,0.0,0.06666666666666667,0.9750297556319235,1.0,0.0,0.0249702443680766,0.03661185666960744,0.11836235511605896,12495.0,12290.313852892956,12699.686147107044,12396.666666666666,12213.955277730258,12579.378055603074,12593.333333333334,12226.910075189868,12959.7565914768,89.08293097358568,87.43249358970805,90.7333683574633,144.15333333333334,138.5527227650961,149.75394390157058,0.1,0.04000000000000001,0.84,0.03,0.01,0.75
EIR,150,150,150,1.0,0.0,0.06666666666666667,0.9750297556319235,1.0,0.0,0.0249702443680766,0.03661185666960744,0.11836235511605896,12153.333333333334,11981.16592763773,12325.500739028937,12396.666666666666,12213.955277730258,12579.378055603074,11910.0,11622.723530332494,12197.276469667506,116.90133929785404,114.78536797830785,119.01731061740023,103.33333333333333,100.04365690300311,106.62300976366355,0.15,0.06,0.84,0.03,0.01,0.75
EIR,150,150,150,1.0,0.0,0.06666666666666667,0.9750297556319235,1.0,0.0,0.0249702443680766,0.03661185666960744,0.11836235511605896,12214.666666666666,12063.371908138262,12365.96142519507,12396.666666666666,12213.955277730258,12579.378055603074,12032.666666666666,11794.38902550134,12270.944307831993,143.54048926443008,140.89374226124838,146.18723626761178,84.75333333333333,82.65128642660079,86.85538024006587,0.2,0.08000000000000002,0.84,0.03,0.01,0.75
RR,150,150,45,0.3,0.0,0.10666666666666667,0.23240829378731656,0.3775798039599141,0.0,0.0249702443680766,0.06673036965207343,0.16624622258414684,13228.333333333334,13056.267631831948,13400.39903483472,12752.666666666666,12591.953612562616,12913.379720770716,13704.0,13418.818456088598,13989.181543911402,61.03500485515302,58.04208321518348,64.02792649512256,206.84444444444443,191.6919272635613,221.99696162532757,0.03,0.012,0.84,0.03,0.01,0.9
TR,150,150,29,0.19333333333333333,0.0,0.06666666666666667,0.13811889170191843,0.2638628581771686,0.0,0.0249702443680766,0.03661185666960744,0.11836235511605896,12140.0,11981.710512520422,12298.289487479578,11654.0,11490.488627279221,11817.511372720779,12626.0,12377.718764860134,12874.281235139866,56.752194815777685,53.78172547857709,59.72266415297828,205.58620689655172,185.4281322346122,225.74428155849122,0.03,0.012,0.84,0.03,0.01,0.9
RR,150,150,111,0.74,0.0,0.10666666666666667,0.6644356718314847,0.8035786108718385,0.0,0.0249702443680766,0.06673036965207343,0.16624622258414684,13074.333333333334,12844.596889973496,13304.069776693172,12752.666666666666,12591.953612562616,12913.379720770716,13396.0,12970.958975690723,13821.041024309277,70.42949398686248,68.69923342002527,72.1597545536997,182.78378378378378,173.9155244793344,191.65204308823314,0.06,0.024,0.84,0.03,0.01,0.9
TR,150,150,73,0.4866666666666667,0.0,0.06666666666666667,0.40801711922387535,0.5659820872926068,0.0,0.0249702443680766,0.03661185666960744,0.11836235511605896,12451.0,12238.164864177203,12663.835135822797,11654.0,11490.488627279221,11817.511372720779,13248.0,12898.266049152555,13597.733950847445,61.75427426541575,60.029658247810715,63.47889028302079,198.86301369863014,187.60333805630242,210.12268934095786,0.06,0.024,0.84,0.03,0.01,0.9
RR,150,150,149,0.9933333333333333,0.0,0.10666666666666667,0.9632071602251817,0.9988221986649826,0.0,0.0249702443680766,0.06673036965207343,0.16624622258414684,12217.666666666666,12003.831160263815,12431.502173069517,12752.666666666666,12591.953612562616,12913.379720770716,11682.666666666666,11304.607282890895,12060.726050442438,85.5606475827994,83.54559054806799,87.57570461753082,140.73825503355704,134.25554386002486,147.22096620708922,0.1,0.04000000000000001,0.84,0.03,0.01,0.9
TR,150,150,140,0.9333333333333333,0.0,0.06666666666666667,0.8816376448839411,0.9633881433303926,0.0,0.0249702443680766,0.03661185666960744,0.11836235511605896,11794.666666666666,11563.72366176194,12025.609671571392,11654.0,11490.488627279221,11817.511372720779,11935.333333333334,11503.710428704364,12366.956237962304,71.63605147634561,70.11894591928868,73.15315703340255,167.34285714285716,159.22397399073108,175.46174029498323,0.1,0.04000000000000001,0.84,0.03,0.01,0.9
RR,150,150,150,1.0,0.0,0.10666666666666667,0.9750297556319235,1.0,0.0,0.0249702443680766,0.06673036965207343,0.16624622258414684,11644.333333333334,11442.508698060508,11846.15796860616,12752.666666666666,12591.953612562616,12913.379720770716,10536.0,10263.400629229554,10808.599370770446,110.52059685407706,107.9170430065965,113.12415070155761,98.04666666666667,94.15590303409174,101.9374302992416,0.15,0.06,0.84,0.03,0.01,0.9
TR,150,150,150,1.0,0.0,0.06666666666666667,0.9750297556319235,1.0,0.0,0.0249702443680766,0.03661185666960744,0.11836235511605896,10980.666666666666,10793.103671457204,11168.229661876128,11654.0,11490.488627279221,11817.511372720779,10307.333333333334,10005.54178076127,10609.124885905398,89.88929949882014,88.04393099552166,91.73466800211861,117.56,112.65224838960506,122.46775161039494,0.15,0.06,0.84,0.03,0.01,0.9
RR,150,150,150,1.0,0.0,0.10666666666666667,0.9750297556319235,1.0,0.0,0.0249702443680766,0.06673036965207343,0.16624622258414684,11469.333333333334,11270.1510793416,11668.515587325068,12752.666666666666,12591.953612562616,12913.379720770716,10186.0,9965.826451342164,10406.173548657836,137.24824484137972,134.18495046444235,140.31153921831708,75.64,73.31411005568067,77.96588994431933,0.2,0.08000000000000002,0.84,0.03,0.01,0.9
TR,150,150,150,1.0,0.0,0.06666666666666667,0.9750297556319235,1.0,0.0,0.0249702443680766,0.03661185666960744,0.11836235511605896,10586.666666666666,10399.215721974806,10774.117611358526,11654.0,11490.488627279221,11817.511372720779,9519.333333333334,9283.65075029572,9755.015916370949,110.84124330626432,108.53620635725514,113.1462802552735,87.78,84.56562751700827,90.99437248299174,0.2,0.08000000000000002,0.84,0.03,0.01,0.9
EIR,150,150,66,0.44,0.0,0.09333333333333334,0.3630449619604422,0.519951467363727,0.0,0.0249702443680766,0.05641186747708652,0.1505639312756158,12759.333333333334,12565.491864652366,12953.174802014302,12336.666666666666,12155.542555229711,12517.790778103621,13182.0,12852.174509239989,13511.825490760011,61.10024297175646,59.77210012875347,62.428385814759444,199.0909090909091,188.00749707056445,210.17432111125373,0.03,0.012,0.84,0.03,0.01,0.9
EIR,150,150,132,0.88,0.0,0.09333333333333334,0.818291645158672,0.9227309691215898,0.0,0.0249702443680766,0.05641186747708652,0.1505639312756158,12739.333333333334,12511.757922082708,12966.90874458396,12336.666666666666,12155.542555229711,12517.790778103621,13142.0,12733.721881793845,13550.278118206155,70.8524882646473,69.56490362006181,72.1400729092328,183.2348484848485,175.71607594524858,190.75362102444842,0.06,0.024,0.84,0.03,0.01,0.9
EIR,150,150,150,1.0,0.0,0.09333333333333334,0.9750297556319235,1.0,0.0,0.0249702443680766,0.05641186747708652,0.1505639312756158,12166.333333333334,11965.264499202975,12367.402167463693,12336.666666666666,12155.542555229711,12517.790778103621,11996.0,11638.291457914882,12353.708542085118,89.91821717879687,88.16764716768827,91.66878718990546,136.34666666666666,130.85607512518257,141.83725820815076,0.1,0.04000000000000001,0.84,0.03,0.01,0.9
EIR,150,150,150,1.0,0.0,0.09333333333333334,0.9750297556319235,1.0,0.0,0.0249702443680766,0.05641186747708652,0.1505639312756158,11960.0,11786.678146410803,12133.321853589197,12336.666666666666,12155.542555229711,12517.790778103621,11583.333333333334,11299.707751504971,11866.958915161696,117.16023902000752,114.9469821242988,119.37349591571625,100.36666666666666,97.12208852829518,103.61124480503814,0.15,0.06,0.84,0.03,0.01,0.9
EIR,150,150,150,1.0,0.0,0.09333333333333334,0.9750297556319235,1.0,0.0,0.0249702443680766,0.05641186747708652,0.1505639312756158,12043.666666666666,11892.708771782407,12194.624561550925,12336.666666666666,12155.542555229711,12517.790778103621,11750.666666666666,11517.800967689609,11983.532365643723,143.95389999019196,141.22146172870347,146.68633825168044,82.51333333333334,80.50762378743715,84.51904287922952,0.2,0.08000000000000002,0.84,0.03,0.01,0.9
RR,150,150,45,0.3,0.0,0.10666666666666667,0.23240829378731656,0.3775798039599141,0.0,0.0249702443680766,0.06673036965207343,0.16624622258414684,13228.333333333334,13056.267631831948,13400.39903483472,12752.666666666666,12591.953612562616,12913.379720770716,13704.0,13418.818456088598,13989.181543911402,61.03500485515302,58.04208321518348,64.02792649512256,206.84444444444443,191.6919272635613,221.99696162532757,0.03,0.012,0.84,0.03,0.02,0.75
TR,150,150,29,0.19333333333333333,0.0,0.06666666666666667,0.13811889170191843,0.2638628581771686,0.0,0.0249702443680766,0.03661185666960744,0.11836235511605896,12140.0,11981.710512520422,12298.289487479578,11654.0,11490.488627279221,11817.511372720779,12626.0,12377.718764860134,12874.281235139866,56.752194815777685,53.78172547857709,59.72266415297828,205.58620689655172,185.4281322346122,225.74428155849122,0.03,0.012,0.84,0.03,0.02,0.75
RR,150,150,111,0.74,0.0,0.10666666666666667,0.6644356718314847,0.8035786108718385,0.0,0.0249702443680766,0.06673036965207343,0.16624622258414684,13074.333333333334,12844.596889973496,13304.069776693172,12752.666666666666,12591.953612562616,12913.379720770716,13396.0,12970.958975690723,13821.041024309277,70.42949398686248,68.69923342002527,72.1597545536997,182.78378378378378,173.9155244793344,191.65204308823314,0.06,0.024,0.84,0.03,0.02,0.75
TR,150,150,73,0.4866666666666667,0.0,0.06666666666666667,0.40801711922387535,0.5659820872926068,0.0,0.0249702443680766,0.03661185666960744,0.11836235511605896,12451.0,12238.164864177203,12663.835135822797,11654.0,11490.488627279221,11817.511372720779,13248.0,12898.266049152555,13597.733950847445,61.75427426541575,60.029658247810715,63.47889028302079,198.86301369863014,187.60333805630242,210.12268934095786,0.06,0.024,0.84,0.03,0.02,0.75
RR,150,150,149,0.9933333333333333,0.0,0.10666666666666667,0.9632071602251817,0.9988221986649826,0.0,0.0249702443680766,0.06673036965207343,0.16624622258414684,12217.666666666666,12003.831160263815,12431.502173069517,12752.666666666666,12591.953612562616,12913.379720770716,11682.666666666666,11304.607282890895,12060.726050442438,85.5606475827994,83.54559054806799,87.57570461753082,140.73825503355704,134.25554386002486,147.22096620708922,0.1,0.04000000000000001,0.84,0.03,0.02,0.75
TR,150,150,140,0.9333333333333333,0.0,0.06666666666666667,0.8816376448839411,0.9633881433303926,0.0,0.0249702443680766,0.03661185666960744,0.11836235511605896,11794.666666666666,11563.72366176194,12025.609671571392,11654.0,11490.488627279221,11817.511372720779,11935.333333333334,11503.710428704364,12366.956237962304,71.63605147634561,70.11894591928868,73.15315703340255,167.34285714285716,159.22397399073108,175.46174029498323,0.1,0.04000000000000001,0.84,0.03,0.02,0.75
RR,150,150,150,1.0,0.0,0.10666666666666667,0.9750297556319235,1.0,0.0,0.0249702443680766,0.06673036965207343,0.16624622258414684,11644.333333333334,11442.508698060508,11846.15796860616,12752.666666666666,12591.953612562616,12913.379720770716,10536.0,10263.400629229554,10808.599370770446,110.52059685407706,107.9170430065965,113.12415070155761,98.04666666666667,94.15590303409174,101.9374302992416,0.15,0.06,0.84,0.03,0.02,0.75
TR,150,150,150,1.0,0.0,0.06666666666666667,0.9750297556319235,1.0,0.0,0.0249702443680766,0.03661185666960744,0.11836235511605896,10980.666666666666,10793.103671457204,11168.229661876128,11654.0,11490.488627279221,11817.511372720779,10307.333333333334,10005.54178076127,10609.124885905398,89.88929949882014,88.04393099552166,91.73466800211861,117.56,112.65224838960506,122.46775161039494,0.15,0.06,0.84,0.03,0.02,0.75
RR,150,150,150,1.0,0.0,0.10666666666666667,0.9750297556319235,1.0,0.0,0.0249702443680766,0.06673036965207343,0.16624622258414684,11469.333333333334,11270.1510793416,11668.515587325068,12752.666666666666,12591.953612562616,12913.379720770716,10186.0,9965.826451342164,10406.173548657836,137.24824484137972,134.18495046444235,140.31153921831708,75.64,73.31411005568067,77.96588994431933,0.2,0.08000000000000002,0.84,0.03,0.02,0.75
TR,150,150,150,1.0,0.0,0.06666666666666667,0.9750297556319235,1.0,0.0,0.0249702443680766,0.03661185666960744,0.11836235511605896,10586.666666666666,10399.215721974806,10774.117611358526,11654.0,11490.488627279221,11817.511372720779,9519.333333333334,9283.65075029572,9755.015916370949,110.84124330626432,108.53620635725514,113.1462802552735,87.78,84.56562751700827,90.99437248299174,0.2,0.08000000000000002,0.84,0.03,0.02,0.75
EIR,150,150,54,0.36,0.0,0.05333333333333334,0.28756583250443635,0.43942583591862505,0.0,0.0249702443680766,0.027269539920193826,0.1017038783819546,12956.0,12764.1577371233,13147.8422628767,12362.0,12180.617452991635,12543.382547008365,13550.0,13239.170725626818,13860.829274373182,61.40727182780453,59.82638378222568,62.988159873383374,203.16666666666666,190.59361342441417,215.73971990891914,0.03,0.012,0.84,0.03,0.02,0.75
EIR,150,150,124,0.8266666666666667,0.0,0.05333333333333334,0.7581400726100628,0.8788793677361272,0.0,0.0249702443680766,0.027269539920193826,0.1017038783819546,13092.333333333334,12850.666838219466,13333.999828447202,12362.0,12180.617452991635,12543.382547008365,13822.666666666666,13405.543246368277,14239.790086965055,70.58001817497049,69.36013346691354,71.79990288302744,190.7983870967742,183.19749929133832,198.3992749022101,0.06,0.024,0.84,0.03,0.02,0.75
EIR,150,150,150,1.0,0.0,0.05333333333333334,0.9750297556319235,1.0,0.0,0.0249702443680766,0.027269539920193826,0.1017038783819546,12509.333333333334,12299.044292526629,12719.622374140039,12362.0,12180.617452991635,12543.382547008365,12656.666666666666,12277.904758521092,13035.42857481224,88.55142894366205,86.89826730032085,90.20459058700324,145.86,140.0263577170955,151.69364228290453,0.1,0.04000000000000001,0.84,0.03,0.02,0.75
EIR,150,150,150,1.0,0.0,0.05333333333333334,0.9750297556319235,1.0,0.0,0.0249702443680766,0.027269539920193826,0.1017038783819546,12120.0,11947.982735383002,12292.017264616998,12362.0,12180.617452991635,12543.382547008365,11878.0,11590.184847924658,12165.815152075342,116.0103435304496,113.91868306677664,118.10200399412257,103.86666666666666,100.53633170607381,107.19700162725951,0.15,0.06,0.84,0.03,0.02,0.75
EIR,150,150,150,1.0,0.0,0.05333333333333334,0.9750297556319235,1.0,0.0,0.0249702443680766,0.027269539920193826,0.1017038783819546,12176.333333333334,12024.354195410786,12328.312471255882,12362.0,12180.617452991635,12543.382547008365,11990.666666666666,11749.785890713269,12231.547442620064,141.7055542048801,139.06294408675402,144.34816432300616,85.60666666666667,83.42817133125249,87.78516200208085,0.2,0.08000000000000002,0.84,0.03,0.02,0.75
RR,150,150,45,0.3,0.0,0.10666666666666667,0.23240829378731656,0.3775798039599141,0.0,0.0249702443680766,0.06673036965207343,0.16624622258414684,13228.333333333334,13056.267631831948,13400.39903483472,12752.666666666666,12591.953612562616,12913.379720770716,13704.0,13418.818456088598,13989.181543911402,61.03500485515302,58.04208321518348,64.02792649512256,206.84444444444443,191.6919272635613,221.99696162532757,0.03,0.012,0.84,0.03,0.02,0.9
TR,150,150,29,0.19333333333333333,0.0,0.06666666666666667,0.13811889170191843,0.2638628581771686,0.0,0.0249702443680766,0.03661185666960744,0.11836235511605896,12140.0,11981.710512520422,12298.289487479578,11654.0,11490.488627279221,11817.511372720779,12626.0,12377.718764860134,12874.281235139866,56.752194815777685,53.78172547857709,59.72266415297828,205.58620689655172,185.4281322346122,225.74428155849122,0.03,0.012,0.84,0.03,0.02,0.9
RR,150,150,111,0.74,0.0,0.10666666666666667,0.6644356718314847,0.8035786108718385,0.0,0.0249702443680766,0.06673036965207343,0.16624622258414684,13074.333333333334,12844.596889973496,13304.069776693172,12752.666666666666,12591.953612562616,12913.379720770716,13396.0,12970.958975690723,13821.041024309277,70.42949398686248,68.69923342002527,72.1597545536997,182.78378378378378,173.9155244793344,191.65204308823314,0.06,0.024,0.84,0.03,0.02,0.9
TR,150,150,73,0.4866666666666667,0.0,0.06666666666666667,0.40801711922387535,0.5659820872926068,0.0,0.0249702443680766,0.03661185666960744,0.11836235511605896,12451.0,12238.164864177203,12663.835135822797,11654.0,11490.488627279221,11817.511372720779,13248.0,12898.266049152555,13597.733950847445,61.75427426541575,60.029658247810715,63.47889028302079,198.86301369863014,187.60333805630242,210.12268934095786,0.06,0.024,0.84,0.03,0.02,0.9
RR,150,150,149,0.9933333333333333,0.0,0.10666666666666667,0.9632071602251817,0.9988221986649826,0.0,0.0249702443680766,0.06673036965207343,0.16624622258414684,12217.666666666666,12003.831160263815,12431.502173069517,12752.666666666666,12591.953612562616,12913.379720770716,11682.666666666666,11304.607282890895,12060.726050442438,85.5606475827994,83.54559054806799,87.57570461753082,140.73825503355704,134.25554386002486,147.22096620708922,0.1,0.04000000000000001,0.84,0.03,0.02,0.9
TR,150,150,140,0.9333333333333333,0.0,0.06666666666666667,0.8816376448839411,0.9633881433303926,0.0,0.0249702443680766,0.03661185666960744,0.11836235511605896,11794.666666666666,11563.72366176194,12025.609671571392,11654.0,11490.488627279221,11817.511372720779,11935.333333333334,11503.710428704364,12366.956237962304,71.63605147634561,70.11894591928868,73.15315703340255,167.34285714285716,159.22397399073108,175.46174029498323,0.1,0.04000000000000001,0.84,0.03,0.02,0.9
RR,150,150,150,1.0,0.0,0.10666666666666667,0.9750297556319235,1.0,0.0,0.0249702443680766,0.06673036965207343,0.16624622258414684,11644.333333333334,11442.508698060508,11846.15796860616,12752.666666666666,12591.953612562616,12913.379720770716,10536.0,10263.400629229554,10808.599370770446,110.52059685407706,107.9170430065965,113.12415070155761,98.04666666666667,94.15590303409174,101.9374302992416,0.15,0.06,0.84,0.03,0.02,0.9
TR,150,150,150,1.0,0.0,0.06666666666666667,0.9750297556319235,1.0,0.0,0.0249702443680766,0.03661185666960744,0.11836235511605896,10980.666666666666,10793.103671457204,11168.229661876128,11654.0,11490.488627279221,11817.511372720779,10307.333333333334,10005.54178076127,10609.124885905398,89.88929949882014,88.04393099552166,91.73466800211861,117.56,112.65224838960506,122.46775161039494,0.15,0.06,0.84,0.03,0.02,0.9
RR,150,150,150,1.0,0.0,0.10666666666666667,0.9750297556319235,1.0,0.0,0.0249702443680766,0.06673036965207343,0.16624622258414684,11469.333333333334,11270.1510793416,11668.515587325068,12752.666666666666,12591.953612562616,12913.379720770716,10186.0,9965.826451342164,10406.173548657836,137.24824484137972,134.18495046444235,140.31153921831708,75.64,73.31411005568067,77.96588994431933,0.2,0.08000000000000002,0.84,0.03,0.02,0.9
TR,150,150,150,1.0,0.0,0.06666666666666667,0.9750297556319235,1.0,0.0,0.0249702443680766,0.03661185666960744,0.11836235511605896,10586.666666666666,10399.215721974806,10774.117611358526,11654.0,11490.488627279221,11817.511372720779,9519.333333333334,9283.65075029572,9755.015916370949,110.84124330626432,108.53620635725514,113.1462802552735,87.78,84.56562751700827,90.99437248299174,0.2,0.08000000000000002,0.84,0.03,0.02,0.9
EIR,150,150,64,0.4266666666666667,0.0,0.08666666666666667,0.3503209045656491,0.5066747312750022,0.0,0.0249702443680766,0.051347178274724174,0.14262822373621914,12753.0,12559.001354626798,12946.998645373202,12302.666666666666,12122.832689771603,12482.500643561729,13203.333333333334,12874.31997691854,13532.346689748128,61.12867240169341,59.77152082759435,62.485823975792464,199.578125,187.99920039797192,211.15704960202808,0.03,0.012,0.84,0.03,0.02,0.9
EIR,150,150,132,0.88,0.0,0.08666666666666667,0.818291645158672,0.9227309691215898,0.0,0.0249702443680766,0.051347178274724174,0.14262822373621914,12687.0,12461.811643300778,12912.188356699222,12302.666666666666,12122.832689771603,12482.500643561729,13071.333333333334,12666.904003083268,13475.7626635834,70.61819195091425,69.31627224619432,71.92011165563419,182.65151515151516,175.23426606931113,190.06876423371918,0.06,0.024,0.84,0.03,0.02,0.9
EIR,150,150,150,1.0,0.0,0.08666666666666667,0.9750297556319235,1.0,0.0,0.0249702443680766,0.051347178274724174,0.14262822373621914,12142.333333333334,11941.850820662732,12342.815846003936,12302.666666666666,12122.832689771603,12482.500643561729,11982.0,11624.7232515532,12339.2767484468,89.3509384679601,87.5943780127709,91.10749892314931,137.1,131.5716988542907,142.6283011457093,0.1,0.04000000000000001,0.84,0.03,0.02,0.9
EIR,150,150,150,1.0,0.0,0.08666666666666667,0.9750297556319235,1.0,0.0,0.0249702443680766,0.051347178274724174,0.14262822373621914,11930.666666666666,11758.0209437482,12103.312389585131,12302.666666666666,12122.832689771603,12482.500643561729,11558.666666666666,11275.558050526162,11841.77528280717,116.17334582440729,113.99167600860628,118.35501564020831,101.03333333333333,97.7417895850369,104.32487708162977,0.15,0.06,0.84,0.03,0.02,0.9
EIR,150,150,150,1.0,0.0,0.08666666666666667,0.9750297556319235,1.0,0.0,0.0249702443680766,0.051347178274724174,0.14262822373621914,12010.0,11860.497078804376,12159.502921195624,12302.666666666666,12122.832689771603,12482.500643561729,11717.333333333334,11487.229734360979,11947.436932305689,142.44103250951062,139.73357517847856,145.14848984054268,83.22,81.14064866298808,85.29935133701191,0.2,0.08000000000000002,0.84,0.03,0.02,0.9
RR,150,150,45,0.3,0.0,0.10666666666666667,0.23240829378731656,0.3775798039599141,0.0,0.0249702443680766,0.06673036965207343,0.16624622258414684,13228.333333333334,13056.267631831948,13400.39903483472,12752.666666666666,12591.953612562616,12913.379720770716,13704.0,13418.818456088598,13989.181543911402,61.03500485515302,58.04208321518348,64.02792649512256,206.84444444444443,191.6919272635613,221.99696162532757,0.03,0.012,0.84,0.03,0.03,0.75
TR,150,150,29,0.19333333333333333,0.0,0.06666666666666667,0.13811889170191843,0.2638628581771686,0.0,0.0249702443680766,0.03661185666960744,0.11836235511605896,12140.0,11981.710512520422,12298.289487479578,11654.0,11490.488627279221,11817.511372720779,12626.0,12377.718764860134,12874.281235139866,56.752194815777685,53.78172547857709,59.72266415297828,205.58620689655172,185.4281322346122,225.74428155849122,0.03,0.012,0.84,0.03,0.03,0.75
RR,150,150,111,0.74,0.0,0.10666666666666667,0.6644356718314847,0.8035786108718385,0.0,0.0249702443680766,0.06673036965207343,0.16624622258414684,13074.333333333334,12844.596889973496,13304.069776693172,12752.666666666666,12591.953612562616,12913.379720770716,13396.0,12970.958975690723,13821.041024309277,70.42949398686248,68.69923342002527,72.1597545536997,182.78378378378378,173.9155244793344,191.65204308823314,0.06,0.024,0.84,0.03,0.03,0.75
TR,150,150,73,0.4866666666666667,0.0,0.06666666666666667,0.40801711922387535,0.5659820872926068,0.0,0.0249702443680766,0.03661185666960744,0.11836235511605896,12451.0,12238.164864177203,12663.835135822797,11654.0,11490.488627279221,11817.511372720779,13248.0,12898.266049152555,13597.733950847445,61.75427426541575,60.029658247810715,63.47889028302079,198.86301369863014,187.60333805630242,210.12268934095786,0.06,0.024,0.84,0.03,0.03,0.75
RR,150,150,149,0.9933333333333333,0.0,0.10666666666666667,0.9632071602251817,0.9988221986649826,0.0,0.0249702443680766,0.06673036965207343,0.16624622258414684,12217.666666666666,12003.831160263815,12431.502173069517,12752.666666666666,12591.953612562616,12913.379720770716,11682.666666666666,11304.607282890895,12060.726050442438,85.5606475827994,83.54559054806799,87.57570461753082,140.73825503355704,134.25554386002486,147.22096620708922,0.1,0.04000000000000001,0.84,0.03,0.03,0.75
TR,150,150,140,0.9333333333333333,0.0,0.06666666666666667,0.8816376448839411,0.9633881433303926,0.0,0.0249702443680766,0.03661185666960744,0.11836235511605896,11794.666666666666,11563.72366176194,12025.609671571392,11654.0,11490.488627279221,11817.511372720779,11935.333333333334,11503.710428704364,12366.956237962304,71.63605147634561,70.11894591928868,73.15315703340255,167.34285714285716,159.22397399073108,175.46174029498323,0.1,0.04000000000000001,0.84,0.03,0.03,0.75
RR,150,150,150,1.0,0.0,0.10666666666666667,0.9750297556319235,1.0,0.0,0.0249702443680766,0.06673036965207343,0.16624622258414684,11644.333333333334,11442.508698060508,11846.15796860616,12752.666666666666,12591.953612562616,12913.379720770716,10536.0,10263.400629229554,10808.599370770446,110.52059685407706,107.9170430065965,113.12415070155761,98.04666666666667,94.15590303409174,101.9374302992416,0.15,0.06,0.84,0.03,0.03,0.75
TR,150,150,150,1.0,0.0,0.06666666666666667,0.9750297556319235,1.0,0.0,0.0249702443680766,0.03661185666960744,0.11836235511605896,10980.666666666666,10793.103671457204,11168.229661876128,11654.0,11490.488627279221,11817.511372720779,10307.333333333334,10005.54178076127,10609.124885905398,89.88929949882014,88.04393099552166,91.73466800211861,117.56,112.65224838960506,122.46775161039494,0.15,0.06,0.84,0.03,0.03,0.75
RR,150,150,150,1.0,0.0,0.10666666666666667,0.9750297556319235,1.0,0.0,0.0249702443680766,0.06673036965207343,0.16624622258414684,11469.333333333334,11270.1510793416,11668.515587325068,12752.666666666666,12591.953612562616,12913.379720770716,10186.0,9965.826451342164,10406.173548657836,137.24824484137972,134.18495046444235,140.31153921831708,75.64,73.31411005568067,77.96588994431933,0.2,0.08000000000000002,0.84,0.03,0.03,0.75
TR,150,150,150,1.0,0.0,0.06666666666666667,0.9750297556319235,1.0,0.0,0.0249702443680766,0.03661185666960744,0.11836235511605896,10586.666666666666,10399.215721974806,10774.117611358526,11654.0,11490.488627279221,11817.511372720779,9519.333333333334,9283.65075029572,9755.015916370949,110.84124330626432,108.53620635725514,113.1462802552735,87.78,84.56562751700827,90.99437248299174,0.2,0.08000000000000002,0.84,0.03,0.03,0.75
EIR,150,150,52,0.3466666666666667,0.0,0.05333333333333334,0.2751950896082086,0.4257957853313349,0.0,0.0249702443680766,0.027269539920193826,0.1017038783819546,12944.333333333334,12752.042764628166,13136.623902038502,12338.666666666666,12158.271199667322,12519.06213366601,13550.0,13238.645853124683,13861.354146875317,61.49785997255413,59.88077519887357,63.11494474623469,202.07692307692307,189.18498616396502,214.9688599898811,0.03,0.012,0.84,0.03,0.03,0.75
EIR,150,150,124,0.8266666666666667,0.0,0.05333333333333334,0.7581400726100628,0.8788793677361272,0.0,0.0249702443680766,0.027269539920193826,0.1017038783819546,13082.333333333334,12842.065169024521,13322.601497642147,12338.666666666666,12158.271199667322,12519.06213366601,13826.0,13412.92494540954,14239.07505459046,70.29858441263191,69.06686900730607,71.53029981795775,191.79032258064515,184.19018719533935,199.39045796595096,0.06,0.024,0.84,0.03,0.03,0.75
EIR,150,150,150,1.0,0.0,0.05333333333333334,0.9750297556319235,1.0,0.0,0.0249702443680766,0.027269539920193826,0.1017038783819546,12485.333333333334,12275.01358415896,12695.653082507708,12338.666666666666,12158.271199667322,12519.06213366601,12632.0,12252.685313354303,13011.314686645697,88.19089198505289,86.5373222873982,89.84446168270757,146.19333333333333,140.31798286422782,152.06868380243884,0.1,0.04000000000000001,0.84,0.03,0.03,0.75
EIR,150,150,150,1.0,0.0,0.05333333333333334,0.9750297556319235,1.0,0.0,0.0249702443680766,0.027269539920193826,0.1017038783819546,12093.0,11920.809135187452,12265.190864812548,12338.666666666666,12158.271199667322,12519.06213366601,11847.333333333334,11558.64269382799,12136.023972838679,115.13588580436429,113.07709932705568,117.19467228167291,104.36666666666666,101.01714946029504,107.71618387303828,0.15,0.06,0.84,0.03,0.03,0.75
EIR,150,150,150,1.0,0.0,0.05333333333333334,0.9750297556319235,1.0,0.0,0.0249702443680766,0.027269539920193826,0.1017038783819546,12140.333333333334,11986.45832767889,12294.208338987777,12338.666666666666,12158.271199667322,12519.06213366601,11942.0,11696.119809693479,12187.880190306521,140.2501799749363,137.59784563311675,142.90251431675583,86.17333333333333,83.92435142261648,88.42231524405018,0.2,0.08000000000000002,0.84,0.03,0.03,0.75
RR,150,150,45,0.3,0.0,0.10666666666666667,0.23240829378731656,0.3775798039599141,0.0,0.0249702443680766,0.06673036965207343,0.16624622258414684,13228.333333333334,13056.267631831948,13400.39903483472,12752.666666666666,12591.953612562616,12913.379720770716,13704.0,13418.818456088598,13989.181543911402,61.03500485515302,58.04208321518348,64.02792649512256,206.84444444444443,191.6919272635613,221.99696162532757,0.03,0.012,0.84,0.03,0.03,0.9
TR,150,150,29,0.19333333333333333,0.0,0.06666666666666667,0.13811889170191843,0.2638628581771686,0.0,0.0249702443680766,0.03661185666960744,0.11836235511605896,12140.0,11981.710512520422,12298.289487479578,11654.0,11490.488627279221,11817.511372720779,12626.0,12377.718764860134,12874.281235139866,56.752194815777685,53.78172547857709,59.72266415297828,205.58620689655172,185.4281322346122,225.74428155849122,0.03,0.012,0.84,0.03,0.03,0.9
RR,150,150,111,0.74,0.0,0.10666666666666667,0.6644356718314847,0.8035786108718385,0.0,0.0249702443680766,0.06673036965207343,0.16624622258414684,13074.333333333334,12844.596889973496,13304.069776693172,12752.666666666666,12591.953612562616,12913.379720770716,13396.0,12970.958975690723,13821.041024309277,70.42949398686248,68.69923342002527,72.1597545536997,182.78378378378378,173.9155244793344,191.65204308823314,0.06,0.024,0.84,0.03,0.03,0.9
TR,150,150,73,0.4866666666666667,0.0,0.06666666666666667,0.40801711922387535,0.5659820872926068,0.0,0.0249702443680766,0.03661185666960744,0.11836235511605896,12451.0,12238.164864177203,12663.835135822797,11654.0,11490.488627279221,11817.511372720779,13248.0,12898.266049152555,13597.733950847445,61.75427426541575,60.029658247810715,63.47889028302079,198.86301369863014,187.60333805630242,210.12268934095786,0.06,0.024,0.84,0.03,0.03,0.9
RR,150,150,149,0.9933333333333333,0.0,0.10666666666666667,0.9632071602251817,0.9988221986649826,0.0,0.0249702443680766,0.06673036965207343,0.16624622258414684,12217.666666666666,12003.831160263815,12431.502173069517,12752.666666666666,12591.953612562616,12913.379720770716,11682.666666666666,11304.607282890895,12060.726050442438,85.5606475827994,83.54559054806799,87.57570461753082,140.73825503355704,134.25554386002486,147.22096620708922,0.1,0.04000000000000001,0.84,0.03,0.03,0.9
TR,150,150,140,0.9333333333333333,0.0,0.06666666666666667,0.8816376448839411,0.9633881433303926,0.0,0.0249702443680766,0.03661185666960744,0.11836235511605896,11794.666666666666,11563.72366176194,12025.609671571392,11654.0,11490.488627279221,11817.511372720779,11935.333333333334,11503.710428704364,12366.956237962304,71.63605147634561,70.11894591928868,73.15315703340255,167.34285714285716,159.22397399073108,175.46174029498323,0.1,0.04000000000000001,0.84,0.03,0.03,0.9
RR,150,150,150,1.0,0.0,0.10666666666666667,0.9750297556319235,1.0,0.0,0.0249702443680766,0.06673036965207343,0.16624622258414684,11644.333333333334,11442.508698060508,11846.15796860616,12752.666666666666,12591.953612562616,12913.379720770716,10536.0,10263.400629229554,10808.599370770446,110.52059685407706,107.9170430065965,113.12415070155761,98.04666666666667,94.15590303409174,101.9374302992416,0.15,0.06,0.84,0.03,0.03,0.9
TR,150,150,150,1.0,0.0,0.06666666666666667,0.9750297556319235,1.0,0.0,0.0249702443680766,0.03661185666960744,0.11836235511605896,10980.666666666666,10793.103671457204,11168.229661876128,11654.0,11490.488627279221,11817.511372720779,10307.333333333334,10005.54178076127,10609.124885905398,89.88929949882014,88.04393099552166,91.73466800211861,117.56,112.65224838960506,122.46775161039494,0.15,0.06,0.84,0.03,0.03,0.9
RR,150,150,150,1.0,0.0,0.10666666666666667,0.9750297556319235,1.0,0.0,0.0249702443680766,0.06673036965207343,0.16624622258414684,11469.333333333334,11270.1510793416,11668.515587325068,12752.666666666666,12591.953612562616,12913.379720770716,10186.0,9965.826451342164,10406.173548657836,137.24824484137972,134.18495046444235,140.31153921831708,75.64,73.31411005568067,77.96588994431933,0.2,0.08000000000000002,0.84,0.03,0.03,0.9
TR,150,150,150,1.0,0.0,0.06666666666666667,0.9750297556319235,1.0,0.0,0.0249702443680766,0.03661185666960744,0.11836235511605896,10586.666666666666,10399.215721974806,10774.117611358526,11654.0,11490.488627279221,11817.511372720779,9519.333333333334,9283.65075029572,9755.015916370949,110.84124330626432,108.53620635725514,113.1462802552735,87.78,84.56562751700827,90.99437248299174,0.2,0.08000000000000002,0.84,0.03,0.03,0.9
EIR,150,150,63,0.42,0.0,0.08666666666666667,0.3439800445299174,0.5000151945689748,0.0,0.0249702443680766,0.051347178274724174,0.14262822373621914,12738.0,12544.910833207394,12931.089166792606,12280.666666666666,12101.98568218886,12459.347651144471,13195.333333333334,12868.343088009535,13522.323578657133,61.03083090685129,59.63948447359181,62.42217734011078,199.8095238095238,188.04640710246957,211.57264051657802,0.03,0.012,0.84,0.03,0.03,0.9
EIR,150,150,132,0.88,0.0,0.08666666666666667,0.818291645158672,0.9227309691215898,0.0,0.0249702443680766,0.051347178274724174,0.14262822373621914,12700.0,12476.928688404247,12923.071311595753,12280.666666666666,12101.98568218886,12459.347651144471,13119.333333333334,12720.93983520285,13517.726831463819,70.17346466094133,68.88766446645285,71.45926485542982,184.4848484848485,177.1680607544813,191.8016362152157,0.06,0.024,0.84,0.03,0.03,0.9
EIR,150,150,150,1.0,0.0,0.08666666666666667,0.9750297556319235,1.0,0.0,0.0249702443680766,0.051347178274724174,0.14262822373621914,12134.666666666666,11936.400126400122,12332.93320693321,12280.666666666666,12101.98568218886,12459.347651144471,11988.666666666666,11635.48100108714,12341.852332246192,88.96979214704753,87.22051899182692,90.71906530226813,137.74666666666667,132.24699821387713,143.2463351194562,0.1,0.04000000000000001,0.84,0.03,0.03,0.9
EIR,150,150,150,1.0,0.0,0.08666666666666667,0.9750297556319235,1.0,0.0,0.0249702443680766,0.051347178274724174,0.14262822373621914,11925.0,11752.388433494036,12097.611566505964,12280.666666666666,12101.98568218886,12459.347651144471,11569.333333333334,11284.501164453146,11854.165502213522,115.27451868223429,113.12146276265184,117.42757460181673,101.92666666666666,98.58904053757762,105.26429279575571,0.15,0.06,0.84,0.03,0.03,0.9
EIR,150,150,150,1.0,0.0,0.08666666666666667,0.9750297556319235,1.0,0.0,0.0249702443680766,0.051347178274724174,0.14262822373621914,11973.0,11822.111152757005,12123.888847242995,12280.666666666666,12101.98568218886,12459.347651144471,11665.333333333334,11431.73629583364,11898.930370833028,140.87627151979638,138.15731647643122,143.59522656316153,83.79333333333334,81.67115700659642,85.91550966007026,0.2,0.08000000000000002,0.84,0.03,0.03,0.9
RR,150,150,45,0.3,0.0,0.10666666666666667,0.23240829378731656,0.3775798039599141,0.0,0.0249702443680766,0.06673036965207343,0.16624622258414684,13228.333333333334,13056.267631831948,13400.39903483472,12752.666666666666,12591.953612562616,12913.379720770716,13704.0,13418.818456088598,13989.181543911402,61.03500485515302,58.04208321518348,64.02792649512256,206.84444444444443,191.6919272635613,221.99696162532757,0.03,0.012,0.84,0.04,0.01,0.75
TR,150,150,29,0.19333333333333333,0.0,0.06666666666666667,0.13811889170191843,0.2638628581771686,0.0,0.0249702443680766,0.03661185666960744,0.11836235511605896,12140.0,11981.710512520422,12298.289487479578,11654.0,11490.488627279221,11817.511372720779,12626.0,12377.718764860134,12874.281235139866,56.752194815777685,53.78172547857709,59.72266415297828,205.58620689655172,185.4281322346122,225.74428155849122,0.03,0.012,0.84,0.04,0.01,0.75
RR,150,150,111,0.74,0.0,0.10666666666666667,0.6644356718314847,0.8035786108718385,0.0,0.0249702443680766,0.06673036965207343,0.16624622258414684,13074.333333333334,12844.596889973496,13304.069776693172,12752.666666666666,12591.953612562616,12913.379720770716,13396.0,12970.958975690723,13821.041024309277,70.42949398686248,68.69923342002527,72.1597545536997,182.78378378378378,173.9155244793344,191.65204308823314,0.06,0.024,0.84,0.04,0.01,0.75
TR,150,150,73,0.4866666666666667,0.0,0.06666666666666667,0.40801711922387535,0.5659820872926068,0.0,0.0249702443680766,0.03661185666960744,0.11836235511605896,12451.0,12238.164864177203,12663.835135822797,11654.0,11490.488627279221,11817.511372720779,13248.0,12898.266049152555,13597.733950847445,61.75427426541575,60.029658247810715,63.47889028302079,198.86301369863014,187.60333805630242,210.12268934095786,0.06,0.024,0.84,0.04,0.01,0.75
RR,150,150,149,0.9933333333333333,0.0,0.10666666666666667,0.9632071602251817,0.9988221986649826,0.0,0.0249702443680766,0.06673036965207343,0.16624622258414684,12217.666666666666,12003.831160263815,12431.502173069517,12752.666666666666,12591.953612562616,12913.379720770716,11682.666666666666,11304.607282890895,12060.726050442438,85.5606475827994,83.54559054806799,87.57570461753082,140.73825503355704,134.25554386002486,147.22096620708922,0.1,0.04000000000000001,0.84,0.04,0.01,0.75
TR,150,150,140,0.9333333333333333,0.0,0.06666666666666667,0.8816376448839411,0.9633881433303926,0.0,0.0249702443680766,0.03661185666960744,0.11836235511605896,11794.666666666666,11563.72366176194,12025.609671571392,11654.0,11490.488627279221,11817.511372720779,11935.333333333334,11503.710428704364,12366.956237962304,71.63605147634561,70.11894591928868,73.15315703340255,167.34285714285716,159.22397399073108,175.46174029498323,0.1,0.04000000000000001,0.84,0.04,0.01,0.75
RR,150,150,150,1.0,0.0,0.10666666666666667,0.9750297556319235,1.0,0.0,0.0249702443680766,0.06673036965207343,0.16624622258414684,11644.333333333334,11442.508698060508,11846.15796860616,12752.666666666666,12591.953612562616,12913.379720770716,10536.0,10263.400629229554,10808.599370770446,110.52059685407706,107.9170430065965,113.12415070155761,98.04666666666667,94.15590303409174,101.9374302992416,0.15,0.06,0.84,0.04,0.01,0.75
TR,150,150,150,1.0,0.0,0.06666666666666667,0.9750297556319235,1.0,0.0,0.0249702443680766,0.03661185666960744,0.11836235511605896,10980.666666666666,10793.103671457204,11168.229661876128,11654.0,11490.488627279221,11817.511372720779,10307.333333333334,10005.54178076127,10609.124885905398,89.88929949882014,88.04393099552166,91.73466800211861,117.56,112.65224838960506,122.46775161039494,0.15,0.06,0.84,0.04,0.01,0.75
RR,150,150,150,1.0,0.0,0.10666666666666667,0.9750297556319235,1.0,0.0,0.0249702443680766,0.06673036965207343,0.16624622258414684,11469.333333333334,11270.1510793416,11668.515587325068,12752.666666666666,12591.953612562616,12913.379720770716,10186.0,9965.826451342164,10406.173548657836,137.24824484137972,134.18495046444235,140.31153921831708,75.64,73.31411005568067,77.96588994431933,0.2,0.08000000000000002,0.84,0.04,0.01,0.75
TR,150,150,150,1.0,0.0,0.06666666666666667,0.9750297556319235,1.0,0.0,0.0249702443680766,0.03661185666960744,0.11836235511605896,10586.666666666666,10399.215721974806,10774.117611358526,11654.0,11490.488627279221,11817.511372720779,9519.333333333334,9283.65075029572,9755.015916370949,110.84124330626432,108.53620635725514,113.1462802552735,87.78,84.56562751700827,90.99437248299174,0.2,0.08000000000000002,0.84,0.04,0.01,0.75
EIR,150,150,54,0.36,0.0,0.06666666666666667,0.28756583250443635,0.43942583591862505,0.0,0.0249702443680766,0.03661185666960744,0.11836235511605896,12960.0,12768.255895700488,13151.744104299512,12380.0,12196.944793637549,12563.055206362451,13540.0,13229.031133599843,13850.968866400157,61.48366986650989,59.92215082268385,63.04518891033594,201.7962962962963,189.43472686238965,214.15786573020296,0.03,0.012,0.84,0.04,0.01,0.75
EIR,150,150,127,0.8466666666666667,0.0,0.06666666666666667,0.7804201682766676,0.8956004622947993,0.0,0.0249702443680766,0.03661185666960744,0.11836235511605896,13073.666666666666,12834.500276143619,13312.833057189713,12380.0,12196.944793637549,12563.055206362451,13767.333333333334,13353.509713463134,14181.156953203534,70.73901119341488,69.54339624245262,71.93462614437715,191.15748031496062,183.50426083293306,198.8106997969882,0.06,0.024,0.84,0.04,0.01,0.75
EIR,150,150,150,1.0,0.0,0.06666666666666667,0.9750297556319235,1.0,0.0,0.0249702443680766,0.03661185666960744,0.11836235511605896,12498.0,12292.316570027577,12703.683429972423,12380.0,12196.944793637549,12563.055206362451,12616.0,12247.810673434835,12984.189326565165,88.87554691756142,87.22781645198373,90.52327738313912,144.75333333333333,139.12201968051508,150.38464698615158,0.1,0.04000000000000001,0.84,0.04,0.01,0.75
EIR,150,150,150,1.0,0.0,0.06666666666666667,0.9750297556319235,1.0,0.0,0.0249702443680766,0.03661185666960744,0.11836235511605896,12149.333333333334,11977.818475854803,12320.848190811865,12380.0,12196.944793637549,12563.055206362451,11918.666666666666,11632.639550357339,12204.693782975994,116.51096033043709,114.41115911609128,118.61076154478289,103.76,100.46270356405496,107.05729643594505,0.15,0.06,0.84,0.04,0.01,0.75
EIR,150,150,150,1.0,0.0,0.06666666666666667,0.9750297556319235,1.0,0.0,0.0249702443680766,0.03661185666960744,0.11836235511605896,12192.666666666666,12040.926967955416,12344.406365377916,12380.0,12196.944793637549,12563.055206362451,12005.333333333334,11766.398095352664,12244.268571314004,142.66309806618193,140.02768088431964,145.29851524804423,85.1,82.96615631438252,87.23384368561747,0.2,0.08000000000000002,0.84,0.04,0.01,0.75
RR,150,150,45,0.3,0.0,0.10666666666666667,0.23240829378731656,0.3775798039599141,0.0,0.0249702443680766,0.06673036965207343,0.16624622258414684,13228.333333333334,13056.267631831948,13400.39903483472,12752.666666666666,12591.953612562616,12913.379720770716,13704.0,13418.818456088598,13989.181543911402,61.03500485515302,58.04208321518348,64.02792649512256,206.84444444444443,191.6919272635613,221.99696162532757,0.03,0.012,0.84,0.04,0.01,0.9
TR,150,150,29,0.19333333333333333,0.0,0.06666666666666667,0.13811889170191843,0.2638628581771686,0.0,0.0249702443680766,0.03661185666960744,0.11836235511605896,12140.0,11981.710512520422,12298.289487479578,11654.0,11490.488627279221,11817.511372720779,12626.0,12377.718764860134,12874.281235139866,56.752194815777685,53.78172547857709,59.72266415297828,205.58620689655172,185.4281322346122,225.74428155849122,0.03,0.012,0.84,0.04,0.01,0.9
RR,150,150,111,0.74,0.0,0.10666666666666667,0.6644356718314847,0.8035786108718385,0.0,0.0249702443680766,0.06673036965207343,0.16624622258414684,13074.333333333334,12844.596889973496,13304.069776693172,12752.666666666666,12591.953612562616,12913.379720770716,13396.0,12970.958975690723,13821.041024309277,70.42949398686248,68.69923342002527,72.1597545536997,182.78378378378378,173.9155244793344,191.65204308823314,0.06,0.024,0.84,0.04,0.01,0.9
TR,150,150,73,0.4866666666666667,0.0,0.06666666666666667,0.40801711922387535,0.5659820872926068,0.0,0.0249702443680766,0.03661185666960744,0.11836235511605896,12451.0,12238.164864177203,12663.835135822797,11654.0,11490.488627279221,11817.511372720779,13248.0,12898.266049152555,13597.733950847445,61.75427426541575,60.029658247810715,63.47889028302079,198.86301369863014,187.60333805630242,210.12268934095786,0.06,0.024,0.84,0.04,0.01,0.9
RR,150,150,149,0.9933333333333333,0.0,0.10666666666666667,0.9632071602251817,0.9988221986649826,0.0,0.0249702443680766,0.06673036965207343,0.16624622258414684,12217.666666666666,12003.831160263815,12431.502173069517,12752.666666666666,12591.953612562616,12913.379720770716,11682.666666666666,11304.607282890895,12060.726050442438,85.5606475827994,83.54559054806799,87.57570461753082,140.73825503355704,134.25554386002486,147.22096620708922,0.1,0.04000000000000001,0.84,0.04,0.01,0.9
TR,150,150,140,0.9333333333333333,0.0,0.06666666666666667,0.8816376448839411,0.9633881433303926,0.0,0.0249702443680766,0.03661185666960744,0.11836235511605896,11794.666666666666,11563.72366176194,12025.609671571392,11654.0,11490.488627279221,11817.511372720779,11935.333333333334,11503.710428704364,12366.956237962304,71.63605147634561,70.11894591928868,73.15315703340255,167.34285714285716,159.22397399073108,175.46174029498323,0.1,0.04000000000000001,0.84,0.04,0.01,0.9
RR,150,150,150,1.0,0.0,0.10666666666666667,0.9750297556319235,1.0,0.0,0.0249702443680766,0.06673036965207343,0.16624622258414684,11644.333333333334,11442.508698060508,11846.15796860616,12752.666666666666,12591.953612562616,12913.379720770716,10536.0,10263.400629229554,10808.599370770446,110.52059685407706,107.9170430065965,113.12415070155761,98.04666666666667,94.15590303409174,101.9374302992416,0.15,0.06,0.84,0.04,0.01,0.9
TR,150,150,150,1.0,0.0,0.06666666666666667,0.9750297556319235,1.0,0.0,0.0249702443680766,0.03661185666960744,0.11836235511605896,10980.666666666666,10793.103671457204,11168.229661876128,11654.0,11490.488627279221,11817.511372720779,10307.333333333334,10005.54178076127,10609.124885905398,89.88929949882014,88.04393099552166,91.73466800211861,117.56,112.65224838960506,122.46775161039494,0.15,0.06,0.84,0.04,0.01,0.9
RR,150,150,150,1.0,0.0,0.10666666666666667,0.9750297556319235,1.0,0.0,0.0249702443680766,0.06673036965207343,0.16624622258414684,11469.333333333334,11270.1510793416,11668.515587325068,12752.666666666666,12591.953612562616,12913.379720770716,10186.0,9965.826451342164,10406.173548657836,137.24824484137972,134.18495046444235,140.31153921831708,75.64,73.31411005568067,77.96588994431933,0.2,0.08000000000000002,0.84,0.04,0.01,0.9
TR,150,150,150,1.0,0.0,0.06666666666666667,0.9750297556319235,1.0,0.0,0.0249702443680766,0.03661185666960744,0.11836235511605896,10586.666666666666,10399.215721974806,10774.117611358526,11654.0,11490.488627279221,11817.511372720779,9519.333333333334,9283.65075029572,9755.015916370949,110.84124330626432,108.53620635725514,113.1462802552735,87.78,84.56562751700827,90.99437248299174,0.2,0.08000000000000002,0.84,0.04,0.01,0.9
EIR,150,150,66,0.44,0.0,0.09333333333333334,0.3630449619604422,0.519951467363727,0.0,0.0249702443680766,0.05641186747708652,0.1505639312756158,12742.333333333334,12548.91779084871,12935.748875817957,12316.666666666666,12135.43820101819,12497.895132315141,13168.0,12839.436722445424,13496.563277554576,61.046150567117124,59.71586961003312,62.37643152420113,199.1060606060606,188.02156591073248,210.1905553013887,0.03,0.012,0.84,0.04,0.01,0.9
EIR,150,150,132,0.88,0.0,0.09333333333333334,0.818291645158672,0.9227309691215898,0.0,0.0249702443680766,0.05641186747708652,0.1505639312756158,12720.666666666666,12493.210217621463,12948.12311571187,12316.666666666666,12135.43820101819,12497.895132315141,13124.666666666666,12716.769011950359,13532.564321382974,70.70397099161646,69.42152921970779,71.98641276352512,183.38636363636363,175.85977164442824,190.91295562829902,0.06,0.024,0.84,0.04,0.01,0.9
EIR,150,150,150,1.0,0.0,0.09333333333333334,0.9750297556319235,1.0,0.0,0.0249702443680766,0.05641186747708652,0.1505639312756158,12188.333333333334,11987.030431766138,12389.63623490053,12316.666666666666,12135.43820101819,12497.895132315141,12060.0,11700.914509360677,12419.085490639323,89.59987429460814,87.83891611747417,91.36083247174211,137.6,132.07215745740146,143.12784254259853,0.1,0.04000000000000001,0.84,0.04,0.01,0.9
EIR,150,150,150,1.0,0.0,0.09333333333333334,0.9750297556319235,1.0,0.0,0.0249702443680766,0.05641186747708652,0.1505639312756158,11953.333333333334,11780.510490806219,12126.15617586045,12316.666666666666,12135.43820101819,12497.895132315141,11590.0,11306.766569842668,11873.233430157332,116.74285828072694,114.54083905130287,118.944877510151,100.8,97.53685033735972,104.06314966264027,0.15,0.06,0.84,0.04,0.01,0.9
EIR,150,150,150,1.0,0.0,0.09333333333333334,0.9750297556319235,1.0,0.0,0.0249702443680766,0.05641186747708652,0.1505639312756158,12025.0,11873.401675442161,12176.598324557839,12316.666666666666,12135.43820101819,12497.895132315141,11733.333333333334,11498.798726217243,11967.867940449425,143.22081339851582,140.49176087916075,145.94986591787088,82.83333333333333,80.78953621932467,84.87713044734198,0.2,0.08000000000000002,0.84,0.04,0.01,0.9
RR,150,150,45,0.3,0.0,0.10666666666666667,0.23240829378731656,0.3775798039599141,0.0,0.0249702443680766,0.06673036965207343,0.16624622258414684,13228.333333333334,13056.267631831948,13400.39903483472,12752.666666666666,12591.953612562616,12913.379720770716,13704.0,13418.818456088598,13989.181543911402,61.03500485515302,58.04208321518348,64.02792649512256,206.84444444444443,191.6919272635613,221.99696162532757,0.03,0.012,0.84,0.04,0.02,0.75
TR,150,150,29,0.19333333333333333,0.0,0.06666666666666667,0.13811889170191843,0.2638628581771686,0.0,0.0249702443680766,0.03661185666960744,0.11836235511605896,12140.0,11981.710512520422,12298.289487479578,11654.0,11490.488627279221,11817.511372720779,12626.0,12377.718764860134,12874.281235139866,56.752194815777685,53.78172547857709,59.72266415297828,205.58620689655172,185.4281322346122,225.74428155849122,0.03,0.012,0.84,0.04,0.02,0.75
RR,150,150,111,0.74,0.0,0.10666666666666667,0.6644356718314847,0.8035786108718385,0.0,0.0249702443680766,0.06673036965207343,0.16624622258414684,13074.333333333334,12844.596889973496,13304.069776693172,12752.666666666666,12591.953612562616,12913.379720770716,13396.0,12970.958975690723,13821.041024309277,70.42949398686248,68.69923342002527,72.1597545536997,182.78378378378378,173.9155244793344,191.65204308823314,0.06,0.024,0.84,0.04,0.02,0.75
TR,150,150,73,0.4866666666666667,0.0,0.06666666666666667,0.40801711922387535,0.5659820872926068,0.0,0.0249702443680766,0.03661185666960744,0.11836235511605896,12451.0,12238.164864177203,12663.835135822797,11654.0,11490.488627279221,11817.511372720779,13248.0,12898.266049152555,13597.733950847445,61.75427426541575,60.029658247810715,63.47889028302079,198.86301369863014,187.60333805630242,210.12268934095786,0.06,0.024,0.84,0.04,0.02,0.75
RR,150,150,149,0.9933333333333333,0.0,0.10666666666666667,0.9632071602251817,0.9988221986649826,0.0,0.0249702443680766,0.06673036965207343,0.16624622258414684,12217.666666666666,12003.831160263815,12431.502173069517,12752.666666666666,12591.953612562616,12913.379720770716,11682.666666666666,11304.607282890895,12060.726050442438,85.5606475827994,83.54559054806799,87.57570461753082,140.73825503355704,134.25554386002486,147.22096620708922,0.1,0.04000000000000001,0.84,0.04,0.02,0.75
TR,150,150,140,0.9333333333333333,0.0,0.06666666666666667,0.8816376448839411,0.9633881433303926,0.0,0.0249702443680766,0.03661185666960744,0.11836235511605896,11794.666666666666,11563.72366176194,12025.609671571392,11654.0,11490.488627279221,11817.511372720779,11935.333333333334,11503.710428704364,12366.956237962304,71.63605147634561,70.11894591928868,73.15315703340255,167.34285714285716,159.22397399073108,175.46174029498323,0.1,0.04000000000000001,0.84,0.04,0.02,0.75
RR,150,150,150,1.0,0.0,0.10666666666666667,0.9750297556319235,1.0,0.0,0.0249702443680766,0.06673036965207343,0.16624622258414684,11644.333333333334,11442.508698060508,11846.15796860616,12752.666666666666,12591.953612562616,12913.379720770716,10536.0,10263.400629229554,10808.599370770446,110.52059685407706,107.9170430065965,113.12415070155761,98.04666666666667,94.15590303409174,101.9374302992416,0.15,0.06,0.84,0.04,0.02,0.75
TR,150,150,150,1.0,0.0,0.06666666666666667,0.9750297556319235,1.0,0.0,0.0249702443680766,0.03661185666960744,0.11836235511605896,10980.666666666666,10793.103671457204,11168.229661876128,11654.0,11490.488627279221,11817.511372720779,10307.333333333334,10005.54178076127,10609.124885905398,89.88929949882014,88.04393099552166,91.73466800211861,117.56,112.65224838960506,122.46775161039494,0.15,0.06,0.84,0.04,0.02,0.75
RR,150,150,150,1.0,0.0,0.10666666666666667,0.9750297556319235,1.0,0.0,0.0249702443680766,0.06673036965207343,0.16624622258414684,11469.333333333334,11270.1510793416,11668.515587325068,12752.666666666666,12591.953612562616,12913.379720770716,10186.0,9965.826451342164,10406.173548657836,137.24824484137972,134.18495046444235,140.31153921831708,75.64,73.31411005568067,77.96588994431933,0.2,0.08000000000000002,0.84,0.04,0.02,0.75
TR,150,150,150,1.0,0.0,0.06666666666666667,0.9750297556319235,1.0,0.0,0.0249702443680766,0.03661185666960744,0.11836235511605896,10586.666666666666,10399.215721974806,10774.117611358526,11654.0,11490.488627279221,11817.511372720779,9519.333333333334,9283.65075029572,9755.015916370949,110.84124330626432,108.53620635725514,113.1462802552735,87.78,84.56562751700827,90.99437248299174,0.2,0.08000000000000002,0.84,0.04,0.02,0.75
EIR,150,150,53,0.35333333333333333,0.0,0.05333333333333334,0.2813726509048464,0.4326186207764561,0.0,0.0249702443680766,0.027269539920193826,0.1017038783819546,12945.333333333334,12754.72232986903,13135.944336797638,12344.0,12162.202785238054,12525.797214761946,13546.666666666666,13239.873039387938,13853.460293945394,61.41897454226911,59.83399294432466,63.00395614021356,202.81132075471697,190.2490994222724,215.37354208716155,0.03,0.012,0.84,0.04,0.02,0.75
EIR,150,150,124,0.8266666666666667,0.0,0.05333333333333334,0.7581400726100628,0.8788793677361272,0.0,0.0249702443680766,0.027269539920193826,0.1017038783819546,13079.0,12838.204701876877,13319.795298123123,12344.0,12162.202785238054,12525.797214761946,13814.0,13399.510157847264,14228.489842152736,70.43573496168784,69.21233545846144,71.65913446491425,191.16935483870967,183.58280402220123,198.7559056552181,0.06,0.024,0.84,0.04,0.02,0.75
EIR,150,150,150,1.0,0.0,0.05333333333333334,0.9750297556319235,1.0,0.0,0.0249702443680766,0.027269539920193826,0.1017038783819546,12508.0,12296.255113139576,12719.744886860424,12344.0,12162.202785238054,12525.797214761946,12672.0,12290.544443880868,13053.455556119132,88.27812174078606,86.62565744726369,89.93058603430843,146.48666666666668,140.61854520634895,152.3547881269844,0.1,0.04000000000000001,0.84,0.04,0.02,0.75
EIR,150,150,150,1.0,0.0,0.05333333333333334,0.9750297556319235,1.0,0.0,0.0249702443680766,0.027269539920193826,0.1017038783819546,12112.333333333334,11940.524779190298,12284.14188747637,12344.0,12162.202785238054,12525.797214761946,11880.666666666666,11593.175208737328,12168.158124596004,115.42703520391592,113.36280826353936,117.49126214429248,104.40666666666667,101.06528337961431,107.74804995371902,0.15,0.06,0.84,0.04,0.02,0.75
EIR,150,150,150,1.0,0.0,0.05333333333333334,0.9750297556319235,1.0,0.0,0.0249702443680766,0.027269539920193826,0.1017038783819546,12154.333333333334,12001.04915448745,12307.617512179218,12344.0,12162.202785238054,12525.797214761946,11964.666666666666,11720.956987726253,12208.37634560708,140.69045497918046,138.0526292177282,143.32828074063272,86.04,83.83538971386952,88.2446102861305,0.2,0.08000000000000002,0.84,0.04,0.02,0.75
RR,150,150,45,0.3,0.0,0.10666666666666667,0.23240829378731656,0.3775798039599141,0.0,0.0249702443680766,0.06673036965207343,0.16624622258414684,13228.333333333334,13056.267631831948,13400.39903483472,12752.666666666666,12591.953612562616,12913.379720770716,13704.0,13418.818456088598,13989.181543911402,61.03500485515302,58.04208321518348,64.02792649512256,206.84444444444443,191.6919272635613,221.99696162532757,0.03,0.012,0.84,0.04,0.02,0.9
TR,150,150,29,0.19333333333333333,0.0,0.06666666666666667,0.13811889170191843,0.2638628581771686,0.0,0.0249702443680766,0.03661185666960744,0.11836235511605896,12140.0,11981.710512520422,12298.289487479578,11654.0,11490.488627279221,11817.511372720779,12626.0,12377.718764860134,12874.281235139866,56.752194815777685,53.78172547857709,59.72266415297828,205.58620689655172,185.4281322346122,225.74428155849122,0.03,0.012,0.84,0.04,0.02,0.9
RR,150,150,111,0.74,0.0,0.10666666666666667,0.6644356718314847,0.8035786108718385,0.0,0.0249702443680766,0.06673036965207343,0.16624622258414684,13074.333333333334,12844.596889973496,13304.069776693172,12752.666666666666,12591.953612562616,12913.379720770716,13396.0,12970.958975690723,13821.041024309277,70.42949398686248,68.69923342002527,72.1597545536997,182.78378378378378,173.9155244793344,191.65204308823314,0.06,0.024,0.84,0.04,0.02,0.9
TR,150,150,73,0.4866666666666667,0.0,0.06666666666666667,0.40801711922387535,0.5659820872926068,0.0,0.0249702443680766,0.03661185666960744,0.11836235511605896,12451.0,12238.164864177203,12663.835135822797,11654.0,11490.488627279221,11817.511372720779,13248.0,12898.266049152555,13597.733950847445,61.75427426541575,60.029658247810715,63.47889028302079,198.86301369863014,187.60333805630242,210.12268934095786,0.06,0.024,0.84,0.04,0.02,0.9
RR,150,150,149,0.9933333333333333,0.0,0.10666666666666667,0.9632071602251817,0.9988221986649826,0.0,0.0249702443680766,0.06673036965207343,0.16624622258414684,12217.666666666666,12003.831160263815,12431.502173069517,12752.666666666666,12591.953612562616,12913.379720770716,11682.666666666666,11304.607282890895,12060.726050442438,85.5606475827994,83.54559054806799,87.57570461753082,140.73825503355704,134.25554386002486,147.22096620708922,0.1,0.04000000000000001,0.84,0.04,0.02,0.9
TR,150,150,140,0.9333333333333333,0.0,0.06666666666666667,0.8816376448839411,0.9633881433303926,0.0,0.0249702443680766,0.03661185666960744,0.11836235511605896,11794.666666666666,11563.72366176194,12025.609671571392,11654.0,11490.488627279221,11817.511372720779,11935.333333333334,11503.710428704364,12366.956237962304,71.63605147634561,70.11894591928868,73.15315703340255,167.34285714285716,159.22397399073108,175.46174029498323,0.1,0.04000000000000001,0.84,0.04,0.02,0.9
RR,150,150,150,1.0,0.0,0.10666666666666667,0.9750297556319235,1.0,0.0,0.0249702443680766,0.06673036965207343,0.16624622258414684,11644.333333333334,11442.508698060508,11846.15796860616,12752.666666666666,12591.953612562616,12913.379720770716,10536.0,10263.400629229554,10808.599370770446,110.52059685407706,107.9170430065965,113.12415070155761,98.04666666666667,94.15590303409174,101.9374302992416,0.15,0.06,0.84,0.04,0.02,0.9
TR,150,150,150,1.0,0.0,0.06666666666666667,0.9750297556319235,1.0,0.0,0.0249702443680766,0.03661185666960744,0.11836235511605896,10980.666666666666,10793.103671457204,11168.229661876128,11654.0,11490.488627279221,11817.511372720779,10307.333333333334,10005.54178076127,10609.124885905398,89.88929949882014,88.04393099552166,91.73466800211861,117.56,112.65224838960506,122.46775161039494,0.15,0.06,0.84,0.04,0.02,0.9
RR,150,150,150,1.0,0.0,0.10666666666666667,0.9750297556319235,1.0,0.0,0.0249702443680766,0.06673036965207343,0.16624622258414684,11469.333333333334,11270.1510793416,11668.515587325068,12752.666666666666,12591.953612562616,12913.379720770716,10186.0,9965.826451342164,10406.173548657836,137.24824484137972,134.18495046444235,140.31153921831708,75.64,73.31411005568067,77.96588994431933,0.2,0.08000000000000002,0.84,0.04,0.02,0.9
TR,150,150,150,1.0,0.0,0.06666666666666667,0.9750297556319235,1.0,0.0,0.0249702443680766,0.03661185666960744,0.11836235511605896,10586.666666666666,10399.215721974806,10774.117611358526,11654.0,11490.488627279221,11817.511372720779,9519.333333333334,9283.65075029572,9755.015916370949,110.84124330626432,108.53620635725514,113.1462802552735,87.78,84.56562751700827,90.99437248299174,0.2,0.08000000000000002,0.84,0.04,0.02,0.9
EIR,150,150,64,0.4266666666666667,0.0,0.08666666666666667,0.3503209045656491,0.5066747312750022,0.0,0.0249702443680766,0.051347178274724174,0.14262822373621914,12733.666666666666,12540.313396868863,12927.019936464469,12282.0,12102.069294781406,12461.930705218594,13185.333333333334,12857.99609054065,13512.670576126018,61.07294735146378,59.71298268264897,62.43291202027859,199.59375,188.01376284548948,211.17373715451052,0.03,0.012,0.84,0.04,0.02,0.9
EIR,150,150,132,0.88,0.0,0.08666666666666667,0.818291645158672,0.9227309691215898,0.0,0.0249702443680766,0.051347178274724174,0.14262822373621914,12669.0,12444.19780533719,12893.80219466281,12282.0,12102.069294781406,12461.930705218594,13056.0,12652.608361014918,13459.391638985082,70.44459815043585,69.1556985900101,71.7334977108616,182.88636363636363,175.4658307926391,190.30689648008814,0.06,0.024,0.84,0.04,0.02,0.9
EIR,150,150,150,1.0,0.0,0.08666666666666667,0.9750297556319235,1.0,0.0,0.0249702443680766,0.051347178274724174,0.14262822373621914,12187.0,11982.613600061588,12391.386399938412,12282.0,12102.069294781406,12461.930705218594,12092.0,11724.82768696182,12459.17231303818,89.02767055736004,87.27242407426684,90.78291704045324,138.94,133.23604638799023,144.64395361200977,0.1,0.04000000000000001,0.84,0.04,0.02,0.9
EIR,150,150,150,1.0,0.0,0.08666666666666667,0.9750297556319235,1.0,0.0,0.0249702443680766,0.051347178274724174,0.14262822373621914,11925.333333333334,11753.838751920646,12096.827914746022,12282.0,12102.069294781406,12461.930705218594,11568.666666666666,11287.416129231651,11849.91720410168,115.71567743162429,113.54704638105571,117.88430848219286,101.54666666666667,98.23730376814315,104.85602956519018,0.15,0.06,0.84,0.04,0.02,0.9
EIR,150,150,150,1.0,0.0,0.08666666666666667,0.9750297556319235,1.0,0.0,0.0249702443680766,0.051347178274724174,0.14262822373621914,11985.666666666666,11835.085076675523,12136.24825665781,12282.0,12102.069294781406,12461.930705218594,11689.333333333334,11456.7379345433,11921.928732123368,141.53483532306856,138.82936058899975,144.24031005713738,83.57333333333334,81.4505051285244,85.69616153814228,0.2,0.08000000000000002,0.84,0.04,0.02,0.9
RR,150,150,45,0.3,0.0,0.10666666666666667,0.23240829378731656,0.3775798039599141,0.0,0.0249702443680766,0.06673036965207343,0.16624622258414684,13228.333333333334,13056.267631831948,13400.39903483472,12752.666666666666,12591.953612562616,12913.379720770716,13704.0,13418.818456088598,13989.181543911402,61.03500485515302,58.04208321518348,64.02792649512256,206.84444444444443,191.6919272635613,221.99696162532757,0.03,0.012,0.84,0.04,0.03,0.75
TR,150,150,29,0.19333333333333333,0.0,0.06666666666666667,0.13811889170191843,0.2638628581771686,0.0,0.0249702443680766,0.03661185666960744,0.11836235511605896,12140.0,11981.710512520422,12298.289487479578,11654.0,11490.488627279221,11817.511372720779,12626.0,12377.718764860134,12874.281235139866,56.752194815777685,53.78172547857709,59.72266415297828,205.58620689655172,185.4281322346122,225.74428155849122,0.03,0.012,0.84,0.04,0.03,0.75
RR,150,150,111,0.74,0.0,0.10666666666666667,0.6644356718314847,0.8035786108718385,0.0,0.0249702443680766,0.06673036965207343,0.16624622258414684,13074.333333333334,12844.596889973496,13304.069776693172,12752.666666666666,12591.953612562616,12913.379720770716,13396.0,12970.958975690723,13821.041024309277,70.42949398686248,68.69923342002527,72.1597545536997,182.78378378378378,173.9155244793344,191.65204308823314,0.06,0.024,0.84,0.04,0.03,0.75
TR,150,150,73,0.4866666666666667,0.0,0.06666666666666667,0.40801711922387535,0.5659820872926068,0.0,0.0249702443680766,0.03661185666960744,0.11836235511605896,12451.0,12238.164864177203,12663.835135822797,11654.0,11490.488627279221,11817.511372720779,13248.0,12898.266049152555,13597.733950847445,61.75427426541575,60.029658247810715,63.47889028302079,198.86301369863014,187.60333805630242,210.12268934095786,0.06,0.024,0.84,0.04,0.03,0.75
RR,150,150,149,0.9933333333333333,0.0,0.10666666666666667,0.9632071602251817,0.9988221986649826,0.0,0.0249702443680766,0.06673036965207343,0.16624622258414684,12217.666666666666,12003.831160263815,12431.502173069517,12752.666666666666,12591.953612562616,12913.379720770716,11682.666666666666,11304.607282890895,12060.726050442438,85.5606475827994,83.54559054806799,87.57570461753082,140.73825503355704,134.25554386002486,147.22096620708922,0.1,0.04000000000000001,0.84,0.04,0.03,0.75
TR,150,150,140,0.9333333333333333,0.0,0.06666666666666667,0.8816376448839411,0.9633881433303926,0.0,0.0249702443680766,0.03661185666960744,0.11836235511605896,11794.666666666666,11563.72366176194,12025.609671571392,11654.0,11490.488627279221,11817.511372720779,11935.333333333334,11503.710428704364,12366.956237962304,71.63605147634561,70.11894591928868,73.15315703340255,167.34285714285716,159.22397399073108,175.46174029498323,0.1,0.04000000000000001,0.84,0.04,0.03,0.75
RR,150,150,150,1.0,0.0,0.10666666666666667,0.9750297556319235,1.0,0.0,0.0249702443680766,0.06673036965207343,0.16624622258414684,11644.333333333334,11442.508698060508,11846.15796860616,12752.666666666666,12591.953612562616,12913.379720770716,10536.0,10263.400629229554,10808.599370770446,110.52059685407706,107.9170430065965,113.12415070155761,98.04666666666667,94.15590303409174,101.9374302992416,0.15,0.06,0.84,0.04,0.03,0.75
TR,150,150,150,1.0,0.0,0.06666666666666667,0.9750297556319235,1.0,0.0,0.0249702443680766,0.03661185666960744,0.11836235511605896,10980.666666666666,10793.103671457204,11168.229661876128,11654.0,11490.488627279221,11817.511372720779,10307.333333333334,10005.54178076127,10609.124885905398,89.88929949882014,88.04393099552166,91.73466800211861,117.56,112.65224838960506,122.46775161039494,0.15,0.06,0.84,0.04,0.03,0.75
RR,150,150,150,1.0,0.0,0.10666666666666667,0.9750297556319235,1.0,0.0,0.0249702443680766,0.06673036965207343,0.16624622258414684,11469.333333333334,11270.1510793416,11668.515587325068,12752.666666666666,12591.953612562616,12913.379720770716,10186.0,9965.826451342164,10406.173548657836,137.24824484137972,134.18495046444235,140.31153921831708,75.64,73.31411005568067,77.96588994431933,0.2,0.08000000000000002,0.84,0.04,0.03,0.75
TR,150,150,150,1.0,0.0,0.06666666666666667,0.9750297556319235,1.0,0.0,0.0249702443680766,0.03661185666960744,0.11836235511605896,10586.666666666666,10399.215721974806,10774.117611358526,11654.0,11490.488627279221,11817.511372720779,9519.333333333334,9283.65075029572,9755.015916370949,110.84124330626432,108.53620635725514,113.1462802552735,87.78,84.56562751700827,90.99437248299174,0.2,0.08000000000000002,0.84,0.04,0.03,0.75
EIR,150,150,51,0.34,0.0,0.05333333333333334,0.2690333503042941,0.4189571278934905,0.0,0.0249702443680766,0.027269539920193826,0.1017038783819546,12929.666666666666,12738.765771368438,13120.567561964894,12316.0,12135.468400218555,12496.531599781445,13543.333333333334,13236.32828917328,13850.338377493388,61.50000797812726,59.87839534455267,63.12162061170184,201.7058823529412,188.81698624001677,214.5947784658656,0.03,0.012,0.84,0.04,0.03,0.75
EIR,150,150,124,0.8266666666666667,0.0,0.05333333333333334,0.7581400726100628,0.8788793677361272,0.0,0.0249702443680766,0.027269539920193826,0.1017038783819546,13065.666666666666,12826.400523563361,13304.93280976997,12316.0,12135.468400218555,12496.531599781445,13815.333333333334,13405.221889326484,14225.444777340184,70.14320103545937,68.90768759215827,71.37871447876047,192.19354838709677,184.60182176453907,199.78527500965447,0.06,0.024,0.84,0.04,0.03,0.75
EIR,150,150,150,1.0,0.0,0.05333333333333334,0.9750297556319235,1.0,0.0,0.0249702443680766,0.027269539920193826,0.1017038783819546,12487.666666666666,12274.91659472792,12700.416738605412,12316.0,12135.468400218555,12496.531599781445,12659.333333333334,12275.21521805979,13043.451448606878,87.85387738449363,86.20740750340818,89.50034726557908,147.05333333333334,141.12961770191578,152.9770489647509,0.1,0.04000000000000001,0.84,0.04,0.03,0.75
EIR,150,150,150,1.0,0.0,0.05333333333333334,0.9750297556319235,1.0,0.0,0.0249702443680766,0.027269539920193826,0.1017038783819546,12093.333333333334,11921.99124881409,12264.675417852577,12316.0,12135.468400218555,12496.531599781445,11870.666666666666,11583.128281182875,12158.205052150457,114.5760966349071,112.53186814151901,116.62032512829519,105.11333333333333,101.72914713713013,108.49751952953653,0.15,0.06,0.84,0.04,0.03,0.75
EIR,150,150,150,1.0,0.0,0.05333333333333334,0.9750297556319235,1.0,0.0,0.0249702443680766,0.027269539920193826,0.1017038783819546,12121.0,11965.715424029693,12276.284575970307,12316.0,12135.468400218555,12496.531599781445,11926.0,11676.551574122293,12175.448425877707,139.1116149676302,136.45739068499353,141.76583925026688,86.79333333333334,84.47974164908676,89.10692501757991,0.2,0.08000000000000002,0.84,0.04,0.03,0.75
RR,150,150,45,0.3,0.0,0.10666666666666667,0.23240829378731656,0.3775798039599141,0.0,0.0249702443680766,0.06673036965207343,0.16624622258414684,13228.333333333334,13056.267631831948,13400.39903483472,12752.666666666666,12591.953612562616,12913.379720770716,13704.0,13418.818456088598,13989.181543911402,61.03500485515302,58.04208321518348,64.02792649512256,206.84444444444443,191.6919272635613,221.99696162532757,0.03,0.012,0.84,0.04,0.03,0.9
TR,150,150,29,0.19333333333333333,0.0,0.06666666666666667,0.13811889170191843,0.2638628581771686,0.0,0.0249702443680766,0.03661185666960744,0.11836235511605896,12140.0,11981.710512520422,12298.289487479578,11654.0,11490.488627279221,11817.511372720779,12626.0,12377.718764860134,12874.281235139866,56.752194815777685,53.78172547857709,59.72266415297828,205.58620689655172,185.4281322346122,225.74428155849122,0.03,0.012,0.84,0.04,0.03,0.9
RR,150,150,111,0.74,0.0,0.10666666666666667,0.6644356718314847,0.8035786108718385,0.0,0.0249702443680766,0.06673036965207343,0.16624622258414684,13074.333333333334,12844.596889973496,13304.069776693172,12752.666666666666,12591.953612562616,12913.379720770716,13396.0,12970.958975690723,13821.041024309277,70.42949398686248,68.69923342002527,72.1597545536997,182.78378378378378,173.9155244793344,191.65204308823314,0.06,0.024,0.84,0.04,0.03,0.9
TR,150,150,73,0.4866666666666667,0.0,0.06666666666666667,0.40801711922387535,0.5659820872926068,0.0,0.0249702443680766,0.03661185666960744,0.11836235511605896,12451.0,12238.164864177203,12663.835135822797,11654.0,11490.488627279221,11817.511372720779,13248.0,12898.266049152555,13597.733950847445,61.75427426541575,60.029658247810715,63.47889028302079,198.86301369863014,187.60333805630242,210.12268934095786,0.06,0.024,0.84,0.04,0.03,0.9
RR,150,150,149,0.9933333333333333,0.0,0.10666666666666667,0.9632071602251817,0.9988221986649826,0.0,0.0249702443680766,0.06673036965207343,0.16624622258414684,12217.666666666666,12003.831160263815,12431.502173069517,12752.666666666666,12591.953612562616,12913.379720770716,11682.666666666666,11304.607282890895,12060.726050442438,85.5606475827994,83.54559054806799,87.57570461753082,140.73825503355704,134.25554386002486,147.22096620708922,0.1,0.04000000000000001,0.84,0.04,0.03,0.9
TR,150,150,140,0.9333333333333333,0.0,0.06666666666666667,0.8816376448839411,0.9633881433303926,0.0,0.0249702443680766,0.03661185666960744,0.11836235511605896,11794.666666666666,11563.72366176194,12025.609671571392,11654.0,11490.488627279221,11817.511372720779,11935.333333333334,11503.710428704364,12366.956237962304,71.63605147634561,70.11894591928868,73.15315703340255,167.34285714285716,159.22397399073108,175.46174029498323,0.1,0.04000000000000001,0.84,0.04,0.03,0.9
RR,150,150,150,1.0,0.0,0.10666666666666667,0.9750297556319235,1.0,0.0,0.0249702443680766,0.06673036965207343,0.16624622258414684,11644.333333333334,11442.508698060508,11846.15796860616,12752.666666666666,12591.953612562616,12913.379720770716,10536.0,10263.400629229554,10808.599370770446,110.52059685407706,107.9170430065965,113.12415070155761,98.04666666666667,94.15590303409174,101.9374302992416,0.15,0.06,0.84,0.04,0.03,0.9
TR,150,150,150,1.0,0.0,0.06666666666666667,0.9750297556319235,1.0,0.0,0.0249702443680766,0.03661185666960744,0.11836235511605896,10980.666666666666,10793.103671457204,11168.229661876128,11654.0,11490.488627279221,11817.511372720779,10307.333333333334,10005.54178076127,10609.124885905398,89.88929949882014,88.04393099552166,91.73466800211861,117.56,112.65224838960506,122.46775161039494,0.15,0.06,0.84,0.04,0.03,0.9
RR,150,150,150,1.0,0.0,0.10666666666666667,0.9750297556319235,1.0,0.0,0.0249702443680766,0.06673036965207343,0.16624622258414684,11469.333333333334,11270.1510793416,11668.515587325068,12752.666666666666,12591.953612562616,12913.379720770716,10186.0,9965.826451342164,10406.173548657836,137.24824484137972,134.18495046444235,140.31153921831708,75.64,73.31411005568067,77.96588994431933,0.2,0.08000000000000002,0.84,0.04,0.03,0.9
TR,150,150,150,1.0,0.0,0.06666666666666667,0.9750297556319235,1.0,0.0,0.0249702443680766,0.03661185666960744,0.11836235511605896,10586.666666666666,10399.215721974806,10774.117611358526,11654.0,11490.488627279221,11817.511372720779,9519.333333333334,9283.65075029572,9755.015916370949,110.84124330626432,108.53620635725514,113.1462802552735,87.78,84.56562751700827,90.99437248299174,0.2,0.08000000000000002,0.84,0.04,0.03,0.9
EIR,150,150,63,0.42,0.0,0.08666666666666667,0.3439800445299174,0.5000151945689748,0.0,0.0249702443680766,0.051347178274724174,0.14262822373621914,12714.666666666666,12522.410053571,12906.923279762332,12254.666666666666,12075.986740307315,12433.346593026017,13174.666666666666,12849.844756891267,13499.488576442065,60.97310170793998,59.578729295597014,62.36747412028295,199.84126984126985,188.07143731228803,211.61110237025167,0.03,0.012,0.84,0.04,0.03,0.9
EIR,150,150,131,0.8733333333333333,0.0,0.08666666666666667,0.8106335124178631,0.9173887051206396,0.0,0.0249702443680766,0.051347178274724174,0.14262822373621914,12699.666666666666,12475.267914245442,12924.06541908789,12254.666666666666,12075.986740307315,12433.346593026017,13144.666666666666,12744.719440363388,13544.613892969945,70.06130494241889,68.77851583840422,71.34409404643355,184.9236641221374,177.5235945212405,192.3237337230343,0.06,0.024,0.84,0.04,0.03,0.9
EIR,150,150,150,1.0,0.0,0.08666666666666667,0.9750297556319235,1.0,0.0,0.0249702443680766,0.051347178274724174,0.14262822373621914,12187.0,11984.009664906036,12389.990335093964,12254.666666666666,12075.986740307315,12433.346593026017,12119.333333333334,11754.352812904306,12484.313853762362,88.60598234676999,86.86967457781444,90.34229011572555,139.85333333333332,134.18619583429467,145.52047083237198,0.1,0.04000000000000001,0.84,0.04,0.03,0.9
EIR,150,150,150,1.0,0.0,0.08666666666666667,0.9750297556319235,1.0,0.0,0.0249702443680766,0.051347178274724174,0.14262822373621914,11909.666666666666,11737.920738967421,12081.412594365911,12254.666666666666,12075.986740307315,12433.346593026017,11564.666666666666,11281.261027236622,11848.07230609671,114.76519069845129,112.6219070404129,116.90847435648968,102.36,99.00300629687817,105.71699370312183,0.15,0.06,0.84,0.04,0.03,0.9
EIR,150,150,150,1.0,0.0,0.08666666666666667,0.9750297556319235,1.0,0.0,0.0249702443680766,0.051347178274724174,0.14262822373621914,11939.333333333334,11787.718996915486,12090.947669751182,12254.666666666666,12075.986740307315,12433.346593026017,11624.0,11389.047945421798,11858.952054578202,139.84785552851153,137.13007308449954,142.56563797252352,84.13333333333334,81.96719918952633,86.29946747714035,0.2,0.08000000000000002,0.84,0.04,0.03,0.9
RR,150,150,45,0.3,0.0,0.10666666666666667,0.23240829378731656,0.3775798039599141,0.0,0.0249702443680766,0.06673036965207343,0.16624622258414684,13228.333333333334,13056.267631831948,13400.39903483472,12752.666666666666,12591.953612562616,12913.379720770716,13704.0,13418.818456088598,13989.181543911402,61.03500485515302,58.04208321518348,64.02792649512256,206.84444444444443,191.6919272635613,221.99696162532757,0.03,0.012,0.85,0.02,0.01,0.75
TR,150,150,29,0.19333333333333333,0.0,0.06666666666666667,0.13811889170191843,0.2638628581771686,0.0,0.0249702443680766,0.03661185666960744,0.11836235511605896,12140.0,11981.710512520422,12298.289487479578,11654.0,11490.488627279221,11817.511372720779,12626.0,12377.718764860134,12874.281235139866,56.752194815777685,53.78172547857709,59.72266415297828,205.58620689655172,185.4281322346122,225.74428155849122,0.03,0.012,0.85,0.02,0.01,0.75
RR,150,150,111,0.74,0.0,0.10666666666666667,0.6644356718314847,0.8035786108718385,0.0,0.0249702443680766,0.06673036965207343,0.16624622258414684,13074.333333333334,12844.596889973496,13304.069776693172,12752.666666666666,12591.953612562616,12913.379720770716,13396.0,12970.958975690723,13821.041024309277,70.42949398686248,68.69923342002527,72.1597545536997,182.78378378378378,173.9155244793344,191.65204308823314,0.06,0.024,0.85,0.02,0.01,0.75
TR,150,150,73,0.4866666666666667,0.0,0.06666666666666667,0.40801711922387535,0.5659820872926068,0.0,0.0249702443680766,0.03661185666960744,0.11836235511605896,12451.0,12238.164864177203,12663.835135822797,11654.0,11490.488627279221,11817.511372720779,13248.0,12898.266049152555,13597.733950847445,61.75427426541575,60.029658247810715,63.47889028302079,198.86301369863014,187.60333805630242,210.12268934095786,0.06,0.024,0.85,0.02,0.01,0.75
RR,150,150,149,0.9933333333333333,0.0,0.10666666666666667,0.9632071602251817,0.9988221986649826,0.0,0.0249702443680766,0.06673036965207343,0.16624622258414684,12217.666666666666,12003.831160263815,12431.502173069517,12752.666666666666,12591.953612562616,12913.379720770716,11682.666666666666,11304.607282890895,12060.726050442438,85.5606475827994,83.54559054806799,87.57570461753082,140.73825503355704,134.25554386002486,147.22096620708922,0.1,0.04000000000000001,0.85,0.02,0.01,0.75
TR,150,150,140,0.9333333333333333,0.0,0.06666666666666667,0.8816376448839411,0.9633881433303926,0.0,0.0249702443680766,0.03661185666960744,0.11836235511605896,11794.666666666666,11563.72366176194,12025.609671571392,11654.0,11490.488627279221,11817.511372720779,11935.333333333334,11503.710428704364,12366.956237962304,71.63605147634561,70.11894591928868,73.15315703340255,167.34285714285716,159.22397399073108,175.46174029498323,0.1,0.04000000000000001,0.85,0.02,0.01,0.75
RR,150,150,150,1.0,0.0,0.10666666666666667,0.9750297556319235,1.0,0.0,0.0249702443680766,0.06673036965207343,0.16624622258414684,11644.333333333334,11442.508698060508,11846.15796860616,12752.666666666666,12591.953612562616,12913.379720770716,10536.0,10263.400629229554,10808.599370770446,110.52059685407706,107.9170430065965,113.12415070155761,98.04666666666667,94.15590303409174,101.9374302992416,0.15,0.06,0.85,0.02,0.01,0.75
TR,150,150,150,1.0,0.0,0.06666666666666667,0.9750297556319235,1.0,0.0,0.0249702443680766,0.03661185666960744,0.11836235511605896,10980.666666666666,10793.103671457204,11168.229661876128,11654.0,11490.488627279221,11817.511372720779,10307.333333333334,10005.54178076127,10609.124885905398,89.88929949882014,88.04393099552166,91.73466800211861,117.56,112.65224838960506,122.46775161039494,0.15,0.06,0.85,0.02,0.01,0.75
RR,150,150,150,1.0,0.0,0.10666666666666667,0.9750297556319235,1.0,0.0,0.0249702443680766,0.06673036965207343,0.16624622258414684,11469.333333333334,11270.1510793416,11668.515587325068,12752.666666666666,12591.953612562616,12913.379720770716,10186.0,9965.826451342164,10406.173548657836,137.24824484137972,134.18495046444235,140.31153921831708,75.64,73.31411005568067,77.96588994431933,0.2,0.08000000000000002,0.85,0.02,0.01,0.75
TR,150,150,150,1.0,0.0,0.06666666666666667,0.9750297556319235,1.0,0.0,0.0249702443680766,0.03661185666960744,0.11836235511605896,10586.666666666666,10399.215721974806,10774.117611358526,11654.0,11490.488627279221,11817.511372720779,9519.333333333334,9283.65075029572,9755.015916370949,110.84124330626432,108.53620635725514,113.1462802552735,87.78,84.56562751700827,90.99437248299174,0.2,0.08000000000000002,0.85,0.02,0.01,0.75
EIR,150,150,54,0.36,0.0,0.08,0.28756583250443635,0.43942583591862505,0.0,0.0249702443680766,0.04635364151865292,0.13462136375053144,13057.333333333334,12865.522921085983,13249.143745580684,12434.666666666666,12249.473899487937,12619.859433845395,13680.0,13374.433881483224,13985.566118516776,61.54862028315055,60.07955123798475,63.017689328316344,205.46296296296296,193.02838946369957,217.89753646222636,0.03,0.012,0.85,0.02,0.01,0.75
EIR,150,150,123,0.82,0.0,0.08,0.7507767216820398,0.873242321922391,0.0,0.0249702443680766,0.04635364151865292,0.13462136375053144,13137.333333333334,12898.595293691551,13376.071372975117,12434.666666666666,12249.473899487937,12619.859433845395,13840.0,13428.912113791766,14251.087886208234,71.37430583884355,70.1798713284211,72.56874034926601,188.60162601626016,181.19424507493937,196.00900695758094,0.06,0.024,0.85,0.02,0.01,0.75
EIR,150,150,150,1.0,0.0,0.08,0.9750297556319235,1.0,0.0,0.0249702443680766,0.04635364151865292,0.13462136375053144,12500.666666666666,12291.590199368275,12709.743133965057,12434.666666666666,12249.473899487937,12619.859433845395,12566.666666666666,12191.276659291772,12942.05667404156,89.65747665703314,87.98919255177944,91.32576076228685,142.98,137.26426930318837,148.6957306968116,0.1,0.04000000000000001,0.85,0.02,0.01,0.75
EIR,150,150,150,1.0,0.0,0.08,0.9750297556319235,1.0,0.0,0.0249702443680766,0.04635364151865292,0.13462136375053144,12179.666666666666,12006.462717938359,12352.870615394973,12434.666666666666,12249.473899487937,12619.859433845395,11924.666666666666,11637.000449919065,12212.332883414267,117.42237671136989,115.24135662725065,119.60339679548913,103.04666666666667,99.791198456914,106.30213487641933,0.15,0.06,0.85,0.02,0.01,0.75
EIR,150,150,150,1.0,0.0,0.08,0.9750297556319235,1.0,0.0,0.0249702443680766,0.04635364151865292,0.13462136375053144,12250.666666666666,12097.784564322668,12403.548769010664,12434.666666666666,12249.473899487937,12619.859433845395,12066.666666666666,11826.326502183725,12307.006831149607,144.5750908198504,141.92214354633282,147.22803809336799,84.3,82.28173160669124,86.31826839330876,0.2,0.08000000000000002,0.85,0.02,0.01,0.75
RR,150,150,45,0.3,0.0,0.10666666666666667,0.23240829378731656,0.3775798039599141,0.0,0.0249702443680766,0.06673036965207343,0.16624622258414684,13228.333333333334,13056.267631831948,13400.39903483472,12752.666666666666,12591.953612562616,12913.379720770716,13704.0,13418.818456088598,13989.181543911402,61.03500485515302,58.04208321518348,64.02792649512256,206.84444444444443,191.6919272635613,221.99696162532757,0.03,0.012,0.85,0.02,0.01,0.9
TR,150,150,29,0.19333333333333333,0.0,0.06666666666666667,0.13811889170191843,0.2638628581771686,0.0,0.0249702443680766,0.03661185666960744,0.11836235511605896,12140.0,11981.710512520422,12298.289487479578,11654.0,11490.488627279221,11817.511372720779,12626.0,12377.718764860134,12874.281235139866,56.752194815777685,53.78172547857709,59.72266415297828,205.58620689655172,185.4281322346122,225.74428155849122,0.03,0.012,0.85,0.02,0.01,0.9
RR,150,150,111,0.74,0.0,0.10666666666666667,0.6644356718314847,0.8035786108718385,0.0,0.0249702443680766,0.06673036965207343,0.16624622258414684,13074.333333333334,12844.596889973496,13304.069776693172,12752.666666666666,12591.953612562616,12913.379720770716,13396.0,12970.958975690723,13821.041024309277,70.42949398686248,68.69923342002527,72.1597545536997,182.78378378378378,173.9155244793344,191.65204308823314,0.06,0.024,0.85,0.02,0.01,0.9
TR,150,150,73,0.4866666666666667,0.0,0.06666666666666667,0.40801711922387535,0.5659820872926068,0.0,0.0249702443680766,0.03661185666960744,0.11836235511605896,12451.0,12238.164864177203,12663.835135822797,11654.0,11490.488627279221,11817.511372720779,13248.0,12898.266049152555,13597.733950847445,61.75427426541575,60.029658247810715,63.47889028302079,198.86301369863014,187.60333805630242,210.12268934095786,0.06,0.024,0.85,0.02,0.01,0.9
RR,150,150,149,0.9933333333333333,0.0,0.10666666666666667,0.9632071602251817,0.9988221986649826,0.0,0.0249702443680766,0.06673036965207343,0.16624622258414684,12217.666666666666,12003.831160263815,12431.502173069517,12752.666666666666,12591.953612562616,12913.379720770716,11682.666666666666,11304.607282890895,12060.726050442438,85.5606475827994,83.54559054806799,87.57570461753082,140.73825503355704,134.25554386002486,147.22096620708922,0.1,0.04000000000000001,0.85,0.02,0.01,0.9
TR,150,150,140,0.9333333333333333,0.0,0.06666666666666667,0.8816376448839411,0.9633881433303926,0.0,0.0249702443680766,0.03661185666960744,0.11836235511605896,11794.666666666666,11563.72366176194,12025.609671571392,11654.0,11490.488627279221,11817.511372720779,11935.333333333334,11503.710428704364,12366.956237962304,71.63605147634561,70.11894591928868,73.15315703340255,167.34285714285716,159.22397399073108,175.46174029498323,0.1,0.04000000000000001,0.85,0.02,0.01,0.9
RR,150,150,150,1.0,0.0,0.10666666666666667,0.9750297556319235,1.0,0.0,0.0249702443680766,0.06673036965207343,0.16624622258414684,11644.333333333334,11442.508698060508,11846.15796860616,12752.666666666666,12591.953612562616,12913.379720770716,10536.0,10263.400629229554,10808.599370770446,110.52059685407706,107.9170430065965,113.12415070155761,98.04666666666667,94.15590303409174,101.9374302992416,0.15,0.06,0.85,0.02,0.01,0.9
TR,150,150,150,1.0,0.0,0.06666666666666667,0.9750297556319235,1.0,0.0,0.0249702443680766,0.03661185666960744,0.11836235511605896,10980.666666666666,10793.103671457204,11168.229661876128,11654.0,11490.488627279221,11817.511372720779,10307.333333333334,10005.54178076127,10609.124885905398,89.88929949882014,88.04393099552166,91.73466800211861,117.56,112.65224838960506,122.46775161039494,0.15,0.06,0.85,0.02,0.01,0.9
RR,150,150,150,1.0,0.0,0.10666666666666667,0.9750297556319235,1.0,0.0,0.0249702443680766,0.06673036965207343,0.16624622258414684,11469.333333333334,11270.1510793416,11668.515587325068,12752.666666666666,12591.953612562616,12913.379720770716,10186.0,9965.826451342164,10406.173548657836,137.24824484137972,134.18495046444235,140.31153921831708,75.64,73.31411005568067,77.96588994431933,0.2,0.08000000000000002,0.85,0.02,0.01,0.9
TR,150,150,150,1.0,0.0,0.06666666666666667,0.9750297556319235,1.0,0.0,0.0249702443680766,0.03661185666960744,0.11836235511605896,10586.666666666666,10399.215721974806,10774.117611358526,11654.0,11490.488627279221,11817.511372720779,9519.333333333334,9283.65075029572,9755.015916370949,110.84124330626432,108.53620635725514,113.1462802552735,87.78,84.56562751700827,90.99437248299174,0.2,0.08000000000000002,0.85,0.02,0.01,0.9
EIR,150,150,50,0.3333333333333333,0.0,0.08,0.262887648323876,0.41210243313214945,0.0,0.0249702443680766,0.04635364151865292,0.13462136375053144,13030.666666666666,12842.75807499397,13218.575258339362,12406.666666666666,12223.73669477626,12589.596638557072,13654.666666666666,13357.729533920654,13951.603799412678,61.58880861995867,60.097968709503576,63.07964853041376,203.64,191.1572829556515,216.12271704434846,0.03,0.012,0.85,0.02,0.01,0.9
EIR,150,150,121,0.8066666666666666,0.0,0.08,0.7361371418228314,0.8618811082980816,0.0,0.0249702443680766,0.04635364151865292,0.13462136375053144,13179.333333333334,12935.50397118967,13423.162695476998,12406.666666666666,12223.73669477626,12589.596638557072,13952.0,13534.433554801939,14369.566445198061,70.98951989350616,69.77595787990288,72.20308190710944,191.78512396694214,183.86832667244312,199.70192126144116,0.06,0.024,0.85,0.02,0.01,0.9
EIR,150,150,150,1.0,0.0,0.08,0.9750297556319235,1.0,0.0,0.0249702443680766,0.04635364151865292,0.13462136375053144,12528.333333333334,12319.559284184992,12737.107382481676,12406.666666666666,12223.73669477626,12589.596638557072,12650.0,12274.893593519782,13025.106406480218,89.40207388503545,87.73102642330906,91.07312134676184,144.37333333333333,138.6259032575986,150.12076340906808,0.1,0.04000000000000001,0.85,0.02,0.01,0.9
EIR,150,150,150,1.0,0.0,0.08,0.9750297556319235,1.0,0.0,0.0249702443680766,0.04635364151865292,0.13462136375053144,12231.333333333334,12058.850460885047,12403.81620578162,12406.666666666666,12223.73669477626,12589.596638557072,12056.0,11765.565533438566,12346.434466561434,116.70325151402625,114.53615527727467,118.87034775077782,104.82,101.50832759029204,108.13167240970795,0.15,0.06,0.85,0.02,0.01,0.9
EIR,150,150,150,1.0,0.0,0.08,0.9750297556319235,1.0,0.0,0.0249702443680766,0.04635364151865292,0.13462136375053144,12261.333333333334,12110.285605567742,12412.381061098926,12406.666666666666,12223.73669477626,12589.596638557072,12116.0,11877.220959334652,12354.779040665348,143.94130915087607,141.2617703099658,146.62084799178632,85.08666666666667,83.00879821196702,87.16453512136633,0.2,0.08000000000000002,0.85,0.02,0.01,0.9
RR,150,150,45,0.3,0.0,0.10666666666666667,0.23240829378731656,0.3775798039599141,0.0,0.0249702443680766,0.06673036965207343,0.16624622258414684,13228.333333333334,13056.267631831948,13400.39903483472,12752.666666666666,12591.953612562616,12913.379720770716,13704.0,13418.818456088598,13989.181543911402,61.03500485515302,58.04208321518348,64.02792649512256,206.84444444444443,191.6919272635613,221.99696162532757,0.03,0.012,0.85,0.02,0.02,0.75
TR,150,150,29,0.19333333333333333,0.0,0.06666666666666667,0.13811889170191843,0.2638628581771686,0.0,0.0249702443680766,0.03661185666960744,0.11836235511605896,12140.0,11981.710512520422,12298.289487479578,11654.0,11490.488627279221,11817.511372720779,12626.0,12377.718764860134,12874.281235139866,56.752194815777685,53.78172547857709,59.72266415297828,205.58620689655172,185.4281322346122,225.74428155849122,0.03,0.012,0.85,0.02,0.02,0.75
RR,150,150,111,0.74,0.0,0.10666666666666667,0.6644356718314847,0.8035786108718385,0.0,0.0249702443680766,0.06673036965207343,0.16624622258414684,13074.333333333334,12844.596889973496,13304.069776693172,12752.666666666666,12591.953612562616,12913.379720770716,13396.0,12970.958975690723,13821.041024309277,70.42949398686248,68.69923342002527,72.1597545536997,182.78378378378378,173.9155244793344,191.65204308823314,0.06,0.024,0.85,0.02,0.02,0.75
TR,150,150,73,0.4866666666666667,0.0,0.06666666666666667,0.40801711922387535,0.5659820872926068,0.0,0.0249702443680766,0.03661185666960744,0.11836235511605896,12451.0,12238.164864177203,12663.835135822797,11654.0,11490.488627279221,11817.511372720779,13248.0,12898.266049152555,13597.733950847445,61.75427426541575,60.029658247810715,63.47889028302079,198.86301369863014,187.60333805630242,210.12268934095786,0.06,0.024,0.85,0.02,0.02,0.75
RR,150,150,149,0.9933333333333333,0.0,0.10666666666666667,0.9632071602251817,0.9988221986649826,0.0,0.0249702443680766,0.06673036965207343,0.16624622258414684,12217.666666666666,12003.831160263815,12431.502173069517,12752.666666666666,12591.953612562616,12913.379720770716,11682.666666666666,11304.607282890895,12060.726050442438,85.5606475827994,83.54559054806799,87.57570461753082,140.73825503355704,134.25554386002486,147.22096620708922,0.1,0.04000000000000001,0.85,0.02,0.02,0.75
TR,150,150,140,0.9333333333333333,0.0,0.06666666666666667,0.8816376448839411,0.9633881433303926,0.0,0.0249702443680766,0.03661185666960744,0.11836235511605896,11794.666666666666,11563.72366176194,12025.609671571392,11654.0,11490.488627279221,11817.511372720779,11935.333333333334,11503.710428704364,12366.956237962304,71.63605147634561,70.11894591928868,73.15315703340255,167.34285714285716,159.22397399073108,175.46174029498323,0.1,0.04000000000000001,0.85,0.02,0.02,0.75
RR,150,150,150,1.0,0.0,0.10666666666666667,0.9750297556319235,1.0,0.0,0.0249702443680766,0.06673036965207343,0.16624622258414684,11644.333333333334,11442.508698060508,11846.15796860616,12752.666666666666,12591.953612562616,12913.379720770716,10536.0,10263.400629229554,10808.599370770446,110.52059685407706,107.9170430065965,113.12415070155761,98.04666666666667,94.15590303409174,101.9374302992416,0.15,0.06,0.85,0.02,0.02,0.75
TR,150,150,150,1.0,0.0,0.06666666666666667,0.9750297556319235,1.0,0.0,0.0249702443680766,0.03661185666960744,0.11836235511605896,10980.666666666666,10793.103671457204,11168.229661876128,11654.0,11490.488627279221,11817.511372720779,10307.333333333334,10005.54178076127,10609.124885905398,89.88929949882014,88.04393099552166,91.73466800211861,117.56,112.65224838960506,122.46775161039494,0.15,0.06,0.85,0.02,0.02,0.75
RR,150,150,150,1.0,0.0,0.10666666666666667,0.9750297556319235,1.0,0.0,0.0249702443680766,0.06673036965207343,0.16624622258414684,11469.333333333334,11270.1510793416,11668.515587325068,12752.666666666666,12591.953612562616,12913.379720770716,10186.0,9965.826451342164,10406.173548657836,137.24824484137972,134.18495046444235,140.31153921831708,75.64,73.31411005568067,77.96588994431933,0.2,0.08000000000000002,0.85,0.02,0.02,0.75
TR,150,150,150,1.0,0.0,0.06666666666666667,0.9750297556319235,1.0,0.0,0.0249702443680766,0.03661185666960744,0.11836235511605896,10586.666666666666,10399.215721974806,10774.117611358526,11654.0,11490.488627279221,11817.511372720779,9519.333333333334,9283.65075029572,9755.015916370949,110.84124330626432,108.53620635725514,113.1462802552735,87.78,84.56562751700827,90.99437248299174,0.2,0.08000000000000002,0.85,0.02,0.02,0.75
EIR,150,150,52,0.3466666666666667,0.0,0.08,0.2751950896082086,0.4257957853313349,0.0,0.0249702443680766,0.04635364151865292,0.13462136375053144,13038.333333333334,12846.548007179548,13230.11865948712,12400.0,12216.410379493127,12583.589620506873,13676.666666666666,13371.864142564895,13981.469190768437,61.6792015762068,60.212359331852056,63.146043820561545,204.09615384615384,191.4225331058982,216.76977458640948,0.03,0.012,0.85,0.02,0.02,0.75
EIR,150,150,121,0.8066666666666666,0.0,0.08,0.7361371418228314,0.8618811082980816,0.0,0.0249702443680766,0.04635364151865292,0.13462136375053144,13138.0,12900.70633539563,13375.29366460437,12400.0,12216.410379493127,12583.589620506873,13876.0,13470.78374959291,14281.21625040709,71.16457440204694,69.96912376774294,72.36002503635093,189.31404958677686,181.8297011469933,196.79839802656042,0.06,0.024,0.85,0.02,0.02,0.75
EIR,150,150,150,1.0,0.0,0.08,0.9750297556319235,1.0,0.0,0.0249702443680766,0.04635364151865292,0.13462136375053144,12515.333333333334,12301.779086024431,12728.887580642237,12400.0,12216.410379493127,12583.589620506873,12630.666666666666,12245.12446618013,13016.208867153202,89.06339412701233,87.43122333219279,90.69556492183187,144.66666666666666,138.78599526126047,150.54733807207285,0.1,0.04000000000000001,0.85,0.02,0.02,0.75
EIR,150,150,150,1.0,0.0,0.08,0.9750297556319235,1.0,0.0,0.0249702443680766,0.04635364151865292,0.13462136375053144,12162.333333333334,11989.070251185245,12335.596415481423,12400.0,12216.410379493127,12583.589620506873,11924.666666666666,11635.071056375607,12214.262276957725,116.4117690687986,114.24811937760049,118.57541875999672,103.95333333333333,100.64590564230389,107.26076102436278,0.15,0.06,0.85,0.02,0.02,0.75
EIR,150,150,150,1.0,0.0,0.08,0.9750297556319235,1.0,0.0,0.0249702443680766,0.04635364151865292,0.13462136375053144,12215.0,12062.941907299783,12367.058092700217,12400.0,12216.410379493127,12583.589620506873,12030.0,11790.56919026269,12269.43080973731,142.99776622849478,140.38242065228283,145.61311180470673,85.02,82.92790859185837,87.11209140814162,0.2,0.08000000000000002,0.85,0.02,0.02,0.75
RR,150,150,45,0.3,0.0,0.10666666666666667,0.23240829378731656,0.3775798039599141,0.0,0.0249702443680766,0.06673036965207343,0.16624622258414684,13228.333333333334,13056.267631831948,13400.39903483472,12752.666666666666,12591.953612562616,12913.379720770716,13704.0,13418.818456088598,13989.181543911402,61.03500485515302,58.04208321518348,64.02792649512256,206.84444444444443,191.6919272635613,221.99696162532757,0.03,0.012,0.85,0.02,0.02,0.9
TR,150,150,29,0.19333333333333333,0.0,0.06666666666666667,0.13811889170191843,0.2638628581771686,0.0,0.0249702443680766,0.03661185666960744,0.11836235511605896,12140.0,11981.710512520422,12298.289487479578,11654.0,11490.488627279221,11817.511372720779,12626.0,12377.718764860134,12874.281235139866,56.752194815777685,53.78172547857709,59.72266415297828,205.58620689655172,185.4281322346122,225.74428155849122,0.03,0.012,0.85,0.02,0.02,0.9
RR,150,150,111,0.74,0.0,0.10666666666666667,0.6644356718314847,0.8035786108718385,0.0,0.0249702443680766,0.06673036965207343,0.16624622258414684,13074.333333333334,12844.596889973496,13304.069776693172,12752.666666666666,12591.953612562616,12913.379720770716,13396.0,12970.958975690723,13821.041024309277,70.42949398686248,68.69923342002527,72.1597545536997,182.78378378378378,173.9155244793344,191.65204308823314,0.06,0.024,0.85,0.02,0.02,0.9
TR,150,150,73,0.4866666666666667,0.0,0.06666666666666667,0.40801711922387535,0.5659820872926068,0.0,0.0249702443680766,0.03661185666960744,0.11836235511605896,12451.0,12238.164864177203,12663.835135822797,11654.0,11490.488627279221,11817.511372720779,13248.0,12898.266049152555,13597.733950847445,61.75427426541575,60.029658247810715,63.47889028302079,198.86301369863014,187.60333805630242,210.12268934095786,0.06,0.024,0.85,0.02,0.02,0.9
RR,150,150,149,0.9933333333333333,0.0,0.10666666666666667,0.9632071602251817,0.9988221986649826,0.0,0.0249702443680766,0.06673036965207343,0.16624622258414684,12217.666666666666,12003.831160263815,12431.502173069517,12752.666666666666,12591.953612562616,12913.379720770716,11682.666666666666,11304.607282890895,12060.726050442438,85.5606475827994,83.54559054806799,87.57570461753082,140.73825503355704,134.25554386002486,147.22096620708922,0.1,0.04000000000000001,0.85,0.02,0.02,0.9
TR,150,150,140,0.9333333333333333,0.0,0.06666666666666667,0.8816376448839411,0.9633881433303926,0.0,0.0249702443680766,0.03661185666960744,0.11836235511605896,11794.666666666666,11563.72366176194,12025.609671571392,11654.0,11490.488627279221,11817.511372720779,11935.333333333334,11503.710428704364,12366.956237962304,71.63605147634561,70.11894591928868,73.15315703340255,167.34285714285716,159.22397399073108,175.46174029498323,0.1,0.04000000000000001,0.85,0.02,0.02,0.9
RR,150,150,150,1.0,0.0,0.10666666666666667,0.9750297556319235,1.0,0.0,0.0249702443680766,0.06673036965207343,0.16624622258414684,11644.333333333334,11442.508698060508,11846.15796860616,12752.666666666666,12591.953612562616,12913.379720770716,10536.0,10263.400629229554,10808.599370770446,110.52059685407706,107.9170430065965,113.12415070155761,98.04666666666667,94.15590303409174,101.9374302992416,0.15,0.06,0.85,0.02,0.02,0.9
TR,150,150,150,1.0,0.0,0.06666666666666667,0.9750297556319235,1.0,0.0,0.0249702443680766,0.03661185666960744,0.11836235511605896,10980.666666666666,10793.103671457204,11168.229661876128,11654.0,11490.488627279221,11817.511372720779,10307.333333333334,10005.54178076127,10609.124885905398,89.88929949882014,88.04393099552166,91.73466800211861,117.56,112.65224838960506,122.46775161039494,0.15,0.06,0.85,0.02,0.02,0.9
RR,150,150,150,1.0,0.0,0.10666666666666667,0.9750297556319235,1.0,0.0,0.0249702443680766,0.06673036965207343,0.16624622258414684,11469.333333333334,11270.1510793416,11668.515587325068,12752.666666666666,12591.953612562616,12913.379720770716,10186.0,9965.826451342164,10406.173548657836,137.24824484137972,134.18495046444235,140.31153921831708,75.64,73.31411005568067,77.96588994431933,0.2,0.08000000000000002,0.85,0.02,0.02,0.9
TR,150,150,150,1.0,0.0,0.06666666666666667,0.9750297556319235,1.0,0.0,0.0249702443680766,0.03661185666960744,0.11836235511605896,10586.666666666666,10399.215721974806,10774.117611358526,11654.0,11490.488627279221,11817.511372720779,9519.333333333334,9283.65075029572,9755.015916370949,110.84124330626432,108.53620635725514,113.1462802552735,87.78,84.56562751700827,90.99437248299174,0.2,0.08000000000000002,0.85,0.02,0.02,0.9
EIR,150,150,48,0.32,0.0,0.07333333333333333,0.25064529057637863,0.3983439973961289,0.0,0.0249702443680766,0.041438815160384994,0.12653579336704038,13015.333333333334,12827.175167232379,13203.491499434289,12376.0,12194.759553275035,12557.240446724965,13654.666666666666,13357.741110829287,13951.592222504045,61.65752451296081,60.15584925844902,63.15919976747261,202.6875,189.77525871807788,215.59974128192212,0.03,0.012,0.85,0.02,0.02,0.9
EIR,150,150,120,0.8,0.0,0.07333333333333333,0.7288586692020037,0.8561591841771504,0.0,0.0249702443680766,0.041438815160384994,0.12653579336704038,13170.0,12928.603223721018,13411.396776278982,12376.0,12194.759553275035,12557.240446724965,13964.0,13553.492516924074,14374.507483075926,70.76443668513093,69.5360077920551,71.99286557820676,192.44166666666666,184.57386804502593,200.3094652883074,0.06,0.024,0.85,0.02,0.02,0.9
EIR,150,150,150,1.0,0.0,0.07333333333333333,0.9750297556319235,1.0,0.0,0.0249702443680766,0.041438815160384994,0.12653579336704038,12548.333333333334,12335.152442162771,12761.514224503897,12376.0,12194.759553275035,12557.240446724965,12720.666666666666,12335.939594070294,13105.393739263038,88.84786854331506,87.21478691730475,90.48095016932537,146.09333333333333,140.1758720222301,152.01079464443657,0.1,0.04000000000000001,0.85,0.02,0.02,0.9
EIR,150,150,150,1.0,0.0,0.07333333333333333,0.9750297556319235,1.0,0.0,0.0249702443680766,0.041438815160384994,0.12653579336704038,12202.333333333334,12030.452009614317,12374.214657052351,12376.0,12194.759553275035,12557.240446724965,12028.666666666666,11738.552794003845,12318.780539329488,115.74981613278685,113.6104207954804,117.8892114700933,105.43333333333334,102.10517959387211,108.76148707279457,0.15,0.06,0.85,0.02,0.02,0.9
EIR,150,150,150,1.0,0.0,0.07333333333333333,0.9750297556319235,1.0,0.0,0.0249702443680766,0.041438815160384994,0.12653579336704038,12223.333333333334,12071.998781677978,12374.66788498869,12376.0,12194.759553275035,12557.240446724965,12070.666666666666,11830.11291265452,12311.220420678812,142.3749020509642,139.70769697287838,145.04210712905004,85.76,83.59481717725481,87.9251828227452,0.2,0.08000000000000002,0.85,0.02,0.02,0.9
RR,150,150,45,0.3,0.0,0.10666666666666667,0.23240829378731656,0.3775798039599141,0.0,0.0249702443680766,0.06673036965207343,0.16624622258414684,13228.333333333334,13056.267631831948,13400.39903483472,12752.666666666666,12591.953612562616,12913.379720770716,13704.0,13418.818456088598,13989.181543911402,61.03500485515302,58.04208321518348,64.02792649512256,206.84444444444443,191.6919272635613,221.99696162532757,0.03,0.012,0.85,0.02,0.03,0.75
TR,150,150,29,0.19333333333333333,0.0,0.06666666666666667,0.13811889170191843,0.2638628581771686,0.0,0.0249702443680766,0.03661185666960744,0.11836235511605896,12140.0,11981.710512520422,12298.289487479578,11654.0,11490.488627279221,11817.511372720779,12626.0,12377.718764860134,12874.281235139866,56.752194815777685,53.78172547857709,59.72266415297828,205.58620689655172,185.4281322346122,225.74428155849122,0.03,0.012,0.85,0.02,0.03,0.75
RR,150,150,111,0.74,0.0,0.10666666666666667,0.6644356718314847,0.8035786108718385,0.0,0.0249702443680766,0.06673036965207343,0.16624622258414684,13074.333333333334,12844.596889973496,13304.069776693172,12752.666666666666,12591.953612562616,12913.379720770716,13396.0,12970.958975690723,13821.041024309277,70.42949398686248,68.69923342002527,72.1597545536997,182.78378378378378,173.9155244793344,191.65204308823314,0.06,0.024,0.85,0.02,0.03,0.75
TR,150,150,73,0.4866666666666667,0.0,0.06666666666666667,0.40801711922387535,0.5659820872926068,0.0,0.0249702443680766,0.03661185666960744,0.11836235511605896,12451.0,12238.164864177203,12663.835135822797,11654.0,11490.488627279221,11817.511372720779,13248.0,12898.266049152555,13597.733950847445,61.75427426541575,60.029658247810715,63.47889028302079,198.86301369863014,187.60333805630242,210.12268934095786,0.06,0.024,0.85,0.02,0.03,0.75
RR,150,150,149,0.9933333333333333,0.0,0.10666666666666667,0.9632071602251817,0.9988221986649826,0.0,0.0249702443680766,0.06673036965207343,0.16624622258414684,12217.666666666666,12003.831160263815,12431.502173069517,12752.666666666666,12591.953612562616,12913.379720770716,11682.666666666666,11304.607282890895,12060.726050442438,85.5606475827994,83.54559054806799,87.57570461753082,140.73825503355704,134.25554386002486,147.22096620708922,0.1,0.04000000000000001,0.85,0.02,0.03,0.75
TR,150,150,140,0.9333333333333333,0.0,0.06666666666666667,0.8816376448839411,0.9633881433303926,0.0,0.0249702443680766,0.03661185666960744,0.11836235511605896,11794.666666666666,11563.72366176194,12025.609671571392,11654.0,11490.488627279221,11817.511372720779,11935.333333333334,11503.710428704364,12366.956237962304,71.63605147634561,70.11894591928868,73.15315703340255,167.34285714285716,159.22397399073108,175.46174029498323,0.1,0.04000000000000001,0.85,0.02,0.03,0.75
RR,150,150,150,1.0,0.0,0.10666666666666667,0.9750297556319235,1.0,0.0,0.0249702443680766,0.06673036965207343,0.16624622258414684,11644.333333333334,11442.508698060508,11846.15796860616,12752.666666666666,12591.953612562616,12913.379720770716,10536.0,10263.400629229554,10808.599370770446,110.52059685407706,107.9170430065965,113.12415070155761,98.04666666666667,94.15590303409174,101.9374302992416,0.15,0.06,0.85,0.02,0.03,0.75
TR,150,150,150,1.0,0.0,0.06666666666666667,0.9750297556319235,1.0,0.0,0.0249702443680766,0.03661185666960744,0.11836235511605896,10980.666666666666,10793.103671457204,11168.229661876128,11654.0,11490.488627279221,11817.511372720779,10307.333333333334,10005.54178076127,10609.124885905398,89.88929949882014,88.04393099552166,91.73466800211861,117.56,112.65224838960506,122.46775161039494,0.15,0.06,0.85,0.02,0.03,0.75
RR,150,150,150,1.0,0.0,0.10666666666666667,0.9750297556319235,1.0,0.0,0.0249702443680766,0.06673036965207343,0.16624622258414684,11469.333333333334,11270.1510793416,11668.515587325068,12752.666666666666,12591.953612562616,12913.379720770716,10186.0,9965.826451342164,10406.173548657836,137.24824484137972,134.18495046444235,140.31153921831708,75.64,73.31411005568067,77.96588994431933,0.2,0.08000000000000002,0.85,0.02,0.03,0.75
TR,150,150,150,1.0,0.0,0.06666666666666667,0.9750297556319235,1.0,0.0,0.0249702443680766,0.03661185666960744,0.11836235511605896,10586.666666666666,10399.215721974806,10774.117611358526,11654.0,11490.488627279221,11817.511372720779,9519.333333333334,9283.65075029572,9755.015916370949,110.84124330626432,108.53620635725514,113.1462802552735,87.78,84.56562751700827,90.99437248299174,0.2,0.08000000000000002,0.85,0.02,0.03,0.75
EIR,150,150,52,0.3466666666666667,0.0,0.07333333333333333,0.2751950896082086,0.4257957853313349,0.0,0.0249702443680766,0.041438815160384994,0.12653579336704038,13012.666666666666,12821.3348739402,13203.998459393131,12373.333333333334,12191.02453894596,12555.642127720708,13652.0,13347.681100856838,13956.318899143162,61.53580209298176,60.05890106435425,63.01270312160927,204.30769230769232,191.6048143030211,217.01057031236354,0.03,0.012,0.85,0.02,0.03,0.75
EIR,150,150,121,0.8066666666666666,0.0,0.07333333333333333,0.7361371418228314,0.8618811082980816,0.0,0.0249702443680766,0.041438815160384994,0.12653579336704038,13114.333333333334,12877.64127247538,13351.025394191287,12373.333333333334,12191.02453894596,12555.642127720708,13855.333333333334,13451.234778514634,14259.431888152034,70.95433036271689,69.75495863405038,72.1537020913834,189.65289256198346,182.14638921472368,197.15939590924324,0.06,0.024,0.85,0.02,0.03,0.75
EIR,150,150,150,1.0,0.0,0.07333333333333333,0.9750297556319235,1.0,0.0,0.0249702443680766,0.041438815160384994,0.12653579336704038,12505.666666666666,12291.360634198834,12719.972699134498,12373.333333333334,12191.02453894596,12555.642127720708,12638.0,12250.462523201068,13025.537476798932,88.64660926211263,87.02116060998834,90.27205791423692,145.44666666666666,139.5152452776089,151.37808805572442,0.1,0.04000000000000001,0.85,0.02,0.03,0.75
EIR,150,150,150,1.0,0.0,0.07333333333333333,0.9750297556319235,1.0,0.0,0.0249702443680766,0.041438815160384994,0.12653579336704038,12169.0,11996.472908781887,12341.527091218113,12373.333333333334,12191.02453894596,12555.642127720708,11964.666666666666,11674.713984610013,12254.61934872332,115.4159990373346,113.2884326821699,117.5435653924993,105.21333333333334,101.8521793243718,108.57448734229487,0.15,0.06,0.85,0.02,0.03,0.75
EIR,150,150,150,1.0,0.0,0.07333333333333333,0.9750297556319235,1.0,0.0,0.0249702443680766,0.041438815160384994,0.12653579336704038,12173.0,12020.667724564893,12325.332275435107,12373.333333333334,12191.02453894596,12555.642127720708,11972.666666666666,11732.19616713235,12213.137166200982,141.50964573550488,138.88590784896405,144.1333836220457,85.54,83.40262477999889,87.67737522000112,0.2,0.08000000000000002,0.85,0.02,0.03,0.75
RR,150,150,45,0.3,0.0,0.10666666666666667,0.23240829378731656,0.3775798039599141,0.0,0.0249702443680766,0.06673036965207343,0.16624622258414684,13228.333333333334,13056.267631831948,13400.39903483472,12752.666666666666,12591.953612562616,12913.379720770716,13704.0,13418.818456088598,13989.181543911402,61.03500485515302,58.04208321518348,64.02792649512256,206.84444444444443,191.6919272635613,221.99696162532757,0.03,0.012,0.85,0.02,0.03,0.9
TR,150,150,29,0.19333333333333333,0.0,0.06666666666666667,0.13811889170191843,0.2638628581771686,0.0,0.0249702443680766,0.03661185666960744,0.11836235511605896,12140.0,11981.710512520422,12298.289487479578,11654.0,11490.488627279221,11817.511372720779,12626.0,12377.718764860134,12874.281235139866,56.752194815777685,53.78172547857709,59.72266415297828,205.58620689655172,185.4281322346122,225.74428155849122,0.03,0.012,0.85,0.02,0.03,0.9
RR,150,150,111,0.74,0.0,0.10666666666666667,0.6644356718314847,0.8035786108718385,0.0,0.0249702443680766,0.06673036965207343,0.16624622258414684,13074.333333333334,12844.596889973496,13304.069776693172,12752.666666666666,12591.953612562616,12913.379720770716,13396.0,12970.958975690723,13821.041024309277,70.42949398686248,68.69923342002527,72.1597545536997,182.78378378378378,173.9155244793344,191.65204308823314,0.06,0.024,0.85,0.02,0.03,0.9
TR,150,150,73,0.4866666666666667,0.0,0.06666666666666667,0.40801711922387535,0.5659820872926068,0.0,0.0249702443680766,0.03661185666960744,0.11836235511605896,12451.0,12238.164864177203,12663.835135822797,11654.0,11490.488627279221,11817.511372720779,13248.0,12898.266049152555,13597.733950847445,61.75427426541575,60.029658247810715,63.47889028302079,198.86301369863014,187.60333805630242,210.12268934095786,0.06,0.024,0.85,0.02,0.03,0.9
RR,150,150,149,0.9933333333333333,0.0,0.10666666666666667,0.9632071602251817,0.9988221986649826,0.0,0.0249702443680766,0.06673036965207343,0.16624622258414684,12217.666666666666,12003.831160263815,12431.502173069517,12752.666666666666,12591.953612562616,12913.379720770716,11682.666666666666,11304.607282890895,12060.726050442438,85.5606475827994,83.54559054806799,87.57570461753082,140.73825503355704,134.25554386002486,147.22096620708922,0.1,0.04000000000000001,0.85,0.02,0.03,0.9
TR,150,150,140,0.9333333333333333,0.0,0.06666666666666667,0.8816376448839411,0.9633881433303926,0.0,0.0249702443680766,0.03661185666960744,0.11836235511605896,11794.666666666666,11563.72366176194,12025.609671571392,11654.0,11490.488627279221,11817.511372720779,11935.333333333334,11503.710428704364,12366.956237962304,71.63605147634561,70.11894591928868,73.15315703340255,167.34285714285716,159.22397399073108,175.46174029498323,0.1,0.04000000000000001,0.85,0.02,0.03,0.9
RR,150,150,150,1.0,0.0,0.10666666666666667,0.9750297556319235,1.0,0.0,0.0249702443680766,0.06673036965207343,0.16624622258414684,11644.333333333334,11442.508698060508,11846.15796860616,12752.666666666666,12591.953612562616,12913.379720770716,10536.0,10263.400629229554,10808.599370770446,110.52059685407706,107.9170430065965,113.12415070155761,98.04666666666667,94.15590303409174,101.9374302992416,0.15,0.06,0.85,0.02,0.03,0.9
TR,150,150,150,1.0,0.0,0.06666666666666667,0.9750297556319235,1.0,0.0,0.0249702443680766,0.03661185666960744,0.11836235511605896,10980.666666666666,10793.103671457204,11168.229661876128,11654.0,11490.488627279221,11817.511372720779,10307.333333333334,10005.54178076127,10609.124885905398,89.88929949882014,88.04393099552166,91.73466800211861,117.56,112.65224838960506,122.46775161039494,0.15,0.06,0.85,0.02,0.03,0.9
RR,150,150,150,1.0,0.0,0.10666666666666667,0.9750297556319235,1.0,0.0,0.0249702443680766,0.06673036965207343,0.16624622258414684,11469.333333333334,11270.1510793416,11668.515587325068,12752.666666666666,12591.953612562616,12913.379720770716,10186.0,9965.826451342164,10406.173548657836,137.24824484137972,134.18495046444235,140.31153921831708,75.64,73.31411005568067,77.96588994431933,0.2,0.08000000000000002,0.85,0.02,0.03,0.9
TR,150,150,150,1.0,0.0,0.06666666666666667,0.9750297556319235,1.0,0.0,0.0249702443680766,0.03661185666960744,0.11836235511605896,10586.666666666666,10399.215721974806,10774.117611358526,11654.0,11490.488627279221,11817.511372720779,9519.333333333334,9283.65075029572,9755.015916370949,110.84124330626432,108.53620635725514,113.1462802552735,87.78,84.56562751700827,90.99437248299174,0.2,0.08000000000000002,0.85,0.02,0.03,0.9
EIR,150,150,48,0.32,0.0,0.06666666666666667,0.25064529057637863,0.3983439973961289,0.0,0.0249702443680766,0.03661185666960744,0.11836235511605896,12989.0,12801.219554582814,13176.780445417186,12352.0,12171.85306241574,12532.14693758426,13626.0,13329.11008458009,13922.88991541991,61.49075609209623,59.97446537161768,63.00704681257477,202.72916666666666,189.81236558648482,215.6459677468485,0.03,0.012,0.85,0.02,0.03,0.9
EIR,150,150,119,0.7933333333333333,0.0,0.06666666666666667,0.7216063981873552,0.8504110584500398,0.0,0.0249702443680766,0.03661185666960744,0.11836235511605896,13166.666666666666,12927.208162572204,13406.125170761128,12352.0,12171.85306241574,12532.14693758426,13981.333333333334,13577.03555806672,14385.631108599948,70.43435783377167,69.21308099540094,71.6556346721424,193.07563025210084,185.33292423343417,200.8183362707675,0.06,0.024,0.85,0.02,0.03,0.9
EIR,150,150,150,1.0,0.0,0.06666666666666667,0.9750297556319235,1.0,0.0,0.0249702443680766,0.03661185666960744,0.11836235511605896,12545.0,12332.288365550503,12757.711634449497,12352.0,12171.85306241574,12532.14693758426,12738.0,12354.309118136143,13121.690881863857,88.38618228136421,86.76576852553092,90.00659603719751,147.03333333333333,141.1159571270135,152.95070953965316,0.1,0.04000000000000001,0.85,0.02,0.03,0.9
EIR,150,150,150,1.0,0.0,0.06666666666666667,0.9750297556319235,1.0,0.0,0.0249702443680766,0.03661185666960744,0.11836235511605896,12189.0,12018.33572069348,12359.66427930652,12352.0,12171.85306241574,12532.14693758426,12026.0,11737.775712353332,12314.224287646668,114.85725917970558,112.75502823990912,116.95949011950204,106.20666666666666,102.87903559999444,109.53429773333889,0.15,0.06,0.85,0.02,0.03,0.9
EIR,150,150,150,1.0,0.0,0.06666666666666667,0.9750297556319235,1.0,0.0,0.0249702443680766,0.03661185666960744,0.11836235511605896,12187.666666666666,12035.997471495546,12339.335861837786,12352.0,12171.85306241574,12532.14693758426,12023.333333333334,11781.512025211206,12265.154641455461,141.07148001821432,138.42235589918235,143.72060413724628,86.22,84.0247659551547,88.41523404484529,0.2,0.08000000000000002,0.85,0.02,0.03,0.9
RR,150,150,45,0.3,0.0,0.10666666666666667,0.23240829378731656,0.3775798039599141,0.0,0.0249702443680766,0.06673036965207343,0.16624622258414684,13228.333333333334,13056.267631831948,13400.39903483472,12752.666666666666,12591.953612562616,12913.379720770716,13704.0,13418.818456088598,13989.181543911402,61.03500485515302,58.04208321518348,64.02792649512256,206.84444444444443,191.6919272635613,221.99696162532757,0.03,0.012,0.85,0.03,0.01,0.75
TR,150,150,29,0.19333333333333333,0.0,0.06666666666666667,0.13811889170191843,0.2638628581771686,0.0,0.0249702443680766,0.03661185666960744,0.11836235511605896,12140.0,11981.710512520422,12298.289487479578,11654.0,11490.488627279221,11817.511372720779,12626.0,12377.718764860134,12874.281235139866,56.752194815777685,53.78172547857709,59.72266415297828,205.58620689655172,185.4281322346122,225.74428155849122,0.03,0.012,0.85,0.03,0.01,0.75
RR,150,150,111,0.74,0.0,0.10666666666666667,0.6644356718314847,0.8035786108718385,0.0,0.0249702443680766,0.06673036965207343,0.16624622258414684,13074.333333333334,12844.596889973496,13304.069776693172,12752.666666666666,12591.953612562616,12913.379720770716,13396.0,12970.958975690723,13821.041024309277,70.42949398686248,68.69923342002527,72.1597545536997,182.78378378378378,173.9155244793344,191.65204308823314,0.06,0.024,0.85,0.03,0.01,0.75
TR,150,150,73,0.4866666666666667,0.0,0.06666666666666667,0.40801711922387535,0.5659820872926068,0.0,0.0249702443680766,0.03661185666960744,0.11836235511605896,12451.0,12238.164864177203,12663.835135822797,11654.0,11490.488627279221,11817.511372720779,13248.0,12898.266049152555,13597.733950847445,61.75427426541575,60.029658247810715,63.47889028302079,198.86301369863014,187.60333805630242,210.12268934095786,0.06,0.024,0.85,0.03,0.01,0.75
RR,150,150,149,0.9933333333333333,0.0,0.10666666666666667,0.9632071602251817,0.9988221986649826,0.0,0.0249702443680766,0.06673036965207343,0.16624622258414684,12217.666666666666,12003.831160263815,12431.502173069517,12752.666666666666,12591.953612562616,12913.379720770716,11682.666666666666,11304.607282890895,12060.726050442438,85.5606475827994,83.54559054806799,87.57570461753082,140.73825503355704,134.25554386002486,147.22096620708922,0.1,0.04000000000000001,0.85,0.03,0.01,0.75
TR,150,150,140,0.9333333333333333,0.0,0.06666666666666667,0.8816376448839411,0.9633881433303926,0.0,0.0249702443680766,0.03661185666960744,0.11836235511605896,11794.666666666666,11563.72366176194,12025.609671571392,11654.0,11490.488627279221,11817.511372720779,11935.333333333334,11503.710428704364,12366.956237962304,71.63605147634561,70.11894591928868,73.15315703340255,167.34285714285716,159.22397399073108,175.46174029498323,0.1,0.04000000000000001,0.85,0.03,0.01,0.75
RR,150,150,150,1.0,0.0,0.10666666666666667,0.9750297556319235,1.0,0.0,0.0249702443680766,0.06673036965207343,0.16624622258414684,11644.333333333334,11442.508698060508,11846.15796860616,12752.666666666666,12591.953612562616,12913.379720770716,10536.0,10263.400629229554,10808.599370770446,110.52059685407706,107.9170430065965,113.12415070155761,98.04666666666667,94.15590303409174,101.9374302992416,0.15,0.06,0.85,0.03,0.01,0.75
TR,150,150,150,1.0,0.0,0.06666666666666667,0.9750297556319235,1.0,0.0,0.0249702443680766,0.03661185666960744,0.11836235511605896,10980.666666666666,10793.103671457204,11168.229661876128,11654.0,11490.488627279221,11817.511372720779,10307.333333333334,10005.54178076127,10609.124885905398,89.88929949882014,88.04393099552166,91.73466800211861,117.56,112.65224838960506,122.46775161039494,0.15,0.06,0.85,0.03,0.01,0.75
RR,150,150,150,1.0,0.0,0.10666666666666667,0.9750297556319235,1.0,0.0,0.0249702443680766,0.06673036965207343,0.16624622258414684,11469.333333333334,11270.1510793416,11668.515587325068,12752.666666666666,12591.953612562616,12913.379720770716,10186.0,9965.826451342164,10406.173548657836,137.24824484137972,134.18495046444235,140.31153921831708,75.64,73.31411005568067,77.96588994431933,0.2,0.08000000000000002,0.85,0.03,0.01,0.75
TR,150,150,150,1.0,0.0,0.06666666666666667,0.9750297556319235,1.0,0.0,0.0249702443680766,0.03661185666960744,0.11836235511605896,10586.666666666666,10399.215721974806,10774.117611358526,11654.0,11490.488627279221,11817.511372720779,9519.333333333334,9283.65075029572,9755.015916370949,110.84124330626432,108.53620635725514,113.1462802552735,87.78,84.56562751700827,90.99437248299174,0.2,0.08000000000000002,0.85,0.03,0.01,0.75
EIR,150,150,54,0.36,0.0,0.08,0.28756583250443635,0.43942583591862505,0.0,0.0249702443680766,0.04635364151865292,0.13462136375053144,13040.666666666666,12849.007021334472,13232.32631199886,12420.0,12234.075356486337,12605.924643513663,13661.333333333334,13356.382145740405,13966.284520926263,61.46914706674261,60.003312701951764,62.93498143153345,205.4814814814815,193.0450700836549,217.91789287930808,0.03,0.012,0.85,0.03,0.01,0.75
EIR,150,150,122,0.8133333333333334,0.0,0.08,0.7434428016958636,0.8675758451668085,0.0,0.0249702443680766,0.04635364151865292,0.13462136375053144,13156.333333333334,12915.98304962437,13396.683617042298,12420.0,12234.075356486337,12605.924643513663,13892.666666666666,13481.177192925834,14304.156140407498,71.31586061593194,70.12572778616274,72.50599344570114,189.49180327868854,181.95528053144494,197.02832602593213,0.06,0.024,0.85,0.03,0.01,0.75
EIR,150,150,150,1.0,0.0,0.08,0.9750297556319235,1.0,0.0,0.0249702443680766,0.04635364151865292,0.13462136375053144,12507.0,12292.277225955293,12721.722774044707,12420.0,12234.075356486337,12605.924643513663,12594.0,12206.593115008609,12981.406884991391,89.3482350997774,87.71129985638974,90.98517034316505,143.76666666666668,137.90031224596578,149.63302108736758,0.1,0.04000000000000001,0.85,0.03,0.01,0.75
EIR,150,150,150,1.0,0.0,0.08,0.9750297556319235,1.0,0.0,0.0249702443680766,0.04635364151865292,0.13462136375053144,12170.0,11997.038032057711,12342.961967942289,12420.0,12234.075356486337,12605.924643513663,11920.0,11633.165115562637,12206.834884437363,116.91357573488432,114.75921531916025,119.06793615060839,103.43333333333334,100.17669958533811,106.68996708132856,0.15,0.06,0.85,0.03,0.01,0.75
EIR,150,150,150,1.0,0.0,0.08,0.9750297556319235,1.0,0.0,0.0249702443680766,0.04635364151865292,0.13462136375053144,12237.333333333334,12083.706241110092,12390.960425556576,12420.0,12234.075356486337,12605.924643513663,12054.666666666666,11812.936566486043,12296.396766847289,143.86088962055595,141.21882938474496,146.50294985636694,84.64666666666666,82.59626011830763,86.6970732150257,0.2,0.08000000000000002,0.85,0.03,0.01,0.75
RR,150,150,45,0.3,0.0,0.10666666666666667,0.23240829378731656,0.3775798039599141,0.0,0.0249702443680766,0.06673036965207343,0.16624622258414684,13228.333333333334,13056.267631831948,13400.39903483472,12752.666666666666,12591.953612562616,12913.379720770716,13704.0,13418.818456088598,13989.181543911402,61.03500485515302,58.04208321518348,64.02792649512256,206.84444444444443,191.6919272635613,221.99696162532757,0.03,0.012,0.85,0.03,0.01,0.9
TR,150,150,29,0.19333333333333333,0.0,0.06666666666666667,0.13811889170191843,0.2638628581771686,0.0,0.0249702443680766,0.03661185666960744,0.11836235511605896,12140.0,11981.710512520422,12298.289487479578,11654.0,11490.488627279221,11817.511372720779,12626.0,12377.718764860134,12874.281235139866,56.752194815777685,53.78172547857709,59.72266415297828,205.58620689655172,185.4281322346122,225.74428155849122,0.03,0.012,0.85,0.03,0.01,0.9
RR,150,150,111,0.74,0.0,0.10666666666666667,0.6644356718314847,0.8035786108718385,0.0,0.0249702443680766,0.06673036965207343,0.16624622258414684,13074.333333333334,12844.596889973496,13304.069776693172,12752.666666666666,12591.953612562616,12913.379720770716,13396.0,12970.958975690723,13821.041024309277,70.42949398686248,68.69923342002527,72.1597545536997,182.78378378378378,173.9155244793344,191.65204308823314,0.06,0.024,0.85,0.03,0.01,0.9
TR,150,150,73,0.4866666666666667,0.0,0.06666666666666667,0.40801711922387535,0.5659820872926068,0.0,0.0249702443680766,0.03661185666960744,0.11836235511605896,12451.0,12238.164864177203,12663.835135822797,11654.0,11490.488627279221,11817.511372720779,13248.0,12898.266049152555,13597.733950847445,61.75427426541575,60.029658247810715,63.47889028302079,198.86301369863014,187.60333805630242,210.12268934095786,0.06,0.024,0.85,0.03,0.01,0.9
RR,150,150,149,0.9933333333333333,0.0,0.10666666666666667,0.9632071602251817,0.9988221986649826,0.0,0.0249702443680766,0.06673036965207343,0.16624622258414684,12217.666666666666,12003.831160263815,12431.502173069517,12752.666666666666,12591.953612562616,12913.379720770716,11682.666666666666,11304.607282890895,12060.726050442438,85.5606475827994,83.54559054806799,87.57570461753082,140.73825503355704,134.25554386002486,147.22096620708922,0.1,0.04000000000000001,0.85,0.03,0.01,0.9
TR,150,150,140,0.9333333333333333,0.0,0.06666666666666667,0.8816376448839411,0.9633881433303926,0.0,0.0249702443680766,0.03661185666960744,0.11836235511605896,11794.666666666666,11563.72366176194,12025.609671571392,11654.0,11490.488627279221,11817.511372720779,11935.333333333334,11503.710428704364,12366.956237962304,71.63605147634561,70.11894591928868,73.15315703340255,167.34285714285716,159.22397399073108,175.46174029498323,0.1,0.04000000000000001,0.85,0.03,0.01,0.9
RR,150,150,150,1.0,0.0,0.10666666666666667,0.9750297556319235,1.0,0.0,0.0249702443680766,0.06673036965207343,0.16624622258414684,11644.333333333334,11442.508698060508,11846.15796860616,12752.666666666666,12591.953612562616,12913.379720770716,10536.0,10263.400629229554,10808.599370770446,110.52059685407706,107.9170430065965,113.12415070155761,98.04666666666667,94.15590303409174,101.9374302992416,0.15,0.06,0.85,0.03,0.01,0.9
TR,150,150,150,1.0,0.0,0.06666666666666667,0.9750297556319235,1.0,0.0,0.0249702443680766,0.03661185666960744,0.11836235511605896,10980.666666666666,10793.103671457204,11168.229661876128,11654.0,11490.488627279221,11817.511372720779,10307.333333333334,10005.54178076127,10609.124885905398,89.88929949882014,88.04393099552166,91.73466800211861,117.56,112.65224838960506,122.46775161039494,0.15,0.06,0.85,0.03,0.01,0.9
RR,150,150,150,1.0,0.0,0.10666666666666667,0.9750297556319235,1.0,0.0,0.0249702443680766,0.06673036965207343,0.16624622258414684,11469.333333333334,11270.1510793416,11668.515587325068,12752.666666666666,12591.953612562616,12913.379720770716,10186.0,9965.826451342164,10406.173548657836,137.24824484137972,134.18495046444235,140.31153921831708,75.64,73.31411005568067,77.96588994431933,0.2,0.08000000000000002,0.85,0.03,0.01,0.9
TR,150,150,150,1.0,0.0,0.06666666666666667,0.9750297556319235,1.0,0.0,0.0249702443680766,0.03661185666960744,0.11836235511605896,10586.666666666666,10399.215721974806,10774.117611358526,11654.0,11490.488627279221,11817.511372720779,9519.333333333334,9283.65075029572,9755.015916370949,110.84124330626432,108.53620635725514,113.1462802552735,87.78,84.56562751700827,90.99437248299174,0.2,0.08000000000000002,0.85,0.03,0.01,0.9
EIR,150,150,50,0.3333333333333333,0.0,0.08,0.262887648323876,0.41210243313214945,0.0,0.0249702443680766,0.04635364151865292,0.13462136375053144,13004.666666666666,12815.160900970259,13194.172432363073,12388.666666666666,12205.446875996975,12571.886457336357,13620.666666666666,13319.01069111798,13922.322642215353,61.64096676335635,60.10359572542132,63.178337801291384,202.64,189.87914302375927,215.4008569762407,0.03,0.012,0.85,0.03,0.01,0.9
EIR,150,150,121,0.8066666666666666,0.0,0.08,0.7361371418228314,0.8618811082980816,0.0,0.0249702443680766,0.04635364151865292,0.13462136375053144,13124.666666666666,12883.842934849225,13365.490398484108,12388.666666666666,12205.446875996975,12571.886457336357,13860.666666666666,13446.828925489737,14274.504407843595,70.90883892306053,69.69609357473067,72.12158427139039,190.43801652892563,182.63411860864014,198.24191444921112,0.06,0.024,0.85,0.03,0.01,0.9
EIR,150,150,150,1.0,0.0,0.08,0.9750297556319235,1.0,0.0,0.0249702443680766,0.04635364151865292,0.13462136375053144,12503.0,12293.415404598954,12712.584595401046,12388.666666666666,12205.446875996975,12571.886457336357,12617.333333333334,12240.439600806678,12994.22706585999,89.129588689679,87.50417535268171,90.75500202667628,144.38666666666666,138.6211950625397,150.1521382707936,0.1,0.04000000000000001,0.85,0.03,0.01,0.9
EIR,150,150,150,1.0,0.0,0.08,0.9750297556319235,1.0,0.0,0.0249702443680766,0.04635364151865292,0.13462136375053144,12187.0,12014.87082637314,12359.12917362686,12388.666666666666,12205.446875996975,12571.886457336357,11985.333333333334,11696.81129192018,12273.855374746488,116.53264189542608,114.37538155574752,118.68990223510464,104.34666666666666,101.06037134183732,107.632961991496,0.15,0.06,0.85,0.03,0.01,0.9
EIR,150,150,150,1.0,0.0,0.08,0.9750297556319235,1.0,0.0,0.0249702443680766,0.04635364151865292,0.13462136375053144,12225.666666666666,12073.973754935963,12377.359578397369,12388.666666666666,12205.446875996975,12571.886457336357,12062.666666666666,11823.057918162687,12302.275415170645,143.380392406845,140.71727362292242,146.0435111907676,85.04,82.95618902625186,87.12381097374815,0.2,0.08000000000000002,0.85,0.03,0.01,0.9
RR,150,150,45,0.3,0.0,0.10666666666666667,0.23240829378731656,0.3775798039599141,0.0,0.0249702443680766,0.06673036965207343,0.16624622258414684,13228.333333333334,13056.267631831948,13400.39903483472,12752.666666666666,12591.953612562616,12913.379720770716,13704.0,13418.818456088598,13989.181543911402,61.03500485515302,58.04208321518348,64.02792649512256,206.84444444444443,191.6919272635613,221.99696162532757,0.03,0.012,0.85,0.03,0.02,0.75
TR,150,150,29,0.19333333333333333,0.0,0.06666666666666667,0.13811889170191843,0.2638628581771686,0.0,0.0249702443680766,0.03661185666960744,0.11836235511605896,12140.0,11981.710512520422,12298.289487479578,11654.0,11490.488627279221,11817.511372720779,12626.0,12377.718764860134,12874.281235139866,56.752194815777685,53.78172547857709,59.72266415297828,205.58620689655172,185.4281322346122,225.74428155849122,0.03,0.012,0.85,0.03,0.02,0.75
RR,150,150,111,0.74,0.0,0.10666666666666667,0.6644356718314847,0.8035786108718385,0.0,0.0249702443680766,0.06673036965207343,0.16624622258414684,13074.333333333334,12844.596889973496,13304.069776693172,12752.666666666666,12591.953612562616,12913.379720770716,13396.0,12970.958975690723,13821.041024309277,70.42949398686248,68.69923342002527,72.1597545536997,182.78378378378378,173.9155244793344,191.65204308823314,0.06,0.024,0.85,0.03,0.02,0.75
TR,150,150,73,0.4866666666666667,0.0,0.06666666666666667,0.40801711922387535,0.5659820872926068,0.0,0.0249702443680766,0.03661185666960744,0.11836235511605896,12451.0,12238.164864177203,12663.835135822797,11654.0,11490.488627279221,11817.511372720779,13248.0,12898.266049152555,13597.733950847445,61.75427426541575,60.029658247810715,63.47889028302079,198.86301369863014,187.60333805630242,210.12268934095786,0.06,0.024,0.85,0.03,0.02,0.75
RR,150,150,149,0.9933333333333333,0.0,0.10666666666666667,0.9632071602251817,0.9988221986649826,0.0,0.0249702443680766,0.06673036965207343,0.16624622258414684,12217.666666666666,12003.831160263815,12431.502173069517,12752.666666666666,12591.953612562616,12913.379720770716,11682.666666666666,11304.607282890895,12060.726050442438,85.5606475827994,83.54559054806799,87.57570461753082,140.73825503355704,134.25554386002486,147.22096620708922,0.1,0.04000000000000001,0.85,0.03,0.02,0.75
TR,150,150,140,0.9333333333333333,0.0,0.06666666666666667,0.8816376448839411,0.9633881433303926,0.0,0.0249702443680766,0.03661185666960744,0.11836235511605896,11794.666666666666,11563.72366176194,12025.609671571392,11654.0,11490.488627279221,11817.511372720779,11935.333333333334,11503.710428704364,12366.956237962304,71.63605147634561,70.11894591928868,73.15315703340255,167.34285714285716,159.22397399073108,175.46174029498323,0.1,0.04000000000000001,0.85,0.03,0.02,0.75
RR,150,150,150,1.0,0.0,0.10666666666666667,0.9750297556319235,1.0,0.0,0.0249702443680766,0.06673036965207343,0.16624622258414684,11644.333333333334,11442.508698060508,11846.15796860616,12752.666666666666,12591.953612562616,12913.379720770716,10536.0,10263.400629229554,10808.599370770446,110.52059685407706,107.9170430065965,113.12415070155761,98.04666666666667,94.15590303409174,101.9374302992416,0.15,0.06,0.85,0.03,0.02,0.75
TR,150,150,150,1.0,0.0,0.06666666666666667,0.9750297556319235,1.0,0.0,0.0249702443680766,0.03661185666960744,0.11836235511605896,10980.666666666666,10793.103671457204,11168.229661876128,11654.0,11490.488627279221,11817.511372720779,10307.333333333334,10005.54178076127,10609.124885905398,89.88929949882014,88.04393099552166,91.73466800211861,117.56,112.65224838960506,122.46775161039494,0.15,0.06,0.85,0.03,0.02,0.75
RR,150,150,150,1.0,0.0,0.10666666666666667,0.9750297556319235,1.0,0.0,0.0249702443680766,0.06673036965207343,0.16624622258414684,11469.333333333334,11270.1510793416,11668.515587325068,12752.666666666666,12591.953612562616,12913.379720770716,10186.0,9965.826451342164,10406.173548657836,137.24824484137972,134.18495046444235,140.31153921831708,75.64,73.31411005568067,77.96588994431933,0.2,0.08000000000000002,0.85,0.03,0.02,0.75
TR,150,150,150,1.0,0.0,0.06666666666666667,0.9750297556319235,1.0,0.0,0.0249702443680766,0.03661185666960744,0.11836235511605896,10586.666666666666,10399.215721974806,10774.117611358526,11654.0,11490.488627279221,11817.511372720779,9519.333333333334,9283.65075029572,9755.015916370949,110.84124330626432,108.53620635725514,113.1462802552735,87.78,84.56562751700827,90.99437248299174,0.2,0.08000000000000002,0.85,0.03,0.02,0.75
EIR,150,150,52,0.3466666666666667,0.0,0.08,0.2751950896082086,0.4257957853313349,0.0,0.0249702443680766,0.04635364151865292,0.13462136375053144,13025.333333333334,12834.396379694108,13216.27028697256,12384.0,12199.615577501008,12568.384422498992,13666.666666666666,13364.820615625644,13968.512717707688,61.598549980385684,60.13399288456007,63.063107076211296,204.65384615384616,192.04030050910913,217.2673917985832,0.03,0.012,0.85,0.03,0.02,0.75
EIR,150,150,121,0.8066666666666666,0.0,0.08,0.7361371418228314,0.8618811082980816,0.0,0.0249702443680766,0.04635364151865292,0.13462136375053144,13146.666666666666,12908.77639110282,13384.556942230513,12384.0,12199.615577501008,12568.384422498992,13909.333333333334,13505.431288638534,14313.235378028134,70.94506794367703,69.77505755371251,72.11507833364155,190.51239669421489,183.03189935095008,197.9928940374797,0.06,0.024,0.85,0.03,0.02,0.75
EIR,150,150,150,1.0,0.0,0.08,0.9750297556319235,1.0,0.0,0.0249702443680766,0.04635364151865292,0.13462136375053144,12507.666666666666,12292.964130710436,12722.369202622896,12384.0,12199.615577501008,12568.384422498992,12631.333333333334,12243.749438437359,13018.91722822931,88.7753358011631,87.16361548840842,90.38705611391777,145.11333333333334,139.20793279827157,151.01873386839512,0.1,0.04000000000000001,0.85,0.03,0.02,0.75
EIR,150,150,150,1.0,0.0,0.08,0.9750297556319235,1.0,0.0,0.0249702443680766,0.04635364151865292,0.13462136375053144,12157.0,11983.696024098575,12330.303975901425,12384.0,12199.615577501008,12568.384422498992,11930.0,11640.369889157462,12219.630110842538,115.87101365096223,113.71822070337224,118.02380659855221,104.48666666666666,101.16418200943787,107.80915132389546,0.15,0.06,0.85,0.03,0.02,0.75
EIR,150,150,150,1.0,0.0,0.08,0.9750297556319235,1.0,0.0,0.0249702443680766,0.04635364151865292,0.13462136375053144,12189.333333333334,12036.757430760765,12341.909235905903,12384.0,12199.615577501008,12568.384422498992,11994.666666666666,11754.919944551946,12234.413388781386,142.1445462176968,139.53177704836475,144.75731538702888,85.3,83.17543955518944,87.42456044481055,0.2,0.08000000000000002,0.85,0.03,0.02,0.75
RR,150,150,45,0.3,0.0,0.10666666666666667,0.23240829378731656,0.3775798039599141,0.0,0.0249702443680766,0.06673036965207343,0.16624622258414684,13228.333333333334,13056.267631831948,13400.39903483472,12752.666666666666,12591.953612562616,12913.379720770716,13704.0,13418.818456088598,13989.181543911402,61.03500485515302,58.04208321518348,64.02792649512256,206.84444444444443,191.6919272635613,221.99696162532757,0.03,0.012,0.85,0.03,0.02,0.9
TR,150,150,29,0.19333333333333333,0.0,0.06666666666666667,0.13811889170191843,0.2638628581771686,0.0,0.0249702443680766,0.03661185666960744,0.11836235511605896,12140.0,11981.710512520422,12298.289487479578,11654.0,11490.488627279221,11817.511372720779,12626.0,12377.718764860134,12874.281235139866,56.752194815777685,53.78172547857709,59.72266415297828,205.58620689655172,185.4281322346122,225.74428155849122,0.03,0.012,0.85,0.03,0.02,0.9
RR,150,150,111,0.74,0.0,0.10666666666666667,0.6644356718314847,0.8035786108718385,0.0,0.0249702443680766,0.06673036965207343,0.16624622258414684,13074.333333333334,12844.596889973496,13304.069776693172,12752.666666666666,12591.953612562616,12913.379720770716,13396.0,12970.958975690723,13821.041024309277,70.42949398686248,68.69923342002527,72.1597545536997,182.78378378378378,173.9155244793344,191.65204308823314,0.06,0.024,0.85,0.03,0.02,0.9
TR,150,150,73,0.4866666666666667,0.0,0.06666666666666667,0.40801711922387535,0.5659820872926068,0.0,0.0249702443680766,0.03661185666960744,0.11836235511605896,12451.0,12238.164864177203,12663.835135822797,11654.0,11490.488627279221,11817.511372720779,13248.0,12898.266049152555,13597.733950847445,61.75427426541575,60.029658247810715,63.47889028302079,198.86301369863014,187.60333805630242,210.12268934095786,0.06,0.024,0.85,0.03,0.02,0.9
RR,150,150,149,0.9933333333333333,0.0,0.10666666666666667,0.9632071602251817,0.9988221986649826,0.0,0.0249702443680766,0.06673036965207343,0.16624622258414684,12217.666666666666,12003.831160263815,12431.502173069517,12752.666666666666,12591.953612562616,12913.379720770716,11682.666666666666,11304.607282890895,12060.726050442438,85.5606475827994,83.54559054806799,87.57570461753082,140.73825503355704,134.25554386002486,147.22096620708922,0.1,0.04000000000000001,0.85,0.03,0.02,0.9
TR,150,150,140,0.9333333333333333,0.0,0.06666666666666667,0.8816376448839411,0.9633881433303926,0.0,0.0249702443680766,0.03661185666960744,0.11836235511605896,11794.666666666666,11563.72366176194,12025.609671571392,11654.0,11490.488627279221,11817.511372720779,11935.333333333334,11503.710428704364,12366.956237962304,71.63605147634561,70.11894591928868,73.15315703340255,167.34285714285716,159.22397399073108,175.46174029498323,0.1,0.04000000000000001,0.85,0.03,0.02,0.9
RR,150,150,150,1.0,0.0,0.10666666666666667,0.9750297556319235,1.0,0.0,0.0249702443680766,0.06673036965207343,0.16624622258414684,11644.333333333334,11442.508698060508,11846.15796860616,12752.666666666666,12591.953612562616,12913.379720770716,10536.0,10263.400629229554,10808.599370770446,110.52059685407706,107.9170430065965,113.12415070155761,98.04666666666667,94.15590303409174,101.9374302992416,0.15,0.06,0.85,0.03,0.02,0.9
TR,150,150,150,1.0,0.0,0.06666666666666667,0.9750297556319235,1.0,0.0,0.0249702443680766,0.03661185666960744,0.11836235511605896,10980.666666666666,10793.103671457204,11168.229661876128,11654.0,11490.488627279221,11817.511372720779,10307.333333333334,10005.54178076127,10609.124885905398,89.88929949882014,88.04393099552166,91.73466800211861,117.56,112.65224838960506,122.46775161039494,0.15,0.06,0.85,0.03,0.02,0.9
RR,150,150,150,1.0,0.0,0.10666666666666667,0.9750297556319235,1.0,0.0,0.0249702443680766,0.06673036965207343,0.16624622258414684,11469.333333333334,11270.1510793416,11668.515587325068,12752.666666666666,12591.953612562616,12913.379720770716,10186.0,9965.826451342164,10406.173548657836,137.24824484137972,134.18495046444235,140.31153921831708,75.64,73.31411005568067,77.96588994431933,0.2,0.08000000000000002,0.85,0.03,0.02,0.9
TR,150,150,150,1.0,0.0,0.06666666666666667,0.9750297556319235,1.0,0.0,0.0249702443680766,0.03661185666960744,0.11836235511605896,10586.666666666666,10399.215721974806,10774.117611358526,11654.0,11490.488627279221,11817.511372720779,9519.333333333334,9283.65075029572,9755.015916370949,110.84124330626432,108.53620635725514,113.1462802552735,87.78,84.56562751700827,90.99437248299174,0.2,0.08000000000000002,0.85,0.03,0.02,0.9
EIR,150,150,49,0.32666666666666666,0.0,0.08,0.2567582134119433,0.40523147130232323,0.0,0.0249702443680766,0.04635364151865292,0.13462136375053144,12983.333333333334,12794.132532386511,13172.534134280157,12354.666666666666,12172.98193037226,12536.351402961072,13612.0,13311.533657475793,13912.466342524207,61.68724342795375,60.16544084838006,63.20904600752745,202.26530612244898,189.3041631916181,215.22644905327985,0.03,0.012,0.85,0.03,0.02,0.9
EIR,150,150,120,0.8,0.0,0.08,0.7288586692020037,0.8561591841771504,0.0,0.0249702443680766,0.04635364151865292,0.13462136375053144,13107.0,12867.844950343315,13346.155049656685,12354.666666666666,12172.98193037226,12536.351402961072,13859.333333333334,13450.24425679401,14268.422409872657,70.6677315801148,69.4595835062104,71.87587965401922,190.875,183.08786972108047,198.66213027891953,0.06,0.024,0.85,0.03,0.02,0.9
EIR,150,150,150,1.0,0.0,0.08,0.9750297556319235,1.0,0.0,0.0249702443680766,0.04635364151865292,0.13462136375053144,12512.666666666666,12300.43178007303,12724.901553260303,12354.666666666666,12172.98193037226,12536.351402961072,12670.666666666666,12287.936169065417,13053.397164267915,88.63947941499282,87.0203237550284,90.25863507495724,145.84,139.93892189494542,151.74107810505458,0.1,0.04000000000000001,0.85,0.03,0.02,0.9
EIR,150,150,150,1.0,0.0,0.08,0.9750297556319235,1.0,0.0,0.0249702443680766,0.04635364151865292,0.13462136375053144,12166.333333333334,11994.920867031775,12337.745799634893,12354.666666666666,12172.98193037226,12536.351402961072,11978.0,11689.755199264137,12266.244800735863,115.42669327162778,113.29000312512804,117.56338341812753,105.30666666666667,101.97250034670252,108.64083298663083,0.15,0.06,0.85,0.03,0.02,0.9
EIR,150,150,150,1.0,0.0,0.08,0.9750297556319235,1.0,0.0,0.0249702443680766,0.04635364151865292,0.13462136375053144,12180.666666666666,12029.13822370735,12332.195109625982,12354.666666666666,12172.98193037226,12536.351402961072,12006.666666666666,11766.705826798154,12246.627506535178,141.62786158049877,139.00085738467632,144.25486577632122,85.75333333333333,83.57744000613019,87.92922666053647,0.2,0.08000000000000002,0.85,0.03,0.02,0.9
RR,150,150,45,0.3,0.0,0.10666666666666667,0.23240829378731656,0.3775798039599141,0.0,0.0249702443680766,0.06673036965207343,0.16624622258414684,13228.333333333334,13056.267631831948,13400.39903483472,12752.666666666666,12591.953612562616,12913.379720770716,13704.0,13418.818456088598,13989.181543911402,61.03500485515302,58.04208321518348,64.02792649512256,206.84444444444443,191.6919272635613,221.99696162532757,0.03,0.012,0.85,0.03,0.03,0.75
TR,150,150,29,0.19333333333333333,0.0,0.06666666666666667,0.13811889170191843,0.2638628581771686,0.0,0.0249702443680766,0.03661185666960744,0.11836235511605896,12140.0,11981.710512520422,12298.289487479578,11654.0,11490.488627279221,11817.511372720779,12626.0,12377.718764860134,12874.281235139866,56.752194815777685,53.78172547857709,59.72266415297828,205.58620689655172,185.4281322346122,225.74428155849122,0.03,0.012,0.85,0.03,0.03,0.75
RR,150,150,111,0.74,0.0,0.10666666666666667,0.6644356718314847,0.8035786108718385,0.0,0.0249702443680766,0.06673036965207343,0.16624622258414684,13074.333333333334,12844.596889973496,13304.069776693172,12752.666666666666,12591.953612562616,12913.379720770716,13396.0,12970.958975690723,13821.041024309277,70.42949398686248,68.69923342002527,72.1597545536997,182.78378378378378,173.9155244793344,191.65204308823314,0.06,0.024,0.85,0.03,0.03,0.75
TR,150,150,73,0.4866666666666667,0.0,0.06666666666666667,0.40801711922387535,0.5659820872926068,0.0,0.0249702443680766,0.03661185666960744,0.11836235511605896,12451.0,12238.164864177203,12663.835135822797,11654.0,11490.488627279221,11817.511372720779,13248.0,12898.266049152555,13597.733950847445,61.75427426541575,60.029658247810715,63.47889028302079,198.86301369863014,187.60333805630242,210.12268934095786,0.06,0.024,0.85,0.03,0.03,0.75
RR,150,150,149,0.9933333333333333,0.0,0.10666666666666667,0.9632071602251817,0.9988221986649826,0.0,0.0249702443680766,0.06673036965207343,0.16624622258414684,12217.666666666666,12003.831160263815,12431.502173069517,12752.666666666666,12591.953612562616,12913.379720770716,11682.666666666666,11304.607282890895,12060.726050442438,85.5606475827994,83.54559054806799,87.57570461753082,140.73825503355704,134.25554386002486,147.22096620708922,0.1,0.04000000000000001,0.85,0.03,0.03,0.75
TR,150,150,140,0.9333333333333333,0.0,0.06666666666666667,0.8816376448839411,0.9633881433303926,0.0,0.0249702443680766,0.03661185666960744,0.11836235511605896,11794.666666666666,11563.72366176194,12025.609671571392,11654.0,11490.488627279221,11817.511372720779,11935.333333333334,11503.710428704364,12366.956237962304,71.63605147634561,70.11894591928868,73.15315703340255,167.34285714285716,159.22397399073108,175.46174029498323,0.1,0.04000000000000001,0.85,0.03,0.03,0.75
RR,150,150,150,1.0,0.0,0.10666666666666667,0.9750297556319235,1.0,0.0,0.0249702443680766,0.06673036965207343,0.16624622258414684,11644.333333333334,11442.508698060508,11846.15796860616,12752.666666666666,12591.953612562616,12913.379720770716,10536.0,10263.400629229554,10808.599370770446,110.52059685407706,107.9170430065965,113.12415070155761,98.04666666666667,94.15590303409174,101.9374302992416,0.15,0.06,0.85,0.03,0.03,0.75
TR,150,150,150,1.0,0.0,0.06666666666666667,0.9750297556319235,1.0,0.0,0.0249702443680766,0.03661185666960744,0.11836235511605896,10980.666666666666,10793.103671457204,11168.229661876128,11654.0,11490.488627279221,11817.511372720779,10307.333333333334,10005.54178076127,10609.124885905398,89.88929949882014,88.04393099552166,91.73466800211861,117.56,112.65224838960506,122.46775161039494,0.15,0.06,0.85,0.03,0.03,0.75
RR,150,150,150,1.0,0.0,0.10666666666666667,0.9750297556319235,1.0,0.0,0.0249702443680766,0.06673036965207343,0.16624622258414684,11469.333333333334,11270.1510793416,11668.515587325068,12752.666666666666,12591.953612562616,12913.379720770716,10186.0,9965.826451342164,10406.173548657836,137.24824484137972,134.18495046444235,140.31153921831708,75.64,73.31411005568067,77.96588994431933,0.2,0.08000000000000002,0.85,0.03,0.03,0.75
TR,150,150,150,1.0,0.0,0.06666666666666667,0.9750297556319235,1.0,0.0,0.0249702443680766,0.03661185666960744,0.11836235511605896,10586.666666666666,10399.215721974806,10774.117611358526,11654.0,11490.488627279221,11817.511372720779,9519.333333333334,9283.65075029572,9755.015916370949,110.84124330626432,108.53620635725514,113.1462802552735,87.78,84.56562751700827,90.99437248299174,0.2,0.08000000000000002,0.85,0.03,0.03,0.75
EIR,150,150,52,0.3466666666666667,0.0,0.07333333333333333,0.2751950896082086,0.4257957853313349,0.0,0.0249702443680766,0.041438815160384994,0.12653579336704038,12996.333333333334,12805.899625146756,13186.767041519912,12354.0,12170.882552679175,12537.117447320825,13638.666666666666,13337.435532893865,13939.897800439467,61.44563031437313,59.96890811058148,62.922352518164786,204.8653846153846,192.22314555284237,217.50762367792686,0.03,0.012,0.85,0.03,0.03,0.75
EIR,150,150,121,0.8066666666666666,0.0,0.07333333333333333,0.7361371418228314,0.8618811082980816,0.0,0.0249702443680766,0.041438815160384994,0.12653579336704038,13119.0,12882.001153370347,13355.998846629653,12354.0,12170.882552679175,12537.117447320825,13884.0,13481.856150553485,14286.143849446515,70.72266601130366,69.54637189071771,71.89896013188961,190.8181818181818,183.32048457731327,198.31587905905036,0.06,0.024,0.85,0.03,0.03,0.75
EIR,150,150,150,1.0,0.0,0.07333333333333333,0.9750297556319235,1.0,0.0,0.0249702443680766,0.041438815160384994,0.12653579336704038,12511.0,12294.207140869461,12727.792859130539,12354.0,12170.882552679175,12537.117447320825,12668.0,12275.795391280408,13060.204608719592,88.35643350132273,86.75694542989226,89.9559215727532,146.23333333333332,140.2534027232044,152.21326394346224,0.1,0.04000000000000001,0.85,0.03,0.03,0.75
EIR,150,150,150,1.0,0.0,0.07333333333333333,0.9750297556319235,1.0,0.0,0.0249702443680766,0.041438815160384994,0.12653579336704038,12156.333333333334,11984.27898164207,12328.387685024598,12354.0,12170.882552679175,12537.117447320825,11958.666666666666,11670.116032276408,12247.217301056924,114.84443932822222,112.7305985201648,116.95828013627964,105.68666666666667,102.3195069381343,109.05382639519904,0.15,0.06,0.85,0.03,0.03,0.75
EIR,150,150,150,1.0,0.0,0.07333333333333333,0.9750297556319235,1.0,0.0,0.0249702443680766,0.041438815160384994,0.12653579336704038,12150.333333333334,11996.624292555884,12304.042374110784,12354.0,12170.882552679175,12537.117447320825,11946.666666666666,11703.454488375548,12189.878844957784,140.54578179876995,137.93192067396154,143.15964292357836,85.95333333333333,83.77117708437002,88.13548958229664,0.2,0.08000000000000002,0.85,0.03,0.03,0.75
RR,150,150,45,0.3,0.0,0.10666666666666667,0.23240829378731656,0.3775798039599141,0.0,0.0249702443680766,0.06673036965207343,0.16624622258414684,13228.333333333334,13056.267631831948,13400.39903483472,12752.666666666666,12591.953612562616,12913.379720770716,13704.0,13418.818456088598,13989.181543911402,61.03500485515302,58.04208321518348,64.02792649512256,206.84444444444443,191.6919272635613,221.99696162532757,0.03,0.012,0.85,0.03,0.03,0.9
TR,150,150,29,0.19333333333333333,0.0,0.06666666666666667,0.13811889170191843,0.2638628581771686,0.0,0.0249702443680766,0.03661185666960744,0.11836235511605896,12140.0,11981.710512520422,12298.289487479578,11654.0,11490.488627279221,11817.511372720779,12626.0,12377.718764860134,12874.281235139866,56.752194815777685,53.78172547857709,59.72266415297828,205.58620689655172,185.4281322346122,225.74428155849122,0.03,0.012,0.85,0.03,0.03,0.9
RR,150,150,111,0.74,0.0,0.10666666666666667,0.6644356718314847,0.8035786108718385,0.0,0.0249702443680766,0.06673036965207343,0.16624622258414684,13074.333333333334,12844.596889973496,13304.069776693172,12752.666666666666,12591.953612562616,12913.379720770716,13396.0,12970.958975690723,13821.041024309277,70.42949398686248,68.69923342002527,72.1597545536997,182.78378378378378,173.9155244793344,191.65204308823314,0.06,0.024,0.85,0.03,0.03,0.9
TR,150,150,73,0.4866666666666667,0.0,0.06666666666666667,0.40801711922387535,0.5659820872926068,0.0,0.0249702443680766,0.03661185666960744,0.11836235511605896,12451.0,12238.164864177203,12663.835135822797,11654.0,11490.488627279221,11817.511372720779,13248.0,12898.266049152555,13597.733950847445,61.75427426541575,60.029658247810715,63.47889028302079,198.86301369863014,187.60333805630242,210.12268934095786,0.06,0.024,0.85,0.03,0.03,0.9
RR,150,150,149,0.9933333333333333,0.0,0.10666666666666667,0.9632071602251817,0.9988221986649826,0.0,0.0249702443680766,0.06673036965207343,0.16624622258414684,12217.666666666666,12003.831160263815,12431.502173069517,12752.666666666666,12591.953612562616,12913.379720770716,11682.666666666666,11304.607282890895,12060.726050442438,85.5606475827994,83.54559054806799,87.57570461753082,140.73825503355704,134.25554386002486,147.22096620708922,0.1,0.04000000000000001,0.85,0.03,0.03,0.9
TR,150,150,140,0.9333333333333333,0.0,0.06666666666666667,0.8816376448839411,0.9633881433303926,0.0,0.0249702443680766,0.03661185666960744,0.11836235511605896,11794.666666666666,11563.72366176194,12025.609671571392,11654.0,11490.488627279221,11817.511372720779,11935.333333333334,11503.710428704364,12366.956237962304,71.63605147634561,70.11894591928868,73.15315703340255,167.34285714285716,159.22397399073108,175.46174029498323,0.1,0.04000000000000001,0.85,0.03,0.03,0.9
RR,150,150,150,1.0,0.0,0.10666666666666667,0.9750297556319235,1.0,0.0,0.0249702443680766,0.06673036965207343,0.16624622258414684,11644.333333333334,11442.508698060508,11846.15796860616,12752.666666666666,12591.953612562616,12913.379720770716,10536.0,10263.400629229554,10808.599370770446,110.52059685407706,107.9170430065965,113.12415070155761,98.04666666666667,94.15590303409174,101.9374302992416,0.15,0.06,0.85,0.03,0.03,0.9
TR,150,150,150,1.0,0.0,0.06666666666666667,0.9750297556319235,1.0,0.0,0.0249702443680766,0.03661185666960744,0.11836235511605896,10980.666666666666,10793.103671457204,11168.229661876128,11654.0,11490.488627279221,11817.511372720779,10307.333333333334,10005.54178076127,10609.124885905398,89.88929949882014,88.04393099552166,91.73466800211861,117.56,112.65224838960506,122.46775161039494,0.15,0.06,0.85,0.03,0.03,0.9
RR,150,150,150,1.0,0.0,0.10666666666666667,0.9750297556319235,1.0,0.0,0.0249702443680766,0.06673036965207343,0.16624622258414684,11469.333333333334,11270.1510793416,11668.515587325068,12752.666666666666,12591.953612562616,12913.379720770716,10186.0,9965.826451342164,10406.173548657836,137.24824484137972,134.18495046444235,140.31153921831708,75.64,73.31411005568067,77.96588994431933,0.2,0.08000000000000002,0.85,0.03,0.03,0.9
TR,150,150,150,1.0,0.0,0.06666666666666667,0.9750297556319235,1.0,0.0,0.0249702443680766,0.03661185666960744,0.11836235511605896,10586.666666666666,10399.215721974806,10774.117611358526,11654.0,11490.488627279221,11817.511372720779,9519.333333333334,9283.65075029572,9755.015916370949,110.84124330626432,108.53620635725514,113.1462802552735,87.78,84.56562751700827,90.99437248299174,0.2,0.08000000000000002,0.85,0.03,0.03,0.9
EIR,150,150,49,0.32666666666666666,0.0,0.07333333333333333,0.2567582134119433,0.40523147130232323,0.0,0.0249702443680766,0.041438815160384994,0.12653579336704038,12955.0,12766.140635660053,13143.859364339947,12328.0,12147.649001589372,12508.350998410628,13582.0,13281.41269635955,13882.58730364045,61.50344274408351,59.96688581451419,63.03999967365282,202.3673469387755,189.39638899216928,215.33830488538175,0.03,0.012,0.85,0.03,0.03,0.9
EIR,150,150,120,0.8,0.0,0.07333333333333333,0.7288586692020037,0.8561591841771504,0.0,0.0249702443680766,0.041438815160384994,0.12653579336704038,13102.666666666666,12863.966659323178,13341.366674010154,12328.0,12147.649001589372,12508.350998410628,13877.333333333334,13470.87844343878,14283.788223227888,70.32207329262381,69.13002791067376,71.51411867457387,192.09166666666667,184.3583912345675,199.82494209876583,0.06,0.024,0.85,0.03,0.03,0.9
EIR,150,150,150,1.0,0.0,0.07333333333333333,0.9750297556319235,1.0,0.0,0.0249702443680766,0.041438815160384994,0.12653579336704038,12481.666666666666,12270.072675784437,12693.260657548895,12328.0,12147.649001589372,12508.350998410628,12635.333333333334,12253.305890521846,13017.360776144822,88.17942863034096,86.57428833670798,89.78456892397395,146.16666666666666,140.26522924946426,152.06810408386906,0.1,0.04000000000000001,0.85,0.03,0.03,0.9
EIR,150,150,150,1.0,0.0,0.07333333333333333,0.9750297556319235,1.0,0.0,0.0249702443680766,0.041438815160384994,0.12653579336704038,12144.333333333334,11974.750665186952,12313.916001479716,12328.0,12147.649001589372,12508.350998410628,11960.666666666666,11675.792562225877,12245.540771107455,114.48594048918882,112.38152065015667,116.59036032822097,106.0,102.67905402355541,109.32094597644459,0.15,0.06,0.85,0.03,0.03,0.9
EIR,150,150,150,1.0,0.0,0.07333333333333333,0.9750297556319235,1.0,0.0,0.0249702443680766,0.041438815160384994,0.12653579336704038,12135.666666666666,11983.991259657218,12287.342073676115,12328.0,12147.649001589372,12508.350998410628,11943.333333333334,11702.716210892706,12183.950455773962,140.10662624045077,137.49236084099385,142.72089163990768,86.25333333333333,84.0319232073203,88.47474345934636,0.2,0.08000000000000002,0.85,0.03,0.03,0.9
RR,150,150,45,0.3,0.0,0.10666666666666667,0.23240829378731656,0.3775798039599141,0.0,0.0249702443680766,0.06673036965207343,0.16624622258414684,13228.333333333334,13056.267631831948,13400.39903483472,12752.666666666666,12591.953612562616,12913.379720770716,13704.0,13418.818456088598,13989.181543911402,61.03500485515302,58.04208321518348,64.02792649512256,206.84444444444443,191.6919272635613,221.99696162532757,0.03,0.012,0.85,0.04,0.01,0.75
TR,150,150,29,0.19333333333333333,0.0,0.06666666666666667,0.13811889170191843,0.2638628581771686,0.0,0.0249702443680766,0.03661185666960744,0.11836235511605896,12140.0,11981.710512520422,12298.289487479578,11654.0,11490.488627279221,11817.511372720779,12626.0,12377.718764860134,12874.281235139866,56.752194815777685,53.78172547857709,59.72266415297828,205.58620689655172,185.4281322346122,225.74428155849122,0.03,0.012,0.85,0.04,0.01,0.75
RR,150,150,111,0.74,0.0,0.10666666666666667,0.6644356718314847,0.8035786108718385,0.0,0.0249702443680766,0.06673036965207343,0.16624622258414684,13074.333333333334,12844.596889973496,13304.069776693172,12752.666666666666,12591.953612562616,12913.379720770716,13396.0,12970.958975690723,13821.041024309277,70.42949398686248,68.69923342002527,72.1597545536997,182.78378378378378,173.9155244793344,191.65204308823314,0.06,0.024,0.85,0.04,0.01,0.75
TR,150,150,73,0.4866666666666667,0.0,0.06666666666666667,0.40801711922387535,0.5659820872926068,0.0,0.0249702443680766,0.03661185666960744,0.11836235511605896,12451.0,12238.164864177203,12663.835135822797,11654.0,11490.488627279221,11817.511372720779,13248.0,12898.266049152555,13597.733950847445,61.75427426541575,60.029658247810715,63.47889028302079,198.86301369863014,187.60333805630242,210.12268934095786,0.06,0.024,0.85,0.04,0.01,0.75
RR,150,150,149,0.9933333333333333,0.0,0.10666666666666667,0.9632071602251817,0.9988221986649826,0.0,0.0249702443680766,0.06673036965207343,0.16624622258414684,12217.666666666666,12003.831160263815,12431.502173069517,12752.666666666666,12591.953612562616,12913.379720770716,11682.666666666666,11304.607282890895,12060.726050442438,85.5606475827994,83.54559054806799,87.57570461753082,140.73825503355704,134.25554386002486,147.22096620708922,0.1,0.04000000000000001,0.85,0.04,0.01,0.75
TR,150,150,140,0.9333333333333333,0.0,0.06666666666666667,0.8816376448839411,0.9633881433303926,0.0,0.0249702443680766,0.03661185666960744,0.11836235511605896,11794.666666666666,11563.72366176194,12025.609671571392,11654.0,11490.488627279221,11817.511372720779,11935.333333333334,11503.710428704364,12366.956237962304,71.63605147634561,70.11894591928868,73.15315703340255,167.34285714285716,159.22397399073108,175.46174029498323,0.1,0.04000000000000001,0.85,0.04,0.01,0.75
RR,150,150,150,1.0,0.0,0.10666666666666667,0.9750297556319235,1.0,0.0,0.0249702443680766,0.06673036965207343,0.16624622258414684,11644.333333333334,11442.508698060508,11846.15796860616,12752.666666666666,12591.953612562616,12913.379720770716,10536.0,10263.400629229554,10808.599370770446,110.52059685407706,107.9170430065965,113.12415070155761,98.04666666666667,94.15590303409174,101.9374302992416,0.15,0.06,0.85,0.04,0.01,0.75
TR,150,150,150,1.0,0.0,0.06666666666666667,0.9750297556319235,1.0,0.0,0.0249702443680766,0.03661185666960744,0.11836235511605896,10980.666666666666,10793.103671457204,11168.229661876128,11654.0,11490.488627279221,11817.511372720779,10307.333333333334,10005.54178076127,10609.124885905398,89.88929949882014,88.04393099552166,91.73466800211861,117.56,112.65224838960506,122.46775161039494,0.15,0.06,0.85,0.04,0.01,0.75
RR,150,150,150,1.0,0.0,0.10666666666666667,0.9750297556319235,1.0,0.0,0.0249702443680766,0.06673036965207343,0.16624622258414684,11469.333333333334,11270.1510793416,11668.515587325068,12752.666666666666,12591.953612562616,12913.379720770716,10186.0,9965.826451342164,10406.173548657836,137.24824484137972,134.18495046444235,140.31153921831708,75.64,73.31411005568067,77.96588994431933,0.2,0.08000000000000002,0.85,0.04,0.01,0.75
TR,150,150,150,1.0,0.0,0.06666666666666667,0.9750297556319235,1.0,0.0,0.0249702443680766,0.03661185666960744,0.11836235511605896,10586.666666666666,10399.215721974806,10774.117611358526,11654.0,11490.488627279221,11817.511372720779,9519.333333333334,9283.65075029572,9755.015916370949,110.84124330626432,108.53620635725514,113.1462802552735,87.78,84.56562751700827,90.99437248299174,0.2,0.08000000000000002,0.85,0.04,0.01,0.75
EIR,150,150,53,0.35333333333333333,0.0,0.08,0.2813726509048464,0.4326186207764561,0.0,0.0249702443680766,0.04635364151865292,0.13462136375053144,13026.333333333334,12834.801307122603,13217.865359544065,12404.666666666666,12218.157428726816,12591.175904606516,13648.0,13343.833633342638,13952.166366657362,61.448642381181806,59.94112715322152,62.95615760914209,204.56603773584905,192.0511224576153,217.0809530140828,0.03,0.012,0.85,0.04,0.01,0.75
EIR,150,150,121,0.8066666666666666,0.0,0.08,0.7361371418228314,0.8618811082980816,0.0,0.0249702443680766,0.04635364151865292,0.13462136375053144,13153.0,12911.759632599302,13394.240367400698,12404.666666666666,12218.157428726816,12591.175904606516,13901.333333333334,13489.13484732609,14313.531819340578,71.2832486084161,70.09532534617307,72.47117187065913,189.38842975206612,181.81565395437028,196.96120554976196,0.06,0.024,0.85,0.04,0.01,0.75
EIR,150,150,150,1.0,0.0,0.08,0.9750297556319235,1.0,0.0,0.0249702443680766,0.04635364151865292,0.13462136375053144,12506.666666666666,12290.341204458698,12722.992128874634,12404.666666666666,12218.157428726816,12591.175904606516,12608.666666666666,12218.163393096735,12999.169940236598,89.09377143806056,87.46093316853194,90.72660970758918,144.38,138.4472998781733,150.31270012182668,0.1,0.04000000000000001,0.85,0.04,0.01,0.75
EIR,150,150,150,1.0,0.0,0.08,0.9750297556319235,1.0,0.0,0.0249702443680766,0.04635364151865292,0.13462136375053144,12172.0,11998.514552992452,12345.485447007548,12404.666666666666,12218.157428726816,12591.175904606516,11939.333333333334,11650.861872688061,12227.804793978607,116.54720996711578,114.39768747836155,118.69673245587,103.94666666666667,100.65651377368837,107.23681955964497,0.15,0.06,0.85,0.04,0.01,0.75
EIR,150,150,150,1.0,0.0,0.08,0.9750297556319235,1.0,0.0,0.0249702443680766,0.04635364151865292,0.13462136375053144,12223.0,12069.76235548883,12376.23764451117,12404.666666666666,12218.157428726816,12591.175904606516,12041.333333333334,11801.010905027068,12281.6557616396,142.9941596645919,140.3549783014813,145.6333410277025,85.09333333333333,83.01857658236209,87.16809008430458,0.2,0.08000000000000002,0.85,0.04,0.01,0.75
RR,150,150,45,0.3,0.0,0.10666666666666667,0.23240829378731656,0.3775798039599141,0.0,0.0249702443680766,0.06673036965207343,0.16624622258414684,13228.333333333334,13056.267631831948,13400.39903483472,12752.666666666666,12591.953612562616,12913.379720770716,13704.0,13418.818456088598,13989.181543911402,61.03500485515302,58.04208321518348,64.02792649512256,206.84444444444443,191.6919272635613,221.99696162532757,0.03,0.012,0.85,0.04,0.01,0.9
TR,150,150,29,0.19333333333333333,0.0,0.06666666666666667,0.13811889170191843,0.2638628581771686,0.0,0.0249702443680766,0.03661185666960744,0.11836235511605896,12140.0,11981.710512520422,12298.289487479578,11654.0,11490.488627279221,11817.511372720779,12626.0,12377.718764860134,12874.281235139866,56.752194815777685,53.78172547857709,59.72266415297828,205.58620689655172,185.4281322346122,225.74428155849122,0.03,0.012,0.85,0.04,0.01,0.9
RR,150,150,111,0.74,0.0,0.10666666666666667,0.6644356718314847,0.8035786108718385,0.0,0.0249702443680766,0.06673036965207343,0.16624622258414684,13074.333333333334,12844.596889973496,13304.069776693172,12752.666666666666,12591.953612562616,12913.379720770716,13396.0,12970.958975690723,13821.041024309277,70.42949398686248,68.69923342002527,72.1597545536997,182.78378378378378,173.9155244793344,191.65204308823314,0.06,0.024,0.85,0.04,0.01,0.9
TR,150,150,73,0.4866666666666667,0.0,0.06666666666666667,0.40801711922387535,0.5659820872926068,0.0,0.0249702443680766,0.03661185666960744,0.11836235511605896,12451.0,12238.164864177203,12663.835135822797,11654.0,11490.488627279221,11817.511372720779,13248.0,12898.266049152555,13597.733950847445,61.75427426541575,60.029658247810715,63.47889028302079,198.86301369863014,187.60333805630242,210.12268934095786,0.06,0.024,0.85,0.04,0.01,0.9
RR,150,150,149,0.9933333333333333,0.0,0.10666666666666667,0.9632071602251817,0.9988221986649826,0.0,0.0249702443680766,0.06673036965207343,0.16624622258414684,12217.666666666666,12003.831160263815,12431.502173069517,12752.666666666666,12591.953612562616,12913.379720770716,11682.666666666666,11304.607282890895,12060.726050442438,85.5606475827994,83.54559054806799,87.57570461753082,140.73825503355704,134.25554386002486,147.22096620708922,0.1,0.04000000000000001,0.85,0.04,0.01,0.9
TR,150,150,140,0.9333333333333333,0.0,0.06666666666666667,0.8816376448839411,0.9633881433303926,0.0,0.0249702443680766,0.03661185666960744,0.11836235511605896,11794.666666666666,11563.72366176194,12025.609671571392,11654.0,11490.488627279221,11817.511372720779,11935.333333333334,11503.710428704364,12366.956237962304,71.63605147634561,70.11894591928868,73.15315703340255,167.34285714285716,159.22397399073108,175.46174029498323,0.1,0.04000000000000001,0.85,0.04,0.01,0.9
RR,150,150,150,1.0,0.0,0.10666666666666667,0.9750297556319235,1.0,0.0,0.0249702443680766,0.06673036965207343,0.16624622258414684,11644.333333333334,11442.508698060508,11846.15796860616,12752.666666666666,12591.953612562616,12913.379720770716,10536.0,10263.400629229554,10808.599370770446,110.52059685407706,107.9170430065965,113.12415070155761,98.04666666666667,94.15590303409174,101.9374302992416,0.15,0.06,0.85,0.04,0.01,0.9
TR,150,150,150,1.0,0.0,0.06666666666666667,0.9750297556319235,1.0,0.0,0.0249702443680766,0.03661185666960744,0.11836235511605896,10980.666666666666,10793.103671457204,11168.229661876128,11654.0,11490.488627279221,11817.511372720779,10307.333333333334,10005.54178076127,10609.124885905398,89.88929949882014,88.04393099552166,91.73466800211861,117.56,112.65224838960506,122.46775161039494,0.15,0.06,0.85,0.04,0.01,0.9
RR,150,150,150,1.0,0.0,0.10666666666666667,0.9750297556319235,1.0,0.0,0.0249702443680766,0.06673036965207343,0.16624622258414684,11469.333333333334,11270.1510793416,11668.515587325068,12752.666666666666,12591.953612562616,12913.379720770716,10186.0,9965.826451342164,10406.173548657836,137.24824484137972,134.18495046444235,140.31153921831708,75.64,73.31411005568067,77.96588994431933,0.2,0.08000000000000002,0.85,0.04,0.01,0.9
TR,150,150,150,1.0,0.0,0.06666666666666667,0.9750297556319235,1.0,0.0,0.0249702443680766,0.03661185666960744,0.11836235511605896,10586.666666666666,10399.215721974806,10774.117611358526,11654.0,11490.488627279221,11817.511372720779,9519.333333333334,9283.65075029572,9755.015916370949,110.84124330626432,108.53620635725514,113.1462802552735,87.78,84.56562751700827,90.99437248299174,0.2,0.08000000000000002,0.85,0.04,0.01,0.9
EIR,150,150,50,0.3333333333333333,0.0,0.08,0.262887648323876,0.41210243313214945,0.0,0.0249702443680766,0.04635364151865292,0.13462136375053144,12993.666666666666,12804.162652368948,13183.170680964384,12376.666666666666,12192.680368141648,12560.652965191684,13610.666666666666,13309.587574564908,13911.745758768424,61.530408656356606,59.977067492004466,63.083749820708746,203.12,190.21413351758065,216.02586648241936,0.03,0.012,0.85,0.04,0.01,0.9
EIR,150,150,121,0.8066666666666666,0.0,0.08,0.7361371418228314,0.8618811082980816,0.0,0.0249702443680766,0.04635364151865292,0.13462136375053144,13130.666666666666,12891.523922458317,13369.809410875016,12376.666666666666,12192.680368141648,12560.652965191684,13884.666666666666,13476.79513795769,14292.538195375642,70.74105389413144,69.52790350387633,71.95420428438655,191.44628099173553,183.68726002884623,199.20530195462484,0.06,0.024,0.85,0.04,0.01,0.9
EIR,150,150,150,1.0,0.0,0.08,0.9750297556319235,1.0,0.0,0.0249702443680766,0.04635364151865292,0.13462136375053144,12490.0,12280.05172662329,12699.94827337671,12376.666666666666,12192.680368141648,12560.652965191684,12603.333333333334,12225.985342836944,12980.681323829724,88.86360421655407,87.24622784804697,90.48098058506116,144.66666666666666,138.87437106727606,150.45896226605726,0.1,0.04000000000000001,0.85,0.04,0.01,0.9
EIR,150,150,150,1.0,0.0,0.08,0.9750297556319235,1.0,0.0,0.0249702443680766,0.04635364151865292,0.13462136375053144,12175.666666666666,12003.443837267369,12347.889496065964,12376.666666666666,12192.680368141648,12560.652965191684,11974.666666666666,11686.384202770438,12262.949130562894,116.07225863279527,113.93311546215524,118.2114018034353,104.66666666666667,101.36801590833957,107.96531742499377,0.15,0.06,0.85,0.04,0.01,0.9
EIR,150,150,150,1.0,0.0,0.08,0.9750297556319235,1.0,0.0,0.0249702443680766,0.04635364151865292,0.13462136375053144,12207.666666666666,12055.739611763278,12359.593721570054,12376.666666666666,12192.680368141648,12560.652965191684,12038.666666666666,11799.26430973031,12278.069023603022,142.37535676306612,139.69872376178463,145.0519897643476,85.50666666666666,83.38461587981661,87.62871745351671,0.2,0.08000000000000002,0.85,0.04,0.01,0.9
RR,150,150,45,0.3,0.0,0.10666666666666667,0.23240829378731656,0.3775798039599141,0.0,0.0249702443680766,0.06673036965207343,0.16624622258414684,13228.333333333334,13056.267631831948,13400.39903483472,12752.666666666666,12591.953612562616,12913.379720770716,13704.0,13418.818456088598,13989.181543911402,61.03500485515302,58.04208321518348,64.02792649512256,206.84444444444443,191.6919272635613,221.99696162532757,0.03,0.012,0.85,0.04,0.02,0.75
TR,150,150,29,0.19333333333333333,0.0,0.06666666666666667,0.13811889170191843,0.2638628581771686,0.0,0.0249702443680766,0.03661185666960744,0.11836235511605896,12140.0,11981.710512520422,12298.289487479578,11654.0,11490.488627279221,11817.511372720779,12626.0,12377.718764860134,12874.281235139866,56.752194815777685,53.78172547857709,59.72266415297828,205.58620689655172,185.4281322346122,225.74428155849122,0.03,0.012,0.85,0.04,0.02,0.75
RR,150,150,111,0.74,0.0,0.10666666666666667,0.6644356718314847,0.8035786108718385,0.0,0.0249702443680766,0.06673036965207343,0.16624622258414684,13074.333333333334,12844.596889973496,13304.069776693172,12752.666666666666,12591.953612562616,12913.379720770716,13396.0,12970.958975690723,13821.041024309277,70.42949398686248,68.69923342002527,72.1597545536997,182.78378378378378,173.9155244793344,191.65204308823314,0.06,0.024,0.85,0.04,0.02,0.75
TR,150,150,73,0.4866666666666667,0.0,0.06666666666666667,0.40801711922387535,0.5659820872926068,0.0,0.0249702443680766,0.03661185666960744,0.11836235511605896,12451.0,12238.164864177203,12663.835135822797,11654.0,11490.488627279221,11817.511372720779,13248.0,12898.266049152555,13597.733950847445,61.75427426541575,60.029658247810715,63.47889028302079,198.86301369863014,187.60333805630242,210.12268934095786,0.06,0.024,0.85,0.04,0.02,0.75
RR,150,150,149,0.9933333333333333,0.0,0.10666666666666667,0.9632071602251817,0.9988221986649826,0.0,0.0249702443680766,0.06673036965207343,0.16624622258414684,12217.666666666666,12003.831160263815,12431.502173069517,12752.666666666666,12591.953612562616,12913.379720770716,11682.666666666666,11304.607282890895,12060.726050442438,85.5606475827994,83.54559054806799,87.57570461753082,140.73825503355704,134.25554386002486,147.22096620708922,0.1,0.04000000000000001,0.85,0.04,0.02,0.75
TR,150,150,140,0.9333333333333333,0.0,0.06666666666666667,0.8816376448839411,0.9633881433303926,0.0,0.0249702443680766,0.03661185666960744,0.11836235511605896,11794.666666666666,11563.72366176194,12025.609671571392,11654.0,11490.488627279221,11817.511372720779,11935.333333333334,11503.710428704364,12366.956237962304,71.63605147634561,70.11894591928868,73.15315703340255,167.34285714285716,159.22397399073108,175.46174029498323,0.1,0.04000000000000001,0.85,0.04,0.02,0.75
RR,150,150,150,1.0,0.0,0.10666666666666667,0.9750297556319235,1.0,0.0,0.0249702443680766,0.06673036965207343,0.16624622258414684,11644.333333333334,11442.508698060508,11846.15796860616,12752.666666666666,12591.953612562616,12913.379720770716,10536.0,10263.400629229554,10808.599370770446,110.52059685407706,107.9170430065965,113.12415070155761,98.04666666666667,94.15590303409174,101.9374302992416,0.15,0.06,0.85,0.04,0.02,0.75
TR,150,150,150,1.0,0.0,0.06666666666666667,0.9750297556319235,1.0,0.0,0.0249702443680766,0.03661185666960744,0.11836235511605896,10980.666666666666,10793.103671457204,11168.229661876128,11654.0,11490.488627279221,11817.511372720779,10307.333333333334,10005.54178076127,10609.124885905398,89.88929949882014,88.04393099552166,91.73466800211861,117.56,112.65224838960506,122.46775161039494,0.15,0.06,0.85,0.04,0.02,0.75
RR,150,150,150,1.0,0.0,0.10666666666666667,0.9750297556319235,1.0,0.0,0.0249702443680766,0.06673036965207343,0.16624622258414684,11469.333333333334,11270.1510793416,11668.515587325068,12752.666666666666,12591.953612562616,12913.379720770716,10186.0,9965.826451342164,10406.173548657836,137.24824484137972,134.18495046444235,140.31153921831708,75.64,73.31411005568067,77.96588994431933,0.2,0.08000000000000002,0.85,0.04,0.02,0.75
TR,150,150,150,1.0,0.0,0.06666666666666667,0.9750297556319235,1.0,0.0,0.0249702443680766,0.03661185666960744,0.11836235511605896,10586.666666666666,10399.215721974806,10774.117611358526,11654.0,11490.488627279221,11817.511372720779,9519.333333333334,9283.65075029572,9755.015916370949,110.84124330626432,108.53620635725514,113.1462802552735,87.78,84.56562751700827,90.99437248299174,0.2,0.08000000000000002,0.85,0.04,0.02,0.75
EIR,150,150,51,0.34,0.0,0.08,0.2690333503042941,0.4189571278934905,0.0,0.0249702443680766,0.04635364151865292,0.13462136375053144,13008.0,12817.38480263864,13198.61519736136,12366.0,12181.310544627071,12550.689455372929,13650.0,13349.231603056169,13950.768396943831,61.526648643644386,60.05128551768174,63.00201176960703,203.7450980392157,191.07266403681777,216.4175320416136,0.03,0.012,0.85,0.04,0.02,0.75
EIR,150,150,121,0.8066666666666666,0.0,0.08,0.7361371418228314,0.8618811082980816,0.0,0.0249702443680766,0.04635364151865292,0.13462136375053144,13138.666666666666,12900.900206869695,13376.433126463637,12366.0,12181.310544627071,12550.689455372929,13911.333333333334,13508.845756848965,14313.820909817703,70.78700506222678,69.62364916455208,71.95036095990149,191.08264462809916,183.59043329554225,198.57485596065607,0.06,0.024,0.85,0.04,0.02,0.75
EIR,150,150,150,1.0,0.0,0.08,0.9750297556319235,1.0,0.0,0.0249702443680766,0.04635364151865292,0.13462136375053144,12515.333333333334,12296.989809568146,12733.676857098522,12366.0,12181.310544627071,12550.689455372929,12664.666666666666,12269.602851318843,13059.73048201449,88.52295714900293,86.92011223726779,90.12580206073808,145.93333333333334,139.92249116173357,151.9441755049331,0.1,0.04000000000000001,0.85,0.04,0.02,0.75
EIR,150,150,150,1.0,0.0,0.08,0.9750297556319235,1.0,0.0,0.0249702443680766,0.04635364151865292,0.13462136375053144,12146.0,11972.18403371274,12319.81596628726,12366.0,12181.310544627071,12550.689455372929,11926.0,11635.05733118846,12216.94266881154,115.28932326498126,113.15162973505696,117.42701679490557,104.98666666666666,101.63383774812087,108.33949558521246,0.15,0.06,0.85,0.04,0.02,0.75
EIR,150,150,150,1.0,0.0,0.08,0.9750297556319235,1.0,0.0,0.0249702443680766,0.04635364151865292,0.13462136375053144,12165.333333333334,12012.825708407778,12317.84095825889,12366.0,12181.310544627071,12550.689455372929,11964.666666666666,11725.58508638243,12203.748246950901,140.99824289514368,138.37591682333678,143.62056896695057,85.8,83.66018396551367,87.93981603448633,0.2,0.08000000000000002,0.85,0.04,0.02,0.75
RR,150,150,45,0.3,0.0,0.10666666666666667,0.23240829378731656,0.3775798039599141,0.0,0.0249702443680766,0.06673036965207343,0.16624622258414684,13228.333333333334,13056.267631831948,13400.39903483472,12752.666666666666,12591.953612562616,12913.379720770716,13704.0,13418.818456088598,13989.181543911402,61.03500485515302,58.04208321518348,64.02792649512256,206.84444444444443,191.6919272635613,221.99696162532757,0.03,0.012,0.85,0.04,0.02,0.9
TR,150,150,29,0.19333333333333333,0.0,0.06666666666666667,0.13811889170191843,0.2638628581771686,0.0,0.0249702443680766,0.03661185666960744,0.11836235511605896,12140.0,11981.710512520422,12298.289487479578,11654.0,11490.488627279221,11817.511372720779,12626.0,12377.718764860134,12874.281235139866,56.752194815777685,53.78172547857709,59.72266415297828,205.58620689655172,185.4281322346122,225.74428155849122,0.03,0.012,0.85,0.04,0.02,0.9
RR,150,150,111,0.74,0.0,0.10666666666666667,0.6644356718314847,0.8035786108718385,0.0,0.0249702443680766,0.06673036965207343,0.16624622258414684,13074.333333333334,12844.596889973496,13304.069776693172,12752.666666666666,12591.953612562616,12913.379720770716,13396.0,12970.958975690723,13821.041024309277,70.42949398686248,68.69923342002527,72.1597545536997,182.78378378378378,173.9155244793344,191.65204308823314,0.06,0.024,0.85,0.04,0.02,0.9
TR,150,150,73,0.4866666666666667,0.0,0.06666666666666667,0.40801711922387535,0.5659820872926068,0.0,0.0249702443680766,0.03661185666960744,0.11836235511605896,12451.0,12238.164864177203,12663.835135822797,11654.0,11490.488627279221,11817.511372720779,13248.0,12898.266049152555,13597.733950847445,61.75427426541575,60.029658247810715,63.47889028302079,198.86301369863014,187.60333805630242,210.12268934095786,0.06,0.024,0.85,0.04,0.02,0.9
RR,150,150,149,0.9933333333333333,0.0,0.10666666666666667,0.9632071602251817,0.9988221986649826,0.0,0.0249702443680766,0.06673036965207343,0.16624622258414684,12217.666666666666,12003.831160263815,12431.502173069517,12752.666666666666,12591.953612562616,12913.379720770716,11682.666666666666,11304.607282890895,12060.726050442438,85.5606475827994,83.54559054806799,87.57570461753082,140.73825503355704,134.25554386002486,147.22096620708922,0.1,0.04000000000000001,0.85,0.04,0.02,0.9
TR,150,150,140,0.9333333333333333,0.0,0.06666666666666667,0.8816376448839411,0.9633881433303926,0.0,0.0249702443680766,0.03661185666960744,0.11836235511605896,11794.666666666666,11563.72366176194,12025.609671571392,11654.0,11490.488627279221,11817.511372720779,11935.333333333334,11503.710428704364,12366.956237962304,71.63605147634561,70.11894591928868,73.15315703340255,167.34285714285716,159.22397399073108,175.46174029498323,0.1,0.04000000000000001,0.85,0.04,0.02,0.9
RR,150,150,150,1.0,0.0,0.10666666666666667,0.9750297556319235,1.0,0.0,0.0249702443680766,0.06673036965207343,0.16624622258414684,11644.333333333334,11442.508698060508,11846.15796860616,12752.666666666666,12591.953612562616,12913.379720770716,10536.0,10263.400629229554,10808.599370770446,110.52059685407706,107.9170430065965,113.12415070155761,98.04666666666667,94.15590303409174,101.9374302992416,0.15,0.06,0.85,0.04,0.02,0.9
TR,150,150,150,1.0,0.0,0.06666666666666667,0.9750297556319235,1.0,0.0,0.0249702443680766,0.03661185666960744,0.11836235511605896,10980.666666666666,10793.103671457204,11168.229661876128,11654.0,11490.488627279221,11817.511372720779,10307.333333333334,10005.54178076127,10609.124885905398,89.88929949882014,88.04393099552166,91.73466800211861,117.56,112.65224838960506,122.46775161039494,0.15,0.06,0.85,0.04,0.02,0.9
RR,150,150,150,1.0,0.0,0.10666666666666667,0.9750297556319235,1.0,0.0,0.0249702443680766,0.06673036965207343,0.16624622258414684,11469.333333333334,11270.1510793416,11668.515587325068,12752.666666666666,12591.953612562616,12913.379720770716,10186.0,9965.826451342164,10406.173548657836,137.24824484137972,134.18495046444235,140.31153921831708,75.64,73.31411005568067,77.96588994431933,0.2,0.08000000000000002,0.85,0.04,0.02,0.9
TR,150,150,150,1.0,0.0,0.06666666666666667,0.9750297556319235,1.0,0.0,0.0249702443680766,0.03661185666960744,0.11836235511605896,10586.666666666666,10399.215721974806,10774.117611358526,11654.0,11490.488627279221,11817.511372720779,9519.333333333334,9283.65075029572,9755.015916370949,110.84124330626432,108.53620635725514,113.1462802552735,87.78,84.56562751700827,90.99437248299174,0.2,0.08000000000000002,0.85,0.04,0.02,0.9
EIR,150,150,49,0.32666666666666666,0.0,0.08,0.2567582134119433,0.40523147130232323,0.0,0.0249702443680766,0.04635364151865292,0.13462136375053144,12975.666666666666,12787.212517608388,13164.120815724944,12340.666666666666,12158.287837068743,12523.045496264589,13610.666666666666,13313.205803587758,13908.127529745574,61.52489721235684,60.0176866485351,63.032107776178584,203.3877551020408,190.3578602290596,216.41764997502202,0.03,0.012,0.85,0.04,0.02,0.9
EIR,150,150,120,0.8,0.0,0.08,0.7288586692020037,0.8561591841771504,0.0,0.0249702443680766,0.04635364151865292,0.13462136375053144,13113.0,12875.865884014771,13350.134115985229,12340.666666666666,12158.287837068743,12523.045496264589,13885.333333333334,13483.256563205956,14287.410103460712,70.48833241421129,69.27764636725733,71.69901846116524,192.00833333333333,184.25166491168804,199.7650017549786,0.06,0.024,0.85,0.04,0.02,0.9
EIR,150,150,150,1.0,0.0,0.08,0.9750297556319235,1.0,0.0,0.0249702443680766,0.04635364151865292,0.13462136375053144,12494.666666666666,12282.411642974084,12706.921690359248,12340.666666666666,12158.287837068743,12523.045496264589,12648.666666666666,12266.137455610704,13031.195877722628,88.34073458281016,86.72739044255684,89.95407872306347,146.07333333333332,140.1667524128418,151.97991425382486,0.1,0.04000000000000001,0.85,0.04,0.02,0.9
EIR,150,150,150,1.0,0.0,0.08,0.9750297556319235,1.0,0.0,0.0249702443680766,0.04635364151865292,0.13462136375053144,12151.333333333334,11980.413822402228,12322.25284426444,12340.666666666666,12158.287837068743,12523.045496264589,11962.0,11675.406883093914,12248.593116906086,114.85916830467346,112.74089532906136,116.97744128028556,105.69333333333333,102.3490784131413,109.03758825352536,0.15,0.06,0.85,0.04,0.02,0.9
EIR,150,150,150,1.0,0.0,0.08,0.9750297556319235,1.0,0.0,0.0249702443680766,0.04635364151865292,0.13462136375053144,12154.0,12002.99853150286,12305.00146849714,12340.666666666666,12158.287837068743,12523.045496264589,11967.333333333334,11729.734712004718,12204.93195466195,140.58531784137682,137.95103535827963,143.21960032447402,86.13333333333334,83.94030859951542,88.32635806715126,0.2,0.08000000000000002,0.85,0.04,0.02,0.9
RR,150,150,45,0.3,0.0,0.10666666666666667,0.23240829378731656,0.3775798039599141,0.0,0.0249702443680766,0.06673036965207343,0.16624622258414684,13228.333333333334,13056.267631831948,13400.39903483472,12752.666666666666,12591.953612562616,12913.379720770716,13704.0,13418.818456088598,13989.181543911402,61.03500485515302,58.04208321518348,64.02792649512256,206.84444444444443,191.6919272635613,221.99696162532757,0.03,0.012,0.85,0.04,0.03,0.75
TR,150,150,29,0.19333333333333333,0.0,0.06666666666666667,0.13811889170191843,0.2638628581771686,0.0,0.0249702443680766,0.03661185666960744,0.11836235511605896,12140.0,11981.710512520422,12298.289487479578,11654.0,11490.488627279221,11817.511372720779,12626.0,12377.718764860134,12874.281235139866,56.752194815777685,53.78172547857709,59.72266415297828,205.58620689655172,185.4281322346122,225.74428155849122,0.03,0.012,0.85,0.04,0.03,0.75
RR,150,150,111,0.74,0.0,0.10666666666666667,0.6644356718314847,0.8035786108718385,0.0,0.0249702443680766,0.06673036965207343,0.16624622258414684,13074.333333333334,12844.596889973496,13304.069776693172,12752.666666666666,12591.953612562616,12913.379720770716,13396.0,12970.958975690723,13821.041024309277,70.42949398686248,68.69923342002527,72.1597545536997,182.78378378378378,173.9155244793344,191.65204308823314,0.06,0.024,0.85,0.04,0.03,0.75
TR,150,150,73,0.4866666666666667,0.0,0.06666666666666667,0.40801711922387535,0.5659820872926068,0.0,0.0249702443680766,0.03661185666960744,0.11836235511605896,12451.0,12238.164864177203,12663.835135822797,11654.0,11490.488627279221,11817.511372720779,13248.0,12898.266049152555,13597.733950847445,61.75427426541575,60.029658247810715,63.47889028302079,198.86301369863014,187.60333805630242,210.12268934095786,0.06,0.024,0.85,0.04,0.03,0.75
RR,150,150,149,0.9933333333333333,0.0,0.10666666666666667,0.9632071602251817,0.9988221986649826,0.0,0.0249702443680766,0.06673036965207343,0.16624622258414684,12217.666666666666,12003.831160263815,12431.502173069517,12752.666666666666,12591.953612562616,12913.379720770716,11682.666666666666,11304.607282890895,12060.726050442438,85.5606475827994,83.54559054806799,87.57570461753082,140.73825503355704,134.25554386002486,147.22096620708922,0.1,0.04000000000000001,0.85,0.04,0.03,0.75
TR,150,150,140,0.9333333333333333,0.0,0.06666666666666667,0.8816376448839411,0.9633881433303926,0.0,0.0249702443680766,0.03661185666960744,0.11836235511605896,11794.666666666666,11563.72366176194,12025.609671571392,11654.0,11490.488627279221,11817.511372720779,11935.333333333334,11503.710428704364,12366.956237962304,71.63605147634561,70.11894591928868,73.15315703340255,167.34285714285716,159.22397399073108,175.46174029498323,0.1,0.04000000000000001,0.85,0.04,0.03,0.75
RR,150,150,150,1.0,0.0,0.10666666666666667,0.9750297556319235,1.0,0.0,0.0249702443680766,0.06673036965207343,0.16624622258414684,11644.333333333334,11442.508698060508,11846.15796860616,12752.666666666666,12591.953612562616,12913.379720770716,10536.0,10263.400629229554,10808.599370770446,110.52059685407706,107.9170430065965,113.12415070155761,98.04666666666667,94.15590303409174,101.9374302992416,0.15,0.06,0.85,0.04,0.03,0.75
TR,150,150,150,1.0,0.0,0.06666666666666667,0.9750297556319235,1.0,0.0,0.0249702443680766,0.03661185666960744,0.11836235511605896,10980.666666666666,10793.103671457204,11168.229661876128,11654.0,11490.488627279221,11817.511372720779,10307.333333333334,10005.54178076127,10609.124885905398,89.88929949882014,88.04393099552166,91.73466800211861,117.56,112.65224838960506,122.46775161039494,0.15,0.06,0.85,0.04,0.03,0.75
RR,150,150,150,1.0,0.0,0.10666666666666667,0.9750297556319235,1.0,0.0,0.0249702443680766,0.06673036965207343,0.16624622258414684,11469.333333333334,11270.1510793416,11668.515587325068,12752.666666666666,12591.953612562616,12913.379720770716,10186.0,9965.826451342164,10406.173548657836,137.24824484137972,134.18495046444235,140.31153921831708,75.64,73.31411005568067,77.96588994431933,0.2,0.08000000000000002,0.85,0.04,0.03,0.75
TR,150,150,150,1.0,0.0,0.06666666666666667,0.9750297556319235,1.0,0.0,0.0249702443680766,0.03661185666960744,0.11836235511605896,10586.666666666666,10399.215721974806,10774.117611358526,11654.0,11490.488627279221,11817.511372720779,9519.333333333334,9283.65075029572,9755.015916370949,110.84124330626432,108.53620635725514,113.1462802552735,87.78,84.56562751700827,90.99437248299174,0.2,0.08000000000000002,0.85,0.04,0.03,0.75
EIR,150,150,50,0.3333333333333333,0.0,0.07333333333333333,0.262887648323876,0.41210243313214945,0.0,0.0249702443680766,0.041438815160384994,0.12653579336704038,12976.666666666666,12786.733907123791,13166.599426209541,12334.666666666666,12151.377001331937,12517.956332001395,13618.666666666666,13318.775961697109,13918.557371636223,61.33702112951714,59.81855068657669,62.85549157245759,202.64,189.95196773018432,215.32803226981565,0.03,0.012,0.85,0.04,0.03,0.75
EIR,150,150,121,0.8066666666666666,0.0,0.07333333333333333,0.7361371418228314,0.8618811082980816,0.0,0.0249702443680766,0.041438815160384994,0.12653579336704038,13113.333333333334,12876.164241365566,13350.502425301102,12334.666666666666,12151.377001331937,12517.956332001395,13892.0,13490.88562811716,14293.11437188284,70.53002690782141,69.35950547871037,71.70054833693244,191.63636363636363,184.09426700256245,199.1784602701648,0.06,0.024,0.85,0.04,0.03,0.75
EIR,150,150,150,1.0,0.0,0.07333333333333333,0.9750297556319235,1.0,0.0,0.0249702443680766,0.041438815160384994,0.12653579336704038,12503.666666666666,12284.343030749687,12722.990302583645,12334.666666666666,12151.377001331937,12517.956332001395,12672.666666666666,12275.187979327446,13070.145354005886,88.09572113315643,86.51277094660045,89.67867131971241,146.69333333333333,140.65967939297968,152.72698727368697,0.1,0.04000000000000001,0.85,0.04,0.03,0.75
EIR,150,150,150,1.0,0.0,0.07333333333333333,0.9750297556319235,1.0,0.0,0.0249702443680766,0.041438815160384994,0.12653579336704038,12140.666666666666,11969.46495723473,12311.868376098602,12334.666666666666,12151.377001331937,12517.956332001395,11946.666666666666,11660.139547213757,12233.193786119575,114.33108415852485,112.23370322673726,116.42846509031243,106.05333333333333,102.68685512723313,109.41981153943352,0.15,0.06,0.85,0.04,0.03,0.75
EIR,150,150,150,1.0,0.0,0.07333333333333333,0.9750297556319235,1.0,0.0,0.0249702443680766,0.041438815160384994,0.12653579336704038,12120.0,11966.677321784997,12273.322678215003,12334.666666666666,12151.377001331937,12517.956332001395,11905.333333333334,11663.722715721009,12146.943950945659,139.35565431982076,136.7355578527494,141.97575078689212,86.42,84.21356692006165,88.62643307993835,0.2,0.08000000000000002,0.85,0.04,0.03,0.75
RR,150,150,45,0.3,0.0,0.10666666666666667,0.23240829378731656,0.3775798039599141,0.0,0.0249702443680766,0.06673036965207343,0.16624622258414684,13228.333333333334,13056.267631831948,13400.39903483472,12752.666666666666,12591.953612562616,12913.379720770716,13704.0,13418.818456088598,13989.181543911402,61.03500485515302,58.04208321518348,64.02792649512256,206.84444444444443,191.6919272635613,221.99696162532757,0.03,0.012,0.85,0.04,0.03,0.9
TR,150,150,29,0.19333333333333333,0.0,0.06666666666666667,0.13811889170191843,0.2638628581771686,0.0,0.0249702443680766,0.03661185666960744,0.11836235511605896,12140.0,11981.710512520422,12298.289487479578,11654.0,11490.488627279221,11817.511372720779,12626.0,12377.718764860134,12874.281235139866,56.752194815777685,53.78172547857709,59.72266415297828,205.58620689655172,185.4281322346122,225.74428155849122,0.03,0.012,0.85,0.04,0.03,0.9
RR,150,150,111,0.74,0.0,0.10666666666666667,0.6644356718314847,0.8035786108718385,0.0,0.0249702443680766,0.06673036965207343,0.16624622258414684,13074.333333333334,12844.596889973496,13304.069776693172,12752.666666666666,12591.953612562616,12913.379720770716,13396.0,12970.958975690723,13821.041024309277,70.42949398686248,68.69923342002527,72.1597545536997,182.78378378378378,173.9155244793344,191.65204308823314,0.06,0.024,0.85,0.04,0.03,0.9
TR,150,150,73,0.4866666666666667,0.0,0.06666666666666667,0.40801711922387535,0.5659820872926068,0.0,0.0249702443680766,0.03661185666960744,0.11836235511605896,12451.0,12238.164864177203,12663.835135822797,11654.0,11490.488627279221,11817.511372720779,13248.0,12898.266049152555,13597.733950847445,61.75427426541575,60.029658247810715,63.47889028302079,198.86301369863014,187.60333805630242,210.12268934095786,0.06,0.024,0.85,0.04,0.03,0.9
RR,150,150,149,0.9933333333333333,0.0,0.10666666666666667,0.9632071602251817,0.9988221986649826,0.0,0.0249702443680766,0.06673036965207343,0.16624622258414684,12217.666666666666,12003.831160263815,12431.502173069517,12752.666666666666,12591.953612562616,12913.379720770716,11682.666666666666,11304.607282890895,12060.726050442438,85.5606475827994,83.54559054806799,87.57570461753082,140.73825503355704,134.25554386002486,147.22096620708922,0.1,0.04000000000000001,0.85,0.04,0.03,0.9
TR,150,150,140,0.9333333333333333,0.0,0.06666666666666667,0.8816376448839411,0.9633881433303926,0.0,0.0249702443680766,0.03661185666960744,0.11836235511605896,11794.666666666666,11563.72366176194,12025.609671571392,11654.0,11490.488627279221,11817.511372720779,11935.333333333334,11503.710428704364,12366.956237962304,71.63605147634561,70.11894591928868,73.15315703340255,167.34285714285716,159.22397399073108,175.46174029498323,0.1,0.04000000000000001,0.85,0.04,0.03,0.9
RR,150,150,150,1.0,0.0,0.10666666666666667,0.9750297556319235,1.0,0.0,0.0249702443680766,0.06673036965207343,0.16624622258414684,11644.333333333334,11442.508698060508,11846.15796860616,12752.666666666666,12591.953612562616,12913.379720770716,10536.0,10263.400629229554,10808.599370770446,110.52059685407706,107.9170430065965,113.12415070155761,98.04666666666667,94.15590303409174,101.9374302992416,0.15,0.06,0.85,0.04,0.03,0.9
TR,150,150,150,1.0,0.0,0.06666666666666667,0.9750297556319235,1.0,0.0,0.0249702443680766,0.03661185666960744,0.11836235511605896,10980.666666666666,10793.103671457204,11168.229661876128,11654.0,11490.488627279221,11817.511372720779,10307.333333333334,10005.54178076127,10609.124885905398,89.88929949882014,88.04393099552166,91.73466800211861,117.56,112.65224838960506,122.46775161039494,0.15,0.06,0.85,0.04,0.03,0.9
RR,150,150,150,1.0,0.0,0.10666666666666667,0.9750297556319235,1.0,0.0,0.0249702443680766,0.06673036965207343,0.16624622258414684,11469.333333333334,11270.1510793416,11668.515587325068,12752.666666666666,12591.953612562616,12913.379720770716,10186.0,9965.826451342164,10406.173548657836,137.24824484137972,134.18495046444235,140.31153921831708,75.64,73.31411005568067,77.96588994431933,0.2,0.08000000000000002,0.85,0.04,0.03,0.9
TR,150,150,150,1.0,0.0,0.06666666666666667,0.9750297556319235,1.0,0.0,0.0249702443680766,0.03661185666960744,0.11836235511605896,10586.666666666666,10399.215721974806,10774.117611358526,11654.0,11490.488627279221,11817.511372720779,9519.333333333334,9283.65075029572,9755.015916370949,110.84124330626432,108.53620635725514,113.1462802552735,87.78,84.56562751700827,90.99437248299174,0.2,0.08000000000000002,0.85,0.04,0.03,0.9
EIR,150,150,49,0.32666666666666666,0.0,0.07333333333333333,0.2567582134119433,0.40523147130232323,0.0,0.0249702443680766,0.041438815160384994,0.12653579336704038,12944.333333333334,12756.244496927411,13132.422169739257,12310.666666666666,12129.583079840162,12491.75025349317,13578.0,13280.52917940905,13875.47082059095,61.34109652848659,59.81990025750272,62.86229279947046,203.48979591836735,190.45084075621725,216.52875108051745,0.03,0.012,0.85,0.04,0.03,0.9
EIR,150,150,120,0.8,0.0,0.07333333333333333,0.7288586692020037,0.8561591841771504,0.0,0.0249702443680766,0.041438815160384994,0.12653579336704038,13109.333333333334,12872.521388864863,13346.145277801805,12310.666666666666,12129.583079840162,12491.75025349317,13908.0,13508.762562786103,14307.237437213897,70.10598574559066,68.90502779835624,71.30694369282507,193.475,185.74691058037186,201.20308941962813,0.06,0.024,0.85,0.04,0.03,0.9
EIR,150,150,150,1.0,0.0,0.07333333333333333,0.9750297556319235,1.0,0.0,0.0249702443680766,0.041438815160384994,0.12653579336704038,12473.333333333334,12259.675112604744,12686.991554061924,12310.666666666666,12129.583079840162,12491.75025349317,12636.0,12249.921717976535,13022.078282023465,87.88689314284025,86.28665700079672,89.48712928488378,146.66,140.71415688299524,152.60584311700475,0.1,0.04000000000000001,0.85,0.04,0.03,0.9
EIR,150,150,150,1.0,0.0,0.07333333333333333,0.9750297556319235,1.0,0.0,0.0249702443680766,0.041438815160384994,0.12653579336704038,12127.0,11957.615570165193,12296.384429834807,12310.666666666666,12129.583079840162,12491.75025349317,11943.333333333334,11659.3988592611,12227.267807405568,113.85941986863637,111.77422448012072,115.94461525715201,106.44666666666667,103.09873441369166,109.79459891964169,0.15,0.06,0.85,0.04,0.03,0.9
EIR,150,150,150,1.0,0.0,0.07333333333333333,0.9750297556319235,1.0,0.0,0.0249702443680766,0.041438815160384994,0.12653579336704038,12109.666666666666,11958.113623254505,12261.219710078827,12310.666666666666,12129.583079840162,12491.75025349317,11908.666666666666,11669.277592052445,12148.055741280887,138.95638793417146,136.34609484726562,141.5666810210773,86.75333333333333,84.4877377220943,89.01892894457237,0.2,0.08000000000000002,0.85,0.04,0.03,0.9
RR,150,150,45,0.3,0.0,0.10666666666666667,0.23240829378731656,0.3775798039599141,0.0,0.0249702443680766,0.06673036965207343,0.16624622258414684,13228.333333333334,13056.267631831948,13400.39903483472,12752.666666666666,12591.953612562616,12913.379720770716,13704.0,13418.818456088598,13989.181543911402,61.03500485515302,58.04208321518348,64.02792649512256,206.84444444444443,191.6919272635613,221.99696162532757,0.03,0.012,0.86,0.02,0.01,0.75
TR,150,150,29,0.19333333333333333,0.0,0.06666666666666667,0.13811889170191843,0.2638628581771686,0.0,0.0249702443680766,0.03661185666960744,0.11836235511605896,12140.0,11981.710512520422,12298.289487479578,11654.0,11490.488627279221,11817.511372720779,12626.0,12377.718764860134,12874.281235139866,56.752194815777685,53.78172547857709,59.72266415297828,205.58620689655172,185.4281322346122,225.74428155849122,0.03,0.012,0.86,0.02,0.01,0.75
RR,150,150,111,0.74,0.0,0.10666666666666667,0.6644356718314847,0.8035786108718385,0.0,0.0249702443680766,0.06673036965207343,0.16624622258414684,13074.333333333334,12844.596889973496,13304.069776693172,12752.666666666666,12591.953612562616,12913.379720770716,13396.0,12970.958975690723,13821.041024309277,70.42949398686248,68.69923342002527,72.1597545536997,182.78378378378378,173.9155244793344,191.65204308823314,0.06,0.024,0.86,0.02,0.01,0.75
TR,150,150,73,0.4866666666666667,0.0,0.06666666666666667,0.40801711922387535,0.5659820872926068,0.0,0.0249702443680766,0.03661185666960744,0.11836235511605896,12451.0,12238.164864177203,12663.835135822797,11654.0,11490.488627279221,11817.511372720779,13248.0,12898.266049152555,13597.733950847445,61.75427426541575,60.029658247810715,63.47889028302079,198.86301369863014,187.60333805630242,210.12268934095786,0.06,0.024,0.86,0.02,0.01,0.75
RR,150,150,149,0.9933333333333333,0.0,0.10666666666666667,0.9632071602251817,0.9988221986649826,0.0,0.0249702443680766,0.06673036965207343,0.16624622258414684,12217.666666666666,12003.831160263815,12431.502173069517,12752.666666666666,12591.953612562616,12913.379720770716,11682.666666666666,11304.607282890895,12060.726050442438,85.5606475827994,83.54559054806799,87.57570461753082,140.73825503355704,134.25554386002486,147.22096620708922,0.1,0.04000000000000001,0.86,0.02,0.01,0.75
TR,150,150,140,0.9333333333333333,0.0,0.06666666666666667,0.8816376448839411,0.9633881433303926,0.0,0.0249702443680766,0.03661185666960744,0.11836235511605896,11794.666666666666,11563.72366176194,12025.609671571392,11654.0,11490.488627279221,11817.511372720779,11935.333333333334,11503.710428704364,12366.956237962304,71.63605147634561,70.11894591928868,73.15315703340255,167.34285714285716,159.22397399073108,175.46174029498323,0.1,0.04000000000000001,0.86,0.02,0.01,0.75
RR,150,150,150,1.0,0.0,0.10666666666666667,0.9750297556319235,1.0,0.0,0.0249702443680766,0.06673036965207343,0.16624622258414684,11644.333333333334,11442.508698060508,11846.15796860616,12752.666666666666,12591.953612562616,12913.379720770716,10536.0,10263.400629229554,10808.599370770446,110.52059685407706,107.9170430065965,113.12415070155761,98.04666666666667,94.15590303409174,101.9374302992416,0.15,0.06,0.86,0.02,0.01,0.75
TR,150,150,150,1.0,0.0,0.06666666666666667,0.9750297556319235,1.0,0.0,0.0249702443680766,0.03661185666960744,0.11836235511605896,10980.666666666666,10793.103671457204,11168.229661876128,11654.0,11490.488627279221,11817.511372720779,10307.333333333334,10005.54178076127,10609.124885905398,89.88929949882014,88.04393099552166,91.73466800211861,117.56,112.65224838960506,122.46775161039494,0.15,0.06,0.86,0.02,0.01,0.75
RR,150,150,150,1.0,0.0,0.10666666666666667,0.9750297556319235,1.0,0.0,0.0249702443680766,0.06673036965207343,0.16624622258414684,11469.333333333334,11270.1510793416,11668.515587325068,12752.666666666666,12591.953612562616,12913.379720770716,10186.0,9965.826451342164,10406.173548657836,137.24824484137972,134.18495046444235,140.31153921831708,75.64,73.31411005568067,77.96588994431933,0.2,0.08000000000000002,0.86,0.02,0.01,0.75
TR,150,150,150,1.0,0.0,0.06666666666666667,0.9750297556319235,1.0,0.0,0.0249702443680766,0.03661185666960744,0.11836235511605896,10586.666666666666,10399.215721974806,10774.117611358526,11654.0,11490.488627279221,11817.511372720779,9519.333333333334,9283.65075029572,9755.015916370949,110.84124330626432,108.53620635725514,113.1462802552735,87.78,84.56562751700827,90.99437248299174,0.2,0.08000000000000002,0.86,0.02,0.01,0.75
EIR,150,150,61,0.4066666666666667,0.0,0.1,0.33134109612869495,0.4866533494866793,0.0,0.0249702443680766,0.061541383826314106,0.15843481166814719,13022.666666666666,12830.404440291693,13214.928893041639,12522.0,12341.013981499014,12702.986018500986,13523.333333333334,13202.905357970107,13843.761308696561,61.74968736730228,60.46066526047451,63.03870947413005,200.55737704918033,189.13337414443203,211.98137995392864,0.03,0.012,0.86,0.02,0.01,0.75
EIR,150,150,129,0.86,0.0,0.1,0.7954479122405028,0.9065735118144821,0.0,0.0249702443680766,0.061541383826314106,0.15843481166814719,13050.666666666666,12815.858250315317,13285.475083018015,12522.0,12341.013981499014,12702.986018500986,13579.333333333334,13162.06510120921,13996.601565457458,71.81749511492652,70.57047685148143,73.0645133783716,186.45736434108528,178.76846333259735,194.1462653495732,0.06,0.024,0.86,0.02,0.01,0.75
EIR,150,150,150,1.0,0.0,0.1,0.9750297556319235,1.0,0.0,0.0249702443680766,0.061541383826314106,0.15843481166814719,12514.666666666666,12301.436935008267,12727.896398325065,12522.0,12341.013981499014,12702.986018500986,12507.333333333334,12120.39760712993,12894.269059536738,90.23046650904503,88.53856842757564,91.92236459051442,141.59333333333333,135.67460140523275,147.51206526143392,0.1,0.04000000000000001,0.86,0.02,0.01,0.75
EIR,150,150,150,1.0,0.0,0.1,0.9750297556319235,1.0,0.0,0.0249702443680766,0.061541383826314106,0.15843481166814719,12193.0,12018.931660098433,12367.068339901567,12522.0,12341.013981499014,12702.986018500986,11864.0,11575.43689678195,12152.56310321805,117.99014151369444,115.72321476032988,120.257068267059,101.96,98.79998589322541,105.12001410677458,0.15,0.06,0.86,0.02,0.01,0.75
EIR,150,150,150,1.0,0.0,0.1,0.9750297556319235,1.0,0.0,0.0249702443680766,0.061541383826314106,0.15843481166814719,12280.333333333334,12127.947277279949,12432.719389386719,12522.0,12341.013981499014,12702.986018500986,12038.666666666666,11799.020333279006,12278.313000054326,145.47821776624284,142.67602250886847,148.2804130236172,83.63333333333334,81.62020953180773,85.64645713485895,0.2,0.08000000000000002,0.86,0.02,0.01,0.75
RR,150,150,45,0.3,0.0,0.10666666666666667,0.23240829378731656,0.3775798039599141,0.0,0.0249702443680766,0.06673036965207343,0.16624622258414684,13228.333333333334,13056.267631831948,13400.39903483472,12752.666666666666,12591.953612562616,12913.379720770716,13704.0,13418.818456088598,13989.181543911402,61.03500485515302,58.04208321518348,64.02792649512256,206.84444444444443,191.6919272635613,221.99696162532757,0.03,0.012,0.86,0.02,0.01,0.9
TR,150,150,29,0.19333333333333333,0.0,0.06666666666666667,0.13811889170191843,0.2638628581771686,0.0,0.0249702443680766,0.03661185666960744,0.11836235511605896,12140.0,11981.710512520422,12298.289487479578,11654.0,11490.488627279221,11817.511372720779,12626.0,12377.718764860134,12874.281235139866,56.752194815777685,53.78172547857709,59.72266415297828,205.58620689655172,185.4281322346122,225.74428155849122,0.03,0.012,0.86,0.02,0.01,0.9
RR,150,150,111,0.74,0.0,0.10666666666666667,0.6644356718314847,0.8035786108718385,0.0,0.0249702443680766,0.06673036965207343,0.16624622258414684,13074.333333333334,12844.596889973496,13304.069776693172,12752.666666666666,12591.953612562616,12913.379720770716,13396.0,12970.958975690723,13821.041024309277,70.42949398686248,68.69923342002527,72.1597545536997,182.78378378378378,173.9155244793344,191.65204308823314,0.06,0.024,0.86,0.02,0.01,0.9
TR,150,150,73,0.4866666666666667,0.0,0.06666666666666667,0.40801711922387535,0.5659820872926068,0.0,0.0249702443680766,0.03661185666960744,0.11836235511605896,12451.0,12238.164864177203,12663.835135822797,11654.0,11490.488627279221,11817.511372720779,13248.0,12898.266049152555,13597.733950847445,61.75427426541575,60.029658247810715,63.47889028302079,198.86301369863014,187.60333805630242,210.12268934095786,0.06,0.024,0.86,0.02,0.01,0.9
RR,150,150,149,0.9933333333333333,0.0,0.10666666666666667,0.9632071602251817,0.9988221986649826,0.0,0.0249702443680766,0.06673036965207343,0.16624622258414684,12217.666666666666,12003.831160263815,12431.502173069517,12752.666666666666,12591.953612562616,12913.379720770716,11682.666666666666,11304.607282890895,12060.726050442438,85.5606475827994,83.54559054806799,87.57570461753082,140.73825503355704,134.25554386002486,147.22096620708922,0.1,0.04000000000000001,0.86,0.02,0.01,0.9
TR,150,150,140,0.9333333333333333,0.0,0.06666666666666667,0.8816376448839411,0.9633881433303926,0.0,0.0249702443680766,0.03661185666960744,0.11836235511605896,11794.666666666666,11563.72366176194,12025.609671571392,11654.0,11490.488627279221,11817.511372720779,11935.333333333334,11503.710428704364,12366.956237962304,71.63605147634561,70.11894591928868,73.15315703340255,167.34285714285716,159.22397399073108,175.46174029498323,0.1,0.04000000000000001,0.86,0.02,0.01,0.9
RR,150,150,150,1.0,0.0,0.10666666666666667,0.9750297556319235,1.0,0.0,0.0249702443680766,0.06673036965207343,0.16624622258414684,11644.333333333334,11442.508698060508,11846.15796860616,12752.666666666666,12591.953612562616,12913.379720770716,10536.0,10263.400629229554,10808.599370770446,110.52059685407706,107.9170430065965,113.12415070155761,98.04666666666667,94.15590303409174,101.9374302992416,0.15,0.06,0.86,0.02,0.01,0.9
TR,150,150,150,1.0,0.0,0.06666666666666667,0.9750297556319235,1.0,0.0,0.0249702443680766,0.03661185666960744,0.11836235511605896,10980.666666666666,10793.103671457204,11168.229661876128,11654.0,11490.488627279221,11817.511372720779,10307.333333333334,10005.54178076127,10609.124885905398,89.88929949882014,88.04393099552166,91.73466800211861,117.56,112.65224838960506,122.46775161039494,0.15,0.06,0.86,0.02,0.01,0.9
RR,150,150,150,1.0,0.0,0.10666666666666667,0.9750297556319235,1.0,0.0,0.0249702443680766,0.06673036965207343,0.16624622258414684,11469.333333333334,11270.1510793416,11668.515587325068,12752.666666666666,12591.953612562616,12913.379720770716,10186.0,9965.826451342164,10406.173548657836,137.24824484137972,134.18495046444235,140.31153921831708,75.64,73.31411005568067,77.96588994431933,0.2,0.08000000000000002,0.86,0.02,0.01,0.9
TR,150,150,150,1.0,0.0,0.06666666666666667,0.9750297556319235,1.0,0.0,0.0249702443680766,0.03661185666960744,0.11836235511605896,10586.666666666666,10399.215721974806,10774.117611358526,11654.0,11490.488627279221,11817.511372720779,9519.333333333334,9283.65075029572,9755.015916370949,110.84124330626432,108.53620635725514,113.1462802552735,87.78,84.56562751700827,90.99437248299174,0.2,0.08000000000000002,0.86,0.02,0.01,0.9
EIR,150,150,56,0.37333333333333335,0.0,0.1,0.2999983138911522,0.4529941480154272,0.0,0.0249702443680766,0.061541383826314106,0.15843481166814719,12965.333333333334,12767.58587323473,13163.080793431938,12448.666666666666,12262.568893335601,12634.76443999773,13482.0,13152.539492409085,13811.460507590915,61.53141400639199,60.10799558513517,62.95483242764881,197.53571428571428,184.97390482153338,210.09752374989517,0.03,0.012,0.86,0.02,0.01,0.9
EIR,150,150,129,0.86,0.0,0.1,0.7954479122405028,0.9065735118144821,0.0,0.0249702443680766,0.061541383826314106,0.15843481166814719,13015.333333333334,12776.905146295152,13253.761520371516,12448.666666666666,12262.568893335601,12634.76443999773,13582.0,13161.327725648032,14002.672274351968,71.33433250865619,70.11075293111416,72.55791208619821,187.87596899224806,180.14530510103359,195.60663288346254,0.06,0.024,0.86,0.02,0.01,0.9
EIR,150,150,150,1.0,0.0,0.1,0.9750297556319235,1.0,0.0,0.0249702443680766,0.061541383826314106,0.15843481166814719,12381.0,12172.013490533256,12589.986509466744,12448.666666666666,12262.568893335601,12634.76443999773,12313.333333333334,11938.607816033445,12688.058850633222,89.85159024228328,88.16452752369804,91.53865296086852,139.88666666666666,134.19093605578,145.5823972775533,0.1,0.04000000000000001,0.86,0.02,0.01,0.9
EIR,150,150,150,1.0,0.0,0.1,0.9750297556319235,1.0,0.0,0.0249702443680766,0.061541383826314106,0.15843481166814719,12113.666666666666,11938.323812848252,12289.00952048508,12448.666666666666,12262.568893335601,12634.76443999773,11778.666666666666,11490.614432385772,12066.71890094756,117.71178795142264,115.5096176632869,119.91395823955837,101.36,98.26858919166122,104.45141080833878,0.15,0.06,0.86,0.02,0.01,0.9
EIR,150,150,150,1.0,0.0,0.1,0.9750297556319235,1.0,0.0,0.0249702443680766,0.061541383826314106,0.15843481166814719,12231.0,12079.528964210476,12382.471035789524,12448.666666666666,12262.568893335601,12634.76443999773,12013.333333333334,11778.798726217243,12247.867940449425,144.91646053986148,142.18845196108146,147.6444691186415,83.76,81.77176734306813,85.74823265693188,0.2,0.08000000000000002,0.86,0.02,0.01,0.9
RR,150,150,45,0.3,0.0,0.10666666666666667,0.23240829378731656,0.3775798039599141,0.0,0.0249702443680766,0.06673036965207343,0.16624622258414684,13228.333333333334,13056.267631831948,13400.39903483472,12752.666666666666,12591.953612562616,12913.379720770716,13704.0,13418.818456088598,13989.181543911402,61.03500485515302,58.04208321518348,64.02792649512256,206.84444444444443,191.6919272635613,221.99696162532757,0.03,0.012,0.86,0.02,0.02,0.75
TR,150,150,29,0.19333333333333333,0.0,0.06666666666666667,0.13811889170191843,0.2638628581771686,0.0,0.0249702443680766,0.03661185666960744,0.11836235511605896,12140.0,11981.710512520422,12298.289487479578,11654.0,11490.488627279221,11817.511372720779,12626.0,12377.718764860134,12874.281235139866,56.752194815777685,53.78172547857709,59.72266415297828,205.58620689655172,185.4281322346122,225.74428155849122,0.03,0.012,0.86,0.02,0.02,0.75
RR,150,150,111,0.74,0.0,0.10666666666666667,0.6644356718314847,0.8035786108718385,0.0,0.0249702443680766,0.06673036965207343,0.16624622258414684,13074.333333333334,12844.596889973496,13304.069776693172,12752.666666666666,12591.953612562616,12913.379720770716,13396.0,12970.958975690723,13821.041024309277,70.42949398686248,68.69923342002527,72.1597545536997,182.78378378378378,173.9155244793344,191.65204308823314,0.06,0.024,0.86,0.02,0.02,0.75
TR,150,150,73,0.4866666666666667,0.0,0.06666666666666667,0.40801711922387535,0.5659820872926068,0.0,0.0249702443680766,0.03661185666960744,0.11836235511605896,12451.0,12238.164864177203,12663.835135822797,11654.0,11490.488627279221,11817.511372720779,13248.0,12898.266049152555,13597.733950847445,61.75427426541575,60.029658247810715,63.47889028302079,198.86301369863014,187.60333805630242,210.12268934095786,0.06,0.024,0.86,0.02,0.02,0.75
RR,150,150,149,0.9933333333333333,0.0,0.10666666666666667,0.9632071602251817,0.9988221986649826,0.0,0.0249702443680766,0.06673036965207343,0.16624622258414684,12217.666666666666,12003.831160263815,12431.502173069517,12752.666666666666,12591.953612562616,12913.379720770716,11682.666666666666,11304.607282890895,12060.726050442438,85.5606475827994,83.54559054806799,87.57570461753082,140.73825503355704,134.25554386002486,147.22096620708922,0.1,0.04000000000000001,0.86,0.02,0.02,0.75
TR,150,150,140,0.9333333333333333,0.0,0.06666666666666667,0.8816376448839411,0.9633881433303926,0.0,0.0249702443680766,0.03661185666960744,0.11836235511605896,11794.666666666666,11563.72366176194,12025.609671571392,11654.0,11490.488627279221,11817.511372720779,11935.333333333334,11503.710428704364,12366.956237962304,71.63605147634561,70.11894591928868,73.15315703340255,167.34285714285716,159.22397399073108,175.46174029498323,0.1,0.04000000000000001,0.86,0.02,0.02,0.75
RR,150,150,150,1.0,0.0,0.10666666666666667,0.9750297556319235,1.0,0.0,0.0249702443680766,0.06673036965207343,0.16624622258414684,11644.333333333334,11442.508698060508,11846.15796860616,12752.666666666666,12591.953612562616,12913.379720770716,10536.0,10263.400629229554,10808.599370770446,110.52059685407706,107.9170430065965,113.12415070155761,98.04666666666667,94.15590303409174,101.9374302992416,0.15,0.06,0.86,0.02,0.02,0.75
TR,150,150,150,1.0,0.0,0.06666666666666667,0.9750297556319235,1.0,0.0,0.0249702443680766,0.03661185666960744,0.11836235511605896,10980.666666666666,10793.103671457204,11168.229661876128,11654.0,11490.488627279221,11817.511372720779,10307.333333333334,10005.54178076127,10609.124885905398,89.88929949882014,88.04393099552166,91.73466800211861,117.56,112.65224838960506,122.46775161039494,0.15,0.06,0.86,0.02,0.02,0.75
RR,150,150,150,1.0,0.0,0.10666666666666667,0.9750297556319235,1.0,0.0,0.0249702443680766,0.06673036965207343,0.16624622258414684,11469.333333333334,11270.1510793416,11668.515587325068,12752.666666666666,12591.953612562616,12913.379720770716,10186.0,9965.826451342164,10406.173548657836,137.24824484137972,134.18495046444235,140.31153921831708,75.64,73.31411005568067,77.96588994431933,0.2,0.08000000000000002,0.86,0.02,0.02,0.75
TR,150,150,150,1.0,0.0,0.06666666666666667,0.9750297556319235,1.0,0.0,0.0249702443680766,0.03661185666960744,0.11836235511605896,10586.666666666666,10399.215721974806,10774.117611358526,11654.0,11490.488627279221,11817.511372720779,9519.333333333334,9283.65075029572,9755.015916370949,110.84124330626432,108.53620635725514,113.1462802552735,87.78,84.56562751700827,90.99437248299174,0.2,0.08000000000000002,0.86,0.02,0.02,0.75
EIR,150,150,61,0.4066666666666667,0.0,0.09333333333333334,0.33134109612869495,0.4866533494866793,0.0,0.0249702443680766,0.05641186747708652,0.1505639312756158,12986.333333333334,12794.922981520125,13177.743685146543,12480.666666666666,12301.860675923854,12659.472657409478,13492.0,13172.80218619844,13811.19781380156,61.58704335153546,60.29933392517214,62.874752777898784,200.70491803278688,189.2737676907858,212.13606837478795,0.03,0.012,0.86,0.02,0.02,0.75
EIR,150,150,128,0.8533333333333334,0.0,0.09333333333333334,0.7879153994391072,0.9011056278741189,0.0,0.0249702443680766,0.05641186747708652,0.1505639312756158,13050.0,12817.372082165519,13282.627917834481,12480.666666666666,12301.860675923854,12659.472657409478,13619.333333333334,13208.840853762238,14029.82581290443,71.51029496969794,70.27352010619217,72.74706983320371,187.7421875,180.04670824921166,195.43766675078834,0.06,0.024,0.86,0.02,0.02,0.75
EIR,150,150,150,1.0,0.0,0.09333333333333334,0.9750297556319235,1.0,0.0,0.0249702443680766,0.05641186747708652,0.1505639312756158,12505.0,12291.193922504408,12718.806077495592,12480.666666666666,12301.860675923854,12659.472657409478,12529.333333333334,12140.150035310937,12918.516631355731,89.64417460083429,87.97984308882332,91.30850611284527,142.68,136.7502078492628,148.6097921507372,0.1,0.04000000000000001,0.86,0.02,0.02,0.75
EIR,150,150,150,1.0,0.0,0.09333333333333334,0.9750297556319235,1.0,0.0,0.0249702443680766,0.05641186747708652,0.1505639312756158,12170.0,11995.259494046075,12344.740505953925,12480.666666666666,12301.860675923854,12659.472657409478,11859.333333333334,11566.760793239235,12151.905873427433,116.97449985582521,114.77427830424824,119.17472140740219,102.8,99.55570881526492,106.04429118473507,0.15,0.06,0.86,0.02,0.02,0.75
EIR,150,150,150,1.0,0.0,0.09333333333333334,0.9750297556319235,1.0,0.0,0.0249702443680766,0.05641186747708652,0.1505639312756158,12225.333333333334,12073.088773216903,12377.577893449765,12480.666666666666,12301.860675923854,12659.472657409478,11970.0,11729.809465969129,12210.190534030871,143.54305603216207,140.7990691731896,146.28704289113455,84.3,82.226784409655,86.373215590345,0.2,0.08000000000000002,0.86,0.02,0.02,0.75
RR,150,150,45,0.3,0.0,0.10666666666666667,0.23240829378731656,0.3775798039599141,0.0,0.0249702443680766,0.06673036965207343,0.16624622258414684,13228.333333333334,13056.267631831948,13400.39903483472,12752.666666666666,12591.953612562616,12913.379720770716,13704.0,13418.818456088598,13989.181543911402,61.03500485515302,58.04208321518348,64.02792649512256,206.84444444444443,191.6919272635613,221.99696162532757,0.03,0.012,0.86,0.02,0.02,0.9
TR,150,150,29,0.19333333333333333,0.0,0.06666666666666667,0.13811889170191843,0.2638628581771686,0.0,0.0249702443680766,0.03661185666960744,0.11836235511605896,12140.0,11981.710512520422,12298.289487479578,11654.0,11490.488627279221,11817.511372720779,12626.0,12377.718764860134,12874.281235139866,56.752194815777685,53.78172547857709,59.72266415297828,205.58620689655172,185.4281322346122,225.74428155849122,0.03,0.012,0.86,0.02,0.02,0.9
RR,150,150,111,0.74,0.0,0.10666666666666667,0.6644356718314847,0.8035786108718385,0.0,0.0249702443680766,0.06673036965207343,0.16624622258414684,13074.333333333334,12844.596889973496,13304.069776693172,12752.666666666666,12591.953612562616,12913.379720770716,13396.0,12970.958975690723,13821.041024309277,70.42949398686248,68.69923342002527,72.1597545536997,182.78378378378378,173.9155244793344,191.65204308823314,0.06,0.024,0.86,0.02,0.02,0.9
TR,150,150,73,0.4866666666666667,0.0,0.06666666666666667,0.40801711922387535,0.5659820872926068,0.0,0.0249702443680766,0.03661185666960744,0.11836235511605896,12451.0,12238.164864177203,12663.835135822797,11654.0,11490.488627279221,11817.511372720779,13248.0,12898.266049152555,13597.733950847445,61.75427426541575,60.029658247810715,63.47889028302079,198.86301369863014,187.60333805630242,210.12268934095786,0.06,0.024,0.86,0.02,0.02,0.9
RR,150,150,149,0.9933333333333333,0.0,0.10666666666666667,0.9632071602251817,0.9988221986649826,0.0,0.0249702443680766,0.06673036965207343,0.16624622258414684,12217.666666666666,12003.831160263815,12431.502173069517,12752.666666666666,12591.953612562616,12913.379720770716,11682.666666666666,11304.607282890895,12060.726050442438,85.5606475827994,83.54559054806799,87.57570461753082,140.73825503355704,134.25554386002486,147.22096620708922,0.1,0.04000000000000001,0.86,0.02,0.02,0.9
TR,150,150,140,0.9333333333333333,0.0,0.06666666666666667,0.8816376448839411,0.9633881433303926,0.0,0.0249702443680766,0.03661185666960744,0.11836235511605896,11794.666666666666,11563.72366176194,12025.609671571392,11654.0,11490.488627279221,11817.511372720779,11935.333333333334,11503.710428704364,12366.956237962304,71.63605147634561,70.11894591928868,73.15315703340255,167.34285714285716,159.22397399073108,175.46174029498323,0.1,0.04000000000000001,0.86,0.02,0.02,0.9
RR,150,150,150,1.0,0.0,0.10666666666666667,0.9750297556319235,1.0,0.0,0.0249702443680766,0.06673036965207343,0.16624622258414684,11644.333333333334,11442.508698060508,11846.15796860616,12752.666666666666,12591.953612562616,12913.379720770716,10536.0,10263.400629229554,10808.599370770446,110.52059685407706,107.9170430065965,113.12415070155761,98.04666666666667,94.15590303409174,101.9374302992416,0.15,0.06,0.86,0.02,0.02,0.9
TR,150,150,150,1.0,0.0,0.06666666666666667,0.9750297556319235,1.0,0.0,0.0249702443680766,0.03661185666960744,0.11836235511605896,10980.666666666666,10793.103671457204,11168.229661876128,11654.0,11490.488627279221,11817.511372720779,10307.333333333334,10005.54178076127,10609.124885905398,89.88929949882014,88.04393099552166,91.73466800211861,117.56,112.65224838960506,122.46775161039494,0.15,0.06,0.86,0.02,0.02,0.9
RR,150,150,150,1.0,0.0,0.10666666666666667,0.9750297556319235,1.0,0.0,0.0249702443680766,0.06673036965207343,0.16624622258414684,11469.333333333334,11270.1510793416,11668.515587325068,12752.666666666666,12591.953612562616,12913.379720770716,10186.0,9965.826451342164,10406.173548657836,137.24824484137972,134.18495046444235,140.31153921831708,75.64,73.31411005568067,77.96588994431933,0.2,0.08000000000000002,0.86,0.02,0.02,0.9
TR,150,150,150,1.0,0.0,0.06666666666666667,0.9750297556319235,1.0,0.0,0.0249702443680766,0.03661185666960744,0.11836235511605896,10586.666666666666,10399.215721974806,10774.117611358526,11654.0,11490.488627279221,11817.511372720779,9519.333333333334,9283.65075029572,9755.015916370949,110.84124330626432,108.53620635725514,113.1462802552735,87.78,84.56562751700827,90.99437248299174,0.2,0.08000000000000002,0.86,0.02,0.02,0.9
EIR,150,150,56,0.37333333333333335,0.0,0.1,0.2999983138911522,0.4529941480154272,0.0,0.0249702443680766,0.061541383826314106,0.15843481166814719,12931.0,12733.87048029165,13128.12951970835,12411.333333333334,12227.373941321257,12595.29272534541,13450.666666666666,13121.735180887084,13779.598152446248,61.37362715755689,59.94867951476788,62.7985748003459,197.625,185.0437851254616,210.2062148745384,0.03,0.012,0.86,0.02,0.02,0.9
EIR,150,150,126,0.84,0.0,0.1,0.7729603179581628,0.890059915871545,0.0,0.0249702443680766,0.061541383826314106,0.15843481166814719,13043.333333333334,12808.748737592017,13277.91792907465,12411.333333333334,12227.373941321257,12595.29272534541,13675.333333333334,13267.38511690436,14083.281549762309,71.27419546869102,70.05150042393181,72.49689051345023,188.5793650793651,180.90462956239284,196.25410059633734,0.06,0.024,0.86,0.02,0.02,0.9
EIR,150,150,150,1.0,0.0,0.1,0.9750297556319235,1.0,0.0,0.0249702443680766,0.061541383826314106,0.15843481166814719,12370.0,12160.170069424013,12579.829930575987,12411.333333333334,12227.373941321257,12595.29272534541,12328.666666666666,11950.809238267104,12706.524095066228,89.31174731861802,87.65091236578498,90.97258227145106,140.87333333333333,135.1356980409438,146.61096862572288,0.1,0.04000000000000001,0.86,0.02,0.02,0.9
EIR,150,150,150,1.0,0.0,0.1,0.9750297556319235,1.0,0.0,0.0249702443680766,0.061541383826314106,0.15843481166814719,12115.666666666666,11941.403942227946,12289.929391105386,12411.333333333334,12227.373941321257,12595.29272534541,11820.0,11530.986236312288,12109.013763687712,116.79470620467087,114.6318738059507,118.95753860339104,102.6,99.38102531042928,105.81897468957071,0.15,0.06,0.86,0.02,0.02,0.9
EIR,150,150,150,1.0,0.0,0.1,0.9750297556319235,1.0,0.0,0.0249702443680766,0.061541383826314106,0.15843481166814719,12187.0,12035.738669937144,12338.261330062856,12411.333333333334,12227.373941321257,12595.29272534541,11962.666666666666,11727.313581498265,12198.019751835067,143.1503252368187,140.47829381252012,145.82235666111728,84.45333333333333,82.40750460285922,86.49916206380745,0.2,0.08000000000000002,0.86,0.02,0.02,0.9
RR,150,150,45,0.3,0.0,0.10666666666666667,0.23240829378731656,0.3775798039599141,0.0,0.0249702443680766,0.06673036965207343,0.16624622258414684,13228.333333333334,13056.267631831948,13400.39903483472,12752.666666666666,12591.953612562616,12913.379720770716,13704.0,13418.818456088598,13989.181543911402,61.03500485515302,58.04208321518348,64.02792649512256,206.84444444444443,191.6919272635613,221.99696162532757,0.03,0.012,0.86,0.02,0.03,0.75
TR,150,150,29,0.19333333333333333,0.0,0.06666666666666667,0.13811889170191843,0.2638628581771686,0.0,0.0249702443680766,0.03661185666960744,0.11836235511605896,12140.0,11981.710512520422,12298.289487479578,11654.0,11490.488627279221,11817.511372720779,12626.0,12377.718764860134,12874.281235139866,56.752194815777685,53.78172547857709,59.72266415297828,205.58620689655172,185.4281322346122,225.74428155849122,0.03,0.012,0.86,0.02,0.03,0.75
RR,150,150,111,0.74,0.0,0.10666666666666667,0.6644356718314847,0.8035786108718385,0.0,0.0249702443680766,0.06673036965207343,0.16624622258414684,13074.333333333334,12844.596889973496,13304.069776693172,12752.666666666666,12591.953612562616,12913.379720770716,13396.0,12970.958975690723,13821.041024309277,70.42949398686248,68.69923342002527,72.1597545536997,182.78378378378378,173.9155244793344,191.65204308823314,0.06,0.024,0.86,0.02,0.03,0.75
TR,150,150,73,0.4866666666666667,0.0,0.06666666666666667,0.40801711922387535,0.5659820872926068,0.0,0.0249702443680766,0.03661185666960744,0.11836235511605896,12451.0,12238.164864177203,12663.835135822797,11654.0,11490.488627279221,11817.511372720779,13248.0,12898.266049152555,13597.733950847445,61.75427426541575,60.029658247810715,63.47889028302079,198.86301369863014,187.60333805630242,210.12268934095786,0.06,0.024,0.86,0.02,0.03,0.75
RR,150,150,149,0.9933333333333333,0.0,0.10666666666666667,0.9632071602251817,0.9988221986649826,0.0,0.0249702443680766,0.06673036965207343,0.16624622258414684,12217.666666666666,12003.831160263815,12431.502173069517,12752.666666666666,12591.953612562616,12913.379720770716,11682.666666666666,11304.607282890895,12060.726050442438,85.5606475827994,83.54559054806799,87.57570461753082,140.73825503355704,134.25554386002486,147.22096620708922,0.1,0.04000000000000001,0.86,0.02,0.03,0.75
TR,150,150,140,0.9333333333333333,0.0,0.06666666666666667,0.8816376448839411,0.9633881433303926,0.0,0.0249702443680766,0.03661185666960744,0.11836235511605896,11794.666666666666,11563.72366176194,12025.609671571392,11654.0,11490.488627279221,11817.511372720779,11935.333333333334,11503.710428704364,12366.956237962304,71.63605147634561,70.11894591928868,73.15315703340255,167.34285714285716,159.22397399073108,175.46174029498323,0.1,0.04000000000000001,0.86,0.02,0.03,0.75
RR,150,150,150,1.0,0.0,0.10666666666666667,0.9750297556319235,1.0,0.0,0.0249702443680766,0.06673036965207343,0.16624622258414684,11644.333333333334,11442.508698060508,11846.15796860616,12752.666666666666,12591.953612562616,12913.379720770716,10536.0,10263.400629229554,10808.599370770446,110.52059685407706,107.9170430065965,113.12415070155761,98.04666666666667,94.15590303409174,101.9374302992416,0.15,0.06,0.86,0.02,0.03,0.75
TR,150,150,150,1.0,0.0,0.06666666666666667,0.9750297556319235,1.0,0.0,0.0249702443680766,0.03661185666960744,0.11836235511605896,10980.666666666666,10793.103671457204,11168.229661876128,11654.0,11490.488627279221,11817.511372720779,10307.333333333334,10005.54178076127,10609.124885905398,89.88929949882014,88.04393099552166,91.73466800211861,117.56,112.65224838960506,122.46775161039494,0.15,0.06,0.86,0.02,0.03,0.75
RR,150,150,150,1.0,0.0,0.10666666666666667,0.9750297556319235,1.0,0.0,0.0249702443680766,0.06673036965207343,0.16624622258414684,11469.333333333334,11270.1510793416,11668.515587325068,12752.666666666666,12591.953612562616,12913.379720770716,10186.0,9965.826451342164,10406.173548657836,137.24824484137972,134.18495046444235,140.31153921831708,75.64,73.31411005568067,77.96588994431933,0.2,0.08000000000000002,0.86,0.02,0.03,0.75
TR,150,150,150,1.0,0.0,0.06666666666666667,0.9750297556319235,1.0,0.0,0.0249702443680766,0.03661185666960744,0.11836235511605896,10586.666666666666,10399.215721974806,10774.117611358526,11654.0,11490.488627279221,11817.511372720779,9519.333333333334,9283.65075029572,9755.015916370949,110.84124330626432,108.53620635725514,113.1462802552735,87.78,84.56562751700827,90.99437248299174,0.2,0.08000000000000002,0.86,0.02,0.03,0.75
EIR,150,150,61,0.4066666666666667,0.0,0.09333333333333334,0.33134109612869495,0.4866533494866793,0.0,0.0249702443680766,0.05641186747708652,0.1505639312756158,12981.333333333334,12791.30377827204,13171.362888394628,12461.333333333334,12283.819220088855,12638.847446577813,13501.333333333334,13185.935662923357,13816.73100374331,61.20986302058455,59.96169078005768,62.45803526111142,202.9344262295082,191.54213253689363,214.32671992212278,0.03,0.012,0.86,0.02,0.03,0.75
EIR,150,150,128,0.8533333333333334,0.0,0.09333333333333334,0.7879153994391072,0.9011056278741189,0.0,0.0249702443680766,0.05641186747708652,0.1505639312756158,13049.0,12816.622613835838,13281.377386164162,12461.333333333334,12283.819220088855,12638.847446577813,13636.666666666666,13227.517429569181,14045.81590376415,71.21599593105886,69.97347415612356,72.45851770599415,188.9140625,181.15626010877324,196.67186489122676,0.06,0.024,0.86,0.02,0.03,0.75
EIR,150,150,150,1.0,0.0,0.09333333333333334,0.9750297556319235,1.0,0.0,0.0249702443680766,0.05641186747708652,0.1505639312756158,12492.666666666666,12279.751646701308,12705.581686632024,12461.333333333334,12283.819220088855,12638.847446577813,12524.0,12136.214191938941,12911.785808061059,89.23380935071556,87.58544966188808,90.88216903954304,143.30666666666667,137.34497128620518,149.26836204712816,0.1,0.04000000000000001,0.86,0.02,0.03,0.75
EIR,150,150,150,1.0,0.0,0.09333333333333334,0.9750297556319235,1.0,0.0,0.0249702443680766,0.05641186747708652,0.1505639312756158,12168.0,11994.913929231421,12341.086070768579,12461.333333333334,12283.819220088855,12638.847446577813,11874.666666666666,11584.340479124248,12164.992854209084,116.03208870370703,113.86378364789704,118.20039375951703,103.76666666666667,100.50528639261557,107.02804694071776,0.15,0.06,0.86,0.02,0.03,0.75
EIR,150,150,150,1.0,0.0,0.09333333333333334,0.9750297556319235,1.0,0.0,0.0249702443680766,0.05641186747708652,0.1505639312756158,12189.666666666666,12036.954398532456,12342.378934800876,12461.333333333334,12283.819220088855,12638.847446577813,11918.0,11676.58663417809,12159.41336582191,142.10459028264611,139.4011461307086,144.80803443458362,84.8,82.68052212185216,86.91947787814783,0.2,0.08000000000000002,0.86,0.02,0.03,0.75
RR,150,150,45,0.3,0.0,0.10666666666666667,0.23240829378731656,0.3775798039599141,0.0,0.0249702443680766,0.06673036965207343,0.16624622258414684,13228.333333333334,13056.267631831948,13400.39903483472,12752.666666666666,12591.953612562616,12913.379720770716,13704.0,13418.818456088598,13989.181543911402,61.03500485515302,58.04208321518348,64.02792649512256,206.84444444444443,191.6919272635613,221.99696162532757,0.03,0.012,0.86,0.02,0.03,0.9
TR,150,150,29,0.19333333333333333,0.0,0.06666666666666667,0.13811889170191843,0.2638628581771686,0.0,0.0249702443680766,0.03661185666960744,0.11836235511605896,12140.0,11981.710512520422,12298.289487479578,11654.0,11490.488627279221,11817.511372720779,12626.0,12377.718764860134,12874.281235139866,56.752194815777685,53.78172547857709,59.72266415297828,205.58620689655172,185.4281322346122,225.74428155849122,0.03,0.012,0.86,0.02,0.03,0.9
RR,150,150,111,0.74,0.0,0.10666666666666667,0.6644356718314847,0.8035786108718385,0.0,0.0249702443680766,0.06673036965207343,0.16624622258414684,13074.333333333334,12844.596889973496,13304.069776693172,12752.666666666666,12591.953612562616,12913.379720770716,13396.0,12970.958975690723,13821.041024309277,70.42949398686248,68.69923342002527,72.1597545536997,182.78378378378378,173.9155244793344,191.65204308823314,0.06,0.024,0.86,0.02,0.03,0.9
TR,150,150,73,0.4866666666666667,0.0,0.06666666666666667,0.40801711922387535,0.5659820872926068,0.0,0.0249702443680766,0.03661185666960744,0.11836235511605896,12451.0,12238.164864177203,12663.835135822797,11654.0,11490.488627279221,11817.511372720779,13248.0,12898.266049152555,13597.733950847445,61.75427426541575,60.029658247810715,63.47889028302079,198.86301369863014,187.60333805630242,210.12268934095786,0.06,0.024,0.86,0.02,0.03,0.9
RR,150,150,149,0.9933333333333333,0.0,0.10666666666666667,0.9632071602251817,0.9988221986649826,0.0,0.0249702443680766,0.06673036965207343,0.16624622258414684,12217.666666666666,12003.831160263815,12431.502173069517,12752.666666666666,12591.953612562616,12913.379720770716,11682.666666666666,11304.607282890895,12060.726050442438,85.5606475827994,83.54559054806799,87.57570461753082,140.73825503355704,134.25554386002486,147.22096620708922,0.1,0.04000000000000001,0.86,0.02,0.03,0.9
TR,150,150,140,0.9333333333333333,0.0,0.06666666666666667,0.8816376448839411,0.9633881433303926,0.0,0.0249702443680766,0.03661185666960744,0.11836235511605896,11794.666666666666,11563.72366176194,12025.609671571392,11654.0,11490.488627279221,11817.511372720779,11935.333333333334,11503.710428704364,12366.956237962304,71.63605147634561,70.11894591928868,73.15315703340255,167.34285714285716,159.22397399073108,175.46174029498323,0.1,0.04000000000000001,0.86,0.02,0.03,0.9
RR,150,150,150,1.0,0.0,0.10666666666666667,0.9750297556319235,1.0,0.0,0.0249702443680766,0.06673036965207343,0.16624622258414684,11644.333333333334,11442.508698060508,11846.15796860616,12752.666666666666,12591.953612562616,12913.379720770716,10536.0,10263.400629229554,10808.599370770446,110.52059685407706,107.9170430065965,113.12415070155761,98.04666666666667,94.15590303409174,101.9374302992416,0.15,0.06,0.86,0.02,0.03,0.9
TR,150,150,150,1.0,0.0,0.06666666666666667,0.9750297556319235,1.0,0.0,0.0249702443680766,0.03661185666960744,0.11836235511605896,10980.666666666666,10793.103671457204,11168.229661876128,11654.0,11490.488627279221,11817.511372720779,10307.333333333334,10005.54178076127,10609.124885905398,89.88929949882014,88.04393099552166,91.73466800211861,117.56,112.65224838960506,122.46775161039494,0.15,0.06,0.86,0.02,0.03,0.9
RR,150,150,150,1.0,0.0,0.10666666666666667,0.9750297556319235,1.0,0.0,0.0249702443680766,0.06673036965207343,0.16624622258414684,11469.333333333334,11270.1510793416,11668.515587325068,12752.666666666666,12591.953612562616,12913.379720770716,10186.0,9965.826451342164,10406.173548657836,137.24824484137972,134.18495046444235,140.31153921831708,75.64,73.31411005568067,77.96588994431933,0.2,0.08000000000000002,0.86,0.02,0.03,0.9
TR,150,150,150,1.0,0.0,0.06666666666666667,0.9750297556319235,1.0,0.0,0.0249702443680766,0.03661185666960744,0.11836235511605896,10586.666666666666,10399.215721974806,10774.117611358526,11654.0,11490.488627279221,11817.511372720779,9519.333333333334,9283.65075029572,9755.015916370949,110.84124330626432,108.53620635725514,113.1462802552735,87.78,84.56562751700827,90.99437248299174,0.2,0.08000000000000002,0.86,0.02,0.03,0.9
EIR,150,150,56,0.37333333333333335,0.0,0.09333333333333334,0.2999983138911522,0.4529941480154272,0.0,0.0249702443680766,0.05641186747708652,0.1505639312756158,12911.333333333334,12714.725921128245,13107.940745538423,12393.333333333334,12210.647815591223,12576.018851075445,13429.333333333334,13100.8107219983,13757.855944668368,61.123338126175156,59.72799066545775,62.51868558689256,198.07142857142858,185.50506336006598,210.6377937827912,0.03,0.012,0.86,0.02,0.03,0.9
EIR,150,150,126,0.84,0.0,0.09333333333333334,0.7729603179581628,0.890059915871545,0.0,0.0249702443680766,0.05641186747708652,0.1505639312756158,13018.666666666666,12784.78425957657,13252.549073756762,12393.333333333334,12210.647815591223,12576.018851075445,13644.0,13236.568046497123,14051.431953502877,70.98889911505594,69.76327200488399,72.2145262252279,188.86507936507937,181.17656375285802,196.55359497730072,0.06,0.024,0.86,0.02,0.03,0.9
EIR,150,150,150,1.0,0.0,0.09333333333333334,0.9750297556319235,1.0,0.0,0.0249702443680766,0.05641186747708652,0.1505639312756158,12402.0,12191.52725096421,12612.47274903579,12393.333333333334,12210.647815591223,12576.018851075445,12410.666666666666,12030.651067703518,12790.682265629814,88.71633336845211,87.0519087267444,90.38075801015982,142.83333333333334,136.99941449641798,148.6672521702487,0.1,0.04000000000000001,0.86,0.02,0.03,0.9
EIR,150,150,150,1.0,0.0,0.09333333333333334,0.9750297556319235,1.0,0.0,0.0249702443680766,0.05641186747708652,0.1505639312756158,12097.333333333334,11923.434519338738,12271.23214732793,12393.333333333334,12210.647815591223,12576.018851075445,11801.333333333334,11512.408868184864,12090.257798481804,115.87269846319289,113.73324411344143,118.01215281294435,103.26,100.00695640482883,106.51304359517118,0.15,0.06,0.86,0.02,0.03,0.9
EIR,150,150,150,1.0,0.0,0.09333333333333334,0.9750297556319235,1.0,0.0,0.0249702443680766,0.05641186747708652,0.1505639312756158,12148.333333333334,11996.796228185243,12299.870438481425,12393.333333333334,12210.647815591223,12576.018851075445,11903.333333333334,11667.339409773926,12139.327256892742,141.69674336246433,139.04227937623432,144.35120734869435,84.92,82.83613623830061,87.00386376169939,0.2,0.08000000000000002,0.86,0.02,0.03,0.9
RR,150,150,45,0.3,0.0,0.10666666666666667,0.23240829378731656,0.3775798039599141,0.0,0.0249702443680766,0.06673036965207343,0.16624622258414684,13228.333333333334,13056.267631831948,13400.39903483472,12752.666666666666,12591.953612562616,12913.379720770716,13704.0,13418.818456088598,13989.181543911402,61.03500485515302,58.04208321518348,64.02792649512256,206.84444444444443,191.6919272635613,221.99696162532757,0.03,0.012,0.86,0.03,0.01,0.75
TR,150,150,29,0.19333333333333333,0.0,0.06666666666666667,0.13811889170191843,0.2638628581771686,0.0,0.0249702443680766,0.03661185666960744,0.11836235511605896,12140.0,11981.710512520422,12298.289487479578,11654.0,11490.488627279221,11817.511372720779,12626.0,12377.718764860134,12874.281235139866,56.752194815777685,53.78172547857709,59.72266415297828,205.58620689655172,185.4281322346122,225.74428155849122,0.03,0.012,0.86,0.03,0.01,0.75
RR,150,150,111,0.74,0.0,0.10666666666666667,0.6644356718314847,0.8035786108718385,0.0,0.0249702443680766,0.06673036965207343,0.16624622258414684,13074.333333333334,12844.596889973496,13304.069776693172,12752.666666666666,12591.953612562616,12913.379720770716,13396.0,12970.958975690723,13821.041024309277,70.42949398686248,68.69923342002527,72.1597545536997,182.78378378378378,173.9155244793344,191.65204308823314,0.06,0.024,0.86,0.03,0.01,0.75
TR,150,150,73,0.4866666666666667,0.0,0.06666666666666667,0.40801711922387535,0.5659820872926068,0.0,0.0249702443680766,0.03661185666960744,0.11836235511605896,12451.0,12238.164864177203,12663.835135822797,11654.0,11490.488627279221,11817.511372720779,13248.0,12898.266049152555,13597.733950847445,61.75427426541575,60.029658247810715,63.47889028302079,198.86301369863014,187.60333805630242,210.12268934095786,0.06,0.024,0.86,0.03,0.01,0.75
RR,150,150,149,0.9933333333333333,0.0,0.10666666666666667,0.9632071602251817,0.9988221986649826,0.0,0.0249702443680766,0.06673036965207343,0.16624622258414684,12217.666666666666,12003.831160263815,12431.502173069517,12752.666666666666,12591.953612562616,12913.379720770716,11682.666666666666,11304.607282890895,12060.726050442438,85.5606475827994,83.54559054806799,87.57570461753082,140.73825503355704,134.25554386002486,147.22096620708922,0.1,0.04000000000000001,0.86,0.03,0.01,0.75
TR,150,150,140,0.9333333333333333,0.0,0.06666666666666667,0.8816376448839411,0.9633881433303926,0.0,0.0249702443680766,0.03661185666960744,0.11836235511605896,11794.666666666666,11563.72366176194,12025.609671571392,11654.0,11490.488627279221,11817.511372720779,11935.333333333334,11503.710428704364,12366.956237962304,71.63605147634561,70.11894591928868,73.15315703340255,167.34285714285716,159.22397399073108,175.46174029498323,0.1,0.04000000000000001,0.86,0.03,0.01,0.75
RR,150,150,150,1.0,0.0,0.10666666666666667,0.9750297556319235,1.0,0.0,0.0249702443680766,0.06673036965207343,0.16624622258414684,11644.333333333334,11442.508698060508,11846.15796860616,12752.666666666666,12591.953612562616,12913.379720770716,10536.0,10263.400629229554,10808.599370770446,110.52059685407706,107.9170430065965,113.12415070155761,98.04666666666667,94.15590303409174,101.9374302992416,0.15,0.06,0.86,0.03,0.01,0.75
TR,150,150,150,1.0,0.0,0.06666666666666667,0.9750297556319235,1.0,0.0,0.0249702443680766,0.03661185666960744,0.11836235511605896,10980.666666666666,10793.103671457204,11168.229661876128,11654.0,11490.488627279221,11817.511372720779,10307.333333333334,10005.54178076127,10609.124885905398,89.88929949882014,88.04393099552166,91.73466800211861,117.56,112.65224838960506,122.46775161039494,0.15,0.06,0.86,0.03,0.01,0.75
RR,150,150,150,1.0,0.0,0.10666666666666667,0.9750297556319235,1.0,0.0,0.0249702443680766,0.06673036965207343,0.16624622258414684,11469.333333333334,11270.1510793416,11668.515587325068,12752.666666666666,12591.953612562616,12913.379720770716,10186.0,9965.826451342164,10406.173548657836,137.24824484137972,134.18495046444235,140.31153921831708,75.64,73.31411005568067,77.96588994431933,0.2,0.08000000000000002,0.86,0.03,0.01,0.75
TR,150,150,150,1.0,0.0,0.06666666666666667,0.9750297556319235,1.0,0.0,0.0249702443680766,0.03661185666960744,0.11836235511605896,10586.666666666666,10399.215721974806,10774.117611358526,11654.0,11490.488627279221,11817.511372720779,9519.333333333334,9283.65075029572,9755.015916370949,110.84124330626432,108.53620635725514,113.1462802552735,87.78,84.56562751700827,90.99437248299174,0.2,0.08000000000000002,0.86,0.03,0.01,0.75
EIR,150,150,61,0.4066666666666667,0.0,0.1,0.33134109612869495,0.4866533494866793,0.0,0.0249702443680766,0.061541383826314106,0.15843481166814719,13008.666666666666,12816.443246548542,13200.89008678479,12506.666666666666,12325.72057044802,12687.612762885312,13510.666666666666,13190.417201085142,13830.91613224819,61.64746001548851,60.36282247727184,62.932097553705184,200.63934426229508,189.22301473413768,212.0556737904525,0.03,0.012,0.86,0.03,0.01,0.75
EIR,150,150,127,0.8466666666666667,0.0,0.1,0.7804201682766676,0.8956004622947993,0.0,0.0249702443680766,0.061541383826314106,0.15843481166814719,13064.666666666666,12828.429449389383,13300.903883943949,12506.666666666666,12325.72057044802,12687.612762885312,13622.666666666666,13204.115861404758,14041.217471928574,71.75376658523898,70.50390962023543,73.00362355024252,186.48818897637796,178.78340462626326,194.19297332649265,0.06,0.024,0.86,0.03,0.01,0.75
EIR,150,150,150,1.0,0.0,0.1,0.9750297556319235,1.0,0.0,0.0249702443680766,0.061541383826314106,0.15843481166814719,12517.333333333334,12302.158833547437,12732.50783311923,12506.666666666666,12325.72057044802,12687.612762885312,12528.0,12136.752786161896,12919.247213838104,89.8725904128498,88.18823163083762,91.55694919486199,142.36,136.39034316792768,148.32965683207235,0.1,0.04000000000000001,0.86,0.03,0.01,0.75
EIR,150,150,150,1.0,0.0,0.1,0.9750297556319235,1.0,0.0,0.0249702443680766,0.061541383826314106,0.15843481166814719,12192.333333333334,12020.790700037458,12363.87596662921,12506.666666666666,12325.72057044802,12687.612762885312,11878.0,11594.686963632286,12161.313036367714,117.60778937314545,115.33589067670115,119.87968806958975,102.43333333333334,99.28369581638287,105.5829708502838,0.15,0.06,0.86,0.03,0.01,0.75
EIR,150,150,150,1.0,0.0,0.1,0.9750297556319235,1.0,0.0,0.0249702443680766,0.061541383826314106,0.15843481166814719,12262.0,12108.709893604968,12415.290106395032,12506.666666666666,12325.72057044802,12687.612762885312,12017.333333333334,11775.509679708588,12259.15698695808,144.6766819122909,141.8816237256046,147.47174009897716,83.97333333333333,81.91257442373363,86.03409224293303,0.2,0.08000000000000002,0.86,0.03,0.01,0.75
RR,150,150,45,0.3,0.0,0.10666666666666667,0.23240829378731656,0.3775798039599141,0.0,0.0249702443680766,0.06673036965207343,0.16624622258414684,13228.333333333334,13056.267631831948,13400.39903483472,12752.666666666666,12591.953612562616,12913.379720770716,13704.0,13418.818456088598,13989.181543911402,61.03500485515302,58.04208321518348,64.02792649512256,206.84444444444443,191.6919272635613,221.99696162532757,0.03,0.012,0.86,0.03,0.01,0.9
TR,150,150,29,0.19333333333333333,0.0,0.06666666666666667,0.13811889170191843,0.2638628581771686,0.0,0.0249702443680766,0.03661185666960744,0.11836235511605896,12140.0,11981.710512520422,12298.289487479578,11654.0,11490.488627279221,11817.511372720779,12626.0,12377.718764860134,12874.281235139866,56.752194815777685,53.78172547857709,59.72266415297828,205.58620689655172,185.4281322346122,225.74428155849122,0.03,0.012,0.86,0.03,0.01,0.9
RR,150,150,111,0.74,0.0,0.10666666666666667,0.6644356718314847,0.8035786108718385,0.0,0.0249702443680766,0.06673036965207343,0.16624622258414684,13074.333333333334,12844.596889973496,13304.069776693172,12752.666666666666,12591.953612562616,12913.379720770716,13396.0,12970.958975690723,13821.041024309277,70.42949398686248,68.69923342002527,72.1597545536997,182.78378378378378,173.9155244793344,191.65204308823314,0.06,0.024,0.86,0.03,0.01,0.9
TR,150,150,73,0.4866666666666667,0.0,0.06666666666666667,0.40801711922387535,0.5659820872926068,0.0,0.0249702443680766,0.03661185666960744,0.11836235511605896,12451.0,12238.164864177203,12663.835135822797,11654.0,11490.488627279221,11817.511372720779,13248.0,12898.266049152555,13597.733950847445,61.75427426541575,60.029658247810715,63.47889028302079,198.86301369863014,187.60333805630242,210.12268934095786,0.06,0.024,0.86,0.03,0.01,0.9
RR,150,150,149,0.9933333333333333,0.0,0.10666666666666667,0.9632071602251817,0.9988221986649826,0.0,0.0249702443680766,0.06673036965207343,0.16624622258414684,12217.666666666666,12003.831160263815,12431.502173069517,12752.666666666666,12591.953612562616,12913.379720770716,11682.666666666666,11304.607282890895,12060.726050442438,85.5606475827994,83.54559054806799,87.57570461753082,140.73825503355704,134.25554386002486,147.22096620708922,0.1,0.04000000000000001,0.86,0.03,0.01,0.9
TR,150,150,140,0.9333333333333333,0.0,0.06666666666666667,0.8816376448839411,0.9633881433303926,0.0,0.0249702443680766,0.03661185666960744,0.11836235511605896,11794.666666666666,11563.72366176194,12025.609671571392,11654.0,11490.488627279221,11817.511372720779,11935.333333333334,11503.710428704364,12366.956237962304,71.63605147634561,70.11894591928868,73.15315703340255,167.34285714285716,159.22397399073108,175.46174029498323,0.1,0.04000000000000001,0.86,0.03,0.01,0.9
RR,150,150,150,1.0,0.0,0.10666666666666667,0.9750297556319235,1.0,0.0,0.0249702443680766,0.06673036965207343,0.16624622258414684,11644.333333333334,11442.508698060508,11846.15796860616,12752.666666666666,12591.953612562616,12913.379720770716,10536.0,10263.400629229554,10808.599370770446,110.52059685407706,107.9170430065965,113.12415070155761,98.04666666666667,94.15590303409174,101.9374302992416,0.15,0.06,0.86,0.03,0.01,0.9
TR,150,150,150,1.0,0.0,0.06666666666666667,0.9750297556319235,1.0,0.0,0.0249702443680766,0.03661185666960744,0.11836235511605896,10980.666666666666,10793.103671457204,11168.229661876128,11654.0,11490.488627279221,11817.511372720779,10307.333333333334,10005.54178076127,10609.124885905398,89.88929949882014,88.04393099552166,91.73466800211861,117.56,112.65224838960506,122.46775161039494,0.15,0.06,0.86,0.03,0.01,0.9
RR,150,150,150,1.0,0.0,0.10666666666666667,0.9750297556319235,1.0,0.0,0.0249702443680766,0.06673036965207343,0.16624622258414684,11469.333333333334,11270.1510793416,11668.515587325068,12752.666666666666,12591.953612562616,12913.379720770716,10186.0,9965.826451342164,10406.173548657836,137.24824484137972,134.18495046444235,140.31153921831708,75.64,73.31411005568067,77.96588994431933,0.2,0.08000000000000002,0.86,0.03,0.01,0.9
TR,150,150,150,1.0,0.0,0.06666666666666667,0.9750297556319235,1.0,0.0,0.0249702443680766,0.03661185666960744,0.11836235511605896,10586.666666666666,10399.215721974806,10774.117611358526,11654.0,11490.488627279221,11817.511372720779,9519.333333333334,9283.65075029572,9755.015916370949,110.84124330626432,108.53620635725514,113.1462802552735,87.78,84.56562751700827,90.99437248299174,0.2,0.08000000000000002,0.86,0.03,0.01,0.9
EIR,150,150,56,0.37333333333333335,0.0,0.1,0.2999983138911522,0.4529941480154272,0.0,0.0249702443680766,0.061541383826314106,0.15843481166814719,12976.333333333334,12783.266883071896,13169.399783594772,12432.0,12245.647644917699,12618.352355082301,13520.666666666666,13205.082077785823,13836.25125554751,61.214677638461225,59.81908028058912,62.61027499633333,200.35714285714286,188.31974695083576,212.39453876344996,0.03,0.012,0.86,0.03,0.01,0.9
EIR,150,150,128,0.8533333333333334,0.0,0.1,0.7879153994391072,0.9011056278741189,0.0,0.0249702443680766,0.061541383826314106,0.15843481166814719,13015.333333333334,12776.014117398998,13254.65254926767,12432.0,12245.647644917699,12618.352355082301,13598.666666666666,13177.25177667338,14020.081556659952,71.26747766735488,70.04068115991997,72.4942741747898,188.0078125,180.21786517847133,195.79775982152867,0.06,0.024,0.86,0.03,0.01,0.9
EIR,150,150,150,1.0,0.0,0.1,0.9750297556319235,1.0,0.0,0.0249702443680766,0.061541383826314106,0.15843481166814719,12370.0,12159.919180289813,12580.080819710187,12432.0,12245.647644917699,12618.352355082301,12308.0,11930.902139945762,12685.097860054238,89.54893600747415,87.86122372956414,91.23664828538416,140.33333333333334,134.58147542286102,146.08519124380567,0.1,0.04000000000000001,0.86,0.03,0.01,0.9
EIR,150,150,150,1.0,0.0,0.1,0.9750297556319235,1.0,0.0,0.0249702443680766,0.061541383826314106,0.15843481166814719,12105.333333333334,11930.218075136732,12280.448591529936,12432.0,12245.647644917699,12618.352355082301,11778.666666666666,11490.841263189877,12066.492070143455,117.23067733421772,115.0541432864001,119.40721138203533,101.79333333333334,98.66709086371011,104.91957580295656,0.15,0.06,0.86,0.03,0.01,0.9
EIR,150,150,150,1.0,0.0,0.1,0.9750297556319235,1.0,0.0,0.0249702443680766,0.061541383826314106,0.15843481166814719,12210.0,12058.346952092788,12361.653047907212,12432.0,12245.647644917699,12618.352355082301,11988.0,11753.404916597352,12222.595083402648,144.03283414071979,141.30062487519527,146.7650434062443,84.12666666666667,82.10299382427361,86.15033950905972,0.2,0.08000000000000002,0.86,0.03,0.01,0.9
RR,150,150,45,0.3,0.0,0.10666666666666667,0.23240829378731656,0.3775798039599141,0.0,0.0249702443680766,0.06673036965207343,0.16624622258414684,13228.333333333334,13056.267631831948,13400.39903483472,12752.666666666666,12591.953612562616,12913.379720770716,13704.0,13418.818456088598,13989.181543911402,61.03500485515302,58.04208321518348,64.02792649512256,206.84444444444443,191.6919272635613,221.99696162532757,0.03,0.012,0.86,0.03,0.02,0.75
TR,150,150,29,0.19333333333333333,0.0,0.06666666666666667,0.13811889170191843,0.2638628581771686,0.0,0.0249702443680766,0.03661185666960744,0.11836235511605896,12140.0,11981.710512520422,12298.289487479578,11654.0,11490.488627279221,11817.511372720779,12626.0,12377.718764860134,12874.281235139866,56.752194815777685,53.78172547857709,59.72266415297828,205.58620689655172,185.4281322346122,225.74428155849122,0.03,0.012,0.86,0.03,0.02,0.75
RR,150,150,111,0.74,0.0,0.10666666666666667,0.6644356718314847,0.8035786108718385,0.0,0.0249702443680766,0.06673036965207343,0.16624622258414684,13074.333333333334,12844.596889973496,13304.069776693172,12752.666666666666,12591.953612562616,12913.379720770716,13396.0,12970.958975690723,13821.041024309277,70.42949398686248,68.69923342002527,72.1597545536997,182.78378378378378,173.9155244793344,191.65204308823314,0.06,0.024,0.86,0.03,0.02,0.75
TR,150,150,73,0.4866666666666667,0.0,0.06666666666666667,0.40801711922387535,0.5659820872926068,0.0,0.0249702443680766,0.03661185666960744,0.11836235511605896,12451.0,12238.164864177203,12663.835135822797,11654.0,11490.488627279221,11817.511372720779,13248.0,12898.266049152555,13597.733950847445,61.75427426541575,60.029658247810715,63.47889028302079,198.86301369863014,187.60333805630242,210.12268934095786,0.06,0.024,0.86,0.03,0.02,0.75
RR,150,150,149,0.9933333333333333,0.0,0.10666666666666667,0.9632071602251817,0.9988221986649826,0.0,0.0249702443680766,0.06673036965207343,0.16624622258414684,12217.666666666666,12003.831160263815,12431.502173069517,12752.666666666666,12591.953612562616,12913.379720770716,11682.666666666666,11304.607282890895,12060.726050442438,85.5606475827994,83.54559054806799,87.57570461753082,140.73825503355704,134.25554386002486,147.22096620708922,0.1,0.04000000000000001,0.86,0.03,0.02,0.75
TR,150,150,140,0.9333333333333333,0.0,0.06666666666666667,0.8816376448839411,0.9633881433303926,0.0,0.0249702443680766,0.03661185666960744,0.11836235511605896,11794.666666666666,11563.72366176194,12025.609671571392,11654.0,11490.488627279221,11817.511372720779,11935.333333333334,11503.710428704364,12366.956237962304,71.63605147634561,70.11894591928868,73.15315703340255,167.34285714285716,159.22397399073108,175.46174029498323,0.1,0.04000000000000001,0.86,0.03,0.02,0.75
RR,150,150,150,1.0,0.0,0.10666666666666667,0.9750297556319235,1.0,0.0,0.0249702443680766,0.06673036965207343,0.16624622258414684,11644.333333333334,11442.508698060508,11846.15796860616,12752.666666666666,12591.953612562616,12913.379720770716,10536.0,10263.400629229554,10808.599370770446,110.52059685407706,107.9170430065965,113.12415070155761,98.04666666666667,94.15590303409174,101.9374302992416,0.15,0.06,0.86,0.03,0.02,0.75
TR,150,150,150,1.0,0.0,0.06666666666666667,0.9750297556319235,1.0,0.0,0.0249702443680766,0.03661185666960744,0.11836235511605896,10980.666666666666,10793.103671457204,11168.229661876128,11654.0,11490.488627279221,11817.511372720779,10307.333333333334,10005.54178076127,10609.124885905398,89.88929949882014,88.04393099552166,91.73466800211861,117.56,112.65224838960506,122.46775161039494,0.15,0.06,0.86,0.03,0.02,0.75
RR,150,150,150,1.0,0.0,0.10666666666666667,0.9750297556319235,1.0,0.0,0.0249702443680766,0.06673036965207343,0.16624622258414684,11469.333333333334,11270.1510793416,11668.515587325068,12752.666666666666,12591.953612562616,12913.379720770716,10186.0,9965.826451342164,10406.173548657836,137.24824484137972,134.18495046444235,140.31153921831708,75.64,73.31411005568067,77.96588994431933,0.2,0.08000000000000002,0.86,0.03,0.02,0.75
TR,150,150,150,1.0,0.0,0.06666666666666667,0.9750297556319235,1.0,0.0,0.0249702443680766,0.03661185666960744,0.11836235511605896,10586.666666666666,10399.215721974806,10774.117611358526,11654.0,11490.488627279221,11817.511372720779,9519.333333333334,9283.65075029572,9755.015916370949,110.84124330626432,108.53620635725514,113.1462802552735,87.78,84.56562751700827,90.99437248299174,0.2,0.08000000000000002,0.86,0.03,0.02,0.75
EIR,150,150,61,0.4066666666666667,0.0,0.09333333333333334,0.33134109612869495,0.4866533494866793,0.0,0.0249702443680766,0.05641186747708652,0.1505639312756158,12969.666666666666,12777.974613196759,13161.358720136574,12460.666666666666,12281.781870746856,12639.551462586476,13478.666666666666,13159.107925341401,13798.225407991931,61.4995412055082,60.21457717342558,62.78450523759082,200.78688524590163,189.33374095074723,212.24002954105603,0.03,0.012,0.86,0.03,0.02,0.75
EIR,150,150,126,0.84,0.0,0.09333333333333334,0.7729603179581628,0.890059915871545,0.0,0.0249702443680766,0.05641186747708652,0.1505639312756158,13050.333333333334,12815.910056924304,13284.756609742364,12460.666666666666,12281.781870746856,12639.551462586476,13640.0,13226.930895572377,14053.069104427623,71.46731473980712,70.23018872049829,72.70444075911595,187.4206349206349,179.66858701340448,195.17268282786534,0.06,0.024,0.86,0.03,0.02,0.75
EIR,150,150,150,1.0,0.0,0.09333333333333334,0.9750297556319235,1.0,0.0,0.0249702443680766,0.05641186747708652,0.1505639312756158,12501.0,12287.548027894138,12714.451972105862,12460.666666666666,12281.781870746856,12639.551462586476,12541.333333333334,12153.035905407227,12929.630761259441,89.21832302817415,87.56521784771743,90.87142820863087,143.45333333333335,137.52692570995296,149.37974095671373,0.1,0.04000000000000001,0.86,0.03,0.02,0.75
EIR,150,150,150,1.0,0.0,0.09333333333333334,0.9750297556319235,1.0,0.0,0.0249702443680766,0.05641186747708652,0.1505639312756158,12159.666666666666,11987.524721813217,12331.808611520115,12460.666666666666,12281.781870746856,12639.551462586476,11858.666666666666,11571.860626161191,12145.47270717214,116.42002720935211,114.21468058582674,118.62537383287749,103.31333333333333,100.07646036508828,106.55020630157838,0.15,0.06,0.86,0.03,0.02,0.75
EIR,150,150,150,1.0,0.0,0.09333333333333334,0.9750297556319235,1.0,0.0,0.0249702443680766,0.05641186747708652,0.1505639312756158,12198.0,12044.962658205926,12351.037341794074,12460.666666666666,12281.781870746856,12639.551462586476,11935.333333333334,11693.592212438996,12177.074454227672,142.5681931273716,139.83939748982505,145.29698876491813,84.64,82.53735273916843,86.74264726083157,0.2,0.08000000000000002,0.86,0.03,0.02,0.75
RR,150,150,45,0.3,0.0,0.10666666666666667,0.23240829378731656,0.3775798039599141,0.0,0.0249702443680766,0.06673036965207343,0.16624622258414684,13228.333333333334,13056.267631831948,13400.39903483472,12752.666666666666,12591.953612562616,12913.379720770716,13704.0,13418.818456088598,13989.181543911402,61.03500485515302,58.04208321518348,64.02792649512256,206.84444444444443,191.6919272635613,221.99696162532757,0.03,0.012,0.86,0.03,0.02,0.9
TR,150,150,29,0.19333333333333333,0.0,0.06666666666666667,0.13811889170191843,0.2638628581771686,0.0,0.0249702443680766,0.03661185666960744,0.11836235511605896,12140.0,11981.710512520422,12298.289487479578,11654.0,11490.488627279221,11817.511372720779,12626.0,12377.718764860134,12874.281235139866,56.752194815777685,53.78172547857709,59.72266415297828,205.58620689655172,185.4281322346122,225.74428155849122,0.03,0.012,0.86,0.03,0.02,0.9
RR,150,150,111,0.74,0.0,0.10666666666666667,0.6644356718314847,0.8035786108718385,0.0,0.0249702443680766,0.06673036965207343,0.16624622258414684,13074.333333333334,12844.596889973496,13304.069776693172,12752.666666666666,12591.953612562616,12913.379720770716,13396.0,12970.958975690723,13821.041024309277,70.42949398686248,68.69923342002527,72.1597545536997,182.78378378378378,173.9155244793344,191.65204308823314,0.06,0.024,0.86,0.03,0.02,0.9
TR,150,150,73,0.4866666666666667,0.0,0.06666666666666667,0.40801711922387535,0.5659820872926068,0.0,0.0249702443680766,0.03661185666960744,0.11836235511605896,12451.0,12238.164864177203,12663.835135822797,11654.0,11490.488627279221,11817.511372720779,13248.0,12898.266049152555,13597.733950847445,61.75427426541575,60.029658247810715,63.47889028302079,198.86301369863014,187.60333805630242,210.12268934095786,0.06,0.024,0.86,0.03,0.02,0.9
RR,150,150,149,0.9933333333333333,0.0,0.10666666666666667,0.9632071602251817,0.9988221986649826,0.0,0.0249702443680766,0.06673036965207343,0.16624622258414684,12217.666666666666,12003.831160263815,12431.502173069517,12752.666666666666,12591.953612562616,12913.379720770716,11682.666666666666,11304.607282890895,12060.726050442438,85.5606475827994,83.54559054806799,87.57570461753082,140.73825503355704,134.25554386002486,147.22096620708922,0.1,0.04000000000000001,0.86,0.03,0.02,0.9
TR,150,150,140,0.9333333333333333,0.0,0.06666666666666667,0.8816376448839411,0.9633881433303926,0.0,0.0249702443680766,0.03661185666960744,0.11836235511605896,11794.666666666666,11563.72366176194,12025.609671571392,11654.0,11490.488627279221,11817.511372720779,11935.333333333334,11503.710428704364,12366.956237962304,71.63605147634561,70.11894591928868,73.15315703340255,167.34285714285716,159.22397399073108,175.46174029498323,0.1,0.04000000000000001,0.86,0.03,0.02,0.9
RR,150,150,150,1.0,0.0,0.10666666666666667,0.9750297556319235,1.0,0.0,0.0249702443680766,0.06673036965207343,0.16624622258414684,11644.333333333334,11442.508698060508,11846.15796860616,12752.666666666666,12591.953612562616,12913.379720770716,10536.0,10263.400629229554,10808.599370770446,110.52059685407706,107.9170430065965,113.12415070155761,98.04666666666667,94.15590303409174,101.9374302992416,0.15,0.06,0.86,0.03,0.02,0.9
TR,150,150,150,1.0,0.0,0.06666666666666667,0.9750297556319235,1.0,0.0,0.0249702443680766,0.03661185666960744,0.11836235511605896,10980.666666666666,10793.103671457204,11168.229661876128,11654.0,11490.488627279221,11817.511372720779,10307.333333333334,10005.54178076127,10609.124885905398,89.88929949882014,88.04393099552166,91.73466800211861,117.56,112.65224838960506,122.46775161039494,0.15,0.06,0.86,0.03,0.02,0.9
RR,150,150,150,1.0,0.0,0.10666666666666667,0.9750297556319235,1.0,0.0,0.0249702443680766,0.06673036965207343,0.16624622258414684,11469.333333333334,11270.1510793416,11668.515587325068,12752.666666666666,12591.953612562616,12913.379720770716,10186.0,9965.826451342164,10406.173548657836,137.24824484137972,134.18495046444235,140.31153921831708,75.64,73.31411005568067,77.96588994431933,0.2,0.08000000000000002,0.86,0.03,0.02,0.9
TR,150,150,150,1.0,0.0,0.06666666666666667,0.9750297556319235,1.0,0.0,0.0249702443680766,0.03661185666960744,0.11836235511605896,10586.666666666666,10399.215721974806,10774.117611358526,11654.0,11490.488627279221,11817.511372720779,9519.333333333334,9283.65075029572,9755.015916370949,110.84124330626432,108.53620635725514,113.1462802552735,87.78,84.56562751700827,90.99437248299174,0.2,0.08000000000000002,0.86,0.03,0.02,0.9
EIR,150,150,56,0.37333333333333335,0.0,0.1,0.2999983138911522,0.4529941480154272,0.0,0.0249702443680766,0.061541383826314106,0.15843481166814719,12938.333333333334,12745.93268678088,13130.733979885788,12390.0,12205.627975759013,12574.372024240987,13486.666666666666,13171.908986091687,13801.424347241646,61.05836012460511,59.66366047415648,62.45305977505374,200.44642857142858,188.39024255369145,212.50261458916572,0.03,0.012,0.86,0.03,0.02,0.9
EIR,150,150,126,0.84,0.0,0.1,0.7729603179581628,0.890059915871545,0.0,0.0249702443680766,0.061541383826314106,0.15843481166814719,13020.333333333334,12786.056616147807,13254.61005051886,12390.0,12205.627975759013,12574.372024240987,13650.666666666666,13243.482558260115,14057.850775073217,71.09971432935592,69.8810546269045,72.31837403180734,188.70634920634922,181.0327669315436,196.37993148115484,0.06,0.024,0.86,0.03,0.02,0.9
EIR,150,150,150,1.0,0.0,0.1,0.9750297556319235,1.0,0.0,0.0249702443680766,0.061541383826314106,0.15843481166814719,12352.666666666666,12142.851241074837,12562.482092258495,12390.0,12205.627975759013,12574.372024240987,12315.333333333334,11937.687935500233,12692.978731166435,88.97138902473479,87.30742971576606,90.63534833370352,141.28,135.5261865416483,147.03381345835172,0.1,0.04000000000000001,0.86,0.03,0.02,0.9
EIR,150,150,150,1.0,0.0,0.1,0.9750297556319235,1.0,0.0,0.0249702443680766,0.061541383826314106,0.15843481166814719,12105.333333333334,11930.859990489278,12279.80667617739,12390.0,12205.627975759013,12574.372024240987,11820.666666666666,11530.837545715254,12110.495787618078,116.13462910765806,114.01762738149023,118.25163083382589,103.17333333333333,99.93250100952447,106.41416565714219,0.15,0.06,0.86,0.03,0.02,0.9
EIR,150,150,150,1.0,0.0,0.1,0.9750297556319235,1.0,0.0,0.0249702443680766,0.061541383826314106,0.15843481166814719,12155.0,12003.438404120649,12306.561595879351,12390.0,12205.627975759013,12574.372024240987,11920.0,11684.73125475655,12155.26874524345,142.0315189250585,139.35217472116835,144.71086312894863,84.84666666666666,82.76641729447108,86.92691603886225,0.2,0.08000000000000002,0.86,0.03,0.02,0.9
RR,150,150,45,0.3,0.0,0.10666666666666667,0.23240829378731656,0.3775798039599141,0.0,0.0249702443680766,0.06673036965207343,0.16624622258414684,13228.333333333334,13056.267631831948,13400.39903483472,12752.666666666666,12591.953612562616,12913.379720770716,13704.0,13418.818456088598,13989.181543911402,61.03500485515302,58.04208321518348,64.02792649512256,206.84444444444443,191.6919272635613,221.99696162532757,0.03,0.012,0.86,0.03,0.03,0.75
TR,150,150,29,0.19333333333333333,0.0,0.06666666666666667,0.13811889170191843,0.2638628581771686,0.0,0.0249702443680766,0.03661185666960744,0.11836235511605896,12140.0,11981.710512520422,12298.289487479578,11654.0,11490.488627279221,11817.511372720779,12626.0,12377.718764860134,12874.281235139866,56.752194815777685,53.78172547857709,59.72266415297828,205.58620689655172,185.4281322346122,225.74428155849122,0.03,0.012,0.86,0.03,0.03,0.75
RR,150,150,111,0.74,0.0,0.10666666666666667,0.6644356718314847,0.8035786108718385,0.0,0.0249702443680766,0.06673036965207343,0.16624622258414684,13074.333333333334,12844.596889973496,13304.069776693172,12752.666666666666,12591.953612562616,12913.379720770716,13396.0,12970.958975690723,13821.041024309277,70.42949398686248,68.69923342002527,72.1597545536997,182.78378378378378,173.9155244793344,191.65204308823314,0.06,0.024,0.86,0.03,0.03,0.75
TR,150,150,73,0.4866666666666667,0.0,0.06666666666666667,0.40801711922387535,0.5659820872926068,0.0,0.0249702443680766,0.03661185666960744,0.11836235511605896,12451.0,12238.164864177203,12663.835135822797,11654.0,11490.488627279221,11817.511372720779,13248.0,12898.266049152555,13597.733950847445,61.75427426541575,60.029658247810715,63.47889028302079,198.86301369863014,187.60333805630242,210.12268934095786,0.06,0.024,0.86,0.03,0.03,0.75
RR,150,150,149,0.9933333333333333,0.0,0.10666666666666667,0.9632071602251817,0.9988221986649826,0.0,0.0249702443680766,0.06673036965207343,0.16624622258414684,12217.666666666666,12003.831160263815,12431.502173069517,12752.666666666666,12591.953612562616,12913.379720770716,11682.666666666666,11304.607282890895,12060.726050442438,85.5606475827994,83.54559054806799,87.57570461753082,140.73825503355704,134.25554386002486,147.22096620708922,0.1,0.04000000000000001,0.86,0.03,0.03,0.75
TR,150,150,140,0.9333333333333333,0.0,0.06666666666666667,0.8816376448839411,0.9633881433303926,0.0,0.0249702443680766,0.03661185666960744,0.11836235511605896,11794.666666666666,11563.72366176194,12025.609671571392,11654.0,11490.488627279221,11817.511372720779,11935.333333333334,11503.710428704364,12366.956237962304,71.63605147634561,70.11894591928868,73.15315703340255,167.34285714285716,159.22397399073108,175.46174029498323,0.1,0.04000000000000001,0.86,0.03,0.03,0.75
RR,150,150,150,1.0,0.0,0.10666666666666667,0.9750297556319235,1.0,0.0,0.0249702443680766,0.06673036965207343,0.16624622258414684,11644.333333333334,11442.508698060508,11846.15796860616,12752.666666666666,12591.953612562616,12913.379720770716,10536.0,10263.400629229554,10808.599370770446,110.52059685407706,107.9170430065965,113.12415070155761,98.04666666666667,94.15590303409174,101.9374302992416,0.15,0.06,0.86,0.03,0.03,0.75
TR,150,150,150,1.0,0.0,0.06666666666666667,0.9750297556319235,1.0,0.0,0.0249702443680766,0.03661185666960744,0.11836235511605896,10980.666666666666,10793.103671457204,11168.229661876128,11654.0,11490.488627279221,11817.511372720779,10307.333333333334,10005.54178076127,10609.124885905398,89.88929949882014,88.04393099552166,91.73466800211861,117.56,112.65224838960506,122.46775161039494,0.15,0.06,0.86,0.03,0.03,0.75
RR,150,150,150,1.0,0.0,0.10666666666666667,0.9750297556319235,1.0,0.0,0.0249702443680766,0.06673036965207343,0.16624622258414684,11469.333333333334,11270.1510793416,11668.515587325068,12752.666666666666,12591.953612562616,12913.379720770716,10186.0,9965.826451342164,10406.173548657836,137.24824484137972,134.18495046444235,140.31153921831708,75.64,73.31411005568067,77.96588994431933,0.2,0.08000000000000002,0.86,0.03,0.03,0.75
TR,150,150,150,1.0,0.0,0.06666666666666667,0.9750297556319235,1.0,0.0,0.0249702443680766,0.03661185666960744,0.11836235511605896,10586.666666666666,10399.215721974806,10774.117611358526,11654.0,11490.488627279221,11817.511372720779,9519.333333333334,9283.65075029572,9755.015916370949,110.84124330626432,108.53620635725514,113.1462802552735,87.78,84.56562751700827,90.99437248299174,0.2,0.08000000000000002,0.86,0.03,0.03,0.75
EIR,150,150,61,0.4066666666666667,0.0,0.08666666666666667,0.33134109612869495,0.4866533494866793,0.0,0.0249702443680766,0.051347178274724174,0.14262822373621914,12962.666666666666,12772.390904285887,13152.942429047445,12440.666666666666,12263.130188345609,12618.203144987723,13484.666666666666,13168.856463081414,13800.476870251918,61.097918877750566,59.85225304164361,62.343584713857524,203.01639344262296,191.60305601507395,214.42973087017197,0.03,0.012,0.86,0.03,0.03,0.75
EIR,150,150,126,0.84,0.0,0.08666666666666667,0.7729603179581628,0.890059915871545,0.0,0.0249702443680766,0.051347178274724174,0.14262822373621914,13041.333333333334,12807.875021550617,13274.79164511605,12440.666666666666,12263.130188345609,12618.203144987723,13642.0,13231.366969549264,14052.633030450736,71.1814779750301,69.94257450468847,72.42038144537175,188.31746031746033,180.52429564822032,196.11062498670034,0.06,0.024,0.86,0.03,0.03,0.75
EIR,150,150,150,1.0,0.0,0.08666666666666667,0.9750297556319235,1.0,0.0,0.0249702443680766,0.051347178274724174,0.14262822373621914,12488.666666666666,12275.763956796649,12701.569376536683,12440.666666666666,12263.130188345609,12618.203144987723,12536.666666666666,12149.006149724793,12924.327183608539,88.76284808195764,87.12985436165543,90.39584180225985,144.14666666666668,138.1906120044393,150.10272132889406,0.1,0.04000000000000001,0.86,0.03,0.03,0.75
EIR,150,150,150,1.0,0.0,0.08666666666666667,0.9750297556319235,1.0,0.0,0.0249702443680766,0.051347178274724174,0.14262822373621914,12165.0,11994.653599973675,12335.346400026325,12440.666666666666,12263.130188345609,12618.203144987723,11889.333333333334,11604.687082734343,12173.979583932325,115.37716777124938,113.20479600670204,117.54953953579671,104.51333333333334,101.25826640176996,107.76840026489671,0.15,0.06,0.86,0.03,0.03,0.75
EIR,150,150,150,1.0,0.0,0.08666666666666667,0.9750297556319235,1.0,0.0,0.0249702443680766,0.051347178274724174,0.14262822373621914,12153.666666666666,12000.080823042721,12307.252510290611,12440.666666666666,12263.130188345609,12618.203144987723,11866.666666666666,11623.963843687605,12109.369489645727,140.95086828716893,138.26335345542918,143.63838311890868,85.14666666666666,82.9852413614352,87.30809197189812,0.2,0.08000000000000002,0.86,0.03,0.03,0.75
RR,150,150,45,0.3,0.0,0.10666666666666667,0.23240829378731656,0.3775798039599141,0.0,0.0249702443680766,0.06673036965207343,0.16624622258414684,13228.333333333334,13056.267631831948,13400.39903483472,12752.666666666666,12591.953612562616,12913.379720770716,13704.0,13418.818456088598,13989.181543911402,61.03500485515302,58.04208321518348,64.02792649512256,206.84444444444443,191.6919272635613,221.99696162532757,0.03,0.012,0.86,0.03,0.03,0.9
TR,150,150,29,0.19333333333333333,0.0,0.06666666666666667,0.13811889170191843,0.2638628581771686,0.0,0.0249702443680766,0.03661185666960744,0.11836235511605896,12140.0,11981.710512520422,12298.289487479578,11654.0,11490.488627279221,11817.511372720779,12626.0,12377.718764860134,12874.281235139866,56.752194815777685,53.78172547857709,59.72266415297828,205.58620689655172,185.4281322346122,225.74428155849122,0.03,0.012,0.86,0.03,0.03,0.9
RR,150,150,111,0.74,0.0,0.10666666666666667,0.6644356718314847,0.8035786108718385,0.0,0.0249702443680766,0.06673036965207343,0.16624622258414684,13074.333333333334,12844.596889973496,13304.069776693172,12752.666666666666,12591.953612562616,12913.379720770716,13396.0,12970.958975690723,13821.041024309277,70.42949398686248,68.69923342002527,72.1597545536997,182.78378378378378,173.9155244793344,191.65204308823314,0.06,0.024,0.86,0.03,0.03,0.9
TR,150,150,73,0.4866666666666667,0.0,0.06666666666666667,0.40801711922387535,0.5659820872926068,0.0,0.0249702443680766,0.03661185666960744,0.11836235511605896,12451.0,12238.164864177203,12663.835135822797,11654.0,11490.488627279221,11817.511372720779,13248.0,12898.266049152555,13597.733950847445,61.75427426541575,60.029658247810715,63.47889028302079,198.86301369863014,187.60333805630242,210.12268934095786,0.06,0.024,0.86,0.03,0.03,0.9
RR,150,150,149,0.9933333333333333,0.0,0.10666666666666667,0.9632071602251817,0.9988221986649826,0.0,0.0249702443680766,0.06673036965207343,0.16624622258414684,12217.666666666666,12003.831160263815,12431.502173069517,12752.666666666666,12591.953612562616,12913.379720770716,11682.666666666666,11304.607282890895,12060.726050442438,85.5606475827994,83.54559054806799,87.57570461753082,140.73825503355704,134.25554386002486,147.22096620708922,0.1,0.04000000000000001,0.86,0.03,0.03,0.9
TR,150,150,140,0.9333333333333333,0.0,0.06666666666666667,0.8816376448839411,0.9633881433303926,0.0,0.0249702443680766,0.03661185666960744,0.11836235511605896,11794.666666666666,11563.72366176194,12025.609671571392,11654.0,11490.488627279221,11817.511372720779,11935.333333333334,11503.710428704364,12366.956237962304,71.63605147634561,70.11894591928868,73.15315703340255,167.34285714285716,159.22397399073108,175.46174029498323,0.1,0.04000000000000001,0.86,0.03,0.03,0.9
RR,150,150,150,1.0,0.0,0.10666666666666667,0.9750297556319235,1.0,0.0,0.0249702443680766,0.06673036965207343,0.16624622258414684,11644.333333333334,11442.508698060508,11846.15796860616,12752.666666666666,12591.953612562616,12913.379720770716,10536.0,10263.400629229554,10808.599370770446,110.52059685407706,107.9170430065965,113.12415070155761,98.04666666666667,94.15590303409174,101.9374302992416,0.15,0.06,0.86,0.03,0.03,0.9
TR,150,150,150,1.0,0.0,0.06666666666666667,0.9750297556319235,1.0,0.0,0.0249702443680766,0.03661185666960744,0.11836235511605896,10980.666666666666,10793.103671457204,11168.229661876128,11654.0,11490.488627279221,11817.511372720779,10307.333333333334,10005.54178076127,10609.124885905398,89.88929949882014,88.04393099552166,91.73466800211861,117.56,112.65224838960506,122.46775161039494,0.15,0.06,0.86,0.03,0.03,0.9
RR,150,150,150,1.0,0.0,0.10666666666666667,0.9750297556319235,1.0,0.0,0.0249702443680766,0.06673036965207343,0.16624622258414684,11469.333333333334,11270.1510793416,11668.515587325068,12752.666666666666,12591.953612562616,12913.379720770716,10186.0,9965.826451342164,10406.173548657836,137.24824484137972,134.18495046444235,140.31153921831708,75.64,73.31411005568067,77.96588994431933,0.2,0.08000000000000002,0.86,0.03,0.03,0.9
TR,150,150,150,1.0,0.0,0.06666666666666667,0.9750297556319235,1.0,0.0,0.0249702443680766,0.03661185666960744,0.11836235511605896,10586.666666666666,10399.215721974806,10774.117611358526,11654.0,11490.488627279221,11817.511372720779,9519.333333333334,9283.65075029572,9755.015916370949,110.84124330626432,108.53620635725514,113.1462802552735,87.78,84.56562751700827,90.99437248299174,0.2,0.08000000000000002,0.86,0.03,0.03,0.9
EIR,150,150,56,0.37333333333333335,0.0,0.09333333333333334,0.2999983138911522,0.4529941480154272,0.0,0.0249702443680766,0.05641186747708652,0.1505639312756158,12915.333333333334,12723.565838498725,13107.100828167942,12370.0,12186.796970706462,12553.203029293538,13460.666666666666,13146.508970688965,13774.824362644367,60.790026210679166,59.42864395628799,62.15140846507034,200.89285714285714,188.85947689783802,212.92623738787626,0.03,0.012,0.86,0.03,0.03,0.9
EIR,150,150,126,0.84,0.0,0.09333333333333334,0.7729603179581628,0.890059915871545,0.0,0.0249702443680766,0.05641186747708652,0.1505639312756158,13005.666666666666,12770.999595949383,13240.33373738395,12370.0,12186.796970706462,12553.203029293538,13641.333333333334,13233.148192363262,14049.518474303406,70.804190158954,69.57759176400637,72.03078855390163,189.42857142857142,181.68848629319285,197.16865656394998,0.06,0.024,0.86,0.03,0.03,0.9
EIR,150,150,150,1.0,0.0,0.09333333333333334,0.9750297556319235,1.0,0.0,0.0249702443680766,0.05641186747708652,0.1505639312756158,12385.333333333334,12175.068569157978,12595.59809750869,12370.0,12186.796970706462,12553.203029293538,12400.666666666666,12021.373836428755,12779.959496904577,88.38264112151822,86.71776514320864,90.0475170998278,143.26666666666668,137.4242322387986,149.10910109453476,0.1,0.04000000000000001,0.86,0.03,0.03,0.9
EIR,150,150,150,1.0,0.0,0.09333333333333334,0.9750297556319235,1.0,0.0,0.0249702443680766,0.05641186747708652,0.1505639312756158,12080.333333333334,11906.432536896586,12254.234129770082,12370.0,12186.796970706462,12553.203029293538,11790.666666666666,11501.73411117091,12079.599222162422,115.21737137672272,113.11723155071417,117.31751120273128,103.74666666666667,100.47267470616606,107.02065862716728,0.15,0.06,0.86,0.03,0.03,0.9
EIR,150,150,150,1.0,0.0,0.09333333333333334,0.9750297556319235,1.0,0.0,0.0249702443680766,0.05641186747708652,0.1505639312756158,12109.666666666666,11957.766449378905,12261.566883954427,12370.0,12186.796970706462,12553.203029293538,11849.333333333334,11613.650385658637,12085.016281008031,140.45793975952174,137.80003207285017,143.1158474461933,85.31333333333333,83.19141295384286,87.43525371282381,0.2,0.08000000000000002,0.86,0.03,0.03,0.9
RR,150,150,45,0.3,0.0,0.10666666666666667,0.23240829378731656,0.3775798039599141,0.0,0.0249702443680766,0.06673036965207343,0.16624622258414684,13228.333333333334,13056.267631831948,13400.39903483472,12752.666666666666,12591.953612562616,12913.379720770716,13704.0,13418.818456088598,13989.181543911402,61.03500485515302,58.04208321518348,64.02792649512256,206.84444444444443,191.6919272635613,221.99696162532757,0.03,0.012,0.86,0.04,0.01,0.75
TR,150,150,29,0.19333333333333333,0.0,0.06666666666666667,0.13811889170191843,0.2638628581771686,0.0,0.0249702443680766,0.03661185666960744,0.11836235511605896,12140.0,11981.710512520422,12298.289487479578,11654.0,11490.488627279221,11817.511372720779,12626.0,12377.718764860134,12874.281235139866,56.752194815777685,53.78172547857709,59.72266415297828,205.58620689655172,185.4281322346122,225.74428155849122,0.03,0.012,0.86,0.04,0.01,0.75
RR,150,150,111,0.74,0.0,0.10666666666666667,0.6644356718314847,0.8035786108718385,0.0,0.0249702443680766,0.06673036965207343,0.16624622258414684,13074.333333333334,12844.596889973496,13304.069776693172,12752.666666666666,12591.953612562616,12913.379720770716,13396.0,12970.958975690723,13821.041024309277,70.42949398686248,68.69923342002527,72.1597545536997,182.78378378378378,173.9155244793344,191.65204308823314,0.06,0.024,0.86,0.04,0.01,0.75
TR,150,150,73,0.4866666666666667,0.0,0.06666666666666667,0.40801711922387535,0.5659820872926068,0.0,0.0249702443680766,0.03661185666960744,0.11836235511605896,12451.0,12238.164864177203,12663.835135822797,11654.0,11490.488627279221,11817.511372720779,13248.0,12898.266049152555,13597.733950847445,61.75427426541575,60.029658247810715,63.47889028302079,198.86301369863014,187.60333805630242,210.12268934095786,0.06,0.024,0.86,0.04,0.01,0.75
RR,150,150,149,0.9933333333333333,0.0,0.10666666666666667,0.9632071602251817,0.9988221986649826,0.0,0.0249702443680766,0.06673036965207343,0.16624622258414684,12217.666666666666,12003.831160263815,12431.502173069517,12752.666666666666,12591.953612562616,12913.379720770716,11682.666666666666,11304.607282890895,12060.726050442438,85.5606475827994,83.54559054806799,87.57570461753082,140.73825503355704,134.25554386002486,147.22096620708922,0.1,0.04000000000000001,0.86,0.04,0.01,0.75
TR,150,150,140,0.9333333333333333,0.0,0.06666666666666667,0.8816376448839411,0.9633881433303926,0.0,0.0249702443680766,0.03661185666960744,0.11836235511605896,11794.666666666666,11563.72366176194,12025.609671571392,11654.0,11490.488627279221,11817.511372720779,11935.333333333334,11503.710428704364,12366.956237962304,71.63605147634561,70.11894591928868,73.15315703340255,167.34285714285716,159.22397399073108,175.46174029498323,0.1,0.04000000000000001,0.86,0.04,0.01,0.75
RR,150,150,150,1.0,0.0,0.10666666666666667,0.9750297556319235,1.0,0.0,0.0249702443680766,0.06673036965207343,0.16624622258414684,11644.333333333334,11442.508698060508,11846.15796860616,12752.666666666666,12591.953612562616,12913.379720770716,10536.0,10263.400629229554,10808.599370770446,110.52059685407706,107.9170430065965,113.12415070155761,98.04666666666667,94.15590303409174,101.9374302992416,0.15,0.06,0.86,0.04,0.01,0.75
TR,150,150,150,1.0,0.0,0.06666666666666667,0.9750297556319235,1.0,0.0,0.0249702443680766,0.03661185666960744,0.11836235511605896,10980.666666666666,10793.103671457204,11168.229661876128,11654.0,11490.488627279221,11817.511372720779,10307.333333333334,10005.54178076127,10609.124885905398,89.88929949882014,88.04393099552166,91.73466800211861,117.56,112.65224838960506,122.46775161039494,0.15,0.06,0.86,0.04,0.01,0.75
RR,150,150,150,1.0,0.0,0.10666666666666667,0.9750297556319235,1.0,0.0,0.0249702443680766,0.06673036965207343,0.16624622258414684,11469.333333333334,11270.1510793416,11668.515587325068,12752.666666666666,12591.953612562616,12913.379720770716,10186.0,9965.826451342164,10406.173548657836,137.24824484137972,134.18495046444235,140.31153921831708,75.64,73.31411005568067,77.96588994431933,0.2,0.08000000000000002,0.86,0.04,0.01,0.75
TR,150,150,150,1.0,0.0,0.06666666666666667,0.9750297556319235,1.0,0.0,0.0249702443680766,0.03661185666960744,0.11836235511605896,10586.666666666666,10399.215721974806,10774.117611358526,11654.0,11490.488627279221,11817.511372720779,9519.333333333334,9283.65075029572,9755.015916370949,110.84124330626432,108.53620635725514,113.1462802552735,87.78,84.56562751700827,90.99437248299174,0.2,0.08000000000000002,0.86,0.04,0.01,0.75
EIR,150,150,61,0.4066666666666667,0.0,0.09333333333333334,0.33134109612869495,0.4866533494866793,0.0,0.0249702443680766,0.05641186747708652,0.1505639312756158,12995.333333333334,12803.60782736436,13187.058839302308,12496.0,12314.776624177819,12677.223375822181,13494.666666666666,13175.558968992082,13813.77436434125,61.5082922885408,60.23923269771189,62.77735187936971,200.86885245901638,189.4856274233016,212.25207749473117,0.03,0.012,0.86,0.04,0.01,0.75
EIR,150,150,127,0.8466666666666667,0.0,0.09333333333333334,0.7804201682766676,0.8956004622947993,0.0,0.0249702443680766,0.05641186747708652,0.1505639312756158,13052.666666666666,12816.904669478106,13288.428663855226,12496.0,12314.776624177819,12677.223375822181,13609.333333333334,13191.887811210749,14026.77885545592,71.60643860275039,70.36901272974465,72.84386447575612,186.63779527559055,178.96517633795995,194.31041421322115,0.06,0.024,0.86,0.04,0.01,0.75
EIR,150,150,150,1.0,0.0,0.09333333333333334,0.9750297556319235,1.0,0.0,0.0249702443680766,0.05641186747708652,0.1505639312756158,12509.666666666666,12294.37953688081,12724.953796452523,12496.0,12314.776624177819,12677.223375822181,12523.333333333334,12131.9706136412,12914.696053025467,89.67367774762305,87.9905134627659,91.35684203248019,142.63333333333333,136.65021317123265,148.616453495434,0.1,0.04000000000000001,0.86,0.04,0.01,0.75
EIR,150,150,150,1.0,0.0,0.09333333333333334,0.9750297556319235,1.0,0.0,0.0249702443680766,0.05641186747708652,0.1505639312756158,12176.666666666666,12005.086053319334,12348.247280013999,12496.0,12314.776624177819,12677.223375822181,11857.333333333334,11574.3937863921,12140.272880274568,117.16424076599918,114.92892318808067,119.39955834391769,102.62,99.47083982935638,105.76916017064363,0.15,0.06,0.86,0.04,0.01,0.75
EIR,150,150,150,1.0,0.0,0.09333333333333334,0.9750297556319235,1.0,0.0,0.0249702443680766,0.05641186747708652,0.1505639312756158,12252.666666666666,12099.005290356852,12406.32804297648,12496.0,12314.776624177819,12677.223375822181,12009.333333333334,11766.703605565857,12251.96306110081,144.03671626516535,141.24905570875407,146.82437682157664,84.3,82.21867569920681,86.38132430079318,0.2,0.08000000000000002,0.86,0.04,0.01,0.75
RR,150,150,45,0.3,0.0,0.10666666666666667,0.23240829378731656,0.3775798039599141,0.0,0.0249702443680766,0.06673036965207343,0.16624622258414684,13228.333333333334,13056.267631831948,13400.39903483472,12752.666666666666,12591.953612562616,12913.379720770716,13704.0,13418.818456088598,13989.181543911402,61.03500485515302,58.04208321518348,64.02792649512256,206.84444444444443,191.6919272635613,221.99696162532757,0.03,0.012,0.86,0.04,0.01,0.9
TR,150,150,29,0.19333333333333333,0.0,0.06666666666666667,0.13811889170191843,0.2638628581771686,0.0,0.0249702443680766,0.03661185666960744,0.11836235511605896,12140.0,11981.710512520422,12298.289487479578,11654.0,11490.488627279221,11817.511372720779,12626.0,12377.718764860134,12874.281235139866,56.752194815777685,53.78172547857709,59.72266415297828,205.58620689655172,185.4281322346122,225.74428155849122,0.03,0.012,0.86,0.04,0.01,0.9
RR,150,150,111,0.74,0.0,0.10666666666666667,0.6644356718314847,0.8035786108718385,0.0,0.0249702443680766,0.06673036965207343,0.16624622258414684,13074.333333333334,12844.596889973496,13304.069776693172,12752.666666666666,12591.953612562616,12913.379720770716,13396.0,12970.958975690723,13821.041024309277,70.42949398686248,68.69923342002527,72.1597545536997,182.78378378378378,173.9155244793344,191.65204308823314,0.06,0.024,0.86,0.04,0.01,0.9
TR,150,150,73,0.4866666666666667,0.0,0.06666666666666667,0.40801711922387535,0.5659820872926068,0.0,0.0249702443680766,0.03661185666960744,0.11836235511605896,12451.0,12238.164864177203,12663.835135822797,11654.0,11490.488627279221,11817.511372720779,13248.0,12898.266049152555,13597.733950847445,61.75427426541575,60.029658247810715,63.47889028302079,198.86301369863014,187.60333805630242,210.12268934095786,0.06,0.024,0.86,0.04,0.01,0.9
RR,150,150,149,0.9933333333333333,0.0,0.10666666666666667,0.9632071602251817,0.9988221986649826,0.0,0.0249702443680766,0.06673036965207343,0.16624622258414684,12217.666666666666,12003.831160263815,12431.502173069517,12752.666666666666,12591.953612562616,12913.379720770716,11682.666666666666,11304.607282890895,12060.726050442438,85.5606475827994,83.54559054806799,87.57570461753082,140.73825503355704,134.25554386002486,147.22096620708922,0.1,0.04000000000000001,0.86,0.04,0.01,0.9
TR,150,150,140,0.9333333333333333,0.0,0.06666666666666667,0.8816376448839411,0.9633881433303926,0.0,0.0249702443680766,0.03661185666960744,0.11836235511605896,11794.666666666666,11563.72366176194,12025.609671571392,11654.0,11490.488627279221,11817.511372720779,11935.333333333334,11503.710428704364,12366.956237962304,71.63605147634561,70.11894591928868,73.15315703340255,167.34285714285716,159.22397399073108,175.46174029498323,0.1,0.04000000000000001,0.86,0.04,0.01,0.9
RR,150,150,150,1.0,0.0,0.10666666666666667,0.9750297556319235,1.0,0.0,0.0249702443680766,0.06673036965207343,0.16624622258414684,11644.333333333334,11442.508698060508,11846.15796860616,12752.666666666666,12591.953612562616,12913.379720770716,10536.0,10263.400629229554,10808.599370770446,110.52059685407706,107.9170430065965,113.12415070155761,98.04666666666667,94.15590303409174,101.9374302992416,0.15,0.06,0.86,0.04,0.01,0.9
TR,150,150,150,1.0,0.0,0.06666666666666667,0.9750297556319235,1.0,0.0,0.0249702443680766,0.03661185666960744,0.11836235511605896,10980.666666666666,10793.103671457204,11168.229661876128,11654.0,11490.488627279221,11817.511372720779,10307.333333333334,10005.54178076127,10609.124885905398,89.88929949882014,88.04393099552166,91.73466800211861,117.56,112.65224838960506,122.46775161039494,0.15,0.06,0.86,0.04,0.01,0.9
RR,150,150,150,1.0,0.0,0.10666666666666667,0.9750297556319235,1.0,0.0,0.0249702443680766,0.06673036965207343,0.16624622258414684,11469.333333333334,11270.1510793416,11668.515587325068,12752.666666666666,12591.953612562616,12913.379720770716,10186.0,9965.826451342164,10406.173548657836,137.24824484137972,134.18495046444235,140.31153921831708,75.64,73.31411005568067,77.96588994431933,0.2,0.08000000000000002,0.86,0.04,0.01,0.9
TR,150,150,150,1.0,0.0,0.06666666666666667,0.9750297556319235,1.0,0.0,0.0249702443680766,0.03661185666960744,0.11836235511605896,10586.666666666666,10399.215721974806,10774.117611358526,11654.0,11490.488627279221,11817.511372720779,9519.333333333334,9283.65075029572,9755.015916370949,110.84124330626432,108.53620635725514,113.1462802552735,87.78,84.56562751700827,90.99437248299174,0.2,0.08000000000000002,0.86,0.04,0.01,0.9
EIR,150,150,56,0.37333333333333335,0.0,0.09333333333333334,0.2999983138911522,0.4529941480154272,0.0,0.0249702443680766,0.05641186747708652,0.1505639312756158,12975.666666666666,12781.612282011853,13169.72105132148,12423.333333333334,12236.731226402306,12609.935440264362,13528.0,13210.851708206503,13845.148291793497,61.194063272533775,59.80501786291174,62.58310868215581,201.14285714285714,188.94888468085531,213.33682960485896,0.03,0.012,0.86,0.04,0.01,0.9
EIR,150,150,128,0.8533333333333334,0.0,0.09333333333333334,0.7879153994391072,0.9011056278741189,0.0,0.0249702443680766,0.05641186747708652,0.1505639312756158,13009.333333333334,12769.940366512985,13248.726300153683,12423.333333333334,12236.731226402306,12609.935440264362,13595.333333333334,13174.051629960051,14016.615036706617,71.18647333654698,69.95968835397072,72.41325831912324,188.2265625,180.4294072489465,196.0237177510535,0.06,0.024,0.86,0.04,0.01,0.9
EIR,150,150,150,1.0,0.0,0.09333333333333334,0.9750297556319235,1.0,0.0,0.0249702443680766,0.05641186747708652,0.1505639312756158,12364.666666666666,12153.208698783474,12576.124634549858,12423.333333333334,12236.731226402306,12609.935440264362,12306.0,11925.920708830146,12686.079291169854,89.32182445679548,87.64029076134565,91.00335815224531,140.68,134.8718018784964,146.48819812150361,0.1,0.04000000000000001,0.86,0.04,0.01,0.9
EIR,150,150,150,1.0,0.0,0.09333333333333334,0.9750297556319235,1.0,0.0,0.0249702443680766,0.05641186747708652,0.1505639312756158,12096.666666666666,11921.416318486716,12271.917014846616,12423.333333333334,12236.731226402306,12609.935440264362,11770.0,11482.006465923623,12057.993534076377,116.75869182712285,114.61611359842989,118.9012700558158,102.1,98.97807892593339,105.2219210740666,0.15,0.06,0.86,0.04,0.01,0.9
EIR,150,150,150,1.0,0.0,0.09333333333333334,0.9750297556319235,1.0,0.0,0.0249702443680766,0.05641186747708652,0.1505639312756158,12201.0,12048.30291341772,12353.69708658228,12423.333333333334,12236.731226402306,12609.935440264362,11978.666666666666,11741.58155874879,12215.751774584542,143.33609070901377,140.60350258013048,146.06867883789707,84.48666666666666,82.42492464801875,86.54840868531458,0.2,0.08000000000000002,0.86,0.04,0.01,0.9
RR,150,150,45,0.3,0.0,0.10666666666666667,0.23240829378731656,0.3775798039599141,0.0,0.0249702443680766,0.06673036965207343,0.16624622258414684,13228.333333333334,13056.267631831948,13400.39903483472,12752.666666666666,12591.953612562616,12913.379720770716,13704.0,13418.818456088598,13989.181543911402,61.03500485515302,58.04208321518348,64.02792649512256,206.84444444444443,191.6919272635613,221.99696162532757,0.03,0.012,0.86,0.04,0.02,0.75
TR,150,150,29,0.19333333333333333,0.0,0.06666666666666667,0.13811889170191843,0.2638628581771686,0.0,0.0249702443680766,0.03661185666960744,0.11836235511605896,12140.0,11981.710512520422,12298.289487479578,11654.0,11490.488627279221,11817.511372720779,12626.0,12377.718764860134,12874.281235139866,56.752194815777685,53.78172547857709,59.72266415297828,205.58620689655172,185.4281322346122,225.74428155849122,0.03,0.012,0.86,0.04,0.02,0.75
RR,150,150,111,0.74,0.0,0.10666666666666667,0.6644356718314847,0.8035786108718385,0.0,0.0249702443680766,0.06673036965207343,0.16624622258414684,13074.333333333334,12844.596889973496,13304.069776693172,12752.666666666666,12591.953612562616,12913.379720770716,13396.0,12970.958975690723,13821.041024309277,70.42949398686248,68.69923342002527,72.1597545536997,182.78378378378378,173.9155244793344,191.65204308823314,0.06,0.024,0.86,0.04,0.02,0.75
TR,150,150,73,0.4866666666666667,0.0,0.06666666666666667,0.40801711922387535,0.5659820872926068,0.0,0.0249702443680766,0.03661185666960744,0.11836235511605896,12451.0,12238.164864177203,12663.835135822797,11654.0,11490.488627279221,11817.511372720779,13248.0,12898.266049152555,13597.733950847445,61.75427426541575,60.029658247810715,63.47889028302079,198.86301369863014,187.60333805630242,210.12268934095786,0.06,0.024,0.86,0.04,0.02,0.75
RR,150,150,149,0.9933333333333333,0.0,0.10666666666666667,0.9632071602251817,0.9988221986649826,0.0,0.0249702443680766,0.06673036965207343,0.16624622258414684,12217.666666666666,12003.831160263815,12431.502173069517,12752.666666666666,12591.953612562616,12913.379720770716,11682.666666666666,11304.607282890895,12060.726050442438,85.5606475827994,83.54559054806799,87.57570461753082,140.73825503355704,134.25554386002486,147.22096620708922,0.1,0.04000000000000001,0.86,0.04,0.02,0.75
TR,150,150,140,0.9333333333333333,0.0,0.06666666666666667,0.8816376448839411,0.9633881433303926,0.0,0.0249702443680766,0.03661185666960744,0.11836235511605896,11794.666666666666,11563.72366176194,12025.609671571392,11654.0,11490.488627279221,11817.511372720779,11935.333333333334,11503.710428704364,12366.956237962304,71.63605147634561,70.11894591928868,73.15315703340255,167.34285714285716,159.22397399073108,175.46174029498323,0.1,0.04000000000000001,0.86,0.04,0.02,0.75
RR,150,150,150,1.0,0.0,0.10666666666666667,0.9750297556319235,1.0,0.0,0.0249702443680766,0.06673036965207343,0.16624622258414684,11644.333333333334,11442.508698060508,11846.15796860616,12752.666666666666,12591.953612562616,12913.379720770716,10536.0,10263.400629229554,10808.599370770446,110.52059685407706,107.9170430065965,113.12415070155761,98.04666666666667,94.15590303409174,101.9374302992416,0.15,0.06,0.86,0.04,0.02,0.75
TR,150,150,150,1.0,0.0,0.06666666666666667,0.9750297556319235,1.0,0.0,0.0249702443680766,0.03661185666960744,0.11836235511605896,10980.666666666666,10793.103671457204,11168.229661876128,11654.0,11490.488627279221,11817.511372720779,10307.333333333334,10005.54178076127,10609.124885905398,89.88929949882014,88.04393099552166,91.73466800211861,117.56,112.65224838960506,122.46775161039494,0.15,0.06,0.86,0.04,0.02,0.75
RR,150,150,150,1.0,0.0,0.10666666666666667,0.9750297556319235,1.0,0.0,0.0249702443680766,0.06673036965207343,0.16624622258414684,11469.333333333334,11270.1510793416,11668.515587325068,12752.666666666666,12591.953612562616,12913.379720770716,10186.0,9965.826451342164,10406.173548657836,137.24824484137972,134.18495046444235,140.31153921831708,75.64,73.31411005568067,77.96588994431933,0.2,0.08000000000000002,0.86,0.04,0.02,0.75
TR,150,150,150,1.0,0.0,0.06666666666666667,0.9750297556319235,1.0,0.0,0.0249702443680766,0.03661185666960744,0.11836235511605896,10586.666666666666,10399.215721974806,10774.117611358526,11654.0,11490.488627279221,11817.511372720779,9519.333333333334,9283.65075029572,9755.015916370949,110.84124330626432,108.53620635725514,113.1462802552735,87.78,84.56562751700827,90.99437248299174,0.2,0.08000000000000002,0.86,0.04,0.02,0.75
EIR,150,150,61,0.4066666666666667,0.0,0.08666666666666667,0.33134109612869495,0.4866533494866793,0.0,0.0249702443680766,0.051347178274724174,0.14262822373621914,12953.666666666666,12762.353441467105,13144.979891866227,12448.666666666666,12269.735372760426,12627.597960572906,13458.666666666666,13139.718439954717,13777.614893378615,61.38293537261441,60.113397413788974,62.65247333143985,200.9016393442623,189.44651667328208,212.3567620152425,0.03,0.012,0.86,0.04,0.02,0.75
EIR,150,150,126,0.84,0.0,0.08666666666666667,0.7729603179581628,0.890059915871545,0.0,0.0249702443680766,0.051347178274724174,0.14262822373621914,13037.666666666666,12803.677266858289,13271.656066475043,12448.666666666666,12269.735372760426,12627.597960572906,13626.666666666666,13214.557089777576,14038.776243555756,71.3176628430926,70.09292546511249,72.54240022107273,187.5793650793651,179.8571384643778,195.30159169435237,0.06,0.024,0.86,0.04,0.02,0.75
EIR,150,150,150,1.0,0.0,0.08666666666666667,0.9750297556319235,1.0,0.0,0.0249702443680766,0.051347178274724174,0.14262822373621914,12488.666666666666,12275.470478371937,12701.862854961395,12448.666666666666,12269.735372760426,12627.597960572906,12528.666666666666,12140.953303527873,12916.38002980546,88.96796368464248,87.3265636140953,90.60936375518966,143.7,137.77271764581843,149.62728235418155,0.1,0.04000000000000001,0.86,0.04,0.02,0.75
EIR,150,150,150,1.0,0.0,0.08666666666666667,0.9750297556319235,1.0,0.0,0.0249702443680766,0.051347178274724174,0.14262822373621914,12147.0,11973.978952070403,12320.021047929597,12448.666666666666,12269.735372760426,12627.597960572906,11845.333333333334,11556.476693241684,12134.189973424984,115.86322190717473,113.70371216012182,118.02273165422764,103.64666666666666,100.40793573816913,106.88539759516419,0.15,0.06,0.86,0.04,0.02,0.75
EIR,150,150,150,1.0,0.0,0.08666666666666667,0.9750297556319235,1.0,0.0,0.0249702443680766,0.051347178274724174,0.14262822373621914,12180.666666666666,12028.098904149752,12333.23442918358,12448.666666666666,12269.735372760426,12627.597960572906,11912.666666666666,11672.457909697847,12152.875423635485,141.72785202967472,139.01853219094346,144.43717186840598,85.0,82.87541933023721,87.12458066976279,0.2,0.08000000000000002,0.86,0.04,0.02,0.75
RR,150,150,45,0.3,0.0,0.10666666666666667,0.23240829378731656,0.3775798039599141,0.0,0.0249702443680766,0.06673036965207343,0.16624622258414684,13228.333333333334,13056.267631831948,13400.39903483472,12752.666666666666,12591.953612562616,12913.379720770716,13704.0,13418.818456088598,13989.181543911402,61.03500485515302,58.04208321518348,64.02792649512256,206.84444444444443,191.6919272635613,221.99696162532757,0.03,0.012,0.86,0.04,0.02,0.9
TR,150,150,29,0.19333333333333333,0.0,0.06666666666666667,0.13811889170191843,0.2638628581771686,0.0,0.0249702443680766,0.03661185666960744,0.11836235511605896,12140.0,11981.710512520422,12298.289487479578,11654.0,11490.488627279221,11817.511372720779,12626.0,12377.718764860134,12874.281235139866,56.752194815777685,53.78172547857709,59.72266415297828,205.58620689655172,185.4281322346122,225.74428155849122,0.03,0.012,0.86,0.04,0.02,0.9
RR,150,150,111,0.74,0.0,0.10666666666666667,0.6644356718314847,0.8035786108718385,0.0,0.0249702443680766,0.06673036965207343,0.16624622258414684,13074.333333333334,12844.596889973496,13304.069776693172,12752.666666666666,12591.953612562616,12913.379720770716,13396.0,12970.958975690723,13821.041024309277,70.42949398686248,68.69923342002527,72.1597545536997,182.78378378378378,173.9155244793344,191.65204308823314,0.06,0.024,0.86,0.04,0.02,0.9
TR,150,150,73,0.4866666666666667,0.0,0.06666666666666667,0.40801711922387535,0.5659820872926068,0.0,0.0249702443680766,0.03661185666960744,0.11836235511605896,12451.0,12238.164864177203,12663.835135822797,11654.0,11490.488627279221,11817.511372720779,13248.0,12898.266049152555,13597.733950847445,61.75427426541575,60.029658247810715,63.47889028302079,198.86301369863014,187.60333805630242,210.12268934095786,0.06,0.024,0.86,0.04,0.02,0.9
RR,150,150,149,0.9933333333333333,0.0,0.10666666666666667,0.9632071602251817,0.9988221986649826,0.0,0.0249702443680766,0.06673036965207343,0.16624622258414684,12217.666666666666,12003.831160263815,12431.502173069517,12752.666666666666,12591.953612562616,12913.379720770716,11682.666666666666,11304.607282890895,12060.726050442438,85.5606475827994,83.54559054806799,87.57570461753082,140.73825503355704,134.25554386002486,147.22096620708922,0.1,0.04000000000000001,0.86,0.04,0.02,0.9
TR,150,150,140,0.9333333333333333,0.0,0.06666666666666667,0.8816376448839411,0.9633881433303926,0.0,0.0249702443680766,0.03661185666960744,0.11836235511605896,11794.666666666666,11563.72366176194,12025.609671571392,11654.0,11490.488627279221,11817.511372720779,11935.333333333334,11503.710428704364,12366.956237962304,71.63605147634561,70.11894591928868,73.15315703340255,167.34285714285716,159.22397399073108,175.46174029498323,0.1,0.04000000000000001,0.86,0.04,0.02,0.9
RR,150,150,150,1.0,0.0,0.10666666666666667,0.9750297556319235,1.0,0.0,0.0249702443680766,0.06673036965207343,0.16624622258414684,11644.333333333334,11442.508698060508,11846.15796860616,12752.666666666666,12591.953612562616,12913.379720770716,10536.0,10263.400629229554,10808.599370770446,110.52059685407706,107.9170430065965,113.12415070155761,98.04666666666667,94.15590303409174,101.9374302992416,0.15,0.06,0.86,0.04,0.02,0.9
TR,150,150,150,1.0,0.0,0.06666666666666667,0.9750297556319235,1.0,0.0,0.0249702443680766,0.03661185666960744,0.11836235511605896,10980.666666666666,10793.103671457204,11168.229661876128,11654.0,11490.488627279221,11817.511372720779,10307.333333333334,10005.54178076127,10609.124885905398,89.88929949882014,88.04393099552166,91.73466800211861,117.56,112.65224838960506,122.46775161039494,0.15,0.06,0.86,0.04,0.02,0.9
RR,150,150,150,1.0,0.0,0.10666666666666667,0.9750297556319235,1.0,0.0,0.0249702443680766,0.06673036965207343,0.16624622258414684,11469.333333333334,11270.1510793416,11668.515587325068,12752.666666666666,12591.953612562616,12913.379720770716,10186.0,9965.826451342164,10406.173548657836,137.24824484137972,134.18495046444235,140.31153921831708,75.64,73.31411005568067,77.96588994431933,0.2,0.08000000000000002,0.86,0.04,0.02,0.9
TR,150,150,150,1.0,0.0,0.06666666666666667,0.9750297556319235,1.0,0.0,0.0249702443680766,0.03661185666960744,0.11836235511605896,10586.666666666666,10399.215721974806,10774.117611358526,11654.0,11490.488627279221,11817.511372720779,9519.333333333334,9283.65075029572,9755.015916370949,110.84124330626432,108.53620635725514,113.1462802552735,87.78,84.56562751700827,90.99437248299174,0.2,0.08000000000000002,0.86,0.04,0.02,0.9
EIR,150,150,55,0.36666666666666664,0.0,0.09333333333333334,0.2937744456533283,0.44621761951149214,0.0,0.0249702443680766,0.05641186747708652,0.1505639312756158,12936.0,12742.389837001116,13129.610162998884,12378.666666666666,12193.92364585552,12563.409687477812,13493.333333333334,13176.637636759644,13810.029029907024,61.0003641024048,59.59006704892376,62.41066115588585,200.12727272727273,187.87525513927727,212.37929031526818,0.03,0.012,0.86,0.04,0.02,0.9
EIR,150,150,126,0.84,0.0,0.09333333333333334,0.7729603179581628,0.890059915871545,0.0,0.0249702443680766,0.05641186747708652,0.1505639312756158,13011.666666666666,12777.210582318492,13246.12275101484,12378.666666666666,12193.92364585552,12563.409687477812,13644.666666666666,13237.449677052648,14051.883656280685,71.00281533921114,69.78782393147468,72.2178067469476,188.93650793650792,181.25346987765442,196.61954599536142,0.06,0.024,0.86,0.04,0.02,0.9
EIR,150,150,150,1.0,0.0,0.09333333333333334,0.9750297556319235,1.0,0.0,0.0249702443680766,0.05641186747708652,0.1505639312756158,12360.333333333334,12150.043875041963,12570.622791624704,12378.666666666666,12193.92364585552,12563.409687477812,12342.0,11963.40669624528,12720.59330375472,88.62701096534524,86.9860710691643,90.26795086152617,142.07333333333332,136.30818042294098,147.83848624372567,0.1,0.04000000000000001,0.86,0.04,0.02,0.9
EIR,150,150,150,1.0,0.0,0.09333333333333334,0.9750297556319235,1.0,0.0,0.0249702443680766,0.05641186747708652,0.1505639312756158,12094.0,11919.328228356957,12268.671771643043,12378.666666666666,12193.92364585552,12563.409687477812,11809.333333333334,11519.260875734222,12099.405790932446,115.63554974806635,113.5385465103728,117.73255298575991,103.5,100.25943268494979,106.74056731505021,0.15,0.06,0.86,0.04,0.02,0.9
EIR,150,150,150,1.0,0.0,0.09333333333333334,0.9750297556319235,1.0,0.0,0.0249702443680766,0.05641186747708652,0.1505639312756158,12137.0,11984.402565799186,12289.597434200814,12378.666666666666,12193.92364585552,12563.409687477812,11895.333333333334,11658.025404751066,12132.641261915602,141.08264203858226,138.40106350538113,143.7642205717834,85.25333333333333,83.14563169140735,87.36103497525932,0.2,0.08000000000000002,0.86,0.04,0.02,0.9
RR,150,150,45,0.3,0.0,0.10666666666666667,0.23240829378731656,0.3775798039599141,0.0,0.0249702443680766,0.06673036965207343,0.16624622258414684,13228.333333333334,13056.267631831948,13400.39903483472,12752.666666666666,12591.953612562616,12913.379720770716,13704.0,13418.818456088598,13989.181543911402,61.03500485515302,58.04208321518348,64.02792649512256,206.84444444444443,191.6919272635613,221.99696162532757,0.03,0.012,0.86,0.04,0.03,0.75
TR,150,150,29,0.19333333333333333,0.0,0.06666666666666667,0.13811889170191843,0.2638628581771686,0.0,0.0249702443680766,0.03661185666960744,0.11836235511605896,12140.0,11981.710512520422,12298.289487479578,11654.0,11490.488627279221,11817.511372720779,12626.0,12377.718764860134,12874.281235139866,56.752194815777685,53.78172547857709,59.72266415297828,205.58620689655172,185.4281322346122,225.74428155849122,0.03,0.012,0.86,0.04,0.03,0.75
RR,150,150,111,0.74,0.0,0.10666666666666667,0.6644356718314847,0.8035786108718385,0.0,0.0249702443680766,0.06673036965207343,0.16624622258414684,13074.333333333334,12844.596889973496,13304.069776693172,12752.666666666666,12591.953612562616,12913.379720770716,13396.0,12970.958975690723,13821.041024309277,70.42949398686248,68.69923342002527,72.1597545536997,182.78378378378378,173.9155244793344,191.65204308823314,0.06,0.024,0.86,0.04,0.03,0.75
TR,150,150,73,0.4866666666666667,0.0,0.06666666666666667,0.40801711922387535,0.5659820872926068,0.0,0.0249702443680766,0.03661185666960744,0.11836235511605896,12451.0,12238.164864177203,12663.835135822797,11654.0,11490.488627279221,11817.511372720779,13248.0,12898.266049152555,13597.733950847445,61.75427426541575,60.029658247810715,63.47889028302079,198.86301369863014,187.60333805630242,210.12268934095786,0.06,0.024,0.86,0.04,0.03,0.75
RR,150,150,149,0.9933333333333333,0.0,0.10666666666666667,0.9632071602251817,0.9988221986649826,0.0,0.0249702443680766,0.06673036965207343,0.16624622258414684,12217.666666666666,12003.831160263815,12431.502173069517,12752.666666666666,12591.953612562616,12913.379720770716,11682.666666666666,11304.607282890895,12060.726050442438,85.5606475827994,83.54559054806799,87.57570461753082,140.73825503355704,134.25554386002486,147.22096620708922,0.1,0.04000000000000001,0.86,0.04,0.03,0.75
TR,150,150,140,0.9333333333333333,0.0,0.06666666666666667,0.8816376448839411,0.9633881433303926,0.0,0.0249702443680766,0.03661185666960744,0.11836235511605896,11794.666666666666,11563.72366176194,12025.609671571392,11654.0,11490.488627279221,11817.511372720779,11935.333333333334,11503.710428704364,12366.956237962304,71.63605147634561,70.11894591928868,73.15315703340255,167.34285714285716,159.22397399073108,175.46174029498323,0.1,0.04000000000000001,0.86,0.04,0.03,0.75
RR,150,150,150,1.0,0.0,0.10666666666666667,0.9750297556319235,1.0,0.0,0.0249702443680766,0.06673036965207343,0.16624622258414684,11644.333333333334,11442.508698060508,11846.15796860616,12752.666666666666,12591.953612562616,12913.379720770716,10536.0,10263.400629229554,10808.599370770446,110.52059685407706,107.9170430065965,113.12415070155761,98.04666666666667,94.15590303409174,101.9374302992416,0.15,0.06,0.86,0.04,0.03,0.75
TR,150,150,150,1.0,0.0,0.06666666666666667,0.9750297556319235,1.0,0.0,0.0249702443680766,0.03661185666960744,0.11836235511605896,10980.666666666666,10793.103671457204,11168.229661876128,11654.0,11490.488627279221,11817.511372720779,10307.333333333334,10005.54178076127,10609.124885905398,89.88929949882014,88.04393099552166,91.73466800211861,117.56,112.65224838960506,122.46775161039494,0.15,0.06,0.86,0.04,0.03,0.75
RR,150,150,150,1.0,0.0,0.10666666666666667,0.9750297556319235,1.0,0.0,0.0249702443680766,0.06673036965207343,0.16624622258414684,11469.333333333334,11270.1510793416,11668.515587325068,12752.666666666666,12591.953612562616,12913.379720770716,10186.0,9965.826451342164,10406.173548657836,137.24824484137972,134.18495046444235,140.31153921831708,75.64,73.31411005568067,77.96588994431933,0.2,0.08000000000000002,0.86,0.04,0.03,0.75
TR,150,150,150,1.0,0.0,0.06666666666666667,0.9750297556319235,1.0,0.0,0.0249702443680766,0.03661185666960744,0.11836235511605896,10586.666666666666,10399.215721974806,10774.117611358526,11654.0,11490.488627279221,11817.511372720779,9519.333333333334,9283.65075029572,9755.015916370949,110.84124330626432,108.53620635725514,113.1462802552735,87.78,84.56562751700827,90.99437248299174,0.2,0.08000000000000002,0.86,0.04,0.03,0.75
EIR,150,150,61,0.4066666666666667,0.0,0.08,0.33134109612869495,0.4866533494866793,0.0,0.0249702443680766,0.04635364151865292,0.13462136375053144,12942.0,12752.460640713147,13131.539359286853,12424.666666666666,12247.335161740973,12601.998171592359,13459.333333333334,13144.79180389017,13773.874862776498,60.95913983824631,59.722982219972074,62.19529745652054,203.14754098360655,191.7198350669861,214.575246900227,0.03,0.012,0.86,0.04,0.03,0.75
EIR,150,150,126,0.84,0.0,0.08,0.7729603179581628,0.890059915871545,0.0,0.0249702443680766,0.04635364151865292,0.13462136375053144,13027.0,12793.965467999817,13260.034532000183,12424.666666666666,12247.335161740973,12601.998171592359,13629.333333333334,13219.704934096311,14038.961732570357,71.03283021165898,69.80709811270907,72.25856231060888,188.5079365079365,180.74022352841973,196.27564948745328,0.06,0.024,0.86,0.04,0.03,0.75
EIR,150,150,150,1.0,0.0,0.08,0.9750297556319235,1.0,0.0,0.0249702443680766,0.04635364151865292,0.13462136375053144,12470.333333333334,12257.705925963222,12682.960740703445,12424.666666666666,12247.335161740973,12601.998171592359,12516.0,12128.837871403588,12903.162128596412,88.49701193056254,86.86993558056004,90.12408828056503,144.34666666666666,138.38125218681193,150.3120811465214,0.1,0.04000000000000001,0.86,0.04,0.03,0.75
EIR,150,150,150,1.0,0.0,0.08,0.9750297556319235,1.0,0.0,0.0249702443680766,0.04635364151865292,0.13462136375053144,12150.666666666666,11979.947671406695,12321.385661926637,12424.666666666666,12247.335161740973,12601.998171592359,11876.666666666666,11590.91592348888,12162.417409844453,114.7941800823443,112.65539370825161,116.93296645643699,104.9,101.63833866712184,108.16166133287817,0.15,0.06,0.86,0.04,0.03,0.75
EIR,150,150,150,1.0,0.0,0.08,0.9750297556319235,1.0,0.0,0.0249702443680766,0.04635364151865292,0.13462136375053144,12132.0,11979.097879586758,12284.902120413242,12424.666666666666,12247.335161740973,12601.998171592359,11839.333333333334,11598.56996283223,12080.096703834437,139.87300645403485,137.192712817729,142.5533000903407,85.62666666666667,83.45033024155717,87.80300309177616,0.2,0.08000000000000002,0.86,0.04,0.03,0.75
RR,150,150,45,0.3,0.0,0.10666666666666667,0.23240829378731656,0.3775798039599141,0.0,0.0249702443680766,0.06673036965207343,0.16624622258414684,13228.333333333334,13056.267631831948,13400.39903483472,12752.666666666666,12591.953612562616,12913.379720770716,13704.0,13418.818456088598,13989.181543911402,61.03500485515302,58.04208321518348,64.02792649512256,206.84444444444443,191.6919272635613,221.99696162532757,0.03,0.012,0.86,0.04,0.03,0.9
TR,150,150,29,0.19333333333333333,0.0,0.06666666666666667,0.13811889170191843,0.2638628581771686,0.0,0.0249702443680766,0.03661185666960744,0.11836235511605896,12140.0,11981.710512520422,12298.289487479578,11654.0,11490.488627279221,11817.511372720779,12626.0,12377.718764860134,12874.281235139866,56.752194815777685,53.78172547857709,59.72266415297828,205.58620689655172,185.4281322346122,225.74428155849122,0.03,0.012,0.86,0.04,0.03,0.9
RR,150,150,111,0.74,0.0,0.10666666666666667,0.6644356718314847,0.8035786108718385,0.0,0.0249702443680766,0.06673036965207343,0.16624622258414684,13074.333333333334,12844.596889973496,13304.069776693172,12752.666666666666,12591.953612562616,12913.379720770716,13396.0,12970.958975690723,13821.041024309277,70.42949398686248,68.69923342002527,72.1597545536997,182.78378378378378,173.9155244793344,191.65204308823314,0.06,0.024,0.86,0.04,0.03,0.9
TR,150,150,73,0.4866666666666667,0.0,0.06666666666666667,0.40801711922387535,0.5659820872926068,0.0,0.0249702443680766,0.03661185666960744,0.11836235511605896,12451.0,12238.164864177203,12663.835135822797,11654.0,11490.488627279221,11817.511372720779,13248.0,12898.266049152555,13597.733950847445,61.75427426541575,60.029658247810715,63.47889028302079,198.86301369863014,187.60333805630242,210.12268934095786,0.06,0.024,0.86,0.04,0.03,0.9
RR,150,150,149,0.9933333333333333,0.0,0.10666666666666667,0.9632071602251817,0.9988221986649826,0.0,0.0249702443680766,0.06673036965207343,0.16624622258414684,12217.666666666666,12003.831160263815,12431.502173069517,12752.666666666666,12591.953612562616,12913.379720770716,11682.666666666666,11304.607282890895,12060.726050442438,85.5606475827994,83.54559054806799,87.57570461753082,140.73825503355704,134.25554386002486,147.22096620708922,0.1,0.04000000000000001,0.86,0.04,0.03,0.9
TR,150,150,140,0.9333333333333333,0.0,0.06666666666666667,0.8816376448839411,0.9633881433303926,0.0,0.0249702443680766,0.03661185666960744,0.11836235511605896,11794.666666666666,11563.72366176194,12025.609671571392,11654.0,11490.488627279221,11817.511372720779,11935.333333333334,11503.710428704364,12366.956237962304,71.63605147634561,70.11894591928868,73.15315703340255,167.34285714285716,159.22397399073108,175.46174029498323,0.1,0.04000000000000001,0.86,0.04,0.03,0.9
RR,150,150,150,1.0,0.0,0.10666666666666667,0.9750297556319235,1.0,0.0,0.0249702443680766,0.06673036965207343,0.16624622258414684,11644.333333333334,11442.508698060508,11846.15796860616,12752.666666666666,12591.953612562616,12913.379720770716,10536.0,10263.400629229554,10808.599370770446,110.52059685407706,107.9170430065965,113.12415070155761,98.04666666666667,94.15590303409174,101.9374302992416,0.15,0.06,0.86,0.04,0.03,0.9
TR,150,150,150,1.0,0.0,0.06666666666666667,0.9750297556319235,1.0,0.0,0.0249702443680766,0.03661185666960744,0.11836235511605896,10980.666666666666,10793.103671457204,11168.229661876128,11654.0,11490.488627279221,11817.511372720779,10307.333333333334,10005.54178076127,10609.124885905398,89.88929949882014,88.04393099552166,91.73466800211861,117.56,112.65224838960506,122.46775161039494,0.15,0.06,0.86,0.04,0.03,0.9
RR,150,150,150,1.0,0.0,0.10666666666666667,0.9750297556319235,1.0,0.0,0.0249702443680766,0.06673036965207343,0.16624622258414684,11469.333333333334,11270.1510793416,11668.515587325068,12752.666666666666,12591.953612562616,12913.379720770716,10186.0,9965.826451342164,10406.173548657836,137.24824484137972,134.18495046444235,140.31153921831708,75.64,73.31411005568067,77.96588994431933,0.2,0.08000000000000002,0.86,0.04,0.03,0.9
TR,150,150,150,1.0,0.0,0.06666666666666667,0.9750297556319235,1.0,0.0,0.0249702443680766,0.03661185666960744,0.11836235511605896,10586.666666666666,10399.215721974806,10774.117611358526,11654.0,11490.488627279221,11817.511372720779,9519.333333333334,9283.65075029572,9755.015916370949,110.84124330626432,108.53620635725514,113.1462802552735,87.78,84.56562751700827,90.99437248299174,0.2,0.08000000000000002,0.86,0.04,0.03,0.9
EIR,150,150,55,0.36666666666666664,0.0,0.08666666666666667,0.2937744456533283,0.44621761951149214,0.0,0.0249702443680766,0.051347178274724174,0.14262822373621914,12926.0,12733.925937512677,13118.074062487323,12356.0,12172.668203894604,12539.331796105396,13496.0,13183.427529116681,13808.572470883319,60.56976622817208,59.199161985076366,61.94037047126779,202.45454545454547,190.240828284286,214.66826262480492,0.03,0.012,0.86,0.04,0.03,0.9
EIR,150,150,126,0.84,0.0,0.08666666666666667,0.7729603179581628,0.890059915871545,0.0,0.0249702443680766,0.051347178274724174,0.14262822373621914,12994.333333333334,12759.879879296514,13228.786787370154,12356.0,12172.668203894604,12539.331796105396,13632.666666666666,13225.247298709653,14040.086034623679,70.61930353559124,69.42599239110315,71.81261468007934,189.76984126984127,182.05191735248914,197.4877651871934,0.06,0.024,0.86,0.04,0.03,0.9
EIR,150,150,150,1.0,0.0,0.08666666666666667,0.9750297556319235,1.0,0.0,0.0249702443680766,0.051347178274724174,0.14262822373621914,12392.666666666666,12182.30941375134,12603.023919581992,12356.0,12172.668203894604,12539.331796105396,12429.333333333334,12049.972309830808,12808.69435683586,88.02588050337116,86.38791630185041,89.6638447048919,144.10666666666665,138.26289442539215,149.95043890794116,0.1,0.04000000000000001,0.86,0.04,0.03,0.9
EIR,150,150,150,1.0,0.0,0.08666666666666667,0.9750297556319235,1.0,0.0,0.0249702443680766,0.051347178274724174,0.14262822373621914,12064.333333333334,11890.536688801854,12238.129977864814,12356.0,12172.668203894604,12539.331796105396,11772.666666666666,11484.171374166095,12061.161959167237,114.64621108409105,112.57955756840869,116.71286459977341,104.08,100.80551809675747,107.35448190324253,0.15,0.06,0.86,0.04,0.03,0.9
EIR,150,150,150,1.0,0.0,0.08666666666666667,0.9750297556319235,1.0,0.0,0.0249702443680766,0.051347178274724174,0.14262822373621914,12089.0,11936.212631559181,12241.787368440819,12356.0,12172.668203894604,12539.331796105396,11822.0,11584.507210630496,12059.492789369504,139.37120166829445,136.7195558310473,142.0228475055416,85.79333333333334,83.63892436607759,87.94774230058908,0.2,0.08000000000000002,0.86,0.04,0.03,0.9
